Universal Time,Unix Time,Open,High,Low,Close,Volume
2025-07-27 00:00:00,1753574400.0,18.41,18.43,18.41,18.42,1355.99
2025-07-27 00:01:00,1753574460.0,18.42,18.42,18.39,18.41,2476.87
2025-07-27 00:02:00,1753574520.0,18.4,18.4,18.38,18.38,1548.16
2025-07-27 00:03:00,1753574580.0,18.38,18.38,18.37,18.38,1247.06
2025-07-27 00:04:00,1753574640.0,18.38,18.38,18.36,18.36,447.58
2025-07-27 00:05:00,1753574700.0,18.37,18.39,18.36,18.37,655.76
2025-07-27 00:06:00,1753574760.0,18.38,18.39,18.37,18.39,146.55
2025-07-27 00:07:00,1753574820.0,18.38,18.39,18.38,18.39,112.07
2025-07-27 00:08:00,1753574880.0,18.38,18.39,18.36,18.36,964.18
2025-07-27 00:09:00,1753574940.0,18.37,18.37,18.36,18.37,1820.65
2025-07-27 00:10:00,1753575000.0,18.36,18.38,18.35,18.37,3479.26
2025-07-27 00:11:00,1753575060.0,18.38,18.39,18.37,18.39,210.34
2025-07-27 00:12:00,1753575120.0,18.38,18.39,18.37,18.39,2320.52
2025-07-27 00:13:00,1753575180.0,18.39,18.4,18.38,18.4,398.12
2025-07-27 00:14:00,1753575240.0,18.39,18.41,18.39,18.4,257.95
2025-07-27 00:15:00,1753575300.0,18.4,18.41,18.38,18.38,663.27
2025-07-27 00:16:00,1753575360.0,18.39,18.41,18.38,18.41,210.56
2025-07-27 00:17:00,1753575420.0,18.4,18.41,18.39,18.41,380.31
2025-07-27 00:18:00,1753575480.0,18.41,18.43,18.41,18.43,2245.03
2025-07-27 00:19:00,1753575540.0,18.44,18.44,18.42,18.42,283.67
2025-07-27 00:20:00,1753575600.0,18.42,18.43,18.42,18.43,81.34
2025-07-27 00:21:00,1753575660.0,18.43,18.45,18.43,18.45,162.54
2025-07-27 00:22:00,1753575720.0,18.45,18.45,18.43,18.44,164.86
2025-07-27 00:23:00,1753575780.0,18.43,18.43,18.42,18.43,1276.16
2025-07-27 00:24:00,1753575840.0,18.43,18.43,18.42,18.43,2244.04
2025-07-27 00:25:00,1753575900.0,18.42,18.43,18.37,18.38,503.43
2025-07-27 00:26:00,1753575960.0,18.38,18.39,18.37,18.38,1266.44
2025-07-27 00:27:00,1753576020.0,18.39,18.41,18.39,18.41,142.92
2025-07-27 00:28:00,1753576080.0,18.41,18.42,18.4,18.4,352.64
2025-07-27 00:29:00,1753576140.0,18.41,18.41,18.41,18.41,2199.13
2025-07-27 00:30:00,1753576200.0,18.4,18.41,18.38,18.38,249.05
2025-07-27 00:31:00,1753576260.0,18.39,18.39,18.38,18.39,96.85
2025-07-27 00:32:00,1753576320.0,18.38,18.41,18.38,18.41,371.45
2025-07-27 00:33:00,1753576380.0,18.41,18.45,18.4,18.45,260.92
2025-07-27 00:34:00,1753576440.0,18.45,18.48,18.45,18.45,1131.45
2025-07-27 00:35:00,1753576500.0,18.46,18.46,18.45,18.45,981.14
2025-07-27 00:36:00,1753576560.0,18.46,18.46,18.43,18.44,577.89
2025-07-27 00:37:00,1753576620.0,18.43,18.45,18.42,18.42,403.52
2025-07-27 00:38:00,1753576680.0,18.43,18.44,18.42,18.43,1251.59
2025-07-27 00:39:00,1753576740.0,18.43,18.44,18.42,18.43,853.23
2025-07-27 00:40:00,1753576800.0,18.44,18.45,18.44,18.45,1109.32
2025-07-27 00:41:00,1753576860.0,18.44,18.44,18.41,18.42,81.61
2025-07-27 00:42:00,1753576920.0,18.42,18.42,18.39,18.39,2842.21
2025-07-27 00:43:00,1753576980.0,18.4,18.41,18.4,18.4,177.92
2025-07-27 00:44:00,1753577040.0,18.4,18.41,18.4,18.41,200.7
2025-07-27 00:45:00,1753577100.0,18.41,18.43,18.4,18.41,1717.28
2025-07-27 00:46:00,1753577160.0,18.41,18.42,18.41,18.42,380.93
2025-07-27 00:47:00,1753577220.0,18.42,18.42,18.39,18.39,370.96
2025-07-27 00:48:00,1753577280.0,18.39,18.41,18.39,18.39,884.68
2025-07-27 00:49:00,1753577340.0,18.4,18.43,18.4,18.42,224.55
2025-07-27 00:50:00,1753577400.0,18.41,18.43,18.4,18.43,445.4
2025-07-27 00:51:00,1753577460.0,18.43,18.46,18.43,18.46,116.72
2025-07-27 00:52:00,1753577520.0,18.46,18.47,18.46,18.47,191.76
2025-07-27 00:53:00,1753577580.0,18.46,18.46,18.44,18.45,2531.47
2025-07-27 00:54:00,1753577640.0,18.46,18.46,18.44,18.44,86.83
2025-07-27 00:55:00,1753577700.0,18.44,18.45,18.42,18.44,465.4
2025-07-27 00:56:00,1753577760.0,18.45,18.45,18.44,18.45,390.13
2025-07-27 00:57:00,1753577820.0,18.45,18.47,18.45,18.47,1020.46
2025-07-27 00:58:00,1753577880.0,18.47,18.48,18.47,18.48,173.87
2025-07-27 00:59:00,1753577940.0,18.48,18.5,18.47,18.5,6032.44
2025-07-27 01:00:00,1753578000.0,18.5,18.51,18.49,18.49,3085.44
2025-07-27 01:01:00,1753578060.0,18.49,18.49,18.46,18.47,2094.48
2025-07-27 01:02:00,1753578120.0,18.47,18.47,18.46,18.46,1267.08
2025-07-27 01:03:00,1753578180.0,18.47,18.48,18.46,18.47,353.57
2025-07-27 01:04:00,1753578240.0,18.47,18.47,18.44,18.46,214.38
2025-07-27 01:05:00,1753578300.0,18.46,18.47,18.46,18.47,59.05
2025-07-27 01:06:00,1753578360.0,18.48,18.49,18.47,18.49,575.49
2025-07-27 01:07:00,1753578420.0,18.49,18.53,18.49,18.52,1715.96
2025-07-27 01:08:00,1753578480.0,18.53,18.57,18.52,18.57,2087.17
2025-07-27 01:09:00,1753578540.0,18.57,18.61,18.55,18.59,14218.84
2025-07-27 01:10:00,1753578600.0,18.59,18.62,18.58,18.6,2212.34
2025-07-27 01:11:00,1753578660.0,18.61,18.63,18.61,18.62,282.12
2025-07-27 01:12:00,1753578720.0,18.63,18.63,18.6,18.61,3835.36
2025-07-27 01:13:00,1753578780.0,18.6,18.65,18.6,18.65,5406.86
2025-07-27 01:14:00,1753578840.0,18.64,18.66,18.61,18.64,6344.63
2025-07-27 01:15:00,1753578900.0,18.65,18.66,18.64,18.64,9507.36
2025-07-27 01:16:00,1753578960.0,18.64,18.66,18.61,18.65,1660.04
2025-07-27 01:17:00,1753579020.0,18.66,18.69,18.66,18.67,3272.82
2025-07-27 01:18:00,1753579080.0,18.67,18.68,18.65,18.68,1920.95
2025-07-27 01:19:00,1753579140.0,18.67,18.69,18.67,18.69,4944.47
2025-07-27 01:20:00,1753579200.0,18.68,18.69,18.66,18.66,4902.85
2025-07-27 01:21:00,1753579260.0,18.67,18.69,18.65,18.66,4028.9
2025-07-27 01:22:00,1753579320.0,18.65,18.69,18.65,18.68,1107.63
2025-07-27 01:23:00,1753579380.0,18.68,18.69,18.67,18.67,170.19
2025-07-27 01:24:00,1753579440.0,18.67,18.7,18.66,18.68,13614.52
2025-07-27 01:25:00,1753579500.0,18.68,18.69,18.66,18.68,774.59
2025-07-27 01:26:00,1753579560.0,18.68,18.68,18.66,18.68,1032.94
2025-07-27 01:27:00,1753579620.0,18.67,18.68,18.63,18.65,4962.23
2025-07-27 01:28:00,1753579680.0,18.65,18.67,18.63,18.66,2915.42
2025-07-27 01:29:00,1753579740.0,18.65,18.66,18.64,18.65,360.48
2025-07-27 01:30:00,1753579800.0,18.66,18.66,18.64,18.65,2181.38
2025-07-27 01:31:00,1753579860.0,18.65,18.66,18.64,18.64,1464.36
2025-07-27 01:32:00,1753579920.0,18.65,18.67,18.64,18.67,296.6
2025-07-27 01:33:00,1753579980.0,18.66,18.68,18.65,18.66,2749.46
2025-07-27 01:34:00,1753580040.0,18.67,18.7,18.67,18.7,404.04
2025-07-27 01:35:00,1753580100.0,18.7,18.7,18.67,18.69,1522.25
2025-07-27 01:36:00,1753580160.0,18.69,18.7,18.68,18.7,355.6
2025-07-27 01:37:00,1753580220.0,18.69,18.7,18.67,18.68,753.09
2025-07-27 01:38:00,1753580280.0,18.68,18.7,18.68,18.7,379.12
2025-07-27 01:39:00,1753580340.0,18.7,18.7,18.64,18.64,1467.08
2025-07-27 01:40:00,1753580400.0,18.64,18.65,18.63,18.64,1421.5
2025-07-27 01:41:00,1753580460.0,18.64,18.65,18.63,18.64,653.34
2025-07-27 01:42:00,1753580520.0,18.65,18.65,18.63,18.64,232.22
2025-07-27 01:43:00,1753580580.0,18.63,18.65,18.61,18.63,1899.09
2025-07-27 01:44:00,1753580640.0,18.63,18.64,18.62,18.63,153.65
2025-07-27 01:45:00,1753580700.0,18.62,18.63,18.59,18.6,2957.29
2025-07-27 01:46:00,1753580760.0,18.59,18.59,18.56,18.57,2172.5
2025-07-27 01:47:00,1753580820.0,18.57,18.61,18.57,18.58,1722.12
2025-07-27 01:48:00,1753580880.0,18.59,18.6,18.58,18.58,635.62
2025-07-27 01:49:00,1753580940.0,18.58,18.61,18.58,18.6,297.15
2025-07-27 01:50:00,1753581000.0,18.61,18.62,18.58,18.59,2512.45
2025-07-27 01:51:00,1753581060.0,18.59,18.59,18.57,18.58,668.89
2025-07-27 01:52:00,1753581120.0,18.58,18.59,18.58,18.59,350.37
2025-07-27 01:53:00,1753581180.0,18.6,18.61,18.6,18.6,186.32
2025-07-27 01:54:00,1753581240.0,18.6,18.61,18.59,18.59,487.39
2025-07-27 01:55:00,1753581300.0,18.59,18.6,18.57,18.57,997.79
2025-07-27 01:56:00,1753581360.0,18.57,18.57,18.56,18.56,257.67
2025-07-27 01:57:00,1753581420.0,18.57,18.57,18.55,18.56,2681.31
2025-07-27 01:58:00,1753581480.0,18.56,18.56,18.55,18.56,720.64
2025-07-27 01:59:00,1753581540.0,18.55,18.56,18.54,18.55,1519.25
2025-07-27 02:00:00,1753581600.0,18.54,18.54,18.52,18.53,345.7
2025-07-27 02:01:00,1753581660.0,18.54,18.55,18.53,18.53,149.41
2025-07-27 02:02:00,1753581720.0,18.54,18.54,18.53,18.53,93.37
2025-07-27 02:03:00,1753581780.0,18.54,18.54,18.5,18.51,3261.4
2025-07-27 02:04:00,1753581840.0,18.52,18.52,18.5,18.52,866.68
2025-07-27 02:05:00,1753581900.0,18.52,18.52,18.49,18.5,682.41
2025-07-27 02:06:00,1753581960.0,18.5,18.51,18.5,18.5,935.13
2025-07-27 02:07:00,1753582020.0,18.51,18.51,18.48,18.49,699.99
2025-07-27 02:08:00,1753582080.0,18.5,18.52,18.5,18.51,2104.81
2025-07-27 02:09:00,1753582140.0,18.51,18.54,18.5,18.54,564.13
2025-07-27 02:10:00,1753582200.0,18.54,18.54,18.52,18.53,453.47
2025-07-27 02:11:00,1753582260.0,18.53,18.54,18.51,18.53,1054.68
2025-07-27 02:12:00,1753582320.0,18.53,18.54,18.53,18.54,351.93
2025-07-27 02:13:00,1753582380.0,18.55,18.7,18.55,18.63,34086.37
2025-07-27 02:14:00,1753582440.0,18.63,18.63,18.61,18.63,660.13
2025-07-27 02:15:00,1753582500.0,18.63,18.66,18.63,18.65,1053.53
2025-07-27 02:16:00,1753582560.0,18.65,18.67,18.65,18.66,99.23
2025-07-27 02:17:00,1753582620.0,18.66,18.66,18.64,18.66,501.54
2025-07-27 02:18:00,1753582680.0,18.66,18.67,18.65,18.65,1551.86
2025-07-27 02:19:00,1753582740.0,18.64,18.65,18.64,18.65,49.96
2025-07-27 02:20:00,1753582800.0,18.64,18.65,18.64,18.65,293.57
2025-07-27 02:21:00,1753582860.0,18.65,18.67,18.64,18.65,210.45
2025-07-27 02:22:00,1753582920.0,18.66,18.66,18.65,18.65,985.46
2025-07-27 02:23:00,1753582980.0,18.66,18.66,18.63,18.64,2605.18
2025-07-27 02:24:00,1753583040.0,18.64,18.64,18.62,18.64,1038.2
2025-07-27 02:25:00,1753583100.0,18.64,18.64,18.62,18.62,363.29
2025-07-27 02:26:00,1753583160.0,18.62,18.63,18.61,18.63,613.7
2025-07-27 02:27:00,1753583220.0,18.62,18.62,18.61,18.62,227.91
2025-07-27 02:28:00,1753583280.0,18.62,18.62,18.6,18.6,587.13
2025-07-27 02:29:00,1753583340.0,18.6,18.62,18.6,18.6,95.97
2025-07-27 02:30:00,1753583400.0,18.61,18.61,18.61,18.61,109.24
2025-07-27 02:31:00,1753583460.0,18.61,18.62,18.61,18.62,876.94
2025-07-27 02:32:00,1753583520.0,18.62,18.65,18.62,18.65,199.92
2025-07-27 02:33:00,1753583580.0,18.65,18.65,18.63,18.63,392.31
2025-07-27 02:34:00,1753583640.0,18.64,18.65,18.63,18.64,104.33
2025-07-27 02:35:00,1753583700.0,18.63,18.64,18.63,18.64,498.65
2025-07-27 02:36:00,1753583760.0,18.65,18.66,18.65,18.66,538.65
2025-07-27 02:37:00,1753583820.0,18.66,18.66,18.64,18.66,142.13
2025-07-27 02:38:00,1753583880.0,18.66,18.67,18.66,18.67,804.68
2025-07-27 02:39:00,1753583940.0,18.67,18.68,18.67,18.67,408.29
2025-07-27 02:40:00,1753584000.0,18.68,18.68,18.67,18.68,1228.15
2025-07-27 02:41:00,1753584060.0,18.68,18.68,18.67,18.68,381.25
2025-07-27 02:42:00,1753584120.0,18.68,18.69,18.67,18.67,829.21
2025-07-27 02:43:00,1753584180.0,18.67,18.68,18.66,18.67,694.89
2025-07-27 02:44:00,1753584240.0,18.67,18.68,18.67,18.68,609.52
2025-07-27 02:45:00,1753584300.0,18.67,18.68,18.66,18.67,1242.95
2025-07-27 02:46:00,1753584360.0,18.67,18.67,18.66,18.67,3095.96
2025-07-27 02:47:00,1753584420.0,18.66,18.66,18.62,18.63,471.86
2025-07-27 02:48:00,1753584480.0,18.64,18.65,18.64,18.64,104.28
2025-07-27 02:49:00,1753584540.0,18.64,18.66,18.64,18.66,236.69
2025-07-27 02:50:00,1753584600.0,18.66,18.66,18.65,18.65,148.11
2025-07-27 02:51:00,1753584660.0,18.64,18.65,18.63,18.65,332.67
2025-07-27 02:52:00,1753584720.0,18.66,18.67,18.65,18.67,1273.03
2025-07-27 02:53:00,1753584780.0,18.67,18.77,18.67,18.75,18831.25
2025-07-27 02:54:00,1753584840.0,18.75,18.78,18.75,18.77,3481.3
2025-07-27 02:55:00,1753584900.0,18.77,18.77,18.73,18.74,1483.95
2025-07-27 02:56:00,1753584960.0,18.74,18.76,18.73,18.76,1998.86
2025-07-27 02:57:00,1753585020.0,18.75,18.75,18.72,18.73,1102.98
2025-07-27 02:58:00,1753585080.0,18.73,18.74,18.72,18.73,3438.78
2025-07-27 02:59:00,1753585140.0,18.73,18.74,18.72,18.74,346.69
2025-07-27 03:00:00,1753585200.0,18.74,18.76,18.73,18.75,1112.04
2025-07-27 03:01:00,1753585260.0,18.74,18.75,18.73,18.74,816.17
2025-07-27 03:02:00,1753585320.0,18.73,18.74,18.7,18.73,1269.63
2025-07-27 03:03:00,1753585380.0,18.72,18.73,18.72,18.72,173.09
2025-07-27 03:04:00,1753585440.0,18.73,18.74,18.69,18.7,1476.42
2025-07-27 03:05:00,1753585500.0,18.7,18.71,18.69,18.71,145.68
2025-07-27 03:06:00,1753585560.0,18.7,18.7,18.62,18.63,13892.6
2025-07-27 03:07:00,1753585620.0,18.63,18.65,18.63,18.64,965.09
2025-07-27 03:08:00,1753585680.0,18.63,18.64,18.63,18.63,4038.87
2025-07-27 03:09:00,1753585740.0,18.63,18.64,18.63,18.63,247.42
2025-07-27 03:10:00,1753585800.0,18.64,18.66,18.64,18.64,476.46
2025-07-27 03:11:00,1753585860.0,18.64,18.67,18.64,18.67,869.71
2025-07-27 03:12:00,1753585920.0,18.67,18.67,18.64,18.67,224.04
2025-07-27 03:13:00,1753585980.0,18.66,18.66,18.65,18.66,2659.39
2025-07-27 03:14:00,1753586040.0,18.66,18.67,18.65,18.65,4112.16
2025-07-27 03:15:00,1753586100.0,18.66,18.69,18.65,18.69,1872.28
2025-07-27 03:16:00,1753586160.0,18.69,18.7,18.68,18.69,3246.25
2025-07-27 03:17:00,1753586220.0,18.69,18.69,18.66,18.67,457.65
2025-07-27 03:18:00,1753586280.0,18.67,18.67,18.66,18.67,959.08
2025-07-27 03:19:00,1753586340.0,18.68,18.68,18.65,18.66,750.7
2025-07-27 03:20:00,1753586400.0,18.66,18.66,18.64,18.65,400.98
2025-07-27 03:21:00,1753586460.0,18.65,18.66,18.65,18.65,419.73
2025-07-27 03:22:00,1753586520.0,18.65,18.66,18.64,18.66,1748.29
2025-07-27 03:23:00,1753586580.0,18.66,18.68,18.66,18.68,298.31
2025-07-27 03:24:00,1753586640.0,18.68,18.68,18.67,18.67,1609.17
2025-07-27 03:25:00,1753586700.0,18.67,18.68,18.67,18.68,2307.98
2025-07-27 03:26:00,1753586760.0,18.67,18.68,18.66,18.67,57.97
2025-07-27 03:27:00,1753586820.0,18.67,18.67,18.66,18.66,247.13
2025-07-27 03:28:00,1753586880.0,18.67,18.67,18.66,18.66,24.73
2025-07-27 03:29:00,1753586940.0,18.67,18.68,18.66,18.66,1538.91
2025-07-27 03:30:00,1753587000.0,18.67,18.68,18.65,18.66,1488.47
2025-07-27 03:31:00,1753587060.0,18.67,18.67,18.65,18.66,741.97
2025-07-27 03:32:00,1753587120.0,18.67,18.67,18.65,18.65,485.44
2025-07-27 03:33:00,1753587180.0,18.65,18.65,18.64,18.65,1597.68
2025-07-27 03:34:00,1753587240.0,18.65,18.66,18.64,18.66,2654.2
2025-07-27 03:35:00,1753587300.0,18.67,18.69,18.67,18.68,436.75
2025-07-27 03:36:00,1753587360.0,18.67,18.68,18.66,18.67,728.5
2025-07-27 03:37:00,1753587420.0,18.68,18.68,18.67,18.67,475.84
2025-07-27 03:38:00,1753587480.0,18.68,18.69,18.67,18.67,341.71
2025-07-27 03:39:00,1753587540.0,18.67,18.69,18.67,18.69,381.82
2025-07-27 03:40:00,1753587600.0,18.7,18.7,18.69,18.69,257.14
2025-07-27 03:41:00,1753587660.0,18.69,18.7,18.68,18.7,202.12
2025-07-27 03:42:00,1753587720.0,18.7,18.7,18.69,18.69,634.67
2025-07-27 03:43:00,1753587780.0,18.69,18.69,18.68,18.69,37.83
2025-07-27 03:44:00,1753587840.0,18.68,18.68,18.68,18.68,278.1
2025-07-27 03:45:00,1753587900.0,18.68,18.69,18.66,18.66,982.2
2025-07-27 03:46:00,1753587960.0,18.67,18.69,18.67,18.68,303.24
2025-07-27 03:47:00,1753588020.0,18.68,18.7,18.68,18.68,137.35
2025-07-27 03:48:00,1753588080.0,18.68,18.68,18.67,18.68,261.13
2025-07-27 03:49:00,1753588140.0,18.68,18.69,18.68,18.69,130.78
2025-07-27 03:50:00,1753588200.0,18.69,18.7,18.68,18.69,796.59
2025-07-27 03:51:00,1753588260.0,18.69,18.7,18.68,18.69,403.2
2025-07-27 03:52:00,1753588320.0,18.69,18.7,18.68,18.69,742.52
2025-07-27 03:53:00,1753588380.0,18.7,18.7,18.69,18.7,7.83
2025-07-27 03:54:00,1753588440.0,18.7,18.71,18.69,18.7,463.33
2025-07-27 03:55:00,1753588500.0,18.69,18.71,18.68,18.7,1383.08
2025-07-27 03:56:00,1753588560.0,18.7,18.71,18.7,18.7,244.11
2025-07-27 03:57:00,1753588620.0,18.7,18.7,18.69,18.7,409.37
2025-07-27 03:58:00,1753588680.0,18.71,18.71,18.68,18.69,244.89
2025-07-27 03:59:00,1753588740.0,18.69,18.7,18.68,18.7,98.87
2025-07-27 04:00:00,1753588800.0,18.7,18.72,18.69,18.72,2382.01
2025-07-27 04:01:00,1753588860.0,18.72,18.72,18.7,18.72,461.12
2025-07-27 04:02:00,1753588920.0,18.72,18.72,18.71,18.72,336.51
2025-07-27 04:03:00,1753588980.0,18.72,18.73,18.72,18.73,807.23
2025-07-27 04:04:00,1753589040.0,18.73,18.75,18.71,18.75,1450.09
2025-07-27 04:05:00,1753589100.0,18.74,18.75,18.73,18.75,1047.74
2025-07-27 04:06:00,1753589160.0,18.75,18.75,18.74,18.75,345.72
2025-07-27 04:07:00,1753589220.0,18.76,18.77,18.74,18.74,545.23
2025-07-27 04:08:00,1753589280.0,18.75,18.75,18.73,18.74,849.04
2025-07-27 04:09:00,1753589340.0,18.73,18.73,18.69,18.7,1311.43
2025-07-27 04:10:00,1753589400.0,18.69,18.71,18.69,18.7,217.93
2025-07-27 04:11:00,1753589460.0,18.7,18.7,18.69,18.69,97.33
2025-07-27 04:12:00,1753589520.0,18.69,18.69,18.66,18.67,3626.79
2025-07-27 04:13:00,1753589580.0,18.68,18.7,18.67,18.7,573.1
2025-07-27 04:14:00,1753589640.0,18.69,18.7,18.67,18.68,4095.2
2025-07-27 04:15:00,1753589700.0,18.68,18.7,18.67,18.69,1472.84
2025-07-27 04:16:00,1753589760.0,18.69,18.71,18.69,18.71,3510.37
2025-07-27 04:17:00,1753589820.0,18.7,18.74,18.69,18.73,354.48
2025-07-27 04:18:00,1753589880.0,18.72,18.75,18.72,18.74,1250.22
2025-07-27 04:19:00,1753589940.0,18.74,18.76,18.74,18.75,606.43
2025-07-27 04:20:00,1753590000.0,18.75,18.75,18.73,18.74,469.67
2025-07-27 04:21:00,1753590060.0,18.73,18.74,18.71,18.71,288.4
2025-07-27 04:22:00,1753590120.0,18.71,18.73,18.71,18.72,476.27
2025-07-27 04:23:00,1753590180.0,18.73,18.75,18.73,18.75,591.51
2025-07-27 04:24:00,1753590240.0,18.75,18.78,18.75,18.77,1876.26
2025-07-27 04:25:00,1753590300.0,18.77,18.78,18.75,18.76,822.29
2025-07-27 04:26:00,1753590360.0,18.76,18.76,18.74,18.76,380.36
2025-07-27 04:27:00,1753590420.0,18.75,18.76,18.75,18.76,388.19
2025-07-27 04:28:00,1753590480.0,18.76,18.77,18.76,18.76,196.84
2025-07-27 04:29:00,1753590540.0,18.77,18.79,18.76,18.78,3803.16
2025-07-27 04:30:00,1753590600.0,18.78,18.79,18.77,18.77,1431.09
2025-07-27 04:31:00,1753590660.0,18.77,18.79,18.77,18.78,22.44
2025-07-27 04:32:00,1753590720.0,18.78,18.81,18.78,18.81,10513.46
2025-07-27 04:33:00,1753590780.0,18.8,18.83,18.8,18.82,4355.86
2025-07-27 04:34:00,1753590840.0,18.82,18.83,18.81,18.82,800.09
2025-07-27 04:35:00,1753590900.0,18.81,18.84,18.8,18.83,2153.59
2025-07-27 04:36:00,1753590960.0,18.83,18.87,18.83,18.86,1776.11
2025-07-27 04:37:00,1753591020.0,18.86,18.87,18.85,18.86,2897.61
2025-07-27 04:38:00,1753591080.0,18.85,18.86,18.81,18.82,1690.48
2025-07-27 04:39:00,1753591140.0,18.81,18.84,18.81,18.83,266.23
2025-07-27 04:40:00,1753591200.0,18.83,18.84,18.82,18.84,250.67
2025-07-27 04:41:00,1753591260.0,18.83,18.86,18.83,18.86,2420.56
2025-07-27 04:42:00,1753591320.0,18.85,18.88,18.84,18.87,20068.13
2025-07-27 04:43:00,1753591380.0,18.87,18.88,18.85,18.85,1510.41
2025-07-27 04:44:00,1753591440.0,18.85,18.89,18.85,18.89,4964.54
2025-07-27 04:45:00,1753591500.0,18.89,18.9,18.88,18.89,5771.0
2025-07-27 04:46:00,1753591560.0,18.89,18.9,18.88,18.9,1802.8
2025-07-27 04:47:00,1753591620.0,18.9,18.9,18.85,18.86,6199.67
2025-07-27 04:48:00,1753591680.0,18.86,18.86,18.84,18.86,1527.21
2025-07-27 04:49:00,1753591740.0,18.85,18.87,18.85,18.86,1858.73
2025-07-27 04:50:00,1753591800.0,18.86,18.87,18.84,18.86,2481.14
2025-07-27 04:51:00,1753591860.0,18.86,18.86,18.85,18.85,2383.31
2025-07-27 04:52:00,1753591920.0,18.85,18.87,18.85,18.87,689.47
2025-07-27 04:53:00,1753591980.0,18.87,18.89,18.86,18.88,637.81
2025-07-27 04:54:00,1753592040.0,18.89,18.9,18.88,18.88,1453.91
2025-07-27 04:55:00,1753592100.0,18.89,18.89,18.86,18.87,251.66
2025-07-27 04:56:00,1753592160.0,18.87,18.88,18.87,18.87,66.03
2025-07-27 04:57:00,1753592220.0,18.87,18.87,18.85,18.86,342.27
2025-07-27 04:58:00,1753592280.0,18.85,18.88,18.85,18.87,2146.77
2025-07-27 04:59:00,1753592340.0,18.88,18.88,18.87,18.88,674.63
2025-07-27 05:00:00,1753592400.0,18.88,18.88,18.86,18.87,5254.99
2025-07-27 05:01:00,1753592460.0,18.87,18.88,18.85,18.85,1911.99
2025-07-27 05:02:00,1753592520.0,18.85,18.86,18.84,18.84,1835.22
2025-07-27 05:03:00,1753592580.0,18.84,18.85,18.84,18.84,2084.65
2025-07-27 05:04:00,1753592640.0,18.85,18.87,18.84,18.87,909.18
2025-07-27 05:05:00,1753592700.0,18.86,18.88,18.85,18.87,605.63
2025-07-27 05:06:00,1753592760.0,18.88,18.9,18.88,18.89,971.63
2025-07-27 05:07:00,1753592820.0,18.89,18.89,18.88,18.88,489.55
2025-07-27 05:08:00,1753592880.0,18.88,18.89,18.87,18.87,916.87
2025-07-27 05:09:00,1753592940.0,18.87,18.88,18.85,18.85,4393.68
2025-07-27 05:10:00,1753593000.0,18.84,18.87,18.84,18.87,541.62
2025-07-27 05:11:00,1753593060.0,18.86,18.88,18.86,18.88,792.32
2025-07-27 05:12:00,1753593120.0,18.88,18.9,18.88,18.88,371.0
2025-07-27 05:13:00,1753593180.0,18.89,18.9,18.89,18.89,679.77
2025-07-27 05:14:00,1753593240.0,18.9,18.91,18.88,18.88,696.47
2025-07-27 05:15:00,1753593300.0,18.89,18.9,18.88,18.89,234.54
2025-07-27 05:16:00,1753593360.0,18.9,18.9,18.89,18.9,824.85
2025-07-27 05:17:00,1753593420.0,18.9,18.94,18.89,18.94,3143.1
2025-07-27 05:18:00,1753593480.0,18.93,18.94,18.93,18.94,2998.62
2025-07-27 05:19:00,1753593540.0,18.94,18.95,18.93,18.94,1239.11
2025-07-27 05:20:00,1753593600.0,18.94,18.96,18.91,18.92,3892.73
2025-07-27 05:21:00,1753593660.0,18.92,18.92,18.9,18.91,2842.08
2025-07-27 05:22:00,1753593720.0,18.91,18.93,18.9,18.93,2490.59
2025-07-27 05:23:00,1753593780.0,18.93,18.97,18.93,18.97,4233.21
2025-07-27 05:24:00,1753593840.0,18.97,19.01,18.96,18.97,11618.97
2025-07-27 05:25:00,1753593900.0,18.97,18.98,18.97,18.97,2040.88
2025-07-27 05:26:00,1753593960.0,18.98,18.99,18.95,18.99,15278.55
2025-07-27 05:27:00,1753594020.0,18.99,19.02,18.99,19.01,2063.04
2025-07-27 05:28:00,1753594080.0,19.01,19.02,18.99,19.0,5161.81
2025-07-27 05:29:00,1753594140.0,19.0,19.04,19.0,19.02,10514.37
2025-07-27 05:30:00,1753594200.0,19.01,19.02,19.0,19.0,5233.95
2025-07-27 05:31:00,1753594260.0,19.0,19.02,18.99,19.02,3364.72
2025-07-27 05:32:00,1753594320.0,19.02,19.02,19.0,19.01,2398.99
2025-07-27 05:33:00,1753594380.0,19.02,19.03,19.0,19.0,3113.89
2025-07-27 05:34:00,1753594440.0,19.01,19.01,19.0,19.01,498.09
2025-07-27 05:35:00,1753594500.0,19.01,19.01,18.99,18.99,5741.77
2025-07-27 05:36:00,1753594560.0,18.99,19.0,18.99,18.99,1217.71
2025-07-27 05:37:00,1753594620.0,19.0,19.02,18.99,19.01,7878.6
2025-07-27 05:38:00,1753594680.0,19.02,19.05,19.02,19.04,2854.23
2025-07-27 05:39:00,1753594740.0,19.04,19.07,19.04,19.06,2762.71
2025-07-27 05:40:00,1753594800.0,19.06,19.06,19.03,19.04,4463.19
2025-07-27 05:41:00,1753594860.0,19.04,19.04,18.99,18.99,3451.93
2025-07-27 05:42:00,1753594920.0,18.99,19.01,18.99,19.01,280.43
2025-07-27 05:43:00,1753594980.0,19.0,19.01,18.99,18.99,1246.52
2025-07-27 05:44:00,1753595040.0,18.99,19.01,18.97,18.99,8734.61
2025-07-27 05:45:00,1753595100.0,18.99,19.01,18.97,18.97,2908.12
2025-07-27 05:46:00,1753595160.0,18.97,19.01,18.97,19.01,1209.98
2025-07-27 05:47:00,1753595220.0,19.02,19.02,18.98,19.0,4248.01
2025-07-27 05:48:00,1753595280.0,19.0,19.0,18.97,18.98,1566.75
2025-07-27 05:49:00,1753595340.0,18.98,18.98,18.96,18.96,1998.17
2025-07-27 05:50:00,1753595400.0,18.96,18.98,18.96,18.97,1409.77
2025-07-27 05:51:00,1753595460.0,18.97,18.99,18.96,18.98,497.5
2025-07-27 05:52:00,1753595520.0,18.99,18.99,18.95,18.96,560.04
2025-07-27 05:53:00,1753595580.0,18.96,18.98,18.96,18.97,314.77
2025-07-27 05:54:00,1753595640.0,18.98,18.98,18.97,18.97,17.19
2025-07-27 05:55:00,1753595700.0,18.97,18.97,18.95,18.95,142.4
2025-07-27 05:56:00,1753595760.0,18.95,18.97,18.93,18.95,969.69
2025-07-27 05:57:00,1753595820.0,18.95,18.96,18.95,18.96,430.5
2025-07-27 05:58:00,1753595880.0,18.96,18.97,18.95,18.95,768.71
2025-07-27 05:59:00,1753595940.0,18.95,18.96,18.94,18.94,515.07
2025-07-27 06:00:00,1753596000.0,18.94,18.95,18.93,18.93,1618.68
2025-07-27 06:01:00,1753596060.0,18.93,18.94,18.92,18.92,684.19
2025-07-27 06:02:00,1753596120.0,18.92,18.94,18.91,18.92,1025.01
2025-07-27 06:03:00,1753596180.0,18.91,18.93,18.91,18.93,2319.84
2025-07-27 06:04:00,1753596240.0,18.93,18.94,18.92,18.94,972.03
2025-07-27 06:05:00,1753596300.0,18.94,18.94,18.9,18.91,311.15
2025-07-27 06:06:00,1753596360.0,18.9,18.91,18.89,18.9,3589.26
2025-07-27 06:07:00,1753596420.0,18.9,18.91,18.87,18.87,537.9
2025-07-27 06:08:00,1753596480.0,18.87,18.9,18.87,18.89,407.63
2025-07-27 06:09:00,1753596540.0,18.89,18.89,18.88,18.88,213.08
2025-07-27 06:10:00,1753596600.0,18.87,18.89,18.86,18.87,2021.53
2025-07-27 06:11:00,1753596660.0,18.86,18.89,18.86,18.89,1629.36
2025-07-27 06:12:00,1753596720.0,18.89,18.89,18.86,18.87,516.01
2025-07-27 06:13:00,1753596780.0,18.88,18.89,18.87,18.88,514.19
2025-07-27 06:14:00,1753596840.0,18.88,18.89,18.88,18.89,617.22
2025-07-27 06:15:00,1753596900.0,18.88,18.89,18.87,18.88,331.1
2025-07-27 06:16:00,1753596960.0,18.88,18.92,18.88,18.92,302.32
2025-07-27 06:17:00,1753597020.0,18.91,18.92,18.91,18.92,1227.43
2025-07-27 06:18:00,1753597080.0,18.92,18.92,18.9,18.9,142.36
2025-07-27 06:19:00,1753597140.0,18.91,18.92,18.9,18.91,370.07
2025-07-27 06:20:00,1753597200.0,18.92,18.93,18.91,18.91,1778.6
2025-07-27 06:21:00,1753597260.0,18.91,18.91,18.9,18.9,1076.73
2025-07-27 06:22:00,1753597320.0,18.9,18.91,18.89,18.9,1351.01
2025-07-27 06:23:00,1753597380.0,18.89,18.91,18.89,18.91,111.18
2025-07-27 06:24:00,1753597440.0,18.91,18.91,18.9,18.9,353.73
2025-07-27 06:25:00,1753597500.0,18.89,18.89,18.87,18.89,424.86
2025-07-27 06:26:00,1753597560.0,18.88,18.89,18.86,18.87,8093.26
2025-07-27 06:27:00,1753597620.0,18.88,18.88,18.85,18.86,233.81
2025-07-27 06:28:00,1753597680.0,18.85,18.86,18.85,18.85,1194.3
2025-07-27 06:29:00,1753597740.0,18.85,18.86,18.85,18.86,1860.31
2025-07-27 06:30:00,1753597800.0,18.85,18.85,18.84,18.85,1681.51
2025-07-27 06:31:00,1753597860.0,18.85,18.86,18.84,18.84,347.28
2025-07-27 06:32:00,1753597920.0,18.84,18.86,18.83,18.86,4104.08
2025-07-27 06:33:00,1753597980.0,18.85,18.85,18.8,18.82,13538.74
2025-07-27 06:34:00,1753598040.0,18.82,18.84,18.82,18.83,786.72
2025-07-27 06:35:00,1753598100.0,18.83,18.84,18.82,18.82,402.99
2025-07-27 06:36:00,1753598160.0,18.82,18.85,18.82,18.84,1432.34
2025-07-27 06:37:00,1753598220.0,18.85,18.85,18.83,18.84,663.33
2025-07-27 06:38:00,1753598280.0,18.85,18.86,18.84,18.85,3081.86
2025-07-27 06:39:00,1753598340.0,18.85,18.85,18.83,18.84,45.28
2025-07-27 06:40:00,1753598400.0,18.84,18.86,18.83,18.86,1166.57
2025-07-27 06:41:00,1753598460.0,18.86,18.86,18.84,18.85,176.23
2025-07-27 06:42:00,1753598520.0,18.85,18.85,18.83,18.83,506.7
2025-07-27 06:43:00,1753598580.0,18.84,18.84,18.82,18.84,54.7
2025-07-27 06:44:00,1753598640.0,18.84,18.86,18.83,18.85,431.25
2025-07-27 06:45:00,1753598700.0,18.86,18.86,18.83,18.84,160.73
2025-07-27 06:46:00,1753598760.0,18.84,18.85,18.83,18.85,260.34
2025-07-27 06:47:00,1753598820.0,18.85,18.85,18.81,18.82,551.37
2025-07-27 06:48:00,1753598880.0,18.82,18.83,18.81,18.82,89.66
2025-07-27 06:49:00,1753598940.0,18.82,18.82,18.79,18.81,1931.23
2025-07-27 06:50:00,1753599000.0,18.81,18.82,18.8,18.82,437.93
2025-07-27 06:51:00,1753599060.0,18.82,18.82,18.79,18.79,5998.07
2025-07-27 06:52:00,1753599120.0,18.8,18.8,18.77,18.78,5890.08
2025-07-27 06:53:00,1753599180.0,18.78,18.79,18.77,18.79,1833.78
2025-07-27 06:54:00,1753599240.0,18.78,18.8,18.78,18.79,2929.66
2025-07-27 06:55:00,1753599300.0,18.8,18.8,18.78,18.79,1757.69
2025-07-27 06:56:00,1753599360.0,18.79,18.8,18.77,18.78,397.01
2025-07-27 06:57:00,1753599420.0,18.78,18.79,18.77,18.78,333.08
2025-07-27 06:58:00,1753599480.0,18.77,18.79,18.77,18.77,745.99
2025-07-27 06:59:00,1753599540.0,18.78,18.78,18.77,18.78,229.56
2025-07-27 07:00:00,1753599600.0,18.77,18.78,18.77,18.78,368.76
2025-07-27 07:01:00,1753599660.0,18.78,18.78,18.76,18.77,575.1
2025-07-27 07:02:00,1753599720.0,18.77,18.77,18.75,18.76,2506.9
2025-07-27 07:03:00,1753599780.0,18.76,18.77,18.75,18.76,6227.36
2025-07-27 07:04:00,1753599840.0,18.76,18.79,18.75,18.78,3792.85
2025-07-27 07:05:00,1753599900.0,18.78,18.78,18.77,18.78,1159.46
2025-07-27 07:06:00,1753599960.0,18.78,18.81,18.78,18.81,1864.05
2025-07-27 07:07:00,1753600020.0,18.81,18.81,18.78,18.78,591.89
2025-07-27 07:08:00,1753600080.0,18.78,18.79,18.77,18.79,364.8
2025-07-27 07:09:00,1753600140.0,18.78,18.8,18.78,18.79,319.8
2025-07-27 07:10:00,1753600200.0,18.79,18.81,18.79,18.81,334.27
2025-07-27 07:11:00,1753600260.0,18.81,18.82,18.81,18.82,112.44
2025-07-27 07:12:00,1753600320.0,18.82,18.82,18.8,18.82,412.92
2025-07-27 07:13:00,1753600380.0,18.82,18.83,18.82,18.83,4443.02
2025-07-27 07:14:00,1753600440.0,18.83,18.83,18.8,18.8,4809.73
2025-07-27 07:15:00,1753600500.0,18.79,18.81,18.79,18.8,328.4
2025-07-27 07:16:00,1753600560.0,18.8,18.81,18.8,18.81,123.83
2025-07-27 07:17:00,1753600620.0,18.8,18.8,18.79,18.8,60.27
2025-07-27 07:18:00,1753600680.0,18.81,18.83,18.81,18.81,3182.15
2025-07-27 07:19:00,1753600740.0,18.82,18.82,18.8,18.81,278.42
2025-07-27 07:20:00,1753600800.0,18.81,18.84,18.81,18.84,153.02
2025-07-27 07:21:00,1753600860.0,18.84,18.85,18.83,18.85,185.16
2025-07-27 07:22:00,1753600920.0,18.84,18.86,18.84,18.85,158.19
2025-07-27 07:23:00,1753600980.0,18.85,18.86,18.83,18.83,819.86
2025-07-27 07:24:00,1753601040.0,18.83,18.83,18.81,18.82,1033.08
2025-07-27 07:25:00,1753601100.0,18.83,18.83,18.81,18.82,194.97
2025-07-27 07:26:00,1753601160.0,18.83,18.83,18.81,18.82,385.31
2025-07-27 07:27:00,1753601220.0,18.82,18.82,18.79,18.79,107.86
2025-07-27 07:28:00,1753601280.0,18.8,18.8,18.78,18.8,543.08
2025-07-27 07:29:00,1753601340.0,18.8,18.81,18.79,18.8,1090.06
2025-07-27 07:30:00,1753601400.0,18.8,18.8,18.75,18.75,1873.82
2025-07-27 07:31:00,1753601460.0,18.76,18.78,18.76,18.77,726.85
2025-07-27 07:32:00,1753601520.0,18.76,18.78,18.76,18.78,348.89
2025-07-27 07:33:00,1753601580.0,18.78,18.82,18.78,18.81,925.22
2025-07-27 07:34:00,1753601640.0,18.81,18.82,18.81,18.82,836.94
2025-07-27 07:35:00,1753601700.0,18.82,18.82,18.77,18.78,1589.18
2025-07-27 07:36:00,1753601760.0,18.78,18.79,18.78,18.78,437.51
2025-07-27 07:37:00,1753601820.0,18.78,18.78,18.76,18.76,615.27
2025-07-27 07:38:00,1753601880.0,18.76,18.76,18.75,18.76,59.07
2025-07-27 07:39:00,1753601940.0,18.76,18.77,18.75,18.76,649.41
2025-07-27 07:40:00,1753602000.0,18.76,18.77,18.76,18.77,206.9
2025-07-27 07:41:00,1753602060.0,18.76,18.77,18.75,18.76,123.13
2025-07-27 07:42:00,1753602120.0,18.76,18.77,18.75,18.77,269.05
2025-07-27 07:43:00,1753602180.0,18.76,18.77,18.74,18.76,3924.23
2025-07-27 07:44:00,1753602240.0,18.75,18.81,18.74,18.81,22083.82
2025-07-27 07:45:00,1753602300.0,18.81,18.83,18.8,18.83,13140.3
2025-07-27 07:46:00,1753602360.0,18.83,18.83,18.78,18.8,10318.52
2025-07-27 07:47:00,1753602420.0,18.8,18.8,18.77,18.79,1968.78
2025-07-27 07:48:00,1753602480.0,18.79,18.82,18.79,18.82,3699.23
2025-07-27 07:49:00,1753602540.0,18.81,18.82,18.8,18.81,1700.5
2025-07-27 07:50:00,1753602600.0,18.81,18.81,18.79,18.81,1919.03
2025-07-27 07:51:00,1753602660.0,18.8,18.8,18.78,18.79,615.1
2025-07-27 07:52:00,1753602720.0,18.79,18.79,18.77,18.77,398.88
2025-07-27 07:53:00,1753602780.0,18.78,18.78,18.77,18.77,7.25
2025-07-27 07:54:00,1753602840.0,18.78,18.78,18.75,18.75,892.28
2025-07-27 07:55:00,1753602900.0,18.76,18.77,18.75,18.75,3652.53
2025-07-27 07:56:00,1753602960.0,18.75,18.76,18.73,18.76,9184.63
2025-07-27 07:57:00,1753603020.0,18.76,18.78,18.76,18.77,1559.08
2025-07-27 07:58:00,1753603080.0,18.76,18.77,18.75,18.77,298.58
2025-07-27 07:59:00,1753603140.0,18.77,18.79,18.77,18.78,2556.05
2025-07-27 08:00:00,1753603200.0,18.79,18.81,18.78,18.8,2931.77
2025-07-27 08:01:00,1753603260.0,18.8,18.8,18.78,18.8,639.29
2025-07-27 08:02:00,1753603320.0,18.79,18.8,18.79,18.8,538.89
2025-07-27 08:03:00,1753603380.0,18.79,18.8,18.79,18.79,410.21
2025-07-27 08:04:00,1753603440.0,18.78,18.79,18.77,18.77,291.64
2025-07-27 08:05:00,1753603500.0,18.77,18.77,18.75,18.76,707.1
2025-07-27 08:06:00,1753603560.0,18.75,18.78,18.75,18.77,4366.54
2025-07-27 08:07:00,1753603620.0,18.77,18.77,18.75,18.76,487.54
2025-07-27 08:08:00,1753603680.0,18.75,18.78,18.75,18.78,1676.51
2025-07-27 08:09:00,1753603740.0,18.78,18.79,18.77,18.79,119.32
2025-07-27 08:10:00,1753603800.0,18.79,18.79,18.78,18.79,230.18
2025-07-27 08:11:00,1753603860.0,18.79,18.8,18.78,18.79,78.68
2025-07-27 08:12:00,1753603920.0,18.78,18.78,18.75,18.76,95.25
2025-07-27 08:13:00,1753603980.0,18.75,18.76,18.74,18.74,1037.16
2025-07-27 08:14:00,1753604040.0,18.75,18.75,18.73,18.74,4031.42
2025-07-27 08:15:00,1753604100.0,18.74,18.76,18.73,18.74,364.82
2025-07-27 08:16:00,1753604160.0,18.74,18.74,18.72,18.73,99.3
2025-07-27 08:17:00,1753604220.0,18.73,18.74,18.73,18.74,137.27
2025-07-27 08:18:00,1753604280.0,18.74,18.75,18.74,18.75,127.52
2025-07-27 08:19:00,1753604340.0,18.75,18.77,18.75,18.77,461.96
2025-07-27 08:20:00,1753604400.0,18.78,18.78,18.76,18.76,983.66
2025-07-27 08:21:00,1753604460.0,18.76,18.76,18.75,18.76,823.24
2025-07-27 08:22:00,1753604520.0,18.76,18.77,18.75,18.76,2027.24
2025-07-27 08:23:00,1753604580.0,18.76,18.76,18.75,18.75,162.6
2025-07-27 08:24:00,1753604640.0,18.75,18.75,18.73,18.74,165.42
2025-07-27 08:25:00,1753604700.0,18.74,18.74,18.68,18.7,11154.41
2025-07-27 08:26:00,1753604760.0,18.7,18.71,18.68,18.69,2590.81
2025-07-27 08:27:00,1753604820.0,18.7,18.72,18.7,18.71,496.19
2025-07-27 08:28:00,1753604880.0,18.71,18.71,18.68,18.71,9310.19
2025-07-27 08:29:00,1753604940.0,18.71,18.71,18.69,18.7,469.94
2025-07-27 08:30:00,1753605000.0,18.7,18.71,18.68,18.69,410.49
2025-07-27 08:31:00,1753605060.0,18.68,18.69,18.67,18.67,7465.4
2025-07-27 08:32:00,1753605120.0,18.68,18.7,18.68,18.69,670.98
2025-07-27 08:33:00,1753605180.0,18.69,18.69,18.66,18.67,3019.14
2025-07-27 08:34:00,1753605240.0,18.67,18.67,18.64,18.66,3976.05
2025-07-27 08:35:00,1753605300.0,18.66,18.66,18.64,18.64,1158.72
2025-07-27 08:36:00,1753605360.0,18.65,18.66,18.64,18.64,1958.09
2025-07-27 08:37:00,1753605420.0,18.64,18.66,18.64,18.65,4109.5
2025-07-27 08:38:00,1753605480.0,18.65,18.67,18.64,18.67,15885.99
2025-07-27 08:39:00,1753605540.0,18.66,18.67,18.65,18.66,589.4
2025-07-27 08:40:00,1753605600.0,18.67,18.7,18.67,18.69,2679.66
2025-07-27 08:41:00,1753605660.0,18.7,18.7,18.68,18.69,758.7
2025-07-27 08:42:00,1753605720.0,18.69,18.69,18.67,18.67,460.63
2025-07-27 08:43:00,1753605780.0,18.67,18.69,18.67,18.69,1823.9
2025-07-27 08:44:00,1753605840.0,18.69,18.7,18.69,18.7,384.19
2025-07-27 08:45:00,1753605900.0,18.7,18.71,18.69,18.71,393.4
2025-07-27 08:46:00,1753605960.0,18.71,18.73,18.71,18.73,487.09
2025-07-27 08:47:00,1753606020.0,18.73,18.73,18.72,18.73,91.96
2025-07-27 08:48:00,1753606080.0,18.73,18.73,18.71,18.71,678.69
2025-07-27 08:49:00,1753606140.0,18.7,18.72,18.69,18.7,501.82
2025-07-27 08:50:00,1753606200.0,18.69,18.7,18.68,18.7,743.81
2025-07-27 08:51:00,1753606260.0,18.7,18.7,18.68,18.69,249.49
2025-07-27 08:52:00,1753606320.0,18.68,18.71,18.68,18.71,3560.86
2025-07-27 08:53:00,1753606380.0,18.72,18.72,18.7,18.7,1041.01
2025-07-27 08:54:00,1753606440.0,18.7,18.72,18.69,18.72,2511.66
2025-07-27 08:55:00,1753606500.0,18.71,18.71,18.7,18.71,110.48
2025-07-27 08:56:00,1753606560.0,18.7,18.71,18.7,18.71,3745.01
2025-07-27 08:57:00,1753606620.0,18.71,18.71,18.68,18.69,219.01
2025-07-27 08:58:00,1753606680.0,18.7,18.7,18.69,18.69,67.2
2025-07-27 08:59:00,1753606740.0,18.68,18.7,18.68,18.7,92.27
2025-07-27 09:00:00,1753606800.0,18.7,18.7,18.68,18.69,188.53
2025-07-27 09:01:00,1753606860.0,18.69,18.69,18.66,18.67,118.8
2025-07-27 09:02:00,1753606920.0,18.67,18.68,18.65,18.67,1622.74
2025-07-27 09:03:00,1753606980.0,18.67,18.7,18.67,18.7,493.14
2025-07-27 09:04:00,1753607040.0,18.7,18.7,18.68,18.68,138.22
2025-07-27 09:05:00,1753607100.0,18.68,18.68,18.65,18.67,1489.31
2025-07-27 09:06:00,1753607160.0,18.66,18.69,18.66,18.68,1087.99
2025-07-27 09:07:00,1753607220.0,18.68,18.7,18.68,18.69,284.6
2025-07-27 09:08:00,1753607280.0,18.68,18.69,18.66,18.67,2162.35
2025-07-27 09:09:00,1753607340.0,18.67,18.68,18.66,18.68,57.38
2025-07-27 09:10:00,1753607400.0,18.67,18.68,18.66,18.66,38.25
2025-07-27 09:11:00,1753607460.0,18.67,18.69,18.67,18.68,2365.92
2025-07-27 09:12:00,1753607520.0,18.69,18.7,18.67,18.67,281.61
2025-07-27 09:13:00,1753607580.0,18.67,18.67,18.64,18.66,759.79
2025-07-27 09:14:00,1753607640.0,18.65,18.67,18.65,18.66,406.03
2025-07-27 09:15:00,1753607700.0,18.66,18.66,18.64,18.66,351.62
2025-07-27 09:16:00,1753607760.0,18.66,18.67,18.65,18.65,514.23
2025-07-27 09:17:00,1753607820.0,18.65,18.65,18.62,18.63,5448.56
2025-07-27 09:18:00,1753607880.0,18.63,18.64,18.62,18.64,1468.2
2025-07-27 09:19:00,1753607940.0,18.64,18.65,18.63,18.65,559.28
2025-07-27 09:20:00,1753608000.0,18.64,18.64,18.62,18.63,402.81
2025-07-27 09:21:00,1753608060.0,18.63,18.64,18.63,18.64,716.93
2025-07-27 09:22:00,1753608120.0,18.64,18.65,18.64,18.65,590.08
2025-07-27 09:23:00,1753608180.0,18.66,18.66,18.65,18.65,294.12
2025-07-27 09:24:00,1753608240.0,18.66,18.66,18.65,18.65,829.45
2025-07-27 09:25:00,1753608300.0,18.66,18.66,18.64,18.65,148.04
2025-07-27 09:26:00,1753608360.0,18.64,18.65,18.63,18.64,381.66
2025-07-27 09:27:00,1753608420.0,18.64,18.66,18.64,18.66,289.03
2025-07-27 09:28:00,1753608480.0,18.66,18.66,18.64,18.66,135.88
2025-07-27 09:29:00,1753608540.0,18.66,18.66,18.64,18.64,198.55
2025-07-27 09:30:00,1753608600.0,18.65,18.65,18.63,18.64,1606.4
2025-07-27 09:31:00,1753608660.0,18.65,18.66,18.64,18.64,1136.25
2025-07-27 09:32:00,1753608720.0,18.64,18.65,18.64,18.65,2013.95
2025-07-27 09:33:00,1753608780.0,18.64,18.65,18.64,18.65,382.31
2025-07-27 09:34:00,1753608840.0,18.66,18.66,18.64,18.64,1188.95
2025-07-27 09:35:00,1753608900.0,18.65,18.67,18.65,18.65,865.31
2025-07-27 09:36:00,1753608960.0,18.65,18.65,18.63,18.63,7476.38
2025-07-27 09:37:00,1753609020.0,18.64,18.65,18.64,18.65,1221.53
2025-07-27 09:38:00,1753609080.0,18.65,18.66,18.64,18.66,2203.28
2025-07-27 09:39:00,1753609140.0,18.66,18.66,18.64,18.65,1157.09
2025-07-27 09:40:00,1753609200.0,18.65,18.66,18.64,18.65,252.01
2025-07-27 09:41:00,1753609260.0,18.64,18.65,18.63,18.64,1274.71
2025-07-27 09:42:00,1753609320.0,18.64,18.64,18.61,18.63,4551.76
2025-07-27 09:43:00,1753609380.0,18.63,18.63,18.6,18.61,462.05
2025-07-27 09:44:00,1753609440.0,18.61,18.61,18.59,18.61,836.72
2025-07-27 09:45:00,1753609500.0,18.6,18.6,18.58,18.59,993.95
2025-07-27 09:46:00,1753609560.0,18.59,18.59,18.57,18.58,2709.69
2025-07-27 09:47:00,1753609620.0,18.57,18.59,18.56,18.58,1264.36
2025-07-27 09:48:00,1753609680.0,18.57,18.58,18.57,18.57,762.49
2025-07-27 09:49:00,1753609740.0,18.58,18.59,18.57,18.58,1079.51
2025-07-27 09:50:00,1753609800.0,18.58,18.59,18.57,18.58,163.83
2025-07-27 09:51:00,1753609860.0,18.58,18.59,18.57,18.57,626.65
2025-07-27 09:52:00,1753609920.0,18.57,18.58,18.57,18.58,922.09
2025-07-27 09:53:00,1753609980.0,18.58,18.6,18.56,18.57,3212.14
2025-07-27 09:54:00,1753610040.0,18.56,18.57,18.55,18.56,1346.7
2025-07-27 09:55:00,1753610100.0,18.56,18.57,18.55,18.57,3836.51
2025-07-27 09:56:00,1753610160.0,18.56,18.59,18.56,18.58,795.16
2025-07-27 09:57:00,1753610220.0,18.58,18.58,18.57,18.58,625.04
2025-07-27 09:58:00,1753610280.0,18.58,18.59,18.57,18.58,296.65
2025-07-27 09:59:00,1753610340.0,18.59,18.59,18.57,18.58,110.12
2025-07-27 10:00:00,1753610400.0,18.58,18.59,18.57,18.59,353.24
2025-07-27 10:01:00,1753610460.0,18.59,18.63,18.59,18.63,4919.09
2025-07-27 10:02:00,1753610520.0,18.63,18.64,18.61,18.63,632.12
2025-07-27 10:03:00,1753610580.0,18.63,18.63,18.62,18.63,1141.2
2025-07-27 10:04:00,1753610640.0,18.62,18.63,18.61,18.63,780.69
2025-07-27 10:05:00,1753610700.0,18.63,18.64,18.62,18.63,2628.87
2025-07-27 10:06:00,1753610760.0,18.62,18.63,18.61,18.61,1162.65
2025-07-27 10:07:00,1753610820.0,18.62,18.64,18.62,18.64,142.91
2025-07-27 10:08:00,1753610880.0,18.64,18.64,18.63,18.64,332.96
2025-07-27 10:09:00,1753610940.0,18.64,18.66,18.64,18.66,3229.2
2025-07-27 10:10:00,1753611000.0,18.66,18.69,18.65,18.67,15896.63
2025-07-27 10:11:00,1753611060.0,18.67,18.68,18.66,18.68,1887.06
2025-07-27 10:12:00,1753611120.0,18.68,18.69,18.67,18.68,835.87
2025-07-27 10:13:00,1753611180.0,18.68,18.69,18.67,18.69,433.58
2025-07-27 10:14:00,1753611240.0,18.69,18.7,18.68,18.7,1388.69
2025-07-27 10:15:00,1753611300.0,18.7,18.73,18.69,18.73,2828.67
2025-07-27 10:16:00,1753611360.0,18.72,18.72,18.7,18.7,2173.31
2025-07-27 10:17:00,1753611420.0,18.71,18.72,18.7,18.71,852.08
2025-07-27 10:18:00,1753611480.0,18.71,18.72,18.7,18.71,356.08
2025-07-27 10:19:00,1753611540.0,18.71,18.73,18.71,18.73,348.0
2025-07-27 10:20:00,1753611600.0,18.73,18.74,18.72,18.73,2664.98
2025-07-27 10:21:00,1753611660.0,18.73,18.73,18.71,18.71,688.26
2025-07-27 10:22:00,1753611720.0,18.72,18.73,18.71,18.73,1268.54
2025-07-27 10:23:00,1753611780.0,18.73,18.75,18.71,18.73,1248.7
2025-07-27 10:24:00,1753611840.0,18.74,18.74,18.72,18.73,127.96
2025-07-27 10:25:00,1753611900.0,18.72,18.72,18.7,18.71,3073.75
2025-07-27 10:26:00,1753611960.0,18.71,18.73,18.71,18.72,1990.65
2025-07-27 10:27:00,1753612020.0,18.73,18.73,18.71,18.71,430.6
2025-07-27 10:28:00,1753612080.0,18.72,18.72,18.71,18.71,557.48
2025-07-27 10:29:00,1753612140.0,18.71,18.71,18.7,18.71,72.54
2025-07-27 10:30:00,1753612200.0,18.71,18.71,18.68,18.7,1036.49
2025-07-27 10:31:00,1753612260.0,18.7,18.73,18.69,18.72,1526.81
2025-07-27 10:32:00,1753612320.0,18.73,18.74,18.72,18.72,180.03
2025-07-27 10:33:00,1753612380.0,18.73,18.75,18.73,18.75,194.68
2025-07-27 10:34:00,1753612440.0,18.75,18.76,18.75,18.76,328.8
2025-07-27 10:35:00,1753612500.0,18.76,18.78,18.76,18.77,642.85
2025-07-27 10:36:00,1753612560.0,18.77,18.77,18.75,18.77,2073.01
2025-07-27 10:37:00,1753612620.0,18.77,18.78,18.77,18.78,377.6
2025-07-27 10:38:00,1753612680.0,18.78,18.78,18.76,18.77,113.31
2025-07-27 10:39:00,1753612740.0,18.77,18.79,18.77,18.78,85.45
2025-07-27 10:40:00,1753612800.0,18.79,18.81,18.79,18.81,3684.26
2025-07-27 10:41:00,1753612860.0,18.8,18.86,18.8,18.83,16168.57
2025-07-27 10:42:00,1753612920.0,18.83,18.85,18.82,18.84,2070.27
2025-07-27 10:43:00,1753612980.0,18.84,18.86,18.84,18.84,4420.08
2025-07-27 10:44:00,1753613040.0,18.85,18.89,18.83,18.87,9713.65
2025-07-27 10:45:00,1753613100.0,18.87,18.88,18.86,18.86,2208.96
2025-07-27 10:46:00,1753613160.0,18.86,18.89,18.86,18.88,823.88
2025-07-27 10:47:00,1753613220.0,18.88,18.9,18.87,18.88,997.23
2025-07-27 10:48:00,1753613280.0,18.88,18.95,18.88,18.93,20119.56
2025-07-27 10:49:00,1753613340.0,18.93,18.98,18.93,18.97,6310.83
2025-07-27 10:50:00,1753613400.0,18.97,18.98,18.95,18.95,4179.18
2025-07-27 10:51:00,1753613460.0,18.96,18.98,18.96,18.98,318.25
2025-07-27 10:52:00,1753613520.0,18.98,18.99,18.97,18.98,3064.04
2025-07-27 10:53:00,1753613580.0,18.97,18.98,18.96,18.98,2455.56
2025-07-27 10:54:00,1753613640.0,18.97,18.98,18.96,18.97,1363.73
2025-07-27 10:55:00,1753613700.0,18.97,19.01,18.96,18.99,26786.53
2025-07-27 10:56:00,1753613760.0,18.99,19.0,18.97,18.98,5466.99
2025-07-27 10:57:00,1753613820.0,18.98,18.98,18.92,18.92,3539.01
2025-07-27 10:58:00,1753613880.0,18.93,18.94,18.92,18.93,450.71
2025-07-27 10:59:00,1753613940.0,18.93,18.96,18.93,18.94,2273.61
2025-07-27 11:00:00,1753614000.0,18.95,18.99,18.95,18.96,18788.73
2025-07-27 11:01:00,1753614060.0,18.96,19.0,18.96,18.98,3307.77
2025-07-27 11:02:00,1753614120.0,18.99,19.0,18.98,18.99,1481.47
2025-07-27 11:03:00,1753614180.0,18.99,18.99,18.95,18.95,5619.96
2025-07-27 11:04:00,1753614240.0,18.95,18.96,18.93,18.95,2706.9
2025-07-27 11:05:00,1753614300.0,18.95,18.96,18.94,18.95,1052.89
2025-07-27 11:06:00,1753614360.0,18.95,18.95,18.92,18.92,873.97
2025-07-27 11:07:00,1753614420.0,18.92,18.93,18.9,18.92,3908.46
2025-07-27 11:08:00,1753614480.0,18.92,18.93,18.92,18.93,1929.29
2025-07-27 11:09:00,1753614540.0,18.93,18.93,18.92,18.93,1473.65
2025-07-27 11:10:00,1753614600.0,18.93,18.95,18.91,18.92,1478.47
2025-07-27 11:11:00,1753614660.0,18.92,18.92,18.9,18.91,2968.45
2025-07-27 11:12:00,1753614720.0,18.91,18.92,18.9,18.92,1193.36
2025-07-27 11:13:00,1753614780.0,18.91,18.94,18.91,18.94,1517.14
2025-07-27 11:14:00,1753614840.0,18.93,18.93,18.91,18.92,13269.73
2025-07-27 11:15:00,1753614900.0,18.92,18.93,18.9,18.93,706.19
2025-07-27 11:16:00,1753614960.0,18.92,18.96,18.92,18.96,1953.4
2025-07-27 11:17:00,1753615020.0,18.95,18.99,18.95,18.98,1739.37
2025-07-27 11:18:00,1753615080.0,18.98,18.98,18.92,18.93,1395.6
2025-07-27 11:19:00,1753615140.0,18.92,18.93,18.91,18.91,7762.76
2025-07-27 11:20:00,1753615200.0,18.91,18.93,18.9,18.93,4974.55
2025-07-27 11:21:00,1753615260.0,18.92,18.93,18.91,18.93,859.55
2025-07-27 11:22:00,1753615320.0,18.92,18.92,18.89,18.89,6076.92
2025-07-27 11:23:00,1753615380.0,18.89,18.89,18.87,18.87,1290.52
2025-07-27 11:24:00,1753615440.0,18.87,18.89,18.86,18.89,477.4
2025-07-27 11:25:00,1753615500.0,18.89,18.9,18.87,18.87,3865.5
2025-07-27 11:26:00,1753615560.0,18.88,18.9,18.88,18.89,643.77
2025-07-27 11:27:00,1753615620.0,18.9,18.9,18.88,18.88,1666.75
2025-07-27 11:28:00,1753615680.0,18.88,18.88,18.87,18.88,81.69
2025-07-27 11:29:00,1753615740.0,18.88,18.89,18.87,18.89,420.08
2025-07-27 11:30:00,1753615800.0,18.88,18.89,18.87,18.87,2025.2
2025-07-27 11:31:00,1753615860.0,18.87,18.9,18.87,18.9,6306.88
2025-07-27 11:32:00,1753615920.0,18.9,18.91,18.87,18.88,1078.43
2025-07-27 11:33:00,1753615980.0,18.88,18.88,18.86,18.87,16581.2
2025-07-27 11:34:00,1753616040.0,18.87,18.87,18.85,18.85,499.97
2025-07-27 11:35:00,1753616100.0,18.85,18.87,18.85,18.85,1343.79
2025-07-27 11:36:00,1753616160.0,18.85,18.86,18.83,18.84,1084.88
2025-07-27 11:37:00,1753616220.0,18.83,18.84,18.8,18.8,1487.93
2025-07-27 11:38:00,1753616280.0,18.8,18.81,18.78,18.78,1770.91
2025-07-27 11:39:00,1753616340.0,18.79,18.79,18.77,18.77,1814.62
2025-07-27 11:40:00,1753616400.0,18.78,18.79,18.78,18.79,1370.75
2025-07-27 11:41:00,1753616460.0,18.78,18.8,18.78,18.79,1840.89
2025-07-27 11:42:00,1753616520.0,18.78,18.79,18.77,18.79,1325.15
2025-07-27 11:43:00,1753616580.0,18.78,18.79,18.77,18.78,1204.72
2025-07-27 11:44:00,1753616640.0,18.78,18.79,18.76,18.77,970.2
2025-07-27 11:45:00,1753616700.0,18.77,18.78,18.75,18.77,3398.77
2025-07-27 11:46:00,1753616760.0,18.77,18.78,18.75,18.76,696.21
2025-07-27 11:47:00,1753616820.0,18.76,18.77,18.74,18.75,4122.39
2025-07-27 11:48:00,1753616880.0,18.74,18.75,18.72,18.73,1062.82
2025-07-27 11:49:00,1753616940.0,18.74,18.75,18.73,18.75,1418.7
2025-07-27 11:50:00,1753617000.0,18.75,18.76,18.74,18.75,2020.94
2025-07-27 11:51:00,1753617060.0,18.75,18.76,18.73,18.73,1824.94
2025-07-27 11:52:00,1753617120.0,18.74,18.75,18.74,18.74,1206.28
2025-07-27 11:53:00,1753617180.0,18.75,18.78,18.75,18.78,10449.35
2025-07-27 11:54:00,1753617240.0,18.77,18.77,18.74,18.75,1266.56
2025-07-27 11:55:00,1753617300.0,18.76,18.76,18.72,18.72,921.07
2025-07-27 11:56:00,1753617360.0,18.72,18.74,18.72,18.72,171.85
2025-07-27 11:57:00,1753617420.0,18.73,18.74,18.72,18.73,807.73
2025-07-27 11:58:00,1753617480.0,18.73,18.74,18.72,18.74,783.28
2025-07-27 11:59:00,1753617540.0,18.74,18.77,18.74,18.75,473.05
2025-07-27 12:00:00,1753617600.0,18.76,18.76,18.74,18.74,2351.0
2025-07-27 12:01:00,1753617660.0,18.75,18.79,18.74,18.78,4310.21
2025-07-27 12:02:00,1753617720.0,18.79,18.79,18.76,18.77,11581.95
2025-07-27 12:03:00,1753617780.0,18.77,18.78,18.77,18.78,1274.57
2025-07-27 12:04:00,1753617840.0,18.77,18.77,18.75,18.76,2744.74
2025-07-27 12:05:00,1753617900.0,18.77,18.78,18.77,18.77,2017.93
2025-07-27 12:06:00,1753617960.0,18.77,18.77,18.75,18.76,1527.73
2025-07-27 12:07:00,1753618020.0,18.75,18.75,18.71,18.74,5993.06
2025-07-27 12:08:00,1753618080.0,18.73,18.76,18.73,18.74,5336.5
2025-07-27 12:09:00,1753618140.0,18.74,18.78,18.74,18.77,13403.64
2025-07-27 12:10:00,1753618200.0,18.76,18.78,18.75,18.77,1473.21
2025-07-27 12:11:00,1753618260.0,18.77,18.77,18.75,18.77,1363.22
2025-07-27 12:12:00,1753618320.0,18.77,18.79,18.77,18.79,3910.89
2025-07-27 12:13:00,1753618380.0,18.8,18.84,18.79,18.82,7668.96
2025-07-27 12:14:00,1753618440.0,18.81,18.83,18.81,18.82,2056.02
2025-07-27 12:15:00,1753618500.0,18.82,18.83,18.8,18.8,1052.15
2025-07-27 12:16:00,1753618560.0,18.8,18.82,18.79,18.82,214.42
2025-07-27 12:17:00,1753618620.0,18.81,18.82,18.8,18.82,427.21
2025-07-27 12:18:00,1753618680.0,18.81,18.83,18.81,18.82,653.58
2025-07-27 12:19:00,1753618740.0,18.82,18.83,18.8,18.8,241.17
2025-07-27 12:20:00,1753618800.0,18.81,18.81,18.79,18.8,459.05
2025-07-27 12:21:00,1753618860.0,18.8,18.8,18.79,18.8,520.71
2025-07-27 12:22:00,1753618920.0,18.8,18.81,18.79,18.8,629.33
2025-07-27 12:23:00,1753618980.0,18.8,18.81,18.79,18.8,989.18
2025-07-27 12:24:00,1753619040.0,18.8,18.81,18.8,18.81,103.88
2025-07-27 12:25:00,1753619100.0,18.81,18.82,18.8,18.8,1592.93
2025-07-27 12:26:00,1753619160.0,18.79,18.8,18.78,18.78,259.5
2025-07-27 12:27:00,1753619220.0,18.78,18.81,18.78,18.81,1047.65
2025-07-27 12:28:00,1753619280.0,18.8,18.81,18.76,18.76,1827.03
2025-07-27 12:29:00,1753619340.0,18.76,18.77,18.73,18.74,931.8
2025-07-27 12:30:00,1753619400.0,18.75,18.76,18.74,18.76,699.71
2025-07-27 12:31:00,1753619460.0,18.77,18.77,18.75,18.77,531.14
2025-07-27 12:32:00,1753619520.0,18.78,18.78,18.75,18.75,1469.02
2025-07-27 12:33:00,1753619580.0,18.74,18.74,18.71,18.72,1978.95
2025-07-27 12:34:00,1753619640.0,18.71,18.71,18.69,18.7,660.3
2025-07-27 12:35:00,1753619700.0,18.7,18.7,18.66,18.66,1370.18
2025-07-27 12:36:00,1753619760.0,18.67,18.7,18.66,18.68,1585.21
2025-07-27 12:37:00,1753619820.0,18.67,18.71,18.67,18.7,801.82
2025-07-27 12:38:00,1753619880.0,18.7,18.7,18.68,18.69,917.46
2025-07-27 12:39:00,1753619940.0,18.69,18.7,18.67,18.67,552.83
2025-07-27 12:40:00,1753620000.0,18.68,18.7,18.68,18.68,158.14
2025-07-27 12:41:00,1753620060.0,18.69,18.7,18.68,18.7,122.58
2025-07-27 12:42:00,1753620120.0,18.7,18.71,18.69,18.7,272.54
2025-07-27 12:43:00,1753620180.0,18.7,18.73,18.7,18.72,246.5
2025-07-27 12:44:00,1753620240.0,18.72,18.72,18.7,18.71,872.23
2025-07-27 12:45:00,1753620300.0,18.71,18.71,18.69,18.71,2312.73
2025-07-27 12:46:00,1753620360.0,18.71,18.74,18.7,18.7,3838.79
2025-07-27 12:47:00,1753620420.0,18.7,18.74,18.69,18.74,14219.66
2025-07-27 12:48:00,1753620480.0,18.73,18.76,18.72,18.75,748.7
2025-07-27 12:49:00,1753620540.0,18.75,18.77,18.75,18.77,1212.99
2025-07-27 12:50:00,1753620600.0,18.77,18.77,18.74,18.76,1032.36
2025-07-27 12:51:00,1753620660.0,18.76,18.79,18.75,18.79,1974.08
2025-07-27 12:52:00,1753620720.0,18.79,18.84,18.79,18.84,3944.63
2025-07-27 12:53:00,1753620780.0,18.84,18.89,18.83,18.88,5150.59
2025-07-27 12:54:00,1753620840.0,18.88,18.92,18.88,18.91,9387.98
2025-07-27 12:55:00,1753620900.0,18.91,18.91,18.88,18.9,3171.83
2025-07-27 12:56:00,1753620960.0,18.9,18.9,18.88,18.89,3314.03
2025-07-27 12:57:00,1753621020.0,18.89,18.89,18.86,18.87,5369.62
2025-07-27 12:58:00,1753621080.0,18.87,18.88,18.86,18.87,253.0
2025-07-27 12:59:00,1753621140.0,18.87,18.88,18.86,18.87,4585.35
2025-07-27 13:00:00,1753621200.0,18.87,18.89,18.86,18.86,3117.14
2025-07-27 13:01:00,1753621260.0,18.86,18.86,18.83,18.86,1584.6
2025-07-27 13:02:00,1753621320.0,18.86,18.89,18.85,18.89,1188.86
2025-07-27 13:03:00,1753621380.0,18.89,18.94,18.89,18.94,3939.38
2025-07-27 13:04:00,1753621440.0,18.94,18.95,18.91,18.91,2768.23
2025-07-27 13:05:00,1753621500.0,18.92,18.92,18.88,18.88,869.01
2025-07-27 13:06:00,1753621560.0,18.89,18.89,18.86,18.88,3834.04
2025-07-27 13:07:00,1753621620.0,18.88,18.89,18.86,18.86,1339.56
2025-07-27 13:08:00,1753621680.0,18.86,18.87,18.84,18.86,1069.34
2025-07-27 13:09:00,1753621740.0,18.85,18.85,18.83,18.85,1493.17
2025-07-27 13:10:00,1753621800.0,18.85,18.86,18.84,18.86,1194.77
2025-07-27 13:11:00,1753621860.0,18.86,18.87,18.85,18.87,2938.95
2025-07-27 13:12:00,1753621920.0,18.86,18.86,18.83,18.84,1000.34
2025-07-27 13:13:00,1753621980.0,18.84,18.84,18.84,18.84,3534.54
2025-07-27 13:14:00,1753622040.0,18.83,18.86,18.82,18.84,3487.85
2025-07-27 13:15:00,1753622100.0,18.85,18.85,18.84,18.85,788.13
2025-07-27 13:16:00,1753622160.0,18.85,18.86,18.83,18.86,1537.67
2025-07-27 13:17:00,1753622220.0,18.86,18.86,18.81,18.84,1547.99
2025-07-27 13:18:00,1753622280.0,18.84,18.87,18.84,18.85,706.59
2025-07-27 13:19:00,1753622340.0,18.86,18.86,18.84,18.86,1068.64
2025-07-27 13:20:00,1753622400.0,18.87,18.89,18.84,18.85,1019.04
2025-07-27 13:21:00,1753622460.0,18.84,18.84,18.82,18.84,439.43
2025-07-27 13:22:00,1753622520.0,18.84,18.86,18.83,18.85,84.21
2025-07-27 13:23:00,1753622580.0,18.86,18.86,18.81,18.81,429.79
2025-07-27 13:24:00,1753622640.0,18.81,18.83,18.81,18.82,538.91
2025-07-27 13:25:00,1753622700.0,18.82,18.84,18.82,18.83,594.54
2025-07-27 13:26:00,1753622760.0,18.83,18.85,18.82,18.84,557.68
2025-07-27 13:27:00,1753622820.0,18.84,18.86,18.83,18.85,367.08
2025-07-27 13:28:00,1753622880.0,18.85,18.85,18.83,18.83,502.76
2025-07-27 13:29:00,1753622940.0,18.83,18.85,18.83,18.85,213.41
2025-07-27 13:30:00,1753623000.0,18.85,18.85,18.83,18.83,902.59
2025-07-27 13:31:00,1753623060.0,18.83,18.83,18.79,18.8,6720.46
2025-07-27 13:32:00,1753623120.0,18.79,18.8,18.78,18.79,1500.7
2025-07-27 13:33:00,1753623180.0,18.78,18.79,18.76,18.77,3364.53
2025-07-27 13:34:00,1753623240.0,18.77,18.79,18.77,18.78,936.13
2025-07-27 13:35:00,1753623300.0,18.78,18.81,18.78,18.8,2798.04
2025-07-27 13:36:00,1753623360.0,18.8,18.8,18.78,18.8,1378.7
2025-07-27 13:37:00,1753623420.0,18.8,18.82,18.79,18.81,160.78
2025-07-27 13:38:00,1753623480.0,18.82,18.83,18.8,18.82,3056.62
2025-07-27 13:39:00,1753623540.0,18.82,18.83,18.81,18.83,107.52
2025-07-27 13:40:00,1753623600.0,18.84,18.84,18.79,18.8,1267.29
2025-07-27 13:41:00,1753623660.0,18.79,18.8,18.77,18.8,694.04
2025-07-27 13:42:00,1753623720.0,18.8,18.81,18.78,18.81,2317.08
2025-07-27 13:43:00,1753623780.0,18.8,18.8,18.79,18.8,138.2
2025-07-27 13:44:00,1753623840.0,18.81,18.81,18.79,18.8,102.2
2025-07-27 13:45:00,1753623900.0,18.79,18.81,18.79,18.8,527.18
2025-07-27 13:46:00,1753623960.0,18.81,18.81,18.78,18.79,1976.97
2025-07-27 13:47:00,1753624020.0,18.79,18.8,18.77,18.79,187.67
2025-07-27 13:48:00,1753624080.0,18.79,18.8,18.77,18.79,374.67
2025-07-27 13:49:00,1753624140.0,18.79,18.81,18.79,18.81,169.61
2025-07-27 13:50:00,1753624200.0,18.8,18.8,18.78,18.79,761.25
2025-07-27 13:51:00,1753624260.0,18.79,18.8,18.77,18.78,903.01
2025-07-27 13:52:00,1753624320.0,18.77,18.79,18.76,18.76,1697.7
2025-07-27 13:53:00,1753624380.0,18.77,18.77,18.75,18.75,900.66
2025-07-27 13:54:00,1753624440.0,18.75,18.77,18.75,18.75,777.7
2025-07-27 13:55:00,1753624500.0,18.74,18.76,18.74,18.76,657.71
2025-07-27 13:56:00,1753624560.0,18.77,18.78,18.76,18.76,751.38
2025-07-27 13:57:00,1753624620.0,18.76,18.76,18.75,18.75,416.44
2025-07-27 13:58:00,1753624680.0,18.76,18.77,18.75,18.76,319.98
2025-07-27 13:59:00,1753624740.0,18.77,18.78,18.75,18.75,429.96
2025-07-27 14:00:00,1753624800.0,18.74,18.77,18.74,18.77,881.03
2025-07-27 14:01:00,1753624860.0,18.77,18.78,18.77,18.78,154.99
2025-07-27 14:02:00,1753624920.0,18.78,18.8,18.78,18.8,1336.8
2025-07-27 14:03:00,1753624980.0,18.81,18.82,18.79,18.8,180.14
2025-07-27 14:04:00,1753625040.0,18.79,18.79,18.76,18.77,633.22
2025-07-27 14:05:00,1753625100.0,18.77,18.77,18.74,18.74,504.0
2025-07-27 14:06:00,1753625160.0,18.74,18.78,18.74,18.76,487.02
2025-07-27 14:07:00,1753625220.0,18.75,18.76,18.72,18.73,5825.34
2025-07-27 14:08:00,1753625280.0,18.74,18.77,18.73,18.77,233.42
2025-07-27 14:09:00,1753625340.0,18.77,18.79,18.76,18.79,2481.88
2025-07-27 14:10:00,1753625400.0,18.79,18.8,18.76,18.77,729.07
2025-07-27 14:11:00,1753625460.0,18.78,18.8,18.76,18.76,255.73
2025-07-27 14:12:00,1753625520.0,18.77,18.77,18.75,18.76,449.41
2025-07-27 14:13:00,1753625580.0,18.76,18.76,18.74,18.76,341.47
2025-07-27 14:14:00,1753625640.0,18.76,18.78,18.76,18.78,3287.7
2025-07-27 14:15:00,1753625700.0,18.78,18.8,18.77,18.78,178.45
2025-07-27 14:16:00,1753625760.0,18.78,18.81,18.78,18.81,2269.94
2025-07-27 14:17:00,1753625820.0,18.81,18.84,18.8,18.83,383.65
2025-07-27 14:18:00,1753625880.0,18.84,18.85,18.81,18.82,1053.0
2025-07-27 14:19:00,1753625940.0,18.82,18.83,18.8,18.81,609.39
2025-07-27 14:20:00,1753626000.0,18.81,18.82,18.77,18.78,582.65
2025-07-27 14:21:00,1753626060.0,18.78,18.79,18.77,18.77,438.2
2025-07-27 14:22:00,1753626120.0,18.77,18.79,18.76,18.77,687.8
2025-07-27 14:23:00,1753626180.0,18.77,18.78,18.75,18.76,391.34
2025-07-27 14:24:00,1753626240.0,18.76,18.77,18.74,18.74,833.66
2025-07-27 14:25:00,1753626300.0,18.74,18.76,18.73,18.74,1462.09
2025-07-27 14:26:00,1753626360.0,18.75,18.76,18.75,18.75,122.07
2025-07-27 14:27:00,1753626420.0,18.76,18.76,18.74,18.75,102.61
2025-07-27 14:28:00,1753626480.0,18.75,18.76,18.74,18.76,2633.84
2025-07-27 14:29:00,1753626540.0,18.75,18.77,18.75,18.76,373.81
2025-07-27 14:30:00,1753626600.0,18.76,18.76,18.74,18.76,210.29
2025-07-27 14:31:00,1753626660.0,18.76,18.78,18.76,18.77,310.87
2025-07-27 14:32:00,1753626720.0,18.78,18.79,18.77,18.79,345.9
2025-07-27 14:33:00,1753626780.0,18.78,18.78,18.76,18.76,248.86
2025-07-27 14:34:00,1753626840.0,18.76,18.78,18.75,18.78,1834.71
2025-07-27 14:35:00,1753626900.0,18.78,18.79,18.77,18.77,150.92
2025-07-27 14:36:00,1753626960.0,18.77,18.77,18.73,18.76,11695.29
2025-07-27 14:37:00,1753627020.0,18.76,18.76,18.73,18.73,1285.02
2025-07-27 14:38:00,1753627080.0,18.73,18.74,18.72,18.73,5196.26
2025-07-27 14:39:00,1753627140.0,18.73,18.76,18.72,18.76,6897.86
2025-07-27 14:40:00,1753627200.0,18.76,18.76,18.75,18.75,994.38
2025-07-27 14:41:00,1753627260.0,18.75,18.79,18.75,18.79,319.87
2025-07-27 14:42:00,1753627320.0,18.79,18.79,18.77,18.78,1399.84
2025-07-27 14:43:00,1753627380.0,18.78,18.79,18.76,18.76,1525.7
2025-07-27 14:44:00,1753627440.0,18.77,18.77,18.73,18.73,651.29
2025-07-27 14:45:00,1753627500.0,18.73,18.74,18.69,18.69,1595.35
2025-07-27 14:46:00,1753627560.0,18.69,18.71,18.68,18.68,1059.98
2025-07-27 14:47:00,1753627620.0,18.68,18.71,18.68,18.69,2842.71
2025-07-27 14:48:00,1753627680.0,18.7,18.71,18.68,18.69,281.85
2025-07-27 14:49:00,1753627740.0,18.69,18.72,18.69,18.72,1559.36
2025-07-27 14:50:00,1753627800.0,18.72,18.73,18.7,18.7,222.67
2025-07-27 14:51:00,1753627860.0,18.7,18.71,18.67,18.71,3529.48
2025-07-27 14:52:00,1753627920.0,18.71,18.74,18.71,18.74,5132.47
2025-07-27 14:53:00,1753627980.0,18.74,18.74,18.73,18.74,97.84
2025-07-27 14:54:00,1753628040.0,18.74,18.75,18.73,18.74,102.44
2025-07-27 14:55:00,1753628100.0,18.75,18.78,18.75,18.76,898.16
2025-07-27 14:56:00,1753628160.0,18.76,18.76,18.73,18.75,331.52
2025-07-27 14:57:00,1753628220.0,18.75,18.75,18.72,18.72,222.58
2025-07-27 14:58:00,1753628280.0,18.73,18.75,18.73,18.74,187.63
2025-07-27 14:59:00,1753628340.0,18.75,18.75,18.74,18.74,22.94
2025-07-27 15:00:00,1753628400.0,18.74,18.74,18.72,18.73,619.13
2025-07-27 15:01:00,1753628460.0,18.73,18.76,18.72,18.73,625.49
2025-07-27 15:02:00,1753628520.0,18.73,18.74,18.73,18.73,740.02
2025-07-27 15:03:00,1753628580.0,18.74,18.75,18.73,18.74,3023.17
2025-07-27 15:04:00,1753628640.0,18.74,18.76,18.74,18.76,444.12
2025-07-27 15:05:00,1753628700.0,18.76,18.77,18.71,18.73,6074.7
2025-07-27 15:06:00,1753628760.0,18.73,18.74,18.71,18.74,3226.66
2025-07-27 15:07:00,1753628820.0,18.74,18.74,18.72,18.72,1165.34
2025-07-27 15:08:00,1753628880.0,18.73,18.73,18.71,18.72,1018.62
2025-07-27 15:09:00,1753628940.0,18.71,18.73,18.7,18.7,864.75
2025-07-27 15:10:00,1753629000.0,18.7,18.71,18.68,18.71,4434.13
2025-07-27 15:11:00,1753629060.0,18.7,18.7,18.67,18.67,1024.38
2025-07-27 15:12:00,1753629120.0,18.67,18.7,18.67,18.68,2374.79
2025-07-27 15:13:00,1753629180.0,18.68,18.69,18.67,18.67,322.48
2025-07-27 15:14:00,1753629240.0,18.67,18.68,18.67,18.68,1161.58
2025-07-27 15:15:00,1753629300.0,18.68,18.69,18.66,18.67,11610.1
2025-07-27 15:16:00,1753629360.0,18.66,18.69,18.65,18.68,5144.35
2025-07-27 15:17:00,1753629420.0,18.68,18.69,18.67,18.69,687.2
2025-07-27 15:18:00,1753629480.0,18.7,18.72,18.7,18.71,1923.9
2025-07-27 15:19:00,1753629540.0,18.71,18.75,18.71,18.75,750.41
2025-07-27 15:20:00,1753629600.0,18.75,18.76,18.72,18.73,621.18
2025-07-27 15:21:00,1753629660.0,18.74,18.77,18.74,18.77,928.52
2025-07-27 15:22:00,1753629720.0,18.76,18.78,18.76,18.78,849.7
2025-07-27 15:23:00,1753629780.0,18.78,18.8,18.77,18.77,534.21
2025-07-27 15:24:00,1753629840.0,18.78,18.81,18.78,18.8,939.1
2025-07-27 15:25:00,1753629900.0,18.81,18.81,18.79,18.79,702.02
2025-07-27 15:26:00,1753629960.0,18.79,18.8,18.79,18.79,31.41
2025-07-27 15:27:00,1753630020.0,18.79,18.81,18.79,18.8,1369.75
2025-07-27 15:28:00,1753630080.0,18.81,18.81,18.78,18.79,533.8
2025-07-27 15:29:00,1753630140.0,18.78,18.78,18.76,18.77,828.48
2025-07-27 15:30:00,1753630200.0,18.78,18.79,18.76,18.78,1142.39
2025-07-27 15:31:00,1753630260.0,18.79,18.8,18.77,18.77,1502.49
2025-07-27 15:32:00,1753630320.0,18.77,18.77,18.74,18.77,1186.06
2025-07-27 15:33:00,1753630380.0,18.76,18.81,18.76,18.81,2356.57
2025-07-27 15:34:00,1753630440.0,18.8,18.82,18.8,18.82,1873.91
2025-07-27 15:35:00,1753630500.0,18.82,18.82,18.78,18.8,5418.49
2025-07-27 15:36:00,1753630560.0,18.8,18.8,18.77,18.77,659.85
2025-07-27 15:37:00,1753630620.0,18.78,18.8,18.76,18.76,541.5
2025-07-27 15:38:00,1753630680.0,18.76,18.76,18.74,18.74,1342.81
2025-07-27 15:39:00,1753630740.0,18.74,18.78,18.73,18.78,1242.8
2025-07-27 15:40:00,1753630800.0,18.78,18.79,18.77,18.77,916.91
2025-07-27 15:41:00,1753630860.0,18.77,18.78,18.76,18.77,1110.35
2025-07-27 15:42:00,1753630920.0,18.77,18.79,18.76,18.79,1184.49
2025-07-27 15:43:00,1753630980.0,18.79,18.8,18.78,18.79,1550.16
2025-07-27 15:44:00,1753631040.0,18.8,18.8,18.79,18.8,869.19
2025-07-27 15:45:00,1753631100.0,18.81,18.82,18.8,18.82,1289.22
2025-07-27 15:46:00,1753631160.0,18.82,18.83,18.77,18.78,1293.65
2025-07-27 15:47:00,1753631220.0,18.79,18.79,18.75,18.75,1353.08
2025-07-27 15:48:00,1753631280.0,18.76,18.78,18.75,18.77,453.14
2025-07-27 15:49:00,1753631340.0,18.78,18.81,18.77,18.81,760.59
2025-07-27 15:50:00,1753631400.0,18.81,18.81,18.79,18.81,526.48
2025-07-27 15:51:00,1753631460.0,18.81,18.82,18.79,18.8,918.59
2025-07-27 15:52:00,1753631520.0,18.8,18.8,18.78,18.8,713.03
2025-07-27 15:53:00,1753631580.0,18.8,18.81,18.79,18.81,1254.93
2025-07-27 15:54:00,1753631640.0,18.81,18.83,18.81,18.83,1814.71
2025-07-27 15:55:00,1753631700.0,18.82,18.82,18.79,18.8,552.55
2025-07-27 15:56:00,1753631760.0,18.8,18.81,18.8,18.8,692.14
2025-07-27 15:57:00,1753631820.0,18.81,18.82,18.81,18.82,344.17
2025-07-27 15:58:00,1753631880.0,18.83,18.85,18.82,18.84,2738.71
2025-07-27 15:59:00,1753631940.0,18.84,18.86,18.84,18.85,1972.48
2025-07-27 16:00:00,1753632000.0,18.85,18.89,18.85,18.88,2536.86
2025-07-27 16:01:00,1753632060.0,18.88,18.9,18.87,18.9,1720.87
2025-07-27 16:02:00,1753632120.0,18.9,18.9,18.89,18.9,1157.01
2025-07-27 16:03:00,1753632180.0,18.89,18.91,18.89,18.9,770.55
2025-07-27 16:04:00,1753632240.0,18.9,18.93,18.9,18.92,599.96
2025-07-27 16:05:00,1753632300.0,18.92,18.92,18.89,18.91,1483.37
2025-07-27 16:06:00,1753632360.0,18.9,18.92,18.89,18.91,1738.32
2025-07-27 16:07:00,1753632420.0,18.91,18.92,18.89,18.89,1947.7
2025-07-27 16:08:00,1753632480.0,18.89,18.89,18.87,18.88,613.1
2025-07-27 16:09:00,1753632540.0,18.88,18.91,18.88,18.89,1906.42
2025-07-27 16:10:00,1753632600.0,18.89,18.91,18.87,18.91,1930.71
2025-07-27 16:11:00,1753632660.0,18.91,18.94,18.91,18.92,2497.58
2025-07-27 16:12:00,1753632720.0,18.92,18.95,18.9,18.91,6001.96
2025-07-27 16:13:00,1753632780.0,18.91,18.94,18.91,18.94,572.56
2025-07-27 16:14:00,1753632840.0,18.94,18.96,18.93,18.95,2312.81
2025-07-27 16:15:00,1753632900.0,18.95,18.95,18.91,18.93,1327.43
2025-07-27 16:16:00,1753632960.0,18.93,18.97,18.93,18.96,9608.08
2025-07-27 16:17:00,1753633020.0,18.96,18.97,18.95,18.96,951.09
2025-07-27 16:18:00,1753633080.0,18.97,18.99,18.96,18.97,12634.68
2025-07-27 16:19:00,1753633140.0,18.97,18.99,18.97,18.99,10788.22
2025-07-27 16:20:00,1753633200.0,19.0,19.01,18.98,18.99,5649.32
2025-07-27 16:21:00,1753633260.0,18.99,19.0,18.97,19.0,5118.46
2025-07-27 16:22:00,1753633320.0,19.01,19.02,19.0,19.0,4886.85
2025-07-27 16:23:00,1753633380.0,19.0,19.02,18.99,19.01,2316.87
2025-07-27 16:24:00,1753633440.0,19.01,19.03,19.01,19.02,6120.76
2025-07-27 16:25:00,1753633500.0,19.01,19.03,19.0,19.02,2770.58
2025-07-27 16:26:00,1753633560.0,19.02,19.02,18.98,19.0,2112.83
2025-07-27 16:27:00,1753633620.0,19.0,19.0,18.97,18.99,6444.65
2025-07-27 16:28:00,1753633680.0,19.0,19.01,18.98,19.0,2453.04
2025-07-27 16:29:00,1753633740.0,19.0,19.05,19.0,19.03,3429.85
2025-07-27 16:30:00,1753633800.0,19.03,19.05,19.02,19.02,985.36
2025-07-27 16:31:00,1753633860.0,19.02,19.06,19.01,19.03,5516.01
2025-07-27 16:32:00,1753633920.0,19.03,19.06,19.03,19.04,2577.91
2025-07-27 16:33:00,1753633980.0,19.04,19.05,19.03,19.05,2427.47
2025-07-27 16:34:00,1753634040.0,19.05,19.07,19.05,19.06,513.93
2025-07-27 16:35:00,1753634100.0,19.06,19.08,19.06,19.06,1643.27
2025-07-27 16:36:00,1753634160.0,19.06,19.09,19.04,19.08,3425.11
2025-07-27 16:37:00,1753634220.0,19.08,19.1,19.08,19.09,3408.74
2025-07-27 16:38:00,1753634280.0,19.09,19.1,19.08,19.09,2795.72
2025-07-27 16:39:00,1753634340.0,19.09,19.11,19.09,19.1,3047.85
2025-07-27 16:40:00,1753634400.0,19.11,19.11,19.07,19.1,3313.8
2025-07-27 16:41:00,1753634460.0,19.09,19.09,19.06,19.07,1090.81
2025-07-27 16:42:00,1753634520.0,19.08,19.08,19.06,19.07,1591.18
2025-07-27 16:43:00,1753634580.0,19.07,19.08,19.0,19.0,7431.82
2025-07-27 16:44:00,1753634640.0,19.0,19.01,18.96,18.96,16116.25
2025-07-27 16:45:00,1753634700.0,18.97,18.99,18.95,18.96,17624.45
2025-07-27 16:46:00,1753634760.0,18.97,19.0,18.95,18.99,5190.12
2025-07-27 16:47:00,1753634820.0,18.99,19.01,18.98,18.99,1291.94
2025-07-27 16:48:00,1753634880.0,18.99,19.0,18.97,18.99,9474.64
2025-07-27 16:49:00,1753634940.0,18.98,18.99,18.97,18.98,1674.48
2025-07-27 16:50:00,1753635000.0,18.98,18.98,18.95,18.97,1224.46
2025-07-27 16:51:00,1753635060.0,18.96,18.96,18.93,18.94,6891.33
2025-07-27 16:52:00,1753635120.0,18.94,18.94,18.92,18.92,10749.85
2025-07-27 16:53:00,1753635180.0,18.93,18.93,18.91,18.93,13627.28
2025-07-27 16:54:00,1753635240.0,18.92,18.94,18.91,18.91,3345.82
2025-07-27 16:55:00,1753635300.0,18.92,18.92,18.89,18.91,25135.19
2025-07-27 16:56:00,1753635360.0,18.91,18.91,18.88,18.89,16154.81
2025-07-27 16:57:00,1753635420.0,18.89,18.9,18.86,18.87,9263.13
2025-07-27 16:58:00,1753635480.0,18.88,18.91,18.88,18.89,1407.55
2025-07-27 16:59:00,1753635540.0,18.89,18.91,18.88,18.91,1113.89
2025-07-27 17:00:00,1753635600.0,18.91,18.91,18.87,18.87,587.91
2025-07-27 17:01:00,1753635660.0,18.88,18.9,18.87,18.89,2342.36
2025-07-27 17:02:00,1753635720.0,18.88,18.88,18.86,18.87,902.89
2025-07-27 17:03:00,1753635780.0,18.87,18.9,18.87,18.88,1236.95
2025-07-27 17:04:00,1753635840.0,18.87,18.91,18.86,18.91,619.86
2025-07-27 17:05:00,1753635900.0,18.91,18.94,18.9,18.94,948.86
2025-07-27 17:06:00,1753635960.0,18.94,18.99,18.93,18.93,14387.14
2025-07-27 17:07:00,1753636020.0,18.94,18.95,18.9,18.92,2393.54
2025-07-27 17:08:00,1753636080.0,18.92,18.95,18.92,18.95,2282.74
2025-07-27 17:09:00,1753636140.0,18.94,18.96,18.92,18.93,10203.82
2025-07-27 17:10:00,1753636200.0,18.93,18.96,18.92,18.94,1495.12
2025-07-27 17:11:00,1753636260.0,18.95,18.95,18.9,18.91,1431.1
2025-07-27 17:12:00,1753636320.0,18.9,18.92,18.88,18.91,6338.38
2025-07-27 17:13:00,1753636380.0,18.91,18.92,18.9,18.91,3321.34
2025-07-27 17:14:00,1753636440.0,18.92,18.93,18.91,18.92,308.96
2025-07-27 17:15:00,1753636500.0,18.93,18.95,18.91,18.95,1322.0
2025-07-27 17:16:00,1753636560.0,18.94,18.97,18.94,18.96,1530.08
2025-07-27 17:17:00,1753636620.0,18.97,18.97,18.93,18.94,1289.27
2025-07-27 17:18:00,1753636680.0,18.93,18.95,18.92,18.93,3078.33
2025-07-27 17:19:00,1753636740.0,18.93,18.94,18.91,18.92,2061.52
2025-07-27 17:20:00,1753636800.0,18.91,18.94,18.91,18.93,2736.11
2025-07-27 17:21:00,1753636860.0,18.93,18.96,18.93,18.93,1268.51
2025-07-27 17:22:00,1753636920.0,18.93,18.95,18.91,18.93,2456.93
2025-07-27 17:23:00,1753636980.0,18.93,18.93,18.9,18.9,899.11
2025-07-27 17:24:00,1753637040.0,18.9,18.91,18.88,18.9,556.29
2025-07-27 17:25:00,1753637100.0,18.9,18.92,18.89,18.92,923.41
2025-07-27 17:26:00,1753637160.0,18.92,18.96,18.91,18.96,556.53
2025-07-27 17:27:00,1753637220.0,18.97,19.0,18.97,19.0,3662.07
2025-07-27 17:28:00,1753637280.0,19.0,19.02,18.99,19.02,5928.59
2025-07-27 17:29:00,1753637340.0,19.02,19.05,19.02,19.04,3853.57
2025-07-27 17:30:00,1753637400.0,19.04,19.05,19.01,19.02,3812.95
2025-07-27 17:31:00,1753637460.0,19.02,19.03,18.98,19.01,4415.93
2025-07-27 17:32:00,1753637520.0,19.01,19.04,19.01,19.02,1863.33
2025-07-27 17:33:00,1753637580.0,19.01,19.01,18.99,19.01,4519.31
2025-07-27 17:34:00,1753637640.0,19.0,19.0,18.96,18.97,330.01
2025-07-27 17:35:00,1753637700.0,18.97,18.98,18.92,18.92,3017.21
2025-07-27 17:36:00,1753637760.0,18.92,18.95,18.91,18.95,1215.72
2025-07-27 17:37:00,1753637820.0,18.95,18.95,18.93,18.94,1137.5
2025-07-27 17:38:00,1753637880.0,18.93,18.93,18.9,18.91,819.73
2025-07-27 17:39:00,1753637940.0,18.91,18.91,18.9,18.91,1966.96
2025-07-27 17:40:00,1753638000.0,18.91,18.91,18.89,18.91,2066.03
2025-07-27 17:41:00,1753638060.0,18.91,18.91,18.89,18.9,1816.41
2025-07-27 17:42:00,1753638120.0,18.9,18.92,18.89,18.92,622.61
2025-07-27 17:43:00,1753638180.0,18.92,18.93,18.9,18.93,542.8
2025-07-27 17:44:00,1753638240.0,18.93,18.93,18.91,18.91,434.73
2025-07-27 17:45:00,1753638300.0,18.92,18.93,18.91,18.93,715.27
2025-07-27 17:46:00,1753638360.0,18.92,18.92,18.91,18.91,243.93
2025-07-27 17:47:00,1753638420.0,18.91,18.93,18.9,18.93,155.17
2025-07-27 17:48:00,1753638480.0,18.93,18.93,18.91,18.92,3357.81
2025-07-27 17:49:00,1753638540.0,18.92,18.94,18.92,18.94,80.15
2025-07-27 17:50:00,1753638600.0,18.94,18.97,18.94,18.96,627.99
2025-07-27 17:51:00,1753638660.0,18.96,18.97,18.92,18.92,1786.44
2025-07-27 17:52:00,1753638720.0,18.92,18.94,18.92,18.94,538.62
2025-07-27 17:53:00,1753638780.0,18.95,18.95,18.93,18.93,96.86
2025-07-27 17:54:00,1753638840.0,18.94,18.96,18.94,18.96,357.57
2025-07-27 17:55:00,1753638900.0,18.96,18.97,18.96,18.97,345.59
2025-07-27 17:56:00,1753638960.0,18.97,18.98,18.97,18.98,668.94
2025-07-27 17:57:00,1753639020.0,18.97,18.98,18.97,18.97,3096.52
2025-07-27 17:58:00,1753639080.0,18.97,18.98,18.97,18.98,501.02
2025-07-27 17:59:00,1753639140.0,18.99,18.99,18.97,18.97,784.05
2025-07-27 18:00:00,1753639200.0,18.97,18.99,18.96,18.97,853.67
2025-07-27 18:01:00,1753639260.0,18.97,18.98,18.95,18.98,2946.93
2025-07-27 18:02:00,1753639320.0,18.97,18.98,18.97,18.97,621.11
2025-07-27 18:03:00,1753639380.0,18.98,18.99,18.96,18.98,723.96
2025-07-27 18:04:00,1753639440.0,18.99,19.04,18.99,19.04,15016.34
2025-07-27 18:05:00,1753639500.0,19.04,19.07,19.04,19.06,1887.39
2025-07-27 18:06:00,1753639560.0,19.06,19.07,19.04,19.05,1196.25
2025-07-27 18:07:00,1753639620.0,19.05,19.06,19.04,19.04,5743.67
2025-07-27 18:08:00,1753639680.0,19.05,19.05,19.02,19.02,1763.93
2025-07-27 18:09:00,1753639740.0,19.02,19.02,18.99,18.99,1550.59
2025-07-27 18:10:00,1753639800.0,18.99,19.02,18.99,19.02,2299.01
2025-07-27 18:11:00,1753639860.0,19.02,19.03,19.01,19.01,1354.6
2025-07-27 18:12:00,1753639920.0,19.01,19.04,19.01,19.04,1691.33
2025-07-27 18:13:00,1753639980.0,19.03,19.04,19.02,19.03,205.13
2025-07-27 18:14:00,1753640040.0,19.02,19.05,19.02,19.04,681.45
2025-07-27 18:15:00,1753640100.0,19.05,19.05,19.03,19.03,441.73
2025-07-27 18:16:00,1753640160.0,19.03,19.03,18.97,18.97,3351.19
2025-07-27 18:17:00,1753640220.0,18.98,19.04,18.98,19.04,8654.21
2025-07-27 18:18:00,1753640280.0,19.04,19.09,19.04,19.07,7062.05
2025-07-27 18:19:00,1753640340.0,19.07,19.11,19.06,19.09,24578.3
2025-07-27 18:20:00,1753640400.0,19.09,19.09,19.03,19.04,2424.25
2025-07-27 18:21:00,1753640460.0,19.04,19.05,19.03,19.05,1374.85
2025-07-27 18:22:00,1753640520.0,19.06,19.07,19.02,19.05,886.71
2025-07-27 18:23:00,1753640580.0,19.06,19.06,19.03,19.03,922.61
2025-07-27 18:24:00,1753640640.0,19.04,19.08,19.03,19.08,1657.45
2025-07-27 18:25:00,1753640700.0,19.08,19.1,19.07,19.09,3093.26
2025-07-27 18:26:00,1753640760.0,19.09,19.09,19.07,19.07,1951.29
2025-07-27 18:27:00,1753640820.0,19.08,19.08,19.06,19.08,1347.79
2025-07-27 18:28:00,1753640880.0,19.08,19.1,19.08,19.09,467.05
2025-07-27 18:29:00,1753640940.0,19.08,19.08,19.07,19.08,1507.75
2025-07-27 18:30:00,1753641000.0,19.08,19.1,19.07,19.07,2255.19
2025-07-27 18:31:00,1753641060.0,19.07,19.08,19.06,19.07,3228.88
2025-07-27 18:32:00,1753641120.0,19.06,19.07,19.05,19.05,15816.72
2025-07-27 18:33:00,1753641180.0,19.04,19.06,19.03,19.06,24566.65
2025-07-27 18:34:00,1753641240.0,19.07,19.11,19.06,19.11,5745.05
2025-07-27 18:35:00,1753641300.0,19.11,19.11,19.08,19.09,2382.13
2025-07-27 18:36:00,1753641360.0,19.09,19.09,19.07,19.07,1445.0
2025-07-27 18:37:00,1753641420.0,19.07,19.08,19.05,19.05,4211.22
2025-07-27 18:38:00,1753641480.0,19.05,19.09,19.05,19.08,3309.89
2025-07-27 18:39:00,1753641540.0,19.07,19.07,19.05,19.05,2753.89
2025-07-27 18:40:00,1753641600.0,19.05,19.07,19.05,19.06,1533.46
2025-07-27 18:41:00,1753641660.0,19.07,19.08,19.07,19.08,1492.07
2025-07-27 18:42:00,1753641720.0,19.07,19.08,19.06,19.06,1338.63
2025-07-27 18:43:00,1753641780.0,19.06,19.07,19.06,19.07,211.64
2025-07-27 18:44:00,1753641840.0,19.06,19.07,19.04,19.06,9317.27
2025-07-27 18:45:00,1753641900.0,19.05,19.06,19.04,19.04,3368.1
2025-07-27 18:46:00,1753641960.0,19.04,19.05,19.02,19.03,532.61
2025-07-27 18:47:00,1753642020.0,19.02,19.03,19.0,19.02,2494.26
2025-07-27 18:48:00,1753642080.0,19.02,19.04,19.02,19.04,1616.01
2025-07-27 18:49:00,1753642140.0,19.04,19.05,19.02,19.02,643.48
2025-07-27 18:50:00,1753642200.0,19.02,19.03,19.0,19.01,347.25
2025-07-27 18:51:00,1753642260.0,19.02,19.02,19.0,19.02,195.07
2025-07-27 18:52:00,1753642320.0,19.02,19.03,19.01,19.01,1549.25
2025-07-27 18:53:00,1753642380.0,19.0,19.0,18.99,19.0,902.33
2025-07-27 18:54:00,1753642440.0,19.0,19.01,18.99,19.0,1081.77
2025-07-27 18:55:00,1753642500.0,19.0,19.02,19.0,19.02,345.88
2025-07-27 18:56:00,1753642560.0,19.02,19.04,19.02,19.03,2364.64
2025-07-27 18:57:00,1753642620.0,19.03,19.06,19.03,19.06,446.27
2025-07-27 18:58:00,1753642680.0,19.06,19.08,19.06,19.07,148.32
2025-07-27 18:59:00,1753642740.0,19.07,19.07,19.05,19.05,243.85
2025-07-27 19:00:00,1753642800.0,19.05,19.06,19.04,19.05,638.09
2025-07-27 19:01:00,1753642860.0,19.05,19.05,19.03,19.05,644.66
2025-07-27 19:02:00,1753642920.0,19.05,19.08,19.05,19.05,397.94
2025-07-27 19:03:00,1753642980.0,19.06,19.06,19.03,19.04,700.62
2025-07-27 19:04:00,1753643040.0,19.04,19.07,19.04,19.06,961.61
2025-07-27 19:05:00,1753643100.0,19.05,19.06,19.04,19.04,674.87
2025-07-27 19:06:00,1753643160.0,19.03,19.03,19.01,19.03,213.22
2025-07-27 19:07:00,1753643220.0,19.03,19.03,19.0,19.02,379.24
2025-07-27 19:08:00,1753643280.0,19.01,19.06,19.01,19.06,568.05
2025-07-27 19:09:00,1753643340.0,19.05,19.07,19.04,19.07,294.08
2025-07-27 19:10:00,1753643400.0,19.07,19.08,19.07,19.07,235.21
2025-07-27 19:11:00,1753643460.0,19.06,19.06,19.02,19.02,2852.89
2025-07-27 19:12:00,1753643520.0,19.01,19.02,19.01,19.02,233.72
2025-07-27 19:13:00,1753643580.0,19.02,19.03,19.01,19.01,739.42
2025-07-27 19:14:00,1753643640.0,19.01,19.05,19.01,19.03,246.41
2025-07-27 19:15:00,1753643700.0,19.02,19.02,19.01,19.01,350.97
2025-07-27 19:16:00,1753643760.0,19.0,19.0,18.98,18.98,8289.16
2025-07-27 19:17:00,1753643820.0,18.98,19.03,18.98,19.03,2713.45
2025-07-27 19:18:00,1753643880.0,19.03,19.05,19.03,19.04,2028.15
2025-07-27 19:19:00,1753643940.0,19.04,19.06,19.03,19.06,1016.69
2025-07-27 19:20:00,1753644000.0,19.07,19.08,19.05,19.05,705.92
2025-07-27 19:21:00,1753644060.0,19.05,19.06,19.05,19.05,1067.29
2025-07-27 19:22:00,1753644120.0,19.04,19.07,19.03,19.03,587.57
2025-07-27 19:23:00,1753644180.0,19.03,19.05,19.01,19.05,633.08
2025-07-27 19:24:00,1753644240.0,19.05,19.09,19.05,19.09,992.7
2025-07-27 19:25:00,1753644300.0,19.09,19.09,19.07,19.07,1102.18
2025-07-27 19:26:00,1753644360.0,19.07,19.08,19.05,19.05,1556.8
2025-07-27 19:27:00,1753644420.0,19.06,19.09,19.06,19.08,2312.4
2025-07-27 19:28:00,1753644480.0,19.09,19.09,19.07,19.07,157.39
2025-07-27 19:29:00,1753644540.0,19.07,19.07,19.07,19.07,156.88
2025-07-27 19:30:00,1753644600.0,19.08,19.08,19.06,19.08,342.12
2025-07-27 19:31:00,1753644660.0,19.09,19.09,19.06,19.07,3061.65
2025-07-27 19:32:00,1753644720.0,19.07,19.07,19.04,19.06,827.02
2025-07-27 19:33:00,1753644780.0,19.07,19.08,19.06,19.07,1213.08
2025-07-27 19:34:00,1753644840.0,19.07,19.07,19.05,19.07,180.24
2025-07-27 19:35:00,1753644900.0,19.08,19.1,19.07,19.09,368.58
2025-07-27 19:36:00,1753644960.0,19.09,19.1,19.08,19.09,140.13
2025-07-27 19:37:00,1753645020.0,19.09,19.09,19.04,19.07,958.37
2025-07-27 19:38:00,1753645080.0,19.06,19.06,19.04,19.05,370.26
2025-07-27 19:39:00,1753645140.0,19.05,19.06,19.05,19.06,414.53
2025-07-27 19:40:00,1753645200.0,19.05,19.05,19.04,19.04,136.61
2025-07-27 19:41:00,1753645260.0,19.04,19.05,19.03,19.04,1963.04
2025-07-27 19:42:00,1753645320.0,19.04,19.04,19.01,19.01,270.03
2025-07-27 19:43:00,1753645380.0,19.01,19.03,19.01,19.02,2070.89
2025-07-27 19:44:00,1753645440.0,19.02,19.02,19.0,19.01,62.98
2025-07-27 19:45:00,1753645500.0,19.01,19.02,19.0,19.01,517.3
2025-07-27 19:46:00,1753645560.0,19.01,19.01,18.99,19.01,394.82
2025-07-27 19:47:00,1753645620.0,19.0,19.03,19.0,19.03,6067.53
2025-07-27 19:48:00,1753645680.0,19.03,19.05,19.03,19.04,1641.12
2025-07-27 19:49:00,1753645740.0,19.04,19.06,19.03,19.04,356.4
2025-07-27 19:50:00,1753645800.0,19.05,19.05,19.03,19.03,72.58
2025-07-27 19:51:00,1753645860.0,19.03,19.04,19.02,19.02,742.48
2025-07-27 19:52:00,1753645920.0,19.03,19.03,19.02,19.02,51.91
2025-07-27 19:53:00,1753645980.0,19.02,19.03,19.02,19.02,228.15
2025-07-27 19:54:00,1753646040.0,19.02,19.04,19.02,19.04,348.11
2025-07-27 19:55:00,1753646100.0,19.05,19.05,19.04,19.04,358.25
2025-07-27 19:56:00,1753646160.0,19.04,19.05,19.02,19.02,230.25
2025-07-27 19:57:00,1753646220.0,19.02,19.02,19.0,19.0,776.12
2025-07-27 19:58:00,1753646280.0,19.0,19.0,18.99,18.99,176.96
2025-07-27 19:59:00,1753646340.0,19.0,19.0,18.99,19.0,262.15
2025-07-27 20:00:00,1753646400.0,19.01,19.02,19.0,19.01,2555.77
2025-07-27 20:01:00,1753646460.0,19.01,19.04,19.01,19.04,336.94
2025-07-27 20:02:00,1753646520.0,19.04,19.08,19.04,19.08,605.2
2025-07-27 20:03:00,1753646580.0,19.07,19.08,19.06,19.08,511.82
2025-07-27 20:04:00,1753646640.0,19.09,19.11,19.09,19.11,1370.66
2025-07-27 20:05:00,1753646700.0,19.11,19.12,19.09,19.11,367.05
2025-07-27 20:06:00,1753646760.0,19.11,19.16,19.11,19.15,7915.58
2025-07-27 20:07:00,1753646820.0,19.15,19.16,19.12,19.14,2803.58
2025-07-27 20:08:00,1753646880.0,19.14,19.14,19.11,19.12,891.31
2025-07-27 20:09:00,1753646940.0,19.12,19.12,19.1,19.1,1962.02
2025-07-27 20:10:00,1753647000.0,19.1,19.12,19.09,19.12,1072.52
2025-07-27 20:11:00,1753647060.0,19.12,19.13,19.12,19.13,265.15
2025-07-27 20:12:00,1753647120.0,19.13,19.14,19.12,19.13,424.27
2025-07-27 20:13:00,1753647180.0,19.13,19.14,19.1,19.1,1097.7
2025-07-27 20:14:00,1753647240.0,19.1,19.11,19.1,19.11,189.03
2025-07-27 20:15:00,1753647300.0,19.1,19.13,19.09,19.12,600.51
2025-07-27 20:16:00,1753647360.0,19.12,19.13,19.07,19.07,2508.38
2025-07-27 20:17:00,1753647420.0,19.08,19.09,19.06,19.09,1504.69
2025-07-27 20:18:00,1753647480.0,19.09,19.09,19.06,19.07,1714.41
2025-07-27 20:19:00,1753647540.0,19.06,19.06,19.03,19.03,2397.65
2025-07-27 20:20:00,1753647600.0,19.02,19.04,19.02,19.02,224.78
2025-07-27 20:21:00,1753647660.0,19.01,19.04,19.01,19.03,215.55
2025-07-27 20:22:00,1753647720.0,19.03,19.04,19.02,19.04,282.77
2025-07-27 20:23:00,1753647780.0,19.04,19.05,19.01,19.02,149.36
2025-07-27 20:24:00,1753647840.0,19.02,19.03,19.01,19.02,1431.5
2025-07-27 20:25:00,1753647900.0,19.03,19.03,19.02,19.02,338.96
2025-07-27 20:26:00,1753647960.0,19.02,19.02,19.0,19.01,1413.6
2025-07-27 20:27:00,1753648020.0,19.01,19.03,19.01,19.03,329.91
2025-07-27 20:28:00,1753648080.0,19.04,19.04,19.02,19.03,395.3
2025-07-27 20:29:00,1753648140.0,19.03,19.05,19.03,19.05,200.47
2025-07-27 20:30:00,1753648200.0,19.05,19.05,19.01,19.01,1614.1
2025-07-27 20:31:00,1753648260.0,19.02,19.02,19.0,19.0,235.68
2025-07-27 20:32:00,1753648320.0,19.01,19.02,19.01,19.01,315.03
2025-07-27 20:33:00,1753648380.0,19.02,19.03,19.01,19.03,789.59
2025-07-27 20:34:00,1753648440.0,19.03,19.04,19.02,19.03,329.53
2025-07-27 20:35:00,1753648500.0,19.02,19.04,19.02,19.03,1544.55
2025-07-27 20:36:00,1753648560.0,19.02,19.03,19.0,19.03,198.04
2025-07-27 20:37:00,1753648620.0,19.02,19.03,19.0,19.03,582.13
2025-07-27 20:38:00,1753648680.0,19.03,19.03,19.02,19.03,1876.98
2025-07-27 20:39:00,1753648740.0,19.02,19.04,19.01,19.03,550.28
2025-07-27 20:40:00,1753648800.0,19.04,19.04,19.02,19.04,392.7
2025-07-27 20:41:00,1753648860.0,19.03,19.05,19.03,19.05,843.54
2025-07-27 20:42:00,1753648920.0,19.05,19.05,19.04,19.05,77.17
2025-07-27 20:43:00,1753648980.0,19.05,19.05,19.02,19.04,1279.63
2025-07-27 20:44:00,1753649040.0,19.03,19.04,19.02,19.02,96.93
2025-07-27 20:45:00,1753649100.0,19.01,19.04,19.01,19.03,412.6
2025-07-27 20:46:00,1753649160.0,19.02,19.05,19.02,19.03,443.25
2025-07-27 20:47:00,1753649220.0,19.03,19.03,19.01,19.02,5144.29
2025-07-27 20:48:00,1753649280.0,19.02,19.02,19.0,19.01,251.03
2025-07-27 20:49:00,1753649340.0,19.0,19.01,18.98,18.98,2827.52
2025-07-27 20:50:00,1753649400.0,18.98,18.99,18.95,18.95,2209.93
2025-07-27 20:51:00,1753649460.0,18.96,18.97,18.96,18.97,530.79
2025-07-27 20:52:00,1753649520.0,18.96,18.97,18.95,18.96,320.64
2025-07-27 20:53:00,1753649580.0,18.97,18.97,18.94,18.95,843.33
2025-07-27 20:54:00,1753649640.0,18.94,18.96,18.93,18.93,325.1
2025-07-27 20:55:00,1753649700.0,18.93,18.95,18.92,18.95,3766.57
2025-07-27 20:56:00,1753649760.0,18.94,18.96,18.94,18.96,161.52
2025-07-27 20:57:00,1753649820.0,18.96,18.98,18.95,18.95,34659.36
2025-07-27 20:58:00,1753649880.0,18.95,18.96,18.95,18.96,6705.97
2025-07-27 20:59:00,1753649940.0,18.96,18.98,18.96,18.97,3219.52
2025-07-27 21:00:00,1753650000.0,18.98,19.0,18.98,18.99,1916.88
2025-07-27 21:01:00,1753650060.0,18.99,19.01,18.98,19.01,266.37
2025-07-27 21:02:00,1753650120.0,19.01,19.02,19.01,19.01,5410.13
2025-07-27 21:03:00,1753650180.0,19.02,19.02,18.99,18.99,291.34
2025-07-27 21:04:00,1753650240.0,18.98,19.0,18.98,18.99,1236.48
2025-07-27 21:05:00,1753650300.0,18.98,18.98,18.95,18.96,8541.43
2025-07-27 21:06:00,1753650360.0,18.95,18.96,18.95,18.96,967.55
2025-07-27 21:07:00,1753650420.0,18.95,18.97,18.94,18.95,23723.59
2025-07-27 21:08:00,1753650480.0,18.96,18.98,18.96,18.97,2275.95
2025-07-27 21:09:00,1753650540.0,18.98,18.98,18.97,18.98,2847.56
2025-07-27 21:10:00,1753650600.0,18.97,18.98,18.97,18.97,278.94
2025-07-27 21:11:00,1753650660.0,18.98,18.99,18.97,18.98,2705.75
2025-07-27 21:12:00,1753650720.0,18.98,18.98,18.97,18.98,1267.85
2025-07-27 21:13:00,1753650780.0,18.98,18.99,18.97,18.98,525.27
2025-07-27 21:14:00,1753650840.0,18.97,18.97,18.95,18.95,2758.78
2025-07-27 21:15:00,1753650900.0,18.95,18.96,18.94,18.96,736.82
2025-07-27 21:16:00,1753650960.0,18.95,18.97,18.94,18.97,724.41
2025-07-27 21:17:00,1753651020.0,18.97,18.99,18.96,18.98,386.34
2025-07-27 21:18:00,1753651080.0,18.98,19.0,18.97,18.99,140.68
2025-07-27 21:19:00,1753651140.0,19.0,19.0,18.95,18.96,2727.12
2025-07-27 21:20:00,1753651200.0,18.96,18.96,18.94,18.95,1867.76
2025-07-27 21:21:00,1753651260.0,18.95,18.95,18.94,18.94,918.87
2025-07-27 21:22:00,1753651320.0,18.95,18.99,18.92,18.98,59912.74
2025-07-27 21:23:00,1753651380.0,18.97,18.97,18.94,18.95,1892.04
2025-07-27 21:24:00,1753651440.0,18.95,18.95,18.94,18.95,1712.87
2025-07-27 21:25:00,1753651500.0,18.95,18.98,18.95,18.98,884.8
2025-07-27 21:26:00,1753651560.0,18.98,18.98,18.97,18.97,698.6
2025-07-27 21:27:00,1753651620.0,18.97,18.98,18.97,18.97,890.59
2025-07-27 21:28:00,1753651680.0,18.98,18.99,18.97,18.97,1542.74
2025-07-27 21:29:00,1753651740.0,18.97,19.01,18.97,19.0,1553.29
2025-07-27 21:30:00,1753651800.0,19.0,19.04,19.0,19.04,1668.74
2025-07-27 21:31:00,1753651860.0,19.05,19.05,19.01,19.01,3737.28
2025-07-27 21:32:00,1753651920.0,19.01,19.02,19.0,19.02,986.98
2025-07-27 21:33:00,1753651980.0,19.02,19.05,19.02,19.04,262.46
2025-07-27 21:34:00,1753652040.0,19.04,19.04,19.0,19.0,680.23
2025-07-27 21:35:00,1753652100.0,19.01,19.01,18.98,18.98,1474.94
2025-07-27 21:36:00,1753652160.0,18.98,18.98,18.96,18.96,1318.76
2025-07-27 21:37:00,1753652220.0,18.96,18.96,18.94,18.94,1510.7
2025-07-27 21:38:00,1753652280.0,18.94,18.94,18.91,18.92,1159.71
2025-07-27 21:39:00,1753652340.0,18.91,18.92,18.9,18.9,505.63
2025-07-27 21:40:00,1753652400.0,18.91,18.93,18.91,18.93,5268.34
2025-07-27 21:41:00,1753652460.0,18.94,18.96,18.93,18.93,2019.22
2025-07-27 21:42:00,1753652520.0,18.94,18.95,18.93,18.93,151.07
2025-07-27 21:43:00,1753652580.0,18.94,18.95,18.94,18.95,3086.46
2025-07-27 21:44:00,1753652640.0,18.94,18.96,18.94,18.94,753.48
2025-07-27 21:45:00,1753652700.0,18.95,18.95,18.94,18.95,548.14
2025-07-27 21:46:00,1753652760.0,18.95,18.97,18.95,18.97,879.95
2025-07-27 21:47:00,1753652820.0,18.97,18.97,18.96,18.96,167.49
2025-07-27 21:48:00,1753652880.0,18.97,18.98,18.96,18.98,195.74
2025-07-27 21:49:00,1753652940.0,18.98,19.0,18.98,19.0,211.06
2025-07-27 21:50:00,1753653000.0,19.0,19.01,19.0,19.01,77.36
2025-07-27 21:51:00,1753653060.0,19.01,19.04,19.01,19.04,2537.66
2025-07-27 21:52:00,1753653120.0,19.04,19.05,19.03,19.04,1057.98
2025-07-27 21:53:00,1753653180.0,19.04,19.05,19.04,19.05,268.22
2025-07-27 21:54:00,1753653240.0,19.05,19.05,19.04,19.04,93.32
2025-07-27 21:55:00,1753653300.0,19.05,19.06,19.04,19.05,546.22
2025-07-27 21:56:00,1753653360.0,19.05,19.07,19.05,19.07,988.4
2025-07-27 21:57:00,1753653420.0,19.07,19.08,19.07,19.08,1425.01
2025-07-27 21:58:00,1753653480.0,19.08,19.09,19.06,19.08,18097.36
2025-07-27 21:59:00,1753653540.0,19.08,19.08,19.06,19.07,3620.73
2025-07-27 22:00:00,1753653600.0,19.08,19.11,19.07,19.1,7319.16
2025-07-27 22:01:00,1753653660.0,19.11,19.13,19.1,19.13,4504.68
2025-07-27 22:02:00,1753653720.0,19.12,19.15,19.11,19.14,7132.94
2025-07-27 22:03:00,1753653780.0,19.14,19.15,19.13,19.14,1350.8
2025-07-27 22:04:00,1753653840.0,19.15,19.17,19.14,19.15,4411.77
2025-07-27 22:05:00,1753653900.0,19.15,19.16,19.14,19.15,1935.01
2025-07-27 22:06:00,1753653960.0,19.15,19.18,19.15,19.17,3863.08
2025-07-27 22:07:00,1753654020.0,19.17,19.19,19.17,19.19,981.63
2025-07-27 22:08:00,1753654080.0,19.18,19.19,19.17,19.19,1012.58
2025-07-27 22:09:00,1753654140.0,19.18,19.19,19.16,19.17,1291.63
2025-07-27 22:10:00,1753654200.0,19.18,19.19,19.17,19.17,1549.33
2025-07-27 22:11:00,1753654260.0,19.18,19.19,19.15,19.15,3225.36
2025-07-27 22:12:00,1753654320.0,19.14,19.17,19.14,19.17,569.45
2025-07-27 22:13:00,1753654380.0,19.18,19.21,19.18,19.2,2471.07
2025-07-27 22:14:00,1753654440.0,19.2,19.21,19.18,19.2,1046.27
2025-07-27 22:15:00,1753654500.0,19.21,19.22,19.2,19.2,1175.15
2025-07-27 22:16:00,1753654560.0,19.19,19.2,19.15,19.15,640.49
2025-07-27 22:17:00,1753654620.0,19.16,19.18,19.13,19.17,676.92
2025-07-27 22:18:00,1753654680.0,19.17,19.18,19.16,19.16,1051.13
2025-07-27 22:19:00,1753654740.0,19.16,19.19,19.16,19.18,805.4
2025-07-27 22:20:00,1753654800.0,19.18,19.2,19.17,19.2,378.38
2025-07-27 22:21:00,1753654860.0,19.2,19.2,19.17,19.17,2607.65
2025-07-27 22:22:00,1753654920.0,19.18,19.19,19.18,19.19,272.7
2025-07-27 22:23:00,1753654980.0,19.18,19.19,19.18,19.19,628.38
2025-07-27 22:24:00,1753655040.0,19.19,19.22,19.19,19.21,1693.62
2025-07-27 22:25:00,1753655100.0,19.21,19.21,19.19,19.2,2242.23
2025-07-27 22:26:00,1753655160.0,19.2,19.21,19.18,19.2,411.82
2025-07-27 22:27:00,1753655220.0,19.2,19.21,19.19,19.2,1523.81
2025-07-27 22:28:00,1753655280.0,19.2,19.2,19.18,19.19,382.09
2025-07-27 22:29:00,1753655340.0,19.19,19.19,19.18,19.19,905.86
2025-07-27 22:30:00,1753655400.0,19.2,19.2,19.19,19.19,268.78
2025-07-27 22:31:00,1753655460.0,19.19,19.2,19.18,19.19,2002.25
2025-07-27 22:32:00,1753655520.0,19.19,19.21,19.19,19.2,1988.37
2025-07-27 22:33:00,1753655580.0,19.21,19.21,19.18,19.2,8265.7
2025-07-27 22:34:00,1753655640.0,19.2,19.21,19.17,19.18,1530.13
2025-07-27 22:35:00,1753655700.0,19.18,19.18,19.17,19.17,725.37
2025-07-27 22:36:00,1753655760.0,19.18,19.2,19.17,19.19,1090.6
2025-07-27 22:37:00,1753655820.0,19.19,19.22,19.19,19.22,450.3
2025-07-27 22:38:00,1753655880.0,19.22,19.23,19.21,19.23,598.23
2025-07-27 22:39:00,1753655940.0,19.22,19.25,19.22,19.24,11306.3
2025-07-27 22:40:00,1753656000.0,19.24,19.24,19.22,19.23,762.88
2025-07-27 22:41:00,1753656060.0,19.24,19.24,19.2,19.21,770.85
2025-07-27 22:42:00,1753656120.0,19.22,19.25,19.22,19.24,265.79
2025-07-27 22:43:00,1753656180.0,19.25,19.26,19.24,19.26,1827.52
2025-07-27 22:44:00,1753656240.0,19.25,19.26,19.25,19.26,928.85
2025-07-27 22:45:00,1753656300.0,19.26,19.26,19.21,19.21,1990.72
2025-07-27 22:46:00,1753656360.0,19.21,19.25,19.21,19.25,1218.35
2025-07-27 22:47:00,1753656420.0,19.25,19.27,19.24,19.25,950.4
2025-07-27 22:48:00,1753656480.0,19.25,19.28,19.25,19.28,1380.8
2025-07-27 22:49:00,1753656540.0,19.28,19.3,19.28,19.28,4601.64
2025-07-27 22:50:00,1753656600.0,19.29,19.29,19.26,19.27,800.85
2025-07-27 22:51:00,1753656660.0,19.27,19.28,19.23,19.24,1005.48
2025-07-27 22:52:00,1753656720.0,19.24,19.25,19.23,19.25,133.47
2025-07-27 22:53:00,1753656780.0,19.25,19.26,19.22,19.22,1279.33
2025-07-27 22:54:00,1753656840.0,19.23,19.23,19.2,19.22,724.7
2025-07-27 22:55:00,1753656900.0,19.22,19.24,19.21,19.21,226.9
2025-07-27 22:56:00,1753656960.0,19.21,19.22,19.2,19.21,1754.79
2025-07-27 22:57:00,1753657020.0,19.21,19.22,19.2,19.2,232.91
2025-07-27 22:58:00,1753657080.0,19.2,19.22,19.19,19.21,987.14
2025-07-27 22:59:00,1753657140.0,19.21,19.22,19.2,19.21,157.51
2025-07-27 23:00:00,1753657200.0,19.21,19.21,19.18,19.19,789.22
2025-07-27 23:01:00,1753657260.0,19.19,19.19,19.16,19.19,4254.34
2025-07-27 23:02:00,1753657320.0,19.2,19.24,19.14,19.14,25835.37
2025-07-27 23:03:00,1753657380.0,19.15,19.19,19.14,19.18,2241.29
2025-07-27 23:04:00,1753657440.0,19.18,19.19,19.16,19.16,200.86
2025-07-27 23:05:00,1753657500.0,19.16,19.16,19.14,19.16,233.3
2025-07-27 23:06:00,1753657560.0,19.17,19.17,19.15,19.15,1822.86
2025-07-27 23:07:00,1753657620.0,19.15,19.16,19.15,19.15,402.58
2025-07-27 23:08:00,1753657680.0,19.15,19.15,19.14,19.15,405.03
2025-07-27 23:09:00,1753657740.0,19.14,19.15,19.13,19.14,594.37
2025-07-27 23:10:00,1753657800.0,19.15,19.16,19.11,19.11,457.05
2025-07-27 23:11:00,1753657860.0,19.11,19.12,19.06,19.06,2205.72
2025-07-27 23:12:00,1753657920.0,19.06,19.08,19.06,19.07,1228.12
2025-07-27 23:13:00,1753657980.0,19.07,19.08,19.03,19.06,6543.12
2025-07-27 23:14:00,1753658040.0,19.06,19.09,19.06,19.08,1693.05
2025-07-27 23:15:00,1753658100.0,19.08,19.14,19.08,19.11,1241.32
2025-07-27 23:16:00,1753658160.0,19.11,19.11,19.09,19.09,513.6
2025-07-27 23:17:00,1753658220.0,19.09,19.14,19.09,19.14,1215.41
2025-07-27 23:18:00,1753658280.0,19.14,19.16,19.14,19.15,1219.08
2025-07-27 23:19:00,1753658340.0,19.16,19.16,19.13,19.14,1025.08
2025-07-27 23:20:00,1753658400.0,19.14,19.18,19.14,19.17,3556.99
2025-07-27 23:21:00,1753658460.0,19.18,19.18,19.16,19.16,1503.46
2025-07-27 23:22:00,1753658520.0,19.16,19.18,19.15,19.16,1757.67
2025-07-27 23:23:00,1753658580.0,19.16,19.18,19.14,19.16,1987.38
2025-07-27 23:24:00,1753658640.0,19.16,19.2,19.16,19.2,712.58
2025-07-27 23:25:00,1753658700.0,19.19,19.21,19.19,19.2,1187.82
2025-07-27 23:26:00,1753658760.0,19.21,19.21,19.19,19.2,228.26
2025-07-27 23:27:00,1753658820.0,19.2,19.21,19.19,19.21,837.16
2025-07-27 23:28:00,1753658880.0,19.22,19.22,19.21,19.22,266.13
2025-07-27 23:29:00,1753658940.0,19.21,19.21,19.19,19.2,526.47
2025-07-27 23:30:00,1753659000.0,19.2,19.21,19.2,19.2,1157.48
2025-07-27 23:31:00,1753659060.0,19.19,19.19,19.15,19.15,144.19
2025-07-27 23:32:00,1753659120.0,19.15,19.15,19.12,19.12,687.63
2025-07-27 23:33:00,1753659180.0,19.13,19.15,19.13,19.14,447.0
2025-07-27 23:34:00,1753659240.0,19.14,19.14,19.12,19.12,886.98
2025-07-27 23:35:00,1753659300.0,19.12,19.14,19.11,19.11,2281.28
2025-07-27 23:36:00,1753659360.0,19.11,19.14,19.1,19.13,1121.46
2025-07-27 23:37:00,1753659420.0,19.14,19.15,19.12,19.14,2192.74
2025-07-27 23:38:00,1753659480.0,19.14,19.16,19.14,19.15,213.9
2025-07-27 23:39:00,1753659540.0,19.16,19.18,19.16,19.17,960.03
2025-07-27 23:40:00,1753659600.0,19.17,19.17,19.14,19.14,638.71
2025-07-27 23:41:00,1753659660.0,19.14,19.16,19.13,19.16,98.28
2025-07-27 23:42:00,1753659720.0,19.17,19.19,19.16,19.19,1417.97
2025-07-27 23:43:00,1753659780.0,19.19,19.19,19.17,19.18,8762.61
2025-07-27 23:44:00,1753659840.0,19.19,19.19,19.16,19.16,385.9
2025-07-27 23:45:00,1753659900.0,19.16,19.17,19.16,19.17,985.73
2025-07-27 23:46:00,1753659960.0,19.17,19.17,19.15,19.17,817.6
2025-07-27 23:47:00,1753660020.0,19.18,19.18,19.16,19.16,2245.62
2025-07-27 23:48:00,1753660080.0,19.17,19.18,19.15,19.16,682.54
2025-07-27 23:49:00,1753660140.0,19.16,19.16,19.14,19.16,124.45
2025-07-27 23:50:00,1753660200.0,19.16,19.2,19.16,19.19,300.53
2025-07-27 23:51:00,1753660260.0,19.18,19.2,19.18,19.2,198.18
2025-07-27 23:52:00,1753660320.0,19.21,19.22,19.19,19.19,175.56
2025-07-27 23:53:00,1753660380.0,19.2,19.21,19.19,19.21,2206.75
2025-07-27 23:54:00,1753660440.0,19.2,19.23,19.2,19.23,325.4
2025-07-27 23:55:00,1753660500.0,19.22,19.24,19.21,19.23,1095.8
2025-07-27 23:56:00,1753660560.0,19.23,19.26,19.23,19.24,3109.77
2025-07-27 23:57:00,1753660620.0,19.24,19.26,19.24,19.25,586.92
2025-07-27 23:58:00,1753660680.0,19.25,19.25,19.24,19.24,487.47
2025-07-27 23:59:00,1753660740.0,19.24,19.25,19.23,19.24,539.56
