Universal Time,Unix Time,Open,High,Low,Close,Volume
2021-10-17 00:00:00,1634428800.0,186.0,186.2,185.9,186.1,541.798
2021-10-17 00:01:00,1634428860.0,186.0,186.1,185.8,186.0,448.989
2021-10-17 00:02:00,1634428920.0,185.9,186.0,185.7,185.9,329.228
2021-10-17 00:03:00,1634428980.0,185.9,186.1,185.5,185.5,1871.973
2021-10-17 00:04:00,1634429040.0,185.5,185.6,185.1,185.2,623.908
2021-10-17 00:05:00,1634429100.0,185.2,185.6,184.9,185.1,2674.405
2021-10-17 00:06:00,1634429160.0,185.1,185.4,185.1,185.1,779.482
2021-10-17 00:07:00,1634429220.0,185.1,185.3,185.1,185.2,221.738
2021-10-17 00:08:00,1634429280.0,185.2,185.7,185.2,185.6,260.183
2021-10-17 00:09:00,1634429340.0,185.6,186.1,185.5,186.1,265.296
2021-10-17 00:10:00,1634429400.0,186.2,186.3,185.9,186.3,195.686
2021-10-17 00:11:00,1634429460.0,186.4,186.4,186.0,186.0,90.427
2021-10-17 00:12:00,1634429520.0,186.0,186.2,185.7,186.0,374.903
2021-10-17 00:13:00,1634429580.0,186.1,186.2,186.0,186.1,89.218
2021-10-17 00:14:00,1634429640.0,186.1,186.2,186.0,186.1,181.162
2021-10-17 00:15:00,1634429700.0,186.1,186.2,186.1,186.2,6.081
2021-10-17 00:16:00,1634429760.0,186.1,186.2,185.6,185.6,419.238
2021-10-17 00:17:00,1634429820.0,185.6,185.8,185.5,185.6,117.919
2021-10-17 00:18:00,1634429880.0,185.6,185.6,185.4,185.5,159.801
2021-10-17 00:19:00,1634429940.0,185.5,185.5,185.3,185.3,150.633
2021-10-17 00:20:00,1634430000.0,185.4,185.7,185.4,185.6,122.503
2021-10-17 00:21:00,1634430060.0,185.6,185.6,185.1,185.2,211.607
2021-10-17 00:22:00,1634430120.0,185.2,185.4,185.1,185.3,251.22
2021-10-17 00:23:00,1634430180.0,185.2,185.3,185.1,185.1,21.175
2021-10-17 00:24:00,1634430240.0,185.1,185.3,185.0,185.3,247.332
2021-10-17 00:25:00,1634430300.0,185.2,185.2,185.1,185.1,76.955
2021-10-17 00:26:00,1634430360.0,185.1,185.1,184.6,184.8,964.354
2021-10-17 00:27:00,1634430420.0,184.8,185.1,184.8,184.8,567.79
2021-10-17 00:28:00,1634430480.0,184.9,185.0,184.7,184.8,129.421
2021-10-17 00:29:00,1634430540.0,184.8,184.8,184.2,184.6,1252.355
2021-10-17 00:30:00,1634430600.0,184.7,184.8,184.3,184.4,450.348
2021-10-17 00:31:00,1634430660.0,184.4,184.6,184.2,184.5,523.371
2021-10-17 00:32:00,1634430720.0,184.5,184.6,184.4,184.5,356.247
2021-10-17 00:33:00,1634430780.0,184.5,184.5,183.4,184.4,4052.438
2021-10-17 00:34:00,1634430840.0,184.3,184.4,183.8,184.1,844.278
2021-10-17 00:35:00,1634430900.0,184.1,184.8,184.1,184.2,2797.564
2021-10-17 00:36:00,1634430960.0,184.3,184.7,184.1,184.5,962.21
2021-10-17 00:37:00,1634431020.0,184.5,184.6,184.2,184.5,309.452
2021-10-17 00:38:00,1634431080.0,184.6,184.7,184.3,184.4,763.371
2021-10-17 00:39:00,1634431140.0,184.5,184.7,184.5,184.6,166.954
2021-10-17 00:40:00,1634431200.0,184.6,184.6,184.2,184.5,1043.64
2021-10-17 00:41:00,1634431260.0,184.4,184.5,184.3,184.4,105.874
2021-10-17 00:42:00,1634431320.0,184.5,184.7,184.5,184.7,182.537
2021-10-17 00:43:00,1634431380.0,184.6,184.7,184.5,184.6,76.019
2021-10-17 00:44:00,1634431440.0,184.6,185.0,184.6,185.0,688.111
2021-10-17 00:45:00,1634431500.0,185.0,185.1,184.9,185.0,206.993
2021-10-17 00:46:00,1634431560.0,185.1,185.4,185.0,185.2,529.921
2021-10-17 00:47:00,1634431620.0,185.2,185.3,185.0,185.2,136.504
2021-10-17 00:48:00,1634431680.0,185.3,185.4,185.2,185.3,111.52
2021-10-17 00:49:00,1634431740.0,185.3,185.5,185.3,185.4,44.996
2021-10-17 00:50:00,1634431800.0,185.4,185.8,185.3,185.8,155.886
2021-10-17 00:51:00,1634431860.0,185.8,185.8,185.4,185.5,237.724
2021-10-17 00:52:00,1634431920.0,185.4,185.6,185.4,185.5,459.339
2021-10-17 00:53:00,1634431980.0,185.5,185.5,185.1,185.3,283.284
2021-10-17 00:54:00,1634432040.0,185.3,185.6,185.3,185.6,161.04
2021-10-17 00:55:00,1634432100.0,185.6,185.6,185.4,185.5,69.131
2021-10-17 00:56:00,1634432160.0,185.4,185.6,185.4,185.6,42.155
2021-10-17 00:57:00,1634432220.0,185.6,185.7,185.5,185.7,232.815
2021-10-17 00:58:00,1634432280.0,185.7,185.7,185.5,185.7,222.551
2021-10-17 00:59:00,1634432340.0,185.7,185.7,185.0,185.5,765.67
2021-10-17 01:00:00,1634432400.0,185.5,185.6,185.2,185.6,471.383
2021-10-17 01:01:00,1634432460.0,185.6,186.1,185.6,185.7,1928.696
2021-10-17 01:02:00,1634432520.0,185.7,185.9,185.7,185.8,91.41
2021-10-17 01:03:00,1634432580.0,185.9,186.0,185.8,186.0,100.21
2021-10-17 01:04:00,1634432640.0,186.0,186.1,185.9,186.1,148.673
2021-10-17 01:05:00,1634432700.0,186.2,186.2,186.0,186.0,60.224
2021-10-17 01:06:00,1634432760.0,186.1,186.2,185.9,186.2,176.475
2021-10-17 01:07:00,1634432820.0,186.2,186.2,185.9,186.0,377.295
2021-10-17 01:08:00,1634432880.0,186.0,186.2,185.9,186.0,180.296
2021-10-17 01:09:00,1634432940.0,186.0,186.3,185.9,186.3,94.802
2021-10-17 01:10:00,1634433000.0,186.3,186.3,186.0,186.2,111.704
2021-10-17 01:11:00,1634433060.0,186.1,186.4,186.1,186.4,196.764
2021-10-17 01:12:00,1634433120.0,186.4,186.4,186.1,186.2,146.237
2021-10-17 01:13:00,1634433180.0,186.2,186.3,186.1,186.2,246.288
2021-10-17 01:14:00,1634433240.0,186.2,186.3,186.0,186.1,95.918
2021-10-17 01:15:00,1634433300.0,186.1,186.3,186.1,186.2,38.029
2021-10-17 01:16:00,1634433360.0,186.1,186.1,185.8,186.0,461.95
2021-10-17 01:17:00,1634433420.0,186.0,186.4,185.9,186.1,490.42
2021-10-17 01:18:00,1634433480.0,186.1,186.1,186.0,186.0,120.537
2021-10-17 01:19:00,1634433540.0,186.1,186.1,185.9,186.1,69.862
2021-10-17 01:20:00,1634433600.0,186.0,186.0,185.9,186.0,71.728
2021-10-17 01:21:00,1634433660.0,186.0,186.0,185.7,185.7,137.157
2021-10-17 01:22:00,1634433720.0,185.8,186.0,185.7,185.9,529.94
2021-10-17 01:23:00,1634433780.0,185.9,186.1,185.9,185.9,48.208
2021-10-17 01:24:00,1634433840.0,185.9,185.9,185.8,185.8,49.248
2021-10-17 01:25:00,1634433900.0,185.8,185.9,185.8,185.9,566.459
2021-10-17 01:26:00,1634433960.0,185.9,185.9,185.7,185.8,78.1
2021-10-17 01:27:00,1634434020.0,185.8,185.9,185.8,185.9,8.745
2021-10-17 01:28:00,1634434080.0,185.8,186.1,185.8,185.9,128.164
2021-10-17 01:29:00,1634434140.0,186.0,186.1,185.9,186.0,124.138
2021-10-17 01:30:00,1634434200.0,186.0,186.0,185.8,185.9,471.353
2021-10-17 01:31:00,1634434260.0,185.9,186.1,185.9,186.0,1554.9
2021-10-17 01:32:00,1634434320.0,186.1,186.6,185.9,186.5,1462.296
2021-10-17 01:33:00,1634434380.0,186.6,186.8,186.4,186.4,946.502
2021-10-17 01:34:00,1634434440.0,186.4,186.5,186.3,186.5,114.782
2021-10-17 01:35:00,1634434500.0,186.6,186.6,186.4,186.5,13.814
2021-10-17 01:36:00,1634434560.0,186.5,186.5,186.3,186.3,122.781
2021-10-17 01:37:00,1634434620.0,186.4,186.4,186.2,186.3,117.889
2021-10-17 01:38:00,1634434680.0,186.3,186.4,186.2,186.4,60.768
2021-10-17 01:39:00,1634434740.0,186.4,186.5,186.3,186.4,19.712
2021-10-17 01:40:00,1634434800.0,186.4,186.4,186.3,186.3,25.896
2021-10-17 01:41:00,1634434860.0,186.3,186.3,186.1,186.1,19.521
2021-10-17 01:42:00,1634434920.0,186.2,186.3,186.2,186.2,30.078
2021-10-17 01:43:00,1634434980.0,186.1,186.2,186.1,186.2,8.536
2021-10-17 01:44:00,1634435040.0,186.2,186.4,186.2,186.3,38.326
2021-10-17 01:45:00,1634435100.0,186.4,186.5,186.2,186.2,150.103
2021-10-17 01:46:00,1634435160.0,186.2,186.3,186.2,186.3,15.308
2021-10-17 01:47:00,1634435220.0,186.3,186.3,186.2,186.2,50.151
2021-10-17 01:48:00,1634435280.0,186.2,186.5,186.2,186.5,85.963
2021-10-17 01:49:00,1634435340.0,186.5,186.6,186.4,186.5,126.048
2021-10-17 01:50:00,1634435400.0,186.4,186.5,186.3,186.5,100.24
2021-10-17 01:51:00,1634435460.0,186.4,186.5,186.2,186.3,127.157
2021-10-17 01:52:00,1634435520.0,186.3,186.4,186.3,186.4,88.168
2021-10-17 01:53:00,1634435580.0,186.3,186.5,186.3,186.5,125.26
2021-10-17 01:54:00,1634435640.0,186.5,186.5,186.3,186.4,44.659
2021-10-17 01:55:00,1634435700.0,186.3,186.4,186.3,186.3,6.306
2021-10-17 01:56:00,1634435760.0,186.3,186.6,186.3,186.4,85.705
2021-10-17 01:57:00,1634435820.0,186.4,186.7,186.4,186.7,145.576
2021-10-17 01:58:00,1634435880.0,186.6,186.9,186.6,186.7,340.405
2021-10-17 01:59:00,1634435940.0,186.7,186.7,186.2,186.4,347.064
2021-10-17 02:00:00,1634436000.0,186.4,186.6,186.2,186.2,82.45
2021-10-17 02:01:00,1634436060.0,186.2,186.3,186.2,186.3,72.542
2021-10-17 02:02:00,1634436120.0,186.2,186.4,186.2,186.3,44.915
2021-10-17 02:03:00,1634436180.0,186.3,186.4,186.2,186.2,60.163
2021-10-17 02:04:00,1634436240.0,186.3,186.4,186.2,186.2,62.256
2021-10-17 02:05:00,1634436300.0,186.2,186.3,186.1,186.1,75.491
2021-10-17 02:06:00,1634436360.0,186.2,186.4,186.2,186.4,205.341
2021-10-17 02:07:00,1634436420.0,186.3,186.6,186.3,186.6,90.947
2021-10-17 02:08:00,1634436480.0,186.6,186.6,186.4,186.4,58.993
2021-10-17 02:09:00,1634436540.0,186.4,186.5,186.4,186.4,18.988
2021-10-17 02:10:00,1634436600.0,186.4,186.7,186.4,186.7,124.196
2021-10-17 02:11:00,1634436660.0,186.7,186.7,186.6,186.6,29.658
2021-10-17 02:12:00,1634436720.0,186.6,186.7,186.5,186.6,110.001
2021-10-17 02:13:00,1634436780.0,186.6,186.6,186.3,186.5,225.386
2021-10-17 02:14:00,1634436840.0,186.6,186.6,186.5,186.6,19.782
2021-10-17 02:15:00,1634436900.0,186.5,186.5,186.4,186.5,111.967
2021-10-17 02:16:00,1634436960.0,186.4,186.5,186.4,186.4,16.026
2021-10-17 02:17:00,1634437020.0,186.4,186.4,186.2,186.3,138.504
2021-10-17 02:18:00,1634437080.0,186.4,186.4,186.2,186.2,26.9
2021-10-17 02:19:00,1634437140.0,186.3,186.3,186.1,186.1,91.11
2021-10-17 02:20:00,1634437200.0,186.1,186.3,186.1,186.2,102.165
2021-10-17 02:21:00,1634437260.0,186.2,186.2,186.1,186.2,130.845
2021-10-17 02:22:00,1634437320.0,186.2,186.3,186.2,186.3,17.429
2021-10-17 02:23:00,1634437380.0,186.2,186.3,186.2,186.2,121.181
2021-10-17 02:24:00,1634437440.0,186.2,186.3,186.1,186.1,79.615
2021-10-17 02:25:00,1634437500.0,186.1,186.2,186.0,186.0,23.838
2021-10-17 02:26:00,1634437560.0,186.0,186.2,186.0,186.1,71.976
2021-10-17 02:27:00,1634437620.0,186.2,186.4,186.2,186.3,101.173
2021-10-17 02:28:00,1634437680.0,186.4,186.4,186.2,186.3,39.978
2021-10-17 02:29:00,1634437740.0,186.4,186.4,186.2,186.2,49.308
2021-10-17 02:30:00,1634437800.0,186.2,186.3,186.1,186.3,80.555
2021-10-17 02:31:00,1634437860.0,186.3,186.4,186.2,186.4,101.388
2021-10-17 02:32:00,1634437920.0,186.4,186.6,186.2,186.2,128.354
2021-10-17 02:33:00,1634437980.0,186.2,186.4,186.2,186.4,35.016
2021-10-17 02:34:00,1634438040.0,186.4,186.4,186.3,186.4,3.949
2021-10-17 02:35:00,1634438100.0,186.4,186.4,186.2,186.2,13.816
2021-10-17 02:36:00,1634438160.0,186.2,186.4,186.2,186.3,24.915
2021-10-17 02:37:00,1634438220.0,186.3,186.5,186.3,186.4,37.045
2021-10-17 02:38:00,1634438280.0,186.5,186.6,186.4,186.5,35.478
2021-10-17 02:39:00,1634438340.0,186.5,186.6,186.4,186.4,92.797
2021-10-17 02:40:00,1634438400.0,186.5,186.5,186.4,186.4,24.941
2021-10-17 02:41:00,1634438460.0,186.5,186.6,186.5,186.5,25.854
2021-10-17 02:42:00,1634438520.0,186.5,186.7,186.5,186.6,19.094
2021-10-17 02:43:00,1634438580.0,186.7,186.7,186.5,186.6,79.355
2021-10-17 02:44:00,1634438640.0,186.5,186.6,186.3,186.4,103.81
2021-10-17 02:45:00,1634438700.0,186.4,186.7,186.4,186.7,140.501
2021-10-17 02:46:00,1634438760.0,186.6,186.7,186.6,186.7,20.938
2021-10-17 02:47:00,1634438820.0,186.6,186.7,186.6,186.6,26.197
2021-10-17 02:48:00,1634438880.0,186.6,186.7,186.6,186.6,90.992
2021-10-17 02:49:00,1634438940.0,186.6,186.7,186.6,186.6,3.664
2021-10-17 02:50:00,1634439000.0,186.6,186.8,186.6,186.8,73.662
2021-10-17 02:51:00,1634439060.0,186.8,186.8,186.7,186.8,17.695
2021-10-17 02:52:00,1634439120.0,186.8,186.9,186.8,186.9,97.112
2021-10-17 02:53:00,1634439180.0,186.9,186.9,186.8,186.8,348.502
2021-10-17 02:54:00,1634439240.0,186.7,186.8,186.7,186.8,10.977
2021-10-17 02:55:00,1634439300.0,186.7,186.8,186.7,186.7,41.426
2021-10-17 02:56:00,1634439360.0,186.7,186.8,186.5,186.6,111.344
2021-10-17 02:57:00,1634439420.0,186.6,186.7,186.6,186.7,152.228
2021-10-17 02:58:00,1634439480.0,186.6,186.7,186.5,186.5,116.532
2021-10-17 02:59:00,1634439540.0,186.6,186.6,186.3,186.5,208.515
2021-10-17 03:00:00,1634439600.0,186.5,186.6,186.4,186.5,314.917
2021-10-17 03:01:00,1634439660.0,186.4,186.5,186.4,186.5,107.615
2021-10-17 03:02:00,1634439720.0,186.4,186.7,186.4,186.7,145.748
2021-10-17 03:03:00,1634439780.0,186.8,186.8,186.5,186.6,204.908
2021-10-17 03:04:00,1634439840.0,186.6,186.7,186.6,186.7,58.284
2021-10-17 03:05:00,1634439900.0,186.7,186.8,186.6,186.8,87.695
2021-10-17 03:06:00,1634439960.0,186.8,186.9,186.8,186.8,191.004
2021-10-17 03:07:00,1634440020.0,186.9,187.0,186.8,187.0,129.984
2021-10-17 03:08:00,1634440080.0,187.0,187.1,186.9,187.0,85.844
2021-10-17 03:09:00,1634440140.0,187.1,187.1,186.7,186.8,213.517
2021-10-17 03:10:00,1634440200.0,186.7,186.8,186.6,186.7,87.063
2021-10-17 03:11:00,1634440260.0,186.8,186.8,186.7,186.8,164.528
2021-10-17 03:12:00,1634440320.0,186.8,186.8,186.7,186.8,2.026
2021-10-17 03:13:00,1634440380.0,186.8,186.9,186.7,186.7,101.407
2021-10-17 03:14:00,1634440440.0,186.7,186.8,186.7,186.8,40.268
2021-10-17 03:15:00,1634440500.0,186.8,186.8,186.6,186.7,38.817
2021-10-17 03:16:00,1634440560.0,186.7,186.7,186.6,186.7,48.263
2021-10-17 03:17:00,1634440620.0,186.8,186.9,186.7,186.9,263.103
2021-10-17 03:18:00,1634440680.0,186.8,187.0,186.8,187.0,106.645
2021-10-17 03:19:00,1634440740.0,187.0,187.2,187.0,187.2,66.094
2021-10-17 03:20:00,1634440800.0,187.2,187.4,187.1,187.3,599.667
2021-10-17 03:21:00,1634440860.0,187.3,187.3,187.1,187.3,84.178
2021-10-17 03:22:00,1634440920.0,187.3,187.5,187.2,187.5,2347.303
2021-10-17 03:23:00,1634440980.0,187.4,187.5,187.2,187.4,258.129
2021-10-17 03:24:00,1634441040.0,187.3,187.4,187.2,187.4,71.505
2021-10-17 03:25:00,1634441100.0,187.3,187.4,187.3,187.3,25.893
2021-10-17 03:26:00,1634441160.0,187.4,187.4,187.2,187.2,101.726
2021-10-17 03:27:00,1634441220.0,187.2,187.3,187.0,187.1,251.273
2021-10-17 03:28:00,1634441280.0,187.1,187.4,187.1,187.3,239.728
2021-10-17 03:29:00,1634441340.0,187.3,187.3,187.3,187.3,33.553
2021-10-17 03:30:00,1634441400.0,187.3,187.3,187.1,187.2,86.873
2021-10-17 03:31:00,1634441460.0,187.3,187.4,187.2,187.3,227.349
2021-10-17 03:32:00,1634441520.0,187.3,187.4,187.2,187.3,28.101
2021-10-17 03:33:00,1634441580.0,187.4,187.4,187.2,187.2,103.457
2021-10-17 03:34:00,1634441640.0,187.2,187.3,187.2,187.3,95.68
2021-10-17 03:35:00,1634441700.0,187.3,187.4,187.3,187.4,117.732
2021-10-17 03:36:00,1634441760.0,187.4,187.5,187.2,187.3,368.316
2021-10-17 03:37:00,1634441820.0,187.4,187.5,187.3,187.5,93.876
2021-10-17 03:38:00,1634441880.0,187.4,187.4,187.3,187.4,41.38
2021-10-17 03:39:00,1634441940.0,187.3,187.4,187.2,187.3,131.946
2021-10-17 03:40:00,1634442000.0,187.3,187.3,187.2,187.3,14.782
2021-10-17 03:41:00,1634442060.0,187.2,187.3,187.1,187.2,198.496
2021-10-17 03:42:00,1634442120.0,187.2,187.2,187.1,187.2,59.792
2021-10-17 03:43:00,1634442180.0,187.2,187.3,187.2,187.2,9.193
2021-10-17 03:44:00,1634442240.0,187.3,187.3,187.1,187.1,36.296
2021-10-17 03:45:00,1634442300.0,187.1,187.2,187.1,187.2,114.575
2021-10-17 03:46:00,1634442360.0,187.2,187.3,187.1,187.1,37.621
2021-10-17 03:47:00,1634442420.0,187.1,187.2,187.0,187.1,202.257
2021-10-17 03:48:00,1634442480.0,187.2,187.2,187.1,187.2,39.114
2021-10-17 03:49:00,1634442540.0,187.1,187.2,187.1,187.2,5.654
2021-10-17 03:50:00,1634442600.0,187.2,187.2,187.1,187.2,37.937
2021-10-17 03:51:00,1634442660.0,187.2,187.4,187.2,187.4,56.069
2021-10-17 03:52:00,1634442720.0,187.4,187.4,187.2,187.2,122.978
2021-10-17 03:53:00,1634442780.0,187.3,187.3,187.2,187.2,8.893
2021-10-17 03:54:00,1634442840.0,187.2,187.7,187.2,187.7,1095.795
2021-10-17 03:55:00,1634442900.0,187.6,187.7,187.4,187.5,223.444
2021-10-17 03:56:00,1634442960.0,187.5,187.7,187.4,187.6,275.45
2021-10-17 03:57:00,1634443020.0,187.6,187.7,187.3,187.3,136.293
2021-10-17 03:58:00,1634443080.0,187.4,187.5,187.3,187.3,360.206
2021-10-17 03:59:00,1634443140.0,187.3,187.4,187.1,187.3,194.693
2021-10-17 04:00:00,1634443200.0,187.3,187.5,187.2,187.4,423.505
2021-10-17 04:01:00,1634443260.0,187.4,187.5,187.3,187.3,58.046
2021-10-17 04:02:00,1634443320.0,187.4,187.5,187.3,187.4,122.844
2021-10-17 04:03:00,1634443380.0,187.4,187.4,187.2,187.2,65.324
2021-10-17 04:04:00,1634443440.0,187.3,187.3,187.1,187.2,78.645
2021-10-17 04:05:00,1634443500.0,187.1,187.4,187.1,187.4,200.206
2021-10-17 04:06:00,1634443560.0,187.4,187.5,187.3,187.3,37.962
2021-10-17 04:07:00,1634443620.0,187.3,187.4,187.3,187.4,8.581
2021-10-17 04:08:00,1634443680.0,187.4,187.7,187.3,187.7,312.636
2021-10-17 04:09:00,1634443740.0,187.7,187.8,187.5,187.6,228.945
2021-10-17 04:10:00,1634443800.0,187.7,187.7,187.4,187.6,165.3
2021-10-17 04:11:00,1634443860.0,187.6,187.7,187.5,187.6,53.528
2021-10-17 04:12:00,1634443920.0,187.5,187.8,187.4,187.8,138.328
2021-10-17 04:13:00,1634443980.0,187.7,187.9,187.7,187.8,605.556
2021-10-17 04:14:00,1634444040.0,187.8,187.9,187.7,187.7,57.28
2021-10-17 04:15:00,1634444100.0,187.7,187.9,187.7,187.7,231.714
2021-10-17 04:16:00,1634444160.0,187.8,187.8,187.7,187.7,11.906
2021-10-17 04:17:00,1634444220.0,187.8,187.8,187.5,187.6,72.426
2021-10-17 04:18:00,1634444280.0,187.7,187.8,187.6,187.7,265.959
2021-10-17 04:19:00,1634444340.0,187.6,187.7,187.5,187.6,146.562
2021-10-17 04:20:00,1634444400.0,187.6,187.8,187.5,187.7,117.829
2021-10-17 04:21:00,1634444460.0,187.8,187.8,187.7,187.7,195.668
2021-10-17 04:22:00,1634444520.0,187.7,187.7,187.6,187.6,25.19
2021-10-17 04:23:00,1634444580.0,187.7,187.7,187.4,187.4,164.362
2021-10-17 04:24:00,1634444640.0,187.5,187.5,187.4,187.5,22.35
2021-10-17 04:25:00,1634444700.0,187.5,187.5,187.4,187.4,35.072
2021-10-17 04:26:00,1634444760.0,187.4,187.5,187.4,187.4,86.741
2021-10-17 04:27:00,1634444820.0,187.5,187.6,187.3,187.3,222.633
2021-10-17 04:28:00,1634444880.0,187.3,187.4,187.2,187.2,22.138
2021-10-17 04:29:00,1634444940.0,187.3,187.4,187.3,187.4,35.513
2021-10-17 04:30:00,1634445000.0,187.3,187.4,187.1,187.2,142.642
2021-10-17 04:31:00,1634445060.0,187.1,187.2,187.1,187.1,254.316
2021-10-17 04:32:00,1634445120.0,187.2,187.2,187.0,187.0,109.339
2021-10-17 04:33:00,1634445180.0,187.1,187.1,187.0,187.1,2.739
2021-10-17 04:34:00,1634445240.0,187.0,187.3,186.9,187.2,281.197
2021-10-17 04:35:00,1634445300.0,187.3,187.3,187.0,187.0,159.779
2021-10-17 04:36:00,1634445360.0,187.1,187.4,187.0,187.3,340.98
2021-10-17 04:37:00,1634445420.0,187.3,187.4,187.2,187.3,70.678
2021-10-17 04:38:00,1634445480.0,187.4,187.4,187.2,187.2,30.169
2021-10-17 04:39:00,1634445540.0,187.2,187.4,187.2,187.3,54.875
2021-10-17 04:40:00,1634445600.0,187.4,187.6,187.3,187.6,108.761
2021-10-17 04:41:00,1634445660.0,187.5,187.8,187.5,187.8,150.676
2021-10-17 04:42:00,1634445720.0,187.7,187.9,187.5,187.6,632.523
2021-10-17 04:43:00,1634445780.0,187.6,187.6,187.5,187.6,210.742
2021-10-17 04:44:00,1634445840.0,187.7,187.7,187.4,187.4,71.508
2021-10-17 04:45:00,1634445900.0,187.4,187.5,187.4,187.4,36.929
2021-10-17 04:46:00,1634445960.0,187.5,187.6,187.4,187.5,115.176
2021-10-17 04:47:00,1634446020.0,187.4,187.4,187.2,187.3,103.061
2021-10-17 04:48:00,1634446080.0,187.3,187.3,187.2,187.3,8.006
2021-10-17 04:49:00,1634446140.0,187.2,187.3,187.1,187.2,59.954
2021-10-17 04:50:00,1634446200.0,187.3,187.3,187.2,187.3,78.592
2021-10-17 04:51:00,1634446260.0,187.2,187.3,187.1,187.1,23.506
2021-10-17 04:52:00,1634446320.0,187.1,187.4,187.1,187.3,191.958
2021-10-17 04:53:00,1634446380.0,187.3,187.4,187.2,187.2,42.342
2021-10-17 04:54:00,1634446440.0,187.2,187.3,187.1,187.1,115.743
2021-10-17 04:55:00,1634446500.0,187.1,187.2,187.0,187.1,102.887
2021-10-17 04:56:00,1634446560.0,187.1,187.1,186.9,186.9,93.287
2021-10-17 04:57:00,1634446620.0,187.0,187.0,186.8,187.0,223.231
2021-10-17 04:58:00,1634446680.0,187.0,187.1,186.7,186.9,585.117
2021-10-17 04:59:00,1634446740.0,186.9,187.0,186.7,187.0,234.519
2021-10-17 05:00:00,1634446800.0,187.0,187.1,186.8,187.0,370.516
2021-10-17 05:01:00,1634446860.0,186.9,187.0,186.9,186.9,27.536
2021-10-17 05:02:00,1634446920.0,186.9,187.0,186.9,186.9,12.634
2021-10-17 05:03:00,1634446980.0,186.9,186.9,186.7,186.7,130.882
2021-10-17 05:04:00,1634447040.0,186.7,186.9,186.7,186.8,363.79
2021-10-17 05:05:00,1634447100.0,186.8,187.1,186.8,187.1,339.153
2021-10-17 05:06:00,1634447160.0,187.0,187.0,186.8,187.0,250.212
2021-10-17 05:07:00,1634447220.0,187.0,187.2,186.9,187.2,73.585
2021-10-17 05:08:00,1634447280.0,187.1,187.2,187.0,187.0,17.425
2021-10-17 05:09:00,1634447340.0,187.1,187.2,187.0,187.2,79.288
2021-10-17 05:10:00,1634447400.0,187.1,187.2,187.0,187.1,20.121
2021-10-17 05:11:00,1634447460.0,187.0,187.1,187.0,187.1,37.045
2021-10-17 05:12:00,1634447520.0,187.1,187.2,186.9,187.0,1203.175
2021-10-17 05:13:00,1634447580.0,187.0,187.0,186.9,186.9,88.042
2021-10-17 05:14:00,1634447640.0,187.0,187.0,186.9,186.9,51.307
2021-10-17 05:15:00,1634447700.0,187.0,187.0,186.8,186.8,264.844
2021-10-17 05:16:00,1634447760.0,186.9,187.0,186.8,186.8,139.484
2021-10-17 05:17:00,1634447820.0,186.9,186.9,186.7,186.8,311.375
2021-10-17 05:18:00,1634447880.0,186.7,186.8,186.6,186.7,21.128
2021-10-17 05:19:00,1634447940.0,186.7,186.9,186.7,186.8,124.779
2021-10-17 05:20:00,1634448000.0,186.8,186.8,186.6,186.6,340.026
2021-10-17 05:21:00,1634448060.0,186.6,186.8,186.6,186.7,191.181
2021-10-17 05:22:00,1634448120.0,186.7,186.8,186.6,186.6,268.206
2021-10-17 05:23:00,1634448180.0,186.7,186.7,186.5,186.5,189.283
2021-10-17 05:24:00,1634448240.0,186.6,186.7,186.5,186.5,331.069
2021-10-17 05:25:00,1634448300.0,186.5,186.7,186.5,186.6,213.579
2021-10-17 05:26:00,1634448360.0,186.6,186.7,186.5,186.7,28.936
2021-10-17 05:27:00,1634448420.0,186.7,186.7,186.6,186.6,8.43
2021-10-17 05:28:00,1634448480.0,186.6,186.8,186.6,186.7,325.566
2021-10-17 05:29:00,1634448540.0,186.8,186.8,186.6,186.7,75.419
2021-10-17 05:30:00,1634448600.0,186.6,186.7,186.6,186.6,102.998
2021-10-17 05:31:00,1634448660.0,186.6,186.9,186.5,186.8,554.224
2021-10-17 05:32:00,1634448720.0,186.7,186.7,186.5,186.6,146.954
2021-10-17 05:33:00,1634448780.0,186.6,186.6,186.5,186.6,15.705
2021-10-17 05:34:00,1634448840.0,186.5,186.7,186.5,186.7,16.921
2021-10-17 05:35:00,1634448900.0,186.7,186.9,186.6,186.8,429.037
2021-10-17 05:36:00,1634448960.0,186.8,187.0,186.8,186.8,676.778
2021-10-17 05:37:00,1634449020.0,186.9,186.9,186.6,186.9,506.658
2021-10-17 05:38:00,1634449080.0,186.9,187.1,186.8,187.1,38.643
2021-10-17 05:39:00,1634449140.0,187.1,187.1,186.8,186.8,114.937
2021-10-17 05:40:00,1634449200.0,186.8,187.0,186.7,186.8,341.435
2021-10-17 05:41:00,1634449260.0,186.9,187.1,186.9,187.0,467.509
2021-10-17 05:42:00,1634449320.0,187.0,187.1,186.8,186.9,113.047
2021-10-17 05:43:00,1634449380.0,187.0,187.1,186.9,187.0,114.308
2021-10-17 05:44:00,1634449440.0,187.0,187.1,186.9,187.0,62.505
2021-10-17 05:45:00,1634449500.0,187.0,187.1,186.7,186.9,383.967
2021-10-17 05:46:00,1634449560.0,186.9,187.0,186.7,187.0,202.169
2021-10-17 05:47:00,1634449620.0,186.9,187.1,186.9,187.1,38.219
2021-10-17 05:48:00,1634449680.0,187.0,187.1,187.0,187.1,19.632
2021-10-17 05:49:00,1634449740.0,187.1,187.2,187.0,187.2,265.212
2021-10-17 05:50:00,1634449800.0,187.2,187.3,186.9,187.0,213.479
2021-10-17 05:51:00,1634449860.0,186.9,187.0,186.8,187.0,335.32
2021-10-17 05:52:00,1634449920.0,186.9,187.0,186.9,187.0,5.789
2021-10-17 05:53:00,1634449980.0,186.9,186.9,186.6,186.8,219.723
2021-10-17 05:54:00,1634450040.0,186.8,186.9,186.7,186.7,155.427
2021-10-17 05:55:00,1634450100.0,186.7,186.9,186.7,186.8,105.556
2021-10-17 05:56:00,1634450160.0,186.8,186.8,186.7,186.7,21.318
2021-10-17 05:57:00,1634450220.0,186.8,186.8,186.5,186.6,156.105
2021-10-17 05:58:00,1634450280.0,186.5,186.6,186.4,186.5,80.026
2021-10-17 05:59:00,1634450340.0,186.5,186.9,186.5,186.7,780.05
2021-10-17 06:00:00,1634450400.0,186.8,186.9,186.7,186.9,182.671
2021-10-17 06:01:00,1634450460.0,186.8,187.0,186.8,186.9,67.423
2021-10-17 06:02:00,1634450520.0,186.9,186.9,186.7,186.8,76.27
2021-10-17 06:03:00,1634450580.0,186.8,187.0,186.8,187.0,44.772
2021-10-17 06:04:00,1634450640.0,187.0,187.0,186.8,186.8,59.769
2021-10-17 06:05:00,1634450700.0,186.8,186.8,186.6,186.7,51.902
2021-10-17 06:06:00,1634450760.0,186.7,186.9,186.7,186.8,41.891
2021-10-17 06:07:00,1634450820.0,186.8,186.9,186.7,186.7,88.309
2021-10-17 06:08:00,1634450880.0,186.7,186.8,186.7,186.8,16.994
2021-10-17 06:09:00,1634450940.0,186.7,186.9,186.7,186.9,65.718
2021-10-17 06:10:00,1634451000.0,186.8,186.9,186.7,186.7,52.631
2021-10-17 06:11:00,1634451060.0,186.7,186.8,186.7,186.7,13.367
2021-10-17 06:12:00,1634451120.0,186.8,186.9,186.8,186.9,22.32
2021-10-17 06:13:00,1634451180.0,186.8,186.9,186.8,186.8,14.022
2021-10-17 06:14:00,1634451240.0,186.8,186.9,186.7,186.8,151.989
2021-10-17 06:15:00,1634451300.0,186.9,187.0,186.7,187.0,468.898
2021-10-17 06:16:00,1634451360.0,187.0,187.2,186.9,187.1,73.97
2021-10-17 06:17:00,1634451420.0,187.1,187.2,187.0,187.2,86.985
2021-10-17 06:18:00,1634451480.0,187.1,187.4,187.1,187.4,96.38
2021-10-17 06:19:00,1634451540.0,187.3,187.4,187.2,187.3,26.204
2021-10-17 06:20:00,1634451600.0,187.4,187.5,187.3,187.4,43.976
2021-10-17 06:21:00,1634451660.0,187.4,187.4,187.2,187.3,341.287
2021-10-17 06:22:00,1634451720.0,187.3,187.5,187.3,187.4,401.684
2021-10-17 06:23:00,1634451780.0,187.4,187.5,187.4,187.4,79.422
2021-10-17 06:24:00,1634451840.0,187.4,187.5,187.3,187.4,109.344
2021-10-17 06:25:00,1634451900.0,187.3,187.5,187.3,187.3,286.063
2021-10-17 06:26:00,1634451960.0,187.2,187.4,187.1,187.1,222.698
2021-10-17 06:27:00,1634452020.0,187.2,187.2,186.9,187.0,158.447
2021-10-17 06:28:00,1634452080.0,186.9,187.0,186.8,186.9,140.732
2021-10-17 06:29:00,1634452140.0,186.8,186.9,186.7,186.9,148.852
2021-10-17 06:30:00,1634452200.0,186.9,186.9,186.7,186.7,27.673
2021-10-17 06:31:00,1634452260.0,186.8,186.9,186.7,186.7,162.203
2021-10-17 06:32:00,1634452320.0,186.7,186.9,186.7,186.9,104.291
2021-10-17 06:33:00,1634452380.0,186.9,187.1,186.9,187.0,95.028
2021-10-17 06:34:00,1634452440.0,187.1,187.1,186.8,186.8,58.961
2021-10-17 06:35:00,1634452500.0,186.8,187.0,186.8,187.0,56.426
2021-10-17 06:36:00,1634452560.0,186.9,187.0,186.9,187.0,103.153
2021-10-17 06:37:00,1634452620.0,187.0,187.1,187.0,187.1,33.281
2021-10-17 06:38:00,1634452680.0,187.0,187.3,187.0,187.2,164.855
2021-10-17 06:39:00,1634452740.0,187.2,187.3,187.0,187.1,106.583
2021-10-17 06:40:00,1634452800.0,187.2,187.2,187.1,187.2,164.092
2021-10-17 06:41:00,1634452860.0,187.1,187.3,187.1,187.2,48.369
2021-10-17 06:42:00,1634452920.0,187.2,187.2,187.0,187.1,35.278
2021-10-17 06:43:00,1634452980.0,187.2,187.3,187.1,187.2,25.956
2021-10-17 06:44:00,1634453040.0,187.3,187.3,187.3,187.3,30.994
2021-10-17 06:45:00,1634453100.0,187.2,187.3,187.0,187.2,82.946
2021-10-17 06:46:00,1634453160.0,187.1,187.2,187.0,187.1,18.767
2021-10-17 06:47:00,1634453220.0,187.0,187.1,186.8,186.8,103.556
2021-10-17 06:48:00,1634453280.0,186.9,186.9,186.7,186.7,82.681
2021-10-17 06:49:00,1634453340.0,186.8,186.8,186.6,186.7,57.08
2021-10-17 06:50:00,1634453400.0,186.7,186.9,186.7,186.8,124.131
2021-10-17 06:51:00,1634453460.0,186.8,186.9,186.8,186.9,71.987
2021-10-17 06:52:00,1634453520.0,186.9,187.0,186.9,187.0,57.869
2021-10-17 06:53:00,1634453580.0,187.0,187.2,187.0,187.2,128.256
2021-10-17 06:54:00,1634453640.0,187.1,187.2,187.1,187.1,144.321
2021-10-17 06:55:00,1634453700.0,187.2,187.3,187.2,187.2,152.601
2021-10-17 06:56:00,1634453760.0,187.2,187.2,187.0,187.0,179.369
2021-10-17 06:57:00,1634453820.0,187.1,187.1,186.8,186.9,110.957
2021-10-17 06:58:00,1634453880.0,186.8,186.9,186.7,186.8,59.656
2021-10-17 06:59:00,1634453940.0,186.8,186.9,186.7,186.8,155.773
2021-10-17 07:00:00,1634454000.0,186.8,186.9,186.7,186.8,247.889
2021-10-17 07:01:00,1634454060.0,186.8,187.0,186.8,186.9,110.278
2021-10-17 07:02:00,1634454120.0,187.0,187.1,186.9,187.1,63.205
2021-10-17 07:03:00,1634454180.0,187.0,187.2,187.0,187.1,232.101
2021-10-17 07:04:00,1634454240.0,187.1,187.1,186.9,186.9,52.182
2021-10-17 07:05:00,1634454300.0,187.0,187.0,186.8,187.0,383.698
2021-10-17 07:06:00,1634454360.0,187.0,187.1,186.9,187.0,51.021
2021-10-17 07:07:00,1634454420.0,187.0,187.1,186.9,187.0,123.787
2021-10-17 07:08:00,1634454480.0,186.9,187.1,186.9,187.1,83.383
2021-10-17 07:09:00,1634454540.0,187.1,187.1,187.0,187.0,8.536
2021-10-17 07:10:00,1634454600.0,187.1,187.2,187.1,187.1,22.285
2021-10-17 07:11:00,1634454660.0,187.1,187.2,187.1,187.2,175.874
2021-10-17 07:12:00,1634454720.0,187.2,187.3,187.1,187.2,159.024
2021-10-17 07:13:00,1634454780.0,187.2,187.4,187.1,187.3,279.297
2021-10-17 07:14:00,1634454840.0,187.3,187.4,187.3,187.3,26.75
2021-10-17 07:15:00,1634454900.0,187.4,187.4,187.2,187.2,213.884
2021-10-17 07:16:00,1634454960.0,187.2,187.3,187.1,187.3,203.792
2021-10-17 07:17:00,1634455020.0,187.3,187.5,187.2,187.2,388.577
2021-10-17 07:18:00,1634455080.0,187.2,187.4,187.2,187.3,78.752
2021-10-17 07:19:00,1634455140.0,187.3,187.4,187.2,187.4,179.232
2021-10-17 07:20:00,1634455200.0,187.4,187.7,187.4,187.5,410.519
2021-10-17 07:21:00,1634455260.0,187.5,188.1,187.4,188.0,1881.421
2021-10-17 07:22:00,1634455320.0,188.1,188.1,187.4,187.5,2948.076
2021-10-17 07:23:00,1634455380.0,187.5,187.6,187.4,187.5,114.867
2021-10-17 07:24:00,1634455440.0,187.5,187.7,187.5,187.6,51.563
2021-10-17 07:25:00,1634455500.0,187.5,187.6,187.5,187.5,219.853
2021-10-17 07:26:00,1634455560.0,187.6,187.6,187.5,187.5,29.613
2021-10-17 07:27:00,1634455620.0,187.5,187.5,187.4,187.5,45.736
2021-10-17 07:28:00,1634455680.0,187.5,187.5,187.4,187.4,41.523
2021-10-17 07:29:00,1634455740.0,187.4,187.6,187.4,187.6,556.711
2021-10-17 07:30:00,1634455800.0,187.5,187.7,187.5,187.6,33.403
2021-10-17 07:31:00,1634455860.0,187.5,187.6,187.2,187.2,384.599
2021-10-17 07:32:00,1634455920.0,187.1,187.3,187.0,187.1,65.658
2021-10-17 07:33:00,1634455980.0,187.1,187.1,186.8,187.0,409.076
2021-10-17 07:34:00,1634456040.0,186.9,187.0,186.8,186.9,100.459
2021-10-17 07:35:00,1634456100.0,186.9,187.0,186.8,187.0,343.904
2021-10-17 07:36:00,1634456160.0,187.0,187.0,186.7,186.7,146.707
2021-10-17 07:37:00,1634456220.0,186.6,186.8,186.6,186.7,97.864
2021-10-17 07:38:00,1634456280.0,186.8,186.8,186.6,186.6,47.983
2021-10-17 07:39:00,1634456340.0,186.6,187.0,186.6,186.7,699.307
2021-10-17 07:40:00,1634456400.0,186.8,186.9,186.7,186.9,68.31
2021-10-17 07:41:00,1634456460.0,186.8,186.9,186.7,186.8,127.454
2021-10-17 07:42:00,1634456520.0,186.8,186.9,186.7,186.8,34.085
2021-10-17 07:43:00,1634456580.0,186.8,186.9,186.7,186.8,17.958
2021-10-17 07:44:00,1634456640.0,186.9,186.9,186.7,186.8,133.767
2021-10-17 07:45:00,1634456700.0,186.9,186.9,186.8,186.8,30.37
2021-10-17 07:46:00,1634456760.0,186.8,186.9,186.6,186.7,307.36
2021-10-17 07:47:00,1634456820.0,186.7,186.8,186.6,186.7,94.893
2021-10-17 07:48:00,1634456880.0,186.6,187.0,186.6,186.9,179.245
2021-10-17 07:49:00,1634456940.0,187.0,187.0,186.8,186.8,87.676
2021-10-17 07:50:00,1634457000.0,186.8,186.9,186.7,186.7,183.9
2021-10-17 07:51:00,1634457060.0,186.7,186.7,186.3,186.4,488.621
2021-10-17 07:52:00,1634457120.0,186.3,186.4,185.8,185.8,1882.096
2021-10-17 07:53:00,1634457180.0,185.8,185.9,185.6,185.9,1113.258
2021-10-17 07:54:00,1634457240.0,185.9,186.1,185.9,186.1,347.854
2021-10-17 07:55:00,1634457300.0,186.2,186.3,185.8,185.9,199.976
2021-10-17 07:56:00,1634457360.0,185.8,185.8,185.6,185.7,324.165
2021-10-17 07:57:00,1634457420.0,185.8,185.8,185.6,185.7,237.881
2021-10-17 07:58:00,1634457480.0,185.6,185.9,185.3,185.5,860.947
2021-10-17 07:59:00,1634457540.0,185.5,185.8,185.4,185.4,309.48
2021-10-17 08:00:00,1634457600.0,185.5,185.8,185.4,185.7,1019.008
2021-10-17 08:01:00,1634457660.0,185.6,186.0,185.6,185.7,524.661
2021-10-17 08:02:00,1634457720.0,185.7,185.7,185.4,185.5,381.442
2021-10-17 08:03:00,1634457780.0,185.5,185.6,185.5,185.5,71.611
2021-10-17 08:04:00,1634457840.0,185.6,185.7,185.5,185.5,286.912
2021-10-17 08:05:00,1634457900.0,185.5,185.7,185.5,185.6,77.281
2021-10-17 08:06:00,1634457960.0,185.6,185.7,185.6,185.7,31.014
2021-10-17 08:07:00,1634458020.0,185.6,185.7,185.6,185.7,36.547
2021-10-17 08:08:00,1634458080.0,185.6,185.8,185.6,185.7,323.373
2021-10-17 08:09:00,1634458140.0,185.6,185.8,185.6,185.8,120.803
2021-10-17 08:10:00,1634458200.0,185.7,185.8,185.6,185.7,95.066
2021-10-17 08:11:00,1634458260.0,185.7,185.7,185.5,185.5,126.217
2021-10-17 08:12:00,1634458320.0,185.6,185.9,185.6,185.9,186.044
2021-10-17 08:13:00,1634458380.0,185.8,186.0,185.8,185.9,87.296
2021-10-17 08:14:00,1634458440.0,186.0,186.0,185.8,185.9,95.929
2021-10-17 08:15:00,1634458500.0,185.8,186.1,185.8,186.0,134.355
2021-10-17 08:16:00,1634458560.0,186.0,186.1,185.9,185.9,85.208
2021-10-17 08:17:00,1634458620.0,186.0,186.1,185.9,186.0,263.955
2021-10-17 08:18:00,1634458680.0,186.0,186.2,186.0,186.2,61.603
2021-10-17 08:19:00,1634458740.0,186.2,186.3,186.1,186.3,90.953
2021-10-17 08:20:00,1634458800.0,186.3,186.3,186.2,186.2,148.796
2021-10-17 08:21:00,1634458860.0,186.2,186.4,186.2,186.3,128.817
2021-10-17 08:22:00,1634458920.0,186.3,186.3,186.2,186.3,26.14
2021-10-17 08:23:00,1634458980.0,186.3,186.3,186.1,186.2,186.337
2021-10-17 08:24:00,1634459040.0,186.2,186.2,185.9,186.1,99.51
2021-10-17 08:25:00,1634459100.0,186.1,186.1,185.9,185.9,42.796
2021-10-17 08:26:00,1634459160.0,186.0,186.1,186.0,186.0,89.284
2021-10-17 08:27:00,1634459220.0,186.0,186.4,186.0,186.3,216.512
2021-10-17 08:28:00,1634459280.0,186.4,186.5,186.1,186.3,246.424
2021-10-17 08:29:00,1634459340.0,186.3,186.4,185.8,186.3,2062.139
2021-10-17 08:30:00,1634459400.0,186.2,186.4,186.1,186.4,251.908
2021-10-17 08:31:00,1634459460.0,186.3,186.5,186.2,186.5,78.782
2021-10-17 08:32:00,1634459520.0,186.4,186.5,186.2,186.3,462.245
2021-10-17 08:33:00,1634459580.0,186.2,186.4,186.1,186.4,256.56
2021-10-17 08:34:00,1634459640.0,186.4,186.4,186.2,186.4,136.633
2021-10-17 08:35:00,1634459700.0,186.4,186.4,186.2,186.2,55.238
2021-10-17 08:36:00,1634459760.0,186.3,186.3,185.9,186.0,262.965
2021-10-17 08:37:00,1634459820.0,186.0,186.0,185.9,185.9,41.187
2021-10-17 08:38:00,1634459880.0,186.0,186.1,185.9,186.1,103.095
2021-10-17 08:39:00,1634459940.0,186.2,186.2,186.1,186.1,47.906
2021-10-17 08:40:00,1634460000.0,186.1,186.2,186.0,186.0,108.812
2021-10-17 08:41:00,1634460060.0,186.0,186.2,185.8,185.9,431.054
2021-10-17 08:42:00,1634460120.0,186.0,186.0,185.9,186.0,48.411
2021-10-17 08:43:00,1634460180.0,186.0,186.1,185.9,186.1,103.301
2021-10-17 08:44:00,1634460240.0,186.1,186.1,185.9,186.0,76.941
2021-10-17 08:45:00,1634460300.0,186.0,186.1,186.0,186.0,59.276
2021-10-17 08:46:00,1634460360.0,186.1,186.1,186.0,186.0,169.582
2021-10-17 08:47:00,1634460420.0,186.1,186.3,186.0,186.3,240.302
2021-10-17 08:48:00,1634460480.0,186.3,186.3,186.1,186.1,155.217
2021-10-17 08:49:00,1634460540.0,186.2,186.2,186.0,186.2,49.557
2021-10-17 08:50:00,1634460600.0,186.2,186.2,186.0,186.1,138.128
2021-10-17 08:51:00,1634460660.0,186.1,186.1,186.0,186.0,40.86
2021-10-17 08:52:00,1634460720.0,186.1,186.1,186.0,186.1,30.103
2021-10-17 08:53:00,1634460780.0,186.1,186.1,186.0,186.1,39.3
2021-10-17 08:54:00,1634460840.0,186.1,186.1,186.0,186.0,34.311
2021-10-17 08:55:00,1634460900.0,186.0,186.0,185.8,185.8,510.868
2021-10-17 08:56:00,1634460960.0,185.9,185.9,185.8,185.8,152.055
2021-10-17 08:57:00,1634461020.0,185.9,185.9,185.7,185.8,57.115
2021-10-17 08:58:00,1634461080.0,185.8,185.8,185.7,185.8,70.79
2021-10-17 08:59:00,1634461140.0,185.8,186.0,185.7,186.0,287.896
2021-10-17 09:00:00,1634461200.0,185.9,185.9,185.8,185.9,61.153
2021-10-17 09:01:00,1634461260.0,185.9,185.9,185.7,185.9,236.093
2021-10-17 09:02:00,1634461320.0,185.9,186.0,185.9,186.0,298.813
2021-10-17 09:03:00,1634461380.0,186.0,186.0,185.7,185.7,134.472
2021-10-17 09:04:00,1634461440.0,185.7,185.8,185.5,185.6,496.256
2021-10-17 09:05:00,1634461500.0,185.6,185.7,185.6,185.6,90.81
2021-10-17 09:06:00,1634461560.0,185.6,185.6,185.4,185.5,239.473
2021-10-17 09:07:00,1634461620.0,185.5,185.5,185.4,185.4,48.999
2021-10-17 09:08:00,1634461680.0,185.5,185.5,185.4,185.4,148.716
2021-10-17 09:09:00,1634461740.0,185.5,185.6,185.4,185.5,218.686
2021-10-17 09:10:00,1634461800.0,185.5,185.8,185.5,185.7,208.805
2021-10-17 09:11:00,1634461860.0,185.7,185.9,185.7,185.7,248.808
2021-10-17 09:12:00,1634461920.0,185.8,185.9,185.7,185.8,138.183
2021-10-17 09:13:00,1634461980.0,185.9,185.9,185.8,185.8,114.205
2021-10-17 09:14:00,1634462040.0,185.9,185.9,185.7,185.8,204.914
2021-10-17 09:15:00,1634462100.0,185.8,186.2,185.8,186.2,459.08
2021-10-17 09:16:00,1634462160.0,186.2,186.2,186.1,186.2,349.127
2021-10-17 09:17:00,1634462220.0,186.2,186.3,185.9,186.1,83.995
2021-10-17 09:18:00,1634462280.0,186.0,186.1,185.9,186.1,177.921
2021-10-17 09:19:00,1634462340.0,186.1,186.2,186.0,186.0,106.337
2021-10-17 09:20:00,1634462400.0,186.1,186.2,186.1,186.1,46.013
2021-10-17 09:21:00,1634462460.0,186.1,186.2,186.0,186.1,89.787
2021-10-17 09:22:00,1634462520.0,186.1,186.2,186.1,186.2,79.917
2021-10-17 09:23:00,1634462580.0,186.2,186.2,186.1,186.1,52.631
2021-10-17 09:24:00,1634462640.0,186.1,186.2,186.1,186.1,162.719
2021-10-17 09:25:00,1634462700.0,186.2,186.2,186.1,186.1,32.25
2021-10-17 09:26:00,1634462760.0,186.1,186.2,186.0,186.1,385.976
2021-10-17 09:27:00,1634462820.0,186.0,186.1,185.9,186.0,122.982
2021-10-17 09:28:00,1634462880.0,186.0,186.0,185.8,185.9,143.526
2021-10-17 09:29:00,1634462940.0,185.9,186.1,185.9,186.0,124.711
2021-10-17 09:30:00,1634463000.0,186.1,186.1,186.0,186.1,38.02
2021-10-17 09:31:00,1634463060.0,186.0,186.3,186.0,186.3,122.189
2021-10-17 09:32:00,1634463120.0,186.3,186.3,186.1,186.1,155.717
2021-10-17 09:33:00,1634463180.0,186.1,186.5,186.1,186.4,182.116
2021-10-17 09:34:00,1634463240.0,186.5,186.6,186.4,186.5,332.756
2021-10-17 09:35:00,1634463300.0,186.4,186.6,186.4,186.4,210.095
2021-10-17 09:36:00,1634463360.0,186.4,186.4,186.3,186.4,122.379
2021-10-17 09:37:00,1634463420.0,186.4,186.4,186.1,186.2,195.393
2021-10-17 09:38:00,1634463480.0,186.2,186.3,186.1,186.2,243.795
2021-10-17 09:39:00,1634463540.0,186.3,186.3,186.2,186.3,48.464
2021-10-17 09:40:00,1634463600.0,186.3,186.4,186.1,186.2,662.61
2021-10-17 09:41:00,1634463660.0,186.3,186.4,186.2,186.4,73.077
2021-10-17 09:42:00,1634463720.0,186.4,186.4,186.2,186.2,104.266
2021-10-17 09:43:00,1634463780.0,186.3,186.3,186.1,186.2,209.399
2021-10-17 09:44:00,1634463840.0,186.3,186.3,186.1,186.2,138.934
2021-10-17 09:45:00,1634463900.0,186.2,186.3,186.1,186.2,121.822
2021-10-17 09:46:00,1634463960.0,186.3,186.3,186.2,186.2,102.121
2021-10-17 09:47:00,1634464020.0,186.3,186.4,186.2,186.4,54.708
2021-10-17 09:48:00,1634464080.0,186.3,186.6,186.3,186.6,293.057
2021-10-17 09:49:00,1634464140.0,186.6,186.6,186.4,186.5,195.532
2021-10-17 09:50:00,1634464200.0,186.4,186.5,186.3,186.3,97.947
2021-10-17 09:51:00,1634464260.0,186.3,186.4,186.2,186.4,106.324
2021-10-17 09:52:00,1634464320.0,186.4,186.4,186.3,186.4,20.151
2021-10-17 09:53:00,1634464380.0,186.4,186.4,186.1,186.1,112.291
2021-10-17 09:54:00,1634464440.0,186.2,186.4,186.1,186.4,55.459
2021-10-17 09:55:00,1634464500.0,186.3,186.4,186.2,186.3,75.167
2021-10-17 09:56:00,1634464560.0,186.3,186.4,186.2,186.4,136.143
2021-10-17 09:57:00,1634464620.0,186.4,186.4,186.2,186.3,36.517
2021-10-17 09:58:00,1634464680.0,186.3,186.3,186.2,186.2,9.218
2021-10-17 09:59:00,1634464740.0,186.3,186.5,186.2,186.5,138.837
2021-10-17 10:00:00,1634464800.0,186.5,186.6,186.5,186.6,324.179
2021-10-17 10:01:00,1634464860.0,186.6,186.6,186.5,186.6,154.941
2021-10-17 10:02:00,1634464920.0,186.6,186.7,186.5,186.6,232.671
2021-10-17 10:03:00,1634464980.0,186.6,186.7,186.5,186.5,86.579
2021-10-17 10:04:00,1634465040.0,186.6,186.6,186.4,186.6,73.291
2021-10-17 10:05:00,1634465100.0,186.5,186.6,186.5,186.5,58.349
2021-10-17 10:06:00,1634465160.0,186.5,186.6,186.1,186.2,656.45
2021-10-17 10:07:00,1634465220.0,186.1,186.2,186.1,186.1,23.399
2021-10-17 10:08:00,1634465280.0,186.2,186.3,186.1,186.2,109.583
2021-10-17 10:09:00,1634465340.0,186.2,186.3,186.1,186.2,109.316
2021-10-17 10:10:00,1634465400.0,186.3,186.3,186.2,186.2,60.347
2021-10-17 10:11:00,1634465460.0,186.3,186.3,186.2,186.3,182.36
2021-10-17 10:12:00,1634465520.0,186.3,186.5,186.2,186.4,225.137
2021-10-17 10:13:00,1634465580.0,186.4,186.4,186.2,186.4,158.233
2021-10-17 10:14:00,1634465640.0,186.4,186.4,186.3,186.4,59.628
2021-10-17 10:15:00,1634465700.0,186.4,186.4,186.3,186.3,23.88
2021-10-17 10:16:00,1634465760.0,186.3,186.3,186.0,186.0,438.5
2021-10-17 10:17:00,1634465820.0,186.0,186.1,185.9,185.9,117.217
2021-10-17 10:18:00,1634465880.0,185.9,186.0,185.9,185.9,237.823
2021-10-17 10:19:00,1634465940.0,186.0,186.1,185.9,186.0,139.934
2021-10-17 10:20:00,1634466000.0,186.1,186.1,185.9,185.9,14.641
2021-10-17 10:21:00,1634466060.0,186.0,186.0,185.9,186.0,80.415
2021-10-17 10:22:00,1634466120.0,186.0,186.1,185.9,186.1,90.457
2021-10-17 10:23:00,1634466180.0,186.1,186.1,185.9,186.0,91.008
2021-10-17 10:24:00,1634466240.0,186.0,186.1,185.9,185.9,190.908
2021-10-17 10:25:00,1634466300.0,186.0,186.0,185.9,185.9,24.737
2021-10-17 10:26:00,1634466360.0,185.9,186.0,185.9,186.0,46.033
2021-10-17 10:27:00,1634466420.0,186.0,186.0,185.9,185.9,51.835
2021-10-17 10:28:00,1634466480.0,185.9,186.0,185.8,185.9,121.305
2021-10-17 10:29:00,1634466540.0,185.9,186.0,185.9,186.0,26.149
2021-10-17 10:30:00,1634466600.0,186.0,186.2,186.0,186.0,348.645
2021-10-17 10:31:00,1634466660.0,186.0,186.1,185.9,185.9,129.704
2021-10-17 10:32:00,1634466720.0,185.9,186.0,185.8,185.9,59.721
2021-10-17 10:33:00,1634466780.0,185.8,185.9,185.8,185.9,39.228
2021-10-17 10:34:00,1634466840.0,185.9,185.9,185.7,185.8,214.884
2021-10-17 10:35:00,1634466900.0,185.8,185.9,185.7,185.8,86.728
2021-10-17 10:36:00,1634466960.0,185.8,186.0,185.8,186.0,105.223
2021-10-17 10:37:00,1634467020.0,186.0,186.2,186.0,186.1,73.8
2021-10-17 10:38:00,1634467080.0,186.2,186.3,186.1,186.1,207.602
2021-10-17 10:39:00,1634467140.0,186.2,186.5,186.1,186.4,220.723
2021-10-17 10:40:00,1634467200.0,186.4,186.6,186.4,186.5,123.625
2021-10-17 10:41:00,1634467260.0,186.5,186.6,186.3,186.6,559.953
2021-10-17 10:42:00,1634467320.0,186.7,186.7,186.5,186.6,164.646
2021-10-17 10:43:00,1634467380.0,186.6,186.7,186.3,186.3,334.328
2021-10-17 10:44:00,1634467440.0,186.3,186.5,186.3,186.3,417.388
2021-10-17 10:45:00,1634467500.0,186.3,186.4,186.1,186.2,103.101
2021-10-17 10:46:00,1634467560.0,186.1,186.3,186.0,186.1,129.469
2021-10-17 10:47:00,1634467620.0,186.1,186.2,186.0,186.1,101.596
2021-10-17 10:48:00,1634467680.0,186.0,186.3,186.0,186.3,224.318
2021-10-17 10:49:00,1634467740.0,186.3,186.5,186.3,186.4,189.003
2021-10-17 10:50:00,1634467800.0,186.5,186.7,186.4,186.6,134.867
2021-10-17 10:51:00,1634467860.0,186.7,186.7,186.6,186.7,66.248
2021-10-17 10:52:00,1634467920.0,186.7,186.7,186.6,186.7,25.586
2021-10-17 10:53:00,1634467980.0,186.7,186.8,186.6,186.7,278.428
2021-10-17 10:54:00,1634468040.0,186.6,186.7,186.5,186.5,112.354
2021-10-17 10:55:00,1634468100.0,186.4,186.5,186.4,186.4,158.616
2021-10-17 10:56:00,1634468160.0,186.4,186.5,186.3,186.3,96.735
2021-10-17 10:57:00,1634468220.0,186.3,186.4,186.3,186.4,11.926
2021-10-17 10:58:00,1634468280.0,186.3,186.4,186.2,186.2,235.457
2021-10-17 10:59:00,1634468340.0,186.3,186.4,186.2,186.4,164.157
2021-10-17 11:00:00,1634468400.0,186.3,186.6,186.3,186.6,270.845
2021-10-17 11:01:00,1634468460.0,186.5,186.6,186.5,186.6,275.618
2021-10-17 11:02:00,1634468520.0,186.6,186.7,186.5,186.7,138.733
2021-10-17 11:03:00,1634468580.0,186.7,186.7,186.5,186.5,214.32
2021-10-17 11:04:00,1634468640.0,186.6,186.6,186.5,186.6,31.781
2021-10-17 11:05:00,1634468700.0,186.5,186.9,186.5,186.9,320.433
2021-10-17 11:06:00,1634468760.0,186.9,186.9,186.8,186.9,58.246
2021-10-17 11:07:00,1634468820.0,186.8,186.9,186.7,186.8,190.267
2021-10-17 11:08:00,1634468880.0,186.8,186.8,186.5,186.6,200.863
2021-10-17 11:09:00,1634468940.0,186.5,186.8,186.5,186.8,157.665
2021-10-17 11:10:00,1634469000.0,186.8,186.8,186.6,186.6,227.689
2021-10-17 11:11:00,1634469060.0,186.6,186.7,186.6,186.7,13.837
2021-10-17 11:12:00,1634469120.0,186.7,186.7,186.6,186.7,30.808
2021-10-17 11:13:00,1634469180.0,186.7,186.7,186.6,186.6,30.746
2021-10-17 11:14:00,1634469240.0,186.7,186.8,186.6,186.8,18.384
2021-10-17 11:15:00,1634469300.0,186.7,186.9,186.7,186.9,102.493
2021-10-17 11:16:00,1634469360.0,186.9,186.9,186.7,186.7,154.882
2021-10-17 11:17:00,1634469420.0,186.7,186.8,186.6,186.6,209.736
2021-10-17 11:18:00,1634469480.0,186.6,186.8,186.6,186.8,168.533
2021-10-17 11:19:00,1634469540.0,186.8,186.9,186.7,186.9,218.053
2021-10-17 11:20:00,1634469600.0,186.9,186.9,186.7,186.8,145.934
2021-10-17 11:21:00,1634469660.0,186.7,186.9,186.7,186.9,13.53
2021-10-17 11:22:00,1634469720.0,186.8,186.9,186.6,186.6,164.07
2021-10-17 11:23:00,1634469780.0,186.7,186.7,186.5,186.6,235.006
2021-10-17 11:24:00,1634469840.0,186.6,186.6,186.5,186.5,108.273
2021-10-17 11:25:00,1634469900.0,186.4,186.6,186.4,186.4,214.672
2021-10-17 11:26:00,1634469960.0,186.4,186.5,186.4,186.4,214.636
2021-10-17 11:27:00,1634470020.0,186.5,186.5,186.3,186.4,260.976
2021-10-17 11:28:00,1634470080.0,186.3,186.4,186.3,186.3,237.191
2021-10-17 11:29:00,1634470140.0,186.3,186.5,186.3,186.3,275.979
2021-10-17 11:30:00,1634470200.0,186.3,186.6,186.3,186.5,120.979
2021-10-17 11:31:00,1634470260.0,186.4,186.5,186.3,186.4,392.92
2021-10-17 11:32:00,1634470320.0,186.3,186.5,186.3,186.3,282.358
2021-10-17 11:33:00,1634470380.0,186.3,186.4,186.1,186.4,1177.781
2021-10-17 11:34:00,1634470440.0,186.3,186.4,186.1,186.1,154.868
2021-10-17 11:35:00,1634470500.0,186.1,186.4,186.1,186.3,233.926
2021-10-17 11:36:00,1634470560.0,186.3,186.3,186.2,186.3,18.845
2021-10-17 11:37:00,1634470620.0,186.3,186.3,186.2,186.2,12.088
2021-10-17 11:38:00,1634470680.0,186.2,186.2,185.9,186.0,204.847
2021-10-17 11:39:00,1634470740.0,186.0,186.2,185.2,185.4,4856.504
2021-10-17 11:40:00,1634470800.0,185.4,185.8,185.4,185.7,462.005
2021-10-17 11:41:00,1634470860.0,185.6,185.8,185.6,185.7,68.876
2021-10-17 11:42:00,1634470920.0,185.6,185.9,185.6,185.8,314.738
2021-10-17 11:43:00,1634470980.0,185.9,185.9,185.7,185.8,202.006
2021-10-17 11:44:00,1634471040.0,185.8,185.8,185.7,185.8,140.848
2021-10-17 11:45:00,1634471100.0,185.7,185.9,185.7,185.7,317.675
2021-10-17 11:46:00,1634471160.0,185.8,185.8,185.7,185.8,21.933
2021-10-17 11:47:00,1634471220.0,185.7,185.8,185.5,185.6,91.141
2021-10-17 11:48:00,1634471280.0,185.5,185.6,185.5,185.6,129.859
2021-10-17 11:49:00,1634471340.0,185.6,185.8,185.6,185.7,35.855
2021-10-17 11:50:00,1634471400.0,185.7,185.8,185.7,185.8,36.499
2021-10-17 11:51:00,1634471460.0,185.7,186.0,185.7,185.9,135.436
2021-10-17 11:52:00,1634471520.0,185.9,186.1,185.8,186.1,180.946
2021-10-17 11:53:00,1634471580.0,186.0,186.2,186.0,186.0,85.706
2021-10-17 11:54:00,1634471640.0,186.0,186.7,186.0,186.1,2877.572
2021-10-17 11:55:00,1634471700.0,186.1,186.1,185.6,185.8,440.204
2021-10-17 11:56:00,1634471760.0,185.8,186.0,185.8,185.9,1019.412
2021-10-17 11:57:00,1634471820.0,185.9,185.9,185.1,185.5,3765.152
2021-10-17 11:58:00,1634471880.0,185.5,185.5,185.3,185.4,168.604
2021-10-17 11:59:00,1634471940.0,185.4,185.5,185.1,185.1,678.019
2021-10-17 12:00:00,1634472000.0,185.2,185.4,185.1,185.4,191.836
2021-10-17 12:01:00,1634472060.0,185.3,185.5,185.2,185.5,91.307
2021-10-17 12:02:00,1634472120.0,185.4,185.5,185.2,185.4,176.793
2021-10-17 12:03:00,1634472180.0,185.4,185.4,185.0,185.4,293.84
2021-10-17 12:04:00,1634472240.0,185.4,185.4,185.1,185.1,283.96
2021-10-17 12:05:00,1634472300.0,185.2,185.2,184.8,185.1,1395.399
2021-10-17 12:06:00,1634472360.0,185.0,185.1,184.6,184.8,973.409
2021-10-17 12:07:00,1634472420.0,184.7,184.8,184.2,184.8,632.946
2021-10-17 12:08:00,1634472480.0,184.8,184.9,184.6,184.8,553.372
2021-10-17 12:09:00,1634472540.0,184.8,184.8,184.6,184.8,438.737
2021-10-17 12:10:00,1634472600.0,184.8,184.9,184.6,184.7,585.33
2021-10-17 12:11:00,1634472660.0,184.7,184.7,184.5,184.6,159.225
2021-10-17 12:12:00,1634472720.0,184.6,184.6,183.9,184.4,4697.21
2021-10-17 12:13:00,1634472780.0,184.3,184.5,184.2,184.3,423.055
2021-10-17 12:14:00,1634472840.0,184.2,184.3,184.2,184.2,259.684
2021-10-17 12:15:00,1634472900.0,184.2,184.5,184.1,184.5,238.106
2021-10-17 12:16:00,1634472960.0,184.5,184.5,184.4,184.5,88.955
2021-10-17 12:17:00,1634473020.0,184.5,184.7,184.4,184.6,411.725
2021-10-17 12:18:00,1634473080.0,184.5,184.6,184.4,184.5,449.462
2021-10-17 12:19:00,1634473140.0,184.5,184.7,184.5,184.6,165.877
2021-10-17 12:20:00,1634473200.0,184.6,184.6,184.1,184.4,1380.295
2021-10-17 12:21:00,1634473260.0,184.3,184.4,184.3,184.3,202.83
2021-10-17 12:22:00,1634473320.0,184.3,184.5,184.3,184.4,615.327
2021-10-17 12:23:00,1634473380.0,184.3,184.3,184.1,184.1,85.396
2021-10-17 12:24:00,1634473440.0,184.2,184.4,184.0,184.1,939.203
2021-10-17 12:25:00,1634473500.0,184.0,184.2,183.9,184.1,490.423
2021-10-17 12:26:00,1634473560.0,184.1,184.3,184.0,184.3,348.683
2021-10-17 12:27:00,1634473620.0,184.3,184.5,184.2,184.5,161.29
2021-10-17 12:28:00,1634473680.0,184.4,184.5,184.2,184.4,135.267
2021-10-17 12:29:00,1634473740.0,184.3,184.4,184.3,184.3,68.49
2021-10-17 12:30:00,1634473800.0,184.3,184.4,184.2,184.2,112.33
2021-10-17 12:31:00,1634473860.0,184.2,184.3,184.2,184.3,235.477
2021-10-17 12:32:00,1634473920.0,184.2,184.3,184.2,184.2,124.96
2021-10-17 12:33:00,1634473980.0,184.3,184.3,184.2,184.3,111.795
2021-10-17 12:34:00,1634474040.0,184.3,184.4,184.3,184.4,152.634
2021-10-17 12:35:00,1634474100.0,184.4,184.4,184.3,184.3,168.887
2021-10-17 12:36:00,1634474160.0,184.4,184.4,184.3,184.3,26.833
2021-10-17 12:37:00,1634474220.0,184.4,184.4,184.3,184.4,129.78
2021-10-17 12:38:00,1634474280.0,184.4,184.4,184.3,184.4,167.298
2021-10-17 12:39:00,1634474340.0,184.3,184.4,184.1,184.3,258.506
2021-10-17 12:40:00,1634474400.0,184.2,184.3,184.1,184.1,212.846
2021-10-17 12:41:00,1634474460.0,184.2,184.2,184.0,184.1,140.732
2021-10-17 12:42:00,1634474520.0,184.1,184.2,184.1,184.2,47.153
2021-10-17 12:43:00,1634474580.0,184.1,184.2,183.9,184.0,558.85
2021-10-17 12:44:00,1634474640.0,184.0,184.4,184.0,184.4,670.816
2021-10-17 12:45:00,1634474700.0,184.3,184.5,184.3,184.5,71.59
2021-10-17 12:46:00,1634474760.0,184.5,184.5,184.4,184.5,41.517
2021-10-17 12:47:00,1634474820.0,184.5,184.5,184.3,184.4,267.895
2021-10-17 12:48:00,1634474880.0,184.4,184.6,184.4,184.6,73.568
2021-10-17 12:49:00,1634474940.0,184.5,184.7,184.5,184.6,59.338
2021-10-17 12:50:00,1634475000.0,184.7,184.7,184.5,184.6,49.921
2021-10-17 12:51:00,1634475060.0,184.5,184.7,184.5,184.7,119.581
2021-10-17 12:52:00,1634475120.0,184.6,184.7,184.6,184.6,5.661
2021-10-17 12:53:00,1634475180.0,184.6,184.7,184.5,184.6,263.937
2021-10-17 12:54:00,1634475240.0,184.5,184.8,184.5,184.8,771.749
2021-10-17 12:55:00,1634475300.0,184.8,184.9,184.7,184.9,261.021
2021-10-17 12:56:00,1634475360.0,184.9,185.0,184.8,185.0,202.594
2021-10-17 12:57:00,1634475420.0,184.9,185.0,184.7,184.7,493.389
2021-10-17 12:58:00,1634475480.0,184.8,184.9,184.7,184.9,212.201
2021-10-17 12:59:00,1634475540.0,184.8,185.2,184.8,185.1,762.616
2021-10-17 13:00:00,1634475600.0,185.0,185.2,184.9,184.9,431.391
2021-10-17 13:01:00,1634475660.0,184.9,185.0,184.9,184.9,3870.408
2021-10-17 13:02:00,1634475720.0,184.9,185.2,184.7,185.1,1888.039
2021-10-17 13:03:00,1634475780.0,185.1,185.1,185.0,185.0,184.712
2021-10-17 13:04:00,1634475840.0,185.0,185.0,184.9,185.0,135.154
2021-10-17 13:05:00,1634475900.0,185.0,185.0,184.9,185.0,42.209
2021-10-17 13:06:00,1634475960.0,185.0,185.1,184.9,184.9,335.307
2021-10-17 13:07:00,1634476020.0,184.9,185.0,184.8,184.8,41.605
2021-10-17 13:08:00,1634476080.0,184.9,185.2,184.8,185.1,110.237
2021-10-17 13:09:00,1634476140.0,185.0,185.1,185.0,185.0,94.778
2021-10-17 13:10:00,1634476200.0,185.0,185.0,184.9,185.0,75.62
2021-10-17 13:11:00,1634476260.0,185.0,185.2,184.9,185.1,171.929
2021-10-17 13:12:00,1634476320.0,185.2,185.6,185.1,185.5,565.54
2021-10-17 13:13:00,1634476380.0,185.5,185.7,185.5,185.6,77.243
2021-10-17 13:14:00,1634476440.0,185.5,185.7,185.5,185.7,225.323
2021-10-17 13:15:00,1634476500.0,185.6,185.8,185.4,185.5,584.901
2021-10-17 13:16:00,1634476560.0,185.4,185.7,185.3,185.6,536.485
2021-10-17 13:17:00,1634476620.0,185.6,185.9,185.6,185.9,1254.061
2021-10-17 13:18:00,1634476680.0,185.9,186.0,185.8,185.8,917.378
2021-10-17 13:19:00,1634476740.0,185.8,186.0,185.8,186.0,198.388
2021-10-17 13:20:00,1634476800.0,186.0,186.1,186.0,186.1,97.707
2021-10-17 13:21:00,1634476860.0,186.1,186.1,185.8,186.0,122.125
2021-10-17 13:22:00,1634476920.0,186.1,186.1,185.9,186.0,455.292
2021-10-17 13:23:00,1634476980.0,185.9,186.1,185.9,186.1,285.993
2021-10-17 13:24:00,1634477040.0,186.1,186.1,185.9,186.0,42.471
2021-10-17 13:25:00,1634477100.0,186.0,186.0,185.8,185.9,155.593
2021-10-17 13:26:00,1634477160.0,185.9,185.9,185.8,185.9,57.422
2021-10-17 13:27:00,1634477220.0,185.9,185.9,185.7,185.8,61.079
2021-10-17 13:28:00,1634477280.0,185.8,186.1,185.8,185.9,370.698
2021-10-17 13:29:00,1634477340.0,185.9,186.2,185.9,186.1,197.169
2021-10-17 13:30:00,1634477400.0,186.1,186.2,185.9,186.1,284.191
2021-10-17 13:31:00,1634477460.0,186.1,186.3,186.0,186.1,209.541
2021-10-17 13:32:00,1634477520.0,186.0,186.1,185.9,186.0,204.581
2021-10-17 13:33:00,1634477580.0,185.9,186.0,185.9,185.9,219.506
2021-10-17 13:34:00,1634477640.0,185.9,186.0,185.9,185.9,48.796
2021-10-17 13:35:00,1634477700.0,186.0,186.1,185.9,186.0,219.014
2021-10-17 13:36:00,1634477760.0,186.0,186.1,186.0,186.1,41.32
2021-10-17 13:37:00,1634477820.0,186.1,186.2,185.9,185.9,261.905
2021-10-17 13:38:00,1634477880.0,186.0,186.0,185.7,185.7,369.404
2021-10-17 13:39:00,1634477940.0,185.7,185.8,185.6,185.7,171.323
2021-10-17 13:40:00,1634478000.0,185.7,185.8,185.5,185.5,288.844
2021-10-17 13:41:00,1634478060.0,185.6,185.6,185.5,185.5,76.455
2021-10-17 13:42:00,1634478120.0,185.5,185.5,185.1,185.2,1316.734
2021-10-17 13:43:00,1634478180.0,185.2,185.3,185.1,185.2,133.442
2021-10-17 13:44:00,1634478240.0,185.3,185.3,185.1,185.1,113.839
2021-10-17 13:45:00,1634478300.0,185.1,185.2,184.9,185.0,362.226
2021-10-17 13:46:00,1634478360.0,184.9,185.2,184.9,185.2,134.907
2021-10-17 13:47:00,1634478420.0,185.2,185.3,185.1,185.2,79.332
2021-10-17 13:48:00,1634478480.0,185.2,185.2,185.0,185.1,117.927
2021-10-17 13:49:00,1634478540.0,185.2,185.2,185.1,185.1,82.838
2021-10-17 13:50:00,1634478600.0,185.1,185.2,185.0,185.1,101.532
2021-10-17 13:51:00,1634478660.0,185.2,185.2,184.9,184.9,67.167
2021-10-17 13:52:00,1634478720.0,185.0,185.1,184.9,185.0,103.581
2021-10-17 13:53:00,1634478780.0,185.0,185.2,185.0,185.1,292.309
2021-10-17 13:54:00,1634478840.0,185.1,185.2,185.1,185.2,275.227
2021-10-17 13:55:00,1634478900.0,185.3,185.3,185.2,185.3,202.655
2021-10-17 13:56:00,1634478960.0,185.3,185.4,185.3,185.3,55.732
2021-10-17 13:57:00,1634479020.0,185.3,185.4,185.3,185.3,90.744
2021-10-17 13:58:00,1634479080.0,185.4,185.8,185.3,185.8,139.247
2021-10-17 13:59:00,1634479140.0,185.7,185.8,185.7,185.7,105.75
2021-10-17 14:00:00,1634479200.0,185.8,185.9,185.7,185.7,470.583
2021-10-17 14:01:00,1634479260.0,185.6,185.7,185.5,185.7,152.576
2021-10-17 14:02:00,1634479320.0,185.7,186.0,185.5,185.9,457.753
2021-10-17 14:03:00,1634479380.0,185.8,186.1,185.8,186.0,258.847
2021-10-17 14:04:00,1634479440.0,186.1,186.1,186.0,186.0,144.241
2021-10-17 14:05:00,1634479500.0,185.9,186.1,185.9,186.0,337.964
2021-10-17 14:06:00,1634479560.0,186.1,186.1,185.8,185.8,166.495
2021-10-17 14:07:00,1634479620.0,185.9,185.9,185.6,185.6,23.183
2021-10-17 14:08:00,1634479680.0,185.6,185.6,185.5,185.6,19.641
2021-10-17 14:09:00,1634479740.0,185.6,185.6,185.3,185.4,110.21
2021-10-17 14:10:00,1634479800.0,185.5,185.5,185.2,185.3,160.666
2021-10-17 14:11:00,1634479860.0,185.3,185.4,185.2,185.4,109.062
2021-10-17 14:12:00,1634479920.0,185.3,185.4,185.3,185.4,53.471
2021-10-17 14:13:00,1634479980.0,185.3,185.4,185.2,185.3,147.552
2021-10-17 14:14:00,1634480040.0,185.2,185.3,185.1,185.2,209.662
2021-10-17 14:15:00,1634480100.0,185.2,185.4,185.2,185.4,110.792
2021-10-17 14:16:00,1634480160.0,185.4,185.6,185.3,185.3,255.048
2021-10-17 14:17:00,1634480220.0,185.3,185.6,185.3,185.5,293.401
2021-10-17 14:18:00,1634480280.0,185.5,185.5,185.4,185.5,97.145
2021-10-17 14:19:00,1634480340.0,185.5,185.5,185.4,185.4,54.868
2021-10-17 14:20:00,1634480400.0,185.4,185.5,185.3,185.4,145.669
2021-10-17 14:21:00,1634480460.0,185.4,185.5,185.3,185.5,25.518
2021-10-17 14:22:00,1634480520.0,185.5,185.7,185.4,185.7,119.674
2021-10-17 14:23:00,1634480580.0,185.7,185.7,185.3,185.4,165.86
2021-10-17 14:24:00,1634480640.0,185.4,185.4,185.2,185.3,87.682
2021-10-17 14:25:00,1634480700.0,185.3,185.3,185.1,185.1,104.711
2021-10-17 14:26:00,1634480760.0,185.1,185.2,185.0,185.1,126.296
2021-10-17 14:27:00,1634480820.0,185.1,185.1,185.0,185.1,303.775
2021-10-17 14:28:00,1634480880.0,185.0,185.1,184.9,185.0,101.49
2021-10-17 14:29:00,1634480940.0,185.0,185.0,184.9,184.9,146.107
2021-10-17 14:30:00,1634481000.0,185.0,185.1,184.9,185.0,233.251
2021-10-17 14:31:00,1634481060.0,185.1,185.1,185.0,185.1,202.606
2021-10-17 14:32:00,1634481120.0,185.0,185.3,185.0,185.3,95.19
2021-10-17 14:33:00,1634481180.0,185.2,185.4,185.2,185.4,67.243
2021-10-17 14:34:00,1634481240.0,185.3,185.4,185.3,185.4,169.702
2021-10-17 14:35:00,1634481300.0,185.4,185.5,185.3,185.3,122.217
2021-10-17 14:36:00,1634481360.0,185.4,185.4,185.3,185.4,35.115
2021-10-17 14:37:00,1634481420.0,185.3,185.4,185.2,185.3,137.845
2021-10-17 14:38:00,1634481480.0,185.3,185.3,185.1,185.2,379.221
2021-10-17 14:39:00,1634481540.0,185.2,185.2,184.9,184.9,59.752
2021-10-17 14:40:00,1634481600.0,185.0,185.1,185.0,185.1,8.413
2021-10-17 14:41:00,1634481660.0,185.1,185.1,185.0,185.1,78.934
2021-10-17 14:42:00,1634481720.0,185.1,185.2,185.0,185.1,197.743
2021-10-17 14:43:00,1634481780.0,185.0,185.1,185.0,185.1,110.373
2021-10-17 14:44:00,1634481840.0,185.1,185.1,185.0,185.1,26.107
2021-10-17 14:45:00,1634481900.0,185.1,185.3,185.0,185.1,306.178
2021-10-17 14:46:00,1634481960.0,185.1,185.2,184.9,184.9,294.824
2021-10-17 14:47:00,1634482020.0,184.9,185.1,184.9,185.1,72.414
2021-10-17 14:48:00,1634482080.0,185.0,185.4,185.0,185.4,234.096
2021-10-17 14:49:00,1634482140.0,185.4,185.4,185.0,185.1,156.279
2021-10-17 14:50:00,1634482200.0,185.1,185.1,184.9,185.0,149.795
2021-10-17 14:51:00,1634482260.0,185.0,185.2,185.0,185.2,12.753
2021-10-17 14:52:00,1634482320.0,185.2,185.2,185.1,185.2,134.807
2021-10-17 14:53:00,1634482380.0,185.2,185.3,185.1,185.2,7.887
2021-10-17 14:54:00,1634482440.0,185.2,185.3,185.1,185.1,25.461
2021-10-17 14:55:00,1634482500.0,185.2,185.3,185.1,185.2,102.758
2021-10-17 14:56:00,1634482560.0,185.2,185.3,185.2,185.2,24.963
2021-10-17 14:57:00,1634482620.0,185.3,185.3,185.2,185.3,141.414
2021-10-17 14:58:00,1634482680.0,185.3,185.3,185.2,185.3,116.012
2021-10-17 14:59:00,1634482740.0,185.2,185.7,185.2,185.6,529.64
2021-10-17 15:00:00,1634482800.0,185.6,185.8,185.5,185.8,212.706
2021-10-17 15:01:00,1634482860.0,185.7,185.9,185.6,185.9,161.89
2021-10-17 15:02:00,1634482920.0,185.8,186.0,185.6,185.6,542.945
2021-10-17 15:03:00,1634482980.0,185.7,185.7,185.4,185.5,698.644
2021-10-17 15:04:00,1634483040.0,185.5,185.5,185.2,185.2,193.269
2021-10-17 15:05:00,1634483100.0,185.2,185.4,185.1,185.1,116.205
2021-10-17 15:06:00,1634483160.0,185.1,185.2,185.1,185.2,276.977
2021-10-17 15:07:00,1634483220.0,185.1,185.2,184.9,184.9,220.853
2021-10-17 15:08:00,1634483280.0,184.9,185.1,184.9,185.0,54.424
2021-10-17 15:09:00,1634483340.0,185.0,185.1,184.8,185.0,1635.712
2021-10-17 15:10:00,1634483400.0,184.9,185.0,184.8,184.9,46.794
2021-10-17 15:11:00,1634483460.0,184.8,185.0,184.8,184.9,148.454
2021-10-17 15:12:00,1634483520.0,184.9,184.9,184.8,184.9,47.856
2021-10-17 15:13:00,1634483580.0,184.9,185.1,184.9,185.0,100.574
2021-10-17 15:14:00,1634483640.0,185.1,185.1,185.0,185.1,84.517
2021-10-17 15:15:00,1634483700.0,185.0,185.3,185.0,185.2,161.488
2021-10-17 15:16:00,1634483760.0,185.3,185.4,185.2,185.2,92.623
2021-10-17 15:17:00,1634483820.0,185.3,185.3,184.9,184.9,144.798
2021-10-17 15:18:00,1634483880.0,184.9,185.3,184.9,185.0,200.397
2021-10-17 15:19:00,1634483940.0,185.1,185.1,184.8,184.9,528.658
2021-10-17 15:20:00,1634484000.0,184.9,184.9,184.4,184.6,1398.774
2021-10-17 15:21:00,1634484060.0,184.6,184.7,184.6,184.7,91.562
2021-10-17 15:22:00,1634484120.0,184.7,185.0,184.6,185.0,311.366
2021-10-17 15:23:00,1634484180.0,184.9,185.0,184.7,184.9,249.16
2021-10-17 15:24:00,1634484240.0,184.9,185.0,184.7,184.9,82.457
2021-10-17 15:25:00,1634484300.0,185.0,185.3,184.9,185.2,790.656
2021-10-17 15:26:00,1634484360.0,185.1,185.2,184.7,184.7,1765.503
2021-10-17 15:27:00,1634484420.0,184.7,184.9,184.6,184.7,295.735
2021-10-17 15:28:00,1634484480.0,184.7,184.9,184.6,184.7,104.748
2021-10-17 15:29:00,1634484540.0,184.7,184.8,184.7,184.7,71.532
2021-10-17 15:30:00,1634484600.0,184.7,184.9,184.7,184.9,73.762
2021-10-17 15:31:00,1634484660.0,184.8,184.9,184.8,184.8,30.984
2021-10-17 15:32:00,1634484720.0,184.8,184.9,184.8,184.9,39.563
2021-10-17 15:33:00,1634484780.0,184.9,184.9,184.7,184.7,27.152
2021-10-17 15:34:00,1634484840.0,184.7,184.7,184.4,184.5,398.085
2021-10-17 15:35:00,1634484900.0,184.4,184.6,183.0,183.3,5317.016
2021-10-17 15:36:00,1634484960.0,183.5,184.3,183.1,183.8,4600.177
2021-10-17 15:37:00,1634485020.0,183.8,184.1,183.5,183.9,1213.543
2021-10-17 15:38:00,1634485080.0,184.0,184.1,183.8,184.0,694.916
2021-10-17 15:39:00,1634485140.0,183.9,184.1,183.8,183.9,134.223
2021-10-17 15:40:00,1634485200.0,184.0,184.0,183.5,184.0,1090.161
2021-10-17 15:41:00,1634485260.0,183.9,184.0,183.7,183.8,130.844
2021-10-17 15:42:00,1634485320.0,183.9,183.9,183.4,183.4,274.576
2021-10-17 15:43:00,1634485380.0,183.5,183.6,183.1,183.2,783.917
2021-10-17 15:44:00,1634485440.0,183.2,183.5,183.1,183.5,177.056
2021-10-17 15:45:00,1634485500.0,183.4,183.7,183.3,183.6,354.21
2021-10-17 15:46:00,1634485560.0,183.6,183.8,183.5,183.8,259.149
2021-10-17 15:47:00,1634485620.0,183.8,183.9,183.7,183.8,141.266
2021-10-17 15:48:00,1634485680.0,183.7,183.8,183.7,183.8,191.764
2021-10-17 15:49:00,1634485740.0,183.8,183.9,183.5,183.7,176.314
2021-10-17 15:50:00,1634485800.0,183.8,183.9,183.6,183.7,228.67
2021-10-17 15:51:00,1634485860.0,183.7,183.7,183.5,183.6,116.21
2021-10-17 15:52:00,1634485920.0,183.7,183.8,183.6,183.8,201.029
2021-10-17 15:53:00,1634485980.0,183.8,183.8,183.5,183.6,299.315
2021-10-17 15:54:00,1634486040.0,183.5,183.7,183.4,183.6,239.586
2021-10-17 15:55:00,1634486100.0,183.6,183.6,183.5,183.6,31.409
2021-10-17 15:56:00,1634486160.0,183.5,183.7,183.4,183.4,145.371
2021-10-17 15:57:00,1634486220.0,183.4,183.6,183.3,183.5,248.55
2021-10-17 15:58:00,1634486280.0,183.5,183.9,183.5,183.9,362.943
2021-10-17 15:59:00,1634486340.0,183.9,184.1,183.6,183.7,592.712
2021-10-17 16:00:00,1634486400.0,183.7,183.7,183.4,183.7,1515.046
2021-10-17 16:01:00,1634486460.0,183.7,183.7,183.5,183.6,517.74
2021-10-17 16:02:00,1634486520.0,183.6,183.9,183.6,183.8,901.311
2021-10-17 16:03:00,1634486580.0,183.8,184.1,183.8,184.1,231.592
2021-10-17 16:04:00,1634486640.0,184.0,184.1,183.9,184.1,107.735
2021-10-17 16:05:00,1634486700.0,184.1,184.3,184.0,184.2,207.644
2021-10-17 16:06:00,1634486760.0,184.2,184.2,184.0,184.0,60.331
2021-10-17 16:07:00,1634486820.0,184.1,184.1,183.8,183.8,60.224
2021-10-17 16:08:00,1634486880.0,183.8,183.9,183.7,183.7,105.979
2021-10-17 16:09:00,1634486940.0,183.8,183.8,183.5,183.5,240.792
2021-10-17 16:10:00,1634487000.0,183.5,183.7,183.5,183.7,129.132
2021-10-17 16:11:00,1634487060.0,183.7,183.7,183.4,183.5,266.654
2021-10-17 16:12:00,1634487120.0,183.6,183.7,183.5,183.5,609.945
2021-10-17 16:13:00,1634487180.0,183.5,183.7,183.5,183.6,313.172
2021-10-17 16:14:00,1634487240.0,183.6,183.6,183.4,183.4,42.769
2021-10-17 16:15:00,1634487300.0,183.4,183.6,183.3,183.6,182.147
2021-10-17 16:16:00,1634487360.0,183.6,183.8,183.6,183.7,41.49
2021-10-17 16:17:00,1634487420.0,183.7,183.8,183.5,183.7,1232.05
2021-10-17 16:18:00,1634487480.0,183.7,183.8,183.6,183.6,338.209
2021-10-17 16:19:00,1634487540.0,183.6,183.7,183.6,183.6,49.435
2021-10-17 16:20:00,1634487600.0,183.7,183.8,183.6,183.7,174.094
2021-10-17 16:21:00,1634487660.0,183.8,183.9,183.7,183.9,412.437
2021-10-17 16:22:00,1634487720.0,183.9,183.9,183.7,183.8,125.073
2021-10-17 16:23:00,1634487780.0,183.9,184.0,183.8,183.9,860.963
2021-10-17 16:24:00,1634487840.0,183.9,183.9,183.7,183.7,19.159
2021-10-17 16:25:00,1634487900.0,183.7,183.8,183.6,183.7,74.809
2021-10-17 16:26:00,1634487960.0,183.6,183.8,183.6,183.8,174.404
2021-10-17 16:27:00,1634488020.0,183.7,183.8,183.7,183.7,41.64
2021-10-17 16:28:00,1634488080.0,183.7,183.9,183.6,183.8,647.334
2021-10-17 16:29:00,1634488140.0,183.8,183.8,183.7,183.8,29.279
2021-10-17 16:30:00,1634488200.0,183.8,183.8,183.7,183.8,97.969
2021-10-17 16:31:00,1634488260.0,183.8,184.0,183.8,183.8,515.625
2021-10-17 16:32:00,1634488320.0,183.9,184.0,183.8,184.0,143.815
2021-10-17 16:33:00,1634488380.0,184.0,184.2,184.0,184.1,111.937
2021-10-17 16:34:00,1634488440.0,184.1,184.2,184.1,184.1,96.295
2021-10-17 16:35:00,1634488500.0,184.2,184.2,183.9,183.9,206.062
2021-10-17 16:36:00,1634488560.0,184.0,184.0,183.8,183.8,567.26
2021-10-17 16:37:00,1634488620.0,183.9,183.9,183.8,183.9,104.32
2021-10-17 16:38:00,1634488680.0,183.9,183.9,183.8,183.9,41.347
2021-10-17 16:39:00,1634488740.0,183.9,183.9,183.7,183.8,106.082
2021-10-17 16:40:00,1634488800.0,183.7,183.9,183.7,183.9,45.394
2021-10-17 16:41:00,1634488860.0,183.9,183.9,183.7,183.8,191.434
2021-10-17 16:42:00,1634488920.0,183.8,183.8,183.6,183.7,210.659
2021-10-17 16:43:00,1634488980.0,183.7,183.9,183.7,183.8,178.108
2021-10-17 16:44:00,1634489040.0,183.8,183.9,183.8,183.8,16.939
2021-10-17 16:45:00,1634489100.0,183.8,183.9,183.8,183.9,82.206
2021-10-17 16:46:00,1634489160.0,184.0,184.0,183.8,183.8,59.832
2021-10-17 16:47:00,1634489220.0,183.8,183.9,183.5,183.6,101.146
2021-10-17 16:48:00,1634489280.0,183.5,183.6,183.5,183.6,47.933
2021-10-17 16:49:00,1634489340.0,183.5,183.6,183.4,183.5,174.41
2021-10-17 16:50:00,1634489400.0,183.6,183.6,183.5,183.6,118.17
2021-10-17 16:51:00,1634489460.0,183.6,183.8,183.5,183.7,102.575
2021-10-17 16:52:00,1634489520.0,183.7,183.8,183.7,183.8,51.921
2021-10-17 16:53:00,1634489580.0,183.8,183.9,183.8,183.8,32.297
2021-10-17 16:54:00,1634489640.0,183.8,183.9,183.7,183.9,165.708
2021-10-17 16:55:00,1634489700.0,183.9,184.0,183.8,183.9,198.931
2021-10-17 16:56:00,1634489760.0,183.9,183.9,183.8,183.8,77.739
2021-10-17 16:57:00,1634489820.0,183.8,184.0,183.8,183.9,115.321
2021-10-17 16:58:00,1634489880.0,183.9,184.0,183.8,183.8,1022.584
2021-10-17 16:59:00,1634489940.0,183.8,184.1,183.7,184.1,276.391
2021-10-17 17:00:00,1634490000.0,184.0,184.0,183.8,183.8,88.948
2021-10-17 17:01:00,1634490060.0,183.9,183.9,183.8,183.9,25.297
2021-10-17 17:02:00,1634490120.0,183.9,184.0,183.8,183.8,134.766
2021-10-17 17:03:00,1634490180.0,183.9,184.0,183.8,184.0,88.189
2021-10-17 17:04:00,1634490240.0,184.0,184.1,183.9,184.0,109.102
2021-10-17 17:05:00,1634490300.0,184.1,184.1,184.0,184.1,23.621
2021-10-17 17:06:00,1634490360.0,184.1,184.1,184.0,184.0,89.056
2021-10-17 17:07:00,1634490420.0,184.0,184.1,183.9,183.9,101.108
2021-10-17 17:08:00,1634490480.0,183.9,184.0,183.8,183.8,96.917
2021-10-17 17:09:00,1634490540.0,183.8,183.9,183.8,183.8,48.935
2021-10-17 17:10:00,1634490600.0,183.9,183.9,183.8,183.9,32.09
2021-10-17 17:11:00,1634490660.0,183.9,183.9,183.7,183.7,121.667
2021-10-17 17:12:00,1634490720.0,183.7,183.9,183.7,183.9,47.765
2021-10-17 17:13:00,1634490780.0,183.9,183.9,183.6,183.7,268.745
2021-10-17 17:14:00,1634490840.0,183.6,183.8,183.6,183.8,49.186
2021-10-17 17:15:00,1634490900.0,183.7,184.0,183.7,183.9,389.97
2021-10-17 17:16:00,1634490960.0,183.9,183.9,183.8,183.9,51.006
2021-10-17 17:17:00,1634491020.0,183.9,184.0,183.9,184.0,79.847
2021-10-17 17:18:00,1634491080.0,183.9,183.9,183.6,183.7,301.316
2021-10-17 17:19:00,1634491140.0,183.7,183.9,183.7,183.8,28.166
2021-10-17 17:20:00,1634491200.0,183.9,183.9,183.8,183.9,13.899
2021-10-17 17:21:00,1634491260.0,183.8,183.9,183.7,183.7,227.068
2021-10-17 17:22:00,1634491320.0,183.8,183.8,183.5,183.5,145.08
2021-10-17 17:23:00,1634491380.0,183.6,183.7,183.6,183.6,193.198
2021-10-17 17:24:00,1634491440.0,183.7,183.7,183.6,183.7,67.596
2021-10-17 17:25:00,1634491500.0,183.7,184.0,183.7,184.0,151.648
2021-10-17 17:26:00,1634491560.0,184.0,184.1,183.9,183.9,240.593
2021-10-17 17:27:00,1634491620.0,184.0,184.1,184.0,184.0,50.159
2021-10-17 17:28:00,1634491680.0,184.1,184.1,184.0,184.0,45.085
2021-10-17 17:29:00,1634491740.0,184.0,184.1,184.0,184.1,27.822
2021-10-17 17:30:00,1634491800.0,184.1,184.2,184.1,184.2,192.484
2021-10-17 17:31:00,1634491860.0,184.1,184.2,184.1,184.2,47.135
2021-10-17 17:32:00,1634491920.0,184.2,184.3,184.1,184.2,855.271
2021-10-17 17:33:00,1634491980.0,184.2,184.3,184.1,184.1,117.429
2021-10-17 17:34:00,1634492040.0,184.1,184.2,184.0,184.0,74.373
2021-10-17 17:35:00,1634492100.0,184.1,184.2,183.9,184.2,127.696
2021-10-17 17:36:00,1634492160.0,184.2,184.2,184.0,184.1,91.366
2021-10-17 17:37:00,1634492220.0,184.0,184.2,184.0,184.2,71.563
2021-10-17 17:38:00,1634492280.0,184.2,184.2,184.1,184.2,17.933
2021-10-17 17:39:00,1634492340.0,184.1,184.2,184.0,184.1,80.732
2021-10-17 17:40:00,1634492400.0,184.1,184.1,184.0,184.1,374.944
2021-10-17 17:41:00,1634492460.0,184.2,184.3,184.1,184.3,117.643
2021-10-17 17:42:00,1634492520.0,184.3,184.3,184.2,184.2,183.971
2021-10-17 17:43:00,1634492580.0,184.3,184.7,184.2,184.7,1069.657
2021-10-17 17:44:00,1634492640.0,184.7,184.8,184.5,184.5,438.006
2021-10-17 17:45:00,1634492700.0,184.6,184.6,184.3,184.3,222.386
2021-10-17 17:46:00,1634492760.0,184.4,184.4,184.3,184.4,109.139
2021-10-17 17:47:00,1634492820.0,184.4,184.4,184.3,184.3,20.148
2021-10-17 17:48:00,1634492880.0,184.3,184.5,184.3,184.4,106.194
2021-10-17 17:49:00,1634492940.0,184.4,184.4,184.2,184.2,106.222
2021-10-17 17:50:00,1634493000.0,184.3,184.3,184.2,184.2,26.453
2021-10-17 17:51:00,1634493060.0,184.2,184.3,184.2,184.2,34.859
2021-10-17 17:52:00,1634493120.0,184.3,184.4,184.2,184.4,80.72
2021-10-17 17:53:00,1634493180.0,184.4,184.4,184.3,184.4,15.006
2021-10-17 17:54:00,1634493240.0,184.4,184.4,184.2,184.3,123.819
2021-10-17 17:55:00,1634493300.0,184.3,184.4,184.2,184.3,11.321
2021-10-17 17:56:00,1634493360.0,184.3,184.4,184.3,184.3,19.825
2021-10-17 17:57:00,1634493420.0,184.4,184.4,184.3,184.3,32.66
2021-10-17 17:58:00,1634493480.0,184.4,184.4,184.3,184.3,41.831
2021-10-17 17:59:00,1634493540.0,184.3,184.7,184.2,184.5,387.267
2021-10-17 18:00:00,1634493600.0,184.6,184.6,184.4,184.5,93.5
2021-10-17 18:01:00,1634493660.0,184.4,184.5,184.3,184.4,212.805
2021-10-17 18:02:00,1634493720.0,184.4,184.4,184.3,184.4,98.614
2021-10-17 18:03:00,1634493780.0,184.3,184.5,184.3,184.5,142.49
2021-10-17 18:04:00,1634493840.0,184.4,184.6,184.4,184.6,39.962
2021-10-17 18:05:00,1634493900.0,184.5,184.6,184.5,184.6,23.037
2021-10-17 18:06:00,1634493960.0,184.5,184.7,184.5,184.6,81.521
2021-10-17 18:07:00,1634494020.0,184.7,184.8,184.7,184.8,71.759
2021-10-17 18:08:00,1634494080.0,184.7,184.7,184.6,184.7,171.741
2021-10-17 18:09:00,1634494140.0,184.7,184.8,184.7,184.8,71.284
2021-10-17 18:10:00,1634494200.0,184.7,184.8,184.7,184.8,41.411
2021-10-17 18:11:00,1634494260.0,184.8,184.8,184.7,184.7,49.344
2021-10-17 18:12:00,1634494320.0,184.8,184.8,184.7,184.8,37.242
2021-10-17 18:13:00,1634494380.0,184.8,184.8,184.7,184.8,92.055
2021-10-17 18:14:00,1634494440.0,184.8,184.8,184.7,184.8,26.734
2021-10-17 18:15:00,1634494500.0,184.8,184.8,184.7,184.8,22.725
2021-10-17 18:16:00,1634494560.0,184.8,184.8,184.7,184.7,19.751
2021-10-17 18:17:00,1634494620.0,184.8,184.8,184.7,184.7,72.356
2021-10-17 18:18:00,1634494680.0,184.8,184.8,184.7,184.8,117.02
2021-10-17 18:19:00,1634494740.0,184.8,184.8,184.7,184.7,38.04
2021-10-17 18:20:00,1634494800.0,184.7,184.8,184.6,184.7,72.286
2021-10-17 18:21:00,1634494860.0,184.7,184.9,184.6,184.9,142.403
2021-10-17 18:22:00,1634494920.0,184.9,185.1,184.8,185.1,340.084
2021-10-17 18:23:00,1634494980.0,185.1,185.1,185.0,185.1,322.516
2021-10-17 18:24:00,1634495040.0,185.1,185.1,184.9,185.0,33.509
2021-10-17 18:25:00,1634495100.0,185.0,185.1,184.9,185.1,60.788
2021-10-17 18:26:00,1634495160.0,185.1,185.1,185.0,185.1,43.325
2021-10-17 18:27:00,1634495220.0,185.0,185.1,184.8,184.9,166.399
2021-10-17 18:28:00,1634495280.0,184.9,184.9,184.8,184.9,83.108
2021-10-17 18:29:00,1634495340.0,184.9,184.9,184.8,184.9,12.382
2021-10-17 18:30:00,1634495400.0,184.8,184.9,184.8,184.9,116.229
2021-10-17 18:31:00,1634495460.0,184.9,184.9,184.8,184.9,140.979
2021-10-17 18:32:00,1634495520.0,184.9,185.0,184.8,184.9,179.113
2021-10-17 18:33:00,1634495580.0,185.0,185.0,184.8,184.9,108.782
2021-10-17 18:34:00,1634495640.0,184.9,184.9,184.8,184.8,35.455
2021-10-17 18:35:00,1634495700.0,184.8,185.0,184.8,184.9,50.681
2021-10-17 18:36:00,1634495760.0,185.0,185.0,184.9,185.0,23.681
2021-10-17 18:37:00,1634495820.0,185.0,185.1,184.9,185.1,139.655
2021-10-17 18:38:00,1634495880.0,185.1,185.2,185.0,185.1,172.066
2021-10-17 18:39:00,1634495940.0,185.1,185.2,185.0,185.1,101.372
2021-10-17 18:40:00,1634496000.0,185.0,185.1,184.8,184.8,237.451
2021-10-17 18:41:00,1634496060.0,184.8,184.9,184.8,184.9,16.341
2021-10-17 18:42:00,1634496120.0,184.9,184.9,184.7,184.8,110.312
2021-10-17 18:43:00,1634496180.0,184.9,184.9,184.8,184.9,24.035
2021-10-17 18:44:00,1634496240.0,184.8,184.9,184.7,184.8,120.995
2021-10-17 18:45:00,1634496300.0,184.8,184.8,184.7,184.8,41.648
2021-10-17 18:46:00,1634496360.0,184.7,184.9,184.7,184.9,43.634
2021-10-17 18:47:00,1634496420.0,184.8,185.0,184.8,184.9,257.643
2021-10-17 18:48:00,1634496480.0,185.0,185.0,184.9,184.9,6.714
2021-10-17 18:49:00,1634496540.0,185.0,185.0,184.8,184.9,180.228
2021-10-17 18:50:00,1634496600.0,184.8,184.8,184.7,184.7,119.385
2021-10-17 18:51:00,1634496660.0,184.7,184.8,184.7,184.8,112.797
2021-10-17 18:52:00,1634496720.0,184.8,184.8,184.7,184.8,29.743
2021-10-17 18:53:00,1634496780.0,184.8,185.1,184.8,184.9,156.166
2021-10-17 18:54:00,1634496840.0,185.0,185.0,184.8,184.8,178.83
2021-10-17 18:55:00,1634496900.0,184.9,184.9,184.8,184.9,12.927
2021-10-17 18:56:00,1634496960.0,184.9,185.0,184.8,185.0,123.24
2021-10-17 18:57:00,1634497020.0,185.0,185.1,184.9,185.1,170.398
2021-10-17 18:58:00,1634497080.0,185.1,185.2,185.0,185.2,61.243
2021-10-17 18:59:00,1634497140.0,185.1,185.3,185.0,185.3,171.623
2021-10-17 19:00:00,1634497200.0,185.3,185.3,185.0,185.1,353.597
2021-10-17 19:01:00,1634497260.0,185.2,185.2,185.0,185.1,87.565
2021-10-17 19:02:00,1634497320.0,185.0,185.2,184.9,185.2,210.223
2021-10-17 19:03:00,1634497380.0,185.2,185.2,184.8,184.9,90.119
2021-10-17 19:04:00,1634497440.0,184.8,185.0,184.8,185.0,71.232
2021-10-17 19:05:00,1634497500.0,185.0,185.0,184.9,184.9,71.585
2021-10-17 19:06:00,1634497560.0,184.9,185.0,184.8,184.9,155.958
2021-10-17 19:07:00,1634497620.0,184.8,184.9,184.8,184.9,14.976
2021-10-17 19:08:00,1634497680.0,184.9,184.9,184.8,184.8,64.309
2021-10-17 19:09:00,1634497740.0,184.8,184.8,184.6,184.6,44.999
2021-10-17 19:10:00,1634497800.0,184.6,184.7,184.5,184.5,138.574
2021-10-17 19:11:00,1634497860.0,184.5,184.5,184.4,184.4,338.226
2021-10-17 19:12:00,1634497920.0,184.4,184.4,184.3,184.3,170.437
2021-10-17 19:13:00,1634497980.0,184.2,184.3,184.2,184.2,66.704
2021-10-17 19:14:00,1634498040.0,184.2,184.3,184.2,184.3,110.488
2021-10-17 19:15:00,1634498100.0,184.2,184.3,184.0,184.1,1063.671
2021-10-17 19:16:00,1634498160.0,184.2,184.4,184.1,184.3,291.718
2021-10-17 19:17:00,1634498220.0,184.3,184.4,184.3,184.3,100.342
2021-10-17 19:18:00,1634498280.0,184.3,184.6,184.3,184.6,157.015
2021-10-17 19:19:00,1634498340.0,184.5,184.6,184.3,184.4,117.761
2021-10-17 19:20:00,1634498400.0,184.4,184.6,184.3,184.6,159.99
2021-10-17 19:21:00,1634498460.0,184.5,184.6,184.4,184.5,391.787
2021-10-17 19:22:00,1634498520.0,184.5,184.5,184.4,184.5,97.534
2021-10-17 19:23:00,1634498580.0,184.4,184.5,184.4,184.4,39.92
2021-10-17 19:24:00,1634498640.0,184.4,184.5,184.3,184.5,235.908
2021-10-17 19:25:00,1634498700.0,184.5,184.5,184.3,184.3,35.567
2021-10-17 19:26:00,1634498760.0,184.3,184.4,184.2,184.3,76.333
2021-10-17 19:27:00,1634498820.0,184.3,184.3,184.2,184.2,158.243
2021-10-17 19:28:00,1634498880.0,184.2,184.2,184.1,184.2,57.637
2021-10-17 19:29:00,1634498940.0,184.2,184.4,184.1,184.4,284.06
2021-10-17 19:30:00,1634499000.0,184.4,184.4,184.2,184.4,194.401
2021-10-17 19:31:00,1634499060.0,184.3,184.5,184.2,184.3,257.554
2021-10-17 19:32:00,1634499120.0,184.3,184.5,184.2,184.4,336.534
2021-10-17 19:33:00,1634499180.0,184.4,184.4,184.3,184.3,123.325
2021-10-17 19:34:00,1634499240.0,184.3,184.3,184.1,184.3,246.226
2021-10-17 19:35:00,1634499300.0,184.2,184.2,184.0,184.0,42.193
2021-10-17 19:36:00,1634499360.0,184.1,184.1,184.0,184.0,55.626
2021-10-17 19:37:00,1634499420.0,184.0,184.2,183.7,183.9,981.783
2021-10-17 19:38:00,1634499480.0,183.9,184.1,183.8,184.0,383.107
2021-10-17 19:39:00,1634499540.0,184.1,184.2,184.0,184.0,142.926
2021-10-17 19:40:00,1634499600.0,184.1,184.1,183.8,183.9,128.444
2021-10-17 19:41:00,1634499660.0,183.8,184.1,183.8,184.0,142.695
2021-10-17 19:42:00,1634499720.0,184.1,184.1,183.8,183.9,193.761
2021-10-17 19:43:00,1634499780.0,183.9,183.9,183.8,183.8,155.835
2021-10-17 19:44:00,1634499840.0,183.8,184.0,183.8,184.0,147.096
2021-10-17 19:45:00,1634499900.0,184.0,184.0,183.7,183.9,106.717
2021-10-17 19:46:00,1634499960.0,183.8,183.9,183.7,183.7,182.552
2021-10-17 19:47:00,1634500020.0,183.7,183.8,183.5,183.8,344.687
2021-10-17 19:48:00,1634500080.0,183.8,184.1,183.7,184.1,258.826
2021-10-17 19:49:00,1634500140.0,184.1,184.2,183.8,183.9,283.23
2021-10-17 19:50:00,1634500200.0,183.9,183.9,183.7,183.9,166.207
2021-10-17 19:51:00,1634500260.0,183.9,184.1,183.8,184.0,149.661
2021-10-17 19:52:00,1634500320.0,184.1,184.2,183.8,183.9,430.804
2021-10-17 19:53:00,1634500380.0,184.0,184.1,183.8,184.1,1007.721
2021-10-17 19:54:00,1634500440.0,184.1,184.1,183.5,183.7,2377.743
2021-10-17 19:55:00,1634500500.0,183.7,183.8,183.5,183.5,391.035
2021-10-17 19:56:00,1634500560.0,183.5,183.8,183.5,183.7,195.477
2021-10-17 19:57:00,1634500620.0,183.8,184.1,183.7,183.7,574.445
2021-10-17 19:58:00,1634500680.0,183.8,184.0,183.7,183.8,280.997
2021-10-17 19:59:00,1634500740.0,183.8,184.2,183.8,184.1,331.107
2021-10-17 20:00:00,1634500800.0,184.0,184.0,183.6,183.7,195.291
2021-10-17 20:01:00,1634500860.0,183.7,183.8,182.9,183.4,5692.372
2021-10-17 20:02:00,1634500920.0,183.4,183.6,181.7,182.1,11006.275
2021-10-17 20:03:00,1634500980.0,182.1,182.5,181.8,182.3,2912.645
2021-10-17 20:04:00,1634501040.0,182.4,182.5,181.5,182.0,1272.26
2021-10-17 20:05:00,1634501100.0,182.0,182.1,181.0,181.6,3485.284
2021-10-17 20:06:00,1634501160.0,181.6,182.2,181.3,181.8,3835.336
2021-10-17 20:07:00,1634501220.0,181.7,182.1,181.3,181.9,1797.301
2021-10-17 20:08:00,1634501280.0,181.9,182.2,181.6,182.1,1301.373
2021-10-17 20:09:00,1634501340.0,182.1,182.2,181.7,182.0,1141.017
2021-10-17 20:10:00,1634501400.0,182.0,182.0,181.5,181.5,771.077
2021-10-17 20:11:00,1634501460.0,181.7,181.8,181.4,181.4,451.376
2021-10-17 20:12:00,1634501520.0,181.4,181.6,181.1,181.3,705.401
2021-10-17 20:13:00,1634501580.0,181.4,181.4,181.1,181.4,747.089
2021-10-17 20:14:00,1634501640.0,181.3,181.4,181.0,181.2,370.127
2021-10-17 20:15:00,1634501700.0,181.2,181.4,181.0,181.3,515.295
2021-10-17 20:16:00,1634501760.0,181.3,181.7,181.2,181.3,1486.368
2021-10-17 20:17:00,1634501820.0,181.3,181.5,180.8,181.0,2484.747
2021-10-17 20:18:00,1634501880.0,181.0,181.2,180.9,181.0,613.444
2021-10-17 20:19:00,1634501940.0,181.1,181.1,180.7,180.7,785.253
2021-10-17 20:20:00,1634502000.0,180.7,180.7,178.2,179.4,13887.015
2021-10-17 20:21:00,1634502060.0,179.3,179.6,176.4,176.4,13001.415
2021-10-17 20:22:00,1634502120.0,176.6,178.4,176.4,178.4,7514.859
2021-10-17 20:23:00,1634502180.0,178.4,179.1,177.6,179.0,4996.137
2021-10-17 20:24:00,1634502240.0,179.0,179.3,178.4,179.2,3858.966
2021-10-17 20:25:00,1634502300.0,179.2,179.8,179.0,179.7,1576.693
2021-10-17 20:26:00,1634502360.0,179.7,179.9,179.3,179.7,1588.257
2021-10-17 20:27:00,1634502420.0,179.7,179.9,179.3,179.4,1792.677
2021-10-17 20:28:00,1634502480.0,179.4,179.7,178.9,179.2,681.929
2021-10-17 20:29:00,1634502540.0,179.0,179.4,178.9,178.9,1145.971
2021-10-17 20:30:00,1634502600.0,178.8,179.5,178.5,179.3,703.05
2021-10-17 20:31:00,1634502660.0,179.3,179.6,179.2,179.3,499.295
2021-10-17 20:32:00,1634502720.0,179.2,179.5,179.1,179.2,344.732
2021-10-17 20:33:00,1634502780.0,179.2,179.2,179.0,179.1,341.238
2021-10-17 20:34:00,1634502840.0,179.0,179.1,178.7,178.8,446.708
2021-10-17 20:35:00,1634502900.0,178.8,178.8,178.0,178.3,1560.96
2021-10-17 20:36:00,1634502960.0,178.2,178.8,178.1,178.6,1276.557
2021-10-17 20:37:00,1634503020.0,178.6,178.9,178.4,178.5,805.769
2021-10-17 20:38:00,1634503080.0,178.4,178.9,178.4,178.9,524.834
2021-10-17 20:39:00,1634503140.0,178.9,179.2,178.7,179.1,537.122
2021-10-17 20:40:00,1634503200.0,179.0,179.4,178.8,179.3,551.532
2021-10-17 20:41:00,1634503260.0,179.3,179.3,179.1,179.3,277.809
2021-10-17 20:42:00,1634503320.0,179.2,179.4,178.9,179.1,988.328
2021-10-17 20:43:00,1634503380.0,179.1,179.2,178.8,179.1,362.256
2021-10-17 20:44:00,1634503440.0,179.1,179.2,178.8,179.0,415.53
2021-10-17 20:45:00,1634503500.0,179.0,179.2,178.9,179.1,261.773
2021-10-17 20:46:00,1634503560.0,179.1,179.3,179.0,179.3,233.154
2021-10-17 20:47:00,1634503620.0,179.3,179.3,179.0,179.3,198.465
2021-10-17 20:48:00,1634503680.0,179.3,179.6,179.1,179.5,784.645
2021-10-17 20:49:00,1634503740.0,179.5,179.6,179.2,179.2,537.901
2021-10-17 20:50:00,1634503800.0,179.3,179.4,179.1,179.1,190.0
2021-10-17 20:51:00,1634503860.0,179.2,179.2,178.9,179.0,257.306
2021-10-17 20:52:00,1634503920.0,179.1,179.3,178.9,179.0,344.964
2021-10-17 20:53:00,1634503980.0,178.9,179.0,178.5,178.8,808.361
2021-10-17 20:54:00,1634504040.0,178.7,179.0,178.6,178.8,825.121
2021-10-17 20:55:00,1634504100.0,178.7,179.0,178.7,178.7,835.037
2021-10-17 20:56:00,1634504160.0,178.7,178.9,178.6,178.8,301.681
2021-10-17 20:57:00,1634504220.0,178.9,179.0,178.8,178.9,263.401
2021-10-17 20:58:00,1634504280.0,178.9,179.1,178.9,179.0,53.799
2021-10-17 20:59:00,1634504340.0,178.9,179.1,178.9,179.0,72.447
2021-10-17 21:00:00,1634504400.0,178.9,178.9,178.5,178.9,1187.355
2021-10-17 21:01:00,1634504460.0,178.8,179.0,178.6,178.7,509.334
2021-10-17 21:02:00,1634504520.0,178.7,179.0,178.7,178.9,340.68
2021-10-17 21:03:00,1634504580.0,178.9,179.1,178.8,178.9,440.001
2021-10-17 21:04:00,1634504640.0,178.9,179.0,178.8,179.0,90.156
2021-10-17 21:05:00,1634504700.0,179.1,179.2,178.8,179.1,368.305
2021-10-17 21:06:00,1634504760.0,179.2,179.3,179.1,179.2,323.566
2021-10-17 21:07:00,1634504820.0,179.2,179.4,179.1,179.4,340.797
2021-10-17 21:08:00,1634504880.0,179.3,179.4,179.0,179.1,273.487
2021-10-17 21:09:00,1634504940.0,179.1,179.3,179.1,179.3,205.44
2021-10-17 21:10:00,1634505000.0,179.2,179.8,179.2,179.8,1343.519
2021-10-17 21:11:00,1634505060.0,179.7,179.8,179.6,179.8,543.471
2021-10-17 21:12:00,1634505120.0,179.7,180.0,179.7,180.0,897.829
2021-10-17 21:13:00,1634505180.0,179.9,180.2,179.9,179.9,458.173
2021-10-17 21:14:00,1634505240.0,179.9,180.0,179.8,179.8,114.11
2021-10-17 21:15:00,1634505300.0,179.8,180.1,179.8,180.1,156.594
2021-10-17 21:16:00,1634505360.0,180.0,180.0,179.7,179.8,770.588
2021-10-17 21:17:00,1634505420.0,179.8,179.8,179.7,179.8,55.225
2021-10-17 21:18:00,1634505480.0,179.8,179.9,179.7,179.8,138.564
2021-10-17 21:19:00,1634505540.0,179.8,179.9,179.7,179.7,77.598
2021-10-17 21:20:00,1634505600.0,179.8,179.9,179.7,179.8,259.971
2021-10-17 21:21:00,1634505660.0,179.8,179.9,179.8,179.9,284.383
2021-10-17 21:22:00,1634505720.0,179.9,179.9,179.6,179.6,255.453
2021-10-17 21:23:00,1634505780.0,179.6,179.8,179.6,179.7,59.788
2021-10-17 21:24:00,1634505840.0,179.7,179.8,179.7,179.7,54.393
2021-10-17 21:25:00,1634505900.0,179.7,179.8,179.6,179.7,202.584
2021-10-17 21:26:00,1634505960.0,179.6,179.8,179.5,179.6,236.608
2021-10-17 21:27:00,1634506020.0,179.6,179.6,179.5,179.5,25.733
2021-10-17 21:28:00,1634506080.0,179.6,179.7,179.5,179.7,307.121
2021-10-17 21:29:00,1634506140.0,179.7,179.8,179.5,179.6,184.115
2021-10-17 21:30:00,1634506200.0,179.6,179.6,179.5,179.5,58.69
2021-10-17 21:31:00,1634506260.0,179.6,179.6,179.5,179.5,91.251
2021-10-17 21:32:00,1634506320.0,179.5,179.6,179.5,179.6,157.883
2021-10-17 21:33:00,1634506380.0,179.6,179.6,179.5,179.6,78.803
2021-10-17 21:34:00,1634506440.0,179.5,179.6,179.5,179.5,242.69
2021-10-17 21:35:00,1634506500.0,179.5,179.6,179.5,179.5,21.589
2021-10-17 21:36:00,1634506560.0,179.6,179.6,179.5,179.5,71.547
2021-10-17 21:37:00,1634506620.0,179.6,179.6,179.5,179.5,126.225
2021-10-17 21:38:00,1634506680.0,179.6,179.8,179.5,179.8,656.136
2021-10-17 21:39:00,1634506740.0,179.7,179.9,179.7,179.9,349.198
2021-10-17 21:40:00,1634506800.0,179.9,180.0,179.8,180.0,38.574
2021-10-17 21:41:00,1634506860.0,179.9,180.2,179.9,180.1,223.543
2021-10-17 21:42:00,1634506920.0,180.1,180.7,180.1,180.6,1437.132
2021-10-17 21:43:00,1634506980.0,180.6,181.3,180.6,181.1,776.075
2021-10-17 21:44:00,1634507040.0,181.1,181.3,180.7,181.0,581.592
2021-10-17 21:45:00,1634507100.0,180.9,181.0,180.4,180.7,690.336
2021-10-17 21:46:00,1634507160.0,180.7,180.8,180.3,180.4,1021.273
2021-10-17 21:47:00,1634507220.0,180.4,180.8,180.4,180.8,132.55
2021-10-17 21:48:00,1634507280.0,180.7,180.7,180.5,180.7,227.708
2021-10-17 21:49:00,1634507340.0,180.7,180.7,180.6,180.7,47.942
2021-10-17 21:50:00,1634507400.0,180.6,180.8,180.5,180.7,857.942
2021-10-17 21:51:00,1634507460.0,180.8,181.0,180.7,181.0,184.412
2021-10-17 21:52:00,1634507520.0,180.9,181.0,180.8,181.0,355.999
2021-10-17 21:53:00,1634507580.0,180.9,181.3,180.9,181.2,480.414
2021-10-17 21:54:00,1634507640.0,181.2,181.4,181.1,181.3,192.94
2021-10-17 21:55:00,1634507700.0,181.3,181.4,181.1,181.4,239.684
2021-10-17 21:56:00,1634507760.0,181.3,181.8,181.3,181.6,1138.358
2021-10-17 21:57:00,1634507820.0,181.6,181.9,181.4,181.9,413.02
2021-10-17 21:58:00,1634507880.0,181.8,182.1,181.7,181.9,611.81
2021-10-17 21:59:00,1634507940.0,181.9,182.2,181.8,181.9,1841.733
2021-10-17 22:00:00,1634508000.0,181.9,182.6,181.9,182.4,860.053
2021-10-17 22:01:00,1634508060.0,182.4,182.9,182.3,182.9,1400.181
2021-10-17 22:02:00,1634508120.0,182.8,182.9,182.0,182.4,3109.621
2021-10-17 22:03:00,1634508180.0,182.4,182.6,182.2,182.4,399.537
2021-10-17 22:04:00,1634508240.0,182.4,182.6,182.3,182.5,313.088
2021-10-17 22:05:00,1634508300.0,182.4,182.7,182.4,182.4,344.365
2021-10-17 22:06:00,1634508360.0,182.4,182.6,182.3,182.6,125.934
2021-10-17 22:07:00,1634508420.0,182.6,182.6,182.4,182.6,282.91
2021-10-17 22:08:00,1634508480.0,182.6,182.6,182.4,182.4,90.92
2021-10-17 22:09:00,1634508540.0,182.5,182.7,182.5,182.7,207.561
2021-10-17 22:10:00,1634508600.0,182.6,182.9,182.5,182.7,1344.073
2021-10-17 22:11:00,1634508660.0,182.8,183.0,182.7,183.0,863.239
2021-10-17 22:12:00,1634508720.0,183.0,183.3,182.8,183.3,2501.099
2021-10-17 22:13:00,1634508780.0,183.3,183.3,183.0,183.3,276.466
2021-10-17 22:14:00,1634508840.0,183.2,183.4,183.1,183.4,411.747
2021-10-17 22:15:00,1634508900.0,183.4,183.7,183.3,183.4,695.649
2021-10-17 22:16:00,1634508960.0,183.3,183.7,183.3,183.6,557.995
2021-10-17 22:17:00,1634509020.0,183.6,184.2,183.5,184.2,1764.537
2021-10-17 22:18:00,1634509080.0,184.2,184.3,183.3,183.8,2036.299
2021-10-17 22:19:00,1634509140.0,183.8,183.8,183.6,183.7,321.148
2021-10-17 22:20:00,1634509200.0,183.7,184.0,183.6,183.7,430.025
2021-10-17 22:21:00,1634509260.0,183.7,184.5,183.7,184.3,1751.059
2021-10-17 22:22:00,1634509320.0,184.3,184.6,184.0,184.1,492.878
2021-10-17 22:23:00,1634509380.0,184.1,184.1,183.8,183.8,504.507
2021-10-17 22:24:00,1634509440.0,183.8,183.8,183.4,183.6,941.159
2021-10-17 22:25:00,1634509500.0,183.7,183.8,183.4,183.6,494.118
2021-10-17 22:26:00,1634509560.0,183.7,183.8,183.5,183.7,641.363
2021-10-17 22:27:00,1634509620.0,183.7,183.7,183.3,183.7,562.562
2021-10-17 22:28:00,1634509680.0,183.6,183.6,183.3,183.5,413.181
2021-10-17 22:29:00,1634509740.0,183.4,183.7,183.3,183.4,199.946
2021-10-17 22:30:00,1634509800.0,183.4,183.8,183.3,183.6,176.6
2021-10-17 22:31:00,1634509860.0,183.5,183.7,183.5,183.6,318.438
2021-10-17 22:32:00,1634509920.0,183.6,183.6,183.4,183.4,101.759
2021-10-17 22:33:00,1634509980.0,183.5,183.7,183.4,183.5,254.862
2021-10-17 22:34:00,1634510040.0,183.4,183.8,183.3,183.5,679.982
2021-10-17 22:35:00,1634510100.0,183.5,183.6,183.2,183.4,723.9
2021-10-17 22:36:00,1634510160.0,183.4,183.4,183.2,183.2,209.54
2021-10-17 22:37:00,1634510220.0,183.2,183.2,183.0,183.0,149.19
2021-10-17 22:38:00,1634510280.0,183.1,183.2,183.0,183.2,254.172
2021-10-17 22:39:00,1634510340.0,183.3,183.4,183.2,183.3,94.244
2021-10-17 22:40:00,1634510400.0,183.2,183.3,183.1,183.1,176.232
2021-10-17 22:41:00,1634510460.0,183.2,183.2,183.0,183.1,133.759
2021-10-17 22:42:00,1634510520.0,183.1,183.3,183.0,183.1,254.467
2021-10-17 22:43:00,1634510580.0,183.0,183.2,183.0,183.2,27.115
2021-10-17 22:44:00,1634510640.0,183.2,183.2,183.1,183.2,41.86
2021-10-17 22:45:00,1634510700.0,183.1,183.4,183.0,183.2,408.038
2021-10-17 22:46:00,1634510760.0,183.3,183.7,183.3,183.6,458.754
2021-10-17 22:47:00,1634510820.0,183.6,183.6,183.2,183.2,170.749
2021-10-17 22:48:00,1634510880.0,183.1,183.4,183.1,183.3,470.793
2021-10-17 22:49:00,1634510940.0,183.4,183.5,183.3,183.4,127.296
2021-10-17 22:50:00,1634511000.0,183.4,183.4,183.2,183.4,199.6
2021-10-17 22:51:00,1634511060.0,183.4,183.6,183.3,183.6,239.224
2021-10-17 22:52:00,1634511120.0,183.6,183.6,183.5,183.5,56.228
2021-10-17 22:53:00,1634511180.0,183.5,183.6,183.4,183.5,159.423
2021-10-17 22:54:00,1634511240.0,183.5,183.7,183.4,183.7,65.414
2021-10-17 22:55:00,1634511300.0,183.7,183.8,183.6,183.6,162.252
2021-10-17 22:56:00,1634511360.0,183.7,183.9,183.6,183.9,127.474
2021-10-17 22:57:00,1634511420.0,183.8,183.9,183.6,183.7,195.908
2021-10-17 22:58:00,1634511480.0,183.8,184.0,183.6,183.9,338.321
2021-10-17 22:59:00,1634511540.0,183.9,184.1,183.6,183.7,1719.983
2021-10-17 23:00:00,1634511600.0,183.8,184.1,183.7,184.0,1197.763
2021-10-17 23:01:00,1634511660.0,183.9,184.0,183.3,183.5,686.226
2021-10-17 23:02:00,1634511720.0,183.6,183.6,183.3,183.4,50.614
2021-10-17 23:03:00,1634511780.0,183.4,183.4,183.3,183.4,307.442
2021-10-17 23:04:00,1634511840.0,183.3,183.5,183.2,183.5,125.064
2021-10-17 23:05:00,1634511900.0,183.5,183.6,183.3,183.6,80.58
2021-10-17 23:06:00,1634511960.0,183.5,183.6,183.4,183.6,103.046
2021-10-17 23:07:00,1634512020.0,183.5,183.6,183.4,183.5,140.099
2021-10-17 23:08:00,1634512080.0,183.6,183.7,183.5,183.6,87.483
2021-10-17 23:09:00,1634512140.0,183.7,184.1,183.7,183.9,317.704
2021-10-17 23:10:00,1634512200.0,184.0,184.1,183.8,184.0,100.872
2021-10-17 23:11:00,1634512260.0,183.9,184.4,183.9,184.2,571.7
2021-10-17 23:12:00,1634512320.0,184.2,184.6,184.1,184.5,1166.563
2021-10-17 23:13:00,1634512380.0,184.5,184.6,184.0,184.2,632.914
2021-10-17 23:14:00,1634512440.0,184.2,184.3,184.0,184.1,196.964
2021-10-17 23:15:00,1634512500.0,184.2,184.3,184.0,184.1,146.0
2021-10-17 23:16:00,1634512560.0,184.0,184.2,183.9,184.1,114.682
2021-10-17 23:17:00,1634512620.0,184.1,184.3,183.9,184.0,1157.946
2021-10-17 23:18:00,1634512680.0,184.0,184.1,183.9,184.0,1195.443
2021-10-17 23:19:00,1634512740.0,184.0,184.1,183.6,183.8,355.347
2021-10-17 23:20:00,1634512800.0,183.7,183.8,183.6,183.7,70.083
2021-10-17 23:21:00,1634512860.0,183.8,183.8,183.7,183.8,206.787
2021-10-17 23:22:00,1634512920.0,183.7,183.9,183.7,183.7,209.059
2021-10-17 23:23:00,1634512980.0,183.8,183.8,183.6,183.6,97.215
2021-10-17 23:24:00,1634513040.0,183.6,183.8,183.6,183.7,192.574
2021-10-17 23:25:00,1634513100.0,183.7,183.7,183.3,183.4,1357.883
2021-10-17 23:26:00,1634513160.0,183.4,183.6,183.3,183.6,290.22
2021-10-17 23:27:00,1634513220.0,183.6,183.6,183.4,183.4,19.336
2021-10-17 23:28:00,1634513280.0,183.5,183.6,183.4,183.5,678.286
2021-10-17 23:29:00,1634513340.0,183.4,183.6,183.4,183.4,69.925
2021-10-17 23:30:00,1634513400.0,183.4,183.6,183.2,183.3,2220.11
2021-10-17 23:31:00,1634513460.0,183.3,183.6,183.3,183.6,255.45
2021-10-17 23:32:00,1634513520.0,183.6,183.7,183.4,183.6,279.793
2021-10-17 23:33:00,1634513580.0,183.6,183.6,183.3,183.5,147.259
2021-10-17 23:34:00,1634513640.0,183.6,183.7,183.5,183.5,208.628
2021-10-17 23:35:00,1634513700.0,183.4,183.5,183.3,183.3,22.335
2021-10-17 23:36:00,1634513760.0,183.3,183.4,183.1,183.1,990.658
2021-10-17 23:37:00,1634513820.0,183.2,183.3,182.9,183.1,688.542
2021-10-17 23:38:00,1634513880.0,183.1,183.2,183.0,183.1,114.422
2021-10-17 23:39:00,1634513940.0,183.1,183.4,183.1,183.3,154.524
2021-10-17 23:40:00,1634514000.0,183.3,183.5,183.3,183.5,353.615
2021-10-17 23:41:00,1634514060.0,183.4,183.7,183.4,183.5,814.576
2021-10-17 23:42:00,1634514120.0,183.5,183.7,183.3,183.5,510.512
2021-10-17 23:43:00,1634514180.0,183.4,183.6,183.4,183.5,71.849
2021-10-17 23:44:00,1634514240.0,183.5,183.6,183.4,183.4,83.294
2021-10-17 23:45:00,1634514300.0,183.6,183.6,183.4,183.4,60.723
2021-10-17 23:46:00,1634514360.0,183.5,183.6,183.3,183.4,276.013
2021-10-17 23:47:00,1634514420.0,183.5,183.6,183.3,183.5,92.656
2021-10-17 23:48:00,1634514480.0,183.5,183.6,183.4,183.4,212.434
2021-10-17 23:49:00,1634514540.0,183.5,183.5,183.3,183.4,289.574
2021-10-17 23:50:00,1634514600.0,183.4,183.6,183.4,183.5,51.022
2021-10-17 23:51:00,1634514660.0,183.6,183.7,183.5,183.6,201.557
2021-10-17 23:52:00,1634514720.0,183.7,183.8,183.6,183.7,317.91
2021-10-17 23:53:00,1634514780.0,183.7,184.0,183.6,183.8,434.846
2021-10-17 23:54:00,1634514840.0,183.7,184.0,183.7,183.8,254.188
2021-10-17 23:55:00,1634514900.0,183.7,183.9,183.7,183.8,261.776
2021-10-17 23:56:00,1634514960.0,183.8,183.9,183.7,183.7,414.564
2021-10-17 23:57:00,1634515020.0,183.7,183.7,183.6,183.6,153.436
2021-10-17 23:58:00,1634515080.0,183.6,183.8,183.5,183.7,135.197
2021-10-17 23:59:00,1634515140.0,183.6,183.8,183.6,183.7,167.67
