Universal Time,Unix Time,Open,High,Low,Close,Volume
2021-03-15 00:00:00,1615766400.0,3.9256,3.9536,3.9212,3.9419,192725.47
2021-03-15 00:01:00,1615766460.0,3.9418,3.9469,3.921,3.9284,124868.08
2021-03-15 00:02:00,1615766520.0,3.9275,3.9302,3.8861,3.8891,271346.61
2021-03-15 00:03:00,1615766580.0,3.8897,3.9106,3.8594,3.9061,224380.15
2021-03-15 00:04:00,1615766640.0,3.9061,3.9259,3.8858,3.9137,86811.62
2021-03-15 00:05:00,1615766700.0,3.9137,3.9352,3.9127,3.9271,94319.55
2021-03-15 00:06:00,1615766760.0,3.9295,3.9344,3.9123,3.9335,52893.88
2021-03-15 00:07:00,1615766820.0,3.9328,3.9397,3.9312,3.9396,62174.85
2021-03-15 00:08:00,1615766880.0,3.9396,3.9515,3.9387,3.9515,61243.58
2021-03-15 00:09:00,1615766940.0,3.9514,3.953,3.9379,3.9497,38313.53
2021-03-15 00:10:00,1615767000.0,3.9496,3.9589,3.9422,3.9551,35998.27
2021-03-15 00:11:00,1615767060.0,3.955,3.9573,3.9497,3.9573,19005.51
2021-03-15 00:12:00,1615767120.0,3.958,3.9626,3.9513,3.9546,40605.57
2021-03-15 00:13:00,1615767180.0,3.9568,3.9568,3.9452,3.9495,30323.01
2021-03-15 00:14:00,1615767240.0,3.9495,3.9593,3.9495,3.9535,26127.11
2021-03-15 00:15:00,1615767300.0,3.9532,3.9581,3.95,3.9577,21722.71
2021-03-15 00:16:00,1615767360.0,3.957,3.9659,3.9555,3.9644,13953.13
2021-03-15 00:17:00,1615767420.0,3.9651,3.974,3.9578,3.9697,46976.42
2021-03-15 00:18:00,1615767480.0,3.9682,3.9841,3.9682,3.9818,40336.35
2021-03-15 00:19:00,1615767540.0,3.9826,3.9827,3.9716,3.9775,37009.45
2021-03-15 00:20:00,1615767600.0,3.9776,3.988,3.9754,3.9848,52257.92
2021-03-15 00:21:00,1615767660.0,3.985,3.99,3.9779,3.9799,21303.84
2021-03-15 00:22:00,1615767720.0,3.98,3.9846,3.9738,3.9738,18737.64
2021-03-15 00:23:00,1615767780.0,3.9763,3.985,3.975,3.9812,7661.29
2021-03-15 00:24:00,1615767840.0,3.9805,3.9949,3.9804,3.9913,28529.28
2021-03-15 00:25:00,1615767900.0,3.9926,3.9949,3.9873,3.9904,9870.68
2021-03-15 00:26:00,1615767960.0,3.9898,3.9909,3.9863,3.9878,9499.66
2021-03-15 00:27:00,1615768020.0,3.9886,3.9935,3.9864,3.9922,10777.4
2021-03-15 00:28:00,1615768080.0,3.9923,3.9943,3.9903,3.9924,19041.65
2021-03-15 00:29:00,1615768140.0,3.9922,3.9951,3.9905,3.9908,10642.63
2021-03-15 00:30:00,1615768200.0,3.992,3.992,3.983,3.9877,16629.12
2021-03-15 00:31:00,1615768260.0,3.987,3.9937,3.9856,3.9889,12554.44
2021-03-15 00:32:00,1615768320.0,3.9858,3.9878,3.9759,3.9811,32587.05
2021-03-15 00:33:00,1615768380.0,3.9817,3.9869,3.9817,3.985,21367.14
2021-03-15 00:34:00,1615768440.0,3.9854,3.9986,3.9848,3.994,46691.19
2021-03-15 00:35:00,1615768500.0,3.994,4.0015,3.9925,3.9984,25078.79
2021-03-15 00:36:00,1615768560.0,3.998,4.0037,3.998,4.0002,9864.08
2021-03-15 00:37:00,1615768620.0,4.0001,4.0005,3.9907,3.9931,12247.22
2021-03-15 00:38:00,1615768680.0,3.9933,3.995,3.9885,3.9903,13671.09
2021-03-15 00:39:00,1615768740.0,3.9901,3.996,3.9892,3.9943,16937.98
2021-03-15 00:40:00,1615768800.0,3.9933,3.9933,3.9858,3.9901,13113.13
2021-03-15 00:41:00,1615768860.0,3.9907,3.9965,3.9857,3.9857,29450.42
2021-03-15 00:42:00,1615768920.0,3.9844,3.9908,3.983,3.9859,17360.86
2021-03-15 00:43:00,1615768980.0,3.9862,3.9988,3.9821,3.9988,21246.15
2021-03-15 00:44:00,1615769040.0,3.9984,4.0036,3.995,3.996,22413.96
2021-03-15 00:45:00,1615769100.0,3.9957,4.0038,3.9957,4.0024,18312.5
2021-03-15 00:46:00,1615769160.0,4.0024,4.0028,3.9991,3.9994,6327.83
2021-03-15 00:47:00,1615769220.0,3.9994,3.9998,3.9941,3.9941,13435.56
2021-03-15 00:48:00,1615769280.0,3.9951,3.9965,3.9931,3.9948,10359.69
2021-03-15 00:49:00,1615769340.0,3.9961,3.9962,3.984,3.984,24511.15
2021-03-15 00:50:00,1615769400.0,3.9839,3.9849,3.9793,3.9821,17450.88
2021-03-15 00:51:00,1615769460.0,3.9818,3.9838,3.9787,3.9801,18219.47
2021-03-15 00:52:00,1615769520.0,3.9786,3.9801,3.9755,3.9762,6926.92
2021-03-15 00:53:00,1615769580.0,3.9756,3.9756,3.9676,3.9722,30425.03
2021-03-15 00:54:00,1615769640.0,3.9714,3.9802,3.9714,3.9775,5371.29
2021-03-15 00:55:00,1615769700.0,3.9769,3.9779,3.9722,3.9722,17614.69
2021-03-15 00:56:00,1615769760.0,3.9724,3.9747,3.9708,3.9716,5206.79
2021-03-15 00:57:00,1615769820.0,3.9717,3.976,3.9709,3.9743,11046.97
2021-03-15 00:58:00,1615769880.0,3.9739,3.9747,3.9604,3.962,14606.01
2021-03-15 00:59:00,1615769940.0,3.9616,3.9675,3.9585,3.9648,30838.8
2021-03-15 01:00:00,1615770000.0,3.9631,3.9783,3.9569,3.9766,34839.52
2021-03-15 01:01:00,1615770060.0,3.9747,3.9896,3.9747,3.9854,36911.23
2021-03-15 01:02:00,1615770120.0,3.9848,3.9883,3.9796,3.981,20357.79
2021-03-15 01:03:00,1615770180.0,3.9818,3.9818,3.9704,3.9775,20583.06
2021-03-15 01:04:00,1615770240.0,3.9772,3.9772,3.965,3.9689,8883.93
2021-03-15 01:05:00,1615770300.0,3.9689,3.9726,3.9637,3.9651,15854.71
2021-03-15 01:06:00,1615770360.0,3.9649,3.9655,3.9542,3.9549,36677.75
2021-03-15 01:07:00,1615770420.0,3.9541,3.9591,3.9471,3.9488,31913.39
2021-03-15 01:08:00,1615770480.0,3.9479,3.9593,3.9478,3.9592,19847.69
2021-03-15 01:09:00,1615770540.0,3.96,3.9628,3.9526,3.9562,6762.04
2021-03-15 01:10:00,1615770600.0,3.9561,3.9584,3.95,3.9563,21089.23
2021-03-15 01:11:00,1615770660.0,3.9563,3.9592,3.9501,3.9555,14738.82
2021-03-15 01:12:00,1615770720.0,3.9545,3.9557,3.9473,3.9473,11985.81
2021-03-15 01:13:00,1615770780.0,3.9472,3.9524,3.9463,3.9521,12315.76
2021-03-15 01:14:00,1615770840.0,3.9504,3.9612,3.9504,3.9583,8323.14
2021-03-15 01:15:00,1615770900.0,3.9583,3.9587,3.9456,3.9508,28596.45
2021-03-15 01:16:00,1615770960.0,3.9512,3.9512,3.9458,3.9503,7170.33
2021-03-15 01:17:00,1615771020.0,3.9508,3.9588,3.949,3.9563,24995.51
2021-03-15 01:18:00,1615771080.0,3.9561,3.9694,3.9561,3.9689,14021.74
2021-03-15 01:19:00,1615771140.0,3.9682,3.9692,3.9635,3.9646,24618.58
2021-03-15 01:20:00,1615771200.0,3.9651,3.9721,3.9625,3.9702,28106.96
2021-03-15 01:21:00,1615771260.0,3.9708,3.9744,3.9693,3.9724,12314.04
2021-03-15 01:22:00,1615771320.0,3.9737,3.9782,3.9737,3.9772,15750.05
2021-03-15 01:23:00,1615771380.0,3.9771,3.9791,3.9738,3.9775,18508.28
2021-03-15 01:24:00,1615771440.0,3.9781,3.9882,3.9781,3.9882,11164.84
2021-03-15 01:25:00,1615771500.0,3.9873,3.99,3.9835,3.9896,9060.51
2021-03-15 01:26:00,1615771560.0,3.9887,3.9945,3.9857,3.9932,12677.0
2021-03-15 01:27:00,1615771620.0,3.9939,3.9968,3.9883,3.9953,16512.37
2021-03-15 01:28:00,1615771680.0,3.9953,4.002,3.9953,3.9987,15622.13
2021-03-15 01:29:00,1615771740.0,3.9998,4.0028,3.9976,4.0015,11161.69
2021-03-15 01:30:00,1615771800.0,4.0013,4.003,3.9938,3.9949,24201.67
2021-03-15 01:31:00,1615771860.0,3.9968,4.0015,3.995,4.0015,4983.34
2021-03-15 01:32:00,1615771920.0,4.0003,4.0019,3.9985,3.9997,11664.15
2021-03-15 01:33:00,1615771980.0,3.9999,4.0021,3.998,3.9998,16042.36
2021-03-15 01:34:00,1615772040.0,3.9996,3.9996,3.9944,3.9953,11395.46
2021-03-15 01:35:00,1615772100.0,3.9955,3.9955,3.9906,3.9925,10554.32
2021-03-15 01:36:00,1615772160.0,3.9925,3.9954,3.9922,3.994,7873.96
2021-03-15 01:37:00,1615772220.0,3.9938,3.994,3.9918,3.9932,3836.69
2021-03-15 01:38:00,1615772280.0,3.9932,3.9936,3.9899,3.9913,5514.42
2021-03-15 01:39:00,1615772340.0,3.9916,3.9916,3.9871,3.9902,8245.29
2021-03-15 01:40:00,1615772400.0,3.9899,4.0007,3.9891,4.0007,4713.11
2021-03-15 01:41:00,1615772460.0,4.0006,4.0035,3.9987,3.9996,8058.67
2021-03-15 01:42:00,1615772520.0,3.999,4.004,3.9969,3.9971,15936.24
2021-03-15 01:43:00,1615772580.0,3.9968,3.9995,3.9942,3.9968,9474.78
2021-03-15 01:44:00,1615772640.0,3.9983,3.9998,3.9919,3.9939,6156.7
2021-03-15 01:45:00,1615772700.0,3.9939,3.997,3.988,3.9924,20535.16
2021-03-15 01:46:00,1615772760.0,3.9914,3.9954,3.99,3.9942,3510.27
2021-03-15 01:47:00,1615772820.0,3.9938,3.9956,3.9884,3.991,30833.28
2021-03-15 01:48:00,1615772880.0,3.991,3.9914,3.9858,3.9882,11798.52
2021-03-15 01:49:00,1615772940.0,3.988,3.988,3.9829,3.9845,6645.91
2021-03-15 01:50:00,1615773000.0,3.9845,3.9863,3.9827,3.985,1794.3
2021-03-15 01:51:00,1615773060.0,3.9844,3.987,3.9841,3.9851,11899.02
2021-03-15 01:52:00,1615773120.0,3.9851,3.9884,3.9834,3.9836,4383.65
2021-03-15 01:53:00,1615773180.0,3.9832,3.9857,3.9767,3.9812,38225.9
2021-03-15 01:54:00,1615773240.0,3.9801,3.9811,3.9765,3.9785,6208.92
2021-03-15 01:55:00,1615773300.0,3.9784,3.9832,3.976,3.983,4820.09
2021-03-15 01:56:00,1615773360.0,3.9828,3.9857,3.979,3.9832,14444.3
2021-03-15 01:57:00,1615773420.0,3.982,3.9847,3.9812,3.9826,7141.92
2021-03-15 01:58:00,1615773480.0,3.9825,3.9835,3.9778,3.9819,4893.77
2021-03-15 01:59:00,1615773540.0,3.982,3.986,3.9802,3.9853,6015.25
2021-03-15 02:00:00,1615773600.0,3.9862,3.9894,3.9838,3.9855,11796.06
2021-03-15 02:01:00,1615773660.0,3.9847,3.9878,3.9829,3.9845,5040.17
2021-03-15 02:02:00,1615773720.0,3.9846,3.991,3.9823,3.9878,37374.26
2021-03-15 02:03:00,1615773780.0,3.9887,3.9942,3.9849,3.9934,12584.67
2021-03-15 02:04:00,1615773840.0,3.9938,4.0055,3.992,4.0035,61595.21
2021-03-15 02:05:00,1615773900.0,4.0032,4.0032,3.9954,3.999,32632.62
2021-03-15 02:06:00,1615773960.0,3.9981,4.0012,3.9967,3.9976,13242.33
2021-03-15 02:07:00,1615774020.0,3.9981,4.0037,3.9976,4.0023,14150.45
2021-03-15 02:08:00,1615774080.0,4.0029,4.0085,3.9976,4.0079,10844.46
2021-03-15 02:09:00,1615774140.0,4.0074,4.0105,4.0038,4.005,16301.06
2021-03-15 02:10:00,1615774200.0,4.0044,4.0044,3.9987,3.9987,9061.66
2021-03-15 02:11:00,1615774260.0,3.9997,4.0026,3.9982,3.9997,1391.21
2021-03-15 02:12:00,1615774320.0,3.9997,4.0038,3.999,4.0034,6098.09
2021-03-15 02:13:00,1615774380.0,4.0022,4.0026,4.0001,4.0017,3779.14
2021-03-15 02:14:00,1615774440.0,4.0017,4.0017,3.9956,3.9976,25115.2
2021-03-15 02:15:00,1615774500.0,3.9968,4.0005,3.9968,4.0005,7798.2
2021-03-15 02:16:00,1615774560.0,3.9993,3.9993,3.9875,3.9901,191289.74
2021-03-15 02:17:00,1615774620.0,3.9899,3.9952,3.9889,3.9925,15040.52
2021-03-15 02:18:00,1615774680.0,3.9925,3.9947,3.9917,3.9927,8584.41
2021-03-15 02:19:00,1615774740.0,3.9922,3.9997,3.9916,3.9981,7795.18
2021-03-15 02:20:00,1615774800.0,3.9981,4.0066,3.9981,4.0062,52962.01
2021-03-15 02:21:00,1615774860.0,4.0063,4.0087,4.005,4.0072,10497.24
2021-03-15 02:22:00,1615774920.0,4.0078,4.0137,4.0057,4.006,12646.07
2021-03-15 02:23:00,1615774980.0,4.0054,4.0059,3.9984,3.9984,5545.18
2021-03-15 02:24:00,1615775040.0,3.9986,4.0028,3.9959,4.0,5142.08
2021-03-15 02:25:00,1615775100.0,3.9988,3.9995,3.9978,3.999,1463.67
2021-03-15 02:26:00,1615775160.0,3.999,4.0093,3.999,4.0056,12132.7
2021-03-15 02:27:00,1615775220.0,4.005,4.0054,4.0017,4.0025,9118.8
2021-03-15 02:28:00,1615775280.0,4.0024,4.0056,4.0021,4.0021,5359.43
2021-03-15 02:29:00,1615775340.0,4.0022,4.0046,4.0004,4.001,3267.0
2021-03-15 02:30:00,1615775400.0,4.001,4.0037,4.0001,4.0021,6321.27
2021-03-15 02:31:00,1615775460.0,4.0019,4.0036,4.0011,4.0023,6560.29
2021-03-15 02:32:00,1615775520.0,4.0022,4.0022,3.9971,3.9971,9584.79
2021-03-15 02:33:00,1615775580.0,3.997,3.9989,3.9939,3.995,5120.31
2021-03-15 02:34:00,1615775640.0,3.9944,3.9963,3.9934,3.9947,4815.54
2021-03-15 02:35:00,1615775700.0,3.9951,3.9953,3.9896,3.9924,9149.4
2021-03-15 02:36:00,1615775760.0,3.9931,3.9964,3.9928,3.9948,4568.71
2021-03-15 02:37:00,1615775820.0,3.9964,4.0023,3.9953,3.9984,6824.07
2021-03-15 02:38:00,1615775880.0,3.9992,3.9995,3.9968,3.9987,4613.93
2021-03-15 02:39:00,1615775940.0,3.9986,4.0069,3.9986,4.0054,5509.09
2021-03-15 02:40:00,1615776000.0,4.0054,4.0067,4.005,4.0051,3489.07
2021-03-15 02:41:00,1615776060.0,4.0057,4.0083,4.0026,4.0083,3990.62
2021-03-15 02:42:00,1615776120.0,4.0085,4.0087,4.0049,4.0065,3292.73
2021-03-15 02:43:00,1615776180.0,4.0057,4.0113,4.0057,4.007,10738.54
2021-03-15 02:44:00,1615776240.0,4.0084,4.0104,4.0083,4.0103,6919.71
2021-03-15 02:45:00,1615776300.0,4.0082,4.0082,4.007,4.0078,2108.33
2021-03-15 02:46:00,1615776360.0,4.0077,4.0081,4.004,4.0046,7463.13
2021-03-15 02:47:00,1615776420.0,4.0044,4.0061,4.002,4.0043,3753.32
2021-03-15 02:48:00,1615776480.0,4.0048,4.005,4.0024,4.0032,603.18
2021-03-15 02:49:00,1615776540.0,4.0024,4.0056,4.0022,4.0045,8224.74
2021-03-15 02:50:00,1615776600.0,4.0047,4.0094,4.0025,4.0076,14592.81
2021-03-15 02:51:00,1615776660.0,4.0079,4.0096,4.0077,4.0096,3870.24
2021-03-15 02:52:00,1615776720.0,4.0096,4.0184,4.0096,4.0153,11955.85
2021-03-15 02:53:00,1615776780.0,4.0165,4.0193,4.013,4.0173,7678.63
2021-03-15 02:54:00,1615776840.0,4.0178,4.0188,4.0159,4.0159,4095.66
2021-03-15 02:55:00,1615776900.0,4.0157,4.0165,4.0131,4.0142,3129.57
2021-03-15 02:56:00,1615776960.0,4.0148,4.0184,4.012,4.0135,6242.87
2021-03-15 02:57:00,1615777020.0,4.0138,4.0138,4.0037,4.0039,9306.8
2021-03-15 02:58:00,1615777080.0,4.0041,4.0154,4.0041,4.0145,8160.96
2021-03-15 02:59:00,1615777140.0,4.0147,4.0147,4.0108,4.0108,7719.92
2021-03-15 03:00:00,1615777200.0,4.0111,4.0168,4.0111,4.0144,25436.76
2021-03-15 03:01:00,1615777260.0,4.0136,4.0183,4.0134,4.0182,2789.86
2021-03-15 03:02:00,1615777320.0,4.0183,4.0183,4.0158,4.0168,7228.18
2021-03-15 03:03:00,1615777380.0,4.0169,4.0222,4.0169,4.0185,17051.24
2021-03-15 03:04:00,1615777440.0,4.0193,4.0269,4.0193,4.0237,16646.29
2021-03-15 03:05:00,1615777500.0,4.0243,4.027,4.0208,4.027,9308.27
2021-03-15 03:06:00,1615777560.0,4.0251,4.0277,4.025,4.027,3072.13
2021-03-15 03:07:00,1615777620.0,4.027,4.027,4.0214,4.0227,11863.56
2021-03-15 03:08:00,1615777680.0,4.0234,4.0249,4.0211,4.0228,4962.22
2021-03-15 03:09:00,1615777740.0,4.022,4.0248,4.0215,4.0219,7854.55
2021-03-15 03:10:00,1615777800.0,4.0218,4.0224,4.0181,4.0194,11195.52
2021-03-15 03:11:00,1615777860.0,4.019,4.0194,4.0149,4.0173,3588.54
2021-03-15 03:12:00,1615777920.0,4.0173,4.0191,4.016,4.0189,2954.93
2021-03-15 03:13:00,1615777980.0,4.0182,4.0202,4.0174,4.0202,1780.28
2021-03-15 03:14:00,1615778040.0,4.0194,4.026,4.0194,4.0253,7489.42
2021-03-15 03:15:00,1615778100.0,4.0249,4.0276,4.02,4.0204,10178.91
2021-03-15 03:16:00,1615778160.0,4.0198,4.0205,4.0143,4.0155,6722.22
2021-03-15 03:17:00,1615778220.0,4.0155,4.0232,4.0155,4.0197,5000.14
2021-03-15 03:18:00,1615778280.0,4.0196,4.0233,4.0196,4.0219,5131.67
2021-03-15 03:19:00,1615778340.0,4.0213,4.0259,4.0198,4.0217,5988.54
2021-03-15 03:20:00,1615778400.0,4.0222,4.0229,4.0201,4.0201,4581.04
2021-03-15 03:21:00,1615778460.0,4.02,4.023,4.0199,4.0215,4296.15
2021-03-15 03:22:00,1615778520.0,4.0215,4.0215,4.0137,4.0156,33730.42
2021-03-15 03:23:00,1615778580.0,4.0157,4.0163,4.0124,4.0124,7654.88
2021-03-15 03:24:00,1615778640.0,4.0124,4.015,4.0096,4.0097,14212.78
2021-03-15 03:25:00,1615778700.0,4.0099,4.013,4.0096,4.012,6574.73
2021-03-15 03:26:00,1615778760.0,4.0119,4.0119,4.0064,4.0064,8142.69
2021-03-15 03:27:00,1615778820.0,4.0065,4.0111,4.0064,4.0096,4473.2
2021-03-15 03:28:00,1615778880.0,4.01,4.0106,4.0086,4.0089,9674.42
2021-03-15 03:29:00,1615778940.0,4.0089,4.0089,4.0062,4.0069,14239.57
2021-03-15 03:30:00,1615779000.0,4.0065,4.007,4.0053,4.0061,5651.79
2021-03-15 03:31:00,1615779060.0,4.0061,4.0073,4.0,4.0002,13581.09
2021-03-15 03:32:00,1615779120.0,4.0002,4.0036,4.0,4.0007,4524.59
2021-03-15 03:33:00,1615779180.0,4.0002,4.0092,4.0002,4.0082,9475.77
2021-03-15 03:34:00,1615779240.0,4.007,4.0095,4.0046,4.0065,7967.39
2021-03-15 03:35:00,1615779300.0,4.0058,4.013,4.0058,4.0126,8719.28
2021-03-15 03:36:00,1615779360.0,4.0125,4.0125,4.0054,4.0077,3384.59
2021-03-15 03:37:00,1615779420.0,4.0058,4.0073,4.0008,4.0029,1754.88
2021-03-15 03:38:00,1615779480.0,4.0026,4.0037,4.0006,4.0012,8600.59
2021-03-15 03:39:00,1615779540.0,4.0014,4.0036,4.0014,4.0027,3661.81
2021-03-15 03:40:00,1615779600.0,4.0027,4.0038,4.0,4.0017,13684.57
2021-03-15 03:41:00,1615779660.0,4.0003,4.0013,3.9957,3.9994,14308.1
2021-03-15 03:42:00,1615779720.0,3.9993,4.0009,3.9989,3.9989,4475.51
2021-03-15 03:43:00,1615779780.0,3.999,3.9991,3.9989,3.999,754.57
2021-03-15 03:44:00,1615779840.0,3.999,3.9997,3.996,3.9996,2411.38
2021-03-15 03:45:00,1615779900.0,3.9985,4.0031,3.9975,4.001,2773.53
2021-03-15 03:46:00,1615779960.0,4.0012,4.0065,4.0012,4.0058,10898.9
2021-03-15 03:47:00,1615780020.0,4.0054,4.0076,4.0039,4.0069,5759.61
2021-03-15 03:48:00,1615780080.0,4.0074,4.0117,4.0074,4.0113,9799.13
2021-03-15 03:49:00,1615780140.0,4.0113,4.0113,4.0094,4.0103,7997.16
2021-03-15 03:50:00,1615780200.0,4.0102,4.0108,4.0043,4.0045,13789.85
2021-03-15 03:51:00,1615780260.0,4.0043,4.0081,4.0037,4.0065,3817.04
2021-03-15 03:52:00,1615780320.0,4.0087,4.011,4.0059,4.006,12480.56
2021-03-15 03:53:00,1615780380.0,4.006,4.006,4.0031,4.004,8180.04
2021-03-15 03:54:00,1615780440.0,4.0036,4.005,4.003,4.0043,4592.7
2021-03-15 03:55:00,1615780500.0,4.0049,4.0049,3.9993,3.9994,6728.95
2021-03-15 03:56:00,1615780560.0,4.0002,4.003,3.999,4.0005,5972.48
2021-03-15 03:57:00,1615780620.0,4.0001,4.0044,3.9991,4.0038,20151.46
2021-03-15 03:58:00,1615780680.0,4.003,4.0036,3.9974,4.0004,6890.23
2021-03-15 03:59:00,1615780740.0,4.0001,4.0018,3.9986,4.0018,1948.27
2021-03-15 04:00:00,1615780800.0,4.0009,4.0141,4.0009,4.0117,26368.79
2021-03-15 04:01:00,1615780860.0,4.0127,4.0179,4.0121,4.0145,10157.15
2021-03-15 04:02:00,1615780920.0,4.0143,4.0249,4.0135,4.0249,31462.4
2021-03-15 04:03:00,1615780980.0,4.025,4.03,4.025,4.0282,35003.42
2021-03-15 04:04:00,1615781040.0,4.0284,4.0324,4.0278,4.0304,25314.49
2021-03-15 04:05:00,1615781100.0,4.0312,4.0312,4.0223,4.0227,4112.92
2021-03-15 04:06:00,1615781160.0,4.0228,4.0235,4.0169,4.0182,8865.6
2021-03-15 04:07:00,1615781220.0,4.0179,4.0191,4.016,4.016,6081.67
2021-03-15 04:08:00,1615781280.0,4.0158,4.02,4.0138,4.0194,3707.43
2021-03-15 04:09:00,1615781340.0,4.02,4.0291,4.02,4.0264,14525.06
2021-03-15 04:10:00,1615781400.0,4.0261,4.0309,4.0261,4.0309,5777.19
2021-03-15 04:11:00,1615781460.0,4.0312,4.0337,4.0279,4.0291,5599.81
2021-03-15 04:12:00,1615781520.0,4.0287,4.03,4.0258,4.0266,6387.4
2021-03-15 04:13:00,1615781580.0,4.0255,4.0295,4.0252,4.0254,2959.1
2021-03-15 04:14:00,1615781640.0,4.0254,4.0254,4.0219,4.0219,6979.78
2021-03-15 04:15:00,1615781700.0,4.0216,4.0255,4.0211,4.0255,5693.39
2021-03-15 04:16:00,1615781760.0,4.0257,4.0257,4.0203,4.0234,11352.08
2021-03-15 04:17:00,1615781820.0,4.023,4.0246,4.0188,4.0188,17581.63
2021-03-15 04:18:00,1615781880.0,4.0196,4.0308,4.0196,4.0308,14083.98
2021-03-15 04:19:00,1615781940.0,4.0305,4.0329,4.0285,4.0308,16567.45
2021-03-15 04:20:00,1615782000.0,4.0309,4.0315,4.0289,4.0313,5178.63
2021-03-15 04:21:00,1615782060.0,4.0315,4.0334,4.0301,4.0322,25293.54
2021-03-15 04:22:00,1615782120.0,4.0326,4.0336,4.0257,4.0268,10739.32
2021-03-15 04:23:00,1615782180.0,4.0257,4.0257,4.0227,4.0237,9244.73
2021-03-15 04:24:00,1615782240.0,4.0237,4.0237,4.0202,4.0221,4242.11
2021-03-15 04:25:00,1615782300.0,4.022,4.0221,4.0202,4.0205,1423.52
2021-03-15 04:26:00,1615782360.0,4.0212,4.0223,4.0205,4.0216,1423.65
2021-03-15 04:27:00,1615782420.0,4.0217,4.0246,4.0205,4.0242,2978.05
2021-03-15 04:28:00,1615782480.0,4.0233,4.0237,4.0205,4.0208,3147.07
2021-03-15 04:29:00,1615782540.0,4.0209,4.0257,4.0205,4.0257,11776.3
2021-03-15 04:30:00,1615782600.0,4.0262,4.0295,4.0247,4.0284,8318.85
2021-03-15 04:31:00,1615782660.0,4.0277,4.0281,4.0232,4.0232,3772.01
2021-03-15 04:32:00,1615782720.0,4.0237,4.0261,4.0216,4.0216,2883.26
2021-03-15 04:33:00,1615782780.0,4.0216,4.0216,4.0024,4.0024,45454.32
2021-03-15 04:34:00,1615782840.0,4.003,4.0286,3.9917,4.0194,128389.69
2021-03-15 04:35:00,1615782900.0,4.0214,4.0267,4.0041,4.0187,104719.2
2021-03-15 04:36:00,1615782960.0,4.0186,4.0191,4.0087,4.0141,39985.5
2021-03-15 04:37:00,1615783020.0,4.015,4.0185,4.0053,4.0135,18591.83
2021-03-15 04:38:00,1615783080.0,4.0143,4.0209,4.0117,4.0131,10669.97
2021-03-15 04:39:00,1615783140.0,4.0165,4.0196,4.0143,4.0189,5607.06
2021-03-15 04:40:00,1615783200.0,4.0178,4.0185,4.0145,4.0178,12514.06
2021-03-15 04:41:00,1615783260.0,4.0169,4.0193,4.015,4.0159,9170.3
2021-03-15 04:42:00,1615783320.0,4.0171,4.0197,4.0157,4.0161,7089.97
2021-03-15 04:43:00,1615783380.0,4.0161,4.02,4.0096,4.0096,6988.22
2021-03-15 04:44:00,1615783440.0,4.0087,4.0133,4.0059,4.011,10134.79
2021-03-15 04:45:00,1615783500.0,4.0101,4.0101,4.0012,4.0048,12605.94
2021-03-15 04:46:00,1615783560.0,4.0035,4.0036,3.9981,3.9984,13025.79
2021-03-15 04:47:00,1615783620.0,3.998,4.0016,3.9947,3.9966,11770.76
2021-03-15 04:48:00,1615783680.0,3.9964,3.9989,3.9876,3.9902,14580.33
2021-03-15 04:49:00,1615783740.0,3.9896,3.9957,3.9888,3.9957,14022.24
2021-03-15 04:50:00,1615783800.0,3.9946,3.9946,3.9897,3.9945,9421.01
2021-03-15 04:51:00,1615783860.0,3.9945,3.9945,3.9887,3.9906,5063.87
2021-03-15 04:52:00,1615783920.0,3.9896,3.9922,3.9861,3.9875,7285.38
2021-03-15 04:53:00,1615783980.0,3.9876,3.989,3.98,3.9844,20351.92
2021-03-15 04:54:00,1615784040.0,3.984,3.9887,3.9829,3.9829,7957.37
2021-03-15 04:55:00,1615784100.0,3.9833,3.9843,3.9788,3.984,14725.66
2021-03-15 04:56:00,1615784160.0,3.983,3.9841,3.9759,3.9802,12032.33
2021-03-15 04:57:00,1615784220.0,3.9807,3.9873,3.9807,3.9853,11937.21
2021-03-15 04:58:00,1615784280.0,3.9849,3.9938,3.9849,3.9874,17960.07
2021-03-15 04:59:00,1615784340.0,3.9871,3.9871,3.9813,3.9834,5319.23
2021-03-15 05:00:00,1615784400.0,3.9846,3.988,3.9767,3.9768,22113.57
2021-03-15 05:01:00,1615784460.0,3.9777,3.9791,3.972,3.973,16839.59
2021-03-15 05:02:00,1615784520.0,3.9734,3.9746,3.9631,3.9658,22082.34
2021-03-15 05:03:00,1615784580.0,3.9654,3.9662,3.9587,3.9593,22459.02
2021-03-15 05:04:00,1615784640.0,3.9597,3.9635,3.9525,3.9616,25818.47
2021-03-15 05:05:00,1615784700.0,3.9617,3.97,3.9607,3.9693,7658.4
2021-03-15 05:06:00,1615784760.0,3.9685,3.9685,3.9587,3.9624,11999.53
2021-03-15 05:07:00,1615784820.0,3.9626,3.9666,3.9558,3.9599,10680.28
2021-03-15 05:08:00,1615784880.0,3.9608,3.9623,3.9572,3.9604,3583.66
2021-03-15 05:09:00,1615784940.0,3.9601,3.9604,3.9558,3.959,22992.25
2021-03-15 05:10:00,1615785000.0,3.9596,3.9661,3.9596,3.9633,13747.14
2021-03-15 05:11:00,1615785060.0,3.9634,3.9654,3.9551,3.9587,15052.39
2021-03-15 05:12:00,1615785120.0,3.9586,3.9588,3.9522,3.9543,14591.82
2021-03-15 05:13:00,1615785180.0,3.9545,3.9565,3.95,3.9523,23887.95
2021-03-15 05:14:00,1615785240.0,3.9543,3.9544,3.9455,3.9489,22329.44
2021-03-15 05:15:00,1615785300.0,3.9489,3.9573,3.947,3.9554,17445.79
2021-03-15 05:16:00,1615785360.0,3.9549,3.9619,3.9528,3.9538,11336.76
2021-03-15 05:17:00,1615785420.0,3.9527,3.9588,3.9527,3.9587,6511.65
2021-03-15 05:18:00,1615785480.0,3.9587,3.9597,3.9558,3.9581,5765.78
2021-03-15 05:19:00,1615785540.0,3.9583,3.9656,3.9583,3.9649,7625.01
2021-03-15 05:20:00,1615785600.0,3.965,3.9661,3.9584,3.9608,3545.56
2021-03-15 05:21:00,1615785660.0,3.9616,3.9639,3.9602,3.9634,13666.9
2021-03-15 05:22:00,1615785720.0,3.963,3.963,3.957,3.957,11436.23
2021-03-15 05:23:00,1615785780.0,3.9585,3.9604,3.9558,3.9563,6494.33
2021-03-15 05:24:00,1615785840.0,3.9566,3.9603,3.9532,3.955,16869.64
2021-03-15 05:25:00,1615785900.0,3.9548,3.9562,3.9496,3.9502,16193.6
2021-03-15 05:26:00,1615785960.0,3.9501,3.953,3.9471,3.9497,9252.02
2021-03-15 05:27:00,1615786020.0,3.9484,3.9521,3.9454,3.947,8396.8
2021-03-15 05:28:00,1615786080.0,3.9469,3.9501,3.942,3.9455,21678.71
2021-03-15 05:29:00,1615786140.0,3.9451,3.9479,3.9403,3.9449,18506.31
2021-03-15 05:30:00,1615786200.0,3.9461,3.9586,3.9461,3.9562,10750.74
2021-03-15 05:31:00,1615786260.0,3.9548,3.9601,3.9541,3.9558,13639.25
2021-03-15 05:32:00,1615786320.0,3.9569,3.9601,3.9539,3.9593,5973.79
2021-03-15 05:33:00,1615786380.0,3.9572,3.9616,3.9565,3.9615,5960.55
2021-03-15 05:34:00,1615786440.0,3.9612,3.962,3.9514,3.9515,11227.96
2021-03-15 05:35:00,1615786500.0,3.9513,3.954,3.9476,3.9511,7061.25
2021-03-15 05:36:00,1615786560.0,3.9511,3.9549,3.9457,3.9471,6481.54
2021-03-15 05:37:00,1615786620.0,3.9472,3.9472,3.9413,3.942,9144.55
2021-03-15 05:38:00,1615786680.0,3.9437,3.9456,3.9388,3.9409,28923.3
2021-03-15 05:39:00,1615786740.0,3.9403,3.9421,3.938,3.9396,18539.28
2021-03-15 05:40:00,1615786800.0,3.9385,3.9445,3.9385,3.9423,18222.39
2021-03-15 05:41:00,1615786860.0,3.9436,3.9454,3.9394,3.9426,7172.46
2021-03-15 05:42:00,1615786920.0,3.9425,3.9458,3.94,3.9409,15392.89
2021-03-15 05:43:00,1615786980.0,3.9408,3.9411,3.9261,3.9261,33178.85
2021-03-15 05:44:00,1615787040.0,3.927,3.9362,3.927,3.9331,12117.94
2021-03-15 05:45:00,1615787100.0,3.9336,3.9347,3.9276,3.9347,19959.8
2021-03-15 05:46:00,1615787160.0,3.9349,3.9414,3.9326,3.9413,12712.58
2021-03-15 05:47:00,1615787220.0,3.9418,3.9459,3.9395,3.9408,6434.21
2021-03-15 05:48:00,1615787280.0,3.9417,3.9451,3.939,3.94,12821.32
2021-03-15 05:49:00,1615787340.0,3.9393,3.9405,3.9319,3.9321,15264.13
2021-03-15 05:50:00,1615787400.0,3.932,3.9336,3.9273,3.9298,13952.42
2021-03-15 05:51:00,1615787460.0,3.9276,3.9306,3.9223,3.9252,31723.53
2021-03-15 05:52:00,1615787520.0,3.9243,3.9354,3.9243,3.9321,33745.21
2021-03-15 05:53:00,1615787580.0,3.9323,3.9323,3.9118,3.9118,32002.17
2021-03-15 05:54:00,1615787640.0,3.9116,3.9165,3.9073,3.9106,21249.6
2021-03-15 05:55:00,1615787700.0,3.911,3.914,3.9014,3.9041,31564.82
2021-03-15 05:56:00,1615787760.0,3.9036,3.9102,3.8996,3.9013,71661.95
2021-03-15 05:57:00,1615787820.0,3.9019,3.9089,3.8999,3.9029,61757.88
2021-03-15 05:58:00,1615787880.0,3.9029,3.9051,3.888,3.8911,43908.83
2021-03-15 05:59:00,1615787940.0,3.8911,3.8967,3.8848,3.8893,69880.47
2021-03-15 06:00:00,1615788000.0,3.8895,3.895,3.8806,3.895,45780.58
2021-03-15 06:01:00,1615788060.0,3.895,3.9058,3.892,3.9022,43273.13
2021-03-15 06:02:00,1615788120.0,3.9021,3.9147,3.8987,3.9121,25919.98
2021-03-15 06:03:00,1615788180.0,3.9119,3.913,3.9037,3.9104,16139.49
2021-03-15 06:04:00,1615788240.0,3.9117,3.9218,3.9104,3.9191,13110.72
2021-03-15 06:05:00,1615788300.0,3.919,3.9205,3.9139,3.9205,14484.17
2021-03-15 06:06:00,1615788360.0,3.9206,3.925,3.9182,3.9221,11592.46
2021-03-15 06:07:00,1615788420.0,3.9223,3.9256,3.9189,3.9213,12023.83
2021-03-15 06:08:00,1615788480.0,3.9206,3.9237,3.9191,3.922,15565.73
2021-03-15 06:09:00,1615788540.0,3.9215,3.9221,3.9192,3.9192,20279.19
2021-03-15 06:10:00,1615788600.0,3.9191,3.9211,3.9096,3.9097,36953.92
2021-03-15 06:11:00,1615788660.0,3.9096,3.9128,3.9062,3.9112,12246.06
2021-03-15 06:12:00,1615788720.0,3.9104,3.9126,3.9061,3.9081,38751.98
2021-03-15 06:13:00,1615788780.0,3.911,3.9172,3.906,3.9142,21553.31
2021-03-15 06:14:00,1615788840.0,3.9159,3.9254,3.9138,3.9138,19914.98
2021-03-15 06:15:00,1615788900.0,3.9145,3.9179,3.9128,3.9162,27028.02
2021-03-15 06:16:00,1615788960.0,3.9168,3.917,3.9065,3.9108,23586.98
2021-03-15 06:17:00,1615789020.0,3.9133,3.9133,3.9041,3.9059,14508.62
2021-03-15 06:18:00,1615789080.0,3.9074,3.911,3.9004,3.9017,20077.04
2021-03-15 06:19:00,1615789140.0,3.9018,3.9077,3.8987,3.9022,30831.52
2021-03-15 06:20:00,1615789200.0,3.9036,3.9095,3.9005,3.9088,8121.14
2021-03-15 06:21:00,1615789260.0,3.9084,3.909,3.9013,3.9069,13914.24
2021-03-15 06:22:00,1615789320.0,3.9061,3.9061,3.8959,3.8959,11641.09
2021-03-15 06:23:00,1615789380.0,3.896,3.896,3.8811,3.8823,57373.45
2021-03-15 06:24:00,1615789440.0,3.8849,3.8898,3.8777,3.8857,43230.7
2021-03-15 06:25:00,1615789500.0,3.8871,3.8991,3.8852,3.899,19409.48
2021-03-15 06:26:00,1615789560.0,3.899,3.9076,3.899,3.904,8690.42
2021-03-15 06:27:00,1615789620.0,3.9052,3.9102,3.8985,3.9018,52287.82
2021-03-15 06:28:00,1615789680.0,3.9013,3.9159,3.9007,3.9148,21225.13
2021-03-15 06:29:00,1615789740.0,3.9148,3.9161,3.9094,3.9137,9596.17
2021-03-15 06:30:00,1615789800.0,3.9138,3.9142,3.9,3.9019,12084.76
2021-03-15 06:31:00,1615789860.0,3.9019,3.9019,3.8931,3.8973,8065.55
2021-03-15 06:32:00,1615789920.0,3.8992,3.9012,3.8857,3.8908,17379.88
2021-03-15 06:33:00,1615789980.0,3.8916,3.8916,3.8812,3.882,27530.16
2021-03-15 06:34:00,1615790040.0,3.882,3.887,3.8723,3.8723,45037.49
2021-03-15 06:35:00,1615790100.0,3.8721,3.8775,3.867,3.8738,46477.18
2021-03-15 06:36:00,1615790160.0,3.8735,3.8755,3.8578,3.8657,71623.4
2021-03-15 06:37:00,1615790220.0,3.8657,3.8749,3.8594,3.8741,32770.98
2021-03-15 06:38:00,1615790280.0,3.8741,3.8824,3.8688,3.8821,27540.86
2021-03-15 06:39:00,1615790340.0,3.8831,3.8904,3.8793,3.8892,10667.21
2021-03-15 06:40:00,1615790400.0,3.8904,3.8935,3.8773,3.8844,29494.11
2021-03-15 06:41:00,1615790460.0,3.8842,3.8896,3.8806,3.8829,34465.91
2021-03-15 06:42:00,1615790520.0,3.883,3.883,3.8647,3.8674,57524.53
2021-03-15 06:43:00,1615790580.0,3.8674,3.876,3.8618,3.8689,26741.55
2021-03-15 06:44:00,1615790640.0,3.87,3.8784,3.8656,3.8683,26358.12
2021-03-15 06:45:00,1615790700.0,3.8688,3.8736,3.8675,3.8699,22493.94
2021-03-15 06:46:00,1615790760.0,3.8701,3.8817,3.8701,3.8813,22445.92
2021-03-15 06:47:00,1615790820.0,3.8798,3.8815,3.8693,3.873,9138.53
2021-03-15 06:48:00,1615790880.0,3.8724,3.8781,3.865,3.8729,36918.05
2021-03-15 06:49:00,1615790940.0,3.8724,3.8728,3.8608,3.865,27346.08
2021-03-15 06:50:00,1615791000.0,3.8635,3.873,3.863,3.871,10571.92
2021-03-15 06:51:00,1615791060.0,3.8714,3.8762,3.871,3.8723,9649.33
2021-03-15 06:52:00,1615791120.0,3.873,3.8734,3.863,3.8646,22595.74
2021-03-15 06:53:00,1615791180.0,3.865,3.8701,3.862,3.8627,10901.93
2021-03-15 06:54:00,1615791240.0,3.8629,3.868,3.85,3.8596,59062.16
2021-03-15 06:55:00,1615791300.0,3.8595,3.8741,3.8579,3.8723,36256.2
2021-03-15 06:56:00,1615791360.0,3.8729,3.8755,3.8641,3.8657,24765.88
2021-03-15 06:57:00,1615791420.0,3.8657,3.8657,3.8613,3.8643,9405.68
2021-03-15 06:58:00,1615791480.0,3.8654,3.8746,3.8644,3.8662,11848.39
2021-03-15 06:59:00,1615791540.0,3.866,3.8716,3.8658,3.8704,20416.5
2021-03-15 07:00:00,1615791600.0,3.8699,3.8724,3.8674,3.8705,12872.63
2021-03-15 07:01:00,1615791660.0,3.8707,3.8724,3.86,3.8606,40336.34
2021-03-15 07:02:00,1615791720.0,3.8614,3.8635,3.8524,3.8533,54150.28
2021-03-15 07:03:00,1615791780.0,3.8538,3.8606,3.8538,3.8542,31382.71
2021-03-15 07:04:00,1615791840.0,3.855,3.855,3.8364,3.8381,97399.32
2021-03-15 07:05:00,1615791900.0,3.8368,3.8454,3.8245,3.8282,122680.37
2021-03-15 07:06:00,1615791960.0,3.8289,3.8348,3.8234,3.8252,39562.06
2021-03-15 07:07:00,1615792020.0,3.8249,3.8487,3.8213,3.8409,66319.63
2021-03-15 07:08:00,1615792080.0,3.8405,3.8473,3.833,3.8416,29166.49
2021-03-15 07:09:00,1615792140.0,3.8424,3.8424,3.8335,3.8338,18296.14
2021-03-15 07:10:00,1615792200.0,3.8338,3.8349,3.8258,3.8283,25076.02
2021-03-15 07:11:00,1615792260.0,3.8274,3.8279,3.8165,3.8165,42294.11
2021-03-15 07:12:00,1615792320.0,3.8172,3.8297,3.8171,3.8264,35806.74
2021-03-15 07:13:00,1615792380.0,3.8253,3.826,3.81,3.8135,38921.96
2021-03-15 07:14:00,1615792440.0,3.8136,3.8166,3.8088,3.8155,107504.29
2021-03-15 07:15:00,1615792500.0,3.816,3.8304,3.814,3.822,89661.48
2021-03-15 07:16:00,1615792560.0,3.822,3.8335,3.8198,3.8206,39127.42
2021-03-15 07:17:00,1615792620.0,3.8207,3.8207,3.7838,3.7975,229738.65
2021-03-15 07:18:00,1615792680.0,3.7975,3.8153,3.7919,3.805,109931.19
2021-03-15 07:19:00,1615792740.0,3.805,3.8164,3.8008,3.8156,35505.37
2021-03-15 07:20:00,1615792800.0,3.816,3.838,3.8133,3.8146,105030.02
2021-03-15 07:21:00,1615792860.0,3.8141,3.8149,3.7978,3.7979,55318.48
2021-03-15 07:22:00,1615792920.0,3.7978,3.7993,3.768,3.7782,108418.98
2021-03-15 07:23:00,1615792980.0,3.7789,3.7885,3.7681,3.7741,112242.06
2021-03-15 07:24:00,1615793040.0,3.7754,3.7809,3.7636,3.7636,77903.95
2021-03-15 07:25:00,1615793100.0,3.7636,3.7851,3.7579,3.7824,104278.06
2021-03-15 07:26:00,1615793160.0,3.7822,3.8049,3.7748,3.8002,89189.7
2021-03-15 07:27:00,1615793220.0,3.8003,3.8141,3.7952,3.8098,73756.42
2021-03-15 07:28:00,1615793280.0,3.8093,3.8236,3.8018,3.8179,67742.44
2021-03-15 07:29:00,1615793340.0,3.8179,3.8292,3.8158,3.8285,51493.24
2021-03-15 07:30:00,1615793400.0,3.829,3.829,3.8126,3.823,62632.64
2021-03-15 07:31:00,1615793460.0,3.8231,3.8345,3.8223,3.8328,27873.24
2021-03-15 07:32:00,1615793520.0,3.8326,3.8463,3.8287,3.8357,77686.03
2021-03-15 07:33:00,1615793580.0,3.8356,3.8466,3.8356,3.8428,34342.59
2021-03-15 07:34:00,1615793640.0,3.8427,3.8484,3.8395,3.8416,32729.07
2021-03-15 07:35:00,1615793700.0,3.8416,3.8436,3.8261,3.8325,24807.26
2021-03-15 07:36:00,1615793760.0,3.8302,3.8369,3.825,3.8365,34138.46
2021-03-15 07:37:00,1615793820.0,3.8372,3.8442,3.8372,3.8375,16308.21
2021-03-15 07:38:00,1615793880.0,3.8375,3.8382,3.8301,3.8341,22844.76
2021-03-15 07:39:00,1615793940.0,3.8342,3.8458,3.8341,3.8431,32717.2
2021-03-15 07:40:00,1615794000.0,3.8437,3.849,3.8437,3.8478,49990.38
2021-03-15 07:41:00,1615794060.0,3.8468,3.8522,3.8378,3.8515,30234.86
2021-03-15 07:42:00,1615794120.0,3.8517,3.8522,3.8422,3.8472,24604.76
2021-03-15 07:43:00,1615794180.0,3.8489,3.8548,3.8455,3.8501,36505.33
2021-03-15 07:44:00,1615794240.0,3.8502,3.8555,3.848,3.8544,19715.63
2021-03-15 07:45:00,1615794300.0,3.8541,3.8549,3.8442,3.8442,18876.13
2021-03-15 07:46:00,1615794360.0,3.8445,3.851,3.8358,3.8364,32970.74
2021-03-15 07:47:00,1615794420.0,3.8365,3.8555,3.8316,3.8546,37027.39
2021-03-15 07:48:00,1615794480.0,3.855,3.8578,3.8484,3.8484,25301.27
2021-03-15 07:49:00,1615794540.0,3.8475,3.852,3.8453,3.8492,12205.05
2021-03-15 07:50:00,1615794600.0,3.8486,3.8489,3.84,3.8461,17224.28
2021-03-15 07:51:00,1615794660.0,3.8459,3.8459,3.8323,3.8393,29276.39
2021-03-15 07:52:00,1615794720.0,3.8414,3.8414,3.8286,3.8334,18906.42
2021-03-15 07:53:00,1615794780.0,3.8336,3.8337,3.8239,3.8295,10463.56
2021-03-15 07:54:00,1615794840.0,3.8288,3.84,3.8288,3.8305,71579.13
2021-03-15 07:55:00,1615794900.0,3.8308,3.8461,3.8308,3.8458,62312.09
2021-03-15 07:56:00,1615794960.0,3.8448,3.8458,3.841,3.8422,5861.41
2021-03-15 07:57:00,1615795020.0,3.841,3.8411,3.8338,3.8366,18447.38
2021-03-15 07:58:00,1615795080.0,3.8374,3.8421,3.8316,3.8398,15979.9
2021-03-15 07:59:00,1615795140.0,3.8409,3.8432,3.8241,3.825,54276.43
2021-03-15 08:00:00,1615795200.0,3.8259,3.8294,3.8152,3.8152,33009.98
2021-03-15 08:01:00,1615795260.0,3.8152,3.822,3.8026,3.8202,74021.41
2021-03-15 08:02:00,1615795320.0,3.8207,3.826,3.8128,3.8232,46260.84
2021-03-15 08:03:00,1615795380.0,3.8216,3.828,3.8177,3.828,21841.13
2021-03-15 08:04:00,1615795440.0,3.8284,3.848,3.8284,3.848,21763.16
2021-03-15 08:05:00,1615795500.0,3.848,3.86,3.8422,3.8574,38196.24
2021-03-15 08:06:00,1615795560.0,3.8569,3.8614,3.8527,3.8573,22852.69
2021-03-15 08:07:00,1615795620.0,3.8574,3.8688,3.8529,3.8604,80287.9
2021-03-15 08:08:00,1615795680.0,3.8616,3.8685,3.8585,3.8642,50413.07
2021-03-15 08:09:00,1615795740.0,3.8641,3.877,3.8641,3.872,29543.89
2021-03-15 08:10:00,1615795800.0,3.8722,3.8733,3.8631,3.8686,29145.75
2021-03-15 08:11:00,1615795860.0,3.8684,3.8686,3.8566,3.8619,23328.98
2021-03-15 08:12:00,1615795920.0,3.862,3.8623,3.8486,3.8531,12158.67
2021-03-15 08:13:00,1615795980.0,3.8502,3.8669,3.8502,3.8614,14912.4
2021-03-15 08:14:00,1615796040.0,3.8602,3.8651,3.8579,3.8585,64143.55
2021-03-15 08:15:00,1615796100.0,3.8583,3.863,3.8538,3.8581,20475.06
2021-03-15 08:16:00,1615796160.0,3.8578,3.8684,3.8568,3.8633,19326.23
2021-03-15 08:17:00,1615796220.0,3.8642,3.8717,3.8618,3.8702,19808.62
2021-03-15 08:18:00,1615796280.0,3.8712,3.8748,3.8679,3.8732,32627.57
2021-03-15 08:19:00,1615796340.0,3.8744,3.8744,3.8675,3.8732,7687.87
2021-03-15 08:20:00,1615796400.0,3.8732,3.8745,3.8661,3.8665,14630.33
2021-03-15 08:21:00,1615796460.0,3.8665,3.87,3.866,3.8675,5258.63
2021-03-15 08:22:00,1615796520.0,3.8675,3.8699,3.8666,3.8666,16933.36
2021-03-15 08:23:00,1615796580.0,3.8678,3.8734,3.8678,3.8713,5856.66
2021-03-15 08:24:00,1615796640.0,3.8714,3.8734,3.8702,3.8725,9439.2
2021-03-15 08:25:00,1615796700.0,3.8724,3.8783,3.8724,3.8776,17468.91
2021-03-15 08:26:00,1615796760.0,3.8766,3.8766,3.8601,3.8603,49986.06
2021-03-15 08:27:00,1615796820.0,3.8603,3.8729,3.8589,3.865,22067.9
2021-03-15 08:28:00,1615796880.0,3.8651,3.8719,3.8618,3.8679,11514.72
2021-03-15 08:29:00,1615796940.0,3.8682,3.8725,3.8676,3.8678,3311.64
2021-03-15 08:30:00,1615797000.0,3.8676,3.8676,3.8555,3.8593,27034.89
2021-03-15 08:31:00,1615797060.0,3.8593,3.8612,3.854,3.8612,12457.38
2021-03-15 08:32:00,1615797120.0,3.8611,3.8614,3.8556,3.8589,8765.78
2021-03-15 08:33:00,1615797180.0,3.8589,3.8642,3.8555,3.8585,22252.82
2021-03-15 08:34:00,1615797240.0,3.8586,3.8616,3.847,3.8491,37086.25
2021-03-15 08:35:00,1615797300.0,3.8483,3.8511,3.8417,3.8443,27240.71
2021-03-15 08:36:00,1615797360.0,3.8447,3.854,3.843,3.8506,18280.06
2021-03-15 08:37:00,1615797420.0,3.8511,3.8511,3.8437,3.8459,7347.41
2021-03-15 08:38:00,1615797480.0,3.8459,3.8508,3.8447,3.8473,3825.47
2021-03-15 08:39:00,1615797540.0,3.8475,3.8489,3.8432,3.8448,9443.82
2021-03-15 08:40:00,1615797600.0,3.8469,3.8525,3.8431,3.8431,11944.07
2021-03-15 08:41:00,1615797660.0,3.8437,3.849,3.8417,3.8429,9736.28
2021-03-15 08:42:00,1615797720.0,3.8429,3.846,3.8326,3.8399,20482.95
2021-03-15 08:43:00,1615797780.0,3.8386,3.843,3.835,3.8403,4544.08
2021-03-15 08:44:00,1615797840.0,3.8421,3.8421,3.8378,3.838,10661.87
2021-03-15 08:45:00,1615797900.0,3.8378,3.8379,3.8285,3.8287,11787.64
2021-03-15 08:46:00,1615797960.0,3.8288,3.8346,3.8264,3.8275,11632.07
2021-03-15 08:47:00,1615798020.0,3.8274,3.8327,3.8259,3.828,7341.6
2021-03-15 08:48:00,1615798080.0,3.8276,3.8309,3.8254,3.8308,20210.31
2021-03-15 08:49:00,1615798140.0,3.8296,3.8316,3.8285,3.8289,10429.87
2021-03-15 08:50:00,1615798200.0,3.8287,3.8299,3.8189,3.8205,13563.64
2021-03-15 08:51:00,1615798260.0,3.819,3.8243,3.8087,3.8105,42378.15
2021-03-15 08:52:00,1615798320.0,3.8101,3.8188,3.8059,3.8122,30220.69
2021-03-15 08:53:00,1615798380.0,3.8121,3.8221,3.8121,3.8149,17052.76
2021-03-15 08:54:00,1615798440.0,3.8158,3.8199,3.81,3.81,11252.48
2021-03-15 08:55:00,1615798500.0,3.8095,3.817,3.8091,3.8157,11277.74
2021-03-15 08:56:00,1615798560.0,3.815,3.8203,3.815,3.8171,10621.7
2021-03-15 08:57:00,1615798620.0,3.8171,3.8197,3.8093,3.8094,27423.77
2021-03-15 08:58:00,1615798680.0,3.8091,3.8183,3.805,3.8177,73441.16
2021-03-15 08:59:00,1615798740.0,3.8184,3.8267,3.8183,3.8224,16944.89
2021-03-15 09:00:00,1615798800.0,3.8223,3.8223,3.8076,3.8104,25007.49
2021-03-15 09:01:00,1615798860.0,3.8112,3.8336,3.8112,3.8336,20826.11
2021-03-15 09:02:00,1615798920.0,3.8318,3.8374,3.8271,3.836,8357.79
2021-03-15 09:03:00,1615798980.0,3.836,3.8442,3.836,3.841,37022.86
2021-03-15 09:04:00,1615799040.0,3.8419,3.8467,3.8329,3.8375,30541.21
2021-03-15 09:05:00,1615799100.0,3.8367,3.8425,3.828,3.8425,16346.84
2021-03-15 09:06:00,1615799160.0,3.8428,3.8448,3.8339,3.8386,21095.98
2021-03-15 09:07:00,1615799220.0,3.8376,3.8395,3.8302,3.8367,20216.06
2021-03-15 09:08:00,1615799280.0,3.8353,3.8353,3.8261,3.8306,18673.7
2021-03-15 09:09:00,1615799340.0,3.8293,3.8325,3.8223,3.8317,18211.18
2021-03-15 09:10:00,1615799400.0,3.829,3.829,3.8152,3.8192,26188.53
2021-03-15 09:11:00,1615799460.0,3.8162,3.8203,3.8111,3.8137,9985.18
2021-03-15 09:12:00,1615799520.0,3.815,3.8171,3.8054,3.8054,47775.5
2021-03-15 09:13:00,1615799580.0,3.8074,3.8148,3.8074,3.8094,36617.74
2021-03-15 09:14:00,1615799640.0,3.8091,3.8147,3.8072,3.812,8173.1
2021-03-15 09:15:00,1615799700.0,3.8124,3.8185,3.8069,3.8185,30501.7
2021-03-15 09:16:00,1615799760.0,3.8194,3.8357,3.8191,3.8333,14758.06
2021-03-15 09:17:00,1615799820.0,3.8356,3.8441,3.8344,3.8396,16220.85
2021-03-15 09:18:00,1615799880.0,3.8406,3.8501,3.8401,3.8501,18377.77
2021-03-15 09:19:00,1615799940.0,3.8479,3.848,3.832,3.8349,24849.89
2021-03-15 09:20:00,1615800000.0,3.8349,3.835,3.819,3.821,14256.2
2021-03-15 09:21:00,1615800060.0,3.8204,3.8218,3.8012,3.81,49418.31
2021-03-15 09:22:00,1615800120.0,3.8098,3.8121,3.7873,3.7943,111236.17
2021-03-15 09:23:00,1615800180.0,3.7942,3.8021,3.7721,3.7738,93612.13
2021-03-15 09:24:00,1615800240.0,3.7722,3.7729,3.739,3.7628,181244.1
2021-03-15 09:25:00,1615800300.0,3.7616,3.8101,3.7616,3.8089,91707.28
2021-03-15 09:26:00,1615800360.0,3.8103,3.8171,3.78,3.7893,192503.16
2021-03-15 09:27:00,1615800420.0,3.7921,3.8098,3.7886,3.7915,111544.59
2021-03-15 09:28:00,1615800480.0,3.7913,3.7949,3.7751,3.7845,111766.11
2021-03-15 09:29:00,1615800540.0,3.7842,3.8055,3.7805,3.7909,113508.33
2021-03-15 09:30:00,1615800600.0,3.7931,3.8,3.7889,3.7951,61465.52
2021-03-15 09:31:00,1615800660.0,3.7942,3.8085,3.7864,3.808,80387.93
2021-03-15 09:32:00,1615800720.0,3.8074,3.8084,3.7867,3.7929,45502.85
2021-03-15 09:33:00,1615800780.0,3.7926,3.8059,3.7926,3.7965,37192.86
2021-03-15 09:34:00,1615800840.0,3.7949,3.7995,3.7809,3.7812,43850.38
2021-03-15 09:35:00,1615800900.0,3.7809,3.7914,3.7734,3.7899,44620.12
2021-03-15 09:36:00,1615800960.0,3.7881,3.7944,3.7845,3.7913,27815.68
2021-03-15 09:37:00,1615801020.0,3.7915,3.7969,3.7873,3.7962,22360.88
2021-03-15 09:38:00,1615801080.0,3.7952,3.7999,3.7842,3.7876,36801.01
2021-03-15 09:39:00,1615801140.0,3.7872,3.7886,3.7774,3.781,26976.57
2021-03-15 09:40:00,1615801200.0,3.7808,3.7809,3.7559,3.7591,45062.94
2021-03-15 09:41:00,1615801260.0,3.7607,3.7637,3.715,3.7418,193688.27
2021-03-15 09:42:00,1615801320.0,3.7404,3.7683,3.7384,3.7643,161330.12
2021-03-15 09:43:00,1615801380.0,3.7661,3.7686,3.7439,3.7679,74848.14
2021-03-15 09:44:00,1615801440.0,3.7679,3.7761,3.7516,3.7599,71174.15
2021-03-15 09:45:00,1615801500.0,3.7599,3.7622,3.7358,3.7541,79568.54
2021-03-15 09:46:00,1615801560.0,3.7549,3.765,3.7399,3.7427,68253.0
2021-03-15 09:47:00,1615801620.0,3.7426,3.7598,3.7374,3.7433,54207.61
2021-03-15 09:48:00,1615801680.0,3.7403,3.7596,3.7402,3.7543,51748.95
2021-03-15 09:49:00,1615801740.0,3.7542,3.7589,3.7393,3.7581,44691.38
2021-03-15 09:50:00,1615801800.0,3.7578,3.7578,3.7321,3.7369,121808.65
2021-03-15 09:51:00,1615801860.0,3.7358,3.7476,3.7258,3.7461,55009.45
2021-03-15 09:52:00,1615801920.0,3.7479,3.7548,3.7381,3.7436,76272.45
2021-03-15 09:53:00,1615801980.0,3.7438,3.7557,3.7383,3.7532,40837.23
2021-03-15 09:54:00,1615802040.0,3.7515,3.76,3.7478,3.7561,70498.86
2021-03-15 09:55:00,1615802100.0,3.7561,3.7591,3.7459,3.7509,47456.15
2021-03-15 09:56:00,1615802160.0,3.7506,3.7549,3.741,3.7535,21377.7
2021-03-15 09:57:00,1615802220.0,3.754,3.772,3.754,3.7706,73170.26
2021-03-15 09:58:00,1615802280.0,3.7708,3.7745,3.7609,3.7697,40594.96
2021-03-15 09:59:00,1615802340.0,3.7698,3.78,3.7668,3.779,50552.5
2021-03-15 10:00:00,1615802400.0,3.7789,3.78,3.7682,3.7745,41201.71
2021-03-15 10:01:00,1615802460.0,3.7745,3.7745,3.76,3.7613,18617.82
2021-03-15 10:02:00,1615802520.0,3.7617,3.7654,3.76,3.7647,28810.79
2021-03-15 10:03:00,1615802580.0,3.7635,3.7637,3.7598,3.7615,7322.5
2021-03-15 10:04:00,1615802640.0,3.7612,3.7665,3.759,3.7654,22221.31
2021-03-15 10:05:00,1615802700.0,3.7652,3.7729,3.7644,3.7694,26592.45
2021-03-15 10:06:00,1615802760.0,3.7693,3.7784,3.7693,3.7766,16122.88
2021-03-15 10:07:00,1615802820.0,3.778,3.7799,3.7756,3.7798,11263.42
2021-03-15 10:08:00,1615802880.0,3.7798,3.7879,3.7787,3.7851,15163.28
2021-03-15 10:09:00,1615802940.0,3.7867,3.792,3.7837,3.792,23123.79
2021-03-15 10:10:00,1615803000.0,3.7919,3.7998,3.7907,3.7966,19453.58
2021-03-15 10:11:00,1615803060.0,3.7951,3.7968,3.7914,3.7968,9765.16
2021-03-15 10:12:00,1615803120.0,3.7966,3.8038,3.7959,3.8038,35831.17
2021-03-15 10:13:00,1615803180.0,3.8039,3.8076,3.8,3.8061,22277.05
2021-03-15 10:14:00,1615803240.0,3.8055,3.8077,3.7946,3.799,82237.87
2021-03-15 10:15:00,1615803300.0,3.7999,3.8117,3.7967,3.8105,18535.59
2021-03-15 10:16:00,1615803360.0,3.8101,3.8145,3.8088,3.8119,30331.26
2021-03-15 10:17:00,1615803420.0,3.8122,3.8124,3.8086,3.8119,8121.19
2021-03-15 10:18:00,1615803480.0,3.8115,3.8115,3.7986,3.7994,18005.01
2021-03-15 10:19:00,1615803540.0,3.7995,3.8072,3.7954,3.8068,36490.92
2021-03-15 10:20:00,1615803600.0,3.8072,3.8113,3.8007,3.8018,16132.82
2021-03-15 10:21:00,1615803660.0,3.8018,3.8075,3.8018,3.807,5692.44
2021-03-15 10:22:00,1615803720.0,3.8072,3.8075,3.7955,3.7955,40951.88
2021-03-15 10:23:00,1615803780.0,3.7966,3.8047,3.7966,3.8047,28496.53
2021-03-15 10:24:00,1615803840.0,3.8023,3.8023,3.7867,3.7939,39398.07
2021-03-15 10:25:00,1615803900.0,3.7939,3.7968,3.7872,3.7902,11922.79
2021-03-15 10:26:00,1615803960.0,3.7899,3.8,3.7892,3.7949,12994.61
2021-03-15 10:27:00,1615804020.0,3.797,3.7978,3.7883,3.795,9985.61
2021-03-15 10:28:00,1615804080.0,3.7964,3.7995,3.7955,3.7965,7129.29
2021-03-15 10:29:00,1615804140.0,3.7966,3.8056,3.7963,3.8026,20210.85
2021-03-15 10:30:00,1615804200.0,3.8024,3.8124,3.8024,3.8123,16919.17
2021-03-15 10:31:00,1615804260.0,3.8124,3.8148,3.8103,3.8124,10773.41
2021-03-15 10:32:00,1615804320.0,3.8127,3.8127,3.8001,3.8073,18996.74
2021-03-15 10:33:00,1615804380.0,3.8073,3.8095,3.8007,3.8015,22268.16
2021-03-15 10:34:00,1615804440.0,3.8006,3.8057,3.7984,3.8015,21918.77
2021-03-15 10:35:00,1615804500.0,3.801,3.8017,3.796,3.799,5627.81
2021-03-15 10:36:00,1615804560.0,3.799,3.8039,3.798,3.8,10995.57
2021-03-15 10:37:00,1615804620.0,3.7992,3.8009,3.7951,3.7974,20506.85
2021-03-15 10:38:00,1615804680.0,3.7976,3.7983,3.7905,3.7938,12216.72
2021-03-15 10:39:00,1615804740.0,3.7938,3.7938,3.7865,3.7911,20286.3
2021-03-15 10:40:00,1615804800.0,3.7892,3.7991,3.7881,3.792,12986.08
2021-03-15 10:41:00,1615804860.0,3.7922,3.8031,3.7901,3.8021,20848.37
2021-03-15 10:42:00,1615804920.0,3.8013,3.8047,3.7974,3.7992,5855.53
2021-03-15 10:43:00,1615804980.0,3.7988,3.8012,3.7954,3.7981,15836.82
2021-03-15 10:44:00,1615805040.0,3.7992,3.8,3.7947,3.7947,9442.09
2021-03-15 10:45:00,1615805100.0,3.7946,3.7957,3.7915,3.7951,11619.17
2021-03-15 10:46:00,1615805160.0,3.7964,3.8,3.7957,3.8,18200.05
2021-03-15 10:47:00,1615805220.0,3.8,3.8019,3.793,3.7936,29961.08
2021-03-15 10:48:00,1615805280.0,3.7943,3.8032,3.7943,3.8023,14992.03
2021-03-15 10:49:00,1615805340.0,3.8033,3.8097,3.8018,3.802,19414.6
2021-03-15 10:50:00,1615805400.0,3.802,3.8101,3.802,3.8101,16044.43
2021-03-15 10:51:00,1615805460.0,3.8111,3.8137,3.8073,3.8127,16582.54
2021-03-15 10:52:00,1615805520.0,3.8132,3.8149,3.8081,3.8143,18702.51
2021-03-15 10:53:00,1615805580.0,3.8141,3.8179,3.8141,3.8147,16425.15
2021-03-15 10:54:00,1615805640.0,3.8141,3.8167,3.8134,3.8159,8972.27
2021-03-15 10:55:00,1615805700.0,3.816,3.816,3.811,3.8118,14454.04
2021-03-15 10:56:00,1615805760.0,3.812,3.8136,3.8119,3.8128,6455.84
2021-03-15 10:57:00,1615805820.0,3.8128,3.816,3.8117,3.8153,10229.53
2021-03-15 10:58:00,1615805880.0,3.8157,3.8173,3.8143,3.8159,14156.81
2021-03-15 10:59:00,1615805940.0,3.8158,3.8227,3.8139,3.82,20850.28
2021-03-15 11:00:00,1615806000.0,3.8196,3.8216,3.8113,3.8177,85999.02
2021-03-15 11:01:00,1615806060.0,3.8183,3.8246,3.816,3.8231,38204.83
2021-03-15 11:02:00,1615806120.0,3.8231,3.8287,3.8172,3.8212,39814.96
2021-03-15 11:03:00,1615806180.0,3.821,3.8229,3.8181,3.8207,8728.47
2021-03-15 11:04:00,1615806240.0,3.8212,3.8218,3.8104,3.8147,14680.19
2021-03-15 11:05:00,1615806300.0,3.8148,3.8174,3.8142,3.8157,4079.84
2021-03-15 11:06:00,1615806360.0,3.8151,3.8163,3.806,3.8092,24320.0
2021-03-15 11:07:00,1615806420.0,3.8088,3.8092,3.8048,3.8083,7954.57
2021-03-15 11:08:00,1615806480.0,3.8084,3.8148,3.8078,3.8114,18832.36
2021-03-15 11:09:00,1615806540.0,3.8114,3.8114,3.8049,3.8063,35252.39
2021-03-15 11:10:00,1615806600.0,3.8068,3.8092,3.8036,3.8062,5256.81
2021-03-15 11:11:00,1615806660.0,3.8068,3.8068,3.8037,3.8051,5908.46
2021-03-15 11:12:00,1615806720.0,3.8049,3.8049,3.7985,3.7985,34099.48
2021-03-15 11:13:00,1615806780.0,3.7986,3.8014,3.7966,3.8005,14955.83
2021-03-15 11:14:00,1615806840.0,3.8015,3.805,3.7991,3.8033,16606.14
2021-03-15 11:15:00,1615806900.0,3.8031,3.8074,3.7976,3.8001,28316.45
2021-03-15 11:16:00,1615806960.0,3.8002,3.8012,3.7913,3.7913,15131.44
2021-03-15 11:17:00,1615807020.0,3.7913,3.7967,3.7894,3.7905,39399.63
2021-03-15 11:18:00,1615807080.0,3.7901,3.7932,3.7887,3.7899,10220.5
2021-03-15 11:19:00,1615807140.0,3.7901,3.7977,3.7894,3.7923,15710.16
2021-03-15 11:20:00,1615807200.0,3.7931,3.7978,3.7924,3.795,9328.7
2021-03-15 11:21:00,1615807260.0,3.7958,3.7997,3.7951,3.7997,17065.49
2021-03-15 11:22:00,1615807320.0,3.7994,3.8007,3.7935,3.7935,8248.91
2021-03-15 11:23:00,1615807380.0,3.7927,3.7932,3.7885,3.7908,22324.62
2021-03-15 11:24:00,1615807440.0,3.7908,3.7989,3.7908,3.7936,19188.5
2021-03-15 11:25:00,1615807500.0,3.7937,3.8,3.7937,3.7952,10011.32
2021-03-15 11:26:00,1615807560.0,3.7964,3.7964,3.7886,3.7915,18268.35
2021-03-15 11:27:00,1615807620.0,3.7919,3.7988,3.7918,3.7977,11693.55
2021-03-15 11:28:00,1615807680.0,3.7969,3.8056,3.7968,3.8054,17960.94
2021-03-15 11:29:00,1615807740.0,3.8053,3.8053,3.8014,3.8051,7574.39
2021-03-15 11:30:00,1615807800.0,3.804,3.8099,3.8031,3.8095,10856.75
2021-03-15 11:31:00,1615807860.0,3.8095,3.8114,3.8089,3.81,9123.68
2021-03-15 11:32:00,1615807920.0,3.8104,3.8151,3.8102,3.8146,3754.42
2021-03-15 11:33:00,1615807980.0,3.815,3.8198,3.8145,3.8198,8874.44
2021-03-15 11:34:00,1615808040.0,3.82,3.8215,3.8141,3.8153,11145.6
2021-03-15 11:35:00,1615808100.0,3.8151,3.8216,3.8146,3.8202,12710.89
2021-03-15 11:36:00,1615808160.0,3.8204,3.821,3.8153,3.8192,20437.04
2021-03-15 11:37:00,1615808220.0,3.8194,3.8216,3.8169,3.8186,8418.16
2021-03-15 11:38:00,1615808280.0,3.8168,3.819,3.8132,3.8176,17810.99
2021-03-15 11:39:00,1615808340.0,3.819,3.8233,3.8172,3.818,6543.37
2021-03-15 11:40:00,1615808400.0,3.8177,3.8241,3.8177,3.8216,18362.66
2021-03-15 11:41:00,1615808460.0,3.8214,3.825,3.8201,3.825,11010.92
2021-03-15 11:42:00,1615808520.0,3.825,3.8305,3.825,3.8301,17815.2
2021-03-15 11:43:00,1615808580.0,3.8282,3.8282,3.8238,3.8274,25312.29
2021-03-15 11:44:00,1615808640.0,3.8272,3.8274,3.8247,3.8262,5287.16
2021-03-15 11:45:00,1615808700.0,3.8264,3.8273,3.8205,3.8211,6376.67
2021-03-15 11:46:00,1615808760.0,3.8234,3.8242,3.8155,3.8163,59517.78
2021-03-15 11:47:00,1615808820.0,3.8159,3.8189,3.8131,3.8132,13090.6
2021-03-15 11:48:00,1615808880.0,3.8131,3.8192,3.813,3.8192,19430.01
2021-03-15 11:49:00,1615808940.0,3.8188,3.8257,3.8186,3.8236,16485.23
2021-03-15 11:50:00,1615809000.0,3.8246,3.8254,3.8199,3.8238,6779.95
2021-03-15 11:51:00,1615809060.0,3.8233,3.8265,3.8218,3.8235,17919.92
2021-03-15 11:52:00,1615809120.0,3.8233,3.8285,3.8233,3.8243,12457.01
2021-03-15 11:53:00,1615809180.0,3.8241,3.8242,3.8153,3.8206,24961.7
2021-03-15 11:54:00,1615809240.0,3.8209,3.8217,3.8172,3.8202,7877.08
2021-03-15 11:55:00,1615809300.0,3.8211,3.8232,3.8137,3.8137,26375.35
2021-03-15 11:56:00,1615809360.0,3.8147,3.816,3.8112,3.8116,22428.83
2021-03-15 11:57:00,1615809420.0,3.8136,3.8167,3.812,3.814,13145.66
2021-03-15 11:58:00,1615809480.0,3.8145,3.8148,3.8048,3.8081,21859.4
2021-03-15 11:59:00,1615809540.0,3.809,3.8168,3.809,3.8158,23593.29
2021-03-15 12:00:00,1615809600.0,3.8152,3.8152,3.8025,3.8038,47344.51
2021-03-15 12:01:00,1615809660.0,3.803,3.8182,3.803,3.8171,23148.58
2021-03-15 12:02:00,1615809720.0,3.8167,3.8168,3.8014,3.8032,25803.61
2021-03-15 12:03:00,1615809780.0,3.8032,3.8078,3.8032,3.8063,9364.39
2021-03-15 12:04:00,1615809840.0,3.8061,3.81,3.8051,3.8051,8859.25
2021-03-15 12:05:00,1615809900.0,3.8059,3.8059,3.7953,3.796,11569.57
2021-03-15 12:06:00,1615809960.0,3.795,3.7963,3.7775,3.7846,40447.92
2021-03-15 12:07:00,1615810020.0,3.7841,3.7889,3.7719,3.7879,49199.82
2021-03-15 12:08:00,1615810080.0,3.7875,3.792,3.7797,3.7865,19332.03
2021-03-15 12:09:00,1615810140.0,3.7879,3.7965,3.7866,3.7938,11958.15
2021-03-15 12:10:00,1615810200.0,3.794,3.7953,3.785,3.7908,22326.63
2021-03-15 12:11:00,1615810260.0,3.7908,3.7908,3.7827,3.7848,18196.76
2021-03-15 12:12:00,1615810320.0,3.7851,3.7919,3.7805,3.7862,28922.48
2021-03-15 12:13:00,1615810380.0,3.7817,3.7921,3.7807,3.7917,25183.66
2021-03-15 12:14:00,1615810440.0,3.7915,3.7915,3.7748,3.7752,20653.77
2021-03-15 12:15:00,1615810500.0,3.7753,3.786,3.7753,3.7833,26420.42
2021-03-15 12:16:00,1615810560.0,3.7825,3.7937,3.7765,3.7916,22287.88
2021-03-15 12:17:00,1615810620.0,3.792,3.7937,3.7809,3.7843,22899.2
2021-03-15 12:18:00,1615810680.0,3.7834,3.7838,3.7761,3.7805,20069.2
2021-03-15 12:19:00,1615810740.0,3.781,3.7841,3.7757,3.7792,17922.81
2021-03-15 12:20:00,1615810800.0,3.7774,3.7787,3.7677,3.77,24758.79
2021-03-15 12:21:00,1615810860.0,3.7697,3.7928,3.7656,3.7927,43924.3
2021-03-15 12:22:00,1615810920.0,3.7929,3.7953,3.7876,3.7909,18093.84
2021-03-15 12:23:00,1615810980.0,3.7913,3.7986,3.7901,3.7933,25018.2
2021-03-15 12:24:00,1615811040.0,3.7935,3.7951,3.7867,3.7889,12485.84
2021-03-15 12:25:00,1615811100.0,3.7865,3.797,3.7811,3.7959,22520.82
2021-03-15 12:26:00,1615811160.0,3.7968,3.8111,3.7946,3.8033,28394.98
2021-03-15 12:27:00,1615811220.0,3.804,3.8115,3.8028,3.8062,11485.37
2021-03-15 12:28:00,1615811280.0,3.8062,3.8122,3.8031,3.8098,12765.35
2021-03-15 12:29:00,1615811340.0,3.8104,3.8122,3.8051,3.8068,28356.95
2021-03-15 12:30:00,1615811400.0,3.8076,3.8181,3.8072,3.8168,5743.95
2021-03-15 12:31:00,1615811460.0,3.8178,3.8273,3.8163,3.8265,39479.35
2021-03-15 12:32:00,1615811520.0,3.826,3.8276,3.8226,3.8252,30024.06
2021-03-15 12:33:00,1615811580.0,3.827,3.8338,3.8248,3.8305,26995.93
2021-03-15 12:34:00,1615811640.0,3.8292,3.832,3.8274,3.8302,6242.47
2021-03-15 12:35:00,1615811700.0,3.8315,3.8315,3.8197,3.8265,16363.78
2021-03-15 12:36:00,1615811760.0,3.8273,3.8333,3.8272,3.831,6266.07
2021-03-15 12:37:00,1615811820.0,3.8319,3.8332,3.8252,3.8328,15682.23
2021-03-15 12:38:00,1615811880.0,3.8324,3.8324,3.8284,3.8284,6157.55
2021-03-15 12:39:00,1615811940.0,3.8271,3.8296,3.8204,3.8286,10087.13
2021-03-15 12:40:00,1615812000.0,3.8298,3.8328,3.8295,3.8322,6285.81
2021-03-15 12:41:00,1615812060.0,3.8313,3.8313,3.828,3.8294,10739.68
2021-03-15 12:42:00,1615812120.0,3.8309,3.8386,3.8286,3.8383,20904.71
2021-03-15 12:43:00,1615812180.0,3.8361,3.8386,3.83,3.8349,25235.03
2021-03-15 12:44:00,1615812240.0,3.8342,3.8344,3.8322,3.8329,9605.09
2021-03-15 12:45:00,1615812300.0,3.8337,3.8337,3.8255,3.8288,15710.92
2021-03-15 12:46:00,1615812360.0,3.8278,3.8282,3.8238,3.8238,6802.83
2021-03-15 12:47:00,1615812420.0,3.8246,3.8267,3.8221,3.8241,34731.49
2021-03-15 12:48:00,1615812480.0,3.8246,3.8289,3.8243,3.8286,6669.31
2021-03-15 12:49:00,1615812540.0,3.8273,3.8334,3.8268,3.8301,34679.13
2021-03-15 12:50:00,1615812600.0,3.8298,3.8338,3.826,3.8313,18448.94
2021-03-15 12:51:00,1615812660.0,3.8309,3.8367,3.8273,3.8309,25939.3
2021-03-15 12:52:00,1615812720.0,3.8311,3.8311,3.8259,3.8274,18320.17
2021-03-15 12:53:00,1615812780.0,3.8275,3.8292,3.822,3.8275,24569.27
2021-03-15 12:54:00,1615812840.0,3.8278,3.8306,3.8254,3.8254,4827.2
2021-03-15 12:55:00,1615812900.0,3.8268,3.829,3.8203,3.8223,12828.27
2021-03-15 12:56:00,1615812960.0,3.8213,3.8269,3.8203,3.8267,7562.69
2021-03-15 12:57:00,1615813020.0,3.8269,3.8356,3.8259,3.8323,21966.76
2021-03-15 12:58:00,1615813080.0,3.8315,3.8316,3.825,3.8309,15304.42
2021-03-15 12:59:00,1615813140.0,3.8308,3.837,3.8284,3.8364,7733.4
2021-03-15 13:00:00,1615813200.0,3.8361,3.8361,3.8251,3.8272,22846.45
2021-03-15 13:01:00,1615813260.0,3.8268,3.8295,3.8258,3.8287,4652.78
2021-03-15 13:02:00,1615813320.0,3.8295,3.8296,3.8239,3.8283,12616.72
2021-03-15 13:03:00,1615813380.0,3.8277,3.8306,3.8246,3.8299,2908.45
2021-03-15 13:04:00,1615813440.0,3.8296,3.832,3.8295,3.8305,6129.06
2021-03-15 13:05:00,1615813500.0,3.8305,3.8305,3.8246,3.8275,42133.32
2021-03-15 13:06:00,1615813560.0,3.827,3.8323,3.8217,3.83,12189.57
2021-03-15 13:07:00,1615813620.0,3.8292,3.8374,3.8292,3.8365,15658.56
2021-03-15 13:08:00,1615813680.0,3.8364,3.8425,3.836,3.8394,32464.2
2021-03-15 13:09:00,1615813740.0,3.8394,3.8404,3.8356,3.8366,18749.67
2021-03-15 13:10:00,1615813800.0,3.8371,3.8371,3.8324,3.8324,17377.7
2021-03-15 13:11:00,1615813860.0,3.8327,3.841,3.8327,3.839,16376.39
2021-03-15 13:12:00,1615813920.0,3.8373,3.8415,3.834,3.8398,11438.5
2021-03-15 13:13:00,1615813980.0,3.8398,3.8424,3.8362,3.8393,13072.31
2021-03-15 13:14:00,1615814040.0,3.8392,3.8437,3.8364,3.8437,5576.91
2021-03-15 13:15:00,1615814100.0,3.8436,3.8454,3.8405,3.8413,4223.36
2021-03-15 13:16:00,1615814160.0,3.8406,3.8441,3.836,3.8439,21390.92
2021-03-15 13:17:00,1615814220.0,3.8441,3.8492,3.8414,3.8474,26369.58
2021-03-15 13:18:00,1615814280.0,3.8481,3.8514,3.8474,3.8508,12553.04
2021-03-15 13:19:00,1615814340.0,3.8508,3.8582,3.8508,3.8513,23909.61
2021-03-15 13:20:00,1615814400.0,3.852,3.8594,3.8511,3.8541,24622.26
2021-03-15 13:21:00,1615814460.0,3.8541,3.8566,3.8519,3.8541,13517.93
2021-03-15 13:22:00,1615814520.0,3.8541,3.8593,3.8491,3.8593,17284.08
2021-03-15 13:23:00,1615814580.0,3.8592,3.8596,3.8518,3.8578,17974.72
2021-03-15 13:24:00,1615814640.0,3.8575,3.86,3.8563,3.86,20214.99
2021-03-15 13:25:00,1615814700.0,3.8588,3.8614,3.8549,3.8568,22965.32
2021-03-15 13:26:00,1615814760.0,3.8565,3.8614,3.8556,3.8614,12383.9
2021-03-15 13:27:00,1615814820.0,3.8613,3.8626,3.8576,3.8612,16287.75
2021-03-15 13:28:00,1615814880.0,3.8623,3.8628,3.8597,3.8628,11203.43
2021-03-15 13:29:00,1615814940.0,3.862,3.862,3.8565,3.8611,28053.1
2021-03-15 13:30:00,1615815000.0,3.8602,3.8606,3.8536,3.8589,21533.93
2021-03-15 13:31:00,1615815060.0,3.8588,3.8592,3.8572,3.8577,5232.28
2021-03-15 13:32:00,1615815120.0,3.8582,3.8583,3.8538,3.8564,9464.41
2021-03-15 13:33:00,1615815180.0,3.8583,3.861,3.8558,3.8607,11715.85
2021-03-15 13:34:00,1615815240.0,3.8596,3.8604,3.8556,3.8584,4026.33
2021-03-15 13:35:00,1615815300.0,3.8579,3.8588,3.8556,3.8572,9602.77
2021-03-15 13:36:00,1615815360.0,3.8573,3.8595,3.8562,3.8578,4813.41
2021-03-15 13:37:00,1615815420.0,3.8571,3.8578,3.855,3.8578,6038.08
2021-03-15 13:38:00,1615815480.0,3.8578,3.8593,3.8562,3.8565,5295.81
2021-03-15 13:39:00,1615815540.0,3.8566,3.8598,3.8566,3.8571,4836.83
2021-03-15 13:40:00,1615815600.0,3.857,3.8589,3.855,3.8579,5457.54
2021-03-15 13:41:00,1615815660.0,3.8587,3.86,3.857,3.8585,5839.56
2021-03-15 13:42:00,1615815720.0,3.8586,3.8604,3.8553,3.8598,10355.14
2021-03-15 13:43:00,1615815780.0,3.8606,3.8637,3.858,3.8637,13822.58
2021-03-15 13:44:00,1615815840.0,3.8641,3.8661,3.8579,3.8579,31153.74
2021-03-15 13:45:00,1615815900.0,3.8574,3.8634,3.8547,3.8627,14983.93
2021-03-15 13:46:00,1615815960.0,3.8633,3.8634,3.8513,3.8531,31027.08
2021-03-15 13:47:00,1615816020.0,3.8542,3.8602,3.8506,3.8593,44024.53
2021-03-15 13:48:00,1615816080.0,3.8593,3.8594,3.8507,3.8538,29532.11
2021-03-15 13:49:00,1615816140.0,3.8538,3.857,3.8529,3.8556,9755.89
2021-03-15 13:50:00,1615816200.0,3.8555,3.8574,3.8513,3.8565,29683.61
2021-03-15 13:51:00,1615816260.0,3.857,3.857,3.8535,3.8549,7687.62
2021-03-15 13:52:00,1615816320.0,3.855,3.8574,3.853,3.8564,10691.49
2021-03-15 13:53:00,1615816380.0,3.8575,3.8627,3.8566,3.8568,14818.97
2021-03-15 13:54:00,1615816440.0,3.8583,3.86,3.8565,3.86,13871.92
2021-03-15 13:55:00,1615816500.0,3.8599,3.86,3.856,3.8586,29984.71
2021-03-15 13:56:00,1615816560.0,3.858,3.8584,3.853,3.8551,16278.34
2021-03-15 13:57:00,1615816620.0,3.8551,3.8585,3.8537,3.8577,7045.84
2021-03-15 13:58:00,1615816680.0,3.8579,3.8615,3.8529,3.8606,47651.85
2021-03-15 13:59:00,1615816740.0,3.8601,3.8601,3.856,3.856,6035.06
2021-03-15 14:00:00,1615816800.0,3.8563,3.86,3.8533,3.86,14842.82
2021-03-15 14:01:00,1615816860.0,3.86,3.8607,3.8575,3.8604,6402.83
2021-03-15 14:02:00,1615816920.0,3.86,3.8623,3.8587,3.862,9194.85
2021-03-15 14:03:00,1615816980.0,3.8611,3.8611,3.8587,3.8587,12468.78
2021-03-15 14:04:00,1615817040.0,3.8588,3.8634,3.8581,3.8634,8283.21
2021-03-15 14:05:00,1615817100.0,3.8635,3.864,3.86,3.8617,5279.66
2021-03-15 14:06:00,1615817160.0,3.8628,3.8644,3.8605,3.8644,7752.21
2021-03-15 14:07:00,1615817220.0,3.8644,3.8783,3.8644,3.8722,83161.63
2021-03-15 14:08:00,1615817280.0,3.873,3.8762,3.87,3.8731,17871.72
2021-03-15 14:09:00,1615817340.0,3.8723,3.8731,3.8649,3.8684,23573.22
2021-03-15 14:10:00,1615817400.0,3.869,3.8722,3.8674,3.8714,11645.17
2021-03-15 14:11:00,1615817460.0,3.8713,3.8724,3.8683,3.8692,18218.64
2021-03-15 14:12:00,1615817520.0,3.8688,3.8688,3.8634,3.8657,17112.3
2021-03-15 14:13:00,1615817580.0,3.8649,3.8679,3.8634,3.8662,16533.18
2021-03-15 14:14:00,1615817640.0,3.8658,3.8698,3.8652,3.8673,11108.19
2021-03-15 14:15:00,1615817700.0,3.8684,3.8702,3.8659,3.8691,10459.18
2021-03-15 14:16:00,1615817760.0,3.8696,3.8733,3.8695,3.8707,15496.58
2021-03-15 14:17:00,1615817820.0,3.8704,3.873,3.8704,3.873,3314.31
2021-03-15 14:18:00,1615817880.0,3.8717,3.8718,3.869,3.8704,6915.72
2021-03-15 14:19:00,1615817940.0,3.8704,3.8722,3.8691,3.8699,13329.69
2021-03-15 14:20:00,1615818000.0,3.8692,3.8703,3.8662,3.8681,12167.24
2021-03-15 14:21:00,1615818060.0,3.8682,3.8693,3.8634,3.8635,16593.25
2021-03-15 14:22:00,1615818120.0,3.8635,3.8643,3.86,3.8625,32354.82
2021-03-15 14:23:00,1615818180.0,3.8637,3.8644,3.86,3.8618,17521.37
2021-03-15 14:24:00,1615818240.0,3.862,3.8629,3.8578,3.8629,6880.27
2021-03-15 14:25:00,1615818300.0,3.8618,3.8641,3.8606,3.8606,8789.31
2021-03-15 14:26:00,1615818360.0,3.8605,3.8605,3.8584,3.859,4264.14
2021-03-15 14:27:00,1615818420.0,3.8587,3.8587,3.8554,3.8557,4922.24
2021-03-15 14:28:00,1615818480.0,3.8565,3.8575,3.8555,3.8565,4363.1
2021-03-15 14:29:00,1615818540.0,3.857,3.8582,3.8567,3.8579,1409.69
2021-03-15 14:30:00,1615818600.0,3.8579,3.8591,3.8555,3.859,4379.96
2021-03-15 14:31:00,1615818660.0,3.8592,3.86,3.8554,3.8591,10318.67
2021-03-15 14:32:00,1615818720.0,3.8593,3.8689,3.8575,3.8669,21465.52
2021-03-15 14:33:00,1615818780.0,3.8669,3.8692,3.8668,3.8683,9176.16
2021-03-15 14:34:00,1615818840.0,3.8683,3.8684,3.86,3.8611,11708.43
2021-03-15 14:35:00,1615818900.0,3.8609,3.8622,3.8583,3.859,6436.8
2021-03-15 14:36:00,1615818960.0,3.8588,3.86,3.852,3.8532,13146.93
2021-03-15 14:37:00,1615819020.0,3.8531,3.8531,3.8403,3.8435,29661.27
2021-03-15 14:38:00,1615819080.0,3.8442,3.8464,3.8369,3.8369,41535.97
2021-03-15 14:39:00,1615819140.0,3.8386,3.8401,3.83,3.8331,66841.0
2021-03-15 14:40:00,1615819200.0,3.8326,3.8393,3.83,3.8326,43399.44
2021-03-15 14:41:00,1615819260.0,3.8339,3.8444,3.8322,3.8428,31031.06
2021-03-15 14:42:00,1615819320.0,3.8432,3.8432,3.8336,3.835,21820.6
2021-03-15 14:43:00,1615819380.0,3.8356,3.8448,3.8349,3.8426,31743.29
2021-03-15 14:44:00,1615819440.0,3.8433,3.8434,3.8385,3.8413,4474.22
2021-03-15 14:45:00,1615819500.0,3.842,3.8449,3.8395,3.8448,9235.01
2021-03-15 14:46:00,1615819560.0,3.8438,3.8503,3.8432,3.8472,10482.51
2021-03-15 14:47:00,1615819620.0,3.8472,3.8472,3.8395,3.8395,4308.47
2021-03-15 14:48:00,1615819680.0,3.8397,3.8444,3.8381,3.8427,20263.92
2021-03-15 14:49:00,1615819740.0,3.8422,3.8427,3.8342,3.8356,18169.61
2021-03-15 14:50:00,1615819800.0,3.8348,3.8348,3.8254,3.8286,36494.61
2021-03-15 14:51:00,1615819860.0,3.8287,3.8293,3.8194,3.8252,41050.7
2021-03-15 14:52:00,1615819920.0,3.8252,3.8312,3.8233,3.828,9674.33
2021-03-15 14:53:00,1615819980.0,3.8273,3.8307,3.8202,3.8287,10365.31
2021-03-15 14:54:00,1615820040.0,3.8303,3.8303,3.8221,3.8247,7365.36
2021-03-15 14:55:00,1615820100.0,3.8246,3.8284,3.8233,3.8254,5924.2
2021-03-15 14:56:00,1615820160.0,3.8254,3.8292,3.8126,3.8197,27077.77
2021-03-15 14:57:00,1615820220.0,3.8203,3.822,3.813,3.8165,30209.37
2021-03-15 14:58:00,1615820280.0,3.8182,3.824,3.8162,3.8229,6329.3
2021-03-15 14:59:00,1615820340.0,3.823,3.8237,3.811,3.8117,29921.8
2021-03-15 15:00:00,1615820400.0,3.8113,3.8327,3.811,3.8282,45863.22
2021-03-15 15:01:00,1615820460.0,3.8295,3.8379,3.8271,3.8305,27735.03
2021-03-15 15:02:00,1615820520.0,3.8336,3.8395,3.8313,3.8319,9758.53
2021-03-15 15:03:00,1615820580.0,3.8308,3.8433,3.8307,3.8422,26773.09
2021-03-15 15:04:00,1615820640.0,3.8414,3.8414,3.8313,3.8334,14575.05
2021-03-15 15:05:00,1615820700.0,3.8334,3.837,3.8324,3.8352,10749.09
2021-03-15 15:06:00,1615820760.0,3.8352,3.839,3.8343,3.839,3920.76
2021-03-15 15:07:00,1615820820.0,3.8383,3.8383,3.8297,3.8297,7477.4
2021-03-15 15:08:00,1615820880.0,3.8298,3.8305,3.8256,3.8288,7297.27
2021-03-15 15:09:00,1615820940.0,3.8287,3.835,3.8275,3.8344,7975.39
2021-03-15 15:10:00,1615821000.0,3.8336,3.8336,3.8245,3.8255,7435.8
2021-03-15 15:11:00,1615821060.0,3.8257,3.8289,3.8251,3.8262,8823.36
2021-03-15 15:12:00,1615821120.0,3.8267,3.832,3.8254,3.8301,3015.33
2021-03-15 15:13:00,1615821180.0,3.8306,3.8371,3.8289,3.8329,13529.2
2021-03-15 15:14:00,1615821240.0,3.8336,3.8389,3.8336,3.8385,4156.91
2021-03-15 15:15:00,1615821300.0,3.8385,3.8421,3.8365,3.8371,18745.41
2021-03-15 15:16:00,1615821360.0,3.8382,3.839,3.8286,3.8312,8726.32
2021-03-15 15:17:00,1615821420.0,3.8307,3.8367,3.8249,3.8346,22034.32
2021-03-15 15:18:00,1615821480.0,3.8351,3.8363,3.8307,3.8339,11911.73
2021-03-15 15:19:00,1615821540.0,3.8322,3.8388,3.8314,3.8373,6696.34
2021-03-15 15:20:00,1615821600.0,3.8374,3.8374,3.8334,3.8337,7749.32
2021-03-15 15:21:00,1615821660.0,3.8332,3.8341,3.8307,3.8332,3198.08
2021-03-15 15:22:00,1615821720.0,3.8334,3.8358,3.8275,3.831,28638.9
2021-03-15 15:23:00,1615821780.0,3.83,3.835,3.8274,3.8328,4364.87
2021-03-15 15:24:00,1615821840.0,3.8327,3.8403,3.8311,3.837,8670.04
2021-03-15 15:25:00,1615821900.0,3.837,3.8413,3.8315,3.8353,10240.51
2021-03-15 15:26:00,1615821960.0,3.8349,3.8352,3.8289,3.8301,4341.46
2021-03-15 15:27:00,1615822020.0,3.8296,3.8318,3.8278,3.8286,2111.55
2021-03-15 15:28:00,1615822080.0,3.8284,3.8307,3.8276,3.8285,3929.86
2021-03-15 15:29:00,1615822140.0,3.8289,3.8304,3.826,3.8291,4422.33
2021-03-15 15:30:00,1615822200.0,3.8267,3.8268,3.8195,3.8195,9678.49
2021-03-15 15:31:00,1615822260.0,3.8184,3.8213,3.8121,3.8124,15356.39
2021-03-15 15:32:00,1615822320.0,3.8135,3.8175,3.8135,3.8175,16846.77
2021-03-15 15:33:00,1615822380.0,3.817,3.8201,3.8166,3.82,7649.77
2021-03-15 15:34:00,1615822440.0,3.8181,3.8235,3.8171,3.8184,8606.78
2021-03-15 15:35:00,1615822500.0,3.8184,3.822,3.8168,3.8189,5577.66
2021-03-15 15:36:00,1615822560.0,3.8189,3.8193,3.8102,3.8144,10595.6
2021-03-15 15:37:00,1615822620.0,3.8126,3.8151,3.8027,3.8046,23700.47
2021-03-15 15:38:00,1615822680.0,3.8042,3.8073,3.8,3.805,31635.93
2021-03-15 15:39:00,1615822740.0,3.8055,3.8061,3.7996,3.8055,35355.72
2021-03-15 15:40:00,1615822800.0,3.806,3.8168,3.8053,3.8121,24034.06
2021-03-15 15:41:00,1615822860.0,3.8147,3.8172,3.811,3.8113,12181.69
2021-03-15 15:42:00,1615822920.0,3.8107,3.8133,3.8071,3.8121,15739.59
2021-03-15 15:43:00,1615822980.0,3.81,3.8173,3.81,3.8161,14064.06
2021-03-15 15:44:00,1615823040.0,3.8168,3.8168,3.8058,3.8095,15603.37
2021-03-15 15:45:00,1615823100.0,3.8081,3.8176,3.807,3.8141,9175.37
2021-03-15 15:46:00,1615823160.0,3.8157,3.8198,3.813,3.817,8951.08
2021-03-15 15:47:00,1615823220.0,3.8192,3.8233,3.8181,3.8204,30035.6
2021-03-15 15:48:00,1615823280.0,3.8193,3.821,3.8154,3.821,6530.06
2021-03-15 15:49:00,1615823340.0,3.8211,3.8213,3.8123,3.8123,4448.23
2021-03-15 15:50:00,1615823400.0,3.8146,3.8147,3.805,3.805,22010.49
2021-03-15 15:51:00,1615823460.0,3.805,3.8139,3.8028,3.8108,21421.41
2021-03-15 15:52:00,1615823520.0,3.8102,3.815,3.8078,3.8096,5536.19
2021-03-15 15:53:00,1615823580.0,3.8097,3.812,3.8074,3.8105,25478.74
2021-03-15 15:54:00,1615823640.0,3.8108,3.8122,3.8079,3.8084,21904.92
2021-03-15 15:55:00,1615823700.0,3.8089,3.8152,3.8088,3.8152,23692.8
2021-03-15 15:56:00,1615823760.0,3.8152,3.8189,3.8131,3.8181,20185.1
2021-03-15 15:57:00,1615823820.0,3.8149,3.8184,3.8142,3.816,9237.52
2021-03-15 15:58:00,1615823880.0,3.8148,3.8153,3.801,3.8036,30666.8
2021-03-15 15:59:00,1615823940.0,3.8036,3.8093,3.8014,3.8028,7973.45
2021-03-15 16:00:00,1615824000.0,3.8027,3.8072,3.7882,3.7885,99926.62
2021-03-15 16:01:00,1615824060.0,3.7906,3.8015,3.7801,3.7804,89214.7
2021-03-15 16:02:00,1615824120.0,3.7805,3.7944,3.7701,3.7756,79991.32
2021-03-15 16:03:00,1615824180.0,3.7743,3.7881,3.7201,3.7697,211843.66
2021-03-15 16:04:00,1615824240.0,3.7719,3.7825,3.769,3.7785,45339.13
2021-03-15 16:05:00,1615824300.0,3.7797,3.7861,3.7693,3.7701,28832.73
2021-03-15 16:06:00,1615824360.0,3.7739,3.7886,3.7739,3.7886,26136.24
2021-03-15 16:07:00,1615824420.0,3.7891,3.8013,3.7864,3.801,35278.15
2021-03-15 16:08:00,1615824480.0,3.8016,3.8077,3.7941,3.8061,30268.37
2021-03-15 16:09:00,1615824540.0,3.8077,3.8121,3.804,3.806,27535.61
2021-03-15 16:10:00,1615824600.0,3.807,3.8139,3.8043,3.8136,16654.74
2021-03-15 16:11:00,1615824660.0,3.8135,3.8208,3.8135,3.8196,16098.9
2021-03-15 16:12:00,1615824720.0,3.8193,3.8198,3.8154,3.8178,16594.97
2021-03-15 16:13:00,1615824780.0,3.8181,3.8277,3.8174,3.8277,31022.26
2021-03-15 16:14:00,1615824840.0,3.8279,3.8362,3.8253,3.8316,46134.24
2021-03-15 16:15:00,1615824900.0,3.8323,3.8323,3.8218,3.8254,28409.36
2021-03-15 16:16:00,1615824960.0,3.826,3.827,3.8213,3.8236,6462.73
2021-03-15 16:17:00,1615825020.0,3.8237,3.8297,3.8235,3.8296,21183.65
2021-03-15 16:18:00,1615825080.0,3.8289,3.8327,3.8266,3.8295,17094.07
2021-03-15 16:19:00,1615825140.0,3.8283,3.8297,3.8225,3.8272,14784.33
2021-03-15 16:20:00,1615825200.0,3.8279,3.8279,3.8234,3.8264,15158.31
2021-03-15 16:21:00,1615825260.0,3.8272,3.8286,3.8257,3.8265,6206.86
2021-03-15 16:22:00,1615825320.0,3.8266,3.8273,3.8188,3.8189,11937.08
2021-03-15 16:23:00,1615825380.0,3.8192,3.8192,3.813,3.8156,10374.88
2021-03-15 16:24:00,1615825440.0,3.8164,3.8274,3.8164,3.823,20060.68
2021-03-15 16:25:00,1615825500.0,3.8239,3.8277,3.8223,3.827,4957.31
2021-03-15 16:26:00,1615825560.0,3.8253,3.8274,3.823,3.8255,3258.24
2021-03-15 16:27:00,1615825620.0,3.8255,3.8255,3.8147,3.8184,10195.22
2021-03-15 16:28:00,1615825680.0,3.8176,3.822,3.8162,3.8197,3609.98
2021-03-15 16:29:00,1615825740.0,3.8197,3.8241,3.8197,3.8217,12092.72
2021-03-15 16:30:00,1615825800.0,3.8213,3.8213,3.816,3.816,5268.94
2021-03-15 16:31:00,1615825860.0,3.816,3.819,3.816,3.818,3360.5
2021-03-15 16:32:00,1615825920.0,3.8178,3.82,3.8141,3.8183,9250.41
2021-03-15 16:33:00,1615825980.0,3.8171,3.8204,3.8152,3.8183,7593.22
2021-03-15 16:34:00,1615826040.0,3.8175,3.8177,3.8153,3.817,4111.58
2021-03-15 16:35:00,1615826100.0,3.8165,3.8179,3.8122,3.8172,7776.65
2021-03-15 16:36:00,1615826160.0,3.816,3.8171,3.8129,3.8154,5108.09
2021-03-15 16:37:00,1615826220.0,3.8148,3.8148,3.8063,3.8095,18390.28
2021-03-15 16:38:00,1615826280.0,3.8081,3.8098,3.8033,3.8033,7887.37
2021-03-15 16:39:00,1615826340.0,3.8034,3.8101,3.8033,3.8062,7371.62
2021-03-15 16:40:00,1615826400.0,3.8078,3.8119,3.7981,3.7988,11633.71
2021-03-15 16:41:00,1615826460.0,3.7991,3.8005,3.7923,3.7987,23960.31
2021-03-15 16:42:00,1615826520.0,3.7977,3.805,3.7977,3.8018,15095.56
2021-03-15 16:43:00,1615826580.0,3.8026,3.8045,3.7962,3.8025,15359.73
2021-03-15 16:44:00,1615826640.0,3.8012,3.8039,3.7959,3.7998,14493.51
2021-03-15 16:45:00,1615826700.0,3.7992,3.8119,3.7977,3.8118,4039.39
2021-03-15 16:46:00,1615826760.0,3.8115,3.8229,3.8107,3.8219,21458.19
2021-03-15 16:47:00,1615826820.0,3.8219,3.8219,3.8157,3.8185,22255.13
2021-03-15 16:48:00,1615826880.0,3.8195,3.82,3.8137,3.8151,7122.36
2021-03-15 16:49:00,1615826940.0,3.8156,3.8156,3.8061,3.8091,7561.02
2021-03-15 16:50:00,1615827000.0,3.8099,3.8107,3.8008,3.8022,5233.18
2021-03-15 16:51:00,1615827060.0,3.801,3.8021,3.7984,3.8015,9025.49
2021-03-15 16:52:00,1615827120.0,3.8021,3.8063,3.7967,3.7981,15633.77
2021-03-15 16:53:00,1615827180.0,3.7968,3.7972,3.7915,3.7953,11910.66
2021-03-15 16:54:00,1615827240.0,3.7944,3.8013,3.7912,3.8013,6634.76
2021-03-15 16:55:00,1615827300.0,3.8019,3.8131,3.8019,3.8119,5857.28
2021-03-15 16:56:00,1615827360.0,3.812,3.8179,3.8102,3.8117,2844.72
2021-03-15 16:57:00,1615827420.0,3.8098,3.8103,3.8037,3.8076,6738.93
2021-03-15 16:58:00,1615827480.0,3.8082,3.8147,3.8082,3.8119,8860.9
2021-03-15 16:59:00,1615827540.0,3.8127,3.8137,3.8073,3.8073,3523.04
2021-03-15 17:00:00,1615827600.0,3.807,3.8124,3.8019,3.805,20063.29
2021-03-15 17:01:00,1615827660.0,3.8058,3.8059,3.8003,3.8004,18720.86
2021-03-15 17:02:00,1615827720.0,3.8,3.803,3.7941,3.7941,19169.98
2021-03-15 17:03:00,1615827780.0,3.794,3.8032,3.794,3.8032,7941.11
2021-03-15 17:04:00,1615827840.0,3.8033,3.8043,3.7992,3.8022,3104.19
2021-03-15 17:05:00,1615827900.0,3.8018,3.8057,3.7992,3.8037,8732.43
2021-03-15 17:06:00,1615827960.0,3.8033,3.8084,3.8002,3.8011,20459.34
2021-03-15 17:07:00,1615828020.0,3.8018,3.8045,3.7983,3.7983,17418.15
2021-03-15 17:08:00,1615828080.0,3.8002,3.8038,3.7989,3.8003,6955.89
2021-03-15 17:09:00,1615828140.0,3.8013,3.8013,3.7964,3.7967,3572.15
2021-03-15 17:10:00,1615828200.0,3.7964,3.7992,3.7921,3.7921,6874.42
2021-03-15 17:11:00,1615828260.0,3.7938,3.7946,3.7846,3.7846,7645.17
2021-03-15 17:12:00,1615828320.0,3.7852,3.7964,3.7821,3.7964,21335.84
2021-03-15 17:13:00,1615828380.0,3.7959,3.7989,3.7933,3.7939,9551.68
2021-03-15 17:14:00,1615828440.0,3.7964,3.7979,3.7875,3.7888,6798.72
2021-03-15 17:15:00,1615828500.0,3.7887,3.7928,3.7847,3.7874,9054.98
2021-03-15 17:16:00,1615828560.0,3.7874,3.7875,3.7814,3.782,7750.78
2021-03-15 17:17:00,1615828620.0,3.782,3.7926,3.782,3.7906,8530.77
2021-03-15 17:18:00,1615828680.0,3.7912,3.7918,3.7875,3.7916,5599.36
2021-03-15 17:19:00,1615828740.0,3.791,3.8024,3.7884,3.8015,15229.72
2021-03-15 17:20:00,1615828800.0,3.8018,3.8101,3.8009,3.8048,20954.88
2021-03-15 17:21:00,1615828860.0,3.8047,3.8054,3.7974,3.8018,20032.66
2021-03-15 17:22:00,1615828920.0,3.801,3.8098,3.801,3.8056,7187.15
2021-03-15 17:23:00,1615828980.0,3.8055,3.813,3.8055,3.8057,8488.11
2021-03-15 17:24:00,1615829040.0,3.805,3.8089,3.805,3.8072,3445.96
2021-03-15 17:25:00,1615829100.0,3.807,3.807,3.8,3.8007,14317.39
2021-03-15 17:26:00,1615829160.0,3.8004,3.8017,3.7978,3.7978,15207.59
2021-03-15 17:27:00,1615829220.0,3.7965,3.798,3.7891,3.7893,9619.7
2021-03-15 17:28:00,1615829280.0,3.7895,3.7958,3.7873,3.793,31708.83
2021-03-15 17:29:00,1615829340.0,3.7937,3.8018,3.7926,3.7967,10356.13
2021-03-15 17:30:00,1615829400.0,3.7975,3.8157,3.7975,3.8115,27127.14
2021-03-15 17:31:00,1615829460.0,3.8122,3.8206,3.8121,3.8176,13114.87
2021-03-15 17:32:00,1615829520.0,3.8178,3.8255,3.8143,3.8243,6296.27
2021-03-15 17:33:00,1615829580.0,3.825,3.8293,3.8243,3.8274,15701.35
2021-03-15 17:34:00,1615829640.0,3.8289,3.8366,3.8277,3.8343,22014.95
2021-03-15 17:35:00,1615829700.0,3.8341,3.8376,3.8277,3.8286,44014.18
2021-03-15 17:36:00,1615829760.0,3.8272,3.8317,3.8259,3.8317,9679.33
2021-03-15 17:37:00,1615829820.0,3.8322,3.8337,3.8284,3.8301,6713.62
2021-03-15 17:38:00,1615829880.0,3.8299,3.8318,3.8265,3.8297,1987.9
2021-03-15 17:39:00,1615829940.0,3.8294,3.8324,3.8276,3.8315,8661.82
2021-03-15 17:40:00,1615830000.0,3.8306,3.836,3.8303,3.8324,17498.65
2021-03-15 17:41:00,1615830060.0,3.8323,3.8331,3.8274,3.8303,9905.33
2021-03-15 17:42:00,1615830120.0,3.8314,3.8399,3.8313,3.8399,7664.88
2021-03-15 17:43:00,1615830180.0,3.8399,3.8471,3.8399,3.8468,11207.28
2021-03-15 17:44:00,1615830240.0,3.8467,3.8467,3.8414,3.8418,7877.76
2021-03-15 17:45:00,1615830300.0,3.8414,3.8481,3.8414,3.8456,10630.53
2021-03-15 17:46:00,1615830360.0,3.8446,3.8507,3.8417,3.8487,71685.64
2021-03-15 17:47:00,1615830420.0,3.8486,3.8537,3.8486,3.8514,12498.46
2021-03-15 17:48:00,1615830480.0,3.8519,3.8519,3.8447,3.8473,15728.97
2021-03-15 17:49:00,1615830540.0,3.8484,3.8486,3.8428,3.8428,4972.48
2021-03-15 17:50:00,1615830600.0,3.8436,3.852,3.8433,3.8441,15780.11
2021-03-15 17:51:00,1615830660.0,3.8444,3.845,3.8372,3.84,10502.48
2021-03-15 17:52:00,1615830720.0,3.84,3.8436,3.8368,3.8386,16709.15
2021-03-15 17:53:00,1615830780.0,3.8369,3.8374,3.8329,3.836,11808.81
2021-03-15 17:54:00,1615830840.0,3.8376,3.8449,3.8376,3.8424,5753.53
2021-03-15 17:55:00,1615830900.0,3.8415,3.8487,3.8341,3.8472,17621.15
2021-03-15 17:56:00,1615830960.0,3.845,3.8459,3.8388,3.8388,9172.59
2021-03-15 17:57:00,1615831020.0,3.8391,3.8442,3.8379,3.8392,6630.53
2021-03-15 17:58:00,1615831080.0,3.8385,3.8411,3.8313,3.8331,24260.41
2021-03-15 17:59:00,1615831140.0,3.8324,3.8477,3.8321,3.8477,27016.94
2021-03-15 18:00:00,1615831200.0,3.8471,3.85,3.8429,3.8487,19830.02
2021-03-15 18:01:00,1615831260.0,3.8487,3.8517,3.8451,3.8451,15919.9
2021-03-15 18:02:00,1615831320.0,3.8451,3.8501,3.8443,3.847,4330.72
2021-03-15 18:03:00,1615831380.0,3.848,3.8496,3.8469,3.8474,4609.81
2021-03-15 18:04:00,1615831440.0,3.8475,3.8496,3.8454,3.8485,3114.44
2021-03-15 18:05:00,1615831500.0,3.8471,3.8471,3.8435,3.8445,10515.09
2021-03-15 18:06:00,1615831560.0,3.8464,3.8494,3.8428,3.8494,12745.79
2021-03-15 18:07:00,1615831620.0,3.8491,3.85,3.8451,3.8497,9492.83
2021-03-15 18:08:00,1615831680.0,3.848,3.8496,3.8391,3.8402,22003.08
2021-03-15 18:09:00,1615831740.0,3.8392,3.8426,3.8385,3.8388,4992.61
2021-03-15 18:10:00,1615831800.0,3.8388,3.845,3.8369,3.8443,10080.69
2021-03-15 18:11:00,1615831860.0,3.8453,3.8504,3.8437,3.8501,8136.48
2021-03-15 18:12:00,1615831920.0,3.8511,3.8544,3.8511,3.8543,3819.95
2021-03-15 18:13:00,1615831980.0,3.8547,3.8557,3.8516,3.8537,7612.55
2021-03-15 18:14:00,1615832040.0,3.8536,3.8557,3.8505,3.8523,32936.48
2021-03-15 18:15:00,1615832100.0,3.8528,3.8529,3.8456,3.8472,7247.72
2021-03-15 18:16:00,1615832160.0,3.8467,3.852,3.8453,3.8483,11628.54
2021-03-15 18:17:00,1615832220.0,3.8482,3.8482,3.8429,3.845,4464.54
2021-03-15 18:18:00,1615832280.0,3.8456,3.8457,3.8419,3.8439,1973.62
2021-03-15 18:19:00,1615832340.0,3.8449,3.8512,3.843,3.8512,10363.38
2021-03-15 18:20:00,1615832400.0,3.8518,3.8519,3.8474,3.8474,9246.0
2021-03-15 18:21:00,1615832460.0,3.8476,3.8496,3.8471,3.8485,6563.57
2021-03-15 18:22:00,1615832520.0,3.8479,3.8517,3.8468,3.8507,5868.32
2021-03-15 18:23:00,1615832580.0,3.8508,3.8557,3.8503,3.8511,4731.73
2021-03-15 18:24:00,1615832640.0,3.8506,3.8554,3.8506,3.8536,7908.07
2021-03-15 18:25:00,1615832700.0,3.8534,3.8598,3.8528,3.8583,10136.63
2021-03-15 18:26:00,1615832760.0,3.8583,3.861,3.8578,3.8606,11370.45
2021-03-15 18:27:00,1615832820.0,3.861,3.8639,3.8598,3.863,6955.12
2021-03-15 18:28:00,1615832880.0,3.8635,3.8651,3.86,3.8602,6785.57
2021-03-15 18:29:00,1615832940.0,3.8605,3.8681,3.8605,3.8641,24962.17
2021-03-15 18:30:00,1615833000.0,3.8641,3.8662,3.8579,3.8586,15886.4
2021-03-15 18:31:00,1615833060.0,3.8584,3.8584,3.8521,3.8522,5847.19
2021-03-15 18:32:00,1615833120.0,3.8521,3.8591,3.8521,3.8591,8876.8
2021-03-15 18:33:00,1615833180.0,3.8595,3.8595,3.854,3.8593,10652.11
2021-03-15 18:34:00,1615833240.0,3.8572,3.8572,3.8509,3.8509,7723.2
2021-03-15 18:35:00,1615833300.0,3.8508,3.859,3.8501,3.8583,5346.67
2021-03-15 18:36:00,1615833360.0,3.8582,3.8597,3.8558,3.8588,11013.36
2021-03-15 18:37:00,1615833420.0,3.8589,3.8589,3.8532,3.855,8867.51
2021-03-15 18:38:00,1615833480.0,3.8557,3.8578,3.85,3.8501,5722.06
2021-03-15 18:39:00,1615833540.0,3.8501,3.853,3.8491,3.851,1825.93
2021-03-15 18:40:00,1615833600.0,3.8513,3.8513,3.8459,3.8481,30120.83
2021-03-15 18:41:00,1615833660.0,3.8481,3.8512,3.848,3.8505,1604.52
2021-03-15 18:42:00,1615833720.0,3.8498,3.8534,3.8486,3.8508,9140.49
2021-03-15 18:43:00,1615833780.0,3.851,3.8526,3.8482,3.8486,5352.2
2021-03-15 18:44:00,1615833840.0,3.8484,3.851,3.8484,3.8496,2934.49
2021-03-15 18:45:00,1615833900.0,3.8496,3.8522,3.8472,3.8483,5076.28
2021-03-15 18:46:00,1615833960.0,3.8472,3.8509,3.8469,3.8496,1582.6
2021-03-15 18:47:00,1615834020.0,3.8496,3.8522,3.8494,3.8499,4709.91
2021-03-15 18:48:00,1615834080.0,3.8501,3.8506,3.8427,3.8455,13761.16
2021-03-15 18:49:00,1615834140.0,3.8456,3.8467,3.84,3.8435,19751.76
2021-03-15 18:50:00,1615834200.0,3.8431,3.8467,3.8402,3.8451,9594.27
2021-03-15 18:51:00,1615834260.0,3.8451,3.8451,3.8387,3.8393,6665.02
2021-03-15 18:52:00,1615834320.0,3.839,3.8438,3.8378,3.8438,47980.76
2021-03-15 18:53:00,1615834380.0,3.8451,3.8456,3.8422,3.8445,2221.5
2021-03-15 18:54:00,1615834440.0,3.8445,3.8502,3.8424,3.8462,11003.48
2021-03-15 18:55:00,1615834500.0,3.8481,3.8515,3.8464,3.8479,5868.61
2021-03-15 18:56:00,1615834560.0,3.8484,3.8541,3.8479,3.85,4585.82
2021-03-15 18:57:00,1615834620.0,3.8499,3.8499,3.8438,3.8438,9028.03
2021-03-15 18:58:00,1615834680.0,3.8425,3.8425,3.8367,3.8395,6327.43
2021-03-15 18:59:00,1615834740.0,3.8408,3.847,3.8404,3.8459,5628.65
2021-03-15 19:00:00,1615834800.0,3.8457,3.8598,3.8445,3.8586,107900.54
2021-03-15 19:01:00,1615834860.0,3.8589,3.8597,3.855,3.855,4185.82
2021-03-15 19:02:00,1615834920.0,3.8564,3.8597,3.8552,3.8559,3413.22
2021-03-15 19:03:00,1615834980.0,3.8559,3.8578,3.855,3.8567,7347.38
2021-03-15 19:04:00,1615835040.0,3.8567,3.8586,3.8562,3.8586,5529.96
2021-03-15 19:05:00,1615835100.0,3.8576,3.8617,3.8576,3.8617,2041.99
2021-03-15 19:06:00,1615835160.0,3.8613,3.8614,3.8541,3.8541,8895.66
2021-03-15 19:07:00,1615835220.0,3.8547,3.8573,3.854,3.8573,5658.78
2021-03-15 19:08:00,1615835280.0,3.8581,3.8595,3.8567,3.8595,2702.04
2021-03-15 19:09:00,1615835340.0,3.8592,3.8616,3.8585,3.8585,1722.78
2021-03-15 19:10:00,1615835400.0,3.8586,3.863,3.8575,3.8601,3403.64
2021-03-15 19:11:00,1615835460.0,3.8601,3.8627,3.86,3.8627,5322.83
2021-03-15 19:12:00,1615835520.0,3.8627,3.864,3.8616,3.8618,4473.46
2021-03-15 19:13:00,1615835580.0,3.8622,3.8642,3.8592,3.862,2522.54
2021-03-15 19:14:00,1615835640.0,3.8599,3.8599,3.854,3.8584,10762.61
2021-03-15 19:15:00,1615835700.0,3.8589,3.8631,3.8589,3.8617,2444.67
2021-03-15 19:16:00,1615835760.0,3.8619,3.8667,3.8619,3.8664,4409.66
2021-03-15 19:17:00,1615835820.0,3.8656,3.8668,3.8644,3.8651,3540.58
2021-03-15 19:18:00,1615835880.0,3.8653,3.8668,3.8637,3.8655,2899.07
2021-03-15 19:19:00,1615835940.0,3.8665,3.8688,3.8664,3.8665,6231.21
2021-03-15 19:20:00,1615836000.0,3.8667,3.872,3.8655,3.8703,34640.42
2021-03-15 19:21:00,1615836060.0,3.8698,3.8706,3.864,3.8642,17617.56
2021-03-15 19:22:00,1615836120.0,3.8643,3.8652,3.862,3.8646,2910.58
2021-03-15 19:23:00,1615836180.0,3.8651,3.8655,3.8638,3.8647,3763.59
2021-03-15 19:24:00,1615836240.0,3.8659,3.868,3.8637,3.8656,3563.3
2021-03-15 19:25:00,1615836300.0,3.8659,3.8679,3.8647,3.8652,8032.61
2021-03-15 19:26:00,1615836360.0,3.8667,3.8689,3.8664,3.8688,3500.93
2021-03-15 19:27:00,1615836420.0,3.8682,3.8726,3.8682,3.8705,7278.36
2021-03-15 19:28:00,1615836480.0,3.8698,3.8698,3.8653,3.8666,2349.08
2021-03-15 19:29:00,1615836540.0,3.8666,3.8724,3.8666,3.8697,5603.01
2021-03-15 19:30:00,1615836600.0,3.87,3.8705,3.8652,3.866,10334.62
2021-03-15 19:31:00,1615836660.0,3.8671,3.8679,3.8653,3.866,1413.49
2021-03-15 19:32:00,1615836720.0,3.8664,3.8689,3.8653,3.8655,16930.01
2021-03-15 19:33:00,1615836780.0,3.8655,3.8656,3.8595,3.8595,4971.26
2021-03-15 19:34:00,1615836840.0,3.8596,3.8616,3.8588,3.86,10994.06
2021-03-15 19:35:00,1615836900.0,3.8601,3.8616,3.8588,3.8588,3389.91
2021-03-15 19:36:00,1615836960.0,3.8588,3.8643,3.8557,3.8625,13350.13
2021-03-15 19:37:00,1615837020.0,3.8634,3.8666,3.8633,3.8636,4746.3
2021-03-15 19:38:00,1615837080.0,3.864,3.868,3.864,3.8666,18917.52
2021-03-15 19:39:00,1615837140.0,3.8669,3.8669,3.8629,3.8653,3608.22
2021-03-15 19:40:00,1615837200.0,3.8649,3.8665,3.8624,3.865,2173.18
2021-03-15 19:41:00,1615837260.0,3.8642,3.8649,3.8625,3.8644,2975.62
2021-03-15 19:42:00,1615837320.0,3.8636,3.868,3.8636,3.8676,8740.54
2021-03-15 19:43:00,1615837380.0,3.8672,3.868,3.8665,3.8677,3589.61
2021-03-15 19:44:00,1615837440.0,3.868,3.8697,3.8665,3.8683,12156.71
2021-03-15 19:45:00,1615837500.0,3.8695,3.8695,3.8673,3.8684,2470.16
2021-03-15 19:46:00,1615837560.0,3.8684,3.8726,3.8684,3.8726,4783.33
2021-03-15 19:47:00,1615837620.0,3.8726,3.8726,3.8691,3.8712,7206.87
2021-03-15 19:48:00,1615837680.0,3.8711,3.8739,3.8705,3.8721,11294.53
2021-03-15 19:49:00,1615837740.0,3.8731,3.875,3.8711,3.8727,5676.86
2021-03-15 19:50:00,1615837800.0,3.8724,3.8726,3.8676,3.8676,7555.83
2021-03-15 19:51:00,1615837860.0,3.8666,3.8711,3.8666,3.8701,10324.31
2021-03-15 19:52:00,1615837920.0,3.8701,3.8743,3.8701,3.8715,5489.74
2021-03-15 19:53:00,1615837980.0,3.8725,3.8733,3.8702,3.8725,3305.89
2021-03-15 19:54:00,1615838040.0,3.8726,3.8742,3.8726,3.8727,1673.65
2021-03-15 19:55:00,1615838100.0,3.8726,3.8732,3.871,3.8725,2533.63
2021-03-15 19:56:00,1615838160.0,3.8725,3.8738,3.8715,3.8735,2288.55
2021-03-15 19:57:00,1615838220.0,3.8728,3.8734,3.8689,3.8712,8846.47
2021-03-15 19:58:00,1615838280.0,3.8711,3.872,3.8668,3.8669,8606.12
2021-03-15 19:59:00,1615838340.0,3.8666,3.8673,3.8655,3.8657,1908.65
2021-03-15 20:00:00,1615838400.0,3.8659,3.8688,3.865,3.8671,3746.72
2021-03-15 20:01:00,1615838460.0,3.8665,3.8675,3.8661,3.8674,4778.78
2021-03-15 20:02:00,1615838520.0,3.8673,3.8673,3.861,3.861,5265.08
2021-03-15 20:03:00,1615838580.0,3.8627,3.8627,3.8571,3.8592,5193.1
2021-03-15 20:04:00,1615838640.0,3.8585,3.8671,3.8585,3.8662,4896.95
2021-03-15 20:05:00,1615838700.0,3.8662,3.8662,3.8631,3.8657,1678.99
2021-03-15 20:06:00,1615838760.0,3.8657,3.8657,3.861,3.8611,3063.97
2021-03-15 20:07:00,1615838820.0,3.8611,3.863,3.8609,3.8622,7518.81
2021-03-15 20:08:00,1615838880.0,3.8625,3.8668,3.8625,3.866,7236.32
2021-03-15 20:09:00,1615838940.0,3.8659,3.8684,3.8659,3.868,1020.17
2021-03-15 20:10:00,1615839000.0,3.868,3.868,3.8646,3.865,4146.39
2021-03-15 20:11:00,1615839060.0,3.8636,3.8669,3.8636,3.8644,4190.31
2021-03-15 20:12:00,1615839120.0,3.8648,3.866,3.8634,3.866,2297.91
2021-03-15 20:13:00,1615839180.0,3.866,3.8687,3.8657,3.8681,2853.28
2021-03-15 20:14:00,1615839240.0,3.8678,3.8699,3.8678,3.8688,1110.74
2021-03-15 20:15:00,1615839300.0,3.8689,3.8731,3.8675,3.8726,12307.1
2021-03-15 20:16:00,1615839360.0,3.873,3.875,3.8723,3.8742,11069.3
2021-03-15 20:17:00,1615839420.0,3.8744,3.8761,3.8735,3.8744,13904.0
2021-03-15 20:18:00,1615839480.0,3.874,3.874,3.8692,3.8739,28781.22
2021-03-15 20:19:00,1615839540.0,3.8734,3.8758,3.873,3.874,7841.42
2021-03-15 20:20:00,1615839600.0,3.8745,3.8755,3.8735,3.8747,2444.33
2021-03-15 20:21:00,1615839660.0,3.8747,3.8747,3.8731,3.8742,4147.69
2021-03-15 20:22:00,1615839720.0,3.8752,3.8752,3.8716,3.8716,3479.33
2021-03-15 20:23:00,1615839780.0,3.871,3.8711,3.868,3.8692,3524.58
2021-03-15 20:24:00,1615839840.0,3.869,3.869,3.8625,3.8627,8905.75
2021-03-15 20:25:00,1615839900.0,3.8653,3.8678,3.8646,3.8671,5638.32
2021-03-15 20:26:00,1615839960.0,3.8667,3.8707,3.8667,3.869,10353.05
2021-03-15 20:27:00,1615840020.0,3.8691,3.8691,3.8657,3.8684,2509.22
2021-03-15 20:28:00,1615840080.0,3.869,3.8702,3.8673,3.8685,814.54
2021-03-15 20:29:00,1615840140.0,3.8697,3.8735,3.868,3.872,6694.97
2021-03-15 20:30:00,1615840200.0,3.8722,3.876,3.8708,3.8734,9533.91
2021-03-15 20:31:00,1615840260.0,3.8729,3.8766,3.8713,3.8755,24482.02
2021-03-15 20:32:00,1615840320.0,3.8739,3.8739,3.8705,3.8708,5067.4
2021-03-15 20:33:00,1615840380.0,3.8719,3.8719,3.8651,3.8671,14261.06
2021-03-15 20:34:00,1615840440.0,3.8674,3.8674,3.8645,3.8659,4109.18
2021-03-15 20:35:00,1615840500.0,3.8657,3.8699,3.8653,3.8656,4988.96
2021-03-15 20:36:00,1615840560.0,3.8657,3.8686,3.8656,3.8676,1165.09
2021-03-15 20:37:00,1615840620.0,3.8681,3.8681,3.8622,3.8634,7595.1
2021-03-15 20:38:00,1615840680.0,3.8633,3.8669,3.8631,3.8669,4593.8
2021-03-15 20:39:00,1615840740.0,3.865,3.8668,3.8629,3.8638,4575.54
2021-03-15 20:40:00,1615840800.0,3.8643,3.8651,3.8618,3.8628,16807.52
2021-03-15 20:41:00,1615840860.0,3.864,3.864,3.8526,3.8526,19550.58
2021-03-15 20:42:00,1615840920.0,3.8543,3.8594,3.8514,3.8538,7540.73
2021-03-15 20:43:00,1615840980.0,3.8538,3.8558,3.8522,3.8543,1373.51
2021-03-15 20:44:00,1615841040.0,3.854,3.854,3.85,3.8535,7979.86
2021-03-15 20:45:00,1615841100.0,3.8538,3.8538,3.842,3.8451,39357.32
2021-03-15 20:46:00,1615841160.0,3.8441,3.8472,3.841,3.8422,27267.47
2021-03-15 20:47:00,1615841220.0,3.8421,3.845,3.8337,3.845,14346.1
2021-03-15 20:48:00,1615841280.0,3.8447,3.8513,3.8428,3.8488,22559.21
2021-03-15 20:49:00,1615841340.0,3.8515,3.8521,3.8415,3.8431,17670.99
2021-03-15 20:50:00,1615841400.0,3.8442,3.85,3.8442,3.8467,3522.78
2021-03-15 20:51:00,1615841460.0,3.8467,3.8542,3.8467,3.8542,6069.36
2021-03-15 20:52:00,1615841520.0,3.8533,3.8539,3.845,3.8454,12613.43
2021-03-15 20:53:00,1615841580.0,3.8452,3.847,3.842,3.842,5994.48
2021-03-15 20:54:00,1615841640.0,3.843,3.843,3.8394,3.8418,4693.88
2021-03-15 20:55:00,1615841700.0,3.8411,3.8411,3.8345,3.8368,1871.47
2021-03-15 20:56:00,1615841760.0,3.8367,3.839,3.8344,3.8389,4604.47
2021-03-15 20:57:00,1615841820.0,3.8391,3.8447,3.8377,3.8405,4890.82
2021-03-15 20:58:00,1615841880.0,3.8407,3.8463,3.8397,3.8405,19641.93
2021-03-15 20:59:00,1615841940.0,3.841,3.8479,3.841,3.8479,4863.49
2021-03-15 21:00:00,1615842000.0,3.8467,3.8539,3.8464,3.8536,7056.1
2021-03-15 21:01:00,1615842060.0,3.8528,3.8528,3.8501,3.8506,4406.0
2021-03-15 21:02:00,1615842120.0,3.8507,3.8509,3.845,3.8459,5851.8
2021-03-15 21:03:00,1615842180.0,3.8458,3.8459,3.84,3.84,9654.85
2021-03-15 21:04:00,1615842240.0,3.8413,3.8498,3.8413,3.8482,2481.98
2021-03-15 21:05:00,1615842300.0,3.8477,3.8504,3.8446,3.846,12135.35
2021-03-15 21:06:00,1615842360.0,3.8461,3.8475,3.8449,3.8466,2540.48
2021-03-15 21:07:00,1615842420.0,3.8485,3.8535,3.848,3.8527,5548.43
2021-03-15 21:08:00,1615842480.0,3.8525,3.8525,3.8496,3.8516,4791.48
2021-03-15 21:09:00,1615842540.0,3.85,3.85,3.8444,3.8451,2861.34
2021-03-15 21:10:00,1615842600.0,3.8449,3.8475,3.8433,3.8459,3207.9
2021-03-15 21:11:00,1615842660.0,3.8456,3.8505,3.8454,3.8454,3318.16
2021-03-15 21:12:00,1615842720.0,3.8464,3.8474,3.8438,3.8456,4916.85
2021-03-15 21:13:00,1615842780.0,3.8446,3.8531,3.8446,3.8523,5207.23
2021-03-15 21:14:00,1615842840.0,3.8523,3.8523,3.8487,3.85,3126.19
2021-03-15 21:15:00,1615842900.0,3.8496,3.8513,3.8496,3.8504,3328.55
2021-03-15 21:16:00,1615842960.0,3.8504,3.8527,3.8504,3.8523,2318.98
2021-03-15 21:17:00,1615843020.0,3.8524,3.8545,3.8524,3.8545,1905.37
2021-03-15 21:18:00,1615843080.0,3.855,3.858,3.855,3.8571,2821.62
2021-03-15 21:19:00,1615843140.0,3.8585,3.8603,3.8533,3.8552,12288.63
2021-03-15 21:20:00,1615843200.0,3.8556,3.86,3.8554,3.86,10598.72
2021-03-15 21:21:00,1615843260.0,3.86,3.862,3.8599,3.8604,4282.39
2021-03-15 21:22:00,1615843320.0,3.8605,3.8609,3.8601,3.8606,1231.97
2021-03-15 21:23:00,1615843380.0,3.8605,3.863,3.859,3.8616,8921.89
2021-03-15 21:24:00,1615843440.0,3.8626,3.8626,3.8595,3.8597,388.59
2021-03-15 21:25:00,1615843500.0,3.8598,3.8598,3.8558,3.8562,1950.85
2021-03-15 21:26:00,1615843560.0,3.8555,3.8573,3.8547,3.8563,1116.95
2021-03-15 21:27:00,1615843620.0,3.8574,3.8594,3.8574,3.8594,1573.37
2021-03-15 21:28:00,1615843680.0,3.8596,3.8619,3.859,3.8611,464.85
2021-03-15 21:29:00,1615843740.0,3.8619,3.8644,3.8615,3.8634,4175.61
2021-03-15 21:30:00,1615843800.0,3.8631,3.8653,3.8629,3.8647,1680.33
2021-03-15 21:31:00,1615843860.0,3.8652,3.8678,3.8649,3.8658,2704.95
2021-03-15 21:32:00,1615843920.0,3.8653,3.8687,3.8653,3.8687,4476.98
2021-03-15 21:33:00,1615843980.0,3.867,3.8675,3.8654,3.8661,2841.05
2021-03-15 21:34:00,1615844040.0,3.8661,3.8674,3.8654,3.8661,1232.05
2021-03-15 21:35:00,1615844100.0,3.8672,3.8682,3.8663,3.8669,2406.07
2021-03-15 21:36:00,1615844160.0,3.867,3.8686,3.8667,3.8678,2580.51
2021-03-15 21:37:00,1615844220.0,3.8679,3.8733,3.8679,3.8719,9657.69
2021-03-15 21:38:00,1615844280.0,3.8719,3.8724,3.8654,3.8656,10228.67
2021-03-15 21:39:00,1615844340.0,3.8655,3.8657,3.8622,3.8643,4968.17
2021-03-15 21:40:00,1615844400.0,3.8655,3.8661,3.8617,3.8629,7932.09
2021-03-15 21:41:00,1615844460.0,3.8627,3.8666,3.8613,3.8666,3551.2
2021-03-15 21:42:00,1615844520.0,3.8665,3.8738,3.8659,3.8733,6699.28
2021-03-15 21:43:00,1615844580.0,3.8733,3.878,3.8733,3.8754,9986.59
2021-03-15 21:44:00,1615844640.0,3.8758,3.876,3.8699,3.8699,7966.52
2021-03-15 21:45:00,1615844700.0,3.8696,3.8714,3.8682,3.8684,4157.7
2021-03-15 21:46:00,1615844760.0,3.8684,3.8692,3.8682,3.8682,4095.23
2021-03-15 21:47:00,1615844820.0,3.868,3.869,3.8667,3.8677,3150.7
2021-03-15 21:48:00,1615844880.0,3.8676,3.8678,3.8666,3.8678,2097.16
2021-03-15 21:49:00,1615844940.0,3.8678,3.8738,3.8673,3.8737,13324.87
2021-03-15 21:50:00,1615845000.0,3.8742,3.878,3.8736,3.8772,11919.72
2021-03-15 21:51:00,1615845060.0,3.8772,3.8779,3.8747,3.8758,2497.47
2021-03-15 21:52:00,1615845120.0,3.8747,3.877,3.8747,3.8756,3271.72
2021-03-15 21:53:00,1615845180.0,3.8758,3.8759,3.8709,3.8709,1575.39
2021-03-15 21:54:00,1615845240.0,3.8707,3.8718,3.8673,3.8716,2465.22
2021-03-15 21:55:00,1615845300.0,3.8716,3.873,3.8709,3.8709,2434.71
2021-03-15 21:56:00,1615845360.0,3.87,3.87,3.8676,3.8676,3686.61
2021-03-15 21:57:00,1615845420.0,3.8678,3.8695,3.8678,3.8693,1218.79
2021-03-15 21:58:00,1615845480.0,3.8694,3.8706,3.8682,3.8704,4452.44
2021-03-15 21:59:00,1615845540.0,3.8705,3.8705,3.8668,3.8668,3500.91
2021-03-15 22:00:00,1615845600.0,3.8681,3.8696,3.8531,3.8688,57230.03
2021-03-15 22:01:00,1615845660.0,3.8684,3.8784,3.8684,3.8766,13741.3
2021-03-15 22:02:00,1615845720.0,3.8777,3.8785,3.8714,3.8714,12304.5
2021-03-15 22:03:00,1615845780.0,3.8724,3.8728,3.8695,3.8703,2744.61
2021-03-15 22:04:00,1615845840.0,3.8703,3.8746,3.8658,3.8734,15562.77
2021-03-15 22:05:00,1615845900.0,3.8734,3.8762,3.8733,3.8734,3972.74
2021-03-15 22:06:00,1615845960.0,3.8741,3.8741,3.8689,3.8689,1601.95
2021-03-15 22:07:00,1615846020.0,3.8694,3.8716,3.8673,3.8673,1120.44
2021-03-15 22:08:00,1615846080.0,3.8681,3.8681,3.8557,3.8558,12240.96
2021-03-15 22:09:00,1615846140.0,3.855,3.855,3.8484,3.8505,1911.98
2021-03-15 22:10:00,1615846200.0,3.8497,3.8571,3.8497,3.853,13117.92
2021-03-15 22:11:00,1615846260.0,3.8537,3.8624,3.8536,3.8606,5236.03
2021-03-15 22:12:00,1615846320.0,3.8619,3.8619,3.8574,3.858,820.77
2021-03-15 22:13:00,1615846380.0,3.8584,3.8591,3.8575,3.8578,2249.55
2021-03-15 22:14:00,1615846440.0,3.8558,3.8558,3.8488,3.8497,5560.07
2021-03-15 22:15:00,1615846500.0,3.8499,3.8543,3.8499,3.8534,2948.29
2021-03-15 22:16:00,1615846560.0,3.8526,3.8563,3.8518,3.8536,3272.36
2021-03-15 22:17:00,1615846620.0,3.854,3.8546,3.8483,3.8494,4811.11
2021-03-15 22:18:00,1615846680.0,3.8496,3.8503,3.8457,3.8471,4766.28
2021-03-15 22:19:00,1615846740.0,3.8473,3.8473,3.8445,3.8457,5010.93
2021-03-15 22:20:00,1615846800.0,3.8445,3.8466,3.8443,3.8464,8470.5
2021-03-15 22:21:00,1615846860.0,3.8464,3.8466,3.8427,3.8465,3102.72
2021-03-15 22:22:00,1615846920.0,3.845,3.8477,3.8375,3.8388,13401.83
2021-03-15 22:23:00,1615846980.0,3.8396,3.8441,3.8387,3.8432,7021.05
2021-03-15 22:24:00,1615847040.0,3.8427,3.8428,3.838,3.838,6429.37
2021-03-15 22:25:00,1615847100.0,3.8375,3.8398,3.8364,3.8367,10730.41
2021-03-15 22:26:00,1615847160.0,3.8374,3.8377,3.8277,3.8329,31650.01
2021-03-15 22:27:00,1615847220.0,3.8324,3.8328,3.8236,3.8266,13634.89
2021-03-15 22:28:00,1615847280.0,3.8274,3.8338,3.8274,3.8308,10112.5
2021-03-15 22:29:00,1615847340.0,3.8301,3.8305,3.8265,3.8298,6606.62
2021-03-15 22:30:00,1615847400.0,3.83,3.8329,3.83,3.8304,2146.78
2021-03-15 22:31:00,1615847460.0,3.8301,3.8344,3.8301,3.8318,9984.58
2021-03-15 22:32:00,1615847520.0,3.832,3.8371,3.8319,3.834,11830.01
2021-03-15 22:33:00,1615847580.0,3.8342,3.8387,3.8324,3.834,28067.5
2021-03-15 22:34:00,1615847640.0,3.8333,3.8376,3.8331,3.8362,8347.96
2021-03-15 22:35:00,1615847700.0,3.837,3.8434,3.8361,3.842,2815.83
2021-03-15 22:36:00,1615847760.0,3.8421,3.8421,3.8344,3.8366,4474.28
2021-03-15 22:37:00,1615847820.0,3.836,3.836,3.83,3.8319,47967.03
2021-03-15 22:38:00,1615847880.0,3.833,3.8383,3.833,3.8383,2833.55
2021-03-15 22:39:00,1615847940.0,3.8358,3.836,3.8275,3.8282,20726.24
2021-03-15 22:40:00,1615848000.0,3.8286,3.8316,3.8271,3.8316,49342.62
2021-03-15 22:41:00,1615848060.0,3.8311,3.8321,3.8249,3.8249,6871.43
2021-03-15 22:42:00,1615848120.0,3.8252,3.8255,3.82,3.8205,6322.77
2021-03-15 22:43:00,1615848180.0,3.8203,3.8203,3.8103,3.8112,24933.61
2021-03-15 22:44:00,1615848240.0,3.8114,3.8179,3.8089,3.8122,12629.18
2021-03-15 22:45:00,1615848300.0,3.8132,3.8247,3.8132,3.8247,19546.82
2021-03-15 22:46:00,1615848360.0,3.8243,3.8243,3.8114,3.8155,7954.28
2021-03-15 22:47:00,1615848420.0,3.8154,3.8159,3.8085,3.8102,14655.24
2021-03-15 22:48:00,1615848480.0,3.8103,3.8114,3.807,3.8075,7074.12
2021-03-15 22:49:00,1615848540.0,3.807,3.8082,3.8043,3.8074,11097.17
2021-03-15 22:50:00,1615848600.0,3.8051,3.8162,3.8051,3.8159,5540.67
2021-03-15 22:51:00,1615848660.0,3.8152,3.8196,3.8152,3.8178,5343.78
2021-03-15 22:52:00,1615848720.0,3.818,3.8196,3.8168,3.8191,3356.19
2021-03-15 22:53:00,1615848780.0,3.8195,3.8224,3.8155,3.8213,9335.79
2021-03-15 22:54:00,1615848840.0,3.8214,3.8236,3.8171,3.818,3968.92
2021-03-15 22:55:00,1615848900.0,3.8187,3.822,3.8181,3.8199,1600.9
2021-03-15 22:56:00,1615848960.0,3.8193,3.8216,3.8129,3.8139,9177.08
2021-03-15 22:57:00,1615849020.0,3.8131,3.8161,3.811,3.8145,4176.92
2021-03-15 22:58:00,1615849080.0,3.8155,3.8183,3.8129,3.8129,1497.9
2021-03-15 22:59:00,1615849140.0,3.8136,3.8255,3.8135,3.8243,9573.96
2021-03-15 23:00:00,1615849200.0,3.8255,3.8457,3.8255,3.8387,22737.41
2021-03-15 23:01:00,1615849260.0,3.8377,3.8408,3.8374,3.8386,8661.99
2021-03-15 23:02:00,1615849320.0,3.8381,3.8398,3.8381,3.8388,989.39
2021-03-15 23:03:00,1615849380.0,3.8397,3.8442,3.8395,3.8433,10122.42
2021-03-15 23:04:00,1615849440.0,3.8442,3.8455,3.8435,3.8444,4670.11
2021-03-15 23:05:00,1615849500.0,3.8464,3.8529,3.8464,3.8529,9744.3
2021-03-15 23:06:00,1615849560.0,3.8534,3.863,3.8529,3.8552,7651.44
2021-03-15 23:07:00,1615849620.0,3.8561,3.8628,3.8554,3.8623,16985.85
2021-03-15 23:08:00,1615849680.0,3.863,3.866,3.8569,3.8576,5896.79
2021-03-15 23:09:00,1615849740.0,3.8575,3.8658,3.8575,3.8631,4423.52
2021-03-15 23:10:00,1615849800.0,3.8637,3.8707,3.8637,3.8677,5194.94
2021-03-15 23:11:00,1615849860.0,3.8641,3.8641,3.8546,3.8602,19569.52
2021-03-15 23:12:00,1615849920.0,3.8607,3.8631,3.8582,3.8592,4588.48
2021-03-15 23:13:00,1615849980.0,3.8586,3.86,3.8554,3.8576,3011.02
2021-03-15 23:14:00,1615850040.0,3.8587,3.8633,3.8587,3.8617,3552.38
2021-03-15 23:15:00,1615850100.0,3.8629,3.8706,3.8629,3.8706,5983.03
2021-03-15 23:16:00,1615850160.0,3.87,3.8751,3.8652,3.8666,15360.1
2021-03-15 23:17:00,1615850220.0,3.8673,3.8716,3.8655,3.8687,8383.14
2021-03-15 23:18:00,1615850280.0,3.8696,3.8696,3.8625,3.8673,3235.85
2021-03-15 23:19:00,1615850340.0,3.8657,3.8657,3.8631,3.8638,4935.91
2021-03-15 23:20:00,1615850400.0,3.8636,3.8669,3.8609,3.8623,2890.43
2021-03-15 23:21:00,1615850460.0,3.8635,3.8638,3.8609,3.8635,1572.61
2021-03-15 23:22:00,1615850520.0,3.8618,3.862,3.8558,3.8572,2253.06
2021-03-15 23:23:00,1615850580.0,3.857,3.8614,3.8565,3.8571,3684.99
2021-03-15 23:24:00,1615850640.0,3.8559,3.8659,3.8559,3.8645,4828.86
2021-03-15 23:25:00,1615850700.0,3.8652,3.8698,3.8642,3.8642,2683.22
2021-03-15 23:26:00,1615850760.0,3.8643,3.8699,3.8642,3.8675,2139.0
2021-03-15 23:27:00,1615850820.0,3.8668,3.8688,3.8651,3.8667,552.22
2021-03-15 23:28:00,1615850880.0,3.8667,3.8673,3.8658,3.8671,10776.68
2021-03-15 23:29:00,1615850940.0,3.8672,3.8686,3.8658,3.8669,7475.31
2021-03-15 23:30:00,1615851000.0,3.8667,3.8742,3.8667,3.8742,9229.68
2021-03-15 23:31:00,1615851060.0,3.8725,3.8747,3.8703,3.8705,7581.92
2021-03-15 23:32:00,1615851120.0,3.8712,3.872,3.8658,3.8684,11097.94
2021-03-15 23:33:00,1615851180.0,3.871,3.8759,3.871,3.8741,18423.05
2021-03-15 23:34:00,1615851240.0,3.8733,3.8755,3.8713,3.8713,769.46
2021-03-15 23:35:00,1615851300.0,3.8705,3.8751,3.8685,3.8725,6565.19
2021-03-15 23:36:00,1615851360.0,3.8722,3.8757,3.8716,3.8716,5233.28
2021-03-15 23:37:00,1615851420.0,3.872,3.8747,3.8687,3.8687,10226.51
2021-03-15 23:38:00,1615851480.0,3.8692,3.8726,3.869,3.8719,1363.89
2021-03-15 23:39:00,1615851540.0,3.8718,3.8734,3.8689,3.8689,2664.49
2021-03-15 23:40:00,1615851600.0,3.87,3.8701,3.8657,3.8658,6482.54
2021-03-15 23:41:00,1615851660.0,3.8658,3.8697,3.8658,3.8683,2616.5
2021-03-15 23:42:00,1615851720.0,3.8682,3.8683,3.86,3.8613,2906.19
2021-03-15 23:43:00,1615851780.0,3.8624,3.8624,3.855,3.855,6671.19
2021-03-15 23:44:00,1615851840.0,3.8551,3.856,3.8534,3.8545,6236.69
2021-03-15 23:45:00,1615851900.0,3.855,3.8552,3.8448,3.8448,25047.08
2021-03-15 23:46:00,1615851960.0,3.848,3.848,3.8383,3.8383,6641.1
2021-03-15 23:47:00,1615852020.0,3.8372,3.8387,3.8274,3.832,35718.38
2021-03-15 23:48:00,1615852080.0,3.8312,3.8409,3.83,3.8306,9690.85
2021-03-15 23:49:00,1615852140.0,3.831,3.831,3.8213,3.8229,14006.64
2021-03-15 23:50:00,1615852200.0,3.8226,3.8296,3.8164,3.8173,28770.99
2021-03-15 23:51:00,1615852260.0,3.8163,3.823,3.8143,3.8209,10892.48
2021-03-15 23:52:00,1615852320.0,3.8212,3.8212,3.8133,3.8133,33818.13
2021-03-15 23:53:00,1615852380.0,3.8138,3.8143,3.81,3.8111,14515.52
2021-03-15 23:54:00,1615852440.0,3.8115,3.8176,3.8115,3.8131,4917.59
2021-03-15 23:55:00,1615852500.0,3.8121,3.8215,3.8121,3.8204,7321.98
2021-03-15 23:56:00,1615852560.0,3.8224,3.8224,3.815,3.8176,3843.88
2021-03-15 23:57:00,1615852620.0,3.8162,3.817,3.8122,3.816,9022.7
2021-03-15 23:58:00,1615852680.0,3.816,3.8182,3.8136,3.8136,1052.86
2021-03-15 23:59:00,1615852740.0,3.8135,3.8169,3.81,3.8169,12929.62
