Universal Time,Unix Time,Open,High,Low,Close,Volume
2023-10-01 00:00:00,1696118400.0,0.254,0.2541,0.2539,0.254,26850.8
2023-10-01 00:01:00,1696118460.0,0.2541,0.2542,0.2541,0.2541,6269.0
2023-10-01 00:02:00,1696118520.0,0.2542,0.2542,0.254,0.254,24720.1
2023-10-01 00:03:00,1696118580.0,0.2541,0.2541,0.254,0.254,4606.6
2023-10-01 00:04:00,1696118640.0,0.2541,0.2542,0.254,0.2542,55821.2
2023-10-01 00:05:00,1696118700.0,0.2542,0.2544,0.2542,0.2544,309449.6
2023-10-01 00:06:00,1696118760.0,0.2543,0.2544,0.2543,0.2543,54371.6
2023-10-01 00:07:00,1696118820.0,0.2542,0.2542,0.2541,0.2542,39230.7
2023-10-01 00:08:00,1696118880.0,0.2542,0.2542,0.2542,0.2542,119.1
2023-10-01 00:09:00,1696118940.0,0.2542,0.2543,0.2542,0.2543,4055.6
2023-10-01 00:10:00,1696119000.0,0.2544,0.2545,0.2544,0.2544,26304.8
2023-10-01 00:11:00,1696119060.0,0.2545,0.2546,0.2545,0.2546,53466.9
2023-10-01 00:12:00,1696119120.0,0.2546,0.2547,0.2545,0.2546,16500.5
2023-10-01 00:13:00,1696119180.0,0.2547,0.2548,0.2546,0.2547,63386.8
2023-10-01 00:14:00,1696119240.0,0.2547,0.2547,0.2546,0.2546,4655.2
2023-10-01 00:15:00,1696119300.0,0.2546,0.2547,0.2546,0.2546,14812.7
2023-10-01 00:16:00,1696119360.0,0.2546,0.2547,0.2546,0.2546,16568.7
2023-10-01 00:17:00,1696119420.0,0.2546,0.2547,0.2546,0.2547,7306.9
2023-10-01 00:18:00,1696119480.0,0.2547,0.2547,0.2547,0.2547,78439.5
2023-10-01 00:19:00,1696119540.0,0.2548,0.2548,0.2547,0.2547,9490.5
2023-10-01 00:20:00,1696119600.0,0.2548,0.2548,0.2545,0.2546,38200.8
2023-10-01 00:21:00,1696119660.0,0.2545,0.2545,0.2544,0.2544,6789.1
2023-10-01 00:22:00,1696119720.0,0.2544,0.2544,0.2542,0.2542,42834.6
2023-10-01 00:23:00,1696119780.0,0.2542,0.2543,0.2542,0.2543,17865.5
2023-10-01 00:24:00,1696119840.0,0.2542,0.2543,0.2542,0.2542,15346.3
2023-10-01 00:25:00,1696119900.0,0.2542,0.2542,0.2541,0.2541,16152.3
2023-10-01 00:26:00,1696119960.0,0.2542,0.2542,0.254,0.254,9869.3
2023-10-01 00:27:00,1696120020.0,0.254,0.2541,0.254,0.2541,16777.1
2023-10-01 00:28:00,1696120080.0,0.2541,0.2542,0.2541,0.2542,21836.2
2023-10-01 00:29:00,1696120140.0,0.2541,0.2542,0.2541,0.2542,9112.4
2023-10-01 00:30:00,1696120200.0,0.2542,0.2542,0.2539,0.2539,22978.8
2023-10-01 00:31:00,1696120260.0,0.2538,0.2538,0.2537,0.2537,20298.7
2023-10-01 00:32:00,1696120320.0,0.2538,0.254,0.2537,0.254,59282.2
2023-10-01 00:33:00,1696120380.0,0.254,0.2541,0.254,0.254,10803.4
2023-10-01 00:34:00,1696120440.0,0.2541,0.2541,0.2541,0.2541,1873.3
2023-10-01 00:35:00,1696120500.0,0.2541,0.2541,0.254,0.254,12301.8
2023-10-01 00:36:00,1696120560.0,0.254,0.2541,0.254,0.254,2201.5
2023-10-01 00:37:00,1696120620.0,0.2541,0.2541,0.254,0.2541,10105.0
2023-10-01 00:38:00,1696120680.0,0.2541,0.2541,0.2541,0.2541,7644.4
2023-10-01 00:39:00,1696120740.0,0.254,0.2541,0.254,0.2541,285.1
2023-10-01 00:40:00,1696120800.0,0.2541,0.2543,0.2541,0.2543,9316.6
2023-10-01 00:41:00,1696120860.0,0.2544,0.2547,0.2543,0.2547,60051.7
2023-10-01 00:42:00,1696120920.0,0.2546,0.2547,0.2546,0.2547,1126.9
2023-10-01 00:43:00,1696120980.0,0.2548,0.2549,0.2546,0.2547,91410.5
2023-10-01 00:44:00,1696121040.0,0.2546,0.2548,0.2546,0.2547,22107.6
2023-10-01 00:45:00,1696121100.0,0.2547,0.2548,0.2547,0.2547,6706.2
2023-10-01 00:46:00,1696121160.0,0.2547,0.2548,0.2547,0.2548,21826.5
2023-10-01 00:47:00,1696121220.0,0.2548,0.2548,0.2547,0.2547,33748.0
2023-10-01 00:48:00,1696121280.0,0.2547,0.2547,0.2547,0.2547,13140.4
2023-10-01 00:49:00,1696121340.0,0.2547,0.2547,0.2546,0.2547,373.0
2023-10-01 00:50:00,1696121400.0,0.2547,0.2547,0.2547,0.2547,2178.3
2023-10-01 00:51:00,1696121460.0,0.2546,0.2547,0.2545,0.2547,73866.7
2023-10-01 00:52:00,1696121520.0,0.2547,0.2548,0.2547,0.2548,24774.8
2023-10-01 00:53:00,1696121580.0,0.2548,0.2549,0.2548,0.2549,83449.9
2023-10-01 00:54:00,1696121640.0,0.2548,0.2549,0.2548,0.2549,3113.3
2023-10-01 00:55:00,1696121700.0,0.2549,0.2549,0.2549,0.2549,19518.4
2023-10-01 00:56:00,1696121760.0,0.2549,0.2549,0.2548,0.2549,18304.7
2023-10-01 00:57:00,1696121820.0,0.2549,0.2549,0.2548,0.2548,7621.6
2023-10-01 00:58:00,1696121880.0,0.2548,0.2549,0.2547,0.2549,72795.0
2023-10-01 00:59:00,1696121940.0,0.2548,0.2548,0.2547,0.2547,6499.0
2023-10-01 01:00:00,1696122000.0,0.2548,0.2549,0.2548,0.2548,1917.9
2023-10-01 01:01:00,1696122060.0,0.2549,0.2549,0.2548,0.2548,1953.4
2023-10-01 01:02:00,1696122120.0,0.2548,0.2548,0.2546,0.2546,14126.4
2023-10-01 01:03:00,1696122180.0,0.2546,0.2547,0.2546,0.2547,3612.3
2023-10-01 01:04:00,1696122240.0,0.2547,0.2547,0.2546,0.2547,12155.5
2023-10-01 01:05:00,1696122300.0,0.2547,0.2547,0.2546,0.2547,2556.6
2023-10-01 01:06:00,1696122360.0,0.2546,0.2546,0.2546,0.2546,10600.9
2023-10-01 01:07:00,1696122420.0,0.2546,0.2546,0.2545,0.2546,13016.5
2023-10-01 01:08:00,1696122480.0,0.2545,0.2546,0.2545,0.2545,24423.4
2023-10-01 01:09:00,1696122540.0,0.2545,0.2545,0.2543,0.2544,12315.1
2023-10-01 01:10:00,1696122600.0,0.2543,0.2544,0.2543,0.2544,5119.4
2023-10-01 01:11:00,1696122660.0,0.2544,0.2546,0.2544,0.2546,6128.3
2023-10-01 01:12:00,1696122720.0,0.2546,0.2546,0.2545,0.2545,2508.5
2023-10-01 01:13:00,1696122780.0,0.2545,0.2546,0.2545,0.2545,6250.5
2023-10-01 01:14:00,1696122840.0,0.2545,0.2546,0.2544,0.2545,15553.4
2023-10-01 01:15:00,1696122900.0,0.2545,0.2545,0.2543,0.2543,17922.0
2023-10-01 01:16:00,1696122960.0,0.2544,0.2544,0.2543,0.2543,685.4
2023-10-01 01:17:00,1696123020.0,0.2543,0.2545,0.2543,0.2545,16521.3
2023-10-01 01:18:00,1696123080.0,0.2545,0.2545,0.2545,0.2545,191.1
2023-10-01 01:19:00,1696123140.0,0.2544,0.2544,0.2543,0.2543,7724.6
2023-10-01 01:20:00,1696123200.0,0.2543,0.2543,0.2543,0.2543,4979.4
2023-10-01 01:21:00,1696123260.0,0.2543,0.2544,0.2543,0.2544,8338.2
2023-10-01 01:22:00,1696123320.0,0.2544,0.2544,0.2543,0.2543,16590.1
2023-10-01 01:23:00,1696123380.0,0.2544,0.2546,0.2544,0.2546,13827.9
2023-10-01 01:24:00,1696123440.0,0.2545,0.2545,0.2545,0.2545,194.4
2023-10-01 01:25:00,1696123500.0,0.2545,0.2546,0.2545,0.2546,1048.6
2023-10-01 01:26:00,1696123560.0,0.2546,0.2547,0.2546,0.2546,10581.5
2023-10-01 01:27:00,1696123620.0,0.2547,0.2547,0.2546,0.2546,7588.5
2023-10-01 01:28:00,1696123680.0,0.2547,0.2549,0.2546,0.2549,85041.6
2023-10-01 01:29:00,1696123740.0,0.2549,0.2549,0.2549,0.2549,3902.9
2023-10-01 01:30:00,1696123800.0,0.2549,0.2549,0.2547,0.2548,42369.0
2023-10-01 01:31:00,1696123860.0,0.2548,0.2549,0.2547,0.2548,15943.8
2023-10-01 01:32:00,1696123920.0,0.2549,0.2549,0.2549,0.2549,2300.9
2023-10-01 01:33:00,1696123980.0,0.2549,0.255,0.2548,0.2548,42023.4
2023-10-01 01:34:00,1696124040.0,0.2549,0.255,0.2549,0.255,2379.1
2023-10-01 01:35:00,1696124100.0,0.2549,0.2549,0.2549,0.2549,19571.7
2023-10-01 01:36:00,1696124160.0,0.2549,0.2549,0.2549,0.2549,38011.1
2023-10-01 01:37:00,1696124220.0,0.2549,0.2549,0.2548,0.2548,17790.2
2023-10-01 01:38:00,1696124280.0,0.2549,0.2549,0.2549,0.2549,46.6
2023-10-01 01:39:00,1696124340.0,0.2549,0.255,0.2548,0.255,10736.0
2023-10-01 01:40:00,1696124400.0,0.255,0.255,0.2549,0.2549,32712.6
2023-10-01 01:41:00,1696124460.0,0.255,0.255,0.2549,0.255,1604.4
2023-10-01 01:42:00,1696124520.0,0.2549,0.255,0.2549,0.255,1166.6
2023-10-01 01:43:00,1696124580.0,0.255,0.255,0.2549,0.255,271.6
2023-10-01 01:44:00,1696124640.0,0.255,0.2551,0.255,0.255,82111.4
2023-10-01 01:45:00,1696124700.0,0.255,0.2552,0.255,0.255,123705.4
2023-10-01 01:46:00,1696124760.0,0.2551,0.2555,0.255,0.2555,173960.5
2023-10-01 01:47:00,1696124820.0,0.2554,0.2556,0.2554,0.2555,141247.4
2023-10-01 01:48:00,1696124880.0,0.2555,0.2556,0.2554,0.2555,23215.6
2023-10-01 01:49:00,1696124940.0,0.2554,0.2555,0.255,0.2551,516841.9
2023-10-01 01:50:00,1696125000.0,0.2552,0.2552,0.2551,0.2552,5382.2
2023-10-01 01:51:00,1696125060.0,0.2551,0.2553,0.2551,0.2553,56138.5
2023-10-01 01:52:00,1696125120.0,0.2553,0.2554,0.2553,0.2554,9004.9
2023-10-01 01:53:00,1696125180.0,0.2554,0.2554,0.2552,0.2553,15160.1
2023-10-01 01:54:00,1696125240.0,0.2553,0.2553,0.2552,0.2552,28888.5
2023-10-01 01:55:00,1696125300.0,0.2552,0.2553,0.2552,0.2553,6211.0
2023-10-01 01:56:00,1696125360.0,0.2553,0.2553,0.2552,0.2552,2299.8
2023-10-01 01:57:00,1696125420.0,0.2552,0.2552,0.2552,0.2552,86.4
2023-10-01 01:58:00,1696125480.0,0.2553,0.2553,0.2551,0.2552,30254.3
2023-10-01 01:59:00,1696125540.0,0.2551,0.2551,0.2548,0.2549,90133.0
2023-10-01 02:00:00,1696125600.0,0.2549,0.2551,0.2549,0.255,23174.2
2023-10-01 02:01:00,1696125660.0,0.2551,0.2552,0.2551,0.2552,3397.2
2023-10-01 02:02:00,1696125720.0,0.2552,0.2554,0.2552,0.2554,27149.2
2023-10-01 02:03:00,1696125780.0,0.2553,0.2553,0.2552,0.2553,38917.8
2023-10-01 02:04:00,1696125840.0,0.2553,0.2553,0.2552,0.2552,69.3
2023-10-01 02:05:00,1696125900.0,0.2552,0.2554,0.2552,0.2554,41178.9
2023-10-01 02:06:00,1696125960.0,0.2553,0.2553,0.2551,0.2551,9295.4
2023-10-01 02:07:00,1696126020.0,0.255,0.2551,0.255,0.2551,7670.9
2023-10-01 02:08:00,1696126080.0,0.255,0.2551,0.255,0.2551,5416.4
2023-10-01 02:09:00,1696126140.0,0.2551,0.2551,0.2551,0.2551,14481.3
2023-10-01 02:10:00,1696126200.0,0.2552,0.2553,0.2551,0.2553,15615.4
2023-10-01 02:11:00,1696126260.0,0.2553,0.2553,0.2552,0.2553,1565.9
2023-10-01 02:12:00,1696126320.0,0.2553,0.2553,0.2553,0.2553,10406.6
2023-10-01 02:13:00,1696126380.0,0.2552,0.2552,0.2551,0.2551,34738.6
2023-10-01 02:14:00,1696126440.0,0.255,0.2551,0.255,0.2551,90517.5
2023-10-01 02:15:00,1696126500.0,0.2551,0.2552,0.2551,0.2552,34877.9
2023-10-01 02:16:00,1696126560.0,0.2552,0.2555,0.2552,0.2554,6358.0
2023-10-01 02:17:00,1696126620.0,0.2555,0.2555,0.2555,0.2555,931.8
2023-10-01 02:18:00,1696126680.0,0.2555,0.2556,0.2555,0.2555,12167.8
2023-10-01 02:19:00,1696126740.0,0.2555,0.2555,0.2553,0.2555,62538.1
2023-10-01 02:20:00,1696126800.0,0.2555,0.2555,0.2554,0.2555,23772.1
2023-10-01 02:21:00,1696126860.0,0.2555,0.2555,0.2553,0.2555,46862.1
2023-10-01 02:22:00,1696126920.0,0.2555,0.2556,0.2555,0.2556,11783.2
2023-10-01 02:23:00,1696126980.0,0.2556,0.2558,0.2555,0.2555,112226.1
2023-10-01 02:24:00,1696127040.0,0.2555,0.2555,0.2554,0.2555,35325.9
2023-10-01 02:25:00,1696127100.0,0.2555,0.2556,0.2555,0.2555,561.5
2023-10-01 02:26:00,1696127160.0,0.2555,0.2556,0.2555,0.2556,5818.5
2023-10-01 02:27:00,1696127220.0,0.2555,0.2556,0.2555,0.2555,20622.7
2023-10-01 02:28:00,1696127280.0,0.2555,0.2556,0.2555,0.2555,116628.3
2023-10-01 02:29:00,1696127340.0,0.2556,0.2557,0.2556,0.2556,103055.6
2023-10-01 02:30:00,1696127400.0,0.2556,0.2557,0.2555,0.2557,100866.0
2023-10-01 02:31:00,1696127460.0,0.2557,0.2558,0.2557,0.2558,3575.3
2023-10-01 02:32:00,1696127520.0,0.2557,0.2557,0.2556,0.2557,36022.1
2023-10-01 02:33:00,1696127580.0,0.2556,0.2556,0.2555,0.2555,26806.3
2023-10-01 02:34:00,1696127640.0,0.2555,0.2556,0.2554,0.2554,18981.8
2023-10-01 02:35:00,1696127700.0,0.2554,0.2554,0.2553,0.2554,25955.6
2023-10-01 02:36:00,1696127760.0,0.2554,0.2554,0.2553,0.2553,6187.1
2023-10-01 02:37:00,1696127820.0,0.2553,0.2553,0.2551,0.2551,23384.6
2023-10-01 02:38:00,1696127880.0,0.2551,0.2552,0.2551,0.2552,1940.6
2023-10-01 02:39:00,1696127940.0,0.2551,0.2552,0.2551,0.2551,13379.3
2023-10-01 02:40:00,1696128000.0,0.2551,0.2552,0.2551,0.2552,33349.2
2023-10-01 02:41:00,1696128060.0,0.2552,0.2554,0.2552,0.2553,52885.8
2023-10-01 02:42:00,1696128120.0,0.2553,0.2553,0.2553,0.2553,215.4
2023-10-01 02:43:00,1696128180.0,0.2554,0.2554,0.2553,0.2554,669.8
2023-10-01 02:44:00,1696128240.0,0.2554,0.2554,0.2551,0.2551,49617.5
2023-10-01 02:45:00,1696128300.0,0.2552,0.2554,0.2551,0.2554,153277.3
2023-10-01 02:46:00,1696128360.0,0.2554,0.2555,0.2553,0.2555,34571.6
2023-10-01 02:47:00,1696128420.0,0.2555,0.2557,0.2555,0.2557,103452.6
2023-10-01 02:48:00,1696128480.0,0.2557,0.2558,0.2556,0.2558,142192.5
2023-10-01 02:49:00,1696128540.0,0.2558,0.2558,0.2556,0.2557,32880.4
2023-10-01 02:50:00,1696128600.0,0.2557,0.2557,0.2556,0.2556,1737.7
2023-10-01 02:51:00,1696128660.0,0.2556,0.2557,0.2555,0.2555,13480.0
2023-10-01 02:52:00,1696128720.0,0.2555,0.2556,0.2555,0.2555,2321.2
2023-10-01 02:53:00,1696128780.0,0.2555,0.2555,0.2554,0.2555,28555.7
2023-10-01 02:54:00,1696128840.0,0.2554,0.2554,0.2553,0.2554,34335.8
2023-10-01 02:55:00,1696128900.0,0.2554,0.2555,0.2554,0.2555,4085.2
2023-10-01 02:56:00,1696128960.0,0.2554,0.2554,0.2554,0.2554,458.8
2023-10-01 02:57:00,1696129020.0,0.2554,0.2555,0.2554,0.2555,10119.6
2023-10-01 02:58:00,1696129080.0,0.2554,0.2555,0.2554,0.2554,1156.2
2023-10-01 02:59:00,1696129140.0,0.2554,0.2555,0.2554,0.2555,5524.7
2023-10-01 03:00:00,1696129200.0,0.2555,0.2556,0.2555,0.2556,45993.3
2023-10-01 03:01:00,1696129260.0,0.2556,0.2556,0.2555,0.2555,955.9
2023-10-01 03:02:00,1696129320.0,0.2556,0.2557,0.2556,0.2557,13865.9
2023-10-01 03:03:00,1696129380.0,0.2557,0.2558,0.2557,0.2558,54432.3
2023-10-01 03:04:00,1696129440.0,0.2557,0.2557,0.2555,0.2556,72278.3
2023-10-01 03:05:00,1696129500.0,0.2556,0.2556,0.2555,0.2556,29531.2
2023-10-01 03:06:00,1696129560.0,0.2555,0.2556,0.2555,0.2556,43642.2
2023-10-01 03:07:00,1696129620.0,0.2556,0.2557,0.2555,0.2555,53615.7
2023-10-01 03:08:00,1696129680.0,0.2555,0.2556,0.2555,0.2555,5559.8
2023-10-01 03:09:00,1696129740.0,0.2556,0.2556,0.2556,0.2556,1008.9
2023-10-01 03:10:00,1696129800.0,0.2555,0.2558,0.2555,0.2557,11146.1
2023-10-01 03:11:00,1696129860.0,0.2558,0.2559,0.2557,0.2558,36119.1
2023-10-01 03:12:00,1696129920.0,0.2557,0.2559,0.2557,0.2558,9606.9
2023-10-01 03:13:00,1696129980.0,0.2557,0.2558,0.2557,0.2558,27376.8
2023-10-01 03:14:00,1696130040.0,0.2558,0.2559,0.2557,0.2558,42247.7
2023-10-01 03:15:00,1696130100.0,0.2559,0.2559,0.2557,0.2558,9271.6
2023-10-01 03:16:00,1696130160.0,0.2558,0.256,0.2556,0.2556,433961.8
2023-10-01 03:17:00,1696130220.0,0.2556,0.2556,0.2554,0.2555,46465.8
2023-10-01 03:18:00,1696130280.0,0.2555,0.2555,0.2555,0.2555,1376.1
2023-10-01 03:19:00,1696130340.0,0.2555,0.2555,0.2554,0.2554,1132.6
2023-10-01 03:20:00,1696130400.0,0.2554,0.2555,0.2554,0.2554,8550.6
2023-10-01 03:21:00,1696130460.0,0.2554,0.2554,0.2552,0.2552,22568.7
2023-10-01 03:22:00,1696130520.0,0.2552,0.2553,0.2552,0.2553,5548.4
2023-10-01 03:23:00,1696130580.0,0.2552,0.2554,0.2552,0.2554,8173.6
2023-10-01 03:24:00,1696130640.0,0.2553,0.2553,0.2552,0.2552,16709.0
2023-10-01 03:25:00,1696130700.0,0.2552,0.2554,0.2552,0.2554,17715.3
2023-10-01 03:26:00,1696130760.0,0.2553,0.2553,0.2552,0.2553,19125.7
2023-10-01 03:27:00,1696130820.0,0.2553,0.2554,0.2553,0.2554,3877.7
2023-10-01 03:28:00,1696130880.0,0.2554,0.2554,0.2552,0.2552,39088.8
2023-10-01 03:29:00,1696130940.0,0.2553,0.2554,0.2552,0.2552,57828.9
2023-10-01 03:30:00,1696131000.0,0.2552,0.2553,0.2552,0.2552,26019.1
2023-10-01 03:31:00,1696131060.0,0.2553,0.2554,0.2552,0.2553,59347.7
2023-10-01 03:32:00,1696131120.0,0.2553,0.2553,0.2553,0.2553,1193.3
2023-10-01 03:33:00,1696131180.0,0.2554,0.2554,0.2553,0.2553,7654.9
2023-10-01 03:34:00,1696131240.0,0.2553,0.2553,0.2552,0.2552,19459.7
2023-10-01 03:35:00,1696131300.0,0.2552,0.2553,0.2552,0.2552,15096.1
2023-10-01 03:36:00,1696131360.0,0.2552,0.2552,0.2551,0.2551,17164.7
2023-10-01 03:37:00,1696131420.0,0.2551,0.2551,0.255,0.2551,14267.1
2023-10-01 03:38:00,1696131480.0,0.2551,0.2551,0.2551,0.2551,58091.7
2023-10-01 03:39:00,1696131540.0,0.2551,0.2552,0.2551,0.2552,173.3
2023-10-01 03:40:00,1696131600.0,0.2551,0.2551,0.255,0.255,23116.5
2023-10-01 03:41:00,1696131660.0,0.255,0.2551,0.255,0.2551,7744.7
2023-10-01 03:42:00,1696131720.0,0.2551,0.2551,0.255,0.2551,4285.2
2023-10-01 03:43:00,1696131780.0,0.2551,0.2551,0.255,0.2551,35232.8
2023-10-01 03:44:00,1696131840.0,0.255,0.2551,0.255,0.255,15289.4
2023-10-01 03:45:00,1696131900.0,0.255,0.2551,0.2547,0.2548,70744.0
2023-10-01 03:46:00,1696131960.0,0.2548,0.2551,0.2547,0.255,164289.1
2023-10-01 03:47:00,1696132020.0,0.255,0.255,0.2549,0.2549,7716.6
2023-10-01 03:48:00,1696132080.0,0.2549,0.255,0.2549,0.255,12372.0
2023-10-01 03:49:00,1696132140.0,0.255,0.255,0.2549,0.255,16814.0
2023-10-01 03:50:00,1696132200.0,0.255,0.2551,0.255,0.2551,592.9
2023-10-01 03:51:00,1696132260.0,0.2551,0.2553,0.255,0.2553,25289.3
2023-10-01 03:52:00,1696132320.0,0.2553,0.2553,0.2552,0.2552,43781.6
2023-10-01 03:53:00,1696132380.0,0.2552,0.2553,0.2552,0.2553,784.4
2023-10-01 03:54:00,1696132440.0,0.2553,0.2553,0.2553,0.2553,29727.0
2023-10-01 03:55:00,1696132500.0,0.2554,0.2554,0.2553,0.2553,15511.2
2023-10-01 03:56:00,1696132560.0,0.2554,0.2554,0.2553,0.2553,863.9
2023-10-01 03:57:00,1696132620.0,0.2553,0.2553,0.2552,0.2552,26303.4
2023-10-01 03:58:00,1696132680.0,0.2553,0.2553,0.2553,0.2553,15714.2
2023-10-01 03:59:00,1696132740.0,0.2554,0.2554,0.2553,0.2554,12373.5
2023-10-01 04:00:00,1696132800.0,0.2554,0.2556,0.2553,0.2556,18003.0
2023-10-01 04:01:00,1696132860.0,0.2555,0.2556,0.2555,0.2555,738.3
2023-10-01 04:02:00,1696132920.0,0.2556,0.2557,0.2555,0.2556,13611.8
2023-10-01 04:03:00,1696132980.0,0.2557,0.2558,0.2556,0.2558,25661.8
2023-10-01 04:04:00,1696133040.0,0.2558,0.2558,0.2557,0.2558,62550.2
2023-10-01 04:05:00,1696133100.0,0.2558,0.2558,0.2557,0.2558,1035.1
2023-10-01 04:06:00,1696133160.0,0.2558,0.2559,0.2557,0.2558,9143.2
2023-10-01 04:07:00,1696133220.0,0.2559,0.2559,0.2558,0.2559,9010.6
2023-10-01 04:08:00,1696133280.0,0.2559,0.2561,0.2559,0.2559,91555.7
2023-10-01 04:09:00,1696133340.0,0.2559,0.2559,0.2558,0.2559,40786.2
2023-10-01 04:10:00,1696133400.0,0.2558,0.2558,0.2558,0.2558,1059.2
2023-10-01 04:11:00,1696133460.0,0.2558,0.2559,0.2558,0.2559,4297.8
2023-10-01 04:12:00,1696133520.0,0.2559,0.2559,0.2558,0.2559,8854.5
2023-10-01 04:13:00,1696133580.0,0.2559,0.2559,0.2558,0.2559,4690.2
2023-10-01 04:14:00,1696133640.0,0.2559,0.2559,0.2557,0.2558,30430.0
2023-10-01 04:15:00,1696133700.0,0.2558,0.2558,0.2557,0.2558,5328.3
2023-10-01 04:16:00,1696133760.0,0.2558,0.2558,0.2557,0.2557,5952.4
2023-10-01 04:17:00,1696133820.0,0.2557,0.2558,0.2557,0.2558,15702.5
2023-10-01 04:18:00,1696133880.0,0.2559,0.2559,0.2559,0.2559,237.9
2023-10-01 04:19:00,1696133940.0,0.2558,0.2559,0.2558,0.2559,786.9
2023-10-01 04:20:00,1696134000.0,0.2558,0.2558,0.2556,0.2556,25985.7
2023-10-01 04:21:00,1696134060.0,0.2556,0.2557,0.2556,0.2556,343.4
2023-10-01 04:22:00,1696134120.0,0.2557,0.2557,0.2556,0.2556,1062.4
2023-10-01 04:23:00,1696134180.0,0.2557,0.2557,0.2556,0.2557,1102.5
2023-10-01 04:24:00,1696134240.0,0.2557,0.2557,0.2556,0.2557,7536.3
2023-10-01 04:25:00,1696134300.0,0.2557,0.2558,0.2556,0.2557,80651.5
2023-10-01 04:26:00,1696134360.0,0.2557,0.2558,0.2557,0.2557,2898.0
2023-10-01 04:27:00,1696134420.0,0.2557,0.2558,0.2557,0.2558,6602.6
2023-10-01 04:28:00,1696134480.0,0.2557,0.2557,0.2556,0.2556,24693.3
2023-10-01 04:29:00,1696134540.0,0.2556,0.2556,0.2555,0.2555,16566.5
2023-10-01 04:30:00,1696134600.0,0.2555,0.2556,0.2554,0.2554,27430.6
2023-10-01 04:31:00,1696134660.0,0.2554,0.2554,0.2552,0.2553,33365.3
2023-10-01 04:32:00,1696134720.0,0.2553,0.2553,0.2552,0.2553,2247.0
2023-10-01 04:33:00,1696134780.0,0.2553,0.2553,0.2552,0.2552,1527.2
2023-10-01 04:34:00,1696134840.0,0.2552,0.2553,0.2552,0.2553,101.3
2023-10-01 04:35:00,1696134900.0,0.2552,0.2553,0.2552,0.2552,4196.0
2023-10-01 04:36:00,1696134960.0,0.2552,0.2554,0.2552,0.2554,37574.1
2023-10-01 04:37:00,1696135020.0,0.2554,0.2554,0.2552,0.2554,195515.3
2023-10-01 04:38:00,1696135080.0,0.2554,0.2555,0.2554,0.2555,552.1
2023-10-01 04:39:00,1696135140.0,0.2554,0.2554,0.2554,0.2554,1763.2
2023-10-01 04:40:00,1696135200.0,0.2555,0.2555,0.2554,0.2555,14382.6
2023-10-01 04:41:00,1696135260.0,0.2555,0.2555,0.2554,0.2554,3276.8
2023-10-01 04:42:00,1696135320.0,0.2554,0.2555,0.2554,0.2554,11842.1
2023-10-01 04:43:00,1696135380.0,0.2554,0.2555,0.2554,0.2555,1645.5
2023-10-01 04:44:00,1696135440.0,0.2555,0.2555,0.2554,0.2555,1928.4
2023-10-01 04:45:00,1696135500.0,0.2555,0.2556,0.2555,0.2556,51748.3
2023-10-01 04:46:00,1696135560.0,0.2556,0.2558,0.2556,0.2556,42218.2
2023-10-01 04:47:00,1696135620.0,0.2556,0.2556,0.2556,0.2556,3730.9
2023-10-01 04:48:00,1696135680.0,0.2556,0.2557,0.2556,0.2556,4124.8
2023-10-01 04:49:00,1696135740.0,0.2556,0.2557,0.2556,0.2556,35447.2
2023-10-01 04:50:00,1696135800.0,0.2556,0.2556,0.2555,0.2556,11891.9
2023-10-01 04:51:00,1696135860.0,0.2556,0.2556,0.2556,0.2556,3400.6
2023-10-01 04:52:00,1696135920.0,0.2555,0.2556,0.2555,0.2556,2870.9
2023-10-01 04:53:00,1696135980.0,0.2555,0.2555,0.2555,0.2555,4581.8
2023-10-01 04:54:00,1696136040.0,0.2555,0.2555,0.2554,0.2554,102.0
2023-10-01 04:55:00,1696136100.0,0.2554,0.2555,0.2554,0.2554,2107.4
2023-10-01 04:56:00,1696136160.0,0.2554,0.2555,0.2554,0.2554,334.6
2023-10-01 04:57:00,1696136220.0,0.2554,0.2554,0.2553,0.2554,4913.1
2023-10-01 04:58:00,1696136280.0,0.2554,0.2554,0.2553,0.2553,89.9
2023-10-01 04:59:00,1696136340.0,0.2554,0.2554,0.2552,0.2553,13216.2
2023-10-01 05:00:00,1696136400.0,0.2553,0.2553,0.2552,0.2552,6018.8
2023-10-01 05:01:00,1696136460.0,0.2552,0.2553,0.2552,0.2553,5809.0
2023-10-01 05:02:00,1696136520.0,0.2552,0.2553,0.2552,0.2552,31772.0
2023-10-01 05:03:00,1696136580.0,0.2553,0.2553,0.2552,0.2552,15244.4
2023-10-01 05:04:00,1696136640.0,0.2553,0.2553,0.2553,0.2553,9655.2
2023-10-01 05:05:00,1696136700.0,0.2554,0.2554,0.2553,0.2553,287.7
2023-10-01 05:06:00,1696136760.0,0.2554,0.2554,0.2552,0.2552,15384.6
2023-10-01 05:07:00,1696136820.0,0.2553,0.2554,0.2553,0.2554,9916.4
2023-10-01 05:08:00,1696136880.0,0.2553,0.2554,0.2553,0.2553,13557.1
2023-10-01 05:09:00,1696136940.0,0.2553,0.2554,0.2553,0.2553,3776.5
2023-10-01 05:10:00,1696137000.0,0.2554,0.2555,0.2554,0.2555,35788.6
2023-10-01 05:11:00,1696137060.0,0.2555,0.2555,0.2555,0.2555,0.0
2023-10-01 05:12:00,1696137120.0,0.2555,0.2556,0.2554,0.2556,30539.6
2023-10-01 05:13:00,1696137180.0,0.2555,0.2556,0.2555,0.2556,1399.3
2023-10-01 05:14:00,1696137240.0,0.2556,0.2556,0.2555,0.2556,2700.8
2023-10-01 05:15:00,1696137300.0,0.2556,0.2556,0.2555,0.2555,9599.6
2023-10-01 05:16:00,1696137360.0,0.2555,0.2556,0.2555,0.2555,3333.9
2023-10-01 05:17:00,1696137420.0,0.2556,0.2556,0.2555,0.2556,864.5
2023-10-01 05:18:00,1696137480.0,0.2556,0.2556,0.2555,0.2556,8510.1
2023-10-01 05:19:00,1696137540.0,0.2555,0.2556,0.2555,0.2556,2343.9
2023-10-01 05:20:00,1696137600.0,0.2556,0.2556,0.2556,0.2556,2161.5
2023-10-01 05:21:00,1696137660.0,0.2556,0.2558,0.2556,0.2558,70557.3
2023-10-01 05:22:00,1696137720.0,0.2557,0.2559,0.2557,0.2559,8034.5
2023-10-01 05:23:00,1696137780.0,0.2558,0.2559,0.2556,0.2557,30343.1
2023-10-01 05:24:00,1696137840.0,0.2557,0.2559,0.2557,0.2559,99341.7
2023-10-01 05:25:00,1696137900.0,0.2558,0.2559,0.2558,0.2558,27606.4
2023-10-01 05:26:00,1696137960.0,0.2558,0.2559,0.2558,0.2559,31692.6
2023-10-01 05:27:00,1696138020.0,0.2559,0.2559,0.2558,0.2559,40450.4
2023-10-01 05:28:00,1696138080.0,0.2559,0.256,0.2559,0.256,307.0
2023-10-01 05:29:00,1696138140.0,0.256,0.256,0.2559,0.256,2634.7
2023-10-01 05:30:00,1696138200.0,0.256,0.256,0.2558,0.2558,39115.2
2023-10-01 05:31:00,1696138260.0,0.2558,0.2559,0.2558,0.2558,7213.4
2023-10-01 05:32:00,1696138320.0,0.2558,0.2558,0.2556,0.2557,24747.7
2023-10-01 05:33:00,1696138380.0,0.2557,0.2558,0.2557,0.2558,5322.2
2023-10-01 05:34:00,1696138440.0,0.2558,0.2559,0.2558,0.2558,17991.9
2023-10-01 05:35:00,1696138500.0,0.2558,0.2559,0.2557,0.2559,26350.1
2023-10-01 05:36:00,1696138560.0,0.2558,0.2558,0.2557,0.2557,4771.4
2023-10-01 05:37:00,1696138620.0,0.2558,0.2558,0.2557,0.2557,14884.9
2023-10-01 05:38:00,1696138680.0,0.2556,0.2557,0.2556,0.2557,11748.0
2023-10-01 05:39:00,1696138740.0,0.2557,0.2557,0.2556,0.2557,3909.7
2023-10-01 05:40:00,1696138800.0,0.2557,0.2557,0.2556,0.2556,9537.1
2023-10-01 05:41:00,1696138860.0,0.2556,0.2557,0.2556,0.2556,12369.4
2023-10-01 05:42:00,1696138920.0,0.2556,0.2556,0.2556,0.2556,0.0
2023-10-01 05:43:00,1696138980.0,0.2557,0.2558,0.2557,0.2558,38481.5
2023-10-01 05:44:00,1696139040.0,0.2558,0.2558,0.2557,0.2558,1897.5
2023-10-01 05:45:00,1696139100.0,0.2558,0.256,0.2556,0.2558,198410.7
2023-10-01 05:46:00,1696139160.0,0.2558,0.2558,0.2557,0.2557,1506.4
2023-10-01 05:47:00,1696139220.0,0.2557,0.2558,0.2557,0.2558,12083.0
2023-10-01 05:48:00,1696139280.0,0.2557,0.2558,0.2557,0.2558,78401.9
2023-10-01 05:49:00,1696139340.0,0.2558,0.2559,0.2557,0.2558,11279.0
2023-10-01 05:50:00,1696139400.0,0.2558,0.2559,0.2558,0.2558,16585.7
2023-10-01 05:51:00,1696139460.0,0.2557,0.2557,0.2556,0.2557,30670.6
2023-10-01 05:52:00,1696139520.0,0.2557,0.2558,0.2557,0.2557,5469.0
2023-10-01 05:53:00,1696139580.0,0.2558,0.2558,0.2557,0.2558,1257.1
2023-10-01 05:54:00,1696139640.0,0.2558,0.2558,0.2557,0.2557,9276.9
2023-10-01 05:55:00,1696139700.0,0.2557,0.2557,0.2556,0.2557,13548.8
2023-10-01 05:56:00,1696139760.0,0.2556,0.2557,0.2556,0.2557,4025.0
2023-10-01 05:57:00,1696139820.0,0.2557,0.2558,0.2557,0.2558,12215.3
2023-10-01 05:58:00,1696139880.0,0.2557,0.2558,0.2557,0.2558,12240.7
2023-10-01 05:59:00,1696139940.0,0.2558,0.2559,0.2558,0.2559,1670.2
2023-10-01 06:00:00,1696140000.0,0.2559,0.2559,0.2558,0.2559,7959.5
2023-10-01 06:01:00,1696140060.0,0.2559,0.2559,0.2558,0.2558,1018.5
2023-10-01 06:02:00,1696140120.0,0.2558,0.2559,0.2558,0.2559,503.0
2023-10-01 06:03:00,1696140180.0,0.2559,0.256,0.2558,0.2558,58697.6
2023-10-01 06:04:00,1696140240.0,0.2558,0.2559,0.2558,0.2559,2656.4
2023-10-01 06:05:00,1696140300.0,0.2559,0.256,0.2559,0.256,4184.8
2023-10-01 06:06:00,1696140360.0,0.256,0.256,0.256,0.256,23184.3
2023-10-01 06:07:00,1696140420.0,0.256,0.2564,0.256,0.2562,181596.6
2023-10-01 06:08:00,1696140480.0,0.2563,0.2564,0.2562,0.2563,105663.8
2023-10-01 06:09:00,1696140540.0,0.2562,0.2563,0.2561,0.2562,21834.3
2023-10-01 06:10:00,1696140600.0,0.2561,0.2562,0.256,0.256,46417.0
2023-10-01 06:11:00,1696140660.0,0.256,0.2561,0.256,0.256,1851.7
2023-10-01 06:12:00,1696140720.0,0.2561,0.2561,0.2561,0.2561,256.4
2023-10-01 06:13:00,1696140780.0,0.256,0.2563,0.256,0.2563,28394.2
2023-10-01 06:14:00,1696140840.0,0.2563,0.2564,0.2562,0.2562,27491.7
2023-10-01 06:15:00,1696140900.0,0.2563,0.2564,0.2562,0.2563,27886.3
2023-10-01 06:16:00,1696140960.0,0.2563,0.2563,0.2562,0.2562,2681.9
2023-10-01 06:17:00,1696141020.0,0.2562,0.2562,0.2561,0.2561,6542.1
2023-10-01 06:18:00,1696141080.0,0.2561,0.2562,0.2561,0.2562,4255.1
2023-10-01 06:19:00,1696141140.0,0.2562,0.2562,0.2561,0.2561,7819.4
2023-10-01 06:20:00,1696141200.0,0.2561,0.2561,0.2558,0.2559,27363.1
2023-10-01 06:21:00,1696141260.0,0.2559,0.2559,0.2558,0.2558,3606.2
2023-10-01 06:22:00,1696141320.0,0.2558,0.2559,0.2557,0.2557,28213.0
2023-10-01 06:23:00,1696141380.0,0.2557,0.2557,0.2554,0.2556,85845.3
2023-10-01 06:24:00,1696141440.0,0.2556,0.2556,0.2556,0.2556,59098.2
2023-10-01 06:25:00,1696141500.0,0.2556,0.2556,0.2555,0.2556,12265.5
2023-10-01 06:26:00,1696141560.0,0.2556,0.2556,0.2556,0.2556,2971.6
2023-10-01 06:27:00,1696141620.0,0.2557,0.2557,0.2556,0.2557,8023.0
2023-10-01 06:28:00,1696141680.0,0.2556,0.2556,0.2556,0.2556,4454.0
2023-10-01 06:29:00,1696141740.0,0.2556,0.2557,0.2555,0.2555,21142.2
2023-10-01 06:30:00,1696141800.0,0.2556,0.2556,0.2554,0.2555,5826.7
2023-10-01 06:31:00,1696141860.0,0.2554,0.2555,0.2554,0.2555,35538.5
2023-10-01 06:32:00,1696141920.0,0.2556,0.2557,0.2555,0.2556,2641.4
2023-10-01 06:33:00,1696141980.0,0.2555,0.2557,0.2554,0.2557,23681.1
2023-10-01 06:34:00,1696142040.0,0.2557,0.2559,0.2557,0.2558,59333.2
2023-10-01 06:35:00,1696142100.0,0.2557,0.2557,0.2556,0.2556,4864.6
2023-10-01 06:36:00,1696142160.0,0.2557,0.2557,0.2557,0.2557,421.5
2023-10-01 06:37:00,1696142220.0,0.2556,0.2557,0.2556,0.2556,5844.8
2023-10-01 06:38:00,1696142280.0,0.2556,0.2556,0.2554,0.2554,29365.2
2023-10-01 06:39:00,1696142340.0,0.2555,0.2555,0.2555,0.2555,4486.6
2023-10-01 06:40:00,1696142400.0,0.2555,0.2555,0.2554,0.2554,3068.0
2023-10-01 06:41:00,1696142460.0,0.2554,0.2555,0.2554,0.2554,10778.7
2023-10-01 06:42:00,1696142520.0,0.2553,0.2555,0.2553,0.2554,21711.9
2023-10-01 06:43:00,1696142580.0,0.2555,0.2555,0.2554,0.2554,14858.4
2023-10-01 06:44:00,1696142640.0,0.2555,0.2555,0.2555,0.2555,430.4
2023-10-01 06:45:00,1696142700.0,0.2555,0.2556,0.2554,0.2556,52648.2
2023-10-01 06:46:00,1696142760.0,0.2556,0.2557,0.2556,0.2556,16752.0
2023-10-01 06:47:00,1696142820.0,0.2556,0.2556,0.2555,0.2555,11037.7
2023-10-01 06:48:00,1696142880.0,0.2555,0.2556,0.2555,0.2555,16681.6
2023-10-01 06:49:00,1696142940.0,0.2554,0.2555,0.2554,0.2554,7378.5
2023-10-01 06:50:00,1696143000.0,0.2555,0.2555,0.2554,0.2554,10008.2
2023-10-01 06:51:00,1696143060.0,0.2553,0.2553,0.2553,0.2553,11328.8
2023-10-01 06:52:00,1696143120.0,0.2554,0.2555,0.2553,0.2554,51254.5
2023-10-01 06:53:00,1696143180.0,0.2555,0.2555,0.2554,0.2554,9548.6
2023-10-01 06:54:00,1696143240.0,0.2554,0.2555,0.2554,0.2554,2240.2
2023-10-01 06:55:00,1696143300.0,0.2555,0.2555,0.2554,0.2555,1595.3
2023-10-01 06:56:00,1696143360.0,0.2554,0.2554,0.2554,0.2554,1667.8
2023-10-01 06:57:00,1696143420.0,0.2555,0.2555,0.2553,0.2554,8906.2
2023-10-01 06:58:00,1696143480.0,0.2554,0.2554,0.2554,0.2554,2105.3
2023-10-01 06:59:00,1696143540.0,0.2553,0.2554,0.2553,0.2554,3042.2
2023-10-01 07:00:00,1696143600.0,0.2553,0.2556,0.2553,0.2555,49335.2
2023-10-01 07:01:00,1696143660.0,0.2555,0.2555,0.2554,0.2554,96.4
2023-10-01 07:02:00,1696143720.0,0.2554,0.2554,0.2552,0.2554,67644.6
2023-10-01 07:03:00,1696143780.0,0.2554,0.2554,0.2553,0.2554,15468.8
2023-10-01 07:04:00,1696143840.0,0.2554,0.2555,0.2553,0.2554,2530.0
2023-10-01 07:05:00,1696143900.0,0.2554,0.2555,0.2554,0.2555,8174.4
2023-10-01 07:06:00,1696143960.0,0.2554,0.2555,0.2554,0.2555,18206.0
2023-10-01 07:07:00,1696144020.0,0.2555,0.2556,0.2555,0.2556,33851.4
2023-10-01 07:08:00,1696144080.0,0.2556,0.2556,0.2554,0.2554,94468.9
2023-10-01 07:09:00,1696144140.0,0.2554,0.2555,0.2554,0.2554,51779.1
2023-10-01 07:10:00,1696144200.0,0.2554,0.2554,0.2553,0.2553,91285.9
2023-10-01 07:11:00,1696144260.0,0.2554,0.2556,0.2554,0.2556,13665.8
2023-10-01 07:12:00,1696144320.0,0.2556,0.2557,0.2556,0.2556,36290.4
2023-10-01 07:13:00,1696144380.0,0.2557,0.2558,0.2557,0.2557,1569.9
2023-10-01 07:14:00,1696144440.0,0.2558,0.2558,0.2557,0.2557,5425.4
2023-10-01 07:15:00,1696144500.0,0.2558,0.2558,0.2557,0.2558,4688.5
2023-10-01 07:16:00,1696144560.0,0.2557,0.2558,0.2556,0.2557,31597.2
2023-10-01 07:17:00,1696144620.0,0.2557,0.2557,0.2556,0.2556,45764.9
2023-10-01 07:18:00,1696144680.0,0.2555,0.2555,0.2554,0.2555,117715.2
2023-10-01 07:19:00,1696144740.0,0.2556,0.2556,0.2555,0.2556,3507.7
2023-10-01 07:20:00,1696144800.0,0.2556,0.2556,0.2555,0.2555,2792.1
2023-10-01 07:21:00,1696144860.0,0.2555,0.2556,0.2555,0.2555,5357.3
2023-10-01 07:22:00,1696144920.0,0.2556,0.2556,0.2556,0.2556,24916.3
2023-10-01 07:23:00,1696144980.0,0.2556,0.2557,0.2555,0.2556,23146.9
2023-10-01 07:24:00,1696145040.0,0.2557,0.2557,0.2557,0.2557,4477.4
2023-10-01 07:25:00,1696145100.0,0.2556,0.2557,0.2556,0.2556,3235.5
2023-10-01 07:26:00,1696145160.0,0.2556,0.2557,0.2556,0.2556,34406.9
2023-10-01 07:27:00,1696145220.0,0.2556,0.2556,0.2554,0.2554,47126.9
2023-10-01 07:28:00,1696145280.0,0.2554,0.2554,0.2552,0.2553,60935.9
2023-10-01 07:29:00,1696145340.0,0.2553,0.2554,0.2552,0.2554,13941.8
2023-10-01 07:30:00,1696145400.0,0.2554,0.2554,0.2552,0.2553,14227.1
2023-10-01 07:31:00,1696145460.0,0.2554,0.2554,0.2553,0.2553,2478.4
2023-10-01 07:32:00,1696145520.0,0.2553,0.2553,0.2553,0.2553,3352.6
2023-10-01 07:33:00,1696145580.0,0.2554,0.2554,0.2553,0.2554,11496.7
2023-10-01 07:34:00,1696145640.0,0.2554,0.2554,0.2553,0.2553,48201.7
2023-10-01 07:35:00,1696145700.0,0.2554,0.2555,0.2554,0.2555,12984.6
2023-10-01 07:36:00,1696145760.0,0.2555,0.2555,0.2554,0.2555,9664.5
2023-10-01 07:37:00,1696145820.0,0.2555,0.2556,0.2554,0.2556,51106.8
2023-10-01 07:38:00,1696145880.0,0.2556,0.2557,0.2556,0.2556,22195.8
2023-10-01 07:39:00,1696145940.0,0.2556,0.2557,0.2556,0.2556,9816.2
2023-10-01 07:40:00,1696146000.0,0.2557,0.2557,0.2556,0.2557,11113.2
2023-10-01 07:41:00,1696146060.0,0.2557,0.2557,0.2555,0.2557,15322.9
2023-10-01 07:42:00,1696146120.0,0.2556,0.2556,0.2555,0.2556,29326.4
2023-10-01 07:43:00,1696146180.0,0.2556,0.2556,0.2555,0.2556,84770.4
2023-10-01 07:44:00,1696146240.0,0.2556,0.2557,0.2555,0.2556,141532.0
2023-10-01 07:45:00,1696146300.0,0.2556,0.2556,0.2555,0.2556,26919.5
2023-10-01 07:46:00,1696146360.0,0.2556,0.2558,0.2556,0.2558,25269.9
2023-10-01 07:47:00,1696146420.0,0.2558,0.2559,0.2557,0.2558,89795.0
2023-10-01 07:48:00,1696146480.0,0.2558,0.2559,0.2558,0.2559,13173.3
2023-10-01 07:49:00,1696146540.0,0.2558,0.2559,0.2558,0.2559,14843.8
2023-10-01 07:50:00,1696146600.0,0.2559,0.2559,0.2558,0.2559,34088.9
2023-10-01 07:51:00,1696146660.0,0.2558,0.2559,0.2558,0.2559,23990.0
2023-10-01 07:52:00,1696146720.0,0.2558,0.256,0.2558,0.256,44686.2
2023-10-01 07:53:00,1696146780.0,0.256,0.256,0.2559,0.256,17039.4
2023-10-01 07:54:00,1696146840.0,0.256,0.256,0.2559,0.256,12722.0
2023-10-01 07:55:00,1696146900.0,0.256,0.256,0.2559,0.256,9419.7
2023-10-01 07:56:00,1696146960.0,0.2559,0.256,0.2557,0.2558,27426.3
2023-10-01 07:57:00,1696147020.0,0.2558,0.2558,0.2557,0.2558,9776.7
2023-10-01 07:58:00,1696147080.0,0.2558,0.2558,0.2557,0.2558,3408.7
2023-10-01 07:59:00,1696147140.0,0.2558,0.2558,0.2558,0.2558,854.8
2023-10-01 08:00:00,1696147200.0,0.2558,0.2558,0.2557,0.2558,12579.2
2023-10-01 08:01:00,1696147260.0,0.2558,0.2558,0.2557,0.2557,1538.7
2023-10-01 08:02:00,1696147320.0,0.2557,0.2558,0.2557,0.2558,1688.7
2023-10-01 08:03:00,1696147380.0,0.2557,0.2558,0.2556,0.2557,25748.8
2023-10-01 08:04:00,1696147440.0,0.2558,0.2558,0.2557,0.2557,1154.9
2023-10-01 08:05:00,1696147500.0,0.2557,0.2558,0.2557,0.2558,1788.8
2023-10-01 08:06:00,1696147560.0,0.2557,0.2558,0.2557,0.2557,5386.7
2023-10-01 08:07:00,1696147620.0,0.2557,0.2557,0.2557,0.2557,23583.1
2023-10-01 08:08:00,1696147680.0,0.2556,0.2556,0.2556,0.2556,2118.7
2023-10-01 08:09:00,1696147740.0,0.2556,0.2558,0.2556,0.2558,22388.2
2023-10-01 08:10:00,1696147800.0,0.2557,0.2558,0.2557,0.2558,7461.3
2023-10-01 08:11:00,1696147860.0,0.2557,0.2557,0.2555,0.2555,20824.5
2023-10-01 08:12:00,1696147920.0,0.2556,0.2556,0.2555,0.2555,7390.8
2023-10-01 08:13:00,1696147980.0,0.2555,0.2556,0.2555,0.2556,20111.9
2023-10-01 08:14:00,1696148040.0,0.2555,0.2555,0.2554,0.2555,27344.4
2023-10-01 08:15:00,1696148100.0,0.2555,0.2555,0.2555,0.2555,3891.1
2023-10-01 08:16:00,1696148160.0,0.2555,0.2555,0.2554,0.2554,7306.9
2023-10-01 08:17:00,1696148220.0,0.2554,0.2555,0.2554,0.2554,17910.5
2023-10-01 08:18:00,1696148280.0,0.2554,0.2555,0.2554,0.2554,24458.7
2023-10-01 08:19:00,1696148340.0,0.2555,0.2555,0.2553,0.2554,143778.6
2023-10-01 08:20:00,1696148400.0,0.2554,0.2555,0.2553,0.2553,16573.0
2023-10-01 08:21:00,1696148460.0,0.2553,0.2553,0.2551,0.2551,54474.9
2023-10-01 08:22:00,1696148520.0,0.2551,0.2552,0.2551,0.2551,7396.1
2023-10-01 08:23:00,1696148580.0,0.2551,0.2551,0.255,0.255,146350.9
2023-10-01 08:24:00,1696148640.0,0.2551,0.2553,0.2551,0.2552,42177.9
2023-10-01 08:25:00,1696148700.0,0.2552,0.2553,0.2552,0.2552,13016.2
2023-10-01 08:26:00,1696148760.0,0.2552,0.2554,0.2552,0.2553,12929.9
2023-10-01 08:27:00,1696148820.0,0.2554,0.2554,0.2552,0.2553,139758.7
2023-10-01 08:28:00,1696148880.0,0.2553,0.2553,0.2552,0.2552,4449.1
2023-10-01 08:29:00,1696148940.0,0.2553,0.2554,0.2553,0.2553,20097.2
2023-10-01 08:30:00,1696149000.0,0.2554,0.2554,0.2553,0.2553,4898.2
2023-10-01 08:31:00,1696149060.0,0.2553,0.2554,0.2553,0.2554,4886.8
2023-10-01 08:32:00,1696149120.0,0.2554,0.2554,0.2552,0.2553,17923.0
2023-10-01 08:33:00,1696149180.0,0.2553,0.2554,0.2553,0.2554,4782.6
2023-10-01 08:34:00,1696149240.0,0.2554,0.2555,0.2554,0.2555,8854.5
2023-10-01 08:35:00,1696149300.0,0.2555,0.2556,0.2555,0.2555,17291.0
2023-10-01 08:36:00,1696149360.0,0.2556,0.2557,0.2556,0.2557,11600.9
2023-10-01 08:37:00,1696149420.0,0.2557,0.2557,0.2556,0.2557,9285.3
2023-10-01 08:38:00,1696149480.0,0.2556,0.2557,0.2556,0.2557,11373.5
2023-10-01 08:39:00,1696149540.0,0.2557,0.2557,0.2555,0.2556,38647.9
2023-10-01 08:40:00,1696149600.0,0.2555,0.2556,0.2555,0.2556,22384.5
2023-10-01 08:41:00,1696149660.0,0.2556,0.2556,0.2555,0.2556,13612.6
2023-10-01 08:42:00,1696149720.0,0.2556,0.2557,0.2556,0.2557,15651.7
2023-10-01 08:43:00,1696149780.0,0.2557,0.2557,0.2556,0.2557,5577.6
2023-10-01 08:44:00,1696149840.0,0.2557,0.2558,0.2557,0.2557,24415.3
2023-10-01 08:45:00,1696149900.0,0.2558,0.256,0.2558,0.2559,56837.5
2023-10-01 08:46:00,1696149960.0,0.256,0.256,0.2558,0.2558,30340.8
2023-10-01 08:47:00,1696150020.0,0.2558,0.2559,0.2558,0.2559,14678.1
2023-10-01 08:48:00,1696150080.0,0.2559,0.2559,0.2558,0.2559,11265.9
2023-10-01 08:49:00,1696150140.0,0.2558,0.256,0.2558,0.2559,187708.8
2023-10-01 08:50:00,1696150200.0,0.2559,0.256,0.2559,0.2559,28070.5
2023-10-01 08:51:00,1696150260.0,0.256,0.256,0.256,0.256,9618.3
2023-10-01 08:52:00,1696150320.0,0.2561,0.2562,0.2561,0.2561,212072.7
2023-10-01 08:53:00,1696150380.0,0.2561,0.2562,0.2561,0.2562,55144.3
2023-10-01 08:54:00,1696150440.0,0.2562,0.2562,0.2561,0.2561,2034.4
2023-10-01 08:55:00,1696150500.0,0.2561,0.2562,0.2561,0.2562,10720.1
2023-10-01 08:56:00,1696150560.0,0.2562,0.2563,0.2561,0.2562,15092.7
2023-10-01 08:57:00,1696150620.0,0.2561,0.2562,0.256,0.256,15348.2
2023-10-01 08:58:00,1696150680.0,0.256,0.256,0.2559,0.256,4682.0
2023-10-01 08:59:00,1696150740.0,0.256,0.2561,0.256,0.2561,26045.9
2023-10-01 09:00:00,1696150800.0,0.2562,0.2562,0.2561,0.2562,5196.1
2023-10-01 09:01:00,1696150860.0,0.2561,0.2562,0.2561,0.2562,1537.1
2023-10-01 09:02:00,1696150920.0,0.2562,0.2562,0.2561,0.2561,1204.1
2023-10-01 09:03:00,1696150980.0,0.2562,0.2562,0.2561,0.2561,5207.7
2023-10-01 09:04:00,1696151040.0,0.2562,0.2562,0.2561,0.2562,10897.4
2023-10-01 09:05:00,1696151100.0,0.2561,0.2562,0.2561,0.2561,45307.3
2023-10-01 09:06:00,1696151160.0,0.2561,0.2561,0.2561,0.2561,2445.0
2023-10-01 09:07:00,1696151220.0,0.256,0.2561,0.256,0.2561,4995.3
2023-10-01 09:08:00,1696151280.0,0.256,0.2561,0.256,0.256,1127.6
2023-10-01 09:09:00,1696151340.0,0.2561,0.2561,0.256,0.2561,12387.1
2023-10-01 09:10:00,1696151400.0,0.2561,0.2561,0.256,0.256,20849.0
2023-10-01 09:11:00,1696151460.0,0.256,0.256,0.256,0.256,4097.8
2023-10-01 09:12:00,1696151520.0,0.256,0.2561,0.256,0.2561,11001.7
2023-10-01 09:13:00,1696151580.0,0.2562,0.2564,0.2561,0.2563,33932.3
2023-10-01 09:14:00,1696151640.0,0.2564,0.2565,0.2563,0.2563,26238.7
2023-10-01 09:15:00,1696151700.0,0.2564,0.2565,0.2563,0.2565,87414.9
2023-10-01 09:16:00,1696151760.0,0.2565,0.2566,0.2561,0.2561,176453.8
2023-10-01 09:17:00,1696151820.0,0.2562,0.2563,0.256,0.2561,76989.3
2023-10-01 09:18:00,1696151880.0,0.2561,0.2561,0.256,0.256,7080.0
2023-10-01 09:19:00,1696151940.0,0.256,0.2561,0.256,0.256,1909.1
2023-10-01 09:20:00,1696152000.0,0.256,0.2561,0.2559,0.2559,15654.1
2023-10-01 09:21:00,1696152060.0,0.2559,0.2561,0.2559,0.256,23515.0
2023-10-01 09:22:00,1696152120.0,0.256,0.2562,0.256,0.2561,15869.0
2023-10-01 09:23:00,1696152180.0,0.2562,0.2563,0.2562,0.2562,13969.8
2023-10-01 09:24:00,1696152240.0,0.2562,0.2563,0.2562,0.2562,7171.8
2023-10-01 09:25:00,1696152300.0,0.2561,0.2562,0.2561,0.2562,2028.2
2023-10-01 09:26:00,1696152360.0,0.2563,0.2565,0.2563,0.2565,42794.3
2023-10-01 09:27:00,1696152420.0,0.2565,0.2571,0.2565,0.2567,377854.1
2023-10-01 09:28:00,1696152480.0,0.2566,0.2568,0.2565,0.2565,82253.0
2023-10-01 09:29:00,1696152540.0,0.2565,0.2567,0.2565,0.2567,68880.6
2023-10-01 09:30:00,1696152600.0,0.2568,0.2568,0.2565,0.2566,195044.1
2023-10-01 09:31:00,1696152660.0,0.2566,0.2569,0.2566,0.2568,25090.9
2023-10-01 09:32:00,1696152720.0,0.2568,0.2569,0.2567,0.2568,29498.0
2023-10-01 09:33:00,1696152780.0,0.2568,0.2571,0.2568,0.2569,93037.1
2023-10-01 09:34:00,1696152840.0,0.2569,0.257,0.2569,0.2569,16717.2
2023-10-01 09:35:00,1696152900.0,0.2569,0.2569,0.2567,0.2567,21320.0
2023-10-01 09:36:00,1696152960.0,0.2567,0.2568,0.2566,0.2567,18158.1
2023-10-01 09:37:00,1696153020.0,0.2567,0.2567,0.2565,0.2566,26836.2
2023-10-01 09:38:00,1696153080.0,0.2565,0.2566,0.2565,0.2565,1007.2
2023-10-01 09:39:00,1696153140.0,0.2565,0.2566,0.2565,0.2566,47166.8
2023-10-01 09:40:00,1696153200.0,0.2567,0.2567,0.2567,0.2567,393.0
2023-10-01 09:41:00,1696153260.0,0.2567,0.2567,0.2566,0.2567,11946.1
2023-10-01 09:42:00,1696153320.0,0.2568,0.2568,0.2566,0.2566,18950.3
2023-10-01 09:43:00,1696153380.0,0.2567,0.2568,0.2567,0.2567,6993.3
2023-10-01 09:44:00,1696153440.0,0.2566,0.2567,0.2566,0.2567,20285.1
2023-10-01 09:45:00,1696153500.0,0.2567,0.2568,0.2566,0.2568,41362.4
2023-10-01 09:46:00,1696153560.0,0.2568,0.2568,0.2567,0.2567,17361.1
2023-10-01 09:47:00,1696153620.0,0.2568,0.2571,0.2567,0.257,35224.1
2023-10-01 09:48:00,1696153680.0,0.257,0.257,0.2569,0.2569,51457.9
2023-10-01 09:49:00,1696153740.0,0.257,0.2574,0.257,0.2571,93038.7
2023-10-01 09:50:00,1696153800.0,0.2571,0.2573,0.257,0.2573,37321.7
2023-10-01 09:51:00,1696153860.0,0.2573,0.2573,0.2571,0.2571,40688.7
2023-10-01 09:52:00,1696153920.0,0.257,0.2571,0.257,0.2571,17584.1
2023-10-01 09:53:00,1696153980.0,0.257,0.2571,0.257,0.257,12784.3
2023-10-01 09:54:00,1696154040.0,0.2571,0.2571,0.257,0.2571,96906.1
2023-10-01 09:55:00,1696154100.0,0.2571,0.2571,0.257,0.257,39211.8
2023-10-01 09:56:00,1696154160.0,0.2571,0.2571,0.257,0.257,10382.9
2023-10-01 09:57:00,1696154220.0,0.257,0.2571,0.257,0.2571,13442.4
2023-10-01 09:58:00,1696154280.0,0.2571,0.2571,0.2569,0.257,28321.8
2023-10-01 09:59:00,1696154340.0,0.2569,0.2571,0.2569,0.257,22589.4
2023-10-01 10:00:00,1696154400.0,0.257,0.2575,0.257,0.2575,428057.4
2023-10-01 10:01:00,1696154460.0,0.2575,0.2576,0.2572,0.2575,120792.9
2023-10-01 10:02:00,1696154520.0,0.2575,0.2581,0.2575,0.258,715712.1
2023-10-01 10:03:00,1696154580.0,0.258,0.259,0.258,0.2589,935678.8
2023-10-01 10:04:00,1696154640.0,0.2588,0.2591,0.2584,0.2586,487539.6
2023-10-01 10:05:00,1696154700.0,0.2585,0.259,0.2585,0.259,150992.1
2023-10-01 10:06:00,1696154760.0,0.2589,0.2611,0.2588,0.2596,2976381.8
2023-10-01 10:07:00,1696154820.0,0.2595,0.26,0.259,0.2597,1494241.3
2023-10-01 10:08:00,1696154880.0,0.2597,0.2601,0.2596,0.2601,391575.8
2023-10-01 10:09:00,1696154940.0,0.2601,0.2606,0.2599,0.2604,296301.8
2023-10-01 10:10:00,1696155000.0,0.2605,0.2607,0.2604,0.2604,134217.7
2023-10-01 10:11:00,1696155060.0,0.2604,0.2606,0.2602,0.2606,203943.6
2023-10-01 10:12:00,1696155120.0,0.2605,0.2606,0.2602,0.2603,198614.1
2023-10-01 10:13:00,1696155180.0,0.2603,0.261,0.2602,0.2609,221076.4
2023-10-01 10:14:00,1696155240.0,0.261,0.2614,0.2609,0.2614,569247.1
2023-10-01 10:15:00,1696155300.0,0.2613,0.2616,0.2612,0.2616,247480.6
2023-10-01 10:16:00,1696155360.0,0.2615,0.2627,0.2614,0.2624,957432.3
2023-10-01 10:17:00,1696155420.0,0.2624,0.2624,0.2616,0.2618,339433.0
2023-10-01 10:18:00,1696155480.0,0.2618,0.2618,0.2614,0.2615,299521.4
2023-10-01 10:19:00,1696155540.0,0.2616,0.2616,0.2611,0.2616,178842.0
2023-10-01 10:20:00,1696155600.0,0.2615,0.2617,0.2614,0.2617,154934.4
2023-10-01 10:21:00,1696155660.0,0.2617,0.2619,0.2616,0.2617,181352.5
2023-10-01 10:22:00,1696155720.0,0.2617,0.2621,0.2617,0.2619,272754.4
2023-10-01 10:23:00,1696155780.0,0.2618,0.262,0.2618,0.2618,143961.9
2023-10-01 10:24:00,1696155840.0,0.2618,0.262,0.2617,0.2617,116295.6
2023-10-01 10:25:00,1696155900.0,0.2617,0.2618,0.2616,0.2616,112136.0
2023-10-01 10:26:00,1696155960.0,0.2616,0.2617,0.2614,0.2615,148549.0
2023-10-01 10:27:00,1696156020.0,0.2615,0.2616,0.2611,0.2611,67646.5
2023-10-01 10:28:00,1696156080.0,0.2612,0.2616,0.2611,0.2616,78220.3
2023-10-01 10:29:00,1696156140.0,0.2616,0.2617,0.2615,0.2615,105803.8
2023-10-01 10:30:00,1696156200.0,0.2614,0.2615,0.261,0.261,100300.6
2023-10-01 10:31:00,1696156260.0,0.261,0.261,0.2605,0.2605,239396.6
2023-10-01 10:32:00,1696156320.0,0.2605,0.2606,0.2604,0.2605,146652.1
2023-10-01 10:33:00,1696156380.0,0.2604,0.2606,0.2602,0.2603,145202.5
2023-10-01 10:34:00,1696156440.0,0.2603,0.2607,0.2603,0.2607,104063.9
2023-10-01 10:35:00,1696156500.0,0.2607,0.2607,0.2603,0.2604,88692.3
2023-10-01 10:36:00,1696156560.0,0.2604,0.2605,0.2604,0.2605,33571.2
2023-10-01 10:37:00,1696156620.0,0.2605,0.2606,0.2605,0.2605,22647.4
2023-10-01 10:38:00,1696156680.0,0.2605,0.2606,0.2604,0.2604,30332.6
2023-10-01 10:39:00,1696156740.0,0.2603,0.2607,0.2603,0.2606,130768.8
2023-10-01 10:40:00,1696156800.0,0.2607,0.2611,0.2606,0.2611,70776.5
2023-10-01 10:41:00,1696156860.0,0.2611,0.2611,0.2609,0.261,120575.0
2023-10-01 10:42:00,1696156920.0,0.261,0.2611,0.2609,0.261,41022.8
2023-10-01 10:43:00,1696156980.0,0.2609,0.2609,0.2607,0.2607,50755.8
2023-10-01 10:44:00,1696157040.0,0.2607,0.2609,0.2607,0.2609,94656.7
2023-10-01 10:45:00,1696157100.0,0.2609,0.261,0.2609,0.261,47856.9
2023-10-01 10:46:00,1696157160.0,0.2609,0.261,0.2608,0.261,18130.1
2023-10-01 10:47:00,1696157220.0,0.261,0.261,0.2608,0.2609,85599.8
2023-10-01 10:48:00,1696157280.0,0.2609,0.261,0.2609,0.261,28005.7
2023-10-01 10:49:00,1696157340.0,0.261,0.2613,0.261,0.2613,32909.9
2023-10-01 10:50:00,1696157400.0,0.2612,0.2614,0.2612,0.2613,95128.1
2023-10-01 10:51:00,1696157460.0,0.2612,0.2614,0.2612,0.2614,16911.8
2023-10-01 10:52:00,1696157520.0,0.2614,0.2617,0.2614,0.2617,304819.0
2023-10-01 10:53:00,1696157580.0,0.2617,0.2619,0.2614,0.2614,193522.1
2023-10-01 10:54:00,1696157640.0,0.2615,0.2615,0.2611,0.2611,60863.2
2023-10-01 10:55:00,1696157700.0,0.2611,0.2613,0.2611,0.2613,28006.2
2023-10-01 10:56:00,1696157760.0,0.2613,0.2613,0.2611,0.2612,30575.2
2023-10-01 10:57:00,1696157820.0,0.2611,0.2614,0.2611,0.2614,102827.2
2023-10-01 10:58:00,1696157880.0,0.2614,0.2614,0.2611,0.2611,55093.8
2023-10-01 10:59:00,1696157940.0,0.2611,0.2613,0.261,0.2612,50422.5
2023-10-01 11:00:00,1696158000.0,0.2612,0.2615,0.2611,0.2612,82059.8
2023-10-01 11:01:00,1696158060.0,0.2612,0.2612,0.2609,0.2609,115546.1
2023-10-01 11:02:00,1696158120.0,0.261,0.2611,0.261,0.2611,195755.4
2023-10-01 11:03:00,1696158180.0,0.2611,0.2611,0.2608,0.2608,61957.2
2023-10-01 11:04:00,1696158240.0,0.2608,0.2609,0.2606,0.2608,85091.9
2023-10-01 11:05:00,1696158300.0,0.2608,0.2612,0.2608,0.2611,58294.2
2023-10-01 11:06:00,1696158360.0,0.2612,0.2612,0.2611,0.2612,20598.5
2023-10-01 11:07:00,1696158420.0,0.2611,0.2611,0.2608,0.2608,44132.4
2023-10-01 11:08:00,1696158480.0,0.2608,0.2609,0.2607,0.2607,9093.4
2023-10-01 11:09:00,1696158540.0,0.2607,0.2607,0.2607,0.2607,2117.8
2023-10-01 11:10:00,1696158600.0,0.2608,0.2608,0.2607,0.2607,426.3
2023-10-01 11:11:00,1696158660.0,0.2607,0.2608,0.2607,0.2608,41947.4
2023-10-01 11:12:00,1696158720.0,0.2608,0.2609,0.2608,0.2608,4271.3
2023-10-01 11:13:00,1696158780.0,0.2609,0.2609,0.2607,0.2608,22610.7
2023-10-01 11:14:00,1696158840.0,0.2608,0.261,0.2607,0.2609,61365.2
2023-10-01 11:15:00,1696158900.0,0.2608,0.2609,0.2605,0.2605,66073.2
2023-10-01 11:16:00,1696158960.0,0.2605,0.2606,0.2604,0.2604,50198.3
2023-10-01 11:17:00,1696159020.0,0.2604,0.2606,0.2604,0.2605,18033.6
2023-10-01 11:18:00,1696159080.0,0.2606,0.2609,0.2606,0.2608,82431.8
2023-10-01 11:19:00,1696159140.0,0.2609,0.2611,0.2608,0.2611,25158.7
2023-10-01 11:20:00,1696159200.0,0.2611,0.2612,0.261,0.2612,35795.3
2023-10-01 11:21:00,1696159260.0,0.2613,0.2614,0.2613,0.2614,94619.3
2023-10-01 11:22:00,1696159320.0,0.2614,0.2615,0.2613,0.2614,23351.3
2023-10-01 11:23:00,1696159380.0,0.2615,0.2618,0.2615,0.2618,216052.0
2023-10-01 11:24:00,1696159440.0,0.2617,0.2619,0.2617,0.2618,33007.2
2023-10-01 11:25:00,1696159500.0,0.2618,0.2621,0.2618,0.262,135053.7
2023-10-01 11:26:00,1696159560.0,0.262,0.2621,0.2619,0.2621,74155.0
2023-10-01 11:27:00,1696159620.0,0.2621,0.2621,0.2619,0.2619,40771.0
2023-10-01 11:28:00,1696159680.0,0.262,0.262,0.262,0.262,66857.1
2023-10-01 11:29:00,1696159740.0,0.262,0.262,0.2619,0.262,18324.4
2023-10-01 11:30:00,1696159800.0,0.262,0.2625,0.262,0.2624,213945.7
2023-10-01 11:31:00,1696159860.0,0.2624,0.2627,0.2624,0.2626,133808.4
2023-10-01 11:32:00,1696159920.0,0.2626,0.2632,0.2626,0.2631,300936.3
2023-10-01 11:33:00,1696159980.0,0.263,0.2633,0.263,0.2631,49848.3
2023-10-01 11:34:00,1696160040.0,0.2631,0.2634,0.2631,0.2632,64291.1
2023-10-01 11:35:00,1696160100.0,0.2632,0.2633,0.2629,0.263,164109.6
2023-10-01 11:36:00,1696160160.0,0.2629,0.2629,0.2627,0.2628,322776.8
2023-10-01 11:37:00,1696160220.0,0.2628,0.263,0.2628,0.2629,164148.0
2023-10-01 11:38:00,1696160280.0,0.263,0.2632,0.2629,0.2632,49748.4
2023-10-01 11:39:00,1696160340.0,0.2632,0.2633,0.263,0.263,79776.5
2023-10-01 11:40:00,1696160400.0,0.2631,0.2632,0.263,0.263,31043.1
2023-10-01 11:41:00,1696160460.0,0.2631,0.2634,0.263,0.2634,120073.0
2023-10-01 11:42:00,1696160520.0,0.2634,0.2634,0.2632,0.2633,48193.7
2023-10-01 11:43:00,1696160580.0,0.2633,0.2634,0.2632,0.2632,14457.3
2023-10-01 11:44:00,1696160640.0,0.2632,0.2633,0.2631,0.2632,97687.6
2023-10-01 11:45:00,1696160700.0,0.2633,0.2635,0.2631,0.2632,314792.9
2023-10-01 11:46:00,1696160760.0,0.2633,0.2633,0.2631,0.2631,34696.4
2023-10-01 11:47:00,1696160820.0,0.2631,0.2631,0.2627,0.2628,145375.8
2023-10-01 11:48:00,1696160880.0,0.2627,0.2629,0.2626,0.2626,54029.7
2023-10-01 11:49:00,1696160940.0,0.2626,0.2627,0.2624,0.2626,97358.9
2023-10-01 11:50:00,1696161000.0,0.2626,0.2626,0.2624,0.2624,21900.3
2023-10-01 11:51:00,1696161060.0,0.2624,0.2627,0.2624,0.2626,161844.3
2023-10-01 11:52:00,1696161120.0,0.2625,0.2626,0.2624,0.2625,47960.3
2023-10-01 11:53:00,1696161180.0,0.2625,0.2626,0.2625,0.2626,37311.9
2023-10-01 11:54:00,1696161240.0,0.2626,0.2626,0.2625,0.2625,20890.3
2023-10-01 11:55:00,1696161300.0,0.2625,0.2628,0.2624,0.2628,79682.1
2023-10-01 11:56:00,1696161360.0,0.2627,0.2627,0.2626,0.2627,16105.9
2023-10-01 11:57:00,1696161420.0,0.2626,0.2627,0.2625,0.2626,68185.5
2023-10-01 11:58:00,1696161480.0,0.2627,0.2627,0.2625,0.2625,38330.7
2023-10-01 11:59:00,1696161540.0,0.2625,0.2625,0.2622,0.2622,45595.1
2023-10-01 12:00:00,1696161600.0,0.2622,0.2626,0.2622,0.2625,204773.7
2023-10-01 12:01:00,1696161660.0,0.2625,0.2625,0.2618,0.262,426051.2
2023-10-01 12:02:00,1696161720.0,0.2619,0.2621,0.2619,0.2621,169069.5
2023-10-01 12:03:00,1696161780.0,0.2621,0.2622,0.262,0.262,13271.6
2023-10-01 12:04:00,1696161840.0,0.262,0.2621,0.262,0.262,27438.6
2023-10-01 12:05:00,1696161900.0,0.2619,0.2621,0.2619,0.262,48958.4
2023-10-01 12:06:00,1696161960.0,0.262,0.262,0.2617,0.2619,47433.5
2023-10-01 12:07:00,1696162020.0,0.2618,0.2618,0.2615,0.2616,79875.1
2023-10-01 12:08:00,1696162080.0,0.2617,0.2617,0.2615,0.2615,53689.0
2023-10-01 12:09:00,1696162140.0,0.2615,0.2616,0.2613,0.2613,108648.2
2023-10-01 12:10:00,1696162200.0,0.2613,0.2615,0.2613,0.2613,110835.6
2023-10-01 12:11:00,1696162260.0,0.2613,0.2615,0.2612,0.2615,66763.8
2023-10-01 12:12:00,1696162320.0,0.2614,0.2615,0.2613,0.2613,27122.4
2023-10-01 12:13:00,1696162380.0,0.2612,0.2612,0.2611,0.2611,34548.5
2023-10-01 12:14:00,1696162440.0,0.2612,0.2612,0.2608,0.2608,95266.6
2023-10-01 12:15:00,1696162500.0,0.2609,0.261,0.2607,0.261,115749.2
2023-10-01 12:16:00,1696162560.0,0.261,0.261,0.2607,0.2607,73396.7
2023-10-01 12:17:00,1696162620.0,0.2607,0.2609,0.2607,0.2607,103269.4
2023-10-01 12:18:00,1696162680.0,0.2607,0.261,0.2605,0.2609,197770.8
2023-10-01 12:19:00,1696162740.0,0.2609,0.261,0.2609,0.2609,11182.5
2023-10-01 12:20:00,1696162800.0,0.261,0.261,0.2609,0.2609,32300.4
2023-10-01 12:21:00,1696162860.0,0.261,0.2611,0.2609,0.2611,48542.9
2023-10-01 12:22:00,1696162920.0,0.2611,0.2613,0.261,0.261,81158.0
2023-10-01 12:23:00,1696162980.0,0.261,0.261,0.2609,0.261,56434.1
2023-10-01 12:24:00,1696163040.0,0.2609,0.261,0.2609,0.261,11229.1
2023-10-01 12:25:00,1696163100.0,0.261,0.2612,0.261,0.2611,30159.9
2023-10-01 12:26:00,1696163160.0,0.2611,0.2612,0.2611,0.2612,15270.9
2023-10-01 12:27:00,1696163220.0,0.2613,0.2616,0.2613,0.2615,15910.7
2023-10-01 12:28:00,1696163280.0,0.2615,0.2617,0.2615,0.2617,34684.0
2023-10-01 12:29:00,1696163340.0,0.2617,0.2617,0.2616,0.2616,79014.5
2023-10-01 12:30:00,1696163400.0,0.2616,0.2616,0.2613,0.2613,52289.5
2023-10-01 12:31:00,1696163460.0,0.2613,0.2616,0.2613,0.2616,28152.8
2023-10-01 12:32:00,1696163520.0,0.2616,0.2616,0.2615,0.2615,108062.6
2023-10-01 12:33:00,1696163580.0,0.2616,0.2617,0.2614,0.2616,101128.7
2023-10-01 12:34:00,1696163640.0,0.2617,0.2619,0.2617,0.2618,69327.0
2023-10-01 12:35:00,1696163700.0,0.2618,0.2618,0.2617,0.2617,4553.4
2023-10-01 12:36:00,1696163760.0,0.2618,0.2619,0.2616,0.2618,49339.5
2023-10-01 12:37:00,1696163820.0,0.2619,0.262,0.2619,0.262,91422.5
2023-10-01 12:38:00,1696163880.0,0.262,0.2621,0.262,0.2621,49876.2
2023-10-01 12:39:00,1696163940.0,0.2621,0.2622,0.2619,0.2619,47471.3
2023-10-01 12:40:00,1696164000.0,0.2618,0.2619,0.2617,0.2619,44793.6
2023-10-01 12:41:00,1696164060.0,0.2619,0.262,0.2619,0.262,13288.3
2023-10-01 12:42:00,1696164120.0,0.262,0.2621,0.262,0.262,81326.7
2023-10-01 12:43:00,1696164180.0,0.262,0.2622,0.262,0.2621,7695.8
2023-10-01 12:44:00,1696164240.0,0.2621,0.2621,0.2619,0.262,51436.6
2023-10-01 12:45:00,1696164300.0,0.2619,0.262,0.2618,0.262,24585.3
2023-10-01 12:46:00,1696164360.0,0.262,0.2622,0.262,0.2621,9616.7
2023-10-01 12:47:00,1696164420.0,0.2621,0.2623,0.2621,0.2622,82314.1
2023-10-01 12:48:00,1696164480.0,0.2623,0.2624,0.2622,0.2622,102498.6
2023-10-01 12:49:00,1696164540.0,0.2622,0.2622,0.2619,0.2619,34193.3
2023-10-01 12:50:00,1696164600.0,0.262,0.262,0.2619,0.262,3462.2
2023-10-01 12:51:00,1696164660.0,0.2619,0.2621,0.2619,0.262,39052.5
2023-10-01 12:52:00,1696164720.0,0.262,0.262,0.2619,0.262,23501.7
2023-10-01 12:53:00,1696164780.0,0.262,0.262,0.2619,0.262,44459.9
2023-10-01 12:54:00,1696164840.0,0.262,0.262,0.2616,0.2616,77004.9
2023-10-01 12:55:00,1696164900.0,0.2616,0.2617,0.2615,0.2617,141347.9
2023-10-01 12:56:00,1696164960.0,0.2616,0.2617,0.2615,0.2617,39102.7
2023-10-01 12:57:00,1696165020.0,0.2617,0.2618,0.2616,0.2617,29317.5
2023-10-01 12:58:00,1696165080.0,0.2617,0.2618,0.2616,0.2617,24291.9
2023-10-01 12:59:00,1696165140.0,0.2617,0.2618,0.2617,0.2617,26626.4
2023-10-01 13:00:00,1696165200.0,0.2617,0.2617,0.2616,0.2616,24739.4
2023-10-01 13:01:00,1696165260.0,0.2616,0.2616,0.2615,0.2615,24655.4
2023-10-01 13:02:00,1696165320.0,0.2615,0.2618,0.2615,0.2617,204743.1
2023-10-01 13:03:00,1696165380.0,0.2617,0.2617,0.2616,0.2616,29064.9
2023-10-01 13:04:00,1696165440.0,0.2615,0.2615,0.2614,0.2615,83570.6
2023-10-01 13:05:00,1696165500.0,0.2615,0.2615,0.2614,0.2615,5588.6
2023-10-01 13:06:00,1696165560.0,0.2615,0.2615,0.2612,0.2613,51524.5
2023-10-01 13:07:00,1696165620.0,0.2613,0.2615,0.2611,0.2614,100614.2
2023-10-01 13:08:00,1696165680.0,0.2614,0.2614,0.2612,0.2612,57220.6
2023-10-01 13:09:00,1696165740.0,0.2612,0.2614,0.2612,0.2613,66257.9
2023-10-01 13:10:00,1696165800.0,0.2613,0.2615,0.2613,0.2614,17114.4
2023-10-01 13:11:00,1696165860.0,0.2615,0.2615,0.2612,0.2612,123329.5
2023-10-01 13:12:00,1696165920.0,0.2612,0.2612,0.2611,0.2611,27894.5
2023-10-01 13:13:00,1696165980.0,0.2611,0.2612,0.261,0.2611,48549.2
2023-10-01 13:14:00,1696166040.0,0.2612,0.2612,0.2611,0.2612,31477.2
2023-10-01 13:15:00,1696166100.0,0.2612,0.2613,0.2612,0.2612,10106.1
2023-10-01 13:16:00,1696166160.0,0.2613,0.2613,0.2612,0.2613,20981.2
2023-10-01 13:17:00,1696166220.0,0.2613,0.2614,0.2613,0.2614,2416.2
2023-10-01 13:18:00,1696166280.0,0.2614,0.2617,0.2613,0.2615,90695.1
2023-10-01 13:19:00,1696166340.0,0.2614,0.2615,0.2613,0.2615,49217.3
2023-10-01 13:20:00,1696166400.0,0.2615,0.2616,0.2615,0.2616,20126.1
2023-10-01 13:21:00,1696166460.0,0.2616,0.262,0.2616,0.2618,78524.0
2023-10-01 13:22:00,1696166520.0,0.2619,0.2621,0.2618,0.262,56999.5
2023-10-01 13:23:00,1696166580.0,0.262,0.262,0.2618,0.2618,14592.2
2023-10-01 13:24:00,1696166640.0,0.2619,0.2619,0.2618,0.2618,3919.9
2023-10-01 13:25:00,1696166700.0,0.2619,0.2619,0.2616,0.2616,27948.3
2023-10-01 13:26:00,1696166760.0,0.2616,0.2616,0.2616,0.2616,8646.6
2023-10-01 13:27:00,1696166820.0,0.2617,0.2617,0.2616,0.2616,51442.0
2023-10-01 13:28:00,1696166880.0,0.2616,0.262,0.2616,0.262,68489.8
2023-10-01 13:29:00,1696166940.0,0.262,0.262,0.2619,0.2619,44868.8
2023-10-01 13:30:00,1696167000.0,0.262,0.262,0.2616,0.2618,56000.5
2023-10-01 13:31:00,1696167060.0,0.2618,0.2619,0.2616,0.2616,8509.9
2023-10-01 13:32:00,1696167120.0,0.2616,0.2617,0.2616,0.2617,22597.4
2023-10-01 13:33:00,1696167180.0,0.2617,0.2618,0.2617,0.2618,7363.9
2023-10-01 13:34:00,1696167240.0,0.2617,0.2617,0.2615,0.2615,30954.9
2023-10-01 13:35:00,1696167300.0,0.2615,0.2616,0.2615,0.2615,29822.4
2023-10-01 13:36:00,1696167360.0,0.2615,0.2616,0.2615,0.2615,9602.0
2023-10-01 13:37:00,1696167420.0,0.2616,0.2617,0.2616,0.2617,25445.1
2023-10-01 13:38:00,1696167480.0,0.2616,0.2618,0.2615,0.2618,32761.1
2023-10-01 13:39:00,1696167540.0,0.2619,0.2622,0.2619,0.2622,57284.1
2023-10-01 13:40:00,1696167600.0,0.2622,0.2622,0.2621,0.2621,775.2
2023-10-01 13:41:00,1696167660.0,0.2621,0.2623,0.2621,0.2622,57101.1
2023-10-01 13:42:00,1696167720.0,0.2623,0.2627,0.2622,0.2625,388790.8
2023-10-01 13:43:00,1696167780.0,0.2625,0.2626,0.2623,0.2623,44380.1
2023-10-01 13:44:00,1696167840.0,0.2623,0.2626,0.2623,0.2626,38611.1
2023-10-01 13:45:00,1696167900.0,0.2626,0.2626,0.2624,0.2625,142093.9
2023-10-01 13:46:00,1696167960.0,0.2625,0.2627,0.2624,0.2627,44172.9
2023-10-01 13:47:00,1696168020.0,0.2627,0.2629,0.2626,0.2629,96302.8
2023-10-01 13:48:00,1696168080.0,0.2629,0.2631,0.2628,0.263,140688.2
2023-10-01 13:49:00,1696168140.0,0.263,0.263,0.2627,0.2627,45689.4
2023-10-01 13:50:00,1696168200.0,0.2627,0.2627,0.2625,0.2626,16750.8
2023-10-01 13:51:00,1696168260.0,0.2625,0.2625,0.2622,0.2622,27658.7
2023-10-01 13:52:00,1696168320.0,0.2623,0.2623,0.262,0.2622,73035.3
2023-10-01 13:53:00,1696168380.0,0.2621,0.2623,0.262,0.2622,49223.1
2023-10-01 13:54:00,1696168440.0,0.2623,0.2623,0.2622,0.2622,23168.9
2023-10-01 13:55:00,1696168500.0,0.2622,0.2623,0.2621,0.2621,24078.1
2023-10-01 13:56:00,1696168560.0,0.2622,0.2623,0.2621,0.2623,34057.6
2023-10-01 13:57:00,1696168620.0,0.2622,0.2623,0.2621,0.2622,39809.6
2023-10-01 13:58:00,1696168680.0,0.2622,0.2623,0.262,0.262,24465.4
2023-10-01 13:59:00,1696168740.0,0.262,0.2621,0.2619,0.2619,17710.7
2023-10-01 14:00:00,1696168800.0,0.2619,0.262,0.2619,0.2619,6289.2
2023-10-01 14:01:00,1696168860.0,0.262,0.262,0.2618,0.2619,14876.6
2023-10-01 14:02:00,1696168920.0,0.2619,0.2619,0.2618,0.2619,2807.0
2023-10-01 14:03:00,1696168980.0,0.2619,0.2623,0.2619,0.2623,106716.5
2023-10-01 14:04:00,1696169040.0,0.2622,0.2623,0.2621,0.2622,23964.6
2023-10-01 14:05:00,1696169100.0,0.2623,0.2623,0.2621,0.2623,23489.3
2023-10-01 14:06:00,1696169160.0,0.2623,0.2623,0.2621,0.2623,33811.8
2023-10-01 14:07:00,1696169220.0,0.2622,0.2622,0.262,0.262,51106.7
2023-10-01 14:08:00,1696169280.0,0.262,0.2622,0.262,0.2622,27779.7
2023-10-01 14:09:00,1696169340.0,0.2622,0.2623,0.2622,0.2623,16332.5
2023-10-01 14:10:00,1696169400.0,0.2623,0.2623,0.2622,0.2622,20831.0
2023-10-01 14:11:00,1696169460.0,0.2621,0.2622,0.2621,0.2621,1155.7
2023-10-01 14:12:00,1696169520.0,0.2621,0.2621,0.262,0.2621,65687.9
2023-10-01 14:13:00,1696169580.0,0.262,0.2621,0.262,0.2621,7129.5
2023-10-01 14:14:00,1696169640.0,0.2622,0.2623,0.2621,0.2623,33293.6
2023-10-01 14:15:00,1696169700.0,0.2624,0.2624,0.2622,0.2622,9339.6
2023-10-01 14:16:00,1696169760.0,0.2622,0.2623,0.2622,0.2623,6358.3
2023-10-01 14:17:00,1696169820.0,0.2622,0.2623,0.2622,0.2622,9651.9
2023-10-01 14:18:00,1696169880.0,0.2622,0.2622,0.2622,0.2622,19009.4
2023-10-01 14:19:00,1696169940.0,0.2622,0.2623,0.2622,0.2622,54666.5
2023-10-01 14:20:00,1696170000.0,0.2622,0.2623,0.2621,0.2621,13128.4
2023-10-01 14:21:00,1696170060.0,0.2621,0.2622,0.2621,0.2621,16049.6
2023-10-01 14:22:00,1696170120.0,0.2621,0.2623,0.2621,0.2623,29636.3
2023-10-01 14:23:00,1696170180.0,0.2623,0.2623,0.2622,0.2622,24486.3
2023-10-01 14:24:00,1696170240.0,0.2622,0.2622,0.2621,0.2622,16991.8
2023-10-01 14:25:00,1696170300.0,0.2622,0.2623,0.2621,0.2622,94432.7
2023-10-01 14:26:00,1696170360.0,0.2622,0.2622,0.2621,0.2622,11751.0
2023-10-01 14:27:00,1696170420.0,0.2622,0.2623,0.2621,0.2622,3933.5
2023-10-01 14:28:00,1696170480.0,0.2622,0.2623,0.2622,0.2622,17493.3
2023-10-01 14:29:00,1696170540.0,0.2621,0.2622,0.2621,0.2621,1375.3
2023-10-01 14:30:00,1696170600.0,0.2621,0.2621,0.2616,0.2617,907889.1
2023-10-01 14:31:00,1696170660.0,0.2616,0.2616,0.2614,0.2614,42913.1
2023-10-01 14:32:00,1696170720.0,0.2614,0.2615,0.2613,0.2614,27554.9
2023-10-01 14:33:00,1696170780.0,0.2613,0.2614,0.2613,0.2613,7863.5
2023-10-01 14:34:00,1696170840.0,0.2613,0.2616,0.2612,0.2616,108590.8
2023-10-01 14:35:00,1696170900.0,0.2617,0.2617,0.2615,0.2615,2532.2
2023-10-01 14:36:00,1696170960.0,0.2616,0.2616,0.2613,0.2614,30686.2
2023-10-01 14:37:00,1696171020.0,0.2615,0.2615,0.2611,0.2611,29040.1
2023-10-01 14:38:00,1696171080.0,0.2611,0.2612,0.2609,0.2609,72355.9
2023-10-01 14:39:00,1696171140.0,0.2609,0.2609,0.2605,0.2607,134501.2
2023-10-01 14:40:00,1696171200.0,0.2606,0.2608,0.2602,0.2605,125739.7
2023-10-01 14:41:00,1696171260.0,0.2604,0.2604,0.2592,0.2597,1087186.0
2023-10-01 14:42:00,1696171320.0,0.2597,0.2602,0.2597,0.2601,154991.7
2023-10-01 14:43:00,1696171380.0,0.2602,0.2603,0.2599,0.26,119703.8
2023-10-01 14:44:00,1696171440.0,0.2599,0.26,0.2599,0.26,29148.4
2023-10-01 14:45:00,1696171500.0,0.26,0.2603,0.2598,0.2602,195061.4
2023-10-01 14:46:00,1696171560.0,0.2603,0.2605,0.2603,0.2604,145137.6
2023-10-01 14:47:00,1696171620.0,0.2603,0.2606,0.2603,0.2606,20487.8
2023-10-01 14:48:00,1696171680.0,0.2605,0.2605,0.2601,0.2601,56259.1
2023-10-01 14:49:00,1696171740.0,0.26,0.2601,0.2598,0.26,94616.9
2023-10-01 14:50:00,1696171800.0,0.26,0.2603,0.26,0.2603,51671.5
2023-10-01 14:51:00,1696171860.0,0.2602,0.2603,0.2602,0.2602,12929.7
2023-10-01 14:52:00,1696171920.0,0.2602,0.2605,0.2601,0.2605,45299.1
2023-10-01 14:53:00,1696171980.0,0.2604,0.2605,0.2603,0.2605,29563.9
2023-10-01 14:54:00,1696172040.0,0.2604,0.2604,0.26,0.26,73016.0
2023-10-01 14:55:00,1696172100.0,0.26,0.26,0.2596,0.2597,90846.5
2023-10-01 14:56:00,1696172160.0,0.2597,0.26,0.2597,0.2599,97123.0
2023-10-01 14:57:00,1696172220.0,0.2599,0.2599,0.2598,0.2599,46204.8
2023-10-01 14:58:00,1696172280.0,0.2599,0.2599,0.2598,0.2598,18368.2
2023-10-01 14:59:00,1696172340.0,0.2597,0.2598,0.2597,0.2598,16081.5
2023-10-01 15:00:00,1696172400.0,0.2598,0.2602,0.2598,0.26,219196.0
2023-10-01 15:01:00,1696172460.0,0.2599,0.26,0.2599,0.26,40775.4
2023-10-01 15:02:00,1696172520.0,0.2601,0.2601,0.2597,0.2599,68992.1
2023-10-01 15:03:00,1696172580.0,0.2599,0.2601,0.2599,0.2601,39235.5
2023-10-01 15:04:00,1696172640.0,0.26,0.2602,0.26,0.2601,14239.4
2023-10-01 15:05:00,1696172700.0,0.2601,0.2602,0.2601,0.2602,7035.2
2023-10-01 15:06:00,1696172760.0,0.2601,0.2602,0.2601,0.2601,3422.7
2023-10-01 15:07:00,1696172820.0,0.2601,0.2602,0.26,0.26,58518.3
2023-10-01 15:08:00,1696172880.0,0.26,0.2601,0.26,0.2601,9411.0
2023-10-01 15:09:00,1696172940.0,0.26,0.2602,0.26,0.2601,14556.9
2023-10-01 15:10:00,1696173000.0,0.2601,0.2602,0.26,0.26,32268.6
2023-10-01 15:11:00,1696173060.0,0.26,0.2602,0.26,0.2601,4243.8
2023-10-01 15:12:00,1696173120.0,0.2602,0.2602,0.2602,0.2602,6074.4
2023-10-01 15:13:00,1696173180.0,0.2602,0.2602,0.26,0.2601,48429.5
2023-10-01 15:14:00,1696173240.0,0.2601,0.2602,0.26,0.2602,29194.8
2023-10-01 15:15:00,1696173300.0,0.2602,0.2603,0.2602,0.2603,19291.0
2023-10-01 15:16:00,1696173360.0,0.2602,0.2602,0.2601,0.2601,12793.5
2023-10-01 15:17:00,1696173420.0,0.26,0.2601,0.2599,0.2599,62107.7
2023-10-01 15:18:00,1696173480.0,0.2599,0.26,0.2599,0.26,46787.7
2023-10-01 15:19:00,1696173540.0,0.26,0.26,0.2599,0.2599,22603.4
2023-10-01 15:20:00,1696173600.0,0.2599,0.26,0.2599,0.2599,10700.7
2023-10-01 15:21:00,1696173660.0,0.2599,0.26,0.2599,0.26,3058.4
2023-10-01 15:22:00,1696173720.0,0.2599,0.2599,0.2598,0.2599,5404.2
2023-10-01 15:23:00,1696173780.0,0.2598,0.2599,0.2598,0.2598,8193.7
2023-10-01 15:24:00,1696173840.0,0.2598,0.2598,0.2597,0.2597,29421.6
2023-10-01 15:25:00,1696173900.0,0.2598,0.2598,0.2597,0.2597,5678.4
2023-10-01 15:26:00,1696173960.0,0.2597,0.2598,0.2597,0.2598,3733.6
2023-10-01 15:27:00,1696174020.0,0.2598,0.2598,0.2597,0.2598,3004.3
2023-10-01 15:28:00,1696174080.0,0.2598,0.2598,0.2596,0.2596,73175.6
2023-10-01 15:29:00,1696174140.0,0.2597,0.2597,0.2596,0.2596,10661.1
2023-10-01 15:30:00,1696174200.0,0.2596,0.2597,0.2596,0.2596,38851.7
2023-10-01 15:31:00,1696174260.0,0.2597,0.2597,0.2595,0.2596,25584.3
2023-10-01 15:32:00,1696174320.0,0.2597,0.2597,0.2597,0.2597,825.4
2023-10-01 15:33:00,1696174380.0,0.2597,0.2598,0.2596,0.2598,4331.3
2023-10-01 15:34:00,1696174440.0,0.2597,0.2598,0.2597,0.2598,5385.8
2023-10-01 15:35:00,1696174500.0,0.2597,0.2598,0.2597,0.2597,35176.9
2023-10-01 15:36:00,1696174560.0,0.2597,0.2597,0.2596,0.2596,9234.2
2023-10-01 15:37:00,1696174620.0,0.2597,0.2597,0.2595,0.2595,30123.2
2023-10-01 15:38:00,1696174680.0,0.2595,0.2598,0.2595,0.2598,55754.8
2023-10-01 15:39:00,1696174740.0,0.2598,0.2598,0.2597,0.2598,8301.3
2023-10-01 15:40:00,1696174800.0,0.2598,0.2598,0.2597,0.2597,7294.1
2023-10-01 15:41:00,1696174860.0,0.2597,0.2597,0.2596,0.2596,10994.7
2023-10-01 15:42:00,1696174920.0,0.2597,0.2597,0.2596,0.2597,15629.3
2023-10-01 15:43:00,1696174980.0,0.2597,0.2597,0.2596,0.2596,19054.2
2023-10-01 15:44:00,1696175040.0,0.2597,0.2597,0.2597,0.2597,8013.1
2023-10-01 15:45:00,1696175100.0,0.2598,0.2598,0.2596,0.2597,45136.2
2023-10-01 15:46:00,1696175160.0,0.2597,0.2597,0.2594,0.2595,210752.7
2023-10-01 15:47:00,1696175220.0,0.2595,0.2598,0.2595,0.2598,49197.5
2023-10-01 15:48:00,1696175280.0,0.2598,0.2598,0.2597,0.2597,6246.1
2023-10-01 15:49:00,1696175340.0,0.2597,0.2598,0.2597,0.2598,16077.7
2023-10-01 15:50:00,1696175400.0,0.2599,0.2599,0.2597,0.2598,52033.3
2023-10-01 15:51:00,1696175460.0,0.2598,0.2599,0.2598,0.2599,881.6
2023-10-01 15:52:00,1696175520.0,0.2598,0.26,0.2598,0.26,82362.8
2023-10-01 15:53:00,1696175580.0,0.26,0.2603,0.2599,0.2603,79258.7
2023-10-01 15:54:00,1696175640.0,0.2603,0.2603,0.2602,0.2603,20470.8
2023-10-01 15:55:00,1696175700.0,0.2603,0.2603,0.26,0.2601,136896.6
2023-10-01 15:56:00,1696175760.0,0.2601,0.2602,0.2601,0.2601,9013.7
2023-10-01 15:57:00,1696175820.0,0.2602,0.2602,0.2601,0.2602,41157.4
2023-10-01 15:58:00,1696175880.0,0.2602,0.2604,0.2602,0.2603,11322.8
2023-10-01 15:59:00,1696175940.0,0.2603,0.2604,0.2603,0.2604,63611.3
2023-10-01 16:00:00,1696176000.0,0.2603,0.2605,0.2602,0.2603,44980.4
2023-10-01 16:01:00,1696176060.0,0.2604,0.2604,0.2603,0.2604,6781.1
2023-10-01 16:02:00,1696176120.0,0.2603,0.2603,0.2602,0.2602,12538.9
2023-10-01 16:03:00,1696176180.0,0.2602,0.2602,0.26,0.2601,32867.4
2023-10-01 16:04:00,1696176240.0,0.2602,0.2604,0.2602,0.2603,31389.3
2023-10-01 16:05:00,1696176300.0,0.2603,0.2604,0.2603,0.2604,8151.6
2023-10-01 16:06:00,1696176360.0,0.2604,0.2605,0.2604,0.2604,3985.6
2023-10-01 16:07:00,1696176420.0,0.2605,0.2605,0.2604,0.2604,23728.6
2023-10-01 16:08:00,1696176480.0,0.2605,0.2605,0.2602,0.2603,58019.5
2023-10-01 16:09:00,1696176540.0,0.2602,0.2602,0.2601,0.2601,12899.0
2023-10-01 16:10:00,1696176600.0,0.2601,0.2601,0.26,0.2601,88525.4
2023-10-01 16:11:00,1696176660.0,0.2601,0.2602,0.2601,0.2601,41851.6
2023-10-01 16:12:00,1696176720.0,0.2602,0.2603,0.2601,0.2602,41754.5
2023-10-01 16:13:00,1696176780.0,0.2601,0.2601,0.26,0.26,34806.0
2023-10-01 16:14:00,1696176840.0,0.26,0.2601,0.2599,0.2601,75417.7
2023-10-01 16:15:00,1696176900.0,0.26,0.2602,0.2599,0.26,27662.0
2023-10-01 16:16:00,1696176960.0,0.26,0.26,0.2597,0.2598,53780.9
2023-10-01 16:17:00,1696177020.0,0.2598,0.2598,0.2596,0.2598,52985.4
2023-10-01 16:18:00,1696177080.0,0.2598,0.2598,0.2597,0.2598,28359.5
2023-10-01 16:19:00,1696177140.0,0.2598,0.2598,0.2597,0.2598,1042.5
2023-10-01 16:20:00,1696177200.0,0.2597,0.2598,0.2596,0.2597,27699.0
2023-10-01 16:21:00,1696177260.0,0.2598,0.2598,0.2596,0.2596,3301.9
2023-10-01 16:22:00,1696177320.0,0.2596,0.2597,0.2593,0.2595,112903.4
2023-10-01 16:23:00,1696177380.0,0.2595,0.2595,0.2593,0.2593,28390.2
2023-10-01 16:24:00,1696177440.0,0.2594,0.2595,0.2594,0.2594,23660.1
2023-10-01 16:25:00,1696177500.0,0.2595,0.2597,0.2595,0.2595,54630.1
2023-10-01 16:26:00,1696177560.0,0.2595,0.2597,0.2595,0.2597,6794.2
2023-10-01 16:27:00,1696177620.0,0.2598,0.2598,0.2597,0.2598,1881.8
2023-10-01 16:28:00,1696177680.0,0.2598,0.2598,0.2596,0.2596,6767.3
2023-10-01 16:29:00,1696177740.0,0.2596,0.2597,0.2595,0.2596,54544.8
2023-10-01 16:30:00,1696177800.0,0.2596,0.2599,0.2595,0.2599,17686.8
2023-10-01 16:31:00,1696177860.0,0.2599,0.2599,0.2598,0.2598,6044.4
2023-10-01 16:32:00,1696177920.0,0.2599,0.26,0.2598,0.2599,40981.7
2023-10-01 16:33:00,1696177980.0,0.2599,0.2599,0.2598,0.2598,58027.7
2023-10-01 16:34:00,1696178040.0,0.2597,0.2598,0.2596,0.2597,42470.8
2023-10-01 16:35:00,1696178100.0,0.2598,0.2598,0.2596,0.2597,11759.6
2023-10-01 16:36:00,1696178160.0,0.2596,0.2597,0.2596,0.2596,18228.6
2023-10-01 16:37:00,1696178220.0,0.2597,0.2597,0.2596,0.2596,8682.2
2023-10-01 16:38:00,1696178280.0,0.2596,0.2597,0.2595,0.2595,17037.6
2023-10-01 16:39:00,1696178340.0,0.2596,0.2596,0.2593,0.2593,152814.2
2023-10-01 16:40:00,1696178400.0,0.2594,0.2594,0.2592,0.2592,73694.3
2023-10-01 16:41:00,1696178460.0,0.2592,0.2592,0.2588,0.2589,291292.6
2023-10-01 16:42:00,1696178520.0,0.2588,0.259,0.2588,0.2589,69993.4
2023-10-01 16:43:00,1696178580.0,0.2588,0.259,0.2587,0.259,103867.4
2023-10-01 16:44:00,1696178640.0,0.259,0.2592,0.2589,0.2591,126135.5
2023-10-01 16:45:00,1696178700.0,0.2592,0.2593,0.2591,0.2591,39311.2
2023-10-01 16:46:00,1696178760.0,0.259,0.2591,0.259,0.259,3387.6
2023-10-01 16:47:00,1696178820.0,0.2591,0.2591,0.259,0.259,854.1
2023-10-01 16:48:00,1696178880.0,0.259,0.2591,0.259,0.259,2327.6
2023-10-01 16:49:00,1696178940.0,0.2591,0.2594,0.2591,0.2594,9578.1
2023-10-01 16:50:00,1696179000.0,0.2593,0.2596,0.2593,0.2596,20244.5
2023-10-01 16:51:00,1696179060.0,0.2595,0.2597,0.2595,0.2596,14000.8
2023-10-01 16:52:00,1696179120.0,0.2596,0.2596,0.2595,0.2596,120686.0
2023-10-01 16:53:00,1696179180.0,0.2596,0.2596,0.2595,0.2595,25690.6
2023-10-01 16:54:00,1696179240.0,0.2594,0.2595,0.2594,0.2595,6670.7
2023-10-01 16:55:00,1696179300.0,0.2595,0.2595,0.2591,0.2592,67383.6
2023-10-01 16:56:00,1696179360.0,0.2591,0.2591,0.2589,0.259,71411.5
2023-10-01 16:57:00,1696179420.0,0.259,0.2591,0.259,0.259,28657.5
2023-10-01 16:58:00,1696179480.0,0.2591,0.2591,0.2589,0.2589,103017.8
2023-10-01 16:59:00,1696179540.0,0.259,0.259,0.2588,0.2589,31752.3
2023-10-01 17:00:00,1696179600.0,0.2589,0.2589,0.2588,0.2588,23098.4
2023-10-01 17:01:00,1696179660.0,0.2588,0.259,0.2588,0.2589,308164.7
2023-10-01 17:02:00,1696179720.0,0.2589,0.2592,0.2589,0.2592,28454.9
2023-10-01 17:03:00,1696179780.0,0.2593,0.2593,0.2592,0.2593,8715.7
2023-10-01 17:04:00,1696179840.0,0.2592,0.2592,0.2591,0.2591,42951.6
2023-10-01 17:05:00,1696179900.0,0.2592,0.2593,0.2592,0.2593,5057.7
2023-10-01 17:06:00,1696179960.0,0.2593,0.2595,0.2593,0.2595,14380.7
2023-10-01 17:07:00,1696180020.0,0.2595,0.2595,0.2593,0.2594,56246.3
2023-10-01 17:08:00,1696180080.0,0.2594,0.2595,0.2593,0.2594,8006.1
2023-10-01 17:09:00,1696180140.0,0.2594,0.2594,0.2593,0.2594,8616.9
2023-10-01 17:10:00,1696180200.0,0.2594,0.2596,0.2594,0.2595,14559.0
2023-10-01 17:11:00,1696180260.0,0.2595,0.2596,0.2595,0.2596,5648.3
2023-10-01 17:12:00,1696180320.0,0.2596,0.2596,0.2595,0.2595,49575.0
2023-10-01 17:13:00,1696180380.0,0.2594,0.2595,0.2594,0.2595,1969.3
2023-10-01 17:14:00,1696180440.0,0.2594,0.2595,0.2594,0.2595,1573.6
2023-10-01 17:15:00,1696180500.0,0.2595,0.2597,0.2595,0.2597,19617.9
2023-10-01 17:16:00,1696180560.0,0.2596,0.2596,0.2595,0.2596,73408.7
2023-10-01 17:17:00,1696180620.0,0.2596,0.2596,0.2595,0.2595,2661.8
2023-10-01 17:18:00,1696180680.0,0.2595,0.2596,0.2594,0.2594,15145.1
2023-10-01 17:19:00,1696180740.0,0.2594,0.2594,0.2592,0.2592,9935.0
2023-10-01 17:20:00,1696180800.0,0.2592,0.2592,0.2591,0.2592,334.3
2023-10-01 17:21:00,1696180860.0,0.2591,0.2591,0.2588,0.2588,27776.3
2023-10-01 17:22:00,1696180920.0,0.2588,0.2591,0.2588,0.259,41400.7
2023-10-01 17:23:00,1696180980.0,0.259,0.2591,0.259,0.259,61234.9
2023-10-01 17:24:00,1696181040.0,0.2591,0.2591,0.259,0.259,13834.6
2023-10-01 17:25:00,1696181100.0,0.259,0.259,0.259,0.259,24197.6
2023-10-01 17:26:00,1696181160.0,0.2589,0.2589,0.2588,0.2589,17492.0
2023-10-01 17:27:00,1696181220.0,0.2589,0.2593,0.2589,0.2593,35031.3
2023-10-01 17:28:00,1696181280.0,0.2593,0.2594,0.2592,0.2593,110055.5
2023-10-01 17:29:00,1696181340.0,0.2593,0.2593,0.2592,0.2592,22329.5
2023-10-01 17:30:00,1696181400.0,0.2593,0.2593,0.2591,0.2592,12343.1
2023-10-01 17:31:00,1696181460.0,0.2592,0.2593,0.2592,0.2592,4254.2
2023-10-01 17:32:00,1696181520.0,0.2592,0.2592,0.2591,0.2592,17045.1
2023-10-01 17:33:00,1696181580.0,0.2591,0.2592,0.259,0.2591,116201.8
2023-10-01 17:34:00,1696181640.0,0.259,0.2591,0.2589,0.259,66364.5
2023-10-01 17:35:00,1696181700.0,0.259,0.2592,0.259,0.2592,48784.1
2023-10-01 17:36:00,1696181760.0,0.2591,0.2593,0.2591,0.2592,22194.3
2023-10-01 17:37:00,1696181820.0,0.2592,0.2592,0.259,0.259,26225.0
2023-10-01 17:38:00,1696181880.0,0.259,0.259,0.2587,0.2587,77792.8
2023-10-01 17:39:00,1696181940.0,0.2586,0.259,0.2586,0.2589,93659.3
2023-10-01 17:40:00,1696182000.0,0.2589,0.2591,0.2587,0.2591,31887.4
2023-10-01 17:41:00,1696182060.0,0.2591,0.2592,0.2591,0.2591,28278.5
2023-10-01 17:42:00,1696182120.0,0.2591,0.2591,0.259,0.259,50359.3
2023-10-01 17:43:00,1696182180.0,0.2589,0.2591,0.2588,0.2589,57616.5
2023-10-01 17:44:00,1696182240.0,0.2589,0.2589,0.2587,0.2588,30769.9
2023-10-01 17:45:00,1696182300.0,0.2589,0.259,0.2588,0.259,4069.0
2023-10-01 17:46:00,1696182360.0,0.259,0.259,0.2585,0.2586,29127.1
2023-10-01 17:47:00,1696182420.0,0.2586,0.2587,0.2585,0.2585,82830.7
2023-10-01 17:48:00,1696182480.0,0.2585,0.2585,0.2583,0.2585,17816.8
2023-10-01 17:49:00,1696182540.0,0.2585,0.2585,0.2582,0.2585,132395.5
2023-10-01 17:50:00,1696182600.0,0.2584,0.2587,0.2584,0.2587,12533.1
2023-10-01 17:51:00,1696182660.0,0.2587,0.2588,0.2586,0.2588,4686.8
2023-10-01 17:52:00,1696182720.0,0.2588,0.2589,0.2588,0.2588,40301.9
2023-10-01 17:53:00,1696182780.0,0.2588,0.2588,0.2587,0.2587,12745.1
2023-10-01 17:54:00,1696182840.0,0.2587,0.2587,0.2585,0.2586,31809.3
2023-10-01 17:55:00,1696182900.0,0.2585,0.2586,0.2584,0.2584,12038.3
2023-10-01 17:56:00,1696182960.0,0.2584,0.2585,0.2583,0.2585,34631.9
2023-10-01 17:57:00,1696183020.0,0.2586,0.2586,0.2579,0.2582,179910.0
2023-10-01 17:58:00,1696183080.0,0.2582,0.2584,0.2581,0.2584,27972.6
2023-10-01 17:59:00,1696183140.0,0.2584,0.2585,0.2583,0.2583,19270.5
2023-10-01 18:00:00,1696183200.0,0.2584,0.2584,0.2583,0.2583,5273.9
2023-10-01 18:01:00,1696183260.0,0.2583,0.2584,0.2582,0.2583,17191.6
2023-10-01 18:02:00,1696183320.0,0.2583,0.2583,0.2582,0.2583,148460.9
2023-10-01 18:03:00,1696183380.0,0.2583,0.2584,0.2583,0.2584,2334.6
2023-10-01 18:04:00,1696183440.0,0.2584,0.2585,0.2584,0.2584,22871.9
2023-10-01 18:05:00,1696183500.0,0.2584,0.2586,0.2584,0.2586,4845.5
2023-10-01 18:06:00,1696183560.0,0.2586,0.2587,0.2586,0.2586,45179.6
2023-10-01 18:07:00,1696183620.0,0.2586,0.2587,0.2586,0.2586,14020.5
2023-10-01 18:08:00,1696183680.0,0.2586,0.2586,0.2585,0.2585,19120.2
2023-10-01 18:09:00,1696183740.0,0.2586,0.2587,0.2586,0.2586,16500.1
2023-10-01 18:10:00,1696183800.0,0.2586,0.2588,0.2586,0.2588,8983.4
2023-10-01 18:11:00,1696183860.0,0.2588,0.2589,0.2588,0.2589,14074.3
2023-10-01 18:12:00,1696183920.0,0.2589,0.2589,0.2588,0.2588,1522.8
2023-10-01 18:13:00,1696183980.0,0.2588,0.2589,0.2588,0.2589,66.1
2023-10-01 18:14:00,1696184040.0,0.2589,0.259,0.2588,0.259,109765.5
2023-10-01 18:15:00,1696184100.0,0.2591,0.2592,0.2591,0.2592,10067.8
2023-10-01 18:16:00,1696184160.0,0.2591,0.2592,0.2591,0.2591,978.1
2023-10-01 18:17:00,1696184220.0,0.2591,0.2592,0.2591,0.2591,1134.3
2023-10-01 18:18:00,1696184280.0,0.2592,0.2592,0.2591,0.2591,3163.0
2023-10-01 18:19:00,1696184340.0,0.2591,0.2592,0.259,0.2591,14846.4
2023-10-01 18:20:00,1696184400.0,0.2592,0.2592,0.2591,0.2591,521.2
2023-10-01 18:21:00,1696184460.0,0.2591,0.2592,0.2591,0.2592,1901.6
2023-10-01 18:22:00,1696184520.0,0.2591,0.2591,0.259,0.259,16946.8
2023-10-01 18:23:00,1696184580.0,0.259,0.2592,0.259,0.2591,8219.8
2023-10-01 18:24:00,1696184640.0,0.2592,0.2595,0.2591,0.2594,35636.7
2023-10-01 18:25:00,1696184700.0,0.2594,0.2595,0.2594,0.2594,9542.4
2023-10-01 18:26:00,1696184760.0,0.2594,0.2595,0.2594,0.2595,20118.4
2023-10-01 18:27:00,1696184820.0,0.2594,0.2595,0.2592,0.2592,39228.4
2023-10-01 18:28:00,1696184880.0,0.2593,0.2593,0.2592,0.2593,19613.4
2023-10-01 18:29:00,1696184940.0,0.2594,0.2594,0.2594,0.2594,357.7
2023-10-01 18:30:00,1696185000.0,0.2594,0.2595,0.2594,0.2594,13352.5
2023-10-01 18:31:00,1696185060.0,0.2594,0.2596,0.2594,0.2594,15062.1
2023-10-01 18:32:00,1696185120.0,0.2594,0.2594,0.2594,0.2594,0.0
2023-10-01 18:33:00,1696185180.0,0.2594,0.2595,0.2594,0.2594,6687.0
2023-10-01 18:34:00,1696185240.0,0.2594,0.2594,0.2593,0.2593,32072.7
2023-10-01 18:35:00,1696185300.0,0.2593,0.2594,0.2593,0.2594,9829.7
2023-10-01 18:36:00,1696185360.0,0.2593,0.2594,0.2592,0.2592,18068.9
2023-10-01 18:37:00,1696185420.0,0.2592,0.2593,0.2591,0.2591,56115.7
2023-10-01 18:38:00,1696185480.0,0.2592,0.2592,0.2591,0.2591,62649.3
2023-10-01 18:39:00,1696185540.0,0.2591,0.2592,0.2591,0.2592,44994.4
2023-10-01 18:40:00,1696185600.0,0.2592,0.2593,0.2592,0.2592,8607.9
2023-10-01 18:41:00,1696185660.0,0.2592,0.2593,0.2592,0.2593,33092.4
2023-10-01 18:42:00,1696185720.0,0.2593,0.2596,0.2593,0.2595,96036.8
2023-10-01 18:43:00,1696185780.0,0.2595,0.2596,0.2595,0.2595,11765.3
2023-10-01 18:44:00,1696185840.0,0.2596,0.2596,0.2594,0.2595,206799.1
2023-10-01 18:45:00,1696185900.0,0.2595,0.2596,0.2595,0.2595,10902.9
2023-10-01 18:46:00,1696185960.0,0.2595,0.2595,0.2593,0.2593,40189.6
2023-10-01 18:47:00,1696186020.0,0.2594,0.2595,0.2593,0.2594,15889.9
2023-10-01 18:48:00,1696186080.0,0.2594,0.2595,0.2594,0.2594,7161.1
2023-10-01 18:49:00,1696186140.0,0.2594,0.2594,0.2594,0.2594,7090.5
2023-10-01 18:50:00,1696186200.0,0.2595,0.2595,0.2593,0.2594,31251.2
2023-10-01 18:51:00,1696186260.0,0.2593,0.2595,0.2593,0.2595,89601.7
2023-10-01 18:52:00,1696186320.0,0.2594,0.2594,0.2593,0.2593,410.4
2023-10-01 18:53:00,1696186380.0,0.2593,0.2594,0.2593,0.2593,4069.3
2023-10-01 18:54:00,1696186440.0,0.2592,0.2593,0.2592,0.2592,3353.9
2023-10-01 18:55:00,1696186500.0,0.2593,0.2593,0.2592,0.2593,1776.3
2023-10-01 18:56:00,1696186560.0,0.2593,0.2594,0.2592,0.2594,28376.6
2023-10-01 18:57:00,1696186620.0,0.2594,0.2594,0.2593,0.2593,14355.6
2023-10-01 18:58:00,1696186680.0,0.2594,0.2594,0.2593,0.2594,14879.5
2023-10-01 18:59:00,1696186740.0,0.2594,0.2594,0.2593,0.2594,11654.5
2023-10-01 19:00:00,1696186800.0,0.2594,0.2594,0.2593,0.2594,5820.9
2023-10-01 19:01:00,1696186860.0,0.2594,0.2595,0.2594,0.2595,27541.6
2023-10-01 19:02:00,1696186920.0,0.2594,0.2594,0.2593,0.2593,17139.6
2023-10-01 19:03:00,1696186980.0,0.2593,0.2594,0.2593,0.2594,1289.6
2023-10-01 19:04:00,1696187040.0,0.2594,0.2594,0.2593,0.2594,613.3
2023-10-01 19:05:00,1696187100.0,0.2594,0.2594,0.2592,0.2592,12626.5
2023-10-01 19:06:00,1696187160.0,0.2593,0.2594,0.2593,0.2593,18185.0
2023-10-01 19:07:00,1696187220.0,0.2594,0.2594,0.2594,0.2594,614.6
2023-10-01 19:08:00,1696187280.0,0.2594,0.2595,0.2594,0.2595,19729.0
2023-10-01 19:09:00,1696187340.0,0.2595,0.2595,0.2594,0.2595,20023.7
2023-10-01 19:10:00,1696187400.0,0.2595,0.2595,0.2594,0.2595,2069.6
2023-10-01 19:11:00,1696187460.0,0.2595,0.2595,0.2594,0.2595,1514.6
2023-10-01 19:12:00,1696187520.0,0.2595,0.2597,0.2595,0.2596,85028.6
2023-10-01 19:13:00,1696187580.0,0.2596,0.2598,0.2596,0.2597,11394.8
2023-10-01 19:14:00,1696187640.0,0.2598,0.2598,0.2596,0.2597,24258.3
2023-10-01 19:15:00,1696187700.0,0.2596,0.2598,0.2596,0.2598,15709.6
2023-10-01 19:16:00,1696187760.0,0.2597,0.2598,0.2597,0.2598,459.9
2023-10-01 19:17:00,1696187820.0,0.2597,0.2598,0.2597,0.2597,37801.4
2023-10-01 19:18:00,1696187880.0,0.2598,0.2598,0.2597,0.2598,6204.1
2023-10-01 19:19:00,1696187940.0,0.2599,0.2599,0.2597,0.2598,4360.0
2023-10-01 19:20:00,1696188000.0,0.2599,0.26,0.2599,0.26,97154.4
2023-10-01 19:21:00,1696188060.0,0.26,0.26,0.2599,0.2599,4595.0
2023-10-01 19:22:00,1696188120.0,0.26,0.26,0.2599,0.26,8320.6
2023-10-01 19:23:00,1696188180.0,0.2599,0.2601,0.2599,0.2601,45738.4
2023-10-01 19:24:00,1696188240.0,0.2601,0.2601,0.26,0.26,3987.4
2023-10-01 19:25:00,1696188300.0,0.2601,0.2602,0.2601,0.2602,6380.9
2023-10-01 19:26:00,1696188360.0,0.2601,0.2601,0.26,0.26,15972.0
2023-10-01 19:27:00,1696188420.0,0.2601,0.2601,0.2601,0.2601,19875.1
2023-10-01 19:28:00,1696188480.0,0.26,0.2602,0.2599,0.2601,55417.2
2023-10-01 19:29:00,1696188540.0,0.26,0.2602,0.26,0.2601,6526.5
2023-10-01 19:30:00,1696188600.0,0.2602,0.2602,0.2601,0.2602,2319.8
2023-10-01 19:31:00,1696188660.0,0.2601,0.2602,0.2601,0.2602,3124.3
2023-10-01 19:32:00,1696188720.0,0.2602,0.2602,0.2601,0.2602,1386.5
2023-10-01 19:33:00,1696188780.0,0.2602,0.2602,0.2601,0.2601,10189.0
2023-10-01 19:34:00,1696188840.0,0.2602,0.2602,0.26,0.2601,20442.1
2023-10-01 19:35:00,1696188900.0,0.2601,0.2602,0.2601,0.2602,2850.1
2023-10-01 19:36:00,1696188960.0,0.2602,0.2602,0.2601,0.2601,2041.1
2023-10-01 19:37:00,1696189020.0,0.2602,0.2604,0.2602,0.2604,32994.3
2023-10-01 19:38:00,1696189080.0,0.2603,0.2604,0.2603,0.2603,1436.9
2023-10-01 19:39:00,1696189140.0,0.2603,0.2604,0.2603,0.2603,9909.4
2023-10-01 19:40:00,1696189200.0,0.2603,0.2603,0.26,0.2601,45427.2
2023-10-01 19:41:00,1696189260.0,0.26,0.2601,0.2599,0.2599,7579.5
2023-10-01 19:42:00,1696189320.0,0.2599,0.26,0.2599,0.2599,9226.8
2023-10-01 19:43:00,1696189380.0,0.26,0.26,0.2598,0.2599,18616.6
2023-10-01 19:44:00,1696189440.0,0.2599,0.26,0.2598,0.26,24054.9
2023-10-01 19:45:00,1696189500.0,0.26,0.26,0.2599,0.2599,1148.6
2023-10-01 19:46:00,1696189560.0,0.2599,0.2599,0.2599,0.2599,11382.1
2023-10-01 19:47:00,1696189620.0,0.2599,0.26,0.2598,0.2599,55585.7
2023-10-01 19:48:00,1696189680.0,0.26,0.26,0.2599,0.26,5398.5
2023-10-01 19:49:00,1696189740.0,0.26,0.26,0.2599,0.26,5364.6
2023-10-01 19:50:00,1696189800.0,0.2601,0.2601,0.26,0.26,250.2
2023-10-01 19:51:00,1696189860.0,0.2601,0.2601,0.26,0.2601,543.5
2023-10-01 19:52:00,1696189920.0,0.2601,0.2601,0.26,0.2601,8556.2
2023-10-01 19:53:00,1696189980.0,0.2601,0.2603,0.2601,0.2602,17946.4
2023-10-01 19:54:00,1696190040.0,0.2603,0.2603,0.26,0.26,42000.1
2023-10-01 19:55:00,1696190100.0,0.26,0.26,0.2599,0.26,1266.2
2023-10-01 19:56:00,1696190160.0,0.2599,0.26,0.2599,0.2599,1326.3
2023-10-01 19:57:00,1696190220.0,0.2599,0.2601,0.2599,0.2601,9290.2
2023-10-01 19:58:00,1696190280.0,0.2601,0.2601,0.26,0.2601,2571.6
2023-10-01 19:59:00,1696190340.0,0.2601,0.2603,0.2601,0.2603,33807.4
2023-10-01 20:00:00,1696190400.0,0.2603,0.2603,0.2601,0.2602,13673.4
2023-10-01 20:01:00,1696190460.0,0.2603,0.2604,0.26,0.26,96459.3
2023-10-01 20:02:00,1696190520.0,0.2599,0.2599,0.2596,0.2597,62780.0
2023-10-01 20:03:00,1696190580.0,0.2597,0.2597,0.2593,0.2594,31245.2
2023-10-01 20:04:00,1696190640.0,0.2593,0.2597,0.2591,0.2597,113143.5
2023-10-01 20:05:00,1696190700.0,0.2597,0.2598,0.2596,0.2597,15416.7
2023-10-01 20:06:00,1696190760.0,0.2598,0.2598,0.2596,0.2596,13748.7
2023-10-01 20:07:00,1696190820.0,0.2597,0.2599,0.2597,0.2599,10701.1
2023-10-01 20:08:00,1696190880.0,0.26,0.2601,0.2599,0.2601,6107.1
2023-10-01 20:09:00,1696190940.0,0.2601,0.2601,0.26,0.26,4159.2
2023-10-01 20:10:00,1696191000.0,0.26,0.2603,0.26,0.2602,238006.0
2023-10-01 20:11:00,1696191060.0,0.2602,0.2603,0.2601,0.2602,13835.7
2023-10-01 20:12:00,1696191120.0,0.2602,0.2607,0.2602,0.2606,377733.9
2023-10-01 20:13:00,1696191180.0,0.2606,0.2606,0.2603,0.2604,47840.7
2023-10-01 20:14:00,1696191240.0,0.2604,0.2612,0.2604,0.2608,233665.0
2023-10-01 20:15:00,1696191300.0,0.2608,0.2611,0.2607,0.2611,116073.6
2023-10-01 20:16:00,1696191360.0,0.2611,0.2612,0.2608,0.2608,63095.0
2023-10-01 20:17:00,1696191420.0,0.2608,0.261,0.2607,0.2608,32564.4
2023-10-01 20:18:00,1696191480.0,0.2608,0.2608,0.2607,0.2607,12299.7
2023-10-01 20:19:00,1696191540.0,0.2607,0.2608,0.2607,0.2607,14300.8
2023-10-01 20:20:00,1696191600.0,0.2607,0.2609,0.2607,0.2609,2286.1
2023-10-01 20:21:00,1696191660.0,0.261,0.2611,0.2609,0.261,84327.2
2023-10-01 20:22:00,1696191720.0,0.261,0.261,0.261,0.261,19984.0
2023-10-01 20:23:00,1696191780.0,0.261,0.2612,0.261,0.2612,15416.9
2023-10-01 20:24:00,1696191840.0,0.2611,0.2611,0.261,0.261,5188.8
2023-10-01 20:25:00,1696191900.0,0.261,0.2611,0.261,0.261,14423.5
2023-10-01 20:26:00,1696191960.0,0.2611,0.2612,0.2611,0.2612,47965.1
2023-10-01 20:27:00,1696192020.0,0.2611,0.2612,0.261,0.2611,23430.2
2023-10-01 20:28:00,1696192080.0,0.2611,0.2612,0.2611,0.2611,1153.5
2023-10-01 20:29:00,1696192140.0,0.2612,0.2612,0.261,0.261,85317.9
2023-10-01 20:30:00,1696192200.0,0.261,0.261,0.2609,0.2609,6328.1
2023-10-01 20:31:00,1696192260.0,0.2609,0.261,0.2606,0.2608,75160.2
2023-10-01 20:32:00,1696192320.0,0.2608,0.2608,0.2607,0.2607,29469.1
2023-10-01 20:33:00,1696192380.0,0.2607,0.2609,0.2607,0.2607,19513.8
2023-10-01 20:34:00,1696192440.0,0.2607,0.2608,0.2606,0.2606,34183.0
2023-10-01 20:35:00,1696192500.0,0.2606,0.2606,0.2603,0.2605,31641.8
2023-10-01 20:36:00,1696192560.0,0.2604,0.2604,0.2603,0.2604,25131.3
2023-10-01 20:37:00,1696192620.0,0.2604,0.2607,0.2604,0.2607,29649.7
2023-10-01 20:38:00,1696192680.0,0.2608,0.2608,0.2606,0.2606,12999.5
2023-10-01 20:39:00,1696192740.0,0.2606,0.2607,0.2606,0.2607,9999.3
2023-10-01 20:40:00,1696192800.0,0.2608,0.261,0.2608,0.2609,15053.5
2023-10-01 20:41:00,1696192860.0,0.2609,0.261,0.2609,0.261,42964.1
2023-10-01 20:42:00,1696192920.0,0.261,0.2611,0.261,0.2611,17995.5
2023-10-01 20:43:00,1696192980.0,0.2612,0.2612,0.2611,0.2612,20336.1
2023-10-01 20:44:00,1696193040.0,0.2613,0.2613,0.2612,0.2613,6153.5
2023-10-01 20:45:00,1696193100.0,0.2613,0.2615,0.2612,0.2615,32615.8
2023-10-01 20:46:00,1696193160.0,0.2615,0.2616,0.2612,0.2612,60551.1
2023-10-01 20:47:00,1696193220.0,0.2612,0.2613,0.2611,0.2611,9645.9
2023-10-01 20:48:00,1696193280.0,0.2611,0.2612,0.261,0.261,15787.9
2023-10-01 20:49:00,1696193340.0,0.261,0.261,0.261,0.261,4179.4
2023-10-01 20:50:00,1696193400.0,0.261,0.2611,0.2609,0.261,33476.4
2023-10-01 20:51:00,1696193460.0,0.2609,0.2609,0.2606,0.2606,33983.7
2023-10-01 20:52:00,1696193520.0,0.2606,0.2607,0.2602,0.2604,505275.3
2023-10-01 20:53:00,1696193580.0,0.2605,0.2607,0.2605,0.2606,14022.1
2023-10-01 20:54:00,1696193640.0,0.2607,0.2608,0.2606,0.2606,14520.7
2023-10-01 20:55:00,1696193700.0,0.2606,0.2607,0.2606,0.2606,11243.4
2023-10-01 20:56:00,1696193760.0,0.2607,0.2607,0.2606,0.2607,48347.4
2023-10-01 20:57:00,1696193820.0,0.2606,0.2608,0.2606,0.2607,13079.3
2023-10-01 20:58:00,1696193880.0,0.2607,0.2609,0.2607,0.2607,11539.0
2023-10-01 20:59:00,1696193940.0,0.2608,0.2608,0.2607,0.2608,8633.0
2023-10-01 21:00:00,1696194000.0,0.2608,0.2609,0.2607,0.2608,28742.1
2023-10-01 21:01:00,1696194060.0,0.2609,0.2614,0.2609,0.2613,46079.2
2023-10-01 21:02:00,1696194120.0,0.2614,0.2616,0.2613,0.2614,27115.2
2023-10-01 21:03:00,1696194180.0,0.2613,0.2613,0.2613,0.2613,13662.9
2023-10-01 21:04:00,1696194240.0,0.2613,0.2614,0.2612,0.2612,8956.9
2023-10-01 21:05:00,1696194300.0,0.2613,0.2614,0.2613,0.2614,9874.8
2023-10-01 21:06:00,1696194360.0,0.2613,0.2614,0.2613,0.2614,2807.4
2023-10-01 21:07:00,1696194420.0,0.2615,0.2615,0.2612,0.2612,42568.9
2023-10-01 21:08:00,1696194480.0,0.2611,0.2612,0.2611,0.2612,1819.2
2023-10-01 21:09:00,1696194540.0,0.2611,0.2611,0.2608,0.261,36067.7
2023-10-01 21:10:00,1696194600.0,0.261,0.261,0.2608,0.2608,23352.9
2023-10-01 21:11:00,1696194660.0,0.2608,0.2608,0.2606,0.2607,75693.7
2023-10-01 21:12:00,1696194720.0,0.2607,0.2607,0.2606,0.2607,7376.8
2023-10-01 21:13:00,1696194780.0,0.2606,0.2607,0.2606,0.2607,6189.8
2023-10-01 21:14:00,1696194840.0,0.2608,0.2609,0.2608,0.2609,1399.9
2023-10-01 21:15:00,1696194900.0,0.261,0.2613,0.261,0.2612,55291.3
2023-10-01 21:16:00,1696194960.0,0.2612,0.2612,0.2611,0.2611,19190.2
2023-10-01 21:17:00,1696195020.0,0.2611,0.2612,0.261,0.2612,6398.3
2023-10-01 21:18:00,1696195080.0,0.2613,0.2613,0.2612,0.2612,8344.0
2023-10-01 21:19:00,1696195140.0,0.2612,0.2613,0.2611,0.2612,7563.4
2023-10-01 21:20:00,1696195200.0,0.2613,0.2613,0.2612,0.2612,22267.7
2023-10-01 21:21:00,1696195260.0,0.2612,0.2613,0.2612,0.2612,4477.4
2023-10-01 21:22:00,1696195320.0,0.2611,0.2612,0.2611,0.2612,10316.7
2023-10-01 21:23:00,1696195380.0,0.2612,0.2612,0.2611,0.2612,1673.2
2023-10-01 21:24:00,1696195440.0,0.2612,0.2612,0.2612,0.2612,0.0
2023-10-01 21:25:00,1696195500.0,0.2612,0.2613,0.2611,0.2613,27330.7
2023-10-01 21:26:00,1696195560.0,0.2613,0.2613,0.2613,0.2613,38.2
2023-10-01 21:27:00,1696195620.0,0.2612,0.2613,0.2612,0.2612,5265.2
2023-10-01 21:28:00,1696195680.0,0.2613,0.2614,0.2613,0.2614,8598.0
2023-10-01 21:29:00,1696195740.0,0.2614,0.2614,0.2613,0.2613,13326.2
2023-10-01 21:30:00,1696195800.0,0.2614,0.2616,0.2613,0.2615,18139.9
2023-10-01 21:31:00,1696195860.0,0.2616,0.2616,0.2615,0.2616,6321.4
2023-10-01 21:32:00,1696195920.0,0.2616,0.2616,0.2615,0.2616,4989.6
2023-10-01 21:33:00,1696195980.0,0.2615,0.2617,0.2615,0.2616,12345.5
2023-10-01 21:34:00,1696196040.0,0.2616,0.2617,0.2615,0.2615,15525.8
2023-10-01 21:35:00,1696196100.0,0.2615,0.2616,0.2615,0.2615,6397.7
2023-10-01 21:36:00,1696196160.0,0.2615,0.2616,0.2615,0.2615,2107.7
2023-10-01 21:37:00,1696196220.0,0.2615,0.2616,0.2615,0.2615,6979.8
2023-10-01 21:38:00,1696196280.0,0.2615,0.2616,0.2615,0.2615,5843.5
2023-10-01 21:39:00,1696196340.0,0.2616,0.2616,0.2615,0.2616,2441.0
2023-10-01 21:40:00,1696196400.0,0.2615,0.2616,0.2615,0.2616,1063.9
2023-10-01 21:41:00,1696196460.0,0.2616,0.2617,0.2616,0.2616,13954.2
2023-10-01 21:42:00,1696196520.0,0.2615,0.2617,0.2615,0.2617,5206.4
2023-10-01 21:43:00,1696196580.0,0.2617,0.2617,0.2617,0.2617,22522.8
2023-10-01 21:44:00,1696196640.0,0.2617,0.2618,0.2616,0.2617,47021.4
2023-10-01 21:45:00,1696196700.0,0.2617,0.2618,0.2616,0.2616,34044.4
2023-10-01 21:46:00,1696196760.0,0.2617,0.2619,0.2616,0.2617,249688.4
2023-10-01 21:47:00,1696196820.0,0.2617,0.2617,0.2616,0.2616,3281.1
2023-10-01 21:48:00,1696196880.0,0.2617,0.2619,0.2616,0.2618,112346.6
2023-10-01 21:49:00,1696196940.0,0.2618,0.2619,0.2617,0.2618,95444.6
2023-10-01 21:50:00,1696197000.0,0.2618,0.2619,0.2617,0.2617,23769.1
2023-10-01 21:51:00,1696197060.0,0.2618,0.2618,0.2617,0.2618,17772.5
2023-10-01 21:52:00,1696197120.0,0.2618,0.2618,0.2617,0.2618,5414.3
2023-10-01 21:53:00,1696197180.0,0.2618,0.2619,0.2618,0.2619,12580.9
2023-10-01 21:54:00,1696197240.0,0.2618,0.2619,0.2618,0.2619,59828.8
2023-10-01 21:55:00,1696197300.0,0.2618,0.2619,0.2618,0.2619,3749.8
2023-10-01 21:56:00,1696197360.0,0.2619,0.2619,0.2618,0.2619,870.2
2023-10-01 21:57:00,1696197420.0,0.2619,0.2619,0.2618,0.2619,1037.6
2023-10-01 21:58:00,1696197480.0,0.2619,0.2619,0.2619,0.2619,14278.4
2023-10-01 21:59:00,1696197540.0,0.262,0.2621,0.262,0.2621,57923.7
2023-10-01 22:00:00,1696197600.0,0.2621,0.2624,0.2621,0.2624,73813.5
2023-10-01 22:01:00,1696197660.0,0.2624,0.2624,0.2622,0.2623,49026.3
2023-10-01 22:02:00,1696197720.0,0.2623,0.2624,0.2622,0.2623,10690.1
2023-10-01 22:03:00,1696197780.0,0.2624,0.2624,0.2623,0.2623,487.9
2023-10-01 22:04:00,1696197840.0,0.2623,0.2623,0.2621,0.2622,52286.0
2023-10-01 22:05:00,1696197900.0,0.2621,0.2621,0.2619,0.2619,36078.4
2023-10-01 22:06:00,1696197960.0,0.262,0.2621,0.2619,0.2621,52644.8
2023-10-01 22:07:00,1696198020.0,0.2622,0.2622,0.2621,0.2621,5777.2
2023-10-01 22:08:00,1696198080.0,0.2622,0.2623,0.2622,0.2622,15010.9
2023-10-01 22:09:00,1696198140.0,0.2622,0.2623,0.2622,0.2623,10234.6
2023-10-01 22:10:00,1696198200.0,0.2624,0.2624,0.2623,0.2623,53925.6
2023-10-01 22:11:00,1696198260.0,0.2624,0.2624,0.2623,0.2624,4456.4
2023-10-01 22:12:00,1696198320.0,0.2624,0.2626,0.2624,0.2625,99034.1
2023-10-01 22:13:00,1696198380.0,0.2625,0.2625,0.2624,0.2625,8569.3
2023-10-01 22:14:00,1696198440.0,0.2625,0.2627,0.2625,0.2626,38921.2
2023-10-01 22:15:00,1696198500.0,0.2626,0.2637,0.2626,0.2636,736766.1
2023-10-01 22:16:00,1696198560.0,0.2637,0.2637,0.263,0.2631,493873.7
2023-10-01 22:17:00,1696198620.0,0.2632,0.2677,0.2632,0.2673,1739359.6
2023-10-01 22:18:00,1696198680.0,0.2675,0.2679,0.2653,0.2664,2203761.6
2023-10-01 22:19:00,1696198740.0,0.2663,0.2667,0.2659,0.2661,473891.9
2023-10-01 22:20:00,1696198800.0,0.2662,0.2664,0.2656,0.2656,405864.3
2023-10-01 22:21:00,1696198860.0,0.2657,0.2665,0.2657,0.2661,343502.8
2023-10-01 22:22:00,1696198920.0,0.2661,0.2663,0.2656,0.2661,216160.5
2023-10-01 22:23:00,1696198980.0,0.2661,0.2669,0.2661,0.2666,187641.7
2023-10-01 22:24:00,1696199040.0,0.2667,0.2669,0.2663,0.2668,353609.1
2023-10-01 22:25:00,1696199100.0,0.2668,0.2671,0.2663,0.2665,197700.4
2023-10-01 22:26:00,1696199160.0,0.2666,0.2669,0.2661,0.2665,181454.4
2023-10-01 22:27:00,1696199220.0,0.2665,0.2665,0.2661,0.2662,63918.9
2023-10-01 22:28:00,1696199280.0,0.2662,0.2665,0.2662,0.2664,141912.1
2023-10-01 22:29:00,1696199340.0,0.2664,0.2664,0.2659,0.266,132837.5
2023-10-01 22:30:00,1696199400.0,0.266,0.2666,0.266,0.2666,240804.9
2023-10-01 22:31:00,1696199460.0,0.2666,0.2669,0.2666,0.2668,90626.0
2023-10-01 22:32:00,1696199520.0,0.2668,0.2671,0.2668,0.2669,77446.7
2023-10-01 22:33:00,1696199580.0,0.2668,0.2674,0.2668,0.2672,104597.4
2023-10-01 22:34:00,1696199640.0,0.2672,0.2672,0.2664,0.2668,303773.6
2023-10-01 22:35:00,1696199700.0,0.2668,0.267,0.2666,0.2667,149008.9
2023-10-01 22:36:00,1696199760.0,0.2667,0.267,0.2666,0.2668,85231.1
2023-10-01 22:37:00,1696199820.0,0.2668,0.2668,0.2666,0.2668,51256.2
2023-10-01 22:38:00,1696199880.0,0.2668,0.2668,0.2661,0.2662,135069.6
2023-10-01 22:39:00,1696199940.0,0.2662,0.2666,0.2662,0.2665,90217.1
2023-10-01 22:40:00,1696200000.0,0.2664,0.2665,0.2661,0.2662,115446.4
2023-10-01 22:41:00,1696200060.0,0.2662,0.2662,0.2657,0.2658,130801.3
2023-10-01 22:42:00,1696200120.0,0.2659,0.2661,0.2658,0.266,121717.4
2023-10-01 22:43:00,1696200180.0,0.2661,0.2667,0.2661,0.2666,64043.2
2023-10-01 22:44:00,1696200240.0,0.2667,0.2669,0.2664,0.2669,43846.5
2023-10-01 22:45:00,1696200300.0,0.2668,0.2668,0.2665,0.2666,136394.8
2023-10-01 22:46:00,1696200360.0,0.2666,0.267,0.2666,0.267,76559.7
2023-10-01 22:47:00,1696200420.0,0.267,0.2672,0.2666,0.2667,118787.4
2023-10-01 22:48:00,1696200480.0,0.2666,0.2668,0.2666,0.2667,41118.8
2023-10-01 22:49:00,1696200540.0,0.2668,0.2668,0.2665,0.2666,64314.6
2023-10-01 22:50:00,1696200600.0,0.2667,0.2668,0.2667,0.2667,33107.7
2023-10-01 22:51:00,1696200660.0,0.2668,0.2669,0.2668,0.2668,19918.8
2023-10-01 22:52:00,1696200720.0,0.2668,0.2673,0.2668,0.2672,56766.3
2023-10-01 22:53:00,1696200780.0,0.2672,0.2672,0.2668,0.2668,268491.0
2023-10-01 22:54:00,1696200840.0,0.2669,0.267,0.2668,0.2668,18615.2
2023-10-01 22:55:00,1696200900.0,0.2668,0.2671,0.2667,0.2671,311439.4
2023-10-01 22:56:00,1696200960.0,0.2671,0.2671,0.2669,0.2671,22674.5
2023-10-01 22:57:00,1696201020.0,0.2671,0.2673,0.2671,0.2673,73965.8
2023-10-01 22:58:00,1696201080.0,0.2673,0.2674,0.2672,0.2674,14440.8
2023-10-01 22:59:00,1696201140.0,0.2674,0.2677,0.2673,0.2676,129380.6
2023-10-01 23:00:00,1696201200.0,0.2676,0.2678,0.2672,0.2673,66743.7
2023-10-01 23:01:00,1696201260.0,0.2674,0.2677,0.2674,0.2677,116668.4
2023-10-01 23:02:00,1696201320.0,0.2677,0.2678,0.2675,0.2677,112488.1
2023-10-01 23:03:00,1696201380.0,0.2676,0.2677,0.2674,0.2675,55354.5
2023-10-01 23:04:00,1696201440.0,0.2674,0.2675,0.2671,0.2673,106398.7
2023-10-01 23:05:00,1696201500.0,0.2673,0.2673,0.267,0.2671,257657.8
2023-10-01 23:06:00,1696201560.0,0.2671,0.2673,0.2669,0.2673,165577.5
2023-10-01 23:07:00,1696201620.0,0.2673,0.2675,0.2673,0.2674,61246.0
2023-10-01 23:08:00,1696201680.0,0.2674,0.2674,0.2672,0.2672,39725.1
2023-10-01 23:09:00,1696201740.0,0.2672,0.2672,0.2669,0.2669,31739.4
2023-10-01 23:10:00,1696201800.0,0.2668,0.2672,0.2668,0.2671,122780.9
2023-10-01 23:11:00,1696201860.0,0.2671,0.2673,0.267,0.267,63812.1
2023-10-01 23:12:00,1696201920.0,0.267,0.267,0.2665,0.2666,135493.8
2023-10-01 23:13:00,1696201980.0,0.2666,0.2668,0.2665,0.2666,86154.1
2023-10-01 23:14:00,1696202040.0,0.2666,0.2666,0.2661,0.2664,91235.4
2023-10-01 23:15:00,1696202100.0,0.2665,0.2667,0.2664,0.2665,81891.7
2023-10-01 23:16:00,1696202160.0,0.2666,0.2667,0.2665,0.2667,51911.8
2023-10-01 23:17:00,1696202220.0,0.2668,0.2668,0.2666,0.2668,70063.7
2023-10-01 23:18:00,1696202280.0,0.2668,0.2668,0.2666,0.2666,21516.1
2023-10-01 23:19:00,1696202340.0,0.2666,0.2667,0.2663,0.2663,56981.5
2023-10-01 23:20:00,1696202400.0,0.2664,0.2666,0.2663,0.2665,135128.0
2023-10-01 23:21:00,1696202460.0,0.2666,0.2667,0.2663,0.2664,68968.6
2023-10-01 23:22:00,1696202520.0,0.2663,0.2664,0.2661,0.2662,33326.0
2023-10-01 23:23:00,1696202580.0,0.2662,0.2663,0.2662,0.2663,25228.7
2023-10-01 23:24:00,1696202640.0,0.2663,0.2666,0.2663,0.2666,15651.7
2023-10-01 23:25:00,1696202700.0,0.2665,0.2666,0.2662,0.2662,27039.2
2023-10-01 23:26:00,1696202760.0,0.2663,0.2663,0.2661,0.2662,30643.2
2023-10-01 23:27:00,1696202820.0,0.2663,0.2663,0.2661,0.2661,12320.0
2023-10-01 23:28:00,1696202880.0,0.2661,0.2661,0.2655,0.2656,316500.6
2023-10-01 23:29:00,1696202940.0,0.2656,0.2658,0.2654,0.2657,107044.0
2023-10-01 23:30:00,1696203000.0,0.2658,0.2659,0.2654,0.2656,667669.0
2023-10-01 23:31:00,1696203060.0,0.2656,0.2656,0.265,0.2652,678015.7
2023-10-01 23:32:00,1696203120.0,0.2652,0.2654,0.2652,0.2653,112182.4
2023-10-01 23:33:00,1696203180.0,0.2654,0.2655,0.2653,0.2655,82252.6
2023-10-01 23:34:00,1696203240.0,0.2655,0.2658,0.2654,0.2658,24042.5
2023-10-01 23:35:00,1696203300.0,0.2658,0.2658,0.2657,0.2657,129560.6
2023-10-01 23:36:00,1696203360.0,0.2657,0.2658,0.2656,0.2658,19691.2
2023-10-01 23:37:00,1696203420.0,0.2658,0.2661,0.2658,0.266,84766.4
2023-10-01 23:38:00,1696203480.0,0.2661,0.2662,0.266,0.266,35221.5
2023-10-01 23:39:00,1696203540.0,0.266,0.2661,0.266,0.266,31629.6
2023-10-01 23:40:00,1696203600.0,0.266,0.2661,0.2659,0.2661,24896.5
2023-10-01 23:41:00,1696203660.0,0.2661,0.2662,0.266,0.2661,38866.9
2023-10-01 23:42:00,1696203720.0,0.2662,0.2663,0.266,0.2662,168590.4
2023-10-01 23:43:00,1696203780.0,0.2662,0.2662,0.266,0.266,26320.6
2023-10-01 23:44:00,1696203840.0,0.2659,0.2662,0.2659,0.2661,17584.2
2023-10-01 23:45:00,1696203900.0,0.2661,0.2661,0.2659,0.2659,28386.0
2023-10-01 23:46:00,1696203960.0,0.2658,0.2661,0.2658,0.2661,49540.4
2023-10-01 23:47:00,1696204020.0,0.2661,0.2663,0.266,0.2663,30875.3
2023-10-01 23:48:00,1696204080.0,0.2663,0.2663,0.2662,0.2662,53021.4
2023-10-01 23:49:00,1696204140.0,0.2661,0.2662,0.266,0.266,88365.3
2023-10-01 23:50:00,1696204200.0,0.2661,0.2661,0.266,0.2661,5219.9
2023-10-01 23:51:00,1696204260.0,0.2661,0.2662,0.2658,0.2658,45359.1
2023-10-01 23:52:00,1696204320.0,0.2658,0.2659,0.2658,0.2659,4187.8
2023-10-01 23:53:00,1696204380.0,0.2659,0.2659,0.2657,0.2658,24138.4
2023-10-01 23:54:00,1696204440.0,0.2658,0.2659,0.2657,0.2659,16443.2
2023-10-01 23:55:00,1696204500.0,0.2659,0.2659,0.2657,0.2657,10754.9
2023-10-01 23:56:00,1696204560.0,0.2658,0.2658,0.2657,0.2657,13039.0
2023-10-01 23:57:00,1696204620.0,0.2656,0.2659,0.2656,0.2658,10759.7
2023-10-01 23:58:00,1696204680.0,0.2659,0.266,0.2659,0.2659,33458.4
2023-10-01 23:59:00,1696204740.0,0.2659,0.266,0.2657,0.2659,91855.7
