Universal Time,Unix Time,Open,High,Low,Close,Volume
2022-05-22 00:00:00,1653177600.0,0.4144,0.4152,0.414,0.4152,136272.0
2022-05-22 00:01:00,1653177660.0,0.4151,0.4151,0.4146,0.4148,75912.0
2022-05-22 00:02:00,1653177720.0,0.4148,0.4148,0.4136,0.4145,340249.0
2022-05-22 00:03:00,1653177780.0,0.4145,0.4147,0.4142,0.4142,132715.0
2022-05-22 00:04:00,1653177840.0,0.4142,0.4143,0.4141,0.4142,61322.0
2022-05-22 00:05:00,1653177900.0,0.4142,0.415,0.4141,0.4148,407155.0
2022-05-22 00:06:00,1653177960.0,0.4147,0.4149,0.4147,0.4148,12544.0
2022-05-22 00:07:00,1653178020.0,0.4149,0.4154,0.4145,0.4145,165598.0
2022-05-22 00:08:00,1653178080.0,0.4145,0.4145,0.414,0.4141,125394.0
2022-05-22 00:09:00,1653178140.0,0.4141,0.4141,0.4138,0.414,52254.0
2022-05-22 00:10:00,1653178200.0,0.4141,0.4144,0.4139,0.4144,61007.0
2022-05-22 00:11:00,1653178260.0,0.4145,0.4145,0.414,0.4142,54949.0
2022-05-22 00:12:00,1653178320.0,0.4142,0.4143,0.414,0.414,95833.0
2022-05-22 00:13:00,1653178380.0,0.414,0.4142,0.4136,0.4136,342379.0
2022-05-22 00:14:00,1653178440.0,0.4135,0.4138,0.4134,0.4138,83082.0
2022-05-22 00:15:00,1653178500.0,0.4138,0.4138,0.4136,0.4138,72474.0
2022-05-22 00:16:00,1653178560.0,0.4138,0.4142,0.4137,0.4141,544809.0
2022-05-22 00:17:00,1653178620.0,0.414,0.4143,0.414,0.4143,53610.0
2022-05-22 00:18:00,1653178680.0,0.4143,0.4151,0.4143,0.4147,331090.0
2022-05-22 00:19:00,1653178740.0,0.4147,0.4149,0.4146,0.4148,28773.0
2022-05-22 00:20:00,1653178800.0,0.4149,0.4152,0.4148,0.4152,73107.0
2022-05-22 00:21:00,1653178860.0,0.4152,0.4152,0.4149,0.4149,66148.0
2022-05-22 00:22:00,1653178920.0,0.415,0.415,0.4149,0.415,17797.0
2022-05-22 00:23:00,1653178980.0,0.4149,0.415,0.4145,0.4145,63278.0
2022-05-22 00:24:00,1653179040.0,0.4146,0.415,0.4146,0.4148,270540.0
2022-05-22 00:25:00,1653179100.0,0.4148,0.4152,0.4147,0.415,47746.0
2022-05-22 00:26:00,1653179160.0,0.415,0.4152,0.415,0.4152,21172.0
2022-05-22 00:27:00,1653179220.0,0.4153,0.4153,0.4149,0.4149,95644.0
2022-05-22 00:28:00,1653179280.0,0.4149,0.415,0.4148,0.4148,20782.0
2022-05-22 00:29:00,1653179340.0,0.4147,0.4149,0.4147,0.4149,38732.0
2022-05-22 00:30:00,1653179400.0,0.4148,0.4152,0.4148,0.4151,18655.0
2022-05-22 00:31:00,1653179460.0,0.4151,0.4154,0.4151,0.4154,7370.0
2022-05-22 00:32:00,1653179520.0,0.4154,0.4158,0.4154,0.4157,10367.0
2022-05-22 00:33:00,1653179580.0,0.4158,0.4159,0.4154,0.4154,83927.0
2022-05-22 00:34:00,1653179640.0,0.4154,0.4157,0.4153,0.4156,68595.0
2022-05-22 00:35:00,1653179700.0,0.4157,0.4157,0.4153,0.4154,159411.0
2022-05-22 00:36:00,1653179760.0,0.4154,0.4155,0.4153,0.4155,18114.0
2022-05-22 00:37:00,1653179820.0,0.4156,0.4156,0.4155,0.4155,6643.0
2022-05-22 00:38:00,1653179880.0,0.4156,0.4156,0.4153,0.4153,111044.0
2022-05-22 00:39:00,1653179940.0,0.4154,0.4156,0.4153,0.4154,87567.0
2022-05-22 00:40:00,1653180000.0,0.4155,0.4158,0.4155,0.4155,93754.0
2022-05-22 00:41:00,1653180060.0,0.4155,0.4155,0.4145,0.4145,88663.0
2022-05-22 00:42:00,1653180120.0,0.4145,0.4151,0.4145,0.4151,120131.0
2022-05-22 00:43:00,1653180180.0,0.4151,0.4152,0.4151,0.4151,23843.0
2022-05-22 00:44:00,1653180240.0,0.4151,0.4151,0.4142,0.4143,449035.0
2022-05-22 00:45:00,1653180300.0,0.4143,0.4145,0.4138,0.4139,283113.0
2022-05-22 00:46:00,1653180360.0,0.4139,0.4146,0.4138,0.4139,145247.0
2022-05-22 00:47:00,1653180420.0,0.4139,0.4144,0.4139,0.4142,23622.0
2022-05-22 00:48:00,1653180480.0,0.4143,0.4144,0.4143,0.4144,43524.0
2022-05-22 00:49:00,1653180540.0,0.4144,0.4146,0.4144,0.4146,62782.0
2022-05-22 00:50:00,1653180600.0,0.4146,0.4147,0.4145,0.4146,65990.0
2022-05-22 00:51:00,1653180660.0,0.4145,0.4146,0.4145,0.4146,8027.0
2022-05-22 00:52:00,1653180720.0,0.4145,0.4147,0.4145,0.4147,15402.0
2022-05-22 00:53:00,1653180780.0,0.4148,0.4151,0.4148,0.415,72624.0
2022-05-22 00:54:00,1653180840.0,0.4151,0.4151,0.4149,0.4149,8312.0
2022-05-22 00:55:00,1653180900.0,0.4149,0.415,0.4149,0.4149,43530.0
2022-05-22 00:56:00,1653180960.0,0.4149,0.4149,0.4146,0.4146,44949.0
2022-05-22 00:57:00,1653181020.0,0.4146,0.4147,0.4145,0.4147,82942.0
2022-05-22 00:58:00,1653181080.0,0.4146,0.4147,0.4144,0.4144,204679.0
2022-05-22 00:59:00,1653181140.0,0.4145,0.4146,0.4145,0.4146,74808.0
2022-05-22 01:00:00,1653181200.0,0.4146,0.4156,0.4146,0.415,308251.0
2022-05-22 01:01:00,1653181260.0,0.415,0.4153,0.415,0.4153,82797.0
2022-05-22 01:02:00,1653181320.0,0.4153,0.4153,0.4151,0.4151,45589.0
2022-05-22 01:03:00,1653181380.0,0.4151,0.4155,0.4149,0.415,98758.0
2022-05-22 01:04:00,1653181440.0,0.415,0.4151,0.4147,0.4147,41529.0
2022-05-22 01:05:00,1653181500.0,0.4148,0.4151,0.4147,0.415,88926.0
2022-05-22 01:06:00,1653181560.0,0.4151,0.4151,0.415,0.415,8132.0
2022-05-22 01:07:00,1653181620.0,0.415,0.4154,0.415,0.4152,114003.0
2022-05-22 01:08:00,1653181680.0,0.4153,0.4155,0.4153,0.4154,33495.0
2022-05-22 01:09:00,1653181740.0,0.4155,0.4155,0.4154,0.4154,13266.0
2022-05-22 01:10:00,1653181800.0,0.4154,0.4156,0.4154,0.4155,26128.0
2022-05-22 01:11:00,1653181860.0,0.4154,0.4154,0.415,0.4152,53169.0
2022-05-22 01:12:00,1653181920.0,0.4152,0.4153,0.415,0.4151,37412.0
2022-05-22 01:13:00,1653181980.0,0.4151,0.4151,0.415,0.4151,13684.0
2022-05-22 01:14:00,1653182040.0,0.4152,0.4152,0.4151,0.4151,12507.0
2022-05-22 01:15:00,1653182100.0,0.4151,0.4158,0.4151,0.4155,113106.0
2022-05-22 01:16:00,1653182160.0,0.4155,0.4155,0.4148,0.4148,169291.0
2022-05-22 01:17:00,1653182220.0,0.4149,0.415,0.4149,0.415,31113.0
2022-05-22 01:18:00,1653182280.0,0.415,0.4157,0.415,0.4154,136399.0
2022-05-22 01:19:00,1653182340.0,0.4155,0.4155,0.4152,0.4152,11051.0
2022-05-22 01:20:00,1653182400.0,0.4152,0.4152,0.415,0.415,27090.0
2022-05-22 01:21:00,1653182460.0,0.415,0.4151,0.4148,0.4149,54895.0
2022-05-22 01:22:00,1653182520.0,0.4149,0.415,0.4149,0.415,14314.0
2022-05-22 01:23:00,1653182580.0,0.4149,0.415,0.4139,0.4141,132450.0
2022-05-22 01:24:00,1653182640.0,0.4141,0.4141,0.4136,0.414,89040.0
2022-05-22 01:25:00,1653182700.0,0.414,0.414,0.4134,0.4138,52445.0
2022-05-22 01:26:00,1653182760.0,0.4138,0.4139,0.4136,0.4136,91600.0
2022-05-22 01:27:00,1653182820.0,0.4136,0.4139,0.4136,0.4139,18073.0
2022-05-22 01:28:00,1653182880.0,0.4138,0.414,0.4138,0.4139,28060.0
2022-05-22 01:29:00,1653182940.0,0.4139,0.4146,0.4136,0.4142,365579.0
2022-05-22 01:30:00,1653183000.0,0.4141,0.4142,0.4141,0.4141,48941.0
2022-05-22 01:31:00,1653183060.0,0.4141,0.4144,0.4141,0.4142,192750.0
2022-05-22 01:32:00,1653183120.0,0.4143,0.4146,0.4141,0.4145,56344.0
2022-05-22 01:33:00,1653183180.0,0.4145,0.4148,0.4144,0.4144,41556.0
2022-05-22 01:34:00,1653183240.0,0.4144,0.4145,0.4144,0.4145,5341.0
2022-05-22 01:35:00,1653183300.0,0.4145,0.4148,0.4145,0.4147,11506.0
2022-05-22 01:36:00,1653183360.0,0.4147,0.4149,0.4147,0.4148,44443.0
2022-05-22 01:37:00,1653183420.0,0.4148,0.4148,0.4145,0.4145,145080.0
2022-05-22 01:38:00,1653183480.0,0.4145,0.4146,0.4142,0.4143,118864.0
2022-05-22 01:39:00,1653183540.0,0.4142,0.4142,0.4135,0.4135,32746.0
2022-05-22 01:40:00,1653183600.0,0.4136,0.4142,0.4136,0.4142,132849.0
2022-05-22 01:41:00,1653183660.0,0.4142,0.4142,0.4136,0.4139,144748.0
2022-05-22 01:42:00,1653183720.0,0.4139,0.4139,0.4137,0.4139,14471.0
2022-05-22 01:43:00,1653183780.0,0.4139,0.4141,0.4137,0.4141,37405.0
2022-05-22 01:44:00,1653183840.0,0.4141,0.4141,0.414,0.4141,7581.0
2022-05-22 01:45:00,1653183900.0,0.414,0.4141,0.4139,0.4141,19475.0
2022-05-22 01:46:00,1653183960.0,0.4142,0.4143,0.4139,0.414,53812.0
2022-05-22 01:47:00,1653184020.0,0.414,0.414,0.4138,0.414,43167.0
2022-05-22 01:48:00,1653184080.0,0.414,0.4141,0.414,0.414,81253.0
2022-05-22 01:49:00,1653184140.0,0.414,0.4141,0.4137,0.4138,25526.0
2022-05-22 01:50:00,1653184200.0,0.4138,0.4139,0.4138,0.4138,24368.0
2022-05-22 01:51:00,1653184260.0,0.4139,0.414,0.4138,0.414,41424.0
2022-05-22 01:52:00,1653184320.0,0.4141,0.4142,0.4138,0.4138,57604.0
2022-05-22 01:53:00,1653184380.0,0.4138,0.4138,0.4133,0.4135,69461.0
2022-05-22 01:54:00,1653184440.0,0.4136,0.4136,0.4135,0.4135,9085.0
2022-05-22 01:55:00,1653184500.0,0.4135,0.4138,0.4135,0.4138,56077.0
2022-05-22 01:56:00,1653184560.0,0.4138,0.414,0.4136,0.414,165637.0
2022-05-22 01:57:00,1653184620.0,0.4139,0.4141,0.4139,0.414,9180.0
2022-05-22 01:58:00,1653184680.0,0.414,0.4144,0.414,0.4144,14259.0
2022-05-22 01:59:00,1653184740.0,0.4144,0.4144,0.4142,0.4143,92886.0
2022-05-22 02:00:00,1653184800.0,0.4143,0.4144,0.4138,0.4138,323229.0
2022-05-22 02:01:00,1653184860.0,0.4138,0.414,0.4137,0.4139,76030.0
2022-05-22 02:02:00,1653184920.0,0.4139,0.4139,0.4137,0.4137,15085.0
2022-05-22 02:03:00,1653184980.0,0.4137,0.4137,0.4136,0.4136,7347.0
2022-05-22 02:04:00,1653185040.0,0.4136,0.4136,0.413,0.4131,64551.0
2022-05-22 02:05:00,1653185100.0,0.4131,0.4132,0.413,0.413,27965.0
2022-05-22 02:06:00,1653185160.0,0.413,0.4135,0.413,0.4135,86335.0
2022-05-22 02:07:00,1653185220.0,0.4135,0.4136,0.4131,0.4132,75058.0
2022-05-22 02:08:00,1653185280.0,0.4132,0.4135,0.4132,0.4135,30148.0
2022-05-22 02:09:00,1653185340.0,0.4134,0.4135,0.4134,0.4135,6006.0
2022-05-22 02:10:00,1653185400.0,0.4134,0.4135,0.4134,0.4135,67960.0
2022-05-22 02:11:00,1653185460.0,0.4135,0.4136,0.4134,0.4135,70039.0
2022-05-22 02:12:00,1653185520.0,0.4135,0.4137,0.4134,0.4136,124512.0
2022-05-22 02:13:00,1653185580.0,0.4135,0.4138,0.4135,0.4138,35377.0
2022-05-22 02:14:00,1653185640.0,0.4137,0.4139,0.4137,0.4137,33656.0
2022-05-22 02:15:00,1653185700.0,0.4137,0.4137,0.4129,0.413,176073.0
2022-05-22 02:16:00,1653185760.0,0.413,0.413,0.4129,0.413,111473.0
2022-05-22 02:17:00,1653185820.0,0.4131,0.4132,0.4128,0.4128,89552.0
2022-05-22 02:18:00,1653185880.0,0.4128,0.4128,0.4126,0.4127,18430.0
2022-05-22 02:19:00,1653185940.0,0.4126,0.4127,0.4123,0.4123,31845.0
2022-05-22 02:20:00,1653186000.0,0.4123,0.413,0.4122,0.4129,230050.0
2022-05-22 02:21:00,1653186060.0,0.4129,0.4129,0.4127,0.4128,75770.0
2022-05-22 02:22:00,1653186120.0,0.4127,0.4131,0.4127,0.413,37301.0
2022-05-22 02:23:00,1653186180.0,0.4129,0.413,0.4129,0.413,3493.0
2022-05-22 02:24:00,1653186240.0,0.4129,0.413,0.4129,0.4129,19078.0
2022-05-22 02:25:00,1653186300.0,0.4129,0.4133,0.4129,0.4133,43174.0
2022-05-22 02:26:00,1653186360.0,0.4132,0.4132,0.4131,0.4131,10657.0
2022-05-22 02:27:00,1653186420.0,0.4131,0.4132,0.4131,0.4131,15936.0
2022-05-22 02:28:00,1653186480.0,0.4131,0.4132,0.4131,0.4131,18758.0
2022-05-22 02:29:00,1653186540.0,0.4132,0.4132,0.4128,0.4128,26235.0
2022-05-22 02:30:00,1653186600.0,0.4129,0.4129,0.4126,0.4128,58126.0
2022-05-22 02:31:00,1653186660.0,0.4128,0.4128,0.4126,0.4126,34795.0
2022-05-22 02:32:00,1653186720.0,0.4126,0.4127,0.4123,0.4125,36991.0
2022-05-22 02:33:00,1653186780.0,0.4125,0.413,0.4124,0.413,457818.0
2022-05-22 02:34:00,1653186840.0,0.4129,0.4131,0.4126,0.4126,24921.0
2022-05-22 02:35:00,1653186900.0,0.4127,0.4127,0.4125,0.4126,24120.0
2022-05-22 02:36:00,1653186960.0,0.4126,0.4127,0.4123,0.4124,38782.0
2022-05-22 02:37:00,1653187020.0,0.4124,0.4127,0.4124,0.4127,51240.0
2022-05-22 02:38:00,1653187080.0,0.4127,0.4132,0.4127,0.413,619798.0
2022-05-22 02:39:00,1653187140.0,0.413,0.4131,0.4128,0.4129,47718.0
2022-05-22 02:40:00,1653187200.0,0.4128,0.4129,0.4127,0.4128,50072.0
2022-05-22 02:41:00,1653187260.0,0.4128,0.4128,0.4126,0.4126,41161.0
2022-05-22 02:42:00,1653187320.0,0.4127,0.4133,0.4125,0.4131,767601.0
2022-05-22 02:43:00,1653187380.0,0.4132,0.4132,0.4127,0.4127,104048.0
2022-05-22 02:44:00,1653187440.0,0.4127,0.4128,0.4126,0.4127,47140.0
2022-05-22 02:45:00,1653187500.0,0.4127,0.4128,0.4127,0.4127,9436.0
2022-05-22 02:46:00,1653187560.0,0.4128,0.413,0.4128,0.413,28364.0
2022-05-22 02:47:00,1653187620.0,0.4131,0.4136,0.4131,0.4134,115752.0
2022-05-22 02:48:00,1653187680.0,0.4135,0.4137,0.4134,0.4134,118216.0
2022-05-22 02:49:00,1653187740.0,0.4133,0.4133,0.4132,0.4133,84511.0
2022-05-22 02:50:00,1653187800.0,0.4134,0.4135,0.4134,0.4135,12916.0
2022-05-22 02:51:00,1653187860.0,0.4134,0.4135,0.4133,0.4133,12104.0
2022-05-22 02:52:00,1653187920.0,0.4133,0.4137,0.4132,0.4135,457514.0
2022-05-22 02:53:00,1653187980.0,0.4135,0.4135,0.4135,0.4135,1118.0
2022-05-22 02:54:00,1653188040.0,0.4136,0.4137,0.4136,0.4136,26228.0
2022-05-22 02:55:00,1653188100.0,0.4137,0.4137,0.4136,0.4137,31360.0
2022-05-22 02:56:00,1653188160.0,0.4137,0.414,0.4136,0.4138,126887.0
2022-05-22 02:57:00,1653188220.0,0.4138,0.4138,0.4137,0.4137,12828.0
2022-05-22 02:58:00,1653188280.0,0.4137,0.4137,0.4135,0.4135,71028.0
2022-05-22 02:59:00,1653188340.0,0.4135,0.4137,0.4135,0.4136,64324.0
2022-05-22 03:00:00,1653188400.0,0.4136,0.4136,0.413,0.413,52498.0
2022-05-22 03:01:00,1653188460.0,0.4131,0.4136,0.413,0.4135,81305.0
2022-05-22 03:02:00,1653188520.0,0.4135,0.4136,0.4134,0.4136,11624.0
2022-05-22 03:03:00,1653188580.0,0.4135,0.4136,0.4135,0.4135,24449.0
2022-05-22 03:04:00,1653188640.0,0.4135,0.4136,0.4133,0.4135,273395.0
2022-05-22 03:05:00,1653188700.0,0.4134,0.4134,0.4131,0.4131,67400.0
2022-05-22 03:06:00,1653188760.0,0.4132,0.4132,0.4131,0.4132,10697.0
2022-05-22 03:07:00,1653188820.0,0.4132,0.4141,0.4132,0.4141,223822.0
2022-05-22 03:08:00,1653188880.0,0.4141,0.4141,0.4138,0.4138,200823.0
2022-05-22 03:09:00,1653188940.0,0.4139,0.4146,0.4137,0.4146,201290.0
2022-05-22 03:10:00,1653189000.0,0.4146,0.4149,0.4146,0.4147,174613.0
2022-05-22 03:11:00,1653189060.0,0.4146,0.4147,0.4144,0.4146,56459.0
2022-05-22 03:12:00,1653189120.0,0.4145,0.4145,0.4142,0.4142,127902.0
2022-05-22 03:13:00,1653189180.0,0.4142,0.4142,0.414,0.414,25601.0
2022-05-22 03:14:00,1653189240.0,0.4141,0.4143,0.414,0.4143,83767.0
2022-05-22 03:15:00,1653189300.0,0.4144,0.4144,0.4142,0.4142,76842.0
2022-05-22 03:16:00,1653189360.0,0.4141,0.4145,0.4141,0.4145,23447.0
2022-05-22 03:17:00,1653189420.0,0.4146,0.4146,0.4143,0.4143,11305.0
2022-05-22 03:18:00,1653189480.0,0.4143,0.4143,0.4138,0.414,30078.0
2022-05-22 03:19:00,1653189540.0,0.414,0.4141,0.4137,0.4137,64886.0
2022-05-22 03:20:00,1653189600.0,0.4137,0.4141,0.4137,0.4141,22744.0
2022-05-22 03:21:00,1653189660.0,0.4141,0.4141,0.4136,0.4136,54136.0
2022-05-22 03:22:00,1653189720.0,0.4137,0.4137,0.4134,0.4135,26508.0
2022-05-22 03:23:00,1653189780.0,0.4135,0.4138,0.4134,0.4138,58469.0
2022-05-22 03:24:00,1653189840.0,0.4139,0.414,0.4139,0.414,66618.0
2022-05-22 03:25:00,1653189900.0,0.414,0.414,0.4139,0.4139,61794.0
2022-05-22 03:26:00,1653189960.0,0.4139,0.4142,0.4139,0.4142,84941.0
2022-05-22 03:27:00,1653190020.0,0.4142,0.4142,0.414,0.414,87114.0
2022-05-22 03:28:00,1653190080.0,0.414,0.4141,0.414,0.4141,10989.0
2022-05-22 03:29:00,1653190140.0,0.4141,0.4143,0.414,0.4142,39867.0
2022-05-22 03:30:00,1653190200.0,0.4142,0.4142,0.4139,0.414,89511.0
2022-05-22 03:31:00,1653190260.0,0.414,0.414,0.4137,0.4138,16027.0
2022-05-22 03:32:00,1653190320.0,0.4138,0.4139,0.4137,0.4139,9498.0
2022-05-22 03:33:00,1653190380.0,0.414,0.4143,0.414,0.4142,34427.0
2022-05-22 03:34:00,1653190440.0,0.4143,0.4143,0.4138,0.4138,37674.0
2022-05-22 03:35:00,1653190500.0,0.4139,0.414,0.4138,0.4138,28760.0
2022-05-22 03:36:00,1653190560.0,0.4138,0.4138,0.4136,0.4136,39880.0
2022-05-22 03:37:00,1653190620.0,0.4135,0.4136,0.4133,0.4133,6942.0
2022-05-22 03:38:00,1653190680.0,0.4133,0.4134,0.4132,0.4133,9591.0
2022-05-22 03:39:00,1653190740.0,0.4133,0.4133,0.4132,0.4133,18280.0
2022-05-22 03:40:00,1653190800.0,0.4132,0.4133,0.4131,0.4131,98556.0
2022-05-22 03:41:00,1653190860.0,0.4131,0.4131,0.413,0.4131,45713.0
2022-05-22 03:42:00,1653190920.0,0.413,0.4131,0.413,0.4131,8337.0
2022-05-22 03:43:00,1653190980.0,0.413,0.4132,0.413,0.4131,42142.0
2022-05-22 03:44:00,1653191040.0,0.4131,0.4131,0.413,0.413,8209.0
2022-05-22 03:45:00,1653191100.0,0.413,0.4131,0.4128,0.413,139272.0
2022-05-22 03:46:00,1653191160.0,0.413,0.4131,0.4122,0.4123,106186.0
2022-05-22 03:47:00,1653191220.0,0.4122,0.4125,0.4121,0.4125,95725.0
2022-05-22 03:48:00,1653191280.0,0.4124,0.4125,0.4124,0.4125,12530.0
2022-05-22 03:49:00,1653191340.0,0.4126,0.4127,0.412,0.4121,135519.0
2022-05-22 03:50:00,1653191400.0,0.4122,0.4123,0.4121,0.4121,53107.0
2022-05-22 03:51:00,1653191460.0,0.4121,0.4121,0.4114,0.4116,282148.0
2022-05-22 03:52:00,1653191520.0,0.4117,0.4124,0.4116,0.4123,164731.0
2022-05-22 03:53:00,1653191580.0,0.4123,0.4125,0.412,0.412,184067.0
2022-05-22 03:54:00,1653191640.0,0.4121,0.4125,0.4121,0.4125,103493.0
2022-05-22 03:55:00,1653191700.0,0.4125,0.4129,0.4125,0.4128,117394.0
2022-05-22 03:56:00,1653191760.0,0.4129,0.4133,0.4129,0.4132,82509.0
2022-05-22 03:57:00,1653191820.0,0.4132,0.4134,0.4131,0.4131,77662.0
2022-05-22 03:58:00,1653191880.0,0.413,0.4132,0.4128,0.4132,152139.0
2022-05-22 03:59:00,1653191940.0,0.4132,0.4132,0.4128,0.4128,34116.0
2022-05-22 04:00:00,1653192000.0,0.4128,0.4128,0.4122,0.4127,114045.0
2022-05-22 04:01:00,1653192060.0,0.4128,0.4128,0.4124,0.4127,153157.0
2022-05-22 04:02:00,1653192120.0,0.4128,0.4129,0.4128,0.4128,17419.0
2022-05-22 04:03:00,1653192180.0,0.4129,0.4129,0.4127,0.4128,40233.0
2022-05-22 04:04:00,1653192240.0,0.4127,0.4131,0.4126,0.413,201679.0
2022-05-22 04:05:00,1653192300.0,0.4131,0.4131,0.4129,0.4131,63708.0
2022-05-22 04:06:00,1653192360.0,0.413,0.4131,0.4129,0.4129,26863.0
2022-05-22 04:07:00,1653192420.0,0.413,0.413,0.4126,0.4127,185402.0
2022-05-22 04:08:00,1653192480.0,0.4128,0.4129,0.4127,0.4127,15958.0
2022-05-22 04:09:00,1653192540.0,0.4127,0.413,0.4127,0.413,117797.0
2022-05-22 04:10:00,1653192600.0,0.4131,0.4131,0.413,0.413,3938.0
2022-05-22 04:11:00,1653192660.0,0.413,0.4133,0.413,0.4131,21235.0
2022-05-22 04:12:00,1653192720.0,0.4131,0.4132,0.4131,0.4132,8510.0
2022-05-22 04:13:00,1653192780.0,0.4131,0.4132,0.4131,0.4131,13034.0
2022-05-22 04:14:00,1653192840.0,0.4131,0.4131,0.4128,0.4131,237530.0
2022-05-22 04:15:00,1653192900.0,0.413,0.4132,0.4127,0.4127,103950.0
2022-05-22 04:16:00,1653192960.0,0.4128,0.413,0.4127,0.4127,43592.0
2022-05-22 04:17:00,1653193020.0,0.4128,0.4128,0.4119,0.412,617595.0
2022-05-22 04:18:00,1653193080.0,0.412,0.4121,0.4111,0.4115,764688.0
2022-05-22 04:19:00,1653193140.0,0.4115,0.4119,0.4115,0.4119,106681.0
2022-05-22 04:20:00,1653193200.0,0.4119,0.4123,0.4119,0.4122,150426.0
2022-05-22 04:21:00,1653193260.0,0.4122,0.4124,0.4121,0.4122,105312.0
2022-05-22 04:22:00,1653193320.0,0.4121,0.4126,0.4121,0.4125,59485.0
2022-05-22 04:23:00,1653193380.0,0.4125,0.4125,0.4121,0.4122,147770.0
2022-05-22 04:24:00,1653193440.0,0.4122,0.4122,0.412,0.4121,32042.0
2022-05-22 04:25:00,1653193500.0,0.412,0.4125,0.412,0.4125,158807.0
2022-05-22 04:26:00,1653193560.0,0.4124,0.4124,0.4122,0.4122,100797.0
2022-05-22 04:27:00,1653193620.0,0.4121,0.4124,0.4121,0.4123,108940.0
2022-05-22 04:28:00,1653193680.0,0.4124,0.4124,0.412,0.412,54584.0
2022-05-22 04:29:00,1653193740.0,0.412,0.4123,0.412,0.4122,38772.0
2022-05-22 04:30:00,1653193800.0,0.4122,0.4123,0.4117,0.4118,60077.0
2022-05-22 04:31:00,1653193860.0,0.4117,0.4118,0.4116,0.4117,51788.0
2022-05-22 04:32:00,1653193920.0,0.4117,0.4118,0.4117,0.4118,49102.0
2022-05-22 04:33:00,1653193980.0,0.4119,0.4123,0.4119,0.4123,25308.0
2022-05-22 04:34:00,1653194040.0,0.4123,0.4125,0.4123,0.4124,26245.0
2022-05-22 04:35:00,1653194100.0,0.4124,0.4125,0.412,0.412,48077.0
2022-05-22 04:36:00,1653194160.0,0.412,0.4121,0.412,0.4121,70355.0
2022-05-22 04:37:00,1653194220.0,0.4121,0.4121,0.4119,0.412,19425.0
2022-05-22 04:38:00,1653194280.0,0.412,0.412,0.4117,0.4117,36847.0
2022-05-22 04:39:00,1653194340.0,0.4118,0.4118,0.4117,0.4117,48368.0
2022-05-22 04:40:00,1653194400.0,0.4118,0.4118,0.4117,0.4118,60547.0
2022-05-22 04:41:00,1653194460.0,0.4118,0.412,0.4118,0.4119,129596.0
2022-05-22 04:42:00,1653194520.0,0.4119,0.412,0.4119,0.412,28050.0
2022-05-22 04:43:00,1653194580.0,0.412,0.412,0.412,0.412,14536.0
2022-05-22 04:44:00,1653194640.0,0.412,0.412,0.4119,0.412,30710.0
2022-05-22 04:45:00,1653194700.0,0.412,0.4121,0.4119,0.4121,28177.0
2022-05-22 04:46:00,1653194760.0,0.4121,0.4122,0.4121,0.4121,32486.0
2022-05-22 04:47:00,1653194820.0,0.4121,0.4122,0.4121,0.4122,15199.0
2022-05-22 04:48:00,1653194880.0,0.4121,0.4122,0.4121,0.4121,8074.0
2022-05-22 04:49:00,1653194940.0,0.4121,0.4122,0.4121,0.4121,38393.0
2022-05-22 04:50:00,1653195000.0,0.4121,0.4122,0.4121,0.4121,21089.0
2022-05-22 04:51:00,1653195060.0,0.4121,0.4123,0.4121,0.4123,61717.0
2022-05-22 04:52:00,1653195120.0,0.4122,0.4122,0.412,0.412,67634.0
2022-05-22 04:53:00,1653195180.0,0.412,0.412,0.4115,0.4116,304411.0
2022-05-22 04:54:00,1653195240.0,0.4116,0.4117,0.4111,0.4111,230440.0
2022-05-22 04:55:00,1653195300.0,0.411,0.4112,0.411,0.4112,236112.0
2022-05-22 04:56:00,1653195360.0,0.4112,0.4115,0.4112,0.4113,57849.0
2022-05-22 04:57:00,1653195420.0,0.4113,0.4114,0.411,0.411,19499.0
2022-05-22 04:58:00,1653195480.0,0.411,0.4111,0.4108,0.4108,821149.0
2022-05-22 04:59:00,1653195540.0,0.4108,0.4108,0.4101,0.4104,158725.0
2022-05-22 05:00:00,1653195600.0,0.4105,0.4106,0.4102,0.4105,139649.0
2022-05-22 05:01:00,1653195660.0,0.4104,0.4105,0.4102,0.4103,65291.0
2022-05-22 05:02:00,1653195720.0,0.4102,0.4106,0.4102,0.4106,132541.0
2022-05-22 05:03:00,1653195780.0,0.4105,0.4107,0.4105,0.4107,37451.0
2022-05-22 05:04:00,1653195840.0,0.4106,0.4113,0.4105,0.4111,106773.0
2022-05-22 05:05:00,1653195900.0,0.411,0.4111,0.4108,0.4108,14703.0
2022-05-22 05:06:00,1653195960.0,0.4109,0.4112,0.4108,0.4111,47179.0
2022-05-22 05:07:00,1653196020.0,0.4111,0.4112,0.4111,0.4111,25552.0
2022-05-22 05:08:00,1653196080.0,0.4111,0.4112,0.411,0.411,70030.0
2022-05-22 05:09:00,1653196140.0,0.4111,0.4115,0.411,0.4114,23541.0
2022-05-22 05:10:00,1653196200.0,0.4114,0.4114,0.4112,0.4112,35231.0
2022-05-22 05:11:00,1653196260.0,0.4112,0.4113,0.4112,0.4112,2642.0
2022-05-22 05:12:00,1653196320.0,0.4112,0.4115,0.4112,0.4115,20024.0
2022-05-22 05:13:00,1653196380.0,0.4115,0.4115,0.4113,0.4113,11931.0
2022-05-22 05:14:00,1653196440.0,0.4114,0.4114,0.4111,0.4111,39404.0
2022-05-22 05:15:00,1653196500.0,0.4111,0.4112,0.411,0.4111,21589.0
2022-05-22 05:16:00,1653196560.0,0.4111,0.4111,0.4109,0.411,47320.0
2022-05-22 05:17:00,1653196620.0,0.411,0.4114,0.411,0.4113,28130.0
2022-05-22 05:18:00,1653196680.0,0.4113,0.4118,0.4112,0.4112,144467.0
2022-05-22 05:19:00,1653196740.0,0.4113,0.4113,0.4111,0.4112,22093.0
2022-05-22 05:20:00,1653196800.0,0.4112,0.4113,0.4109,0.4109,3620.0
2022-05-22 05:21:00,1653196860.0,0.411,0.4111,0.4109,0.4111,11907.0
2022-05-22 05:22:00,1653196920.0,0.4112,0.4112,0.411,0.411,10557.0
2022-05-22 05:23:00,1653196980.0,0.411,0.4117,0.4109,0.4117,133181.0
2022-05-22 05:24:00,1653197040.0,0.4118,0.4119,0.4116,0.4118,19749.0
2022-05-22 05:25:00,1653197100.0,0.4118,0.4122,0.4115,0.4122,187846.0
2022-05-22 05:26:00,1653197160.0,0.4122,0.4123,0.4119,0.4119,124112.0
2022-05-22 05:27:00,1653197220.0,0.412,0.4124,0.4119,0.4124,146545.0
2022-05-22 05:28:00,1653197280.0,0.4124,0.4124,0.412,0.412,36244.0
2022-05-22 05:29:00,1653197340.0,0.412,0.4121,0.4119,0.412,51866.0
2022-05-22 05:30:00,1653197400.0,0.412,0.4122,0.4119,0.412,70469.0
2022-05-22 05:31:00,1653197460.0,0.4121,0.4127,0.4121,0.4126,146592.0
2022-05-22 05:32:00,1653197520.0,0.4126,0.4126,0.412,0.4121,71886.0
2022-05-22 05:33:00,1653197580.0,0.4121,0.4121,0.4121,0.4121,8615.0
2022-05-22 05:34:00,1653197640.0,0.4121,0.4125,0.4121,0.4123,49902.0
2022-05-22 05:35:00,1653197700.0,0.4122,0.4124,0.4121,0.4123,45078.0
2022-05-22 05:36:00,1653197760.0,0.4124,0.4125,0.4123,0.4123,25925.0
2022-05-22 05:37:00,1653197820.0,0.4123,0.4123,0.4121,0.4121,12227.0
2022-05-22 05:38:00,1653197880.0,0.4121,0.4121,0.412,0.412,36111.0
2022-05-22 05:39:00,1653197940.0,0.412,0.4121,0.412,0.412,12926.0
2022-05-22 05:40:00,1653198000.0,0.412,0.412,0.4119,0.4119,11412.0
2022-05-22 05:41:00,1653198060.0,0.4119,0.412,0.4118,0.4118,10050.0
2022-05-22 05:42:00,1653198120.0,0.4118,0.4119,0.4113,0.4113,423954.0
2022-05-22 05:43:00,1653198180.0,0.4114,0.4114,0.4113,0.4114,8365.0
2022-05-22 05:44:00,1653198240.0,0.4114,0.4114,0.4111,0.4111,43116.0
2022-05-22 05:45:00,1653198300.0,0.4111,0.4115,0.4111,0.4115,67196.0
2022-05-22 05:46:00,1653198360.0,0.4115,0.4115,0.4113,0.4114,41935.0
2022-05-22 05:47:00,1653198420.0,0.4114,0.4115,0.4114,0.4115,11889.0
2022-05-22 05:48:00,1653198480.0,0.4115,0.4115,0.4113,0.4113,36393.0
2022-05-22 05:49:00,1653198540.0,0.4114,0.4114,0.4108,0.4112,124736.0
2022-05-22 05:50:00,1653198600.0,0.4111,0.4112,0.4109,0.4111,36582.0
2022-05-22 05:51:00,1653198660.0,0.4111,0.4112,0.411,0.4111,21646.0
2022-05-22 05:52:00,1653198720.0,0.4111,0.4113,0.411,0.411,53058.0
2022-05-22 05:53:00,1653198780.0,0.411,0.4111,0.4109,0.4111,27327.0
2022-05-22 05:54:00,1653198840.0,0.4112,0.4112,0.4109,0.411,36181.0
2022-05-22 05:55:00,1653198900.0,0.4109,0.411,0.4109,0.411,11079.0
2022-05-22 05:56:00,1653198960.0,0.4109,0.4111,0.4109,0.4111,51913.0
2022-05-22 05:57:00,1653199020.0,0.4111,0.4111,0.411,0.411,13162.0
2022-05-22 05:58:00,1653199080.0,0.411,0.4112,0.4109,0.4112,23129.0
2022-05-22 05:59:00,1653199140.0,0.4111,0.4114,0.4111,0.4114,24734.0
2022-05-22 06:00:00,1653199200.0,0.4114,0.4119,0.4114,0.4118,82860.0
2022-05-22 06:01:00,1653199260.0,0.4118,0.4119,0.4117,0.4117,34595.0
2022-05-22 06:02:00,1653199320.0,0.4117,0.4118,0.4117,0.4117,12029.0
2022-05-22 06:03:00,1653199380.0,0.4117,0.4118,0.4117,0.4117,8300.0
2022-05-22 06:04:00,1653199440.0,0.4118,0.412,0.4117,0.4119,63275.0
2022-05-22 06:05:00,1653199500.0,0.4119,0.4121,0.4119,0.412,42679.0
2022-05-22 06:06:00,1653199560.0,0.412,0.4121,0.4115,0.4115,92946.0
2022-05-22 06:07:00,1653199620.0,0.4115,0.4115,0.4114,0.4115,7901.0
2022-05-22 06:08:00,1653199680.0,0.4115,0.4115,0.4114,0.4114,6976.0
2022-05-22 06:09:00,1653199740.0,0.4115,0.4115,0.4114,0.4115,27101.0
2022-05-22 06:10:00,1653199800.0,0.4116,0.4117,0.4115,0.4117,19933.0
2022-05-22 06:11:00,1653199860.0,0.4116,0.4117,0.4116,0.4116,4651.0
2022-05-22 06:12:00,1653199920.0,0.4116,0.412,0.4116,0.4118,115411.0
2022-05-22 06:13:00,1653199980.0,0.4119,0.412,0.4119,0.412,42652.0
2022-05-22 06:14:00,1653200040.0,0.412,0.4124,0.412,0.4124,46882.0
2022-05-22 06:15:00,1653200100.0,0.4124,0.4125,0.4123,0.4123,31534.0
2022-05-22 06:16:00,1653200160.0,0.4122,0.4127,0.4121,0.4127,66848.0
2022-05-22 06:17:00,1653200220.0,0.4126,0.4127,0.4126,0.4126,72680.0
2022-05-22 06:18:00,1653200280.0,0.4127,0.4127,0.4124,0.4124,54129.0
2022-05-22 06:19:00,1653200340.0,0.4124,0.4125,0.4124,0.4125,8495.0
2022-05-22 06:20:00,1653200400.0,0.4125,0.4128,0.4125,0.4127,83898.0
2022-05-22 06:21:00,1653200460.0,0.4128,0.413,0.4127,0.4127,120156.0
2022-05-22 06:22:00,1653200520.0,0.4126,0.4128,0.4126,0.4128,25905.0
2022-05-22 06:23:00,1653200580.0,0.4128,0.4128,0.4125,0.4125,67805.0
2022-05-22 06:24:00,1653200640.0,0.4125,0.4126,0.4123,0.4124,68714.0
2022-05-22 06:25:00,1653200700.0,0.4123,0.4125,0.4123,0.4125,55843.0
2022-05-22 06:26:00,1653200760.0,0.4126,0.4128,0.4126,0.4127,10691.0
2022-05-22 06:27:00,1653200820.0,0.4128,0.4128,0.4127,0.4128,5704.0
2022-05-22 06:28:00,1653200880.0,0.4127,0.4129,0.4127,0.4129,17024.0
2022-05-22 06:29:00,1653200940.0,0.4129,0.4143,0.4129,0.4141,172045.0
2022-05-22 06:30:00,1653201000.0,0.4142,0.4145,0.4141,0.4142,84218.0
2022-05-22 06:31:00,1653201060.0,0.4142,0.4143,0.4136,0.4137,157256.0
2022-05-22 06:32:00,1653201120.0,0.4137,0.4138,0.4136,0.4138,60857.0
2022-05-22 06:33:00,1653201180.0,0.4138,0.4139,0.4138,0.4138,9869.0
2022-05-22 06:34:00,1653201240.0,0.4138,0.4139,0.4137,0.4138,42482.0
2022-05-22 06:35:00,1653201300.0,0.4137,0.4138,0.4134,0.4134,66854.0
2022-05-22 06:36:00,1653201360.0,0.4133,0.4133,0.4128,0.4129,296638.0
2022-05-22 06:37:00,1653201420.0,0.4129,0.413,0.4129,0.413,4432.0
2022-05-22 06:38:00,1653201480.0,0.413,0.413,0.4129,0.413,38856.0
2022-05-22 06:39:00,1653201540.0,0.413,0.4134,0.4129,0.413,1063079.0
2022-05-22 06:40:00,1653201600.0,0.413,0.4131,0.4129,0.4131,28829.0
2022-05-22 06:41:00,1653201660.0,0.4131,0.4135,0.4131,0.4134,91933.0
2022-05-22 06:42:00,1653201720.0,0.4134,0.4134,0.4133,0.4133,5310.0
2022-05-22 06:43:00,1653201780.0,0.4134,0.4136,0.4134,0.4135,39583.0
2022-05-22 06:44:00,1653201840.0,0.4135,0.4135,0.4133,0.4135,95966.0
2022-05-22 06:45:00,1653201900.0,0.4134,0.4135,0.4133,0.4134,111466.0
2022-05-22 06:46:00,1653201960.0,0.4133,0.4134,0.4129,0.4129,307196.0
2022-05-22 06:47:00,1653202020.0,0.413,0.413,0.4127,0.4128,85897.0
2022-05-22 06:48:00,1653202080.0,0.4128,0.4128,0.4125,0.4126,22689.0
2022-05-22 06:49:00,1653202140.0,0.4125,0.4126,0.4125,0.4126,29642.0
2022-05-22 06:50:00,1653202200.0,0.4126,0.4127,0.4126,0.4126,49848.0
2022-05-22 06:51:00,1653202260.0,0.4126,0.4127,0.4126,0.4126,12957.0
2022-05-22 06:52:00,1653202320.0,0.4126,0.4127,0.4126,0.4127,4435.0
2022-05-22 06:53:00,1653202380.0,0.4127,0.4131,0.4127,0.4131,116260.0
2022-05-22 06:54:00,1653202440.0,0.4131,0.4134,0.413,0.4134,31809.0
2022-05-22 06:55:00,1653202500.0,0.4133,0.4134,0.4133,0.4133,6069.0
2022-05-22 06:56:00,1653202560.0,0.4133,0.4133,0.4126,0.4128,596774.0
2022-05-22 06:57:00,1653202620.0,0.4128,0.413,0.4127,0.413,241286.0
2022-05-22 06:58:00,1653202680.0,0.413,0.4131,0.4129,0.4131,179493.0
2022-05-22 06:59:00,1653202740.0,0.4131,0.4133,0.4131,0.4132,9728.0
2022-05-22 07:00:00,1653202800.0,0.4133,0.4133,0.4132,0.4133,30140.0
2022-05-22 07:01:00,1653202860.0,0.4132,0.4133,0.4131,0.4132,23585.0
2022-05-22 07:02:00,1653202920.0,0.4131,0.4132,0.4131,0.4132,30812.0
2022-05-22 07:03:00,1653202980.0,0.4132,0.4134,0.4132,0.4134,89172.0
2022-05-22 07:04:00,1653203040.0,0.4134,0.4134,0.4133,0.4133,7137.0
2022-05-22 07:05:00,1653203100.0,0.4134,0.4134,0.4133,0.4133,15128.0
2022-05-22 07:06:00,1653203160.0,0.4133,0.4134,0.4131,0.4132,30868.0
2022-05-22 07:07:00,1653203220.0,0.4132,0.4132,0.4128,0.4129,38564.0
2022-05-22 07:08:00,1653203280.0,0.4128,0.413,0.4128,0.4128,50527.0
2022-05-22 07:09:00,1653203340.0,0.4128,0.4129,0.4128,0.4128,82137.0
2022-05-22 07:10:00,1653203400.0,0.4129,0.4129,0.4127,0.4128,10138.0
2022-05-22 07:11:00,1653203460.0,0.4128,0.4128,0.4126,0.4126,18079.0
2022-05-22 07:12:00,1653203520.0,0.4127,0.4127,0.4121,0.4122,52404.0
2022-05-22 07:13:00,1653203580.0,0.4122,0.4125,0.4119,0.4125,84969.0
2022-05-22 07:14:00,1653203640.0,0.4124,0.4124,0.4121,0.4121,47202.0
2022-05-22 07:15:00,1653203700.0,0.4122,0.4123,0.4122,0.4123,6847.0
2022-05-22 07:16:00,1653203760.0,0.4123,0.4125,0.4123,0.4125,33705.0
2022-05-22 07:17:00,1653203820.0,0.4124,0.4126,0.4124,0.4125,20002.0
2022-05-22 07:18:00,1653203880.0,0.4124,0.4127,0.4124,0.4127,16937.0
2022-05-22 07:19:00,1653203940.0,0.4127,0.413,0.4127,0.413,8117.0
2022-05-22 07:20:00,1653204000.0,0.413,0.4132,0.413,0.4131,15251.0
2022-05-22 07:21:00,1653204060.0,0.4131,0.4131,0.413,0.413,19440.0
2022-05-22 07:22:00,1653204120.0,0.413,0.4131,0.4128,0.4128,59990.0
2022-05-22 07:23:00,1653204180.0,0.4128,0.4128,0.4126,0.4128,27508.0
2022-05-22 07:24:00,1653204240.0,0.4129,0.4129,0.4128,0.4128,54166.0
2022-05-22 07:25:00,1653204300.0,0.4129,0.413,0.4128,0.413,28801.0
2022-05-22 07:26:00,1653204360.0,0.4129,0.413,0.4129,0.4129,3204.0
2022-05-22 07:27:00,1653204420.0,0.4129,0.413,0.4129,0.413,22144.0
2022-05-22 07:28:00,1653204480.0,0.413,0.4132,0.4129,0.4132,25909.0
2022-05-22 07:29:00,1653204540.0,0.4132,0.4132,0.4124,0.4126,250048.0
2022-05-22 07:30:00,1653204600.0,0.4126,0.4127,0.4122,0.4122,39267.0
2022-05-22 07:31:00,1653204660.0,0.4122,0.4125,0.4122,0.4125,50999.0
2022-05-22 07:32:00,1653204720.0,0.4125,0.4131,0.4124,0.4131,14361.0
2022-05-22 07:33:00,1653204780.0,0.4132,0.4133,0.4131,0.4133,15797.0
2022-05-22 07:34:00,1653204840.0,0.4133,0.4133,0.413,0.4132,57569.0
2022-05-22 07:35:00,1653204900.0,0.4131,0.4133,0.4131,0.4132,51783.0
2022-05-22 07:36:00,1653204960.0,0.4133,0.4134,0.4132,0.4132,36439.0
2022-05-22 07:37:00,1653205020.0,0.4132,0.4133,0.4132,0.4132,24798.0
2022-05-22 07:38:00,1653205080.0,0.4133,0.4133,0.4132,0.4133,14547.0
2022-05-22 07:39:00,1653205140.0,0.4133,0.4134,0.4129,0.4129,47077.0
2022-05-22 07:40:00,1653205200.0,0.4128,0.4132,0.4126,0.4132,82583.0
2022-05-22 07:41:00,1653205260.0,0.4131,0.4132,0.4129,0.413,51038.0
2022-05-22 07:42:00,1653205320.0,0.4131,0.4132,0.413,0.4131,32619.0
2022-05-22 07:43:00,1653205380.0,0.4132,0.4132,0.4128,0.4128,22390.0
2022-05-22 07:44:00,1653205440.0,0.4128,0.413,0.4128,0.4129,34591.0
2022-05-22 07:45:00,1653205500.0,0.4129,0.4131,0.4127,0.4131,34782.0
2022-05-22 07:46:00,1653205560.0,0.4132,0.4139,0.413,0.4138,93202.0
2022-05-22 07:47:00,1653205620.0,0.4137,0.4138,0.4136,0.4137,21098.0
2022-05-22 07:48:00,1653205680.0,0.4137,0.4137,0.4136,0.4137,21594.0
2022-05-22 07:49:00,1653205740.0,0.4137,0.4138,0.4137,0.4137,126095.0
2022-05-22 07:50:00,1653205800.0,0.4137,0.4139,0.4137,0.4138,10504.0
2022-05-22 07:51:00,1653205860.0,0.4138,0.4138,0.4137,0.4138,113801.0
2022-05-22 07:52:00,1653205920.0,0.4138,0.4139,0.4131,0.4132,64063.0
2022-05-22 07:53:00,1653205980.0,0.4132,0.4132,0.4129,0.4129,25184.0
2022-05-22 07:54:00,1653206040.0,0.4129,0.413,0.4127,0.413,27086.0
2022-05-22 07:55:00,1653206100.0,0.413,0.413,0.4129,0.4129,20623.0
2022-05-22 07:56:00,1653206160.0,0.413,0.4138,0.413,0.4135,71711.0
2022-05-22 07:57:00,1653206220.0,0.4135,0.4136,0.4132,0.4133,10288.0
2022-05-22 07:58:00,1653206280.0,0.4133,0.4134,0.4132,0.4134,34421.0
2022-05-22 07:59:00,1653206340.0,0.4134,0.414,0.4134,0.4139,125497.0
2022-05-22 08:00:00,1653206400.0,0.4139,0.4141,0.4137,0.414,79996.0
2022-05-22 08:01:00,1653206460.0,0.414,0.414,0.4137,0.4138,20555.0
2022-05-22 08:02:00,1653206520.0,0.4137,0.4139,0.4137,0.4138,44657.0
2022-05-22 08:03:00,1653206580.0,0.4138,0.4138,0.4135,0.4137,46356.0
2022-05-22 08:04:00,1653206640.0,0.4136,0.4137,0.4136,0.4136,16409.0
2022-05-22 08:05:00,1653206700.0,0.4135,0.4136,0.4134,0.4135,23135.0
2022-05-22 08:06:00,1653206760.0,0.4135,0.4136,0.4135,0.4135,4774.0
2022-05-22 08:07:00,1653206820.0,0.4136,0.4136,0.4135,0.4135,14983.0
2022-05-22 08:08:00,1653206880.0,0.4136,0.4138,0.4136,0.4137,40863.0
2022-05-22 08:09:00,1653206940.0,0.4136,0.4137,0.4135,0.4136,14970.0
2022-05-22 08:10:00,1653207000.0,0.4136,0.4138,0.4136,0.4138,26039.0
2022-05-22 08:11:00,1653207060.0,0.4138,0.4138,0.4135,0.4137,25429.0
2022-05-22 08:12:00,1653207120.0,0.4137,0.4138,0.4136,0.4136,18986.0
2022-05-22 08:13:00,1653207180.0,0.4136,0.4137,0.4135,0.4135,36723.0
2022-05-22 08:14:00,1653207240.0,0.4134,0.4135,0.4133,0.4133,18780.0
2022-05-22 08:15:00,1653207300.0,0.4133,0.4137,0.4133,0.4136,19827.0
2022-05-22 08:16:00,1653207360.0,0.4136,0.4136,0.4134,0.4136,19421.0
2022-05-22 08:17:00,1653207420.0,0.4136,0.4139,0.4136,0.4138,110370.0
2022-05-22 08:18:00,1653207480.0,0.4138,0.4139,0.4137,0.4138,91391.0
2022-05-22 08:19:00,1653207540.0,0.4137,0.4139,0.4136,0.4137,15069.0
2022-05-22 08:20:00,1653207600.0,0.4137,0.4141,0.4137,0.4141,74544.0
2022-05-22 08:21:00,1653207660.0,0.414,0.414,0.4135,0.4136,89683.0
2022-05-22 08:22:00,1653207720.0,0.4136,0.4137,0.4132,0.4133,94993.0
2022-05-22 08:23:00,1653207780.0,0.4133,0.4134,0.4128,0.4129,76099.0
2022-05-22 08:24:00,1653207840.0,0.4128,0.4135,0.4126,0.413,226329.0
2022-05-22 08:25:00,1653207900.0,0.4131,0.4139,0.413,0.4139,82140.0
2022-05-22 08:26:00,1653207960.0,0.4139,0.414,0.4135,0.4135,84358.0
2022-05-22 08:27:00,1653208020.0,0.4135,0.4141,0.4134,0.4139,70182.0
2022-05-22 08:28:00,1653208080.0,0.414,0.4141,0.4139,0.414,51782.0
2022-05-22 08:29:00,1653208140.0,0.4141,0.4144,0.4141,0.4144,113555.0
2022-05-22 08:30:00,1653208200.0,0.4144,0.4147,0.4143,0.4147,91330.0
2022-05-22 08:31:00,1653208260.0,0.4147,0.4147,0.4144,0.4147,150843.0
2022-05-22 08:32:00,1653208320.0,0.4148,0.4152,0.4148,0.4151,223814.0
2022-05-22 08:33:00,1653208380.0,0.4151,0.4162,0.4151,0.4153,389300.0
2022-05-22 08:34:00,1653208440.0,0.4154,0.4158,0.4154,0.4155,123788.0
2022-05-22 08:35:00,1653208500.0,0.4154,0.4155,0.4149,0.4153,101996.0
2022-05-22 08:36:00,1653208560.0,0.4152,0.4153,0.4146,0.4147,398611.0
2022-05-22 08:37:00,1653208620.0,0.4147,0.415,0.4146,0.4149,229968.0
2022-05-22 08:38:00,1653208680.0,0.4149,0.415,0.4147,0.4148,27266.0
2022-05-22 08:39:00,1653208740.0,0.4149,0.415,0.4148,0.415,36812.0
2022-05-22 08:40:00,1653208800.0,0.415,0.415,0.4148,0.4148,10886.0
2022-05-22 08:41:00,1653208860.0,0.4149,0.4149,0.4148,0.4149,41074.0
2022-05-22 08:42:00,1653208920.0,0.415,0.4156,0.4149,0.4153,370078.0
2022-05-22 08:43:00,1653208980.0,0.4153,0.4153,0.4149,0.4151,43907.0
2022-05-22 08:44:00,1653209040.0,0.4151,0.4151,0.4148,0.4151,58210.0
2022-05-22 08:45:00,1653209100.0,0.4151,0.4153,0.415,0.4153,62241.0
2022-05-22 08:46:00,1653209160.0,0.4153,0.4157,0.4153,0.4157,188499.0
2022-05-22 08:47:00,1653209220.0,0.4157,0.4161,0.4156,0.4158,827486.0
2022-05-22 08:48:00,1653209280.0,0.4158,0.4159,0.4153,0.4155,300327.0
2022-05-22 08:49:00,1653209340.0,0.4155,0.4156,0.4155,0.4156,18596.0
2022-05-22 08:50:00,1653209400.0,0.4155,0.4159,0.4155,0.4157,180380.0
2022-05-22 08:51:00,1653209460.0,0.4157,0.416,0.4155,0.4158,259926.0
2022-05-22 08:52:00,1653209520.0,0.4157,0.4158,0.4157,0.4157,29413.0
2022-05-22 08:53:00,1653209580.0,0.4157,0.4157,0.4153,0.4154,407669.0
2022-05-22 08:54:00,1653209640.0,0.4154,0.4155,0.4154,0.4154,17339.0
2022-05-22 08:55:00,1653209700.0,0.4155,0.416,0.4154,0.416,231710.0
2022-05-22 08:56:00,1653209760.0,0.416,0.4163,0.4157,0.4161,204043.0
2022-05-22 08:57:00,1653209820.0,0.416,0.4161,0.4157,0.4158,102848.0
2022-05-22 08:58:00,1653209880.0,0.4157,0.4163,0.4157,0.4158,350250.0
2022-05-22 08:59:00,1653209940.0,0.4158,0.4159,0.4155,0.4155,54669.0
2022-05-22 09:00:00,1653210000.0,0.4156,0.4162,0.4156,0.416,104083.0
2022-05-22 09:01:00,1653210060.0,0.416,0.4163,0.416,0.416,89110.0
2022-05-22 09:02:00,1653210120.0,0.4161,0.4161,0.4158,0.4158,47782.0
2022-05-22 09:03:00,1653210180.0,0.4159,0.4159,0.4156,0.4156,83024.0
2022-05-22 09:04:00,1653210240.0,0.4155,0.4157,0.4154,0.4154,98759.0
2022-05-22 09:05:00,1653210300.0,0.4154,0.4155,0.4154,0.4154,30605.0
2022-05-22 09:06:00,1653210360.0,0.4154,0.4155,0.4152,0.4152,42211.0
2022-05-22 09:07:00,1653210420.0,0.4152,0.4153,0.4152,0.4152,11983.0
2022-05-22 09:08:00,1653210480.0,0.4153,0.4153,0.4149,0.4149,89972.0
2022-05-22 09:09:00,1653210540.0,0.415,0.4158,0.415,0.4154,467498.0
2022-05-22 09:10:00,1653210600.0,0.4155,0.4157,0.4153,0.4156,168607.0
2022-05-22 09:11:00,1653210660.0,0.4156,0.416,0.4154,0.416,104305.0
2022-05-22 09:12:00,1653210720.0,0.416,0.4161,0.4157,0.416,85789.0
2022-05-22 09:13:00,1653210780.0,0.416,0.4161,0.4159,0.416,125074.0
2022-05-22 09:14:00,1653210840.0,0.416,0.4161,0.416,0.4161,32216.0
2022-05-22 09:15:00,1653210900.0,0.4161,0.4172,0.4161,0.4163,862824.0
2022-05-22 09:16:00,1653210960.0,0.4163,0.4164,0.4161,0.4161,120581.0
2022-05-22 09:17:00,1653211020.0,0.4162,0.4162,0.4154,0.4158,377261.0
2022-05-22 09:18:00,1653211080.0,0.4158,0.4159,0.4155,0.4155,58465.0
2022-05-22 09:19:00,1653211140.0,0.4156,0.416,0.4155,0.4158,112226.0
2022-05-22 09:20:00,1653211200.0,0.4159,0.416,0.4157,0.4159,78688.0
2022-05-22 09:21:00,1653211260.0,0.416,0.4162,0.4156,0.4157,99614.0
2022-05-22 09:22:00,1653211320.0,0.4157,0.4159,0.4156,0.4159,118795.0
2022-05-22 09:23:00,1653211380.0,0.4158,0.416,0.4154,0.4159,229931.0
2022-05-22 09:24:00,1653211440.0,0.4159,0.4159,0.4157,0.4158,67637.0
2022-05-22 09:25:00,1653211500.0,0.4157,0.4158,0.4156,0.4156,62544.0
2022-05-22 09:26:00,1653211560.0,0.4156,0.416,0.4155,0.4159,102399.0
2022-05-22 09:27:00,1653211620.0,0.4159,0.4164,0.4159,0.4164,129602.0
2022-05-22 09:28:00,1653211680.0,0.4164,0.4164,0.4161,0.4162,87100.0
2022-05-22 09:29:00,1653211740.0,0.4162,0.4162,0.4161,0.4161,11574.0
2022-05-22 09:30:00,1653211800.0,0.4162,0.4163,0.4161,0.4163,60887.0
2022-05-22 09:31:00,1653211860.0,0.4163,0.4176,0.4163,0.4176,545962.0
2022-05-22 09:32:00,1653211920.0,0.4177,0.4182,0.4171,0.4177,605434.0
2022-05-22 09:33:00,1653211980.0,0.4178,0.4202,0.4177,0.4195,1645911.0
2022-05-22 09:34:00,1653212040.0,0.4195,0.4204,0.4192,0.4193,735168.0
2022-05-22 09:35:00,1653212100.0,0.4193,0.4194,0.4184,0.4186,328686.0
2022-05-22 09:36:00,1653212160.0,0.4185,0.4203,0.4183,0.4203,343471.0
2022-05-22 09:37:00,1653212220.0,0.4202,0.4202,0.4192,0.4196,595536.0
2022-05-22 09:38:00,1653212280.0,0.4195,0.4199,0.4187,0.4187,627029.0
2022-05-22 09:39:00,1653212340.0,0.4188,0.4195,0.4188,0.419,319672.0
2022-05-22 09:40:00,1653212400.0,0.419,0.4196,0.4189,0.4195,175484.0
2022-05-22 09:41:00,1653212460.0,0.4195,0.4199,0.4191,0.4196,284304.0
2022-05-22 09:42:00,1653212520.0,0.4197,0.42,0.4192,0.4199,291423.0
2022-05-22 09:43:00,1653212580.0,0.4199,0.42,0.419,0.4192,216479.0
2022-05-22 09:44:00,1653212640.0,0.4192,0.42,0.4189,0.4199,373977.0
2022-05-22 09:45:00,1653212700.0,0.4198,0.4199,0.4192,0.4192,227931.0
2022-05-22 09:46:00,1653212760.0,0.4192,0.4195,0.4192,0.4194,155855.0
2022-05-22 09:47:00,1653212820.0,0.4193,0.4195,0.4188,0.4189,223697.0
2022-05-22 09:48:00,1653212880.0,0.4189,0.4194,0.4188,0.4192,281630.0
2022-05-22 09:49:00,1653212940.0,0.4192,0.4196,0.4191,0.4195,228025.0
2022-05-22 09:50:00,1653213000.0,0.4195,0.4199,0.4195,0.4196,104895.0
2022-05-22 09:51:00,1653213060.0,0.4195,0.4201,0.4195,0.42,86368.0
2022-05-22 09:52:00,1653213120.0,0.42,0.4202,0.4198,0.4201,173292.0
2022-05-22 09:53:00,1653213180.0,0.4201,0.4208,0.42,0.4208,318955.0
2022-05-22 09:54:00,1653213240.0,0.4207,0.4209,0.4197,0.4197,386275.0
2022-05-22 09:55:00,1653213300.0,0.4197,0.4203,0.4196,0.4202,118907.0
2022-05-22 09:56:00,1653213360.0,0.4202,0.4213,0.4201,0.4205,488632.0
2022-05-22 09:57:00,1653213420.0,0.4205,0.4209,0.4205,0.4206,115467.0
2022-05-22 09:58:00,1653213480.0,0.4206,0.4209,0.4205,0.4209,174319.0
2022-05-22 09:59:00,1653213540.0,0.4209,0.4219,0.4209,0.4213,726679.0
2022-05-22 10:00:00,1653213600.0,0.4213,0.4221,0.4213,0.4218,408422.0
2022-05-22 10:01:00,1653213660.0,0.4218,0.4226,0.4218,0.4222,762382.0
2022-05-22 10:02:00,1653213720.0,0.4222,0.4225,0.422,0.422,300521.0
2022-05-22 10:03:00,1653213780.0,0.422,0.422,0.4209,0.4214,622621.0
2022-05-22 10:04:00,1653213840.0,0.4215,0.4218,0.421,0.4211,144504.0
2022-05-22 10:05:00,1653213900.0,0.421,0.4214,0.421,0.4211,215346.0
2022-05-22 10:06:00,1653213960.0,0.4211,0.4212,0.4205,0.4205,251253.0
2022-05-22 10:07:00,1653214020.0,0.4205,0.4213,0.4199,0.4213,801268.0
2022-05-22 10:08:00,1653214080.0,0.4214,0.4216,0.4209,0.4209,292383.0
2022-05-22 10:09:00,1653214140.0,0.4209,0.4212,0.4206,0.4212,195038.0
2022-05-22 10:10:00,1653214200.0,0.4212,0.4214,0.4206,0.421,337583.0
2022-05-22 10:11:00,1653214260.0,0.4211,0.4213,0.4209,0.4213,119511.0
2022-05-22 10:12:00,1653214320.0,0.4213,0.4216,0.4213,0.4214,166611.0
2022-05-22 10:13:00,1653214380.0,0.4214,0.4216,0.4212,0.4214,60609.0
2022-05-22 10:14:00,1653214440.0,0.4214,0.4214,0.4211,0.4213,220310.0
2022-05-22 10:15:00,1653214500.0,0.4213,0.4218,0.4213,0.4217,132599.0
2022-05-22 10:16:00,1653214560.0,0.4217,0.4217,0.4214,0.4215,81887.0
2022-05-22 10:17:00,1653214620.0,0.4215,0.4216,0.4214,0.4215,91859.0
2022-05-22 10:18:00,1653214680.0,0.4214,0.4215,0.4209,0.421,201585.0
2022-05-22 10:19:00,1653214740.0,0.4209,0.4212,0.4206,0.4206,249601.0
2022-05-22 10:20:00,1653214800.0,0.4206,0.4208,0.4204,0.4205,108913.0
2022-05-22 10:21:00,1653214860.0,0.4206,0.4206,0.4203,0.4204,163198.0
2022-05-22 10:22:00,1653214920.0,0.4203,0.4209,0.4203,0.4208,92396.0
2022-05-22 10:23:00,1653214980.0,0.4208,0.4208,0.4207,0.4208,58987.0
2022-05-22 10:24:00,1653215040.0,0.4209,0.421,0.4207,0.4208,94329.0
2022-05-22 10:25:00,1653215100.0,0.4207,0.4211,0.4205,0.4206,187897.0
2022-05-22 10:26:00,1653215160.0,0.4205,0.421,0.4205,0.4209,123723.0
2022-05-22 10:27:00,1653215220.0,0.421,0.4211,0.4209,0.4211,87032.0
2022-05-22 10:28:00,1653215280.0,0.4211,0.4215,0.4211,0.4212,159389.0
2022-05-22 10:29:00,1653215340.0,0.4211,0.4212,0.4209,0.4209,82163.0
2022-05-22 10:30:00,1653215400.0,0.4209,0.421,0.4209,0.4209,50284.0
2022-05-22 10:31:00,1653215460.0,0.4209,0.4211,0.4207,0.421,266285.0
2022-05-22 10:32:00,1653215520.0,0.4211,0.4212,0.4207,0.4207,122437.0
2022-05-22 10:33:00,1653215580.0,0.4207,0.4207,0.4204,0.4204,237442.0
2022-05-22 10:34:00,1653215640.0,0.4203,0.4205,0.4202,0.4204,240255.0
2022-05-22 10:35:00,1653215700.0,0.4204,0.4205,0.4199,0.4199,87969.0
2022-05-22 10:36:00,1653215760.0,0.4199,0.42,0.4197,0.4199,154244.0
2022-05-22 10:37:00,1653215820.0,0.4199,0.4203,0.4199,0.4203,126465.0
2022-05-22 10:38:00,1653215880.0,0.4202,0.4202,0.42,0.4201,87533.0
2022-05-22 10:39:00,1653215940.0,0.4202,0.4203,0.4201,0.4203,89865.0
2022-05-22 10:40:00,1653216000.0,0.4203,0.4204,0.4201,0.4203,51167.0
2022-05-22 10:41:00,1653216060.0,0.4202,0.4203,0.42,0.42,51997.0
2022-05-22 10:42:00,1653216120.0,0.4201,0.4209,0.42,0.4208,173666.0
2022-05-22 10:43:00,1653216180.0,0.4208,0.4209,0.4203,0.4205,114570.0
2022-05-22 10:44:00,1653216240.0,0.4205,0.4206,0.4203,0.4203,23058.0
2022-05-22 10:45:00,1653216300.0,0.4203,0.4208,0.4203,0.4208,72221.0
2022-05-22 10:46:00,1653216360.0,0.4207,0.4209,0.4206,0.4207,124539.0
2022-05-22 10:47:00,1653216420.0,0.4207,0.4214,0.4207,0.4213,129563.0
2022-05-22 10:48:00,1653216480.0,0.4213,0.4215,0.421,0.4211,276211.0
2022-05-22 10:49:00,1653216540.0,0.4212,0.4213,0.4209,0.4212,278247.0
2022-05-22 10:50:00,1653216600.0,0.4211,0.4213,0.4211,0.4212,133253.0
2022-05-22 10:51:00,1653216660.0,0.4212,0.4212,0.421,0.4211,77528.0
2022-05-22 10:52:00,1653216720.0,0.4211,0.4213,0.4211,0.4211,61305.0
2022-05-22 10:53:00,1653216780.0,0.4211,0.4212,0.421,0.4211,128880.0
2022-05-22 10:54:00,1653216840.0,0.4211,0.4211,0.4204,0.4204,198377.0
2022-05-22 10:55:00,1653216900.0,0.4204,0.4208,0.4203,0.4205,85838.0
2022-05-22 10:56:00,1653216960.0,0.4205,0.4207,0.4202,0.4202,88221.0
2022-05-22 10:57:00,1653217020.0,0.4201,0.4205,0.4201,0.4202,118857.0
2022-05-22 10:58:00,1653217080.0,0.4202,0.4203,0.4201,0.4201,34846.0
2022-05-22 10:59:00,1653217140.0,0.4201,0.4203,0.4199,0.4203,141529.0
2022-05-22 11:00:00,1653217200.0,0.4202,0.4204,0.4199,0.4204,173892.0
2022-05-22 11:01:00,1653217260.0,0.4204,0.4208,0.4204,0.4206,58659.0
2022-05-22 11:02:00,1653217320.0,0.4205,0.4207,0.4205,0.4207,24650.0
2022-05-22 11:03:00,1653217380.0,0.4206,0.4207,0.4205,0.4205,92018.0
2022-05-22 11:04:00,1653217440.0,0.4205,0.4207,0.4205,0.4206,57351.0
2022-05-22 11:05:00,1653217500.0,0.4206,0.4207,0.4205,0.4206,78390.0
2022-05-22 11:06:00,1653217560.0,0.4207,0.4207,0.4205,0.4205,85463.0
2022-05-22 11:07:00,1653217620.0,0.4206,0.4211,0.4206,0.421,47131.0
2022-05-22 11:08:00,1653217680.0,0.4211,0.4211,0.4209,0.4209,25927.0
2022-05-22 11:09:00,1653217740.0,0.4209,0.421,0.4208,0.4209,82692.0
2022-05-22 11:10:00,1653217800.0,0.421,0.4214,0.4209,0.421,253863.0
2022-05-22 11:11:00,1653217860.0,0.4211,0.4211,0.4209,0.421,97971.0
2022-05-22 11:12:00,1653217920.0,0.421,0.4214,0.421,0.4214,88709.0
2022-05-22 11:13:00,1653217980.0,0.4214,0.4219,0.4214,0.4218,136762.0
2022-05-22 11:14:00,1653218040.0,0.4217,0.4218,0.4216,0.4216,22417.0
2022-05-22 11:15:00,1653218100.0,0.4217,0.4219,0.4213,0.4218,303342.0
2022-05-22 11:16:00,1653218160.0,0.4217,0.4217,0.4215,0.4215,59849.0
2022-05-22 11:17:00,1653218220.0,0.4215,0.4218,0.4215,0.4218,49258.0
2022-05-22 11:18:00,1653218280.0,0.4218,0.4219,0.4215,0.4216,57235.0
2022-05-22 11:19:00,1653218340.0,0.4215,0.4217,0.4215,0.4217,34383.0
2022-05-22 11:20:00,1653218400.0,0.4217,0.4217,0.4216,0.4216,16447.0
2022-05-22 11:21:00,1653218460.0,0.4217,0.4219,0.4217,0.4218,43337.0
2022-05-22 11:22:00,1653218520.0,0.4218,0.422,0.4216,0.4219,187098.0
2022-05-22 11:23:00,1653218580.0,0.4219,0.4219,0.4217,0.4217,55653.0
2022-05-22 11:24:00,1653218640.0,0.4216,0.4217,0.4214,0.4215,18052.0
2022-05-22 11:25:00,1653218700.0,0.4214,0.4215,0.4209,0.421,109130.0
2022-05-22 11:26:00,1653218760.0,0.421,0.4211,0.4195,0.4195,314996.0
2022-05-22 11:27:00,1653218820.0,0.4195,0.4201,0.4194,0.4196,205302.0
2022-05-22 11:28:00,1653218880.0,0.4196,0.4196,0.419,0.4191,232952.0
2022-05-22 11:29:00,1653218940.0,0.4191,0.4191,0.4187,0.419,262727.0
2022-05-22 11:30:00,1653219000.0,0.4189,0.4189,0.4181,0.4182,375969.0
2022-05-22 11:31:00,1653219060.0,0.4182,0.4185,0.4175,0.4176,267845.0
2022-05-22 11:32:00,1653219120.0,0.4176,0.418,0.4165,0.4173,711051.0
2022-05-22 11:33:00,1653219180.0,0.4173,0.4183,0.417,0.4183,551090.0
2022-05-22 11:34:00,1653219240.0,0.4183,0.4188,0.4176,0.4176,185632.0
2022-05-22 11:35:00,1653219300.0,0.4177,0.4178,0.417,0.4174,138845.0
2022-05-22 11:36:00,1653219360.0,0.4174,0.4176,0.4168,0.4172,349596.0
2022-05-22 11:37:00,1653219420.0,0.4172,0.4177,0.4172,0.4174,210890.0
2022-05-22 11:38:00,1653219480.0,0.4175,0.4183,0.4175,0.4179,92337.0
2022-05-22 11:39:00,1653219540.0,0.4179,0.418,0.4176,0.4176,73712.0
2022-05-22 11:40:00,1653219600.0,0.4175,0.4181,0.4175,0.418,25781.0
2022-05-22 11:41:00,1653219660.0,0.4181,0.4184,0.418,0.4182,148081.0
2022-05-22 11:42:00,1653219720.0,0.4182,0.4183,0.4179,0.4179,147225.0
2022-05-22 11:43:00,1653219780.0,0.4178,0.418,0.4178,0.418,99957.0
2022-05-22 11:44:00,1653219840.0,0.418,0.4183,0.4178,0.4183,391645.0
2022-05-22 11:45:00,1653219900.0,0.4183,0.4183,0.4178,0.4181,257118.0
2022-05-22 11:46:00,1653219960.0,0.4181,0.4182,0.4177,0.4178,83764.0
2022-05-22 11:47:00,1653220020.0,0.4178,0.4178,0.4174,0.4177,641858.0
2022-05-22 11:48:00,1653220080.0,0.4176,0.4176,0.4169,0.4169,85858.0
2022-05-22 11:49:00,1653220140.0,0.417,0.4174,0.4169,0.4173,172248.0
2022-05-22 11:50:00,1653220200.0,0.4172,0.4178,0.4172,0.4178,180801.0
2022-05-22 11:51:00,1653220260.0,0.4178,0.4181,0.4177,0.4178,81383.0
2022-05-22 11:52:00,1653220320.0,0.4178,0.4178,0.4176,0.4177,36005.0
2022-05-22 11:53:00,1653220380.0,0.4177,0.4178,0.4175,0.4178,76817.0
2022-05-22 11:54:00,1653220440.0,0.4177,0.4177,0.4173,0.4173,40358.0
2022-05-22 11:55:00,1653220500.0,0.4174,0.4177,0.4173,0.4176,128556.0
2022-05-22 11:56:00,1653220560.0,0.4176,0.4182,0.4175,0.4181,134406.0
2022-05-22 11:57:00,1653220620.0,0.4182,0.4182,0.4177,0.4177,82005.0
2022-05-22 11:58:00,1653220680.0,0.4178,0.4182,0.4177,0.4182,82921.0
2022-05-22 11:59:00,1653220740.0,0.4182,0.4184,0.418,0.4183,138622.0
2022-05-22 12:00:00,1653220800.0,0.4183,0.4184,0.4182,0.4184,45973.0
2022-05-22 12:01:00,1653220860.0,0.4184,0.419,0.4184,0.4186,158966.0
2022-05-22 12:02:00,1653220920.0,0.4185,0.4186,0.4182,0.4182,87732.0
2022-05-22 12:03:00,1653220980.0,0.4182,0.4188,0.4181,0.4188,435081.0
2022-05-22 12:04:00,1653221040.0,0.4189,0.4189,0.4186,0.4186,34143.0
2022-05-22 12:05:00,1653221100.0,0.4186,0.4188,0.4185,0.4186,83921.0
2022-05-22 12:06:00,1653221160.0,0.4186,0.4189,0.4186,0.4188,21021.0
2022-05-22 12:07:00,1653221220.0,0.4187,0.4188,0.4186,0.4186,37765.0
2022-05-22 12:08:00,1653221280.0,0.4187,0.4187,0.4185,0.4186,40147.0
2022-05-22 12:09:00,1653221340.0,0.4186,0.4191,0.4186,0.4191,71879.0
2022-05-22 12:10:00,1653221400.0,0.4191,0.4191,0.4187,0.4187,68585.0
2022-05-22 12:11:00,1653221460.0,0.4187,0.4189,0.4186,0.4188,62265.0
2022-05-22 12:12:00,1653221520.0,0.4188,0.4188,0.4186,0.4186,47080.0
2022-05-22 12:13:00,1653221580.0,0.4187,0.4188,0.4186,0.4188,23261.0
2022-05-22 12:14:00,1653221640.0,0.4188,0.419,0.4187,0.419,66685.0
2022-05-22 12:15:00,1653221700.0,0.4189,0.4189,0.4187,0.4188,69381.0
2022-05-22 12:16:00,1653221760.0,0.4187,0.419,0.4187,0.4189,46644.0
2022-05-22 12:17:00,1653221820.0,0.4188,0.4189,0.4188,0.4188,8471.0
2022-05-22 12:18:00,1653221880.0,0.4189,0.4189,0.4188,0.4188,42585.0
2022-05-22 12:19:00,1653221940.0,0.4188,0.4198,0.4188,0.4194,324157.0
2022-05-22 12:20:00,1653222000.0,0.4194,0.42,0.4193,0.4197,523388.0
2022-05-22 12:21:00,1653222060.0,0.4198,0.4198,0.4194,0.4194,82752.0
2022-05-22 12:22:00,1653222120.0,0.4195,0.4196,0.4193,0.4194,138370.0
2022-05-22 12:23:00,1653222180.0,0.4194,0.4194,0.4191,0.4193,118460.0
2022-05-22 12:24:00,1653222240.0,0.4193,0.4197,0.4193,0.4196,98594.0
2022-05-22 12:25:00,1653222300.0,0.4196,0.4198,0.4196,0.4196,269219.0
2022-05-22 12:26:00,1653222360.0,0.4195,0.4196,0.4194,0.4195,75189.0
2022-05-22 12:27:00,1653222420.0,0.4194,0.4195,0.4193,0.4194,82460.0
2022-05-22 12:28:00,1653222480.0,0.4194,0.4195,0.4189,0.4195,247088.0
2022-05-22 12:29:00,1653222540.0,0.4194,0.4196,0.419,0.419,59986.0
2022-05-22 12:30:00,1653222600.0,0.4189,0.4194,0.4189,0.419,33362.0
2022-05-22 12:31:00,1653222660.0,0.4191,0.4194,0.419,0.4191,66411.0
2022-05-22 12:32:00,1653222720.0,0.419,0.4194,0.419,0.4193,94083.0
2022-05-22 12:33:00,1653222780.0,0.4193,0.4193,0.4191,0.4191,97697.0
2022-05-22 12:34:00,1653222840.0,0.4191,0.4193,0.4191,0.4193,69304.0
2022-05-22 12:35:00,1653222900.0,0.4193,0.42,0.4193,0.4199,317209.0
2022-05-22 12:36:00,1653222960.0,0.4198,0.4199,0.4196,0.4197,49873.0
2022-05-22 12:37:00,1653223020.0,0.4198,0.4201,0.4198,0.42,43735.0
2022-05-22 12:38:00,1653223080.0,0.42,0.42,0.4197,0.4198,65491.0
2022-05-22 12:39:00,1653223140.0,0.4198,0.4198,0.4195,0.4196,76414.0
2022-05-22 12:40:00,1653223200.0,0.4195,0.4197,0.4194,0.4197,110940.0
2022-05-22 12:41:00,1653223260.0,0.4197,0.4197,0.4195,0.4196,85557.0
2022-05-22 12:42:00,1653223320.0,0.4195,0.4198,0.4191,0.4194,275392.0
2022-05-22 12:43:00,1653223380.0,0.4193,0.4194,0.4187,0.4188,118111.0
2022-05-22 12:44:00,1653223440.0,0.4188,0.4191,0.4187,0.419,30145.0
2022-05-22 12:45:00,1653223500.0,0.419,0.4194,0.4188,0.4194,60569.0
2022-05-22 12:46:00,1653223560.0,0.4195,0.4199,0.4195,0.4195,74408.0
2022-05-22 12:47:00,1653223620.0,0.4195,0.4199,0.4195,0.4199,119185.0
2022-05-22 12:48:00,1653223680.0,0.4199,0.4199,0.4198,0.4198,75013.0
2022-05-22 12:49:00,1653223740.0,0.4197,0.42,0.4196,0.4199,75120.0
2022-05-22 12:50:00,1653223800.0,0.42,0.4201,0.42,0.4201,20903.0
2022-05-22 12:51:00,1653223860.0,0.4201,0.4206,0.4201,0.4205,35767.0
2022-05-22 12:52:00,1653223920.0,0.4205,0.4206,0.4203,0.4203,80255.0
2022-05-22 12:53:00,1653223980.0,0.4203,0.4209,0.4203,0.4206,386853.0
2022-05-22 12:54:00,1653224040.0,0.4206,0.4209,0.4204,0.4209,303743.0
2022-05-22 12:55:00,1653224100.0,0.4209,0.4214,0.4206,0.4206,1220456.0
2022-05-22 12:56:00,1653224160.0,0.4206,0.4207,0.4201,0.4201,93999.0
2022-05-22 12:57:00,1653224220.0,0.4201,0.4202,0.4198,0.4202,148199.0
2022-05-22 12:58:00,1653224280.0,0.4202,0.4202,0.4198,0.42,57071.0
2022-05-22 12:59:00,1653224340.0,0.42,0.4202,0.4198,0.4202,102617.0
2022-05-22 13:00:00,1653224400.0,0.4202,0.4204,0.4202,0.4204,32567.0
2022-05-22 13:01:00,1653224460.0,0.4204,0.4205,0.4202,0.4204,189319.0
2022-05-22 13:02:00,1653224520.0,0.4205,0.4206,0.4202,0.4202,155045.0
2022-05-22 13:03:00,1653224580.0,0.4203,0.4204,0.4201,0.4201,169998.0
2022-05-22 13:04:00,1653224640.0,0.4201,0.4202,0.4198,0.4199,136368.0
2022-05-22 13:05:00,1653224700.0,0.4199,0.42,0.4198,0.4198,20088.0
2022-05-22 13:06:00,1653224760.0,0.4199,0.4199,0.4198,0.4199,44239.0
2022-05-22 13:07:00,1653224820.0,0.4199,0.42,0.4198,0.42,79759.0
2022-05-22 13:08:00,1653224880.0,0.42,0.4201,0.4199,0.4199,21701.0
2022-05-22 13:09:00,1653224940.0,0.4199,0.42,0.4199,0.4199,17774.0
2022-05-22 13:10:00,1653225000.0,0.4199,0.42,0.4198,0.4198,74665.0
2022-05-22 13:11:00,1653225060.0,0.4198,0.4202,0.4198,0.4202,74324.0
2022-05-22 13:12:00,1653225120.0,0.4202,0.4202,0.4201,0.4201,13289.0
2022-05-22 13:13:00,1653225180.0,0.4201,0.4202,0.4198,0.4199,99844.0
2022-05-22 13:14:00,1653225240.0,0.4198,0.4202,0.4198,0.4199,117131.0
2022-05-22 13:15:00,1653225300.0,0.42,0.4201,0.4195,0.4196,124088.0
2022-05-22 13:16:00,1653225360.0,0.4196,0.4196,0.4194,0.4195,106126.0
2022-05-22 13:17:00,1653225420.0,0.4195,0.4197,0.4195,0.4196,182373.0
2022-05-22 13:18:00,1653225480.0,0.4195,0.4196,0.4194,0.4196,61908.0
2022-05-22 13:19:00,1653225540.0,0.4195,0.42,0.4195,0.4198,126350.0
2022-05-22 13:20:00,1653225600.0,0.4197,0.4198,0.4196,0.4197,20376.0
2022-05-22 13:21:00,1653225660.0,0.4196,0.4199,0.4196,0.4198,48566.0
2022-05-22 13:22:00,1653225720.0,0.4199,0.42,0.4198,0.42,28539.0
2022-05-22 13:23:00,1653225780.0,0.42,0.42,0.4198,0.4199,13910.0
2022-05-22 13:24:00,1653225840.0,0.4199,0.4205,0.4199,0.4205,81109.0
2022-05-22 13:25:00,1653225900.0,0.4205,0.4206,0.4204,0.4205,67312.0
2022-05-22 13:26:00,1653225960.0,0.4204,0.4206,0.4204,0.4206,115363.0
2022-05-22 13:27:00,1653226020.0,0.4206,0.4208,0.4204,0.4206,38065.0
2022-05-22 13:28:00,1653226080.0,0.4206,0.4208,0.4205,0.4207,19106.0
2022-05-22 13:29:00,1653226140.0,0.4207,0.4207,0.4205,0.4206,53801.0
2022-05-22 13:30:00,1653226200.0,0.4205,0.4205,0.4204,0.4204,57345.0
2022-05-22 13:31:00,1653226260.0,0.4204,0.4205,0.4203,0.4204,37036.0
2022-05-22 13:32:00,1653226320.0,0.4204,0.4204,0.4201,0.4202,21242.0
2022-05-22 13:33:00,1653226380.0,0.4201,0.4201,0.4197,0.4198,59825.0
2022-05-22 13:34:00,1653226440.0,0.4197,0.4204,0.4197,0.4202,71877.0
2022-05-22 13:35:00,1653226500.0,0.4202,0.4202,0.4199,0.42,28960.0
2022-05-22 13:36:00,1653226560.0,0.4199,0.42,0.4196,0.4198,52115.0
2022-05-22 13:37:00,1653226620.0,0.4198,0.42,0.4197,0.4199,85493.0
2022-05-22 13:38:00,1653226680.0,0.4199,0.4199,0.4194,0.4195,53150.0
2022-05-22 13:39:00,1653226740.0,0.4196,0.4196,0.4194,0.4194,18972.0
2022-05-22 13:40:00,1653226800.0,0.4195,0.4198,0.4194,0.4195,110980.0
2022-05-22 13:41:00,1653226860.0,0.4194,0.4196,0.4193,0.4193,35168.0
2022-05-22 13:42:00,1653226920.0,0.4193,0.4198,0.4192,0.4198,58340.0
2022-05-22 13:43:00,1653226980.0,0.4198,0.4203,0.4196,0.42,58946.0
2022-05-22 13:44:00,1653227040.0,0.4199,0.42,0.4196,0.4196,40801.0
2022-05-22 13:45:00,1653227100.0,0.4196,0.42,0.4196,0.4199,46323.0
2022-05-22 13:46:00,1653227160.0,0.4198,0.4199,0.4195,0.4195,163376.0
2022-05-22 13:47:00,1653227220.0,0.4195,0.4196,0.4192,0.4193,145075.0
2022-05-22 13:48:00,1653227280.0,0.4193,0.4198,0.4193,0.4197,23209.0
2022-05-22 13:49:00,1653227340.0,0.4197,0.4198,0.4193,0.4193,143630.0
2022-05-22 13:50:00,1653227400.0,0.4193,0.4194,0.419,0.419,39243.0
2022-05-22 13:51:00,1653227460.0,0.419,0.4191,0.4185,0.4185,134473.0
2022-05-22 13:52:00,1653227520.0,0.4184,0.4186,0.4181,0.4186,147725.0
2022-05-22 13:53:00,1653227580.0,0.4186,0.4191,0.4186,0.4189,117907.0
2022-05-22 13:54:00,1653227640.0,0.4189,0.419,0.4184,0.4187,104213.0
2022-05-22 13:55:00,1653227700.0,0.4186,0.4187,0.4185,0.4186,64532.0
2022-05-22 13:56:00,1653227760.0,0.4185,0.419,0.4185,0.4188,36128.0
2022-05-22 13:57:00,1653227820.0,0.4187,0.4189,0.4186,0.4187,44411.0
2022-05-22 13:58:00,1653227880.0,0.4187,0.4188,0.4185,0.4186,20614.0
2022-05-22 13:59:00,1653227940.0,0.4185,0.4192,0.4185,0.4191,54575.0
2022-05-22 14:00:00,1653228000.0,0.4192,0.4192,0.4189,0.419,64933.0
2022-05-22 14:01:00,1653228060.0,0.4191,0.4199,0.419,0.4199,82565.0
2022-05-22 14:02:00,1653228120.0,0.4198,0.4204,0.4197,0.4204,492590.0
2022-05-22 14:03:00,1653228180.0,0.4204,0.4204,0.4201,0.4201,64493.0
2022-05-22 14:04:00,1653228240.0,0.4201,0.4201,0.4199,0.4199,29907.0
2022-05-22 14:05:00,1653228300.0,0.4199,0.4199,0.4197,0.4198,49764.0
2022-05-22 14:06:00,1653228360.0,0.4198,0.42,0.4198,0.4199,37330.0
2022-05-22 14:07:00,1653228420.0,0.4199,0.42,0.4197,0.4197,19738.0
2022-05-22 14:08:00,1653228480.0,0.4198,0.4202,0.4198,0.4201,145502.0
2022-05-22 14:09:00,1653228540.0,0.4201,0.4201,0.4184,0.4184,688587.0
2022-05-22 14:10:00,1653228600.0,0.4184,0.4197,0.4181,0.4193,383691.0
2022-05-22 14:11:00,1653228660.0,0.4194,0.4198,0.4191,0.4195,128135.0
2022-05-22 14:12:00,1653228720.0,0.4194,0.4198,0.4194,0.4196,26817.0
2022-05-22 14:13:00,1653228780.0,0.4197,0.4198,0.4196,0.4197,110046.0
2022-05-22 14:14:00,1653228840.0,0.4197,0.4199,0.4197,0.4198,89887.0
2022-05-22 14:15:00,1653228900.0,0.4197,0.4199,0.4195,0.4199,48719.0
2022-05-22 14:16:00,1653228960.0,0.4198,0.4199,0.4198,0.4198,31145.0
2022-05-22 14:17:00,1653229020.0,0.4198,0.4199,0.4197,0.4198,63235.0
2022-05-22 14:18:00,1653229080.0,0.4197,0.4198,0.4196,0.4197,69898.0
2022-05-22 14:19:00,1653229140.0,0.4196,0.4205,0.4196,0.4201,174494.0
2022-05-22 14:20:00,1653229200.0,0.4201,0.4205,0.4201,0.4204,49889.0
2022-05-22 14:21:00,1653229260.0,0.4204,0.4205,0.4204,0.4205,29832.0
2022-05-22 14:22:00,1653229320.0,0.4206,0.4206,0.42,0.42,70571.0
2022-05-22 14:23:00,1653229380.0,0.4201,0.4201,0.4198,0.4199,23801.0
2022-05-22 14:24:00,1653229440.0,0.4199,0.4203,0.4197,0.42,357696.0
2022-05-22 14:25:00,1653229500.0,0.4199,0.4202,0.4198,0.4201,102423.0
2022-05-22 14:26:00,1653229560.0,0.4202,0.4205,0.4201,0.4205,43462.0
2022-05-22 14:27:00,1653229620.0,0.4205,0.4207,0.4203,0.4207,92560.0
2022-05-22 14:28:00,1653229680.0,0.4206,0.4206,0.4202,0.4202,51049.0
2022-05-22 14:29:00,1653229740.0,0.4203,0.4205,0.4202,0.4204,164490.0
2022-05-22 14:30:00,1653229800.0,0.4205,0.4209,0.4204,0.4205,107016.0
2022-05-22 14:31:00,1653229860.0,0.4204,0.4207,0.4203,0.4203,28858.0
2022-05-22 14:32:00,1653229920.0,0.4203,0.4204,0.4202,0.4203,40997.0
2022-05-22 14:33:00,1653229980.0,0.4202,0.4203,0.4197,0.4197,40294.0
2022-05-22 14:34:00,1653230040.0,0.4197,0.42,0.4197,0.4197,117052.0
2022-05-22 14:35:00,1653230100.0,0.4197,0.4199,0.4194,0.4198,125054.0
2022-05-22 14:36:00,1653230160.0,0.4197,0.4198,0.4195,0.4198,203198.0
2022-05-22 14:37:00,1653230220.0,0.4198,0.4198,0.4192,0.4194,111249.0
2022-05-22 14:38:00,1653230280.0,0.4193,0.4195,0.4191,0.4194,101156.0
2022-05-22 14:39:00,1653230340.0,0.4193,0.4196,0.4192,0.4195,215034.0
2022-05-22 14:40:00,1653230400.0,0.4195,0.4197,0.4194,0.4196,80508.0
2022-05-22 14:41:00,1653230460.0,0.4196,0.4196,0.4194,0.4195,45357.0
2022-05-22 14:42:00,1653230520.0,0.4196,0.4199,0.4196,0.4199,100940.0
2022-05-22 14:43:00,1653230580.0,0.4198,0.4199,0.4198,0.4199,18921.0
2022-05-22 14:44:00,1653230640.0,0.4198,0.4198,0.4194,0.4194,53269.0
2022-05-22 14:45:00,1653230700.0,0.4194,0.4195,0.4192,0.4193,26338.0
2022-05-22 14:46:00,1653230760.0,0.4193,0.4195,0.4192,0.4192,76603.0
2022-05-22 14:47:00,1653230820.0,0.4193,0.4193,0.4192,0.4193,20632.0
2022-05-22 14:48:00,1653230880.0,0.4192,0.4192,0.4186,0.4187,200661.0
2022-05-22 14:49:00,1653230940.0,0.4186,0.4188,0.4186,0.4187,82016.0
2022-05-22 14:50:00,1653231000.0,0.4187,0.4188,0.4186,0.4186,19837.0
2022-05-22 14:51:00,1653231060.0,0.4185,0.4185,0.4182,0.4183,171340.0
2022-05-22 14:52:00,1653231120.0,0.4183,0.4185,0.4183,0.4185,33799.0
2022-05-22 14:53:00,1653231180.0,0.4185,0.4186,0.4184,0.4184,17090.0
2022-05-22 14:54:00,1653231240.0,0.4184,0.4184,0.4182,0.4182,32901.0
2022-05-22 14:55:00,1653231300.0,0.4182,0.4183,0.4181,0.4183,58994.0
2022-05-22 14:56:00,1653231360.0,0.4184,0.4188,0.4184,0.4186,39397.0
2022-05-22 14:57:00,1653231420.0,0.4186,0.4187,0.4185,0.4185,27328.0
2022-05-22 14:58:00,1653231480.0,0.4186,0.4186,0.4185,0.4185,19181.0
2022-05-22 14:59:00,1653231540.0,0.4185,0.4186,0.4183,0.4184,29529.0
2022-05-22 15:00:00,1653231600.0,0.4184,0.4187,0.4183,0.4187,153444.0
2022-05-22 15:01:00,1653231660.0,0.4187,0.4191,0.4186,0.4189,55140.0
2022-05-22 15:02:00,1653231720.0,0.4189,0.419,0.4179,0.418,114387.0
2022-05-22 15:03:00,1653231780.0,0.4179,0.418,0.4172,0.4172,186825.0
2022-05-22 15:04:00,1653231840.0,0.4172,0.4177,0.4171,0.4171,175149.0
2022-05-22 15:05:00,1653231900.0,0.4172,0.4176,0.4171,0.4176,137405.0
2022-05-22 15:06:00,1653231960.0,0.4175,0.4178,0.4174,0.4176,108252.0
2022-05-22 15:07:00,1653232020.0,0.4177,0.4178,0.4176,0.4177,63422.0
2022-05-22 15:08:00,1653232080.0,0.4177,0.4178,0.4175,0.4176,66550.0
2022-05-22 15:09:00,1653232140.0,0.4177,0.4177,0.4174,0.4175,69417.0
2022-05-22 15:10:00,1653232200.0,0.4175,0.4178,0.4174,0.4178,47493.0
2022-05-22 15:11:00,1653232260.0,0.4179,0.4183,0.4178,0.4178,32577.0
2022-05-22 15:12:00,1653232320.0,0.4179,0.418,0.4178,0.4179,40420.0
2022-05-22 15:13:00,1653232380.0,0.4179,0.4179,0.4174,0.4178,121350.0
2022-05-22 15:14:00,1653232440.0,0.4178,0.4178,0.4173,0.4174,70923.0
2022-05-22 15:15:00,1653232500.0,0.4173,0.4177,0.4173,0.4177,28132.0
2022-05-22 15:16:00,1653232560.0,0.4177,0.4181,0.4176,0.4177,62671.0
2022-05-22 15:17:00,1653232620.0,0.4177,0.4178,0.4172,0.4172,163920.0
2022-05-22 15:18:00,1653232680.0,0.4173,0.4173,0.4159,0.416,179487.0
2022-05-22 15:19:00,1653232740.0,0.4159,0.4165,0.4159,0.4163,121291.0
2022-05-22 15:20:00,1653232800.0,0.4162,0.4163,0.4146,0.415,655479.0
2022-05-22 15:21:00,1653232860.0,0.4151,0.4157,0.4147,0.415,164599.0
2022-05-22 15:22:00,1653232920.0,0.415,0.4155,0.415,0.4153,248417.0
2022-05-22 15:23:00,1653232980.0,0.4153,0.4153,0.4144,0.4145,150437.0
2022-05-22 15:24:00,1653233040.0,0.4146,0.4154,0.4143,0.4151,114562.0
2022-05-22 15:25:00,1653233100.0,0.4151,0.4155,0.4149,0.4149,103388.0
2022-05-22 15:26:00,1653233160.0,0.4149,0.4152,0.4148,0.4152,100646.0
2022-05-22 15:27:00,1653233220.0,0.4152,0.4156,0.415,0.4155,101350.0
2022-05-22 15:28:00,1653233280.0,0.4155,0.4155,0.4149,0.415,373663.0
2022-05-22 15:29:00,1653233340.0,0.4151,0.4153,0.4149,0.4151,54279.0
2022-05-22 15:30:00,1653233400.0,0.4152,0.4159,0.4151,0.4157,151482.0
2022-05-22 15:31:00,1653233460.0,0.4157,0.4161,0.4155,0.4156,86495.0
2022-05-22 15:32:00,1653233520.0,0.4155,0.4156,0.4153,0.4156,29877.0
2022-05-22 15:33:00,1653233580.0,0.4156,0.4156,0.4155,0.4156,13650.0
2022-05-22 15:34:00,1653233640.0,0.4156,0.4158,0.4155,0.4157,69553.0
2022-05-22 15:35:00,1653233700.0,0.4157,0.4158,0.4155,0.4155,69061.0
2022-05-22 15:36:00,1653233760.0,0.4155,0.4163,0.4155,0.4162,169718.0
2022-05-22 15:37:00,1653233820.0,0.4162,0.417,0.4161,0.4167,125986.0
2022-05-22 15:38:00,1653233880.0,0.4168,0.417,0.4167,0.4168,48644.0
2022-05-22 15:39:00,1653233940.0,0.4167,0.4168,0.4161,0.4163,41206.0
2022-05-22 15:40:00,1653234000.0,0.4163,0.4164,0.4161,0.4161,75554.0
2022-05-22 15:41:00,1653234060.0,0.4161,0.4163,0.416,0.4161,83327.0
2022-05-22 15:42:00,1653234120.0,0.4161,0.4163,0.416,0.4163,18414.0
2022-05-22 15:43:00,1653234180.0,0.4162,0.4163,0.4162,0.4162,8204.0
2022-05-22 15:44:00,1653234240.0,0.4162,0.4164,0.416,0.4163,40246.0
2022-05-22 15:45:00,1653234300.0,0.4163,0.4164,0.4161,0.4163,81842.0
2022-05-22 15:46:00,1653234360.0,0.4164,0.4168,0.4164,0.4165,111702.0
2022-05-22 15:47:00,1653234420.0,0.4165,0.417,0.4165,0.417,84919.0
2022-05-22 15:48:00,1653234480.0,0.4169,0.4177,0.4168,0.4173,290994.0
2022-05-22 15:49:00,1653234540.0,0.4174,0.4176,0.4171,0.4171,55151.0
2022-05-22 15:50:00,1653234600.0,0.4171,0.4171,0.4169,0.417,21952.0
2022-05-22 15:51:00,1653234660.0,0.417,0.4171,0.4167,0.417,62497.0
2022-05-22 15:52:00,1653234720.0,0.417,0.4172,0.417,0.417,106323.0
2022-05-22 15:53:00,1653234780.0,0.4171,0.4172,0.417,0.4172,38398.0
2022-05-22 15:54:00,1653234840.0,0.4172,0.4174,0.4171,0.4171,29769.0
2022-05-22 15:55:00,1653234900.0,0.4172,0.4172,0.4168,0.4168,45381.0
2022-05-22 15:56:00,1653234960.0,0.4168,0.4169,0.4164,0.4168,77582.0
2022-05-22 15:57:00,1653235020.0,0.4168,0.4168,0.4166,0.4167,65807.0
2022-05-22 15:58:00,1653235080.0,0.4168,0.4172,0.4167,0.4172,55036.0
2022-05-22 15:59:00,1653235140.0,0.4173,0.4173,0.4172,0.4172,54563.0
2022-05-22 16:00:00,1653235200.0,0.4172,0.4173,0.4167,0.4169,55300.0
2022-05-22 16:01:00,1653235260.0,0.417,0.4177,0.417,0.4175,92963.0
2022-05-22 16:02:00,1653235320.0,0.4175,0.4177,0.4173,0.4175,47152.0
2022-05-22 16:03:00,1653235380.0,0.4176,0.4176,0.4175,0.4176,8057.0
2022-05-22 16:04:00,1653235440.0,0.4177,0.4178,0.4174,0.4174,57033.0
2022-05-22 16:05:00,1653235500.0,0.4174,0.4174,0.4172,0.4173,24614.0
2022-05-22 16:06:00,1653235560.0,0.4173,0.4173,0.4172,0.4172,5050.0
2022-05-22 16:07:00,1653235620.0,0.4172,0.4175,0.4172,0.4173,19056.0
2022-05-22 16:08:00,1653235680.0,0.4173,0.4173,0.4172,0.4172,13074.0
2022-05-22 16:09:00,1653235740.0,0.4173,0.4175,0.4172,0.4173,79903.0
2022-05-22 16:10:00,1653235800.0,0.4174,0.4175,0.4168,0.4168,174861.0
2022-05-22 16:11:00,1653235860.0,0.4167,0.4168,0.4166,0.4166,52991.0
2022-05-22 16:12:00,1653235920.0,0.4166,0.4166,0.416,0.4162,70070.0
2022-05-22 16:13:00,1653235980.0,0.4162,0.4162,0.4151,0.4154,587603.0
2022-05-22 16:14:00,1653236040.0,0.4154,0.4159,0.4153,0.4158,104875.0
2022-05-22 16:15:00,1653236100.0,0.4158,0.4166,0.4158,0.4166,93147.0
2022-05-22 16:16:00,1653236160.0,0.4166,0.4173,0.4166,0.4167,115300.0
2022-05-22 16:17:00,1653236220.0,0.4167,0.4167,0.4164,0.4165,58245.0
2022-05-22 16:18:00,1653236280.0,0.4165,0.4171,0.4165,0.417,56354.0
2022-05-22 16:19:00,1653236340.0,0.4171,0.4171,0.4163,0.4166,338256.0
2022-05-22 16:20:00,1653236400.0,0.4166,0.4167,0.416,0.4163,149771.0
2022-05-22 16:21:00,1653236460.0,0.4162,0.4166,0.4162,0.4166,52575.0
2022-05-22 16:22:00,1653236520.0,0.4166,0.4166,0.4161,0.4163,33946.0
2022-05-22 16:23:00,1653236580.0,0.4163,0.4164,0.4163,0.4163,7803.0
2022-05-22 16:24:00,1653236640.0,0.4164,0.4169,0.4164,0.4168,27272.0
2022-05-22 16:25:00,1653236700.0,0.4168,0.4172,0.4168,0.4169,79562.0
2022-05-22 16:26:00,1653236760.0,0.417,0.417,0.4166,0.4166,35861.0
2022-05-22 16:27:00,1653236820.0,0.4166,0.4171,0.4166,0.417,55815.0
2022-05-22 16:28:00,1653236880.0,0.417,0.417,0.4166,0.4168,32303.0
2022-05-22 16:29:00,1653236940.0,0.4168,0.4168,0.4165,0.4165,44308.0
2022-05-22 16:30:00,1653237000.0,0.4165,0.4169,0.4165,0.4169,35355.0
2022-05-22 16:31:00,1653237060.0,0.417,0.4174,0.417,0.4173,65545.0
2022-05-22 16:32:00,1653237120.0,0.4173,0.4173,0.4171,0.4171,54454.0
2022-05-22 16:33:00,1653237180.0,0.4171,0.4171,0.4168,0.4168,35073.0
2022-05-22 16:34:00,1653237240.0,0.4168,0.4173,0.4167,0.4172,51778.0
2022-05-22 16:35:00,1653237300.0,0.4172,0.4172,0.4169,0.417,74869.0
2022-05-22 16:36:00,1653237360.0,0.4169,0.4169,0.4165,0.4165,10450.0
2022-05-22 16:37:00,1653237420.0,0.4165,0.4167,0.4164,0.4167,52637.0
2022-05-22 16:38:00,1653237480.0,0.4167,0.4169,0.4167,0.4167,31804.0
2022-05-22 16:39:00,1653237540.0,0.4167,0.4168,0.4166,0.4166,6717.0
2022-05-22 16:40:00,1653237600.0,0.4165,0.4166,0.4163,0.4164,33024.0
2022-05-22 16:41:00,1653237660.0,0.4164,0.4166,0.4164,0.4166,49860.0
2022-05-22 16:42:00,1653237720.0,0.4166,0.4167,0.4166,0.4167,6405.0
2022-05-22 16:43:00,1653237780.0,0.4166,0.4167,0.4164,0.4166,76201.0
2022-05-22 16:44:00,1653237840.0,0.4167,0.4168,0.4166,0.4167,11853.0
2022-05-22 16:45:00,1653237900.0,0.4167,0.4167,0.4163,0.4164,39713.0
2022-05-22 16:46:00,1653237960.0,0.4163,0.4164,0.4163,0.4164,6380.0
2022-05-22 16:47:00,1653238020.0,0.4164,0.4164,0.4163,0.4164,15798.0
2022-05-22 16:48:00,1653238080.0,0.4164,0.4164,0.4157,0.4158,310063.0
2022-05-22 16:49:00,1653238140.0,0.4158,0.4166,0.4158,0.4166,136707.0
2022-05-22 16:50:00,1653238200.0,0.4165,0.4166,0.4165,0.4166,925.0
2022-05-22 16:51:00,1653238260.0,0.4166,0.4168,0.4165,0.4167,54883.0
2022-05-22 16:52:00,1653238320.0,0.4168,0.4171,0.4167,0.417,23466.0
2022-05-22 16:53:00,1653238380.0,0.4171,0.4172,0.417,0.4172,31196.0
2022-05-22 16:54:00,1653238440.0,0.4171,0.4178,0.4171,0.4173,241417.0
2022-05-22 16:55:00,1653238500.0,0.4173,0.4177,0.4173,0.4174,48740.0
2022-05-22 16:56:00,1653238560.0,0.4174,0.4174,0.417,0.4173,56644.0
2022-05-22 16:57:00,1653238620.0,0.4173,0.4174,0.4171,0.4172,41768.0
2022-05-22 16:58:00,1653238680.0,0.4172,0.4173,0.4171,0.4172,29033.0
2022-05-22 16:59:00,1653238740.0,0.4172,0.4172,0.4171,0.4172,7698.0
2022-05-22 17:00:00,1653238800.0,0.4171,0.4172,0.4169,0.4169,47875.0
2022-05-22 17:01:00,1653238860.0,0.4169,0.4172,0.4168,0.4172,16500.0
2022-05-22 17:02:00,1653238920.0,0.4172,0.4178,0.4171,0.4177,36321.0
2022-05-22 17:03:00,1653238980.0,0.4177,0.4178,0.4175,0.4175,79601.0
2022-05-22 17:04:00,1653239040.0,0.4176,0.4176,0.4174,0.4174,9260.0
2022-05-22 17:05:00,1653239100.0,0.4174,0.4186,0.4174,0.4181,505381.0
2022-05-22 17:06:00,1653239160.0,0.4181,0.4185,0.418,0.4185,72033.0
2022-05-22 17:07:00,1653239220.0,0.4185,0.4185,0.4182,0.4183,33170.0
2022-05-22 17:08:00,1653239280.0,0.4182,0.4187,0.4182,0.4187,132162.0
2022-05-22 17:09:00,1653239340.0,0.4187,0.4187,0.4184,0.4187,100430.0
2022-05-22 17:10:00,1653239400.0,0.4187,0.4189,0.4184,0.4187,150668.0
2022-05-22 17:11:00,1653239460.0,0.4186,0.4186,0.4182,0.4184,155820.0
2022-05-22 17:12:00,1653239520.0,0.4184,0.4184,0.418,0.4183,98064.0
2022-05-22 17:13:00,1653239580.0,0.4183,0.4183,0.4178,0.4182,93583.0
2022-05-22 17:14:00,1653239640.0,0.4182,0.4182,0.4179,0.4181,134841.0
2022-05-22 17:15:00,1653239700.0,0.4181,0.4184,0.4181,0.4184,56231.0
2022-05-22 17:16:00,1653239760.0,0.4184,0.4184,0.4176,0.4178,233883.0
2022-05-22 17:17:00,1653239820.0,0.4177,0.4179,0.4177,0.4178,68062.0
2022-05-22 17:18:00,1653239880.0,0.4177,0.4183,0.4177,0.4183,19323.0
2022-05-22 17:19:00,1653239940.0,0.4183,0.419,0.4183,0.419,338049.0
2022-05-22 17:20:00,1653240000.0,0.4189,0.4189,0.4185,0.4187,113630.0
2022-05-22 17:21:00,1653240060.0,0.4187,0.4189,0.4186,0.4188,83542.0
2022-05-22 17:22:00,1653240120.0,0.4187,0.4188,0.4187,0.4188,16765.0
2022-05-22 17:23:00,1653240180.0,0.4188,0.4194,0.4187,0.419,259162.0
2022-05-22 17:24:00,1653240240.0,0.4189,0.4198,0.4189,0.4194,302610.0
2022-05-22 17:25:00,1653240300.0,0.4193,0.4193,0.4189,0.4189,97481.0
2022-05-22 17:26:00,1653240360.0,0.419,0.419,0.4187,0.4187,57873.0
2022-05-22 17:27:00,1653240420.0,0.4187,0.419,0.4187,0.419,34472.0
2022-05-22 17:28:00,1653240480.0,0.419,0.419,0.4188,0.4188,96740.0
2022-05-22 17:29:00,1653240540.0,0.4188,0.419,0.4188,0.4189,18652.0
2022-05-22 17:30:00,1653240600.0,0.4189,0.419,0.4187,0.4187,44574.0
2022-05-22 17:31:00,1653240660.0,0.4187,0.4187,0.4184,0.4185,66506.0
2022-05-22 17:32:00,1653240720.0,0.4185,0.4186,0.4184,0.4186,15335.0
2022-05-22 17:33:00,1653240780.0,0.4187,0.4187,0.4185,0.4186,28665.0
2022-05-22 17:34:00,1653240840.0,0.4186,0.4186,0.4181,0.4182,39188.0
2022-05-22 17:35:00,1653240900.0,0.4181,0.4183,0.4178,0.4178,25452.0
2022-05-22 17:36:00,1653240960.0,0.4178,0.4182,0.4177,0.418,58655.0
2022-05-22 17:37:00,1653241020.0,0.4179,0.4181,0.4178,0.4181,24635.0
2022-05-22 17:38:00,1653241080.0,0.4181,0.4182,0.418,0.418,14773.0
2022-05-22 17:39:00,1653241140.0,0.4181,0.4182,0.4178,0.418,48319.0
2022-05-22 17:40:00,1653241200.0,0.418,0.418,0.4177,0.4177,9846.0
2022-05-22 17:41:00,1653241260.0,0.4177,0.4177,0.4173,0.4176,41571.0
2022-05-22 17:42:00,1653241320.0,0.4176,0.418,0.4176,0.4178,40405.0
2022-05-22 17:43:00,1653241380.0,0.4178,0.4182,0.4178,0.4181,20750.0
2022-05-22 17:44:00,1653241440.0,0.418,0.418,0.4177,0.4179,20680.0
2022-05-22 17:45:00,1653241500.0,0.4178,0.4181,0.4171,0.4171,387611.0
2022-05-22 17:46:00,1653241560.0,0.4171,0.4174,0.4168,0.4173,276262.0
2022-05-22 17:47:00,1653241620.0,0.4172,0.4175,0.4172,0.4174,72551.0
2022-05-22 17:48:00,1653241680.0,0.4173,0.4174,0.4171,0.4174,54763.0
2022-05-22 17:49:00,1653241740.0,0.4173,0.4174,0.4168,0.4169,78093.0
2022-05-22 17:50:00,1653241800.0,0.417,0.4172,0.417,0.417,19450.0
2022-05-22 17:51:00,1653241860.0,0.4171,0.4171,0.4169,0.417,8751.0
2022-05-22 17:52:00,1653241920.0,0.417,0.4173,0.417,0.4172,22079.0
2022-05-22 17:53:00,1653241980.0,0.4172,0.4173,0.417,0.417,16031.0
2022-05-22 17:54:00,1653242040.0,0.417,0.4177,0.417,0.4174,113080.0
2022-05-22 17:55:00,1653242100.0,0.4175,0.4179,0.4174,0.4175,28118.0
2022-05-22 17:56:00,1653242160.0,0.4174,0.4175,0.4172,0.4173,60305.0
2022-05-22 17:57:00,1653242220.0,0.4172,0.4173,0.4172,0.4172,13855.0
2022-05-22 17:58:00,1653242280.0,0.4173,0.4177,0.4173,0.4174,10416.0
2022-05-22 17:59:00,1653242340.0,0.4173,0.4174,0.4168,0.417,34629.0
2022-05-22 18:00:00,1653242400.0,0.417,0.417,0.4167,0.4169,40780.0
2022-05-22 18:01:00,1653242460.0,0.4169,0.4169,0.4163,0.4164,88217.0
2022-05-22 18:02:00,1653242520.0,0.4164,0.4169,0.4161,0.4169,81044.0
2022-05-22 18:03:00,1653242580.0,0.4169,0.4169,0.4168,0.4169,31294.0
2022-05-22 18:04:00,1653242640.0,0.4169,0.4173,0.4169,0.4171,102167.0
2022-05-22 18:05:00,1653242700.0,0.4172,0.4172,0.4169,0.417,34830.0
2022-05-22 18:06:00,1653242760.0,0.4169,0.4171,0.4167,0.417,49995.0
2022-05-22 18:07:00,1653242820.0,0.4171,0.4171,0.4169,0.4169,7800.0
2022-05-22 18:08:00,1653242880.0,0.4169,0.4172,0.4169,0.417,40355.0
2022-05-22 18:09:00,1653242940.0,0.417,0.417,0.4169,0.417,2886.0
2022-05-22 18:10:00,1653243000.0,0.4169,0.4169,0.4167,0.4168,44745.0
2022-05-22 18:11:00,1653243060.0,0.4168,0.4168,0.4166,0.4167,17523.0
2022-05-22 18:12:00,1653243120.0,0.4167,0.417,0.4167,0.4169,15681.0
2022-05-22 18:13:00,1653243180.0,0.417,0.417,0.4169,0.4169,17947.0
2022-05-22 18:14:00,1653243240.0,0.4169,0.417,0.4165,0.4168,83409.0
2022-05-22 18:15:00,1653243300.0,0.4169,0.4169,0.4167,0.4167,16182.0
2022-05-22 18:16:00,1653243360.0,0.4168,0.4169,0.4166,0.4169,19509.0
2022-05-22 18:17:00,1653243420.0,0.4169,0.4169,0.4165,0.4165,17848.0
2022-05-22 18:18:00,1653243480.0,0.4165,0.4165,0.416,0.416,355359.0
2022-05-22 18:19:00,1653243540.0,0.416,0.4162,0.4156,0.4161,150480.0
2022-05-22 18:20:00,1653243600.0,0.416,0.4162,0.416,0.4162,15782.0
2022-05-22 18:21:00,1653243660.0,0.4163,0.4165,0.4162,0.4164,66881.0
2022-05-22 18:22:00,1653243720.0,0.4164,0.4167,0.4164,0.4166,7374.0
2022-05-22 18:23:00,1653243780.0,0.4166,0.417,0.4166,0.417,35497.0
2022-05-22 18:24:00,1653243840.0,0.417,0.417,0.4169,0.417,1300.0
2022-05-22 18:25:00,1653243900.0,0.4169,0.417,0.4167,0.4168,50382.0
2022-05-22 18:26:00,1653243960.0,0.4167,0.417,0.4167,0.4168,17862.0
2022-05-22 18:27:00,1653244020.0,0.4169,0.417,0.4168,0.4169,31041.0
2022-05-22 18:28:00,1653244080.0,0.4169,0.417,0.4169,0.417,7826.0
2022-05-22 18:29:00,1653244140.0,0.417,0.418,0.417,0.4178,147432.0
2022-05-22 18:30:00,1653244200.0,0.4177,0.4177,0.4171,0.4172,28383.0
2022-05-22 18:31:00,1653244260.0,0.4171,0.4171,0.4169,0.417,14960.0
2022-05-22 18:32:00,1653244320.0,0.417,0.4176,0.417,0.4175,140994.0
2022-05-22 18:33:00,1653244380.0,0.4175,0.4178,0.4173,0.4178,88136.0
2022-05-22 18:34:00,1653244440.0,0.4178,0.4179,0.4177,0.4177,27794.0
2022-05-22 18:35:00,1653244500.0,0.4177,0.4177,0.4171,0.4173,20663.0
2022-05-22 18:36:00,1653244560.0,0.4173,0.4178,0.4173,0.4178,40357.0
2022-05-22 18:37:00,1653244620.0,0.4177,0.4177,0.4174,0.4176,20481.0
2022-05-22 18:38:00,1653244680.0,0.4176,0.4177,0.4175,0.4176,12860.0
2022-05-22 18:39:00,1653244740.0,0.4176,0.4176,0.4174,0.4175,12974.0
2022-05-22 18:40:00,1653244800.0,0.4174,0.4175,0.4172,0.4173,27215.0
2022-05-22 18:41:00,1653244860.0,0.4172,0.4173,0.417,0.4171,10168.0
2022-05-22 18:42:00,1653244920.0,0.4172,0.4175,0.4172,0.4174,21354.0
2022-05-22 18:43:00,1653244980.0,0.4175,0.4175,0.4173,0.4173,8561.0
2022-05-22 18:44:00,1653245040.0,0.4174,0.4176,0.4173,0.4176,37697.0
2022-05-22 18:45:00,1653245100.0,0.4175,0.4176,0.4175,0.4176,3863.0
2022-05-22 18:46:00,1653245160.0,0.4175,0.4179,0.4174,0.4177,126597.0
2022-05-22 18:47:00,1653245220.0,0.4177,0.4177,0.4175,0.4176,74597.0
2022-05-22 18:48:00,1653245280.0,0.4177,0.4177,0.4173,0.4174,44529.0
2022-05-22 18:49:00,1653245340.0,0.4174,0.4175,0.4171,0.4174,38095.0
2022-05-22 18:50:00,1653245400.0,0.4175,0.4175,0.4174,0.4175,28081.0
2022-05-22 18:51:00,1653245460.0,0.4174,0.4178,0.417,0.4176,634278.0
2022-05-22 18:52:00,1653245520.0,0.4176,0.4177,0.4176,0.4176,32435.0
2022-05-22 18:53:00,1653245580.0,0.4177,0.4192,0.4177,0.4185,1967309.0
2022-05-22 18:54:00,1653245640.0,0.4185,0.4185,0.4182,0.4183,98120.0
2022-05-22 18:55:00,1653245700.0,0.4184,0.4184,0.4183,0.4184,13430.0
2022-05-22 18:56:00,1653245760.0,0.4183,0.4184,0.4182,0.4182,53072.0
2022-05-22 18:57:00,1653245820.0,0.4183,0.4183,0.4182,0.4183,20882.0
2022-05-22 18:58:00,1653245880.0,0.4182,0.4183,0.4178,0.4179,147272.0
2022-05-22 18:59:00,1653245940.0,0.4178,0.4179,0.4178,0.4178,3299.0
2022-05-22 19:00:00,1653246000.0,0.4179,0.418,0.4175,0.4176,44026.0
2022-05-22 19:01:00,1653246060.0,0.4176,0.4184,0.4174,0.4184,273840.0
2022-05-22 19:02:00,1653246120.0,0.4185,0.419,0.4185,0.4188,81458.0
2022-05-22 19:03:00,1653246180.0,0.4188,0.4188,0.4185,0.4186,15525.0
2022-05-22 19:04:00,1653246240.0,0.4185,0.4188,0.4185,0.4188,41316.0
2022-05-22 19:05:00,1653246300.0,0.4189,0.4189,0.4185,0.4186,46810.0
2022-05-22 19:06:00,1653246360.0,0.4186,0.4188,0.4181,0.4181,106746.0
2022-05-22 19:07:00,1653246420.0,0.4181,0.4181,0.418,0.4181,17877.0
2022-05-22 19:08:00,1653246480.0,0.4181,0.4182,0.418,0.4181,25682.0
2022-05-22 19:09:00,1653246540.0,0.418,0.4181,0.4177,0.4177,50335.0
2022-05-22 19:10:00,1653246600.0,0.4179,0.4179,0.4177,0.4177,14147.0
2022-05-22 19:11:00,1653246660.0,0.4176,0.4177,0.4174,0.4174,48953.0
2022-05-22 19:12:00,1653246720.0,0.4174,0.4176,0.4173,0.4176,72249.0
2022-05-22 19:13:00,1653246780.0,0.4177,0.4178,0.4175,0.4177,53095.0
2022-05-22 19:14:00,1653246840.0,0.4177,0.4179,0.4177,0.4178,31769.0
2022-05-22 19:15:00,1653246900.0,0.4177,0.418,0.4176,0.418,19505.0
2022-05-22 19:16:00,1653246960.0,0.418,0.418,0.4176,0.4177,12851.0
2022-05-22 19:17:00,1653247020.0,0.4177,0.4179,0.4177,0.4179,17838.0
2022-05-22 19:18:00,1653247080.0,0.4179,0.4179,0.4178,0.4179,37395.0
2022-05-22 19:19:00,1653247140.0,0.4179,0.4179,0.4176,0.4176,28845.0
2022-05-22 19:20:00,1653247200.0,0.4176,0.4178,0.4176,0.4177,8489.0
2022-05-22 19:21:00,1653247260.0,0.4177,0.4177,0.4173,0.4174,45406.0
2022-05-22 19:22:00,1653247320.0,0.4175,0.4179,0.4174,0.4179,24397.0
2022-05-22 19:23:00,1653247380.0,0.4178,0.4179,0.4178,0.4179,20993.0
2022-05-22 19:24:00,1653247440.0,0.4178,0.418,0.4178,0.418,3346.0
2022-05-22 19:25:00,1653247500.0,0.4179,0.418,0.4176,0.4178,66405.0
2022-05-22 19:26:00,1653247560.0,0.4177,0.4177,0.4168,0.4169,198794.0
2022-05-22 19:27:00,1653247620.0,0.417,0.4171,0.4165,0.4166,52222.0
2022-05-22 19:28:00,1653247680.0,0.4166,0.4171,0.4166,0.4171,74706.0
2022-05-22 19:29:00,1653247740.0,0.4171,0.4171,0.417,0.417,9666.0
2022-05-22 19:30:00,1653247800.0,0.417,0.4171,0.417,0.4171,14396.0
2022-05-22 19:31:00,1653247860.0,0.417,0.4173,0.417,0.4172,57189.0
2022-05-22 19:32:00,1653247920.0,0.4171,0.4171,0.417,0.4171,18317.0
2022-05-22 19:33:00,1653247980.0,0.4172,0.4176,0.4172,0.4175,23161.0
2022-05-22 19:34:00,1653248040.0,0.4175,0.4175,0.4173,0.4173,25335.0
2022-05-22 19:35:00,1653248100.0,0.4173,0.4173,0.4172,0.4173,7425.0
2022-05-22 19:36:00,1653248160.0,0.4174,0.4175,0.4173,0.4175,8400.0
2022-05-22 19:37:00,1653248220.0,0.4175,0.4178,0.4175,0.4178,15379.0
2022-05-22 19:38:00,1653248280.0,0.4178,0.4182,0.4178,0.4179,71140.0
2022-05-22 19:39:00,1653248340.0,0.4179,0.418,0.4178,0.418,9181.0
2022-05-22 19:40:00,1653248400.0,0.4181,0.4181,0.4175,0.4179,153475.0
2022-05-22 19:41:00,1653248460.0,0.4178,0.4179,0.4176,0.4176,5920.0
2022-05-22 19:42:00,1653248520.0,0.4177,0.4177,0.4176,0.4177,3153.0
2022-05-22 19:43:00,1653248580.0,0.4176,0.4177,0.4176,0.4177,3371.0
2022-05-22 19:44:00,1653248640.0,0.4177,0.4181,0.4177,0.418,85467.0
2022-05-22 19:45:00,1653248700.0,0.418,0.4182,0.418,0.4181,15672.0
2022-05-22 19:46:00,1653248760.0,0.418,0.4181,0.4179,0.4179,22055.0
2022-05-22 19:47:00,1653248820.0,0.4179,0.4184,0.4178,0.4183,134612.0
2022-05-22 19:48:00,1653248880.0,0.4183,0.4185,0.4183,0.4184,31780.0
2022-05-22 19:49:00,1653248940.0,0.4185,0.4185,0.4183,0.4183,17382.0
2022-05-22 19:50:00,1653249000.0,0.4183,0.4183,0.4178,0.4178,17831.0
2022-05-22 19:51:00,1653249060.0,0.4178,0.4179,0.4172,0.4172,150017.0
2022-05-22 19:52:00,1653249120.0,0.4172,0.4172,0.4166,0.4169,143638.0
2022-05-22 19:53:00,1653249180.0,0.4169,0.417,0.4167,0.4168,14721.0
2022-05-22 19:54:00,1653249240.0,0.4168,0.4169,0.4168,0.4168,4765.0
2022-05-22 19:55:00,1653249300.0,0.4168,0.4173,0.4168,0.4173,89382.0
2022-05-22 19:56:00,1653249360.0,0.4172,0.4173,0.4172,0.4173,13126.0
2022-05-22 19:57:00,1653249420.0,0.4173,0.4175,0.4173,0.4175,17083.0
2022-05-22 19:58:00,1653249480.0,0.4175,0.4175,0.4172,0.4172,44772.0
2022-05-22 19:59:00,1653249540.0,0.4173,0.4174,0.4173,0.4174,1868.0
2022-05-22 20:00:00,1653249600.0,0.4174,0.418,0.4174,0.4177,60853.0
2022-05-22 20:01:00,1653249660.0,0.4177,0.4178,0.4176,0.4177,20531.0
2022-05-22 20:02:00,1653249720.0,0.4175,0.4176,0.4174,0.4175,13102.0
2022-05-22 20:03:00,1653249780.0,0.4175,0.4175,0.4173,0.4173,15006.0
2022-05-22 20:04:00,1653249840.0,0.4174,0.4176,0.4174,0.4176,6125.0
2022-05-22 20:05:00,1653249900.0,0.4176,0.4176,0.4172,0.4172,38108.0
2022-05-22 20:06:00,1653249960.0,0.4171,0.4173,0.4171,0.4172,8872.0
2022-05-22 20:07:00,1653250020.0,0.4173,0.4176,0.4172,0.4173,29652.0
2022-05-22 20:08:00,1653250080.0,0.4175,0.4175,0.4172,0.4173,33012.0
2022-05-22 20:09:00,1653250140.0,0.4173,0.4173,0.4172,0.4172,1655.0
2022-05-22 20:10:00,1653250200.0,0.4172,0.4173,0.4172,0.4173,1478.0
2022-05-22 20:11:00,1653250260.0,0.4173,0.4181,0.4172,0.4181,124315.0
2022-05-22 20:12:00,1653250320.0,0.4181,0.4181,0.418,0.418,10333.0
2022-05-22 20:13:00,1653250380.0,0.418,0.4181,0.418,0.4181,27305.0
2022-05-22 20:14:00,1653250440.0,0.4181,0.4182,0.4181,0.4182,4902.0
2022-05-22 20:15:00,1653250500.0,0.4183,0.4186,0.4183,0.4186,31215.0
2022-05-22 20:16:00,1653250560.0,0.4186,0.4186,0.4185,0.4186,12559.0
2022-05-22 20:17:00,1653250620.0,0.4186,0.4188,0.4185,0.4185,46277.0
2022-05-22 20:18:00,1653250680.0,0.4186,0.4187,0.4185,0.4186,24622.0
2022-05-22 20:19:00,1653250740.0,0.4187,0.4187,0.4186,0.4187,3523.0
2022-05-22 20:20:00,1653250800.0,0.4186,0.4186,0.4184,0.4184,63486.0
2022-05-22 20:21:00,1653250860.0,0.4183,0.4184,0.4181,0.4184,79298.0
2022-05-22 20:22:00,1653250920.0,0.4184,0.4186,0.4184,0.4186,22973.0
2022-05-22 20:23:00,1653250980.0,0.4186,0.4188,0.4186,0.4188,52039.0
2022-05-22 20:24:00,1653251040.0,0.4188,0.4192,0.4188,0.4192,26717.0
2022-05-22 20:25:00,1653251100.0,0.4191,0.4192,0.4191,0.4191,19530.0
2022-05-22 20:26:00,1653251160.0,0.4191,0.4191,0.419,0.4191,92562.0
2022-05-22 20:27:00,1653251220.0,0.419,0.4191,0.4189,0.419,32877.0
2022-05-22 20:28:00,1653251280.0,0.4189,0.419,0.4189,0.4189,256.0
2022-05-22 20:29:00,1653251340.0,0.4189,0.4191,0.4189,0.4191,114916.0
2022-05-22 20:30:00,1653251400.0,0.4192,0.4195,0.4191,0.4192,182993.0
2022-05-22 20:31:00,1653251460.0,0.4191,0.4192,0.419,0.419,39940.0
2022-05-22 20:32:00,1653251520.0,0.4191,0.4191,0.4187,0.4191,120780.0
2022-05-22 20:33:00,1653251580.0,0.419,0.4192,0.419,0.4191,14170.0
2022-05-22 20:34:00,1653251640.0,0.4191,0.4193,0.419,0.4191,73149.0
2022-05-22 20:35:00,1653251700.0,0.4191,0.4192,0.4188,0.4188,21402.0
2022-05-22 20:36:00,1653251760.0,0.4189,0.4197,0.4188,0.4192,484814.0
2022-05-22 20:37:00,1653251820.0,0.4191,0.4191,0.4189,0.419,64669.0
2022-05-22 20:38:00,1653251880.0,0.419,0.4191,0.419,0.419,7236.0
2022-05-22 20:39:00,1653251940.0,0.419,0.4191,0.4189,0.419,9346.0
2022-05-22 20:40:00,1653252000.0,0.419,0.4194,0.4189,0.4192,56311.0
2022-05-22 20:41:00,1653252060.0,0.4191,0.4192,0.4189,0.4189,15717.0
2022-05-22 20:42:00,1653252120.0,0.4189,0.419,0.4189,0.419,5706.0
2022-05-22 20:43:00,1653252180.0,0.419,0.4191,0.4189,0.4191,99887.0
2022-05-22 20:44:00,1653252240.0,0.4192,0.4192,0.4189,0.419,49350.0
2022-05-22 20:45:00,1653252300.0,0.419,0.4194,0.419,0.4192,36692.0
2022-05-22 20:46:00,1653252360.0,0.4192,0.4193,0.4191,0.4191,3849.0
2022-05-22 20:47:00,1653252420.0,0.419,0.4191,0.419,0.419,23345.0
2022-05-22 20:48:00,1653252480.0,0.4191,0.4191,0.419,0.419,2315.0
2022-05-22 20:49:00,1653252540.0,0.4191,0.4191,0.4183,0.4184,82399.0
2022-05-22 20:50:00,1653252600.0,0.4183,0.4185,0.4183,0.4185,123793.0
2022-05-22 20:51:00,1653252660.0,0.4185,0.4185,0.4184,0.4184,26314.0
2022-05-22 20:52:00,1653252720.0,0.4184,0.4185,0.4184,0.4184,5827.0
2022-05-22 20:53:00,1653252780.0,0.4185,0.4185,0.4184,0.4184,29537.0
2022-05-22 20:54:00,1653252840.0,0.4185,0.4185,0.4181,0.4181,105506.0
2022-05-22 20:55:00,1653252900.0,0.4181,0.4182,0.4177,0.4178,87495.0
2022-05-22 20:56:00,1653252960.0,0.4178,0.4179,0.4176,0.4177,34571.0
2022-05-22 20:57:00,1653253020.0,0.4177,0.4178,0.4177,0.4177,1831.0
2022-05-22 20:58:00,1653253080.0,0.4177,0.4178,0.4177,0.4178,21650.0
2022-05-22 20:59:00,1653253140.0,0.4178,0.418,0.4177,0.418,31466.0
2022-05-22 21:00:00,1653253200.0,0.4179,0.418,0.4176,0.4177,35348.0
2022-05-22 21:01:00,1653253260.0,0.4177,0.4179,0.4176,0.4177,215743.0
2022-05-22 21:02:00,1653253320.0,0.4178,0.4181,0.4178,0.4181,34139.0
2022-05-22 21:03:00,1653253380.0,0.4181,0.4182,0.418,0.4182,10659.0
2022-05-22 21:04:00,1653253440.0,0.4183,0.4183,0.4182,0.4182,18626.0
2022-05-22 21:05:00,1653253500.0,0.4182,0.4182,0.4179,0.4179,31025.0
2022-05-22 21:06:00,1653253560.0,0.4179,0.4185,0.4178,0.4185,124078.0
2022-05-22 21:07:00,1653253620.0,0.4185,0.4187,0.4185,0.4187,44898.0
2022-05-22 21:08:00,1653253680.0,0.4187,0.4187,0.4186,0.4186,12169.0
2022-05-22 21:09:00,1653253740.0,0.4187,0.4192,0.4186,0.4191,52028.0
2022-05-22 21:10:00,1653253800.0,0.4191,0.4192,0.4188,0.4189,17560.0
2022-05-22 21:11:00,1653253860.0,0.419,0.419,0.4187,0.4188,62725.0
2022-05-22 21:12:00,1653253920.0,0.4189,0.419,0.4188,0.4189,9588.0
2022-05-22 21:13:00,1653253980.0,0.4188,0.4189,0.4187,0.4188,31659.0
2022-05-22 21:14:00,1653254040.0,0.4188,0.4188,0.4187,0.4188,23658.0
2022-05-22 21:15:00,1653254100.0,0.4187,0.419,0.4187,0.4189,41318.0
2022-05-22 21:16:00,1653254160.0,0.4189,0.4189,0.4188,0.4188,11497.0
2022-05-22 21:17:00,1653254220.0,0.4188,0.4191,0.4188,0.4191,26388.0
2022-05-22 21:18:00,1653254280.0,0.4191,0.4192,0.4191,0.4191,10277.0
2022-05-22 21:19:00,1653254340.0,0.4191,0.4192,0.4191,0.4192,4742.0
2022-05-22 21:20:00,1653254400.0,0.4192,0.4193,0.4192,0.4192,12422.0
2022-05-22 21:21:00,1653254460.0,0.4192,0.4196,0.4192,0.4195,233366.0
2022-05-22 21:22:00,1653254520.0,0.4195,0.4196,0.4195,0.4195,18593.0
2022-05-22 21:23:00,1653254580.0,0.4195,0.4196,0.4194,0.4195,31070.0
2022-05-22 21:24:00,1653254640.0,0.4196,0.4199,0.4196,0.4197,220526.0
2022-05-22 21:25:00,1653254700.0,0.4197,0.4197,0.4195,0.4195,47203.0
2022-05-22 21:26:00,1653254760.0,0.4195,0.4195,0.4193,0.4193,30460.0
2022-05-22 21:27:00,1653254820.0,0.4193,0.4194,0.4193,0.4193,11160.0
2022-05-22 21:28:00,1653254880.0,0.4194,0.4194,0.4191,0.4193,102162.0
2022-05-22 21:29:00,1653254940.0,0.4193,0.4193,0.4192,0.4193,6266.0
2022-05-22 21:30:00,1653255000.0,0.4193,0.4193,0.4192,0.4192,1511.0
2022-05-22 21:31:00,1653255060.0,0.4192,0.4193,0.4192,0.4192,13311.0
2022-05-22 21:32:00,1653255120.0,0.4193,0.4193,0.4192,0.4193,4089.0
2022-05-22 21:33:00,1653255180.0,0.4193,0.4193,0.4192,0.4192,3566.0
2022-05-22 21:34:00,1653255240.0,0.4192,0.4197,0.4192,0.4196,41326.0
2022-05-22 21:35:00,1653255300.0,0.4197,0.4197,0.4194,0.4194,25631.0
2022-05-22 21:36:00,1653255360.0,0.4195,0.4199,0.4194,0.4197,31217.0
2022-05-22 21:37:00,1653255420.0,0.4197,0.4197,0.4195,0.4196,13683.0
2022-05-22 21:38:00,1653255480.0,0.4197,0.4198,0.4197,0.4198,15157.0
2022-05-22 21:39:00,1653255540.0,0.4198,0.4198,0.419,0.419,116481.0
2022-05-22 21:40:00,1653255600.0,0.419,0.419,0.4186,0.4186,28730.0
2022-05-22 21:41:00,1653255660.0,0.4185,0.4186,0.4183,0.4186,26508.0
2022-05-22 21:42:00,1653255720.0,0.4186,0.4188,0.4186,0.4188,12868.0
2022-05-22 21:43:00,1653255780.0,0.4187,0.4189,0.4187,0.4189,13778.0
2022-05-22 21:44:00,1653255840.0,0.4189,0.4193,0.4188,0.4193,31289.0
2022-05-22 21:45:00,1653255900.0,0.4192,0.4193,0.4191,0.4192,12799.0
2022-05-22 21:46:00,1653255960.0,0.4191,0.4193,0.4191,0.4192,13709.0
2022-05-22 21:47:00,1653256020.0,0.4192,0.4193,0.4191,0.4191,37699.0
2022-05-22 21:48:00,1653256080.0,0.419,0.4191,0.4186,0.4186,118192.0
2022-05-22 21:49:00,1653256140.0,0.4186,0.4188,0.4185,0.4188,11728.0
2022-05-22 21:50:00,1653256200.0,0.4188,0.4189,0.4187,0.4189,12421.0
2022-05-22 21:51:00,1653256260.0,0.4189,0.4189,0.4187,0.4188,68208.0
2022-05-22 21:52:00,1653256320.0,0.4189,0.4189,0.4187,0.4188,13841.0
2022-05-22 21:53:00,1653256380.0,0.4188,0.4188,0.4187,0.4187,5941.0
2022-05-22 21:54:00,1653256440.0,0.4188,0.419,0.4188,0.419,149035.0
2022-05-22 21:55:00,1653256500.0,0.419,0.4192,0.4186,0.4187,28759.0
2022-05-22 21:56:00,1653256560.0,0.4187,0.4187,0.4184,0.4186,137156.0
2022-05-22 21:57:00,1653256620.0,0.4186,0.4187,0.4184,0.4185,150449.0
2022-05-22 21:58:00,1653256680.0,0.4186,0.4188,0.4183,0.4185,87017.0
2022-05-22 21:59:00,1653256740.0,0.4185,0.4187,0.4184,0.4185,154279.0
2022-05-22 22:00:00,1653256800.0,0.4185,0.4211,0.4184,0.4207,557711.0
2022-05-22 22:01:00,1653256860.0,0.4206,0.4213,0.4205,0.4213,196037.0
2022-05-22 22:02:00,1653256920.0,0.4213,0.4219,0.4213,0.4219,265393.0
2022-05-22 22:03:00,1653256980.0,0.4218,0.4229,0.4218,0.4226,499671.0
2022-05-22 22:04:00,1653257040.0,0.4226,0.4234,0.4223,0.4232,209878.0
2022-05-22 22:05:00,1653257100.0,0.4232,0.4236,0.4231,0.4232,219145.0
2022-05-22 22:06:00,1653257160.0,0.4231,0.4233,0.4223,0.4223,200171.0
2022-05-22 22:07:00,1653257220.0,0.4224,0.4224,0.422,0.4221,45128.0
2022-05-22 22:08:00,1653257280.0,0.4221,0.4221,0.4217,0.4218,104930.0
2022-05-22 22:09:00,1653257340.0,0.4219,0.4224,0.4219,0.4224,165995.0
2022-05-22 22:10:00,1653257400.0,0.4224,0.423,0.4222,0.4225,127612.0
2022-05-22 22:11:00,1653257460.0,0.4225,0.4228,0.4225,0.4227,186065.0
2022-05-22 22:12:00,1653257520.0,0.4228,0.4228,0.4222,0.4222,94286.0
2022-05-22 22:13:00,1653257580.0,0.4222,0.4224,0.4221,0.4223,28340.0
2022-05-22 22:14:00,1653257640.0,0.4224,0.4227,0.4223,0.4225,172157.0
2022-05-22 22:15:00,1653257700.0,0.4226,0.423,0.4226,0.4227,108028.0
2022-05-22 22:16:00,1653257760.0,0.4227,0.4227,0.4221,0.4221,89449.0
2022-05-22 22:17:00,1653257820.0,0.4221,0.4221,0.4213,0.4218,211500.0
2022-05-22 22:18:00,1653257880.0,0.4217,0.4224,0.4216,0.4224,65696.0
2022-05-22 22:19:00,1653257940.0,0.4224,0.4232,0.4224,0.4229,118378.0
2022-05-22 22:20:00,1653258000.0,0.423,0.4232,0.423,0.423,155662.0
2022-05-22 22:21:00,1653258060.0,0.423,0.4239,0.4229,0.4238,635982.0
2022-05-22 22:22:00,1653258120.0,0.4238,0.4255,0.4238,0.4246,1159936.0
2022-05-22 22:23:00,1653258180.0,0.4246,0.4247,0.424,0.4241,266736.0
2022-05-22 22:24:00,1653258240.0,0.424,0.4243,0.4235,0.4237,180375.0
2022-05-22 22:25:00,1653258300.0,0.4237,0.4239,0.4232,0.4235,105505.0
2022-05-22 22:26:00,1653258360.0,0.4236,0.4236,0.4233,0.4234,51712.0
2022-05-22 22:27:00,1653258420.0,0.4233,0.4233,0.423,0.423,50930.0
2022-05-22 22:28:00,1653258480.0,0.4229,0.4236,0.4229,0.4234,121461.0
2022-05-22 22:29:00,1653258540.0,0.4234,0.4234,0.4232,0.4232,26431.0
2022-05-22 22:30:00,1653258600.0,0.4232,0.4238,0.4232,0.4236,106753.0
2022-05-22 22:31:00,1653258660.0,0.4236,0.4238,0.4233,0.4236,78799.0
2022-05-22 22:32:00,1653258720.0,0.4236,0.4237,0.4233,0.4236,72640.0
2022-05-22 22:33:00,1653258780.0,0.4236,0.4237,0.4234,0.4237,66070.0
2022-05-22 22:34:00,1653258840.0,0.4236,0.4236,0.4231,0.4233,250957.0
2022-05-22 22:35:00,1653258900.0,0.4233,0.4234,0.423,0.4231,85038.0
2022-05-22 22:36:00,1653258960.0,0.423,0.4234,0.423,0.4234,20910.0
2022-05-22 22:37:00,1653259020.0,0.4233,0.4233,0.4226,0.4226,45930.0
2022-05-22 22:38:00,1653259080.0,0.4226,0.4228,0.422,0.4228,65244.0
2022-05-22 22:39:00,1653259140.0,0.4228,0.4232,0.4224,0.4224,179946.0
2022-05-22 22:40:00,1653259200.0,0.4225,0.4226,0.4224,0.4224,20864.0
2022-05-22 22:41:00,1653259260.0,0.4225,0.4225,0.4223,0.4223,26987.0
2022-05-22 22:42:00,1653259320.0,0.4224,0.4228,0.4223,0.4223,83733.0
2022-05-22 22:43:00,1653259380.0,0.4224,0.4228,0.4224,0.4227,34219.0
2022-05-22 22:44:00,1653259440.0,0.4227,0.4228,0.422,0.4221,304151.0
2022-05-22 22:45:00,1653259500.0,0.4222,0.4222,0.422,0.4222,129638.0
2022-05-22 22:46:00,1653259560.0,0.4222,0.4223,0.4216,0.4219,128221.0
2022-05-22 22:47:00,1653259620.0,0.422,0.4224,0.422,0.4222,120846.0
2022-05-22 22:48:00,1653259680.0,0.4222,0.4226,0.4222,0.4225,55526.0
2022-05-22 22:49:00,1653259740.0,0.4225,0.4226,0.4223,0.4224,33800.0
2022-05-22 22:50:00,1653259800.0,0.4224,0.4227,0.4223,0.4225,25208.0
2022-05-22 22:51:00,1653259860.0,0.4225,0.4227,0.4224,0.4226,20217.0
2022-05-22 22:52:00,1653259920.0,0.4226,0.4226,0.4223,0.4224,20249.0
2022-05-22 22:53:00,1653259980.0,0.4223,0.4223,0.4219,0.4223,80408.0
2022-05-22 22:54:00,1653260040.0,0.4224,0.4228,0.422,0.4222,101392.0
2022-05-22 22:55:00,1653260100.0,0.4221,0.4221,0.4216,0.4218,151255.0
2022-05-22 22:56:00,1653260160.0,0.4218,0.4218,0.4215,0.4216,109329.0
2022-05-22 22:57:00,1653260220.0,0.4216,0.4217,0.4212,0.4212,92068.0
2022-05-22 22:58:00,1653260280.0,0.4213,0.422,0.4213,0.4216,135048.0
2022-05-22 22:59:00,1653260340.0,0.4215,0.422,0.4215,0.4216,63871.0
2022-05-22 23:00:00,1653260400.0,0.4217,0.4225,0.4217,0.422,96049.0
2022-05-22 23:01:00,1653260460.0,0.4221,0.4225,0.4221,0.4225,58747.0
2022-05-22 23:02:00,1653260520.0,0.4226,0.4228,0.4225,0.4228,54321.0
2022-05-22 23:03:00,1653260580.0,0.4228,0.4228,0.4222,0.4226,35500.0
2022-05-22 23:04:00,1653260640.0,0.4227,0.4231,0.4226,0.4231,87283.0
2022-05-22 23:05:00,1653260700.0,0.4231,0.4231,0.4226,0.4226,107647.0
2022-05-22 23:06:00,1653260760.0,0.4227,0.423,0.4226,0.423,181055.0
2022-05-22 23:07:00,1653260820.0,0.4231,0.4237,0.4231,0.4236,67057.0
2022-05-22 23:08:00,1653260880.0,0.4236,0.4237,0.4231,0.4237,144871.0
2022-05-22 23:09:00,1653260940.0,0.4237,0.4241,0.4237,0.4239,152670.0
2022-05-22 23:10:00,1653261000.0,0.4239,0.4241,0.4238,0.424,61464.0
2022-05-22 23:11:00,1653261060.0,0.4241,0.4242,0.4238,0.4239,357363.0
2022-05-22 23:12:00,1653261120.0,0.4238,0.4241,0.4238,0.4241,13871.0
2022-05-22 23:13:00,1653261180.0,0.4241,0.4241,0.4235,0.4241,122672.0
2022-05-22 23:14:00,1653261240.0,0.4241,0.4244,0.424,0.4243,48751.0
2022-05-22 23:15:00,1653261300.0,0.4244,0.4244,0.4239,0.424,96679.0
2022-05-22 23:16:00,1653261360.0,0.424,0.424,0.4234,0.4235,16609.0
2022-05-22 23:17:00,1653261420.0,0.4238,0.4238,0.4232,0.4234,83230.0
2022-05-22 23:18:00,1653261480.0,0.4235,0.4238,0.4235,0.4237,47290.0
2022-05-22 23:19:00,1653261540.0,0.4237,0.4242,0.4237,0.4239,47392.0
2022-05-22 23:20:00,1653261600.0,0.4239,0.4241,0.4238,0.4241,20196.0
2022-05-22 23:21:00,1653261660.0,0.4241,0.4241,0.4236,0.4236,59060.0
2022-05-22 23:22:00,1653261720.0,0.4236,0.4237,0.4234,0.4237,76762.0
2022-05-22 23:23:00,1653261780.0,0.4237,0.4239,0.4235,0.4239,76117.0
2022-05-22 23:24:00,1653261840.0,0.4239,0.4239,0.4235,0.4236,41312.0
2022-05-22 23:25:00,1653261900.0,0.4236,0.4239,0.4234,0.4239,19856.0
2022-05-22 23:26:00,1653261960.0,0.424,0.4251,0.4239,0.4249,196978.0
2022-05-22 23:27:00,1653262020.0,0.425,0.425,0.4242,0.4242,82030.0
2022-05-22 23:28:00,1653262080.0,0.4242,0.4242,0.4236,0.4236,95954.0
2022-05-22 23:29:00,1653262140.0,0.4235,0.4236,0.4233,0.4236,61240.0
2022-05-22 23:30:00,1653262200.0,0.4236,0.4237,0.4234,0.4235,165389.0
2022-05-22 23:31:00,1653262260.0,0.4235,0.4235,0.4229,0.4231,41103.0
2022-05-22 23:32:00,1653262320.0,0.423,0.4231,0.4225,0.4226,187486.0
2022-05-22 23:33:00,1653262380.0,0.4226,0.423,0.4226,0.4229,50636.0
2022-05-22 23:34:00,1653262440.0,0.4229,0.4229,0.4225,0.4226,45434.0
2022-05-22 23:35:00,1653262500.0,0.4226,0.423,0.4226,0.4227,78040.0
2022-05-22 23:36:00,1653262560.0,0.4227,0.4227,0.4225,0.4225,22158.0
2022-05-22 23:37:00,1653262620.0,0.4226,0.4232,0.4226,0.4229,134711.0
2022-05-22 23:38:00,1653262680.0,0.423,0.4231,0.423,0.4231,15709.0
2022-05-22 23:39:00,1653262740.0,0.4231,0.4231,0.4229,0.423,104020.0
2022-05-22 23:40:00,1653262800.0,0.4229,0.423,0.4228,0.4229,46069.0
2022-05-22 23:41:00,1653262860.0,0.4229,0.423,0.4226,0.4226,84409.0
2022-05-22 23:42:00,1653262920.0,0.4227,0.4234,0.4227,0.4232,230806.0
2022-05-22 23:43:00,1653262980.0,0.4232,0.4232,0.4227,0.4229,68500.0
2022-05-22 23:44:00,1653263040.0,0.4229,0.4229,0.4225,0.4228,193156.0
2022-05-22 23:45:00,1653263100.0,0.4228,0.4231,0.4226,0.4231,202080.0
2022-05-22 23:46:00,1653263160.0,0.4231,0.4231,0.4226,0.4227,167102.0
2022-05-22 23:47:00,1653263220.0,0.4226,0.4229,0.4226,0.4229,24653.0
2022-05-22 23:48:00,1653263280.0,0.4229,0.423,0.4229,0.4229,33405.0
2022-05-22 23:49:00,1653263340.0,0.4228,0.4228,0.4225,0.4226,54405.0
2022-05-22 23:50:00,1653263400.0,0.4226,0.4227,0.4222,0.4223,244804.0
2022-05-22 23:51:00,1653263460.0,0.4222,0.4226,0.4221,0.4224,25689.0
2022-05-22 23:52:00,1653263520.0,0.4224,0.4224,0.4222,0.4224,54606.0
2022-05-22 23:53:00,1653263580.0,0.4223,0.4225,0.4223,0.4224,61028.0
2022-05-22 23:54:00,1653263640.0,0.4225,0.4226,0.4223,0.4223,111972.0
2022-05-22 23:55:00,1653263700.0,0.4222,0.4225,0.4221,0.4225,346807.0
2022-05-22 23:56:00,1653263760.0,0.4224,0.4225,0.4222,0.4222,24900.0
2022-05-22 23:57:00,1653263820.0,0.4223,0.4225,0.4223,0.4224,51730.0
2022-05-22 23:58:00,1653263880.0,0.4224,0.4224,0.4215,0.4215,289490.0
2022-05-22 23:59:00,1653263940.0,0.4215,0.422,0.4215,0.4218,325160.0
