Universal Time,Unix Time,Open,High,Low,Close,Volume
2023-11-23 00:00:00,1700697600.0,0.6109,0.6116,0.6108,0.6113,241102.0
2023-11-23 00:01:00,1700697660.0,0.6112,0.6113,0.6106,0.6106,209812.0
2023-11-23 00:02:00,1700697720.0,0.6105,0.6115,0.6105,0.6115,117113.0
2023-11-23 00:03:00,1700697780.0,0.6114,0.6115,0.6109,0.6112,157486.0
2023-11-23 00:04:00,1700697840.0,0.6112,0.6113,0.6109,0.6109,218657.0
2023-11-23 00:05:00,1700697900.0,0.6109,0.6111,0.6101,0.6101,173473.0
2023-11-23 00:06:00,1700697960.0,0.6101,0.6109,0.61,0.6105,102712.0
2023-11-23 00:07:00,1700698020.0,0.6106,0.6109,0.6106,0.6106,90053.0
2023-11-23 00:08:00,1700698080.0,0.6107,0.6111,0.6102,0.6103,106995.0
2023-11-23 00:09:00,1700698140.0,0.6102,0.6107,0.6102,0.6107,74348.0
2023-11-23 00:10:00,1700698200.0,0.6106,0.6109,0.6105,0.6107,120976.0
2023-11-23 00:11:00,1700698260.0,0.6107,0.6109,0.6103,0.6107,132528.0
2023-11-23 00:12:00,1700698320.0,0.6108,0.6116,0.6107,0.6116,264893.0
2023-11-23 00:13:00,1700698380.0,0.6117,0.6117,0.6108,0.6108,215657.0
2023-11-23 00:14:00,1700698440.0,0.6107,0.611,0.6106,0.6108,222581.0
2023-11-23 00:15:00,1700698500.0,0.6108,0.6109,0.6104,0.6104,157405.0
2023-11-23 00:16:00,1700698560.0,0.6104,0.6105,0.6095,0.6095,259303.0
2023-11-23 00:17:00,1700698620.0,0.6095,0.6102,0.6094,0.6101,115654.0
2023-11-23 00:18:00,1700698680.0,0.6102,0.6103,0.6098,0.6099,113581.0
2023-11-23 00:19:00,1700698740.0,0.6099,0.6102,0.6098,0.61,134997.0
2023-11-23 00:20:00,1700698800.0,0.61,0.6104,0.6099,0.6103,103963.0
2023-11-23 00:21:00,1700698860.0,0.6102,0.6109,0.6102,0.6109,138017.0
2023-11-23 00:22:00,1700698920.0,0.6108,0.6109,0.6101,0.6103,90854.0
2023-11-23 00:23:00,1700698980.0,0.6102,0.6107,0.6102,0.6102,160568.0
2023-11-23 00:24:00,1700699040.0,0.6102,0.6109,0.61,0.6108,161608.0
2023-11-23 00:25:00,1700699100.0,0.6109,0.611,0.6103,0.6104,147955.0
2023-11-23 00:26:00,1700699160.0,0.6104,0.6107,0.6104,0.6106,98166.0
2023-11-23 00:27:00,1700699220.0,0.6105,0.6112,0.6105,0.6111,115774.0
2023-11-23 00:28:00,1700699280.0,0.6111,0.6114,0.6109,0.6111,151187.0
2023-11-23 00:29:00,1700699340.0,0.6111,0.6114,0.6111,0.6113,246227.0
2023-11-23 00:30:00,1700699400.0,0.6113,0.6114,0.6112,0.6112,51544.0
2023-11-23 00:31:00,1700699460.0,0.6112,0.6115,0.6111,0.6115,73638.0
2023-11-23 00:32:00,1700699520.0,0.6115,0.6119,0.6115,0.6116,40717.0
2023-11-23 00:33:00,1700699580.0,0.6116,0.6118,0.6114,0.6118,53621.0
2023-11-23 00:34:00,1700699640.0,0.6118,0.6119,0.6113,0.6113,127195.0
2023-11-23 00:35:00,1700699700.0,0.6113,0.6117,0.6105,0.6105,189489.0
2023-11-23 00:36:00,1700699760.0,0.6106,0.6115,0.6102,0.6115,136179.0
2023-11-23 00:37:00,1700699820.0,0.6114,0.6115,0.6108,0.6108,102811.0
2023-11-23 00:38:00,1700699880.0,0.6108,0.6109,0.6103,0.6103,160650.0
2023-11-23 00:39:00,1700699940.0,0.6103,0.6107,0.6103,0.6105,174720.0
2023-11-23 00:40:00,1700700000.0,0.6105,0.6105,0.61,0.61,204678.0
2023-11-23 00:41:00,1700700060.0,0.6099,0.6104,0.6099,0.6102,56261.0
2023-11-23 00:42:00,1700700120.0,0.6102,0.6103,0.6101,0.6102,30772.0
2023-11-23 00:43:00,1700700180.0,0.6102,0.6103,0.61,0.6101,240409.0
2023-11-23 00:44:00,1700700240.0,0.61,0.6102,0.6098,0.6098,136709.0
2023-11-23 00:45:00,1700700300.0,0.6098,0.6099,0.6092,0.6093,376636.0
2023-11-23 00:46:00,1700700360.0,0.6093,0.6099,0.6093,0.6099,82547.0
2023-11-23 00:47:00,1700700420.0,0.6099,0.61,0.6095,0.6095,121918.0
2023-11-23 00:48:00,1700700480.0,0.6096,0.61,0.6095,0.6098,164090.0
2023-11-23 00:49:00,1700700540.0,0.6099,0.6099,0.6093,0.6093,45350.0
2023-11-23 00:50:00,1700700600.0,0.6094,0.61,0.6094,0.6097,95592.0
2023-11-23 00:51:00,1700700660.0,0.6096,0.6097,0.6088,0.6089,242115.0
2023-11-23 00:52:00,1700700720.0,0.6089,0.6095,0.6084,0.6095,379976.0
2023-11-23 00:53:00,1700700780.0,0.6095,0.6096,0.6091,0.6091,200123.0
2023-11-23 00:54:00,1700700840.0,0.6091,0.6093,0.609,0.609,147445.0
2023-11-23 00:55:00,1700700900.0,0.6091,0.6091,0.609,0.609,122412.0
2023-11-23 00:56:00,1700700960.0,0.609,0.6097,0.609,0.6097,383184.0
2023-11-23 00:57:00,1700701020.0,0.6096,0.6097,0.6093,0.6095,223681.0
2023-11-23 00:58:00,1700701080.0,0.6095,0.6096,0.6092,0.6092,180978.0
2023-11-23 00:59:00,1700701140.0,0.6092,0.6092,0.6087,0.6089,295299.0
2023-11-23 01:00:00,1700701200.0,0.609,0.609,0.6087,0.6087,158322.0
2023-11-23 01:01:00,1700701260.0,0.6087,0.6093,0.6087,0.6093,411515.0
2023-11-23 01:02:00,1700701320.0,0.6093,0.6101,0.6093,0.6101,238314.0
2023-11-23 01:03:00,1700701380.0,0.61,0.6101,0.6097,0.6098,164638.0
2023-11-23 01:04:00,1700701440.0,0.6098,0.6101,0.6096,0.6096,413878.0
2023-11-23 01:05:00,1700701500.0,0.6097,0.61,0.6096,0.6099,209048.0
2023-11-23 01:06:00,1700701560.0,0.61,0.61,0.6096,0.6096,207818.0
2023-11-23 01:07:00,1700701620.0,0.6097,0.6097,0.6089,0.6097,391815.0
2023-11-23 01:08:00,1700701680.0,0.6096,0.61,0.6096,0.6098,222763.0
2023-11-23 01:09:00,1700701740.0,0.6098,0.6098,0.6094,0.6095,70112.0
2023-11-23 01:10:00,1700701800.0,0.6095,0.61,0.6094,0.6099,318723.0
2023-11-23 01:11:00,1700701860.0,0.6099,0.6099,0.6093,0.6094,270860.0
2023-11-23 01:12:00,1700701920.0,0.6095,0.6101,0.6095,0.6101,187728.0
2023-11-23 01:13:00,1700701980.0,0.6101,0.6102,0.61,0.6101,305293.0
2023-11-23 01:14:00,1700702040.0,0.6102,0.6103,0.6101,0.6101,184890.0
2023-11-23 01:15:00,1700702100.0,0.6101,0.611,0.6101,0.6109,134916.0
2023-11-23 01:16:00,1700702160.0,0.6108,0.611,0.6106,0.6109,375153.0
2023-11-23 01:17:00,1700702220.0,0.6109,0.6115,0.6109,0.6115,179188.0
2023-11-23 01:18:00,1700702280.0,0.6114,0.6115,0.6109,0.611,202065.0
2023-11-23 01:19:00,1700702340.0,0.6109,0.6114,0.6106,0.6109,523258.0
2023-11-23 01:20:00,1700702400.0,0.6109,0.6113,0.6105,0.6113,145259.0
2023-11-23 01:21:00,1700702460.0,0.6113,0.6119,0.6112,0.6118,114518.0
2023-11-23 01:22:00,1700702520.0,0.6119,0.6125,0.6118,0.6123,378537.0
2023-11-23 01:23:00,1700702580.0,0.6122,0.6123,0.6117,0.6122,174898.0
2023-11-23 01:24:00,1700702640.0,0.6122,0.6124,0.612,0.6121,126506.0
2023-11-23 01:25:00,1700702700.0,0.6121,0.6127,0.612,0.6126,457313.0
2023-11-23 01:26:00,1700702760.0,0.6127,0.6129,0.6126,0.6129,134324.0
2023-11-23 01:27:00,1700702820.0,0.6129,0.6131,0.6128,0.613,71232.0
2023-11-23 01:28:00,1700702880.0,0.6129,0.6139,0.6129,0.6138,275930.0
2023-11-23 01:29:00,1700702940.0,0.6139,0.6144,0.6138,0.6142,283831.0
2023-11-23 01:30:00,1700703000.0,0.6142,0.6147,0.6142,0.6142,306288.0
2023-11-23 01:31:00,1700703060.0,0.6141,0.6145,0.6138,0.6142,225135.0
2023-11-23 01:32:00,1700703120.0,0.6142,0.6147,0.6141,0.6144,117883.0
2023-11-23 01:33:00,1700703180.0,0.6144,0.6144,0.6132,0.6136,210332.0
2023-11-23 01:34:00,1700703240.0,0.6137,0.6139,0.6134,0.6137,183491.0
2023-11-23 01:35:00,1700703300.0,0.6136,0.6139,0.6134,0.6138,162374.0
2023-11-23 01:36:00,1700703360.0,0.6138,0.6139,0.6134,0.6135,109624.0
2023-11-23 01:37:00,1700703420.0,0.6136,0.6138,0.6132,0.6133,75809.0
2023-11-23 01:38:00,1700703480.0,0.6133,0.6133,0.613,0.6131,119922.0
2023-11-23 01:39:00,1700703540.0,0.6131,0.6132,0.613,0.6131,25816.0
2023-11-23 01:40:00,1700703600.0,0.613,0.6132,0.6128,0.6128,208404.0
2023-11-23 01:41:00,1700703660.0,0.6128,0.6131,0.6125,0.6131,112245.0
2023-11-23 01:42:00,1700703720.0,0.6131,0.6133,0.6129,0.613,293700.0
2023-11-23 01:43:00,1700703780.0,0.613,0.6136,0.6128,0.6135,116499.0
2023-11-23 01:44:00,1700703840.0,0.6136,0.614,0.6136,0.6139,159978.0
2023-11-23 01:45:00,1700703900.0,0.6139,0.614,0.6134,0.6134,89627.0
2023-11-23 01:46:00,1700703960.0,0.6134,0.614,0.6134,0.6138,37188.0
2023-11-23 01:47:00,1700704020.0,0.6137,0.6139,0.6133,0.6133,23777.0
2023-11-23 01:48:00,1700704080.0,0.6133,0.6134,0.6129,0.613,180965.0
2023-11-23 01:49:00,1700704140.0,0.6129,0.6131,0.6128,0.6131,49813.0
2023-11-23 01:50:00,1700704200.0,0.6131,0.6133,0.613,0.6131,58227.0
2023-11-23 01:51:00,1700704260.0,0.6131,0.6133,0.6131,0.6132,147291.0
2023-11-23 01:52:00,1700704320.0,0.6131,0.6134,0.6131,0.6133,44118.0
2023-11-23 01:53:00,1700704380.0,0.6134,0.6134,0.6133,0.6134,64441.0
2023-11-23 01:54:00,1700704440.0,0.6134,0.6137,0.6134,0.6135,113259.0
2023-11-23 01:55:00,1700704500.0,0.6135,0.6137,0.6133,0.6136,13765.0
2023-11-23 01:56:00,1700704560.0,0.6136,0.6136,0.6131,0.6134,132765.0
2023-11-23 01:57:00,1700704620.0,0.6135,0.614,0.6135,0.6139,119600.0
2023-11-23 01:58:00,1700704680.0,0.614,0.614,0.6136,0.6137,104898.0
2023-11-23 01:59:00,1700704740.0,0.6137,0.6138,0.6137,0.6137,28801.0
2023-11-23 02:00:00,1700704800.0,0.6137,0.6139,0.6135,0.6136,162708.0
2023-11-23 02:01:00,1700704860.0,0.6136,0.614,0.6136,0.6137,148172.0
2023-11-23 02:02:00,1700704920.0,0.6138,0.6139,0.6137,0.6137,312770.0
2023-11-23 02:03:00,1700704980.0,0.6137,0.6138,0.6134,0.6137,154679.0
2023-11-23 02:04:00,1700705040.0,0.6138,0.6138,0.6135,0.6136,84300.0
2023-11-23 02:05:00,1700705100.0,0.6136,0.6138,0.6135,0.6136,60746.0
2023-11-23 02:06:00,1700705160.0,0.6136,0.6136,0.6135,0.6135,47331.0
2023-11-23 02:07:00,1700705220.0,0.6135,0.6136,0.613,0.6133,663976.0
2023-11-23 02:08:00,1700705280.0,0.6134,0.6135,0.6133,0.6134,24725.0
2023-11-23 02:09:00,1700705340.0,0.6134,0.6135,0.613,0.6133,106314.0
2023-11-23 02:10:00,1700705400.0,0.6133,0.6133,0.6126,0.6126,70884.0
2023-11-23 02:11:00,1700705460.0,0.6126,0.6127,0.6122,0.6122,70326.0
2023-11-23 02:12:00,1700705520.0,0.6122,0.6123,0.6121,0.6121,76040.0
2023-11-23 02:13:00,1700705580.0,0.6121,0.6122,0.6114,0.6115,226002.0
2023-11-23 02:14:00,1700705640.0,0.6115,0.6119,0.6114,0.6117,292219.0
2023-11-23 02:15:00,1700705700.0,0.6117,0.6118,0.6113,0.6116,101556.0
2023-11-23 02:16:00,1700705760.0,0.6116,0.6122,0.6115,0.6119,254198.0
2023-11-23 02:17:00,1700705820.0,0.6119,0.6127,0.6119,0.6125,78443.0
2023-11-23 02:18:00,1700705880.0,0.6124,0.6126,0.6124,0.6125,108662.0
2023-11-23 02:19:00,1700705940.0,0.6126,0.6126,0.6121,0.6125,117416.0
2023-11-23 02:20:00,1700706000.0,0.6125,0.6126,0.6123,0.6123,67645.0
2023-11-23 02:21:00,1700706060.0,0.6122,0.6128,0.6122,0.6128,51219.0
2023-11-23 02:22:00,1700706120.0,0.6128,0.613,0.6127,0.6129,37930.0
2023-11-23 02:23:00,1700706180.0,0.613,0.613,0.6122,0.6122,163348.0
2023-11-23 02:24:00,1700706240.0,0.6122,0.6126,0.6121,0.6125,95656.0
2023-11-23 02:25:00,1700706300.0,0.6124,0.6124,0.6119,0.6119,36430.0
2023-11-23 02:26:00,1700706360.0,0.6119,0.6122,0.6116,0.612,137422.0
2023-11-23 02:27:00,1700706420.0,0.612,0.612,0.6116,0.6118,314622.0
2023-11-23 02:28:00,1700706480.0,0.6118,0.6119,0.6114,0.6114,133369.0
2023-11-23 02:29:00,1700706540.0,0.6115,0.6118,0.6114,0.6117,95503.0
2023-11-23 02:30:00,1700706600.0,0.6117,0.6123,0.6117,0.6123,322849.0
2023-11-23 02:31:00,1700706660.0,0.6122,0.6125,0.6122,0.6125,48383.0
2023-11-23 02:32:00,1700706720.0,0.6125,0.6126,0.6122,0.6124,99931.0
2023-11-23 02:33:00,1700706780.0,0.6125,0.6125,0.6122,0.6123,61924.0
2023-11-23 02:34:00,1700706840.0,0.6122,0.6124,0.612,0.6123,66171.0
2023-11-23 02:35:00,1700706900.0,0.6123,0.6128,0.6123,0.6126,98872.0
2023-11-23 02:36:00,1700706960.0,0.6125,0.6125,0.6122,0.6122,57601.0
2023-11-23 02:37:00,1700707020.0,0.6122,0.6125,0.6122,0.6124,17970.0
2023-11-23 02:38:00,1700707080.0,0.6125,0.6127,0.6124,0.6124,169629.0
2023-11-23 02:39:00,1700707140.0,0.6124,0.6125,0.6122,0.6125,29150.0
2023-11-23 02:40:00,1700707200.0,0.6124,0.6126,0.6123,0.6126,45051.0
2023-11-23 02:41:00,1700707260.0,0.6126,0.6127,0.6126,0.6127,65949.0
2023-11-23 02:42:00,1700707320.0,0.6126,0.6127,0.6126,0.6126,37378.0
2023-11-23 02:43:00,1700707380.0,0.6127,0.6129,0.6126,0.6127,140191.0
2023-11-23 02:44:00,1700707440.0,0.6126,0.6128,0.6126,0.6128,42469.0
2023-11-23 02:45:00,1700707500.0,0.6128,0.613,0.6127,0.6127,175527.0
2023-11-23 02:46:00,1700707560.0,0.6127,0.6128,0.6122,0.6123,145914.0
2023-11-23 02:47:00,1700707620.0,0.6123,0.6123,0.6119,0.6122,231547.0
2023-11-23 02:48:00,1700707680.0,0.6122,0.6125,0.6122,0.6124,57609.0
2023-11-23 02:49:00,1700707740.0,0.6125,0.6127,0.6125,0.6126,98418.0
2023-11-23 02:50:00,1700707800.0,0.6127,0.6127,0.6124,0.6125,87169.0
2023-11-23 02:51:00,1700707860.0,0.6125,0.6127,0.6124,0.6127,36991.0
2023-11-23 02:52:00,1700707920.0,0.6126,0.6129,0.6126,0.6128,32798.0
2023-11-23 02:53:00,1700707980.0,0.6129,0.6131,0.6128,0.6129,190072.0
2023-11-23 02:54:00,1700708040.0,0.613,0.613,0.6126,0.6129,292501.0
2023-11-23 02:55:00,1700708100.0,0.6129,0.6132,0.6129,0.6131,76461.0
2023-11-23 02:56:00,1700708160.0,0.6131,0.6132,0.6131,0.6132,121100.0
2023-11-23 02:57:00,1700708220.0,0.6131,0.6133,0.6131,0.6133,29380.0
2023-11-23 02:58:00,1700708280.0,0.6132,0.6133,0.6125,0.6125,206338.0
2023-11-23 02:59:00,1700708340.0,0.6125,0.6126,0.6122,0.6122,113766.0
2023-11-23 03:00:00,1700708400.0,0.6122,0.6125,0.6121,0.6125,202354.0
2023-11-23 03:01:00,1700708460.0,0.6125,0.6128,0.6123,0.6123,232516.0
2023-11-23 03:02:00,1700708520.0,0.6124,0.6128,0.6123,0.6125,264664.0
2023-11-23 03:03:00,1700708580.0,0.6125,0.6126,0.6122,0.6122,71889.0
2023-11-23 03:04:00,1700708640.0,0.6122,0.6125,0.6122,0.6122,101962.0
2023-11-23 03:05:00,1700708700.0,0.6122,0.6123,0.6119,0.612,120534.0
2023-11-23 03:06:00,1700708760.0,0.612,0.612,0.6116,0.6116,94301.0
2023-11-23 03:07:00,1700708820.0,0.6116,0.6117,0.6109,0.611,139217.0
2023-11-23 03:08:00,1700708880.0,0.611,0.6112,0.6109,0.6111,78387.0
2023-11-23 03:09:00,1700708940.0,0.611,0.6111,0.611,0.611,45883.0
2023-11-23 03:10:00,1700709000.0,0.611,0.6111,0.6109,0.611,78972.0
2023-11-23 03:11:00,1700709060.0,0.6111,0.6113,0.611,0.6112,52486.0
2023-11-23 03:12:00,1700709120.0,0.6112,0.6112,0.6106,0.6106,171831.0
2023-11-23 03:13:00,1700709180.0,0.6106,0.611,0.6105,0.611,108479.0
2023-11-23 03:14:00,1700709240.0,0.611,0.6111,0.6109,0.611,110792.0
2023-11-23 03:15:00,1700709300.0,0.6109,0.6109,0.6107,0.6108,125070.0
2023-11-23 03:16:00,1700709360.0,0.6108,0.6109,0.6108,0.6109,103866.0
2023-11-23 03:17:00,1700709420.0,0.6109,0.611,0.6108,0.6109,91973.0
2023-11-23 03:18:00,1700709480.0,0.6108,0.6109,0.6105,0.6107,181964.0
2023-11-23 03:19:00,1700709540.0,0.6107,0.6109,0.6107,0.6109,116927.0
2023-11-23 03:20:00,1700709600.0,0.6109,0.6112,0.6108,0.6111,286303.0
2023-11-23 03:21:00,1700709660.0,0.6111,0.6112,0.6106,0.611,188889.0
2023-11-23 03:22:00,1700709720.0,0.6111,0.6111,0.6105,0.6105,212799.0
2023-11-23 03:23:00,1700709780.0,0.6106,0.6107,0.6106,0.6106,116156.0
2023-11-23 03:24:00,1700709840.0,0.6107,0.6107,0.6106,0.6106,91436.0
2023-11-23 03:25:00,1700709900.0,0.6107,0.6108,0.6106,0.6107,181415.0
2023-11-23 03:26:00,1700709960.0,0.6107,0.6111,0.6107,0.611,166234.0
2023-11-23 03:27:00,1700710020.0,0.6111,0.6116,0.6111,0.6116,104715.0
2023-11-23 03:28:00,1700710080.0,0.6116,0.6121,0.6115,0.612,23368.0
2023-11-23 03:29:00,1700710140.0,0.612,0.6123,0.612,0.6121,119623.0
2023-11-23 03:30:00,1700710200.0,0.6121,0.6125,0.6121,0.6124,69733.0
2023-11-23 03:31:00,1700710260.0,0.6123,0.6125,0.6115,0.6119,832856.0
2023-11-23 03:32:00,1700710320.0,0.6119,0.612,0.6114,0.6114,87038.0
2023-11-23 03:33:00,1700710380.0,0.6114,0.6114,0.611,0.6114,140269.0
2023-11-23 03:34:00,1700710440.0,0.6113,0.6116,0.6107,0.6107,812389.0
2023-11-23 03:35:00,1700710500.0,0.6108,0.6113,0.6108,0.6112,1115541.0
2023-11-23 03:36:00,1700710560.0,0.6111,0.6112,0.6109,0.6111,155077.0
2023-11-23 03:37:00,1700710620.0,0.6111,0.6118,0.6111,0.6117,71967.0
2023-11-23 03:38:00,1700710680.0,0.6117,0.6118,0.6114,0.6114,115612.0
2023-11-23 03:39:00,1700710740.0,0.6114,0.6118,0.6114,0.6115,110648.0
2023-11-23 03:40:00,1700710800.0,0.6116,0.6116,0.611,0.6111,626676.0
2023-11-23 03:41:00,1700710860.0,0.6111,0.6112,0.6107,0.6112,197925.0
2023-11-23 03:42:00,1700710920.0,0.6111,0.6112,0.6108,0.6111,190300.0
2023-11-23 03:43:00,1700710980.0,0.6111,0.6117,0.6111,0.6117,98304.0
2023-11-23 03:44:00,1700711040.0,0.6116,0.6116,0.6114,0.6114,100631.0
2023-11-23 03:45:00,1700711100.0,0.6115,0.6115,0.6112,0.6113,385164.0
2023-11-23 03:46:00,1700711160.0,0.6112,0.6113,0.611,0.611,181723.0
2023-11-23 03:47:00,1700711220.0,0.6111,0.6111,0.6109,0.611,156041.0
2023-11-23 03:48:00,1700711280.0,0.6111,0.6111,0.6109,0.611,51412.0
2023-11-23 03:49:00,1700711340.0,0.611,0.6113,0.6109,0.6111,140052.0
2023-11-23 03:50:00,1700711400.0,0.611,0.6112,0.611,0.6112,28258.0
2023-11-23 03:51:00,1700711460.0,0.6111,0.6112,0.6108,0.6108,116958.0
2023-11-23 03:52:00,1700711520.0,0.6108,0.6108,0.6106,0.6107,107614.0
2023-11-23 03:53:00,1700711580.0,0.6107,0.6108,0.6106,0.6107,52826.0
2023-11-23 03:54:00,1700711640.0,0.6108,0.6114,0.6107,0.6113,401929.0
2023-11-23 03:55:00,1700711700.0,0.6112,0.6113,0.611,0.611,216509.0
2023-11-23 03:56:00,1700711760.0,0.611,0.6113,0.611,0.611,9344.0
2023-11-23 03:57:00,1700711820.0,0.611,0.6111,0.611,0.6111,15613.0
2023-11-23 03:58:00,1700711880.0,0.611,0.6111,0.611,0.611,67755.0
2023-11-23 03:59:00,1700711940.0,0.611,0.6111,0.611,0.6111,27011.0
2023-11-23 04:00:00,1700712000.0,0.611,0.6111,0.6108,0.6108,70486.0
2023-11-23 04:01:00,1700712060.0,0.6109,0.6109,0.6101,0.6101,228984.0
2023-11-23 04:02:00,1700712120.0,0.61,0.6105,0.61,0.6104,157238.0
2023-11-23 04:03:00,1700712180.0,0.6104,0.6105,0.6102,0.6102,141802.0
2023-11-23 04:04:00,1700712240.0,0.6103,0.6105,0.6102,0.6102,132477.0
2023-11-23 04:05:00,1700712300.0,0.6103,0.6106,0.6103,0.6104,20576.0
2023-11-23 04:06:00,1700712360.0,0.6103,0.611,0.6103,0.6108,79707.0
2023-11-23 04:07:00,1700712420.0,0.6108,0.6109,0.6106,0.6106,61746.0
2023-11-23 04:08:00,1700712480.0,0.6106,0.6108,0.6104,0.6104,93278.0
2023-11-23 04:09:00,1700712540.0,0.6104,0.6107,0.6104,0.6106,39074.0
2023-11-23 04:10:00,1700712600.0,0.6106,0.6107,0.6061,0.6087,3202581.0
2023-11-23 04:11:00,1700712660.0,0.6087,0.6089,0.6085,0.6087,268693.0
2023-11-23 04:12:00,1700712720.0,0.6087,0.6092,0.6087,0.6091,187540.0
2023-11-23 04:13:00,1700712780.0,0.6092,0.6092,0.6088,0.6089,156130.0
2023-11-23 04:14:00,1700712840.0,0.6089,0.6091,0.6088,0.6089,173076.0
2023-11-23 04:15:00,1700712900.0,0.6089,0.609,0.6085,0.6086,143887.0
2023-11-23 04:16:00,1700712960.0,0.6086,0.6093,0.6085,0.6091,362996.0
2023-11-23 04:17:00,1700713020.0,0.609,0.6091,0.6087,0.6089,137749.0
2023-11-23 04:18:00,1700713080.0,0.6089,0.609,0.6088,0.6089,105502.0
2023-11-23 04:19:00,1700713140.0,0.609,0.6092,0.6089,0.6091,22187.0
2023-11-23 04:20:00,1700713200.0,0.6092,0.6092,0.6086,0.6086,222287.0
2023-11-23 04:21:00,1700713260.0,0.6086,0.6089,0.6086,0.6087,147017.0
2023-11-23 04:22:00,1700713320.0,0.6086,0.6088,0.6086,0.6088,109576.0
2023-11-23 04:23:00,1700713380.0,0.6088,0.6088,0.6087,0.6088,101923.0
2023-11-23 04:24:00,1700713440.0,0.6087,0.6089,0.6087,0.6089,100201.0
2023-11-23 04:25:00,1700713500.0,0.6089,0.6089,0.6086,0.6089,110479.0
2023-11-23 04:26:00,1700713560.0,0.6088,0.6088,0.6085,0.6085,130796.0
2023-11-23 04:27:00,1700713620.0,0.6085,0.6088,0.6085,0.6086,114519.0
2023-11-23 04:28:00,1700713680.0,0.6086,0.6086,0.6083,0.6086,108845.0
2023-11-23 04:29:00,1700713740.0,0.6085,0.6085,0.6084,0.6085,34492.0
2023-11-23 04:30:00,1700713800.0,0.6084,0.6085,0.6084,0.6084,45992.0
2023-11-23 04:31:00,1700713860.0,0.6084,0.6089,0.6084,0.6088,280087.0
2023-11-23 04:32:00,1700713920.0,0.6089,0.6091,0.6088,0.6088,261879.0
2023-11-23 04:33:00,1700713980.0,0.6088,0.6092,0.6088,0.6092,159890.0
2023-11-23 04:34:00,1700714040.0,0.6092,0.6097,0.6092,0.6097,165257.0
2023-11-23 04:35:00,1700714100.0,0.6097,0.6098,0.6097,0.6098,84098.0
2023-11-23 04:36:00,1700714160.0,0.6098,0.6098,0.6091,0.6092,270122.0
2023-11-23 04:37:00,1700714220.0,0.6093,0.6093,0.6092,0.6092,72831.0
2023-11-23 04:38:00,1700714280.0,0.6093,0.6094,0.6092,0.6093,120276.0
2023-11-23 04:39:00,1700714340.0,0.6092,0.6094,0.6092,0.6093,25355.0
2023-11-23 04:40:00,1700714400.0,0.6094,0.6094,0.6089,0.6092,191709.0
2023-11-23 04:41:00,1700714460.0,0.6093,0.6093,0.6089,0.6091,114669.0
2023-11-23 04:42:00,1700714520.0,0.6091,0.6095,0.6091,0.6095,116056.0
2023-11-23 04:43:00,1700714580.0,0.6094,0.6095,0.6094,0.6095,10197.0
2023-11-23 04:44:00,1700714640.0,0.6095,0.6099,0.6094,0.6097,494648.0
2023-11-23 04:45:00,1700714700.0,0.6096,0.61,0.6095,0.61,206276.0
2023-11-23 04:46:00,1700714760.0,0.61,0.6102,0.6099,0.6102,32996.0
2023-11-23 04:47:00,1700714820.0,0.6102,0.6104,0.61,0.6102,76408.0
2023-11-23 04:48:00,1700714880.0,0.6102,0.6103,0.6098,0.6098,118902.0
2023-11-23 04:49:00,1700714940.0,0.6098,0.6102,0.6098,0.6101,59824.0
2023-11-23 04:50:00,1700715000.0,0.6102,0.6102,0.6098,0.6098,181387.0
2023-11-23 04:51:00,1700715060.0,0.6099,0.6099,0.6097,0.6098,20637.0
2023-11-23 04:52:00,1700715120.0,0.6098,0.6101,0.6097,0.61,33652.0
2023-11-23 04:53:00,1700715180.0,0.61,0.6101,0.6098,0.6099,133377.0
2023-11-23 04:54:00,1700715240.0,0.6098,0.6101,0.6098,0.6101,145171.0
2023-11-23 04:55:00,1700715300.0,0.61,0.6102,0.6099,0.6101,370191.0
2023-11-23 04:56:00,1700715360.0,0.6102,0.6103,0.6101,0.6103,66082.0
2023-11-23 04:57:00,1700715420.0,0.6103,0.6105,0.6098,0.6098,96301.0
2023-11-23 04:58:00,1700715480.0,0.6098,0.6099,0.6098,0.6098,13173.0
2023-11-23 04:59:00,1700715540.0,0.6099,0.6099,0.6098,0.6099,80829.0
2023-11-23 05:00:00,1700715600.0,0.61,0.6102,0.6099,0.6102,43700.0
2023-11-23 05:01:00,1700715660.0,0.6101,0.6101,0.6096,0.6097,123867.0
2023-11-23 05:02:00,1700715720.0,0.6097,0.6099,0.6095,0.6096,84411.0
2023-11-23 05:03:00,1700715780.0,0.6095,0.6095,0.6093,0.6094,38955.0
2023-11-23 05:04:00,1700715840.0,0.6095,0.6095,0.6093,0.6093,68792.0
2023-11-23 05:05:00,1700715900.0,0.6094,0.6095,0.6093,0.6095,6566.0
2023-11-23 05:06:00,1700715960.0,0.6094,0.6099,0.6094,0.6098,100927.0
2023-11-23 05:07:00,1700716020.0,0.6098,0.6099,0.6097,0.6097,61537.0
2023-11-23 05:08:00,1700716080.0,0.6097,0.6097,0.6095,0.6095,147641.0
2023-11-23 05:09:00,1700716140.0,0.6095,0.6098,0.6095,0.6097,73610.0
2023-11-23 05:10:00,1700716200.0,0.6097,0.6098,0.6096,0.6097,59189.0
2023-11-23 05:11:00,1700716260.0,0.6096,0.6099,0.6096,0.6097,151507.0
2023-11-23 05:12:00,1700716320.0,0.6098,0.6098,0.6097,0.6097,68331.0
2023-11-23 05:13:00,1700716380.0,0.6097,0.6099,0.6097,0.6098,14463.0
2023-11-23 05:14:00,1700716440.0,0.6098,0.6099,0.6098,0.6099,17982.0
2023-11-23 05:15:00,1700716500.0,0.6098,0.6099,0.6095,0.6095,137053.0
2023-11-23 05:16:00,1700716560.0,0.6096,0.6096,0.6093,0.6094,151038.0
2023-11-23 05:17:00,1700716620.0,0.6094,0.6098,0.6094,0.6096,77418.0
2023-11-23 05:18:00,1700716680.0,0.6096,0.6098,0.6096,0.6097,54428.0
2023-11-23 05:19:00,1700716740.0,0.6097,0.6098,0.6097,0.6098,23365.0
2023-11-23 05:20:00,1700716800.0,0.6098,0.6101,0.6097,0.6101,89229.0
2023-11-23 05:21:00,1700716860.0,0.61,0.6101,0.6097,0.6097,92074.0
2023-11-23 05:22:00,1700716920.0,0.6097,0.6099,0.6096,0.6098,34304.0
2023-11-23 05:23:00,1700716980.0,0.6098,0.6098,0.6095,0.6095,93969.0
2023-11-23 05:24:00,1700717040.0,0.6096,0.6098,0.6095,0.6098,51986.0
2023-11-23 05:25:00,1700717100.0,0.6098,0.6101,0.6098,0.6101,290342.0
2023-11-23 05:26:00,1700717160.0,0.61,0.6101,0.61,0.61,21644.0
2023-11-23 05:27:00,1700717220.0,0.6101,0.6103,0.61,0.6103,70212.0
2023-11-23 05:28:00,1700717280.0,0.6103,0.6104,0.6102,0.6104,26410.0
2023-11-23 05:29:00,1700717340.0,0.6104,0.6105,0.6103,0.6104,59873.0
2023-11-23 05:30:00,1700717400.0,0.6105,0.6106,0.6104,0.6105,84852.0
2023-11-23 05:31:00,1700717460.0,0.6105,0.6105,0.6101,0.6102,127446.0
2023-11-23 05:32:00,1700717520.0,0.6102,0.6102,0.6101,0.6101,31318.0
2023-11-23 05:33:00,1700717580.0,0.6101,0.6102,0.61,0.6101,39657.0
2023-11-23 05:34:00,1700717640.0,0.6101,0.6102,0.6101,0.6101,85845.0
2023-11-23 05:35:00,1700717700.0,0.6102,0.6103,0.6101,0.6102,58083.0
2023-11-23 05:36:00,1700717760.0,0.6101,0.6102,0.6097,0.6097,48447.0
2023-11-23 05:37:00,1700717820.0,0.6096,0.6097,0.6096,0.6096,12502.0
2023-11-23 05:38:00,1700717880.0,0.6096,0.6097,0.6096,0.6096,35334.0
2023-11-23 05:39:00,1700717940.0,0.6097,0.6097,0.6096,0.6096,46983.0
2023-11-23 05:40:00,1700718000.0,0.6096,0.6097,0.6093,0.6094,209837.0
2023-11-23 05:41:00,1700718060.0,0.6093,0.6097,0.6093,0.6096,64484.0
2023-11-23 05:42:00,1700718120.0,0.6095,0.6097,0.6095,0.6096,81342.0
2023-11-23 05:43:00,1700718180.0,0.6095,0.6096,0.6093,0.6093,39732.0
2023-11-23 05:44:00,1700718240.0,0.6093,0.61,0.6093,0.6095,375135.0
2023-11-23 05:45:00,1700718300.0,0.6094,0.6096,0.6094,0.6094,63397.0
2023-11-23 05:46:00,1700718360.0,0.6094,0.6094,0.6087,0.6088,316471.0
2023-11-23 05:47:00,1700718420.0,0.6087,0.609,0.6086,0.6089,97520.0
2023-11-23 05:48:00,1700718480.0,0.6089,0.6091,0.6088,0.609,43865.0
2023-11-23 05:49:00,1700718540.0,0.609,0.6092,0.6087,0.6091,352622.0
2023-11-23 05:50:00,1700718600.0,0.6092,0.6092,0.6089,0.6089,130198.0
2023-11-23 05:51:00,1700718660.0,0.6089,0.609,0.6089,0.609,49840.0
2023-11-23 05:52:00,1700718720.0,0.609,0.6091,0.6089,0.6091,131113.0
2023-11-23 05:53:00,1700718780.0,0.6091,0.6093,0.6091,0.6092,39704.0
2023-11-23 05:54:00,1700718840.0,0.6093,0.6096,0.6092,0.6095,25032.0
2023-11-23 05:55:00,1700718900.0,0.6095,0.6096,0.6095,0.6096,56674.0
2023-11-23 05:56:00,1700718960.0,0.6095,0.6096,0.6095,0.6095,117639.0
2023-11-23 05:57:00,1700719020.0,0.6094,0.6094,0.6091,0.6092,87310.0
2023-11-23 05:58:00,1700719080.0,0.6093,0.6093,0.6092,0.6093,50350.0
2023-11-23 05:59:00,1700719140.0,0.6092,0.6094,0.6092,0.6093,88863.0
2023-11-23 06:00:00,1700719200.0,0.6092,0.6092,0.609,0.609,109803.0
2023-11-23 06:01:00,1700719260.0,0.609,0.6091,0.6085,0.6085,167938.0
2023-11-23 06:02:00,1700719320.0,0.6086,0.6088,0.6082,0.6083,288257.0
2023-11-23 06:03:00,1700719380.0,0.6083,0.6085,0.6082,0.6082,290807.0
2023-11-23 06:04:00,1700719440.0,0.6082,0.6083,0.6081,0.6082,167009.0
2023-11-23 06:05:00,1700719500.0,0.6082,0.6084,0.608,0.6081,458080.0
2023-11-23 06:06:00,1700719560.0,0.608,0.6084,0.6076,0.6079,663575.0
2023-11-23 06:07:00,1700719620.0,0.6079,0.6079,0.6077,0.6077,83136.0
2023-11-23 06:08:00,1700719680.0,0.6076,0.6077,0.6076,0.6077,86081.0
2023-11-23 06:09:00,1700719740.0,0.6076,0.6077,0.6074,0.6075,294552.0
2023-11-23 06:10:00,1700719800.0,0.6075,0.6076,0.6075,0.6076,161935.0
2023-11-23 06:11:00,1700719860.0,0.6075,0.6076,0.6071,0.6073,293681.0
2023-11-23 06:12:00,1700719920.0,0.6074,0.6077,0.607,0.6077,218412.0
2023-11-23 06:13:00,1700719980.0,0.6077,0.6077,0.6074,0.6074,196908.0
2023-11-23 06:14:00,1700720040.0,0.6074,0.6075,0.6072,0.6073,305564.0
2023-11-23 06:15:00,1700720100.0,0.6073,0.6075,0.6073,0.6074,147949.0
2023-11-23 06:16:00,1700720160.0,0.6074,0.6074,0.6073,0.6074,47842.0
2023-11-23 06:17:00,1700720220.0,0.6074,0.6074,0.607,0.607,76913.0
2023-11-23 06:18:00,1700720280.0,0.607,0.6071,0.6067,0.6067,206775.0
2023-11-23 06:19:00,1700720340.0,0.6068,0.6069,0.6066,0.6068,148830.0
2023-11-23 06:20:00,1700720400.0,0.6069,0.607,0.6067,0.6067,216276.0
2023-11-23 06:21:00,1700720460.0,0.6067,0.607,0.6063,0.607,275756.0
2023-11-23 06:22:00,1700720520.0,0.607,0.607,0.6068,0.6069,172046.0
2023-11-23 06:23:00,1700720580.0,0.6069,0.6069,0.6068,0.6069,115619.0
2023-11-23 06:24:00,1700720640.0,0.6069,0.6071,0.6068,0.607,283049.0
2023-11-23 06:25:00,1700720700.0,0.607,0.6075,0.6068,0.6075,245357.0
2023-11-23 06:26:00,1700720760.0,0.6074,0.6076,0.6072,0.6073,148414.0
2023-11-23 06:27:00,1700720820.0,0.6073,0.6076,0.6072,0.6076,143781.0
2023-11-23 06:28:00,1700720880.0,0.6075,0.6076,0.6075,0.6076,138786.0
2023-11-23 06:29:00,1700720940.0,0.6075,0.6078,0.6075,0.6078,128462.0
2023-11-23 06:30:00,1700721000.0,0.6078,0.6078,0.6071,0.6071,221070.0
2023-11-23 06:31:00,1700721060.0,0.6071,0.6072,0.6066,0.6067,254280.0
2023-11-23 06:32:00,1700721120.0,0.6066,0.6067,0.6064,0.6067,173084.0
2023-11-23 06:33:00,1700721180.0,0.6067,0.6069,0.6066,0.6068,121557.0
2023-11-23 06:34:00,1700721240.0,0.6068,0.6068,0.6067,0.6067,14282.0
2023-11-23 06:35:00,1700721300.0,0.6068,0.6074,0.6068,0.6074,121990.0
2023-11-23 06:36:00,1700721360.0,0.6073,0.6076,0.6073,0.6076,74181.0
2023-11-23 06:37:00,1700721420.0,0.6076,0.6076,0.607,0.6071,221773.0
2023-11-23 06:38:00,1700721480.0,0.607,0.6072,0.6069,0.6072,184293.0
2023-11-23 06:39:00,1700721540.0,0.6072,0.6072,0.6068,0.6068,201257.0
2023-11-23 06:40:00,1700721600.0,0.6069,0.6071,0.6068,0.607,116399.0
2023-11-23 06:41:00,1700721660.0,0.6071,0.6075,0.607,0.6073,243051.0
2023-11-23 06:42:00,1700721720.0,0.6072,0.6073,0.6068,0.6068,246351.0
2023-11-23 06:43:00,1700721780.0,0.6068,0.6069,0.6068,0.6068,135672.0
2023-11-23 06:44:00,1700721840.0,0.6069,0.6069,0.6067,0.6067,171034.0
2023-11-23 06:45:00,1700721900.0,0.6068,0.6068,0.6066,0.6068,78106.0
2023-11-23 06:46:00,1700721960.0,0.6067,0.6067,0.6064,0.6064,80564.0
2023-11-23 06:47:00,1700722020.0,0.6065,0.6069,0.6064,0.6068,192324.0
2023-11-23 06:48:00,1700722080.0,0.6068,0.6071,0.6067,0.607,173208.0
2023-11-23 06:49:00,1700722140.0,0.6071,0.6071,0.607,0.6071,42424.0
2023-11-23 06:50:00,1700722200.0,0.6071,0.6073,0.607,0.6071,223085.0
2023-11-23 06:51:00,1700722260.0,0.6071,0.6072,0.607,0.6071,152464.0
2023-11-23 06:52:00,1700722320.0,0.607,0.6071,0.6068,0.6068,251842.0
2023-11-23 06:53:00,1700722380.0,0.6068,0.6069,0.6065,0.6068,288929.0
2023-11-23 06:54:00,1700722440.0,0.6067,0.607,0.6067,0.607,242298.0
2023-11-23 06:55:00,1700722500.0,0.6069,0.607,0.6063,0.6064,308402.0
2023-11-23 06:56:00,1700722560.0,0.6063,0.6068,0.6063,0.6067,223536.0
2023-11-23 06:57:00,1700722620.0,0.6067,0.6068,0.6066,0.6066,76143.0
2023-11-23 06:58:00,1700722680.0,0.6066,0.6067,0.6063,0.6064,199420.0
2023-11-23 06:59:00,1700722740.0,0.6063,0.6067,0.6059,0.6066,388714.0
2023-11-23 07:00:00,1700722800.0,0.6066,0.6067,0.6066,0.6067,103092.0
2023-11-23 07:01:00,1700722860.0,0.6067,0.6069,0.6066,0.6067,140708.0
2023-11-23 07:02:00,1700722920.0,0.6068,0.6075,0.6067,0.6074,192063.0
2023-11-23 07:03:00,1700722980.0,0.6075,0.6076,0.6075,0.6076,110474.0
2023-11-23 07:04:00,1700723040.0,0.6075,0.6114,0.6075,0.6104,2715823.0
2023-11-23 07:05:00,1700723100.0,0.6104,0.6115,0.6098,0.6102,1508930.0
2023-11-23 07:06:00,1700723160.0,0.6102,0.6107,0.6101,0.6101,290070.0
2023-11-23 07:07:00,1700723220.0,0.6101,0.6102,0.6094,0.6099,558735.0
2023-11-23 07:08:00,1700723280.0,0.6098,0.6099,0.6097,0.6097,103045.0
2023-11-23 07:09:00,1700723340.0,0.6098,0.6098,0.6096,0.6096,56055.0
2023-11-23 07:10:00,1700723400.0,0.6096,0.6097,0.6095,0.6096,56831.0
2023-11-23 07:11:00,1700723460.0,0.6095,0.6101,0.6094,0.6101,198988.0
2023-11-23 07:12:00,1700723520.0,0.61,0.6102,0.6098,0.61,142407.0
2023-11-23 07:13:00,1700723580.0,0.6101,0.6101,0.6097,0.6097,61325.0
2023-11-23 07:14:00,1700723640.0,0.6097,0.6098,0.6096,0.6097,88252.0
2023-11-23 07:15:00,1700723700.0,0.6096,0.61,0.6096,0.61,236444.0
2023-11-23 07:16:00,1700723760.0,0.61,0.6102,0.61,0.6102,92446.0
2023-11-23 07:17:00,1700723820.0,0.6101,0.6102,0.6098,0.6099,245893.0
2023-11-23 07:18:00,1700723880.0,0.6099,0.6099,0.6091,0.6092,161793.0
2023-11-23 07:19:00,1700723940.0,0.6091,0.6092,0.6091,0.6091,176947.0
2023-11-23 07:20:00,1700724000.0,0.6091,0.6093,0.609,0.6093,376533.0
2023-11-23 07:21:00,1700724060.0,0.6092,0.6093,0.6092,0.6093,118960.0
2023-11-23 07:22:00,1700724120.0,0.6093,0.6093,0.609,0.6091,380746.0
2023-11-23 07:23:00,1700724180.0,0.609,0.6091,0.6086,0.6086,151416.0
2023-11-23 07:24:00,1700724240.0,0.6086,0.6089,0.6082,0.6088,594788.0
2023-11-23 07:25:00,1700724300.0,0.6088,0.6089,0.6086,0.6088,194025.0
2023-11-23 07:26:00,1700724360.0,0.6088,0.6089,0.6079,0.6079,178119.0
2023-11-23 07:27:00,1700724420.0,0.6079,0.6082,0.6079,0.6082,185875.0
2023-11-23 07:28:00,1700724480.0,0.6082,0.6085,0.6081,0.6082,259015.0
2023-11-23 07:29:00,1700724540.0,0.6081,0.6085,0.6081,0.6083,160902.0
2023-11-23 07:30:00,1700724600.0,0.6083,0.6084,0.6082,0.6083,79204.0
2023-11-23 07:31:00,1700724660.0,0.6083,0.6087,0.6081,0.6087,266012.0
2023-11-23 07:32:00,1700724720.0,0.6087,0.609,0.6087,0.6089,89521.0
2023-11-23 07:33:00,1700724780.0,0.609,0.609,0.6087,0.6087,205297.0
2023-11-23 07:34:00,1700724840.0,0.6087,0.6088,0.6084,0.6084,330764.0
2023-11-23 07:35:00,1700724900.0,0.6084,0.6085,0.6082,0.6083,174762.0
2023-11-23 07:36:00,1700724960.0,0.6083,0.6085,0.6082,0.6085,126069.0
2023-11-23 07:37:00,1700725020.0,0.6084,0.6092,0.6084,0.6092,307711.0
2023-11-23 07:38:00,1700725080.0,0.6091,0.6096,0.6088,0.6095,577080.0
2023-11-23 07:39:00,1700725140.0,0.6094,0.61,0.6094,0.6098,209879.0
2023-11-23 07:40:00,1700725200.0,0.6098,0.6098,0.6096,0.6096,114470.0
2023-11-23 07:41:00,1700725260.0,0.6096,0.6097,0.6088,0.6088,373768.0
2023-11-23 07:42:00,1700725320.0,0.6088,0.6093,0.6082,0.6093,521010.0
2023-11-23 07:43:00,1700725380.0,0.6093,0.6093,0.609,0.6091,165776.0
2023-11-23 07:44:00,1700725440.0,0.609,0.609,0.6089,0.609,80178.0
2023-11-23 07:45:00,1700725500.0,0.6089,0.6093,0.6089,0.6091,177181.0
2023-11-23 07:46:00,1700725560.0,0.6091,0.6095,0.609,0.6095,62518.0
2023-11-23 07:47:00,1700725620.0,0.6095,0.6095,0.6091,0.6091,91739.0
2023-11-23 07:48:00,1700725680.0,0.6091,0.6097,0.6091,0.6096,376925.0
2023-11-23 07:49:00,1700725740.0,0.6097,0.6097,0.6096,0.6097,58268.0
2023-11-23 07:50:00,1700725800.0,0.6098,0.6103,0.6097,0.61,67489.0
2023-11-23 07:51:00,1700725860.0,0.6101,0.6103,0.6099,0.6101,136140.0
2023-11-23 07:52:00,1700725920.0,0.6101,0.6106,0.6099,0.6105,213301.0
2023-11-23 07:53:00,1700725980.0,0.6104,0.6104,0.6097,0.61,163913.0
2023-11-23 07:54:00,1700726040.0,0.61,0.6103,0.61,0.61,93683.0
2023-11-23 07:55:00,1700726100.0,0.6101,0.6105,0.6101,0.6103,46541.0
2023-11-23 07:56:00,1700726160.0,0.6103,0.6108,0.6103,0.6105,216318.0
2023-11-23 07:57:00,1700726220.0,0.6106,0.6108,0.6105,0.6107,156013.0
2023-11-23 07:58:00,1700726280.0,0.6107,0.611,0.6107,0.6109,101773.0
2023-11-23 07:59:00,1700726340.0,0.6109,0.6115,0.6109,0.6113,166485.0
2023-11-23 08:00:00,1700726400.0,0.6113,0.6117,0.6113,0.6115,171830.0
2023-11-23 08:01:00,1700726460.0,0.6116,0.6118,0.6115,0.6116,110517.0
2023-11-23 08:02:00,1700726520.0,0.6116,0.6116,0.6111,0.6112,207937.0
2023-11-23 08:03:00,1700726580.0,0.6112,0.6117,0.6112,0.6116,97298.0
2023-11-23 08:04:00,1700726640.0,0.6117,0.6119,0.6116,0.6118,116338.0
2023-11-23 08:05:00,1700726700.0,0.6118,0.6124,0.6117,0.6124,350004.0
2023-11-23 08:06:00,1700726760.0,0.6123,0.6125,0.6115,0.6116,292130.0
2023-11-23 08:07:00,1700726820.0,0.6117,0.6121,0.6116,0.6117,433133.0
2023-11-23 08:08:00,1700726880.0,0.6116,0.6119,0.6116,0.6117,161114.0
2023-11-23 08:09:00,1700726940.0,0.6116,0.6117,0.6116,0.6117,127832.0
2023-11-23 08:10:00,1700727000.0,0.6116,0.6124,0.6116,0.6123,601541.0
2023-11-23 08:11:00,1700727060.0,0.6122,0.6124,0.6121,0.6122,172240.0
2023-11-23 08:12:00,1700727120.0,0.6122,0.6123,0.6122,0.6123,91029.0
2023-11-23 08:13:00,1700727180.0,0.6123,0.6123,0.612,0.612,140481.0
2023-11-23 08:14:00,1700727240.0,0.6121,0.6121,0.6119,0.6119,137703.0
2023-11-23 08:15:00,1700727300.0,0.612,0.612,0.6116,0.6118,117755.0
2023-11-23 08:16:00,1700727360.0,0.6117,0.6119,0.6117,0.6119,74735.0
2023-11-23 08:17:00,1700727420.0,0.6118,0.6119,0.6113,0.6115,410045.0
2023-11-23 08:18:00,1700727480.0,0.6115,0.6121,0.6115,0.6121,58228.0
2023-11-23 08:19:00,1700727540.0,0.6121,0.6121,0.612,0.612,40546.0
2023-11-23 08:20:00,1700727600.0,0.6121,0.6127,0.612,0.6126,116128.0
2023-11-23 08:21:00,1700727660.0,0.6126,0.6127,0.6123,0.6124,200735.0
2023-11-23 08:22:00,1700727720.0,0.6123,0.6125,0.6121,0.6124,159771.0
2023-11-23 08:23:00,1700727780.0,0.6124,0.6129,0.6124,0.6128,163022.0
2023-11-23 08:24:00,1700727840.0,0.6129,0.6133,0.6128,0.6131,330508.0
2023-11-23 08:25:00,1700727900.0,0.6131,0.6132,0.6129,0.6132,86323.0
2023-11-23 08:26:00,1700727960.0,0.6131,0.6132,0.613,0.6132,50276.0
2023-11-23 08:27:00,1700728020.0,0.6132,0.6134,0.6131,0.6133,56253.0
2023-11-23 08:28:00,1700728080.0,0.6134,0.6134,0.6133,0.6133,69772.0
2023-11-23 08:29:00,1700728140.0,0.6134,0.6135,0.6133,0.6134,127552.0
2023-11-23 08:30:00,1700728200.0,0.6134,0.6134,0.6127,0.6128,426116.0
2023-11-23 08:31:00,1700728260.0,0.6127,0.613,0.6127,0.613,75386.0
2023-11-23 08:32:00,1700728320.0,0.6129,0.6131,0.6128,0.6128,75346.0
2023-11-23 08:33:00,1700728380.0,0.6129,0.6136,0.6128,0.6136,127690.0
2023-11-23 08:34:00,1700728440.0,0.6136,0.6136,0.6135,0.6136,87502.0
2023-11-23 08:35:00,1700728500.0,0.6135,0.6138,0.6135,0.6138,114722.0
2023-11-23 08:36:00,1700728560.0,0.6137,0.6142,0.6137,0.6141,162792.0
2023-11-23 08:37:00,1700728620.0,0.6141,0.6143,0.6139,0.614,204785.0
2023-11-23 08:38:00,1700728680.0,0.614,0.614,0.6136,0.6138,154721.0
2023-11-23 08:39:00,1700728740.0,0.6138,0.6139,0.6137,0.6138,48593.0
2023-11-23 08:40:00,1700728800.0,0.6138,0.6139,0.6133,0.6133,156513.0
2023-11-23 08:41:00,1700728860.0,0.6134,0.6134,0.6127,0.6134,558603.0
2023-11-23 08:42:00,1700728920.0,0.6133,0.6138,0.6133,0.6138,95978.0
2023-11-23 08:43:00,1700728980.0,0.6137,0.6144,0.6137,0.6144,187101.0
2023-11-23 08:44:00,1700729040.0,0.6144,0.615,0.6143,0.6149,514246.0
2023-11-23 08:45:00,1700729100.0,0.6149,0.615,0.6146,0.6146,184591.0
2023-11-23 08:46:00,1700729160.0,0.6146,0.6149,0.6142,0.6142,263488.0
2023-11-23 08:47:00,1700729220.0,0.6142,0.6144,0.614,0.6142,195051.0
2023-11-23 08:48:00,1700729280.0,0.6142,0.6142,0.6136,0.6136,95590.0
2023-11-23 08:49:00,1700729340.0,0.6136,0.6138,0.613,0.6132,418783.0
2023-11-23 08:50:00,1700729400.0,0.6131,0.6133,0.6128,0.6128,343754.0
2023-11-23 08:51:00,1700729460.0,0.6127,0.6128,0.6124,0.6128,250450.0
2023-11-23 08:52:00,1700729520.0,0.6128,0.6128,0.6124,0.6127,559418.0
2023-11-23 08:53:00,1700729580.0,0.6128,0.6138,0.6127,0.6132,337715.0
2023-11-23 08:54:00,1700729640.0,0.6131,0.6133,0.613,0.613,103277.0
2023-11-23 08:55:00,1700729700.0,0.6131,0.6133,0.613,0.6132,404030.0
2023-11-23 08:56:00,1700729760.0,0.6133,0.6133,0.6129,0.6129,373905.0
2023-11-23 08:57:00,1700729820.0,0.613,0.6134,0.6129,0.613,230506.0
2023-11-23 08:58:00,1700729880.0,0.6129,0.6133,0.6127,0.6133,152289.0
2023-11-23 08:59:00,1700729940.0,0.6133,0.6134,0.6131,0.6132,239329.0
2023-11-23 09:00:00,1700730000.0,0.6133,0.6134,0.6129,0.6134,226401.0
2023-11-23 09:01:00,1700730060.0,0.6133,0.6134,0.6129,0.613,233353.0
2023-11-23 09:02:00,1700730120.0,0.613,0.6135,0.6129,0.6129,285221.0
2023-11-23 09:03:00,1700730180.0,0.6129,0.6131,0.6127,0.6128,111337.0
2023-11-23 09:04:00,1700730240.0,0.6127,0.6128,0.6126,0.6126,57604.0
2023-11-23 09:05:00,1700730300.0,0.6127,0.6132,0.6126,0.6131,196866.0
2023-11-23 09:06:00,1700730360.0,0.6131,0.6139,0.6131,0.6138,591507.0
2023-11-23 09:07:00,1700730420.0,0.6137,0.6138,0.6135,0.6137,199635.0
2023-11-23 09:08:00,1700730480.0,0.6137,0.614,0.6137,0.6137,362358.0
2023-11-23 09:09:00,1700730540.0,0.6137,0.6137,0.6134,0.6135,251028.0
2023-11-23 09:10:00,1700730600.0,0.6135,0.6135,0.6133,0.6133,202207.0
2023-11-23 09:11:00,1700730660.0,0.6133,0.6133,0.6131,0.6131,188063.0
2023-11-23 09:12:00,1700730720.0,0.6131,0.6135,0.6129,0.6135,536510.0
2023-11-23 09:13:00,1700730780.0,0.6135,0.6138,0.6133,0.6137,172713.0
2023-11-23 09:14:00,1700730840.0,0.6137,0.6146,0.6137,0.6146,256697.0
2023-11-23 09:15:00,1700730900.0,0.6146,0.6147,0.6142,0.6144,469529.0
2023-11-23 09:16:00,1700730960.0,0.6145,0.6146,0.614,0.6141,221008.0
2023-11-23 09:17:00,1700731020.0,0.6141,0.6141,0.6136,0.6137,354193.0
2023-11-23 09:18:00,1700731080.0,0.6137,0.614,0.6136,0.6137,283689.0
2023-11-23 09:19:00,1700731140.0,0.6137,0.6138,0.6136,0.6137,267382.0
2023-11-23 09:20:00,1700731200.0,0.6137,0.6137,0.6134,0.6136,270989.0
2023-11-23 09:21:00,1700731260.0,0.6136,0.6146,0.6136,0.6145,366374.0
2023-11-23 09:22:00,1700731320.0,0.6145,0.6152,0.6145,0.6151,152214.0
2023-11-23 09:23:00,1700731380.0,0.6152,0.6154,0.6151,0.6154,197605.0
2023-11-23 09:24:00,1700731440.0,0.6154,0.6171,0.6154,0.6169,813671.0
2023-11-23 09:25:00,1700731500.0,0.617,0.6183,0.6169,0.6182,1156940.0
2023-11-23 09:26:00,1700731560.0,0.6182,0.6184,0.6177,0.6182,391237.0
2023-11-23 09:27:00,1700731620.0,0.6182,0.6183,0.6172,0.6174,263241.0
2023-11-23 09:28:00,1700731680.0,0.6174,0.6174,0.6165,0.6165,195208.0
2023-11-23 09:29:00,1700731740.0,0.6165,0.6166,0.6161,0.6164,265038.0
2023-11-23 09:30:00,1700731800.0,0.6163,0.6169,0.6163,0.6166,342496.0
2023-11-23 09:31:00,1700731860.0,0.6167,0.6175,0.6166,0.6173,632893.0
2023-11-23 09:32:00,1700731920.0,0.6174,0.6179,0.617,0.6175,362427.0
2023-11-23 09:33:00,1700731980.0,0.6175,0.6186,0.6172,0.6185,387817.0
2023-11-23 09:34:00,1700732040.0,0.6185,0.6187,0.6184,0.6184,209647.0
2023-11-23 09:35:00,1700732100.0,0.6184,0.6188,0.6184,0.6186,300568.0
2023-11-23 09:36:00,1700732160.0,0.6185,0.6188,0.6185,0.6188,299263.0
2023-11-23 09:37:00,1700732220.0,0.6187,0.6207,0.6187,0.6192,1156837.0
2023-11-23 09:38:00,1700732280.0,0.6192,0.6205,0.6192,0.6204,355056.0
2023-11-23 09:39:00,1700732340.0,0.6203,0.6207,0.6196,0.6199,926536.0
2023-11-23 09:40:00,1700732400.0,0.6199,0.6208,0.6198,0.6206,348847.0
2023-11-23 09:41:00,1700732460.0,0.6207,0.6213,0.6205,0.6213,464804.0
2023-11-23 09:42:00,1700732520.0,0.6212,0.6214,0.6209,0.6214,386899.0
2023-11-23 09:43:00,1700732580.0,0.6213,0.622,0.6212,0.622,309915.0
2023-11-23 09:44:00,1700732640.0,0.6219,0.6231,0.6207,0.6209,898743.0
2023-11-23 09:45:00,1700732700.0,0.6208,0.6226,0.6206,0.6214,1542927.0
2023-11-23 09:46:00,1700732760.0,0.6214,0.6217,0.6211,0.6212,463623.0
2023-11-23 09:47:00,1700732820.0,0.6212,0.6214,0.6206,0.6211,737219.0
2023-11-23 09:48:00,1700732880.0,0.6212,0.6219,0.6212,0.6216,372100.0
2023-11-23 09:49:00,1700732940.0,0.6216,0.6218,0.6207,0.621,274329.0
2023-11-23 09:50:00,1700733000.0,0.621,0.6219,0.6209,0.6219,292286.0
2023-11-23 09:51:00,1700733060.0,0.622,0.622,0.6214,0.6216,212016.0
2023-11-23 09:52:00,1700733120.0,0.6216,0.6228,0.6216,0.6227,187161.0
2023-11-23 09:53:00,1700733180.0,0.6228,0.6228,0.6221,0.6223,371911.0
2023-11-23 09:54:00,1700733240.0,0.6224,0.6225,0.6215,0.6219,347201.0
2023-11-23 09:55:00,1700733300.0,0.622,0.6225,0.6219,0.6225,301659.0
2023-11-23 09:56:00,1700733360.0,0.6225,0.6228,0.6218,0.622,403752.0
2023-11-23 09:57:00,1700733420.0,0.6221,0.6221,0.6213,0.6217,436203.0
2023-11-23 09:58:00,1700733480.0,0.6217,0.6217,0.6211,0.6211,148185.0
2023-11-23 09:59:00,1700733540.0,0.6211,0.6217,0.6211,0.6215,179879.0
2023-11-23 10:00:00,1700733600.0,0.6215,0.622,0.6214,0.6219,276968.0
2023-11-23 10:01:00,1700733660.0,0.6219,0.622,0.6205,0.6208,482293.0
2023-11-23 10:02:00,1700733720.0,0.6209,0.6209,0.6203,0.6205,261955.0
2023-11-23 10:03:00,1700733780.0,0.6204,0.621,0.6201,0.6209,707068.0
2023-11-23 10:04:00,1700733840.0,0.6209,0.6209,0.6196,0.6196,518704.0
2023-11-23 10:05:00,1700733900.0,0.6197,0.6197,0.6184,0.6195,566024.0
2023-11-23 10:06:00,1700733960.0,0.6195,0.6195,0.6188,0.6188,482481.0
2023-11-23 10:07:00,1700734020.0,0.6189,0.6192,0.6187,0.6192,496446.0
2023-11-23 10:08:00,1700734080.0,0.6192,0.6195,0.6191,0.6193,246736.0
2023-11-23 10:09:00,1700734140.0,0.6193,0.6196,0.6191,0.6191,234790.0
2023-11-23 10:10:00,1700734200.0,0.619,0.6191,0.6183,0.6184,556697.0
2023-11-23 10:11:00,1700734260.0,0.6183,0.6184,0.618,0.6182,241574.0
2023-11-23 10:12:00,1700734320.0,0.6183,0.6186,0.6181,0.6185,152191.0
2023-11-23 10:13:00,1700734380.0,0.6185,0.6186,0.6177,0.6178,176525.0
2023-11-23 10:14:00,1700734440.0,0.6178,0.6182,0.6177,0.6181,253616.0
2023-11-23 10:15:00,1700734500.0,0.6181,0.6182,0.6174,0.6175,414382.0
2023-11-23 10:16:00,1700734560.0,0.6174,0.6174,0.617,0.6174,567046.0
2023-11-23 10:17:00,1700734620.0,0.6173,0.6177,0.6172,0.6172,389556.0
2023-11-23 10:18:00,1700734680.0,0.6172,0.6178,0.617,0.6171,328358.0
2023-11-23 10:19:00,1700734740.0,0.6171,0.6172,0.617,0.617,272853.0
2023-11-23 10:20:00,1700734800.0,0.6171,0.6171,0.6163,0.6164,370758.0
2023-11-23 10:21:00,1700734860.0,0.6165,0.6169,0.6162,0.6166,373371.0
2023-11-23 10:22:00,1700734920.0,0.6166,0.6168,0.6166,0.6168,128370.0
2023-11-23 10:23:00,1700734980.0,0.6167,0.6168,0.6165,0.6165,125940.0
2023-11-23 10:24:00,1700735040.0,0.6165,0.6166,0.6159,0.616,326182.0
2023-11-23 10:25:00,1700735100.0,0.616,0.6161,0.6154,0.6156,310219.0
2023-11-23 10:26:00,1700735160.0,0.6157,0.6166,0.6156,0.6162,475895.0
2023-11-23 10:27:00,1700735220.0,0.6161,0.6169,0.6161,0.6169,255756.0
2023-11-23 10:28:00,1700735280.0,0.6168,0.6168,0.6163,0.6163,237367.0
2023-11-23 10:29:00,1700735340.0,0.6162,0.6167,0.6162,0.6167,134024.0
2023-11-23 10:30:00,1700735400.0,0.6167,0.6174,0.6166,0.6173,417626.0
2023-11-23 10:31:00,1700735460.0,0.6173,0.6181,0.6173,0.6181,380954.0
2023-11-23 10:32:00,1700735520.0,0.6181,0.6184,0.6178,0.6179,223597.0
2023-11-23 10:33:00,1700735580.0,0.6178,0.6185,0.6178,0.6182,414443.0
2023-11-23 10:34:00,1700735640.0,0.6183,0.6188,0.6182,0.6186,575030.0
2023-11-23 10:35:00,1700735700.0,0.6185,0.619,0.6185,0.6186,210525.0
2023-11-23 10:36:00,1700735760.0,0.6186,0.6189,0.6179,0.6188,755790.0
2023-11-23 10:37:00,1700735820.0,0.6188,0.6193,0.6187,0.6191,416326.0
2023-11-23 10:38:00,1700735880.0,0.6191,0.6192,0.6188,0.6192,351524.0
2023-11-23 10:39:00,1700735940.0,0.6192,0.6192,0.6188,0.6192,185653.0
2023-11-23 10:40:00,1700736000.0,0.6192,0.6194,0.6189,0.6193,201143.0
2023-11-23 10:41:00,1700736060.0,0.6193,0.6194,0.6189,0.6193,235374.0
2023-11-23 10:42:00,1700736120.0,0.6194,0.6196,0.6191,0.6192,181678.0
2023-11-23 10:43:00,1700736180.0,0.6191,0.6191,0.6186,0.619,154326.0
2023-11-23 10:44:00,1700736240.0,0.6189,0.6193,0.6188,0.6193,182044.0
2023-11-23 10:45:00,1700736300.0,0.6192,0.6193,0.6188,0.6189,261933.0
2023-11-23 10:46:00,1700736360.0,0.619,0.619,0.6187,0.6187,176392.0
2023-11-23 10:47:00,1700736420.0,0.6187,0.6189,0.6185,0.6185,241024.0
2023-11-23 10:48:00,1700736480.0,0.6185,0.6186,0.618,0.6181,311060.0
2023-11-23 10:49:00,1700736540.0,0.6181,0.619,0.6181,0.6188,221258.0
2023-11-23 10:50:00,1700736600.0,0.6189,0.6189,0.6183,0.6183,136573.0
2023-11-23 10:51:00,1700736660.0,0.6183,0.6184,0.6177,0.6178,206836.0
2023-11-23 10:52:00,1700736720.0,0.6177,0.6177,0.6166,0.6171,351005.0
2023-11-23 10:53:00,1700736780.0,0.6172,0.6176,0.617,0.6176,226742.0
2023-11-23 10:54:00,1700736840.0,0.6175,0.618,0.6175,0.6179,124972.0
2023-11-23 10:55:00,1700736900.0,0.6179,0.6181,0.6175,0.6177,388293.0
2023-11-23 10:56:00,1700736960.0,0.6176,0.618,0.6174,0.618,582386.0
2023-11-23 10:57:00,1700737020.0,0.618,0.6184,0.6179,0.6181,318239.0
2023-11-23 10:58:00,1700737080.0,0.6182,0.6183,0.6179,0.618,74171.0
2023-11-23 10:59:00,1700737140.0,0.6179,0.618,0.6174,0.6177,157439.0
2023-11-23 11:00:00,1700737200.0,0.6176,0.6176,0.617,0.6171,456107.0
2023-11-23 11:01:00,1700737260.0,0.617,0.6171,0.6165,0.6168,376164.0
2023-11-23 11:02:00,1700737320.0,0.6168,0.6168,0.6162,0.6162,141069.0
2023-11-23 11:03:00,1700737380.0,0.6162,0.6166,0.6162,0.6163,531046.0
2023-11-23 11:04:00,1700737440.0,0.6164,0.6168,0.6162,0.6167,168454.0
2023-11-23 11:05:00,1700737500.0,0.6168,0.6168,0.6162,0.6164,138651.0
2023-11-23 11:06:00,1700737560.0,0.6163,0.6164,0.6156,0.6159,658133.0
2023-11-23 11:07:00,1700737620.0,0.6159,0.616,0.6156,0.616,471366.0
2023-11-23 11:08:00,1700737680.0,0.616,0.6165,0.616,0.6165,136506.0
2023-11-23 11:09:00,1700737740.0,0.6165,0.6165,0.6161,0.6164,226038.0
2023-11-23 11:10:00,1700737800.0,0.6164,0.6168,0.6164,0.6167,128441.0
2023-11-23 11:11:00,1700737860.0,0.6166,0.6167,0.6161,0.6163,749217.0
2023-11-23 11:12:00,1700737920.0,0.6163,0.6163,0.6158,0.6158,482542.0
2023-11-23 11:13:00,1700737980.0,0.6158,0.6159,0.615,0.6151,359976.0
2023-11-23 11:14:00,1700738040.0,0.6152,0.6154,0.6144,0.6153,523146.0
2023-11-23 11:15:00,1700738100.0,0.6152,0.6157,0.615,0.6154,364980.0
2023-11-23 11:16:00,1700738160.0,0.6155,0.6155,0.6144,0.6146,297219.0
2023-11-23 11:17:00,1700738220.0,0.6146,0.6149,0.6142,0.6143,321109.0
2023-11-23 11:18:00,1700738280.0,0.6143,0.6148,0.6141,0.6148,347373.0
2023-11-23 11:19:00,1700738340.0,0.6148,0.6148,0.6138,0.6139,323073.0
2023-11-23 11:20:00,1700738400.0,0.6139,0.6151,0.6139,0.6151,255888.0
2023-11-23 11:21:00,1700738460.0,0.6151,0.6153,0.6145,0.6147,310932.0
2023-11-23 11:22:00,1700738520.0,0.6147,0.6147,0.611,0.6135,2599911.0
2023-11-23 11:23:00,1700738580.0,0.6134,0.6136,0.6118,0.6123,579887.0
2023-11-23 11:24:00,1700738640.0,0.6123,0.6123,0.6107,0.6122,692856.0
2023-11-23 11:25:00,1700738700.0,0.6123,0.6127,0.6119,0.6126,370784.0
2023-11-23 11:26:00,1700738760.0,0.6126,0.6129,0.6123,0.6126,318123.0
2023-11-23 11:27:00,1700738820.0,0.6127,0.6127,0.6112,0.6121,410788.0
2023-11-23 11:28:00,1700738880.0,0.6121,0.6126,0.6121,0.6125,280162.0
2023-11-23 11:29:00,1700738940.0,0.6124,0.6127,0.6117,0.6121,631829.0
2023-11-23 11:30:00,1700739000.0,0.612,0.6128,0.6118,0.6127,391033.0
2023-11-23 11:31:00,1700739060.0,0.6127,0.6133,0.6125,0.6132,325031.0
2023-11-23 11:32:00,1700739120.0,0.6132,0.6137,0.6132,0.6137,331792.0
2023-11-23 11:33:00,1700739180.0,0.6137,0.6137,0.6132,0.6137,219893.0
2023-11-23 11:34:00,1700739240.0,0.6136,0.614,0.6132,0.6133,858601.0
2023-11-23 11:35:00,1700739300.0,0.6133,0.6136,0.6127,0.6128,266398.0
2023-11-23 11:36:00,1700739360.0,0.6129,0.6134,0.6128,0.6128,147027.0
2023-11-23 11:37:00,1700739420.0,0.6128,0.6132,0.6128,0.6131,259707.0
2023-11-23 11:38:00,1700739480.0,0.6131,0.6132,0.6129,0.6131,253698.0
2023-11-23 11:39:00,1700739540.0,0.6131,0.6132,0.6123,0.6123,233798.0
2023-11-23 11:40:00,1700739600.0,0.6123,0.6126,0.6119,0.6125,189910.0
2023-11-23 11:41:00,1700739660.0,0.6125,0.6128,0.6125,0.6128,209157.0
2023-11-23 11:42:00,1700739720.0,0.6127,0.6128,0.6122,0.6124,287038.0
2023-11-23 11:43:00,1700739780.0,0.6124,0.6128,0.6124,0.6125,133735.0
2023-11-23 11:44:00,1700739840.0,0.6125,0.6127,0.6123,0.6126,209320.0
2023-11-23 11:45:00,1700739900.0,0.6126,0.6129,0.6125,0.6125,232532.0
2023-11-23 11:46:00,1700739960.0,0.6126,0.6129,0.6125,0.6128,152359.0
2023-11-23 11:47:00,1700740020.0,0.6128,0.6129,0.612,0.6121,170218.0
2023-11-23 11:48:00,1700740080.0,0.6122,0.6122,0.6114,0.6118,171285.0
2023-11-23 11:49:00,1700740140.0,0.6119,0.6121,0.6114,0.6115,147061.0
2023-11-23 11:50:00,1700740200.0,0.6116,0.6123,0.6116,0.6123,371666.0
2023-11-23 11:51:00,1700740260.0,0.6123,0.6125,0.6117,0.6121,218775.0
2023-11-23 11:52:00,1700740320.0,0.612,0.6125,0.6118,0.6124,313287.0
2023-11-23 11:53:00,1700740380.0,0.6124,0.6131,0.6122,0.613,315329.0
2023-11-23 11:54:00,1700740440.0,0.613,0.613,0.6127,0.613,105165.0
2023-11-23 11:55:00,1700740500.0,0.613,0.6133,0.6129,0.6133,252029.0
2023-11-23 11:56:00,1700740560.0,0.6133,0.6134,0.6131,0.6131,324768.0
2023-11-23 11:57:00,1700740620.0,0.6132,0.6132,0.6131,0.6131,104839.0
2023-11-23 11:58:00,1700740680.0,0.6132,0.6132,0.6129,0.6131,218285.0
2023-11-23 11:59:00,1700740740.0,0.6131,0.6137,0.6131,0.6135,164066.0
2023-11-23 12:00:00,1700740800.0,0.6134,0.6135,0.6133,0.6134,248366.0
2023-11-23 12:01:00,1700740860.0,0.6134,0.6134,0.6125,0.6133,479445.0
2023-11-23 12:02:00,1700740920.0,0.6132,0.6133,0.6123,0.6123,290755.0
2023-11-23 12:03:00,1700740980.0,0.6123,0.6129,0.6123,0.6128,307415.0
2023-11-23 12:04:00,1700741040.0,0.6128,0.6131,0.6127,0.6127,190454.0
2023-11-23 12:05:00,1700741100.0,0.6127,0.6131,0.6123,0.6131,273566.0
2023-11-23 12:06:00,1700741160.0,0.6131,0.6134,0.6131,0.6134,68442.0
2023-11-23 12:07:00,1700741220.0,0.6134,0.6137,0.6134,0.6135,323691.0
2023-11-23 12:08:00,1700741280.0,0.6136,0.6136,0.6134,0.6135,75580.0
2023-11-23 12:09:00,1700741340.0,0.6135,0.6135,0.6129,0.613,218660.0
2023-11-23 12:10:00,1700741400.0,0.6131,0.6134,0.6128,0.6134,279055.0
2023-11-23 12:11:00,1700741460.0,0.6134,0.6138,0.6131,0.6136,281235.0
2023-11-23 12:12:00,1700741520.0,0.6136,0.6139,0.6133,0.6136,173199.0
2023-11-23 12:13:00,1700741580.0,0.6137,0.6142,0.6137,0.6141,110170.0
2023-11-23 12:14:00,1700741640.0,0.6141,0.6142,0.6137,0.6141,315531.0
2023-11-23 12:15:00,1700741700.0,0.6141,0.6141,0.6134,0.6135,117042.0
2023-11-23 12:16:00,1700741760.0,0.6134,0.6135,0.6133,0.6134,47045.0
2023-11-23 12:17:00,1700741820.0,0.6133,0.6139,0.6133,0.6135,92662.0
2023-11-23 12:18:00,1700741880.0,0.6136,0.614,0.6133,0.6134,139443.0
2023-11-23 12:19:00,1700741940.0,0.6134,0.6138,0.6133,0.6137,75958.0
2023-11-23 12:20:00,1700742000.0,0.6138,0.6144,0.6137,0.6144,154606.0
2023-11-23 12:21:00,1700742060.0,0.6145,0.6148,0.6142,0.6148,197356.0
2023-11-23 12:22:00,1700742120.0,0.6147,0.6153,0.6145,0.6145,582500.0
2023-11-23 12:23:00,1700742180.0,0.6146,0.615,0.6142,0.6144,324824.0
2023-11-23 12:24:00,1700742240.0,0.6144,0.6147,0.6144,0.6145,90564.0
2023-11-23 12:25:00,1700742300.0,0.6144,0.6148,0.6143,0.6146,232890.0
2023-11-23 12:26:00,1700742360.0,0.6145,0.6148,0.6144,0.6145,149307.0
2023-11-23 12:27:00,1700742420.0,0.6146,0.6152,0.6146,0.6148,140475.0
2023-11-23 12:28:00,1700742480.0,0.6149,0.6149,0.6143,0.6147,199531.0
2023-11-23 12:29:00,1700742540.0,0.6147,0.6148,0.6144,0.6145,143523.0
2023-11-23 12:30:00,1700742600.0,0.6145,0.6146,0.6138,0.6138,193669.0
2023-11-23 12:31:00,1700742660.0,0.6138,0.6141,0.6133,0.6134,228294.0
2023-11-23 12:32:00,1700742720.0,0.6133,0.6133,0.613,0.6132,304882.0
2023-11-23 12:33:00,1700742780.0,0.6132,0.6133,0.6125,0.6126,211142.0
2023-11-23 12:34:00,1700742840.0,0.6125,0.6128,0.6123,0.6127,313110.0
2023-11-23 12:35:00,1700742900.0,0.6126,0.6127,0.6121,0.6127,130711.0
2023-11-23 12:36:00,1700742960.0,0.6126,0.6126,0.6114,0.612,342871.0
2023-11-23 12:37:00,1700743020.0,0.6119,0.6127,0.6119,0.6126,176520.0
2023-11-23 12:38:00,1700743080.0,0.6126,0.6134,0.6126,0.6133,94233.0
2023-11-23 12:39:00,1700743140.0,0.6132,0.6137,0.6129,0.613,101245.0
2023-11-23 12:40:00,1700743200.0,0.613,0.6135,0.6129,0.6132,268906.0
2023-11-23 12:41:00,1700743260.0,0.6132,0.6134,0.6123,0.6127,189524.0
2023-11-23 12:42:00,1700743320.0,0.6127,0.6132,0.6126,0.613,135311.0
2023-11-23 12:43:00,1700743380.0,0.6131,0.6132,0.6129,0.6132,84271.0
2023-11-23 12:44:00,1700743440.0,0.6132,0.6132,0.6128,0.6128,39656.0
2023-11-23 12:45:00,1700743500.0,0.6128,0.6132,0.6123,0.6123,493059.0
2023-11-23 12:46:00,1700743560.0,0.6123,0.6127,0.6119,0.6119,296662.0
2023-11-23 12:47:00,1700743620.0,0.6119,0.6124,0.6118,0.6123,162164.0
2023-11-23 12:48:00,1700743680.0,0.6123,0.6125,0.6122,0.6125,134673.0
2023-11-23 12:49:00,1700743740.0,0.6125,0.613,0.6122,0.613,281295.0
2023-11-23 12:50:00,1700743800.0,0.6129,0.613,0.6124,0.6127,162795.0
2023-11-23 12:51:00,1700743860.0,0.6126,0.6126,0.6122,0.6122,150562.0
2023-11-23 12:52:00,1700743920.0,0.6122,0.6125,0.6122,0.6122,204706.0
2023-11-23 12:53:00,1700743980.0,0.6122,0.6122,0.6115,0.6116,159716.0
2023-11-23 12:54:00,1700744040.0,0.6115,0.6117,0.6114,0.6115,156956.0
2023-11-23 12:55:00,1700744100.0,0.6114,0.6122,0.6114,0.612,890812.0
2023-11-23 12:56:00,1700744160.0,0.612,0.6121,0.6119,0.612,63333.0
2023-11-23 12:57:00,1700744220.0,0.612,0.613,0.612,0.613,76767.0
2023-11-23 12:58:00,1700744280.0,0.613,0.6131,0.6123,0.6125,131679.0
2023-11-23 12:59:00,1700744340.0,0.6126,0.6127,0.6124,0.6125,103158.0
2023-11-23 13:00:00,1700744400.0,0.6126,0.6126,0.6119,0.6123,236236.0
2023-11-23 13:01:00,1700744460.0,0.6123,0.6132,0.6122,0.6131,160969.0
2023-11-23 13:02:00,1700744520.0,0.6131,0.6133,0.6131,0.6132,111562.0
2023-11-23 13:03:00,1700744580.0,0.6132,0.6133,0.6128,0.6129,214896.0
2023-11-23 13:04:00,1700744640.0,0.6129,0.6136,0.6129,0.6135,123907.0
2023-11-23 13:05:00,1700744700.0,0.6135,0.6145,0.6135,0.6142,312985.0
2023-11-23 13:06:00,1700744760.0,0.6143,0.6145,0.6141,0.6142,82955.0
2023-11-23 13:07:00,1700744820.0,0.6142,0.6144,0.6136,0.6136,160182.0
2023-11-23 13:08:00,1700744880.0,0.6137,0.6143,0.6137,0.6142,124862.0
2023-11-23 13:09:00,1700744940.0,0.6142,0.6142,0.6138,0.6138,73899.0
2023-11-23 13:10:00,1700745000.0,0.6138,0.6143,0.6138,0.6143,231098.0
2023-11-23 13:11:00,1700745060.0,0.6143,0.6149,0.6143,0.6144,336961.0
2023-11-23 13:12:00,1700745120.0,0.6145,0.615,0.6144,0.615,207198.0
2023-11-23 13:13:00,1700745180.0,0.615,0.6152,0.6146,0.6147,330766.0
2023-11-23 13:14:00,1700745240.0,0.6147,0.6148,0.6144,0.6144,171454.0
2023-11-23 13:15:00,1700745300.0,0.6145,0.6151,0.6144,0.615,320161.0
2023-11-23 13:16:00,1700745360.0,0.615,0.6152,0.6149,0.6149,132203.0
2023-11-23 13:17:00,1700745420.0,0.6149,0.6152,0.6146,0.6151,264863.0
2023-11-23 13:18:00,1700745480.0,0.6152,0.6158,0.6151,0.6154,515501.0
2023-11-23 13:19:00,1700745540.0,0.6155,0.6157,0.6153,0.6154,145034.0
2023-11-23 13:20:00,1700745600.0,0.6154,0.6157,0.6154,0.6157,78246.0
2023-11-23 13:21:00,1700745660.0,0.6156,0.6157,0.6155,0.6156,101906.0
2023-11-23 13:22:00,1700745720.0,0.6156,0.6159,0.6152,0.6158,406898.0
2023-11-23 13:23:00,1700745780.0,0.6158,0.6162,0.6158,0.6161,212648.0
2023-11-23 13:24:00,1700745840.0,0.6162,0.6163,0.6158,0.6158,155587.0
2023-11-23 13:25:00,1700745900.0,0.6158,0.6159,0.6155,0.6155,49946.0
2023-11-23 13:26:00,1700745960.0,0.6156,0.6156,0.6151,0.6151,142768.0
2023-11-23 13:27:00,1700746020.0,0.6151,0.6152,0.6148,0.6148,158097.0
2023-11-23 13:28:00,1700746080.0,0.6148,0.615,0.6144,0.615,377664.0
2023-11-23 13:29:00,1700746140.0,0.6149,0.6151,0.6146,0.6146,171597.0
2023-11-23 13:30:00,1700746200.0,0.6147,0.6153,0.6146,0.615,137507.0
2023-11-23 13:31:00,1700746260.0,0.6149,0.615,0.6147,0.6147,69586.0
2023-11-23 13:32:00,1700746320.0,0.6148,0.6148,0.6134,0.6134,615555.0
2023-11-23 13:33:00,1700746380.0,0.6135,0.6144,0.6135,0.6144,238367.0
2023-11-23 13:34:00,1700746440.0,0.6143,0.6144,0.6135,0.6135,178259.0
2023-11-23 13:35:00,1700746500.0,0.6135,0.6136,0.6133,0.6133,79561.0
2023-11-23 13:36:00,1700746560.0,0.6134,0.6137,0.6132,0.6133,285643.0
2023-11-23 13:37:00,1700746620.0,0.6133,0.6135,0.613,0.6135,219444.0
2023-11-23 13:38:00,1700746680.0,0.6134,0.6137,0.6133,0.6133,230466.0
2023-11-23 13:39:00,1700746740.0,0.6133,0.6134,0.6129,0.613,694992.0
2023-11-23 13:40:00,1700746800.0,0.6131,0.6131,0.6124,0.6125,652058.0
2023-11-23 13:41:00,1700746860.0,0.6124,0.6128,0.6124,0.6125,173022.0
2023-11-23 13:42:00,1700746920.0,0.6125,0.6129,0.6122,0.6128,136778.0
2023-11-23 13:43:00,1700746980.0,0.6128,0.613,0.6128,0.6128,117777.0
2023-11-23 13:44:00,1700747040.0,0.6128,0.6129,0.6125,0.6125,81975.0
2023-11-23 13:45:00,1700747100.0,0.6125,0.6133,0.6124,0.6133,198700.0
2023-11-23 13:46:00,1700747160.0,0.6133,0.6133,0.6123,0.6126,356310.0
2023-11-23 13:47:00,1700747220.0,0.6126,0.6126,0.6122,0.6126,336533.0
2023-11-23 13:48:00,1700747280.0,0.6126,0.6126,0.6111,0.6113,317463.0
2023-11-23 13:49:00,1700747340.0,0.6113,0.6115,0.611,0.6113,377643.0
2023-11-23 13:50:00,1700747400.0,0.6113,0.6116,0.611,0.6115,254443.0
2023-11-23 13:51:00,1700747460.0,0.6114,0.6115,0.6102,0.6108,826243.0
2023-11-23 13:52:00,1700747520.0,0.6107,0.6113,0.6107,0.6112,129715.0
2023-11-23 13:53:00,1700747580.0,0.6113,0.6114,0.6111,0.6114,167103.0
2023-11-23 13:54:00,1700747640.0,0.6114,0.6121,0.6113,0.6119,250916.0
2023-11-23 13:55:00,1700747700.0,0.612,0.6127,0.6112,0.6116,679624.0
2023-11-23 13:56:00,1700747760.0,0.6116,0.6117,0.6114,0.6117,131308.0
2023-11-23 13:57:00,1700747820.0,0.6117,0.6118,0.6115,0.6117,90121.0
2023-11-23 13:58:00,1700747880.0,0.6117,0.612,0.6117,0.6118,87123.0
2023-11-23 13:59:00,1700747940.0,0.6117,0.6119,0.6116,0.6117,136054.0
2023-11-23 14:00:00,1700748000.0,0.6118,0.6122,0.6113,0.6121,220889.0
2023-11-23 14:01:00,1700748060.0,0.6121,0.6123,0.6116,0.6121,210807.0
2023-11-23 14:02:00,1700748120.0,0.6122,0.6128,0.6121,0.6126,303495.0
2023-11-23 14:03:00,1700748180.0,0.6126,0.6128,0.6124,0.6126,120384.0
2023-11-23 14:04:00,1700748240.0,0.6125,0.6129,0.6125,0.6129,195824.0
2023-11-23 14:05:00,1700748300.0,0.6128,0.613,0.6128,0.6129,94976.0
2023-11-23 14:06:00,1700748360.0,0.6129,0.613,0.6127,0.6129,75268.0
2023-11-23 14:07:00,1700748420.0,0.6129,0.6134,0.6129,0.6133,79718.0
2023-11-23 14:08:00,1700748480.0,0.6134,0.6135,0.6131,0.6131,259046.0
2023-11-23 14:09:00,1700748540.0,0.6132,0.6132,0.6126,0.6127,117113.0
2023-11-23 14:10:00,1700748600.0,0.6126,0.6128,0.6124,0.6124,286244.0
2023-11-23 14:11:00,1700748660.0,0.6124,0.6126,0.6119,0.6125,247507.0
2023-11-23 14:12:00,1700748720.0,0.6125,0.613,0.6124,0.6129,87610.0
2023-11-23 14:13:00,1700748780.0,0.6129,0.613,0.6126,0.6127,38128.0
2023-11-23 14:14:00,1700748840.0,0.6126,0.6129,0.6126,0.6126,35174.0
2023-11-23 14:15:00,1700748900.0,0.6126,0.6127,0.6123,0.6123,124673.0
2023-11-23 14:16:00,1700748960.0,0.6123,0.6128,0.6123,0.6128,126929.0
2023-11-23 14:17:00,1700749020.0,0.6128,0.6132,0.6128,0.6131,113366.0
2023-11-23 14:18:00,1700749080.0,0.6131,0.6133,0.613,0.6133,51378.0
2023-11-23 14:19:00,1700749140.0,0.6132,0.6133,0.6129,0.6129,88187.0
2023-11-23 14:20:00,1700749200.0,0.613,0.613,0.6125,0.6125,84787.0
2023-11-23 14:21:00,1700749260.0,0.6125,0.6125,0.6115,0.6119,381310.0
2023-11-23 14:22:00,1700749320.0,0.6119,0.612,0.6116,0.6119,132374.0
2023-11-23 14:23:00,1700749380.0,0.612,0.6123,0.6117,0.6123,85257.0
2023-11-23 14:24:00,1700749440.0,0.6123,0.6125,0.612,0.6123,99276.0
2023-11-23 14:25:00,1700749500.0,0.6122,0.6123,0.6119,0.6121,138863.0
2023-11-23 14:26:00,1700749560.0,0.6121,0.6122,0.612,0.612,46867.0
2023-11-23 14:27:00,1700749620.0,0.612,0.6123,0.612,0.6122,217027.0
2023-11-23 14:28:00,1700749680.0,0.6122,0.6125,0.6122,0.6124,55177.0
2023-11-23 14:29:00,1700749740.0,0.6124,0.6125,0.6122,0.6122,38468.0
2023-11-23 14:30:00,1700749800.0,0.6122,0.613,0.6122,0.6129,153392.0
2023-11-23 14:31:00,1700749860.0,0.6129,0.613,0.6121,0.6126,168831.0
2023-11-23 14:32:00,1700749920.0,0.6127,0.613,0.6121,0.6124,249510.0
2023-11-23 14:33:00,1700749980.0,0.6124,0.613,0.6123,0.613,155098.0
2023-11-23 14:34:00,1700750040.0,0.613,0.6139,0.6129,0.6139,423894.0
2023-11-23 14:35:00,1700750100.0,0.614,0.6141,0.6136,0.6136,227201.0
2023-11-23 14:36:00,1700750160.0,0.6136,0.6137,0.6135,0.6136,235926.0
2023-11-23 14:37:00,1700750220.0,0.6136,0.6139,0.6136,0.6137,236024.0
2023-11-23 14:38:00,1700750280.0,0.6138,0.6141,0.6138,0.6141,171807.0
2023-11-23 14:39:00,1700750340.0,0.6142,0.6142,0.6136,0.6137,127110.0
2023-11-23 14:40:00,1700750400.0,0.6136,0.6139,0.6132,0.6132,335997.0
2023-11-23 14:41:00,1700750460.0,0.6132,0.6135,0.6132,0.6133,143997.0
2023-11-23 14:42:00,1700750520.0,0.6133,0.6133,0.6126,0.6127,206521.0
2023-11-23 14:43:00,1700750580.0,0.6126,0.6131,0.6126,0.6131,240331.0
2023-11-23 14:44:00,1700750640.0,0.613,0.6136,0.613,0.6136,205263.0
2023-11-23 14:45:00,1700750700.0,0.6136,0.6136,0.6127,0.6129,414030.0
2023-11-23 14:46:00,1700750760.0,0.6128,0.6135,0.6126,0.6126,306310.0
2023-11-23 14:47:00,1700750820.0,0.6127,0.6127,0.6124,0.6126,81466.0
2023-11-23 14:48:00,1700750880.0,0.6125,0.6131,0.6125,0.6128,217154.0
2023-11-23 14:49:00,1700750940.0,0.6129,0.6133,0.6128,0.6133,152756.0
2023-11-23 14:50:00,1700751000.0,0.6132,0.6135,0.613,0.613,298560.0
2023-11-23 14:51:00,1700751060.0,0.6129,0.6129,0.6119,0.6119,160664.0
2023-11-23 14:52:00,1700751120.0,0.6119,0.6119,0.6112,0.6113,282429.0
2023-11-23 14:53:00,1700751180.0,0.6113,0.6115,0.6112,0.6115,197715.0
2023-11-23 14:54:00,1700751240.0,0.6114,0.6122,0.6114,0.612,244461.0
2023-11-23 14:55:00,1700751300.0,0.612,0.6127,0.6116,0.6127,185249.0
2023-11-23 14:56:00,1700751360.0,0.6126,0.613,0.6126,0.613,383959.0
2023-11-23 14:57:00,1700751420.0,0.6129,0.6134,0.6129,0.6134,108895.0
2023-11-23 14:58:00,1700751480.0,0.6133,0.6138,0.6133,0.6136,194097.0
2023-11-23 14:59:00,1700751540.0,0.6136,0.6137,0.6135,0.6137,84669.0
2023-11-23 15:00:00,1700751600.0,0.6137,0.6138,0.6135,0.6138,97326.0
2023-11-23 15:01:00,1700751660.0,0.6137,0.6138,0.6137,0.6138,16938.0
2023-11-23 15:02:00,1700751720.0,0.6137,0.6144,0.6137,0.6141,227985.0
2023-11-23 15:03:00,1700751780.0,0.6142,0.6146,0.6141,0.6146,102358.0
2023-11-23 15:04:00,1700751840.0,0.6146,0.6146,0.614,0.6142,203207.0
2023-11-23 15:05:00,1700751900.0,0.6142,0.6144,0.6141,0.6142,101537.0
2023-11-23 15:06:00,1700751960.0,0.6143,0.6146,0.6143,0.6145,187435.0
2023-11-23 15:07:00,1700752020.0,0.6146,0.6146,0.6138,0.6142,131674.0
2023-11-23 15:08:00,1700752080.0,0.6142,0.6148,0.6142,0.6148,144894.0
2023-11-23 15:09:00,1700752140.0,0.6147,0.6149,0.6146,0.6147,226126.0
2023-11-23 15:10:00,1700752200.0,0.6148,0.6148,0.6145,0.6145,165522.0
2023-11-23 15:11:00,1700752260.0,0.6145,0.6145,0.614,0.614,79853.0
2023-11-23 15:12:00,1700752320.0,0.6139,0.6139,0.6131,0.6135,355730.0
2023-11-23 15:13:00,1700752380.0,0.6134,0.6134,0.6132,0.6133,55339.0
2023-11-23 15:14:00,1700752440.0,0.6133,0.6133,0.613,0.6131,126133.0
2023-11-23 15:15:00,1700752500.0,0.6131,0.6137,0.6131,0.6135,181666.0
2023-11-23 15:16:00,1700752560.0,0.6134,0.6141,0.6134,0.614,209709.0
2023-11-23 15:17:00,1700752620.0,0.614,0.6144,0.6138,0.6138,182004.0
2023-11-23 15:18:00,1700752680.0,0.6138,0.614,0.6136,0.6136,142080.0
2023-11-23 15:19:00,1700752740.0,0.6136,0.6137,0.6135,0.6136,245000.0
2023-11-23 15:20:00,1700752800.0,0.6136,0.6137,0.6123,0.6123,184573.0
2023-11-23 15:21:00,1700752860.0,0.6124,0.6125,0.6117,0.6117,217531.0
2023-11-23 15:22:00,1700752920.0,0.6118,0.6121,0.6115,0.6117,245718.0
2023-11-23 15:23:00,1700752980.0,0.6117,0.6117,0.6114,0.6114,170186.0
2023-11-23 15:24:00,1700753040.0,0.6114,0.612,0.6112,0.6114,578199.0
2023-11-23 15:25:00,1700753100.0,0.6114,0.6114,0.6106,0.6109,311713.0
2023-11-23 15:26:00,1700753160.0,0.6109,0.6111,0.6094,0.6098,1036003.0
2023-11-23 15:27:00,1700753220.0,0.6097,0.6105,0.6097,0.61,345652.0
2023-11-23 15:28:00,1700753280.0,0.61,0.6109,0.61,0.6108,230325.0
2023-11-23 15:29:00,1700753340.0,0.6108,0.6112,0.6107,0.6111,150606.0
2023-11-23 15:30:00,1700753400.0,0.6112,0.6112,0.6103,0.6103,331725.0
2023-11-23 15:31:00,1700753460.0,0.6102,0.6105,0.6093,0.6105,803575.0
2023-11-23 15:32:00,1700753520.0,0.6106,0.6112,0.6105,0.6112,292293.0
2023-11-23 15:33:00,1700753580.0,0.6112,0.612,0.6111,0.6119,150151.0
2023-11-23 15:34:00,1700753640.0,0.612,0.6125,0.612,0.6124,90266.0
2023-11-23 15:35:00,1700753700.0,0.6124,0.6135,0.6124,0.6134,386131.0
2023-11-23 15:36:00,1700753760.0,0.6135,0.6136,0.6131,0.6131,168352.0
2023-11-23 15:37:00,1700753820.0,0.6131,0.6134,0.6129,0.6134,119227.0
2023-11-23 15:38:00,1700753880.0,0.6133,0.6134,0.613,0.6133,180171.0
2023-11-23 15:39:00,1700753940.0,0.6134,0.6134,0.6127,0.6129,186911.0
2023-11-23 15:40:00,1700754000.0,0.6129,0.6133,0.6124,0.6133,130699.0
2023-11-23 15:41:00,1700754060.0,0.6133,0.6141,0.6132,0.6138,524606.0
2023-11-23 15:42:00,1700754120.0,0.6139,0.6145,0.6138,0.6142,143186.0
2023-11-23 15:43:00,1700754180.0,0.6142,0.6145,0.6141,0.6142,181659.0
2023-11-23 15:44:00,1700754240.0,0.6142,0.6145,0.614,0.6144,165051.0
2023-11-23 15:45:00,1700754300.0,0.6143,0.6155,0.6143,0.6152,574909.0
2023-11-23 15:46:00,1700754360.0,0.6153,0.6155,0.6146,0.6147,337989.0
2023-11-23 15:47:00,1700754420.0,0.6146,0.6181,0.6146,0.6179,709412.0
2023-11-23 15:48:00,1700754480.0,0.618,0.6226,0.6179,0.6194,4150768.0
2023-11-23 15:49:00,1700754540.0,0.6194,0.621,0.6189,0.6197,1675562.0
2023-11-23 15:50:00,1700754600.0,0.6197,0.6202,0.6184,0.6185,876498.0
2023-11-23 15:51:00,1700754660.0,0.6184,0.6185,0.617,0.6177,610864.0
2023-11-23 15:52:00,1700754720.0,0.6178,0.6178,0.616,0.6163,539838.0
2023-11-23 15:53:00,1700754780.0,0.6163,0.6168,0.6159,0.6162,500199.0
2023-11-23 15:54:00,1700754840.0,0.6163,0.6163,0.6157,0.6158,343869.0
2023-11-23 15:55:00,1700754900.0,0.6158,0.6171,0.615,0.6158,555600.0
2023-11-23 15:56:00,1700754960.0,0.6158,0.6173,0.6157,0.6166,963424.0
2023-11-23 15:57:00,1700755020.0,0.6167,0.6167,0.6158,0.6159,400244.0
2023-11-23 15:58:00,1700755080.0,0.6159,0.6166,0.6159,0.6164,222569.0
2023-11-23 15:59:00,1700755140.0,0.6165,0.6169,0.616,0.6161,408451.0
2023-11-23 16:00:00,1700755200.0,0.6161,0.6164,0.616,0.6163,264114.0
2023-11-23 16:01:00,1700755260.0,0.6162,0.6181,0.6158,0.6181,399377.0
2023-11-23 16:02:00,1700755320.0,0.6181,0.6193,0.618,0.6192,362467.0
2023-11-23 16:03:00,1700755380.0,0.6191,0.6208,0.6191,0.6208,974098.0
2023-11-23 16:04:00,1700755440.0,0.6208,0.621,0.6197,0.62,909067.0
2023-11-23 16:05:00,1700755500.0,0.62,0.62,0.6192,0.6194,364217.0
2023-11-23 16:06:00,1700755560.0,0.6194,0.6194,0.619,0.6194,396781.0
2023-11-23 16:07:00,1700755620.0,0.6194,0.6197,0.6189,0.6197,257574.0
2023-11-23 16:08:00,1700755680.0,0.6197,0.6197,0.6189,0.6189,378799.0
2023-11-23 16:09:00,1700755740.0,0.619,0.6193,0.6183,0.6186,386092.0
2023-11-23 16:10:00,1700755800.0,0.6187,0.6189,0.6176,0.6176,335210.0
2023-11-23 16:11:00,1700755860.0,0.6177,0.6178,0.6167,0.617,556574.0
2023-11-23 16:12:00,1700755920.0,0.617,0.618,0.6169,0.618,474653.0
2023-11-23 16:13:00,1700755980.0,0.6179,0.618,0.6174,0.6175,283246.0
2023-11-23 16:14:00,1700756040.0,0.6174,0.6174,0.6168,0.6171,304588.0
2023-11-23 16:15:00,1700756100.0,0.6172,0.6172,0.616,0.616,308023.0
2023-11-23 16:16:00,1700756160.0,0.6161,0.6168,0.616,0.6164,526577.0
2023-11-23 16:17:00,1700756220.0,0.6163,0.6164,0.616,0.6162,374250.0
2023-11-23 16:18:00,1700756280.0,0.6162,0.6168,0.6161,0.6164,322257.0
2023-11-23 16:19:00,1700756340.0,0.6165,0.6165,0.616,0.6162,161194.0
2023-11-23 16:20:00,1700756400.0,0.6161,0.6162,0.6154,0.6154,582534.0
2023-11-23 16:21:00,1700756460.0,0.6155,0.6162,0.6154,0.6161,424023.0
2023-11-23 16:22:00,1700756520.0,0.6161,0.6166,0.6161,0.6164,107241.0
2023-11-23 16:23:00,1700756580.0,0.6164,0.6165,0.6155,0.6156,306298.0
2023-11-23 16:24:00,1700756640.0,0.6156,0.6157,0.615,0.615,221209.0
2023-11-23 16:25:00,1700756700.0,0.615,0.6153,0.6144,0.6149,471628.0
2023-11-23 16:26:00,1700756760.0,0.6149,0.6149,0.6144,0.6145,251254.0
2023-11-23 16:27:00,1700756820.0,0.6145,0.6147,0.6141,0.6146,324705.0
2023-11-23 16:28:00,1700756880.0,0.6146,0.6155,0.6146,0.6152,301611.0
2023-11-23 16:29:00,1700756940.0,0.6152,0.6157,0.6151,0.6157,379022.0
2023-11-23 16:30:00,1700757000.0,0.6157,0.6158,0.6151,0.6151,178439.0
2023-11-23 16:31:00,1700757060.0,0.6152,0.6152,0.6144,0.6146,297740.0
2023-11-23 16:32:00,1700757120.0,0.6146,0.6146,0.6141,0.6144,240220.0
2023-11-23 16:33:00,1700757180.0,0.6144,0.6144,0.6135,0.6142,364660.0
2023-11-23 16:34:00,1700757240.0,0.6142,0.6143,0.6138,0.6139,101200.0
2023-11-23 16:35:00,1700757300.0,0.6138,0.6144,0.6136,0.6143,216747.0
2023-11-23 16:36:00,1700757360.0,0.6144,0.6144,0.6141,0.6143,109297.0
2023-11-23 16:37:00,1700757420.0,0.6142,0.6144,0.6137,0.6138,138156.0
2023-11-23 16:38:00,1700757480.0,0.6138,0.6145,0.6136,0.6145,357126.0
2023-11-23 16:39:00,1700757540.0,0.6145,0.6146,0.6142,0.6143,143206.0
2023-11-23 16:40:00,1700757600.0,0.6142,0.6143,0.614,0.614,203486.0
2023-11-23 16:41:00,1700757660.0,0.614,0.6141,0.6132,0.6137,338012.0
2023-11-23 16:42:00,1700757720.0,0.6136,0.6144,0.6136,0.6144,149852.0
2023-11-23 16:43:00,1700757780.0,0.6145,0.6145,0.6137,0.6138,143818.0
2023-11-23 16:44:00,1700757840.0,0.6138,0.6139,0.6137,0.6138,135872.0
2023-11-23 16:45:00,1700757900.0,0.6138,0.6138,0.6134,0.6135,204211.0
2023-11-23 16:46:00,1700757960.0,0.6136,0.6136,0.6132,0.6132,99861.0
2023-11-23 16:47:00,1700758020.0,0.6132,0.616,0.6132,0.6158,184452.0
2023-11-23 16:48:00,1700758080.0,0.6158,0.6158,0.6148,0.6149,299967.0
2023-11-23 16:49:00,1700758140.0,0.6149,0.6149,0.6146,0.6147,138979.0
2023-11-23 16:50:00,1700758200.0,0.6147,0.6158,0.6147,0.6154,100745.0
2023-11-23 16:51:00,1700758260.0,0.6154,0.616,0.6154,0.6158,183509.0
2023-11-23 16:52:00,1700758320.0,0.6157,0.6159,0.6153,0.6153,136835.0
2023-11-23 16:53:00,1700758380.0,0.6153,0.6157,0.615,0.6153,181692.0
2023-11-23 16:54:00,1700758440.0,0.6153,0.6162,0.6153,0.616,157877.0
2023-11-23 16:55:00,1700758500.0,0.616,0.6165,0.6159,0.6165,100510.0
2023-11-23 16:56:00,1700758560.0,0.6166,0.6172,0.6162,0.6172,107172.0
2023-11-23 16:57:00,1700758620.0,0.6171,0.6177,0.617,0.6172,115541.0
2023-11-23 16:58:00,1700758680.0,0.6173,0.6173,0.6167,0.617,192578.0
2023-11-23 16:59:00,1700758740.0,0.6169,0.6176,0.6169,0.6174,149935.0
2023-11-23 17:00:00,1700758800.0,0.6174,0.6177,0.6174,0.6176,103527.0
2023-11-23 17:01:00,1700758860.0,0.6176,0.6178,0.6166,0.6173,221431.0
2023-11-23 17:02:00,1700758920.0,0.6172,0.6193,0.6172,0.6188,854896.0
2023-11-23 17:03:00,1700758980.0,0.6187,0.619,0.6186,0.6188,74181.0
2023-11-23 17:04:00,1700759040.0,0.6188,0.6188,0.6181,0.6184,174667.0
2023-11-23 17:05:00,1700759100.0,0.6184,0.619,0.6184,0.6188,97340.0
2023-11-23 17:06:00,1700759160.0,0.6187,0.6188,0.6182,0.6185,120830.0
2023-11-23 17:07:00,1700759220.0,0.6184,0.6188,0.6179,0.6188,300297.0
2023-11-23 17:08:00,1700759280.0,0.6187,0.6187,0.618,0.6182,256131.0
2023-11-23 17:09:00,1700759340.0,0.6182,0.6184,0.618,0.6181,120454.0
2023-11-23 17:10:00,1700759400.0,0.6181,0.6181,0.6176,0.6179,106427.0
2023-11-23 17:11:00,1700759460.0,0.6178,0.6179,0.6171,0.6171,138418.0
2023-11-23 17:12:00,1700759520.0,0.6172,0.6183,0.6172,0.6182,329485.0
2023-11-23 17:13:00,1700759580.0,0.6183,0.6185,0.6177,0.618,249787.0
2023-11-23 17:14:00,1700759640.0,0.6181,0.6181,0.6173,0.6173,297744.0
2023-11-23 17:15:00,1700759700.0,0.6172,0.6178,0.617,0.6172,342570.0
2023-11-23 17:16:00,1700759760.0,0.6172,0.6173,0.617,0.6171,69419.0
2023-11-23 17:17:00,1700759820.0,0.617,0.6171,0.6169,0.6169,155834.0
2023-11-23 17:18:00,1700759880.0,0.6169,0.618,0.6169,0.6175,225555.0
2023-11-23 17:19:00,1700759940.0,0.6174,0.6178,0.6171,0.6171,116438.0
2023-11-23 17:20:00,1700760000.0,0.6171,0.6172,0.617,0.617,110391.0
2023-11-23 17:21:00,1700760060.0,0.6171,0.6171,0.6166,0.6168,176194.0
2023-11-23 17:22:00,1700760120.0,0.6167,0.6169,0.6165,0.6166,72795.0
2023-11-23 17:23:00,1700760180.0,0.6165,0.6168,0.6164,0.6167,137237.0
2023-11-23 17:24:00,1700760240.0,0.6166,0.6167,0.6163,0.6164,184681.0
2023-11-23 17:25:00,1700760300.0,0.6163,0.6166,0.6162,0.6163,115188.0
2023-11-23 17:26:00,1700760360.0,0.6163,0.6165,0.6162,0.6165,159162.0
2023-11-23 17:27:00,1700760420.0,0.6164,0.6165,0.6162,0.6163,63155.0
2023-11-23 17:28:00,1700760480.0,0.6163,0.6164,0.6159,0.6161,231424.0
2023-11-23 17:29:00,1700760540.0,0.6162,0.6168,0.6159,0.6168,362377.0
2023-11-23 17:30:00,1700760600.0,0.6168,0.6169,0.6162,0.6162,245114.0
2023-11-23 17:31:00,1700760660.0,0.6163,0.6163,0.6156,0.6158,241170.0
2023-11-23 17:32:00,1700760720.0,0.6158,0.6172,0.6158,0.6172,435126.0
2023-11-23 17:33:00,1700760780.0,0.6171,0.6172,0.6165,0.6167,302965.0
2023-11-23 17:34:00,1700760840.0,0.6167,0.6168,0.6165,0.6168,129616.0
2023-11-23 17:35:00,1700760900.0,0.6168,0.6175,0.6167,0.6175,201332.0
2023-11-23 17:36:00,1700760960.0,0.6175,0.6179,0.6173,0.6178,204190.0
2023-11-23 17:37:00,1700761020.0,0.6178,0.618,0.6175,0.6175,71986.0
2023-11-23 17:38:00,1700761080.0,0.6176,0.6183,0.6176,0.6182,125479.0
2023-11-23 17:39:00,1700761140.0,0.6182,0.6184,0.618,0.6183,224126.0
2023-11-23 17:40:00,1700761200.0,0.6183,0.6184,0.6169,0.6171,373606.0
2023-11-23 17:41:00,1700761260.0,0.6171,0.6176,0.6169,0.6175,222316.0
2023-11-23 17:42:00,1700761320.0,0.6176,0.6176,0.6164,0.6165,281536.0
2023-11-23 17:43:00,1700761380.0,0.6165,0.6168,0.6165,0.6166,239958.0
2023-11-23 17:44:00,1700761440.0,0.6167,0.6174,0.6166,0.6173,150221.0
2023-11-23 17:45:00,1700761500.0,0.6174,0.6182,0.6171,0.6182,362302.0
2023-11-23 17:46:00,1700761560.0,0.6182,0.6184,0.6181,0.6182,135139.0
2023-11-23 17:47:00,1700761620.0,0.6181,0.6182,0.6177,0.6181,439930.0
2023-11-23 17:48:00,1700761680.0,0.6181,0.6186,0.6181,0.6186,91426.0
2023-11-23 17:49:00,1700761740.0,0.6186,0.6186,0.618,0.6181,236390.0
2023-11-23 17:50:00,1700761800.0,0.6181,0.6181,0.6178,0.618,253020.0
2023-11-23 17:51:00,1700761860.0,0.6181,0.6183,0.6178,0.6179,178588.0
2023-11-23 17:52:00,1700761920.0,0.6179,0.6185,0.6179,0.6184,178845.0
2023-11-23 17:53:00,1700761980.0,0.6185,0.6185,0.618,0.6184,219017.0
2023-11-23 17:54:00,1700762040.0,0.6184,0.6192,0.6183,0.6189,239723.0
2023-11-23 17:55:00,1700762100.0,0.619,0.6192,0.6189,0.619,122507.0
2023-11-23 17:56:00,1700762160.0,0.619,0.619,0.6177,0.6178,497929.0
2023-11-23 17:57:00,1700762220.0,0.6178,0.6181,0.6176,0.6179,210422.0
2023-11-23 17:58:00,1700762280.0,0.6178,0.6181,0.6178,0.6179,98350.0
2023-11-23 17:59:00,1700762340.0,0.6179,0.618,0.6177,0.6177,216616.0
2023-11-23 18:00:00,1700762400.0,0.6177,0.618,0.6176,0.6178,207351.0
2023-11-23 18:01:00,1700762460.0,0.6179,0.618,0.6177,0.618,92905.0
2023-11-23 18:02:00,1700762520.0,0.6181,0.6191,0.6181,0.6188,148378.0
2023-11-23 18:03:00,1700762580.0,0.6188,0.6188,0.6179,0.618,143069.0
2023-11-23 18:04:00,1700762640.0,0.618,0.6194,0.618,0.6193,231303.0
2023-11-23 18:05:00,1700762700.0,0.6193,0.6196,0.619,0.6195,171258.0
2023-11-23 18:06:00,1700762760.0,0.6194,0.6195,0.6186,0.6186,213089.0
2023-11-23 18:07:00,1700762820.0,0.6187,0.6197,0.6186,0.6187,301923.0
2023-11-23 18:08:00,1700762880.0,0.6186,0.6191,0.6186,0.6191,358606.0
2023-11-23 18:09:00,1700762940.0,0.6191,0.6196,0.6187,0.6195,686130.0
2023-11-23 18:10:00,1700763000.0,0.6194,0.6195,0.6187,0.6188,633574.0
2023-11-23 18:11:00,1700763060.0,0.6189,0.619,0.6177,0.6181,549701.0
2023-11-23 18:12:00,1700763120.0,0.6182,0.6185,0.618,0.6183,106327.0
2023-11-23 18:13:00,1700763180.0,0.6183,0.6183,0.6178,0.6179,93531.0
2023-11-23 18:14:00,1700763240.0,0.6178,0.6185,0.6178,0.6185,177542.0
2023-11-23 18:15:00,1700763300.0,0.6185,0.6186,0.6176,0.6177,267642.0
2023-11-23 18:16:00,1700763360.0,0.6177,0.6183,0.6176,0.6182,191877.0
2023-11-23 18:17:00,1700763420.0,0.6183,0.6189,0.6183,0.6188,149419.0
2023-11-23 18:18:00,1700763480.0,0.6189,0.619,0.6184,0.6186,173403.0
2023-11-23 18:19:00,1700763540.0,0.6185,0.6192,0.6185,0.6192,61892.0
2023-11-23 18:20:00,1700763600.0,0.6192,0.6197,0.619,0.6195,242665.0
2023-11-23 18:21:00,1700763660.0,0.6195,0.6198,0.6194,0.6196,77848.0
2023-11-23 18:22:00,1700763720.0,0.6197,0.6199,0.6196,0.6198,120330.0
2023-11-23 18:23:00,1700763780.0,0.6199,0.62,0.619,0.6194,253919.0
2023-11-23 18:24:00,1700763840.0,0.6193,0.6194,0.6192,0.6193,85089.0
2023-11-23 18:25:00,1700763900.0,0.6193,0.6195,0.6192,0.6194,79620.0
2023-11-23 18:26:00,1700763960.0,0.6195,0.6195,0.6185,0.6188,196822.0
2023-11-23 18:27:00,1700764020.0,0.6189,0.6193,0.6189,0.6189,196295.0
2023-11-23 18:28:00,1700764080.0,0.6189,0.6189,0.6185,0.6186,80671.0
2023-11-23 18:29:00,1700764140.0,0.6186,0.6188,0.6183,0.6188,132300.0
2023-11-23 18:30:00,1700764200.0,0.6187,0.6193,0.6187,0.6192,127748.0
2023-11-23 18:31:00,1700764260.0,0.6191,0.6196,0.6191,0.6195,142334.0
2023-11-23 18:32:00,1700764320.0,0.6195,0.6196,0.6192,0.6193,173220.0
2023-11-23 18:33:00,1700764380.0,0.6193,0.6194,0.6188,0.6192,148350.0
2023-11-23 18:34:00,1700764440.0,0.6193,0.6194,0.6189,0.6189,73580.0
2023-11-23 18:35:00,1700764500.0,0.6189,0.6192,0.6189,0.619,90893.0
2023-11-23 18:36:00,1700764560.0,0.6191,0.6192,0.6187,0.6187,80907.0
2023-11-23 18:37:00,1700764620.0,0.6188,0.6192,0.6187,0.6187,403912.0
2023-11-23 18:38:00,1700764680.0,0.6187,0.619,0.6186,0.6187,45321.0
2023-11-23 18:39:00,1700764740.0,0.6187,0.6187,0.6184,0.6186,47761.0
2023-11-23 18:40:00,1700764800.0,0.6185,0.6189,0.6185,0.6187,63670.0
2023-11-23 18:41:00,1700764860.0,0.6186,0.6188,0.6185,0.6187,100427.0
2023-11-23 18:42:00,1700764920.0,0.6187,0.6188,0.6185,0.6186,71685.0
2023-11-23 18:43:00,1700764980.0,0.6186,0.619,0.6186,0.619,69693.0
2023-11-23 18:44:00,1700765040.0,0.619,0.6192,0.6189,0.6192,55434.0
2023-11-23 18:45:00,1700765100.0,0.6191,0.6195,0.6191,0.6194,81889.0
2023-11-23 18:46:00,1700765160.0,0.6194,0.6196,0.6192,0.6196,99641.0
2023-11-23 18:47:00,1700765220.0,0.6196,0.6196,0.6192,0.6193,67298.0
2023-11-23 18:48:00,1700765280.0,0.6194,0.6195,0.6191,0.6195,106288.0
2023-11-23 18:49:00,1700765340.0,0.6195,0.62,0.6195,0.6196,482949.0
2023-11-23 18:50:00,1700765400.0,0.6197,0.6197,0.619,0.619,99806.0
2023-11-23 18:51:00,1700765460.0,0.6191,0.6195,0.619,0.6191,126599.0
2023-11-23 18:52:00,1700765520.0,0.6191,0.6193,0.619,0.6191,131801.0
2023-11-23 18:53:00,1700765580.0,0.6191,0.6191,0.6189,0.6191,102829.0
2023-11-23 18:54:00,1700765640.0,0.6191,0.6192,0.6189,0.6191,130953.0
2023-11-23 18:55:00,1700765700.0,0.6192,0.6193,0.6188,0.6188,123004.0
2023-11-23 18:56:00,1700765760.0,0.6189,0.6189,0.6179,0.6181,601164.0
2023-11-23 18:57:00,1700765820.0,0.6181,0.6181,0.6175,0.6176,287342.0
2023-11-23 18:58:00,1700765880.0,0.6175,0.618,0.6174,0.6179,114284.0
2023-11-23 18:59:00,1700765940.0,0.6179,0.6181,0.6179,0.618,54448.0
2023-11-23 19:00:00,1700766000.0,0.6179,0.6185,0.6179,0.6181,267698.0
2023-11-23 19:01:00,1700766060.0,0.618,0.6181,0.618,0.6181,25223.0
2023-11-23 19:02:00,1700766120.0,0.618,0.618,0.6171,0.6172,189378.0
2023-11-23 19:03:00,1700766180.0,0.6172,0.6175,0.617,0.617,223074.0
2023-11-23 19:04:00,1700766240.0,0.6171,0.6173,0.6167,0.6172,183227.0
2023-11-23 19:05:00,1700766300.0,0.6172,0.6173,0.617,0.617,136876.0
2023-11-23 19:06:00,1700766360.0,0.6171,0.6175,0.617,0.6174,64266.0
2023-11-23 19:07:00,1700766420.0,0.6175,0.6179,0.6174,0.6179,93020.0
2023-11-23 19:08:00,1700766480.0,0.6179,0.6179,0.6168,0.617,242780.0
2023-11-23 19:09:00,1700766540.0,0.6169,0.6173,0.6168,0.6173,127098.0
2023-11-23 19:10:00,1700766600.0,0.6172,0.6176,0.617,0.6176,113926.0
2023-11-23 19:11:00,1700766660.0,0.6175,0.6175,0.6168,0.6172,206688.0
2023-11-23 19:12:00,1700766720.0,0.6172,0.6176,0.6171,0.6176,57697.0
2023-11-23 19:13:00,1700766780.0,0.6176,0.6176,0.6173,0.6174,63831.0
2023-11-23 19:14:00,1700766840.0,0.6174,0.6176,0.6173,0.6174,95224.0
2023-11-23 19:15:00,1700766900.0,0.6173,0.6191,0.6173,0.619,642329.0
2023-11-23 19:16:00,1700766960.0,0.6189,0.6192,0.6189,0.6192,42870.0
2023-11-23 19:17:00,1700767020.0,0.6192,0.6194,0.6189,0.6192,266134.0
2023-11-23 19:18:00,1700767080.0,0.6192,0.6193,0.6189,0.619,76341.0
2023-11-23 19:19:00,1700767140.0,0.6189,0.6191,0.6188,0.6188,76124.0
2023-11-23 19:20:00,1700767200.0,0.6188,0.6191,0.6186,0.619,170221.0
2023-11-23 19:21:00,1700767260.0,0.619,0.6191,0.6188,0.6189,174939.0
2023-11-23 19:22:00,1700767320.0,0.619,0.6192,0.6187,0.6192,132032.0
2023-11-23 19:23:00,1700767380.0,0.6191,0.6194,0.619,0.6192,142454.0
2023-11-23 19:24:00,1700767440.0,0.6193,0.6194,0.6192,0.6193,153302.0
2023-11-23 19:25:00,1700767500.0,0.6193,0.6194,0.6192,0.6193,83739.0
2023-11-23 19:26:00,1700767560.0,0.6193,0.6194,0.6191,0.6194,121318.0
2023-11-23 19:27:00,1700767620.0,0.6194,0.6207,0.6194,0.6206,411927.0
2023-11-23 19:28:00,1700767680.0,0.6206,0.6209,0.6205,0.6208,234837.0
2023-11-23 19:29:00,1700767740.0,0.6209,0.621,0.6208,0.6208,156233.0
2023-11-23 19:30:00,1700767800.0,0.6208,0.6217,0.6208,0.6217,322670.0
2023-11-23 19:31:00,1700767860.0,0.6216,0.6227,0.621,0.621,524869.0
2023-11-23 19:32:00,1700767920.0,0.6211,0.6222,0.6211,0.6218,356714.0
2023-11-23 19:33:00,1700767980.0,0.6217,0.6221,0.6217,0.6219,254735.0
2023-11-23 19:34:00,1700768040.0,0.6219,0.622,0.6214,0.6214,146243.0
2023-11-23 19:35:00,1700768100.0,0.6214,0.6216,0.6205,0.6214,266868.0
2023-11-23 19:36:00,1700768160.0,0.6214,0.6214,0.6202,0.6206,442996.0
2023-11-23 19:37:00,1700768220.0,0.6207,0.6211,0.6206,0.6206,347500.0
2023-11-23 19:38:00,1700768280.0,0.6206,0.621,0.6205,0.621,167590.0
2023-11-23 19:39:00,1700768340.0,0.621,0.621,0.6204,0.6206,119458.0
2023-11-23 19:40:00,1700768400.0,0.6206,0.6212,0.6203,0.6211,238516.0
2023-11-23 19:41:00,1700768460.0,0.621,0.6211,0.6207,0.621,104486.0
2023-11-23 19:42:00,1700768520.0,0.621,0.6214,0.621,0.6214,82540.0
2023-11-23 19:43:00,1700768580.0,0.6213,0.6217,0.6212,0.6217,231877.0
2023-11-23 19:44:00,1700768640.0,0.6217,0.622,0.6217,0.6217,130357.0
2023-11-23 19:45:00,1700768700.0,0.6217,0.6224,0.6217,0.6223,251181.0
2023-11-23 19:46:00,1700768760.0,0.6223,0.6225,0.6218,0.6218,255344.0
2023-11-23 19:47:00,1700768820.0,0.6219,0.6226,0.6217,0.6224,361968.0
2023-11-23 19:48:00,1700768880.0,0.6224,0.623,0.6221,0.6229,502730.0
2023-11-23 19:49:00,1700768940.0,0.623,0.6235,0.6226,0.6234,316411.0
2023-11-23 19:50:00,1700769000.0,0.6235,0.6238,0.6223,0.6223,585405.0
2023-11-23 19:51:00,1700769060.0,0.6223,0.6227,0.6223,0.6225,283984.0
2023-11-23 19:52:00,1700769120.0,0.6225,0.6225,0.6221,0.6221,162851.0
2023-11-23 19:53:00,1700769180.0,0.6221,0.6221,0.6216,0.6216,98748.0
2023-11-23 19:54:00,1700769240.0,0.6215,0.6216,0.6213,0.6213,110981.0
2023-11-23 19:55:00,1700769300.0,0.6214,0.6219,0.6213,0.6214,200081.0
2023-11-23 19:56:00,1700769360.0,0.6214,0.6218,0.6213,0.6218,222807.0
2023-11-23 19:57:00,1700769420.0,0.6217,0.6219,0.6215,0.6216,95896.0
2023-11-23 19:58:00,1700769480.0,0.6216,0.6217,0.6214,0.6214,79256.0
2023-11-23 19:59:00,1700769540.0,0.6215,0.6218,0.6212,0.6214,279516.0
2023-11-23 20:00:00,1700769600.0,0.6214,0.6217,0.6214,0.6216,158251.0
2023-11-23 20:01:00,1700769660.0,0.6216,0.6225,0.6214,0.6225,436655.0
2023-11-23 20:02:00,1700769720.0,0.6224,0.6225,0.622,0.6222,177391.0
2023-11-23 20:03:00,1700769780.0,0.6222,0.6226,0.6222,0.6223,136644.0
2023-11-23 20:04:00,1700769840.0,0.6224,0.6226,0.6223,0.6226,90490.0
2023-11-23 20:05:00,1700769900.0,0.6226,0.6229,0.6225,0.6227,187754.0
2023-11-23 20:06:00,1700769960.0,0.6228,0.6228,0.622,0.6221,129926.0
2023-11-23 20:07:00,1700770020.0,0.6221,0.6221,0.6216,0.6216,177667.0
2023-11-23 20:08:00,1700770080.0,0.6217,0.6225,0.6216,0.6223,204017.0
2023-11-23 20:09:00,1700770140.0,0.6222,0.6223,0.6217,0.6221,244339.0
2023-11-23 20:10:00,1700770200.0,0.6221,0.6222,0.622,0.6221,121060.0
2023-11-23 20:11:00,1700770260.0,0.6221,0.6227,0.622,0.6227,199220.0
2023-11-23 20:12:00,1700770320.0,0.6226,0.6227,0.6222,0.6226,234945.0
2023-11-23 20:13:00,1700770380.0,0.6226,0.6228,0.6224,0.6225,40684.0
2023-11-23 20:14:00,1700770440.0,0.6225,0.6226,0.6221,0.6221,51378.0
2023-11-23 20:15:00,1700770500.0,0.6222,0.6225,0.6222,0.6223,187947.0
2023-11-23 20:16:00,1700770560.0,0.6223,0.623,0.6222,0.6227,273866.0
2023-11-23 20:17:00,1700770620.0,0.6227,0.6227,0.6222,0.6223,111100.0
2023-11-23 20:18:00,1700770680.0,0.6222,0.6223,0.6214,0.6216,129518.0
2023-11-23 20:19:00,1700770740.0,0.6217,0.6222,0.6217,0.6221,121151.0
2023-11-23 20:20:00,1700770800.0,0.6221,0.6221,0.6217,0.622,233209.0
2023-11-23 20:21:00,1700770860.0,0.622,0.6225,0.622,0.622,131695.0
2023-11-23 20:22:00,1700770920.0,0.622,0.6224,0.622,0.6222,187799.0
2023-11-23 20:23:00,1700770980.0,0.6222,0.623,0.622,0.6222,1076369.0
2023-11-23 20:24:00,1700771040.0,0.6222,0.6225,0.6214,0.6217,897306.0
2023-11-23 20:25:00,1700771100.0,0.6217,0.6219,0.6214,0.6214,215455.0
2023-11-23 20:26:00,1700771160.0,0.6214,0.6219,0.6214,0.6219,143573.0
2023-11-23 20:27:00,1700771220.0,0.6219,0.622,0.6218,0.622,70080.0
2023-11-23 20:28:00,1700771280.0,0.622,0.622,0.6216,0.6217,102693.0
2023-11-23 20:29:00,1700771340.0,0.6217,0.6218,0.6215,0.6216,66866.0
2023-11-23 20:30:00,1700771400.0,0.6215,0.6217,0.6208,0.621,224824.0
2023-11-23 20:31:00,1700771460.0,0.6209,0.621,0.6207,0.6207,41937.0
2023-11-23 20:32:00,1700771520.0,0.6208,0.6209,0.6198,0.6201,254112.0
2023-11-23 20:33:00,1700771580.0,0.6201,0.6203,0.6201,0.6202,75677.0
2023-11-23 20:34:00,1700771640.0,0.6202,0.6202,0.62,0.62,87535.0
2023-11-23 20:35:00,1700771700.0,0.6201,0.6203,0.6195,0.6195,357622.0
2023-11-23 20:36:00,1700771760.0,0.6194,0.6199,0.6194,0.6198,162543.0
2023-11-23 20:37:00,1700771820.0,0.6199,0.6199,0.6193,0.6193,96488.0
2023-11-23 20:38:00,1700771880.0,0.6194,0.6196,0.6192,0.6193,164424.0
2023-11-23 20:39:00,1700771940.0,0.6193,0.6198,0.6192,0.6198,134383.0
2023-11-23 20:40:00,1700772000.0,0.6198,0.62,0.6193,0.6194,93237.0
2023-11-23 20:41:00,1700772060.0,0.6193,0.6194,0.6188,0.6191,356622.0
2023-11-23 20:42:00,1700772120.0,0.6192,0.6195,0.619,0.6191,121325.0
2023-11-23 20:43:00,1700772180.0,0.6192,0.6192,0.6191,0.6191,36668.0
2023-11-23 20:44:00,1700772240.0,0.6192,0.6192,0.6188,0.6189,85647.0
2023-11-23 20:45:00,1700772300.0,0.6188,0.619,0.6182,0.6183,163283.0
2023-11-23 20:46:00,1700772360.0,0.6183,0.6189,0.6183,0.6189,63973.0
2023-11-23 20:47:00,1700772420.0,0.6189,0.619,0.6186,0.6189,88883.0
2023-11-23 20:48:00,1700772480.0,0.6189,0.6193,0.6188,0.6193,165971.0
2023-11-23 20:49:00,1700772540.0,0.6193,0.6195,0.6192,0.6193,142142.0
2023-11-23 20:50:00,1700772600.0,0.6193,0.6194,0.6189,0.6194,102727.0
2023-11-23 20:51:00,1700772660.0,0.6193,0.6199,0.6193,0.6199,159338.0
2023-11-23 20:52:00,1700772720.0,0.6199,0.6199,0.6195,0.6195,231532.0
2023-11-23 20:53:00,1700772780.0,0.6195,0.6196,0.6195,0.6195,36055.0
2023-11-23 20:54:00,1700772840.0,0.6195,0.6196,0.6195,0.6195,39502.0
2023-11-23 20:55:00,1700772900.0,0.6195,0.6195,0.6191,0.6191,374997.0
2023-11-23 20:56:00,1700772960.0,0.6191,0.6191,0.6188,0.6189,287344.0
2023-11-23 20:57:00,1700773020.0,0.6189,0.6196,0.6188,0.6196,86922.0
2023-11-23 20:58:00,1700773080.0,0.6195,0.6196,0.6193,0.6193,31198.0
2023-11-23 20:59:00,1700773140.0,0.6193,0.6194,0.6187,0.6189,107702.0
2023-11-23 21:00:00,1700773200.0,0.6189,0.6192,0.6188,0.6191,74894.0
2023-11-23 21:01:00,1700773260.0,0.6191,0.6195,0.6191,0.6194,87349.0
2023-11-23 21:02:00,1700773320.0,0.6193,0.6196,0.6192,0.6194,150304.0
2023-11-23 21:03:00,1700773380.0,0.6194,0.6196,0.6194,0.6196,32679.0
2023-11-23 21:04:00,1700773440.0,0.6196,0.6196,0.6195,0.6196,20718.0
2023-11-23 21:05:00,1700773500.0,0.6196,0.62,0.6195,0.6199,49197.0
2023-11-23 21:06:00,1700773560.0,0.6199,0.6203,0.6199,0.6201,152098.0
2023-11-23 21:07:00,1700773620.0,0.6202,0.6202,0.6198,0.6198,151164.0
2023-11-23 21:08:00,1700773680.0,0.6198,0.6198,0.6193,0.6197,310502.0
2023-11-23 21:09:00,1700773740.0,0.6198,0.6204,0.6197,0.6202,168370.0
2023-11-23 21:10:00,1700773800.0,0.6202,0.6202,0.6196,0.6197,145419.0
2023-11-23 21:11:00,1700773860.0,0.6196,0.6196,0.6191,0.6195,159103.0
2023-11-23 21:12:00,1700773920.0,0.6195,0.6195,0.6193,0.6194,80555.0
2023-11-23 21:13:00,1700773980.0,0.6194,0.6196,0.6194,0.6195,61306.0
2023-11-23 21:14:00,1700774040.0,0.6196,0.6201,0.6195,0.62,36958.0
2023-11-23 21:15:00,1700774100.0,0.62,0.6202,0.6195,0.6195,135498.0
2023-11-23 21:16:00,1700774160.0,0.6195,0.62,0.6195,0.6195,191005.0
2023-11-23 21:17:00,1700774220.0,0.6195,0.6199,0.6195,0.6198,150149.0
2023-11-23 21:18:00,1700774280.0,0.6198,0.6198,0.6195,0.6195,68853.0
2023-11-23 21:19:00,1700774340.0,0.6195,0.6199,0.6195,0.6198,174091.0
2023-11-23 21:20:00,1700774400.0,0.6198,0.6202,0.6198,0.6201,91408.0
2023-11-23 21:21:00,1700774460.0,0.6202,0.6203,0.6201,0.6201,92899.0
2023-11-23 21:22:00,1700774520.0,0.6201,0.6206,0.6201,0.6203,147693.0
2023-11-23 21:23:00,1700774580.0,0.6203,0.6206,0.6203,0.6205,83079.0
2023-11-23 21:24:00,1700774640.0,0.6205,0.6206,0.6201,0.6201,94234.0
2023-11-23 21:25:00,1700774700.0,0.6201,0.6206,0.6201,0.6202,102352.0
2023-11-23 21:26:00,1700774760.0,0.6203,0.6207,0.62,0.6205,210056.0
2023-11-23 21:27:00,1700774820.0,0.6204,0.6208,0.6204,0.6207,100287.0
2023-11-23 21:28:00,1700774880.0,0.6208,0.621,0.6205,0.621,130631.0
2023-11-23 21:29:00,1700774940.0,0.621,0.6212,0.621,0.621,53813.0
2023-11-23 21:30:00,1700775000.0,0.621,0.6213,0.621,0.6213,33833.0
2023-11-23 21:31:00,1700775060.0,0.6212,0.6213,0.6204,0.6205,62149.0
2023-11-23 21:32:00,1700775120.0,0.6204,0.6209,0.6204,0.6208,117219.0
2023-11-23 21:33:00,1700775180.0,0.6208,0.6208,0.6204,0.6205,177016.0
2023-11-23 21:34:00,1700775240.0,0.6204,0.6205,0.6203,0.6204,102726.0
2023-11-23 21:35:00,1700775300.0,0.6203,0.6208,0.62,0.62,197816.0
2023-11-23 21:36:00,1700775360.0,0.62,0.6204,0.62,0.6204,103494.0
2023-11-23 21:37:00,1700775420.0,0.6203,0.6206,0.6203,0.6204,69975.0
2023-11-23 21:38:00,1700775480.0,0.6204,0.6205,0.6202,0.6203,74293.0
2023-11-23 21:39:00,1700775540.0,0.6202,0.6203,0.62,0.6201,50458.0
2023-11-23 21:40:00,1700775600.0,0.6202,0.6203,0.6197,0.6198,303298.0
2023-11-23 21:41:00,1700775660.0,0.6197,0.6199,0.6197,0.6199,60774.0
2023-11-23 21:42:00,1700775720.0,0.6198,0.6199,0.6195,0.6196,106756.0
2023-11-23 21:43:00,1700775780.0,0.6196,0.6198,0.6195,0.6198,160000.0
2023-11-23 21:44:00,1700775840.0,0.6198,0.6199,0.6196,0.6199,72850.0
2023-11-23 21:45:00,1700775900.0,0.62,0.62,0.6196,0.6196,99270.0
2023-11-23 21:46:00,1700775960.0,0.6195,0.6197,0.6194,0.6196,118120.0
2023-11-23 21:47:00,1700776020.0,0.6196,0.6196,0.6191,0.6195,185374.0
2023-11-23 21:48:00,1700776080.0,0.6196,0.6198,0.6195,0.6196,82049.0
2023-11-23 21:49:00,1700776140.0,0.6195,0.6198,0.6195,0.6197,140097.0
2023-11-23 21:50:00,1700776200.0,0.6198,0.6199,0.6193,0.6194,123223.0
2023-11-23 21:51:00,1700776260.0,0.6194,0.6196,0.6194,0.6196,82107.0
2023-11-23 21:52:00,1700776320.0,0.6195,0.6196,0.6189,0.6189,314300.0
2023-11-23 21:53:00,1700776380.0,0.6189,0.6193,0.6189,0.619,165765.0
2023-11-23 21:54:00,1700776440.0,0.619,0.6191,0.6186,0.6189,196318.0
2023-11-23 21:55:00,1700776500.0,0.6189,0.619,0.6188,0.6188,40590.0
2023-11-23 21:56:00,1700776560.0,0.6188,0.6188,0.6183,0.6183,61244.0
2023-11-23 21:57:00,1700776620.0,0.6183,0.6184,0.6179,0.6184,270859.0
2023-11-23 21:58:00,1700776680.0,0.6184,0.6184,0.6183,0.6184,74401.0
2023-11-23 21:59:00,1700776740.0,0.6184,0.6184,0.6183,0.6184,20411.0
2023-11-23 22:00:00,1700776800.0,0.6184,0.6187,0.6183,0.6187,120957.0
2023-11-23 22:01:00,1700776860.0,0.6186,0.6188,0.6186,0.6188,123199.0
2023-11-23 22:02:00,1700776920.0,0.6187,0.6193,0.6187,0.6192,341414.0
2023-11-23 22:03:00,1700776980.0,0.6192,0.6193,0.6189,0.6193,112437.0
2023-11-23 22:04:00,1700777040.0,0.6192,0.6194,0.6192,0.6193,69509.0
2023-11-23 22:05:00,1700777100.0,0.6193,0.6193,0.619,0.619,140578.0
2023-11-23 22:06:00,1700777160.0,0.6191,0.6193,0.619,0.6193,78757.0
2023-11-23 22:07:00,1700777220.0,0.6193,0.6195,0.6193,0.6195,28181.0
2023-11-23 22:08:00,1700777280.0,0.6195,0.6195,0.6182,0.6185,329439.0
2023-11-23 22:09:00,1700777340.0,0.6185,0.6186,0.6185,0.6186,48315.0
2023-11-23 22:10:00,1700777400.0,0.6185,0.6186,0.6185,0.6185,63424.0
2023-11-23 22:11:00,1700777460.0,0.6185,0.6186,0.6185,0.6185,133629.0
2023-11-23 22:12:00,1700777520.0,0.6185,0.6186,0.6182,0.6183,55315.0
2023-11-23 22:13:00,1700777580.0,0.6183,0.6183,0.618,0.6183,192624.0
2023-11-23 22:14:00,1700777640.0,0.6183,0.6183,0.618,0.6181,128836.0
2023-11-23 22:15:00,1700777700.0,0.618,0.6182,0.618,0.6181,72316.0
2023-11-23 22:16:00,1700777760.0,0.6181,0.6182,0.6181,0.6181,42067.0
2023-11-23 22:17:00,1700777820.0,0.6181,0.6182,0.6181,0.6182,26929.0
2023-11-23 22:18:00,1700777880.0,0.6182,0.6186,0.6181,0.6186,166804.0
2023-11-23 22:19:00,1700777940.0,0.6186,0.6188,0.6185,0.6188,65713.0
2023-11-23 22:20:00,1700778000.0,0.6187,0.6188,0.6185,0.6186,80205.0
2023-11-23 22:21:00,1700778060.0,0.6186,0.6186,0.6178,0.618,127436.0
2023-11-23 22:22:00,1700778120.0,0.6181,0.6187,0.6181,0.6186,55412.0
2023-11-23 22:23:00,1700778180.0,0.6187,0.6187,0.6182,0.6183,91937.0
2023-11-23 22:24:00,1700778240.0,0.6182,0.6183,0.618,0.6181,115606.0
2023-11-23 22:25:00,1700778300.0,0.6181,0.6182,0.6179,0.618,68850.0
2023-11-23 22:26:00,1700778360.0,0.6179,0.6181,0.6179,0.618,55643.0
2023-11-23 22:27:00,1700778420.0,0.6181,0.6182,0.618,0.6181,159161.0
2023-11-23 22:28:00,1700778480.0,0.6181,0.6181,0.618,0.6181,17795.0
2023-11-23 22:29:00,1700778540.0,0.6181,0.6184,0.618,0.6184,119519.0
2023-11-23 22:30:00,1700778600.0,0.6183,0.6185,0.6183,0.6185,39080.0
2023-11-23 22:31:00,1700778660.0,0.6185,0.6185,0.6184,0.6184,74653.0
2023-11-23 22:32:00,1700778720.0,0.6184,0.6185,0.6183,0.6184,209055.0
2023-11-23 22:33:00,1700778780.0,0.6184,0.6185,0.6184,0.6184,29588.0
2023-11-23 22:34:00,1700778840.0,0.6184,0.6185,0.6183,0.6183,70686.0
2023-11-23 22:35:00,1700778900.0,0.6184,0.6184,0.6182,0.6183,37501.0
2023-11-23 22:36:00,1700778960.0,0.6183,0.6187,0.6183,0.6187,159290.0
2023-11-23 22:37:00,1700779020.0,0.6186,0.6187,0.6181,0.6182,118477.0
2023-11-23 22:38:00,1700779080.0,0.6181,0.6182,0.6181,0.6182,36800.0
2023-11-23 22:39:00,1700779140.0,0.6182,0.6182,0.6181,0.6182,14238.0
2023-11-23 22:40:00,1700779200.0,0.6181,0.6183,0.6181,0.6181,67740.0
2023-11-23 22:41:00,1700779260.0,0.6182,0.6182,0.6181,0.6182,38295.0
2023-11-23 22:42:00,1700779320.0,0.6181,0.6184,0.6179,0.6184,206251.0
2023-11-23 22:43:00,1700779380.0,0.6183,0.6184,0.618,0.6183,130833.0
2023-11-23 22:44:00,1700779440.0,0.6183,0.6185,0.6183,0.6184,39574.0
2023-11-23 22:45:00,1700779500.0,0.6185,0.6185,0.6184,0.6184,17127.0
2023-11-23 22:46:00,1700779560.0,0.6184,0.6189,0.6184,0.6188,98469.0
2023-11-23 22:47:00,1700779620.0,0.6188,0.6189,0.6188,0.6188,46642.0
2023-11-23 22:48:00,1700779680.0,0.6188,0.6189,0.6188,0.6188,65321.0
2023-11-23 22:49:00,1700779740.0,0.6188,0.6189,0.6187,0.6188,21620.0
2023-11-23 22:50:00,1700779800.0,0.6188,0.6193,0.6187,0.6193,127654.0
2023-11-23 22:51:00,1700779860.0,0.6193,0.6196,0.6193,0.6196,134831.0
2023-11-23 22:52:00,1700779920.0,0.6196,0.6199,0.6195,0.6197,145638.0
2023-11-23 22:53:00,1700779980.0,0.6197,0.6204,0.6197,0.6204,186918.0
2023-11-23 22:54:00,1700780040.0,0.6203,0.6204,0.6199,0.62,121500.0
2023-11-23 22:55:00,1700780100.0,0.6201,0.6201,0.62,0.6201,154538.0
2023-11-23 22:56:00,1700780160.0,0.6201,0.6201,0.62,0.62,127983.0
2023-11-23 22:57:00,1700780220.0,0.62,0.6201,0.6199,0.6201,207475.0
2023-11-23 22:58:00,1700780280.0,0.6201,0.6201,0.6199,0.62,112088.0
2023-11-23 22:59:00,1700780340.0,0.6199,0.6205,0.6199,0.6204,106987.0
2023-11-23 23:00:00,1700780400.0,0.6204,0.6208,0.6204,0.6207,138717.0
2023-11-23 23:01:00,1700780460.0,0.6208,0.6209,0.6207,0.6207,56275.0
2023-11-23 23:02:00,1700780520.0,0.6208,0.6208,0.6204,0.6208,137166.0
2023-11-23 23:03:00,1700780580.0,0.6209,0.6209,0.6207,0.6208,97086.0
2023-11-23 23:04:00,1700780640.0,0.6209,0.6209,0.6207,0.6207,93450.0
2023-11-23 23:05:00,1700780700.0,0.6207,0.6208,0.6207,0.6207,62084.0
2023-11-23 23:06:00,1700780760.0,0.6207,0.6212,0.6207,0.6211,256264.0
2023-11-23 23:07:00,1700780820.0,0.6212,0.6212,0.6206,0.6208,271466.0
2023-11-23 23:08:00,1700780880.0,0.6208,0.6208,0.6204,0.6207,93223.0
2023-11-23 23:09:00,1700780940.0,0.6207,0.6209,0.6206,0.6208,38929.0
2023-11-23 23:10:00,1700781000.0,0.6208,0.6208,0.6204,0.6205,72980.0
2023-11-23 23:11:00,1700781060.0,0.6205,0.6205,0.6204,0.6204,79088.0
2023-11-23 23:12:00,1700781120.0,0.6204,0.6205,0.6203,0.6204,90800.0
2023-11-23 23:13:00,1700781180.0,0.6204,0.621,0.6204,0.6209,223799.0
2023-11-23 23:14:00,1700781240.0,0.6209,0.6212,0.6209,0.6209,163828.0
2023-11-23 23:15:00,1700781300.0,0.621,0.6211,0.6208,0.6208,92683.0
2023-11-23 23:16:00,1700781360.0,0.6208,0.6208,0.6204,0.6205,75009.0
2023-11-23 23:17:00,1700781420.0,0.6204,0.6207,0.6204,0.6206,75323.0
2023-11-23 23:18:00,1700781480.0,0.6207,0.6207,0.6203,0.6203,169547.0
2023-11-23 23:19:00,1700781540.0,0.6203,0.6204,0.62,0.62,118335.0
2023-11-23 23:20:00,1700781600.0,0.62,0.62,0.6197,0.6198,191841.0
2023-11-23 23:21:00,1700781660.0,0.6198,0.62,0.6198,0.6199,54782.0
2023-11-23 23:22:00,1700781720.0,0.62,0.6205,0.6199,0.6205,84348.0
2023-11-23 23:23:00,1700781780.0,0.6204,0.6205,0.62,0.6202,207143.0
2023-11-23 23:24:00,1700781840.0,0.6202,0.6203,0.62,0.62,72578.0
2023-11-23 23:25:00,1700781900.0,0.6201,0.6203,0.6199,0.6199,82966.0
2023-11-23 23:26:00,1700781960.0,0.6199,0.6204,0.6199,0.6202,261418.0
2023-11-23 23:27:00,1700782020.0,0.6202,0.6203,0.62,0.6201,245035.0
2023-11-23 23:28:00,1700782080.0,0.62,0.62,0.6197,0.6197,189647.0
2023-11-23 23:29:00,1700782140.0,0.6198,0.6203,0.6197,0.6202,622871.0
2023-11-23 23:30:00,1700782200.0,0.6201,0.6203,0.62,0.6203,215692.0
2023-11-23 23:31:00,1700782260.0,0.6203,0.6207,0.6203,0.6206,190999.0
2023-11-23 23:32:00,1700782320.0,0.6207,0.6208,0.6205,0.6208,289252.0
2023-11-23 23:33:00,1700782380.0,0.6208,0.6211,0.6207,0.6208,177037.0
2023-11-23 23:34:00,1700782440.0,0.6208,0.6208,0.6207,0.6207,75515.0
2023-11-23 23:35:00,1700782500.0,0.6207,0.6207,0.6205,0.6205,181966.0
2023-11-23 23:36:00,1700782560.0,0.6205,0.6208,0.6205,0.6206,255818.0
2023-11-23 23:37:00,1700782620.0,0.6206,0.6208,0.6206,0.6206,56328.0
2023-11-23 23:38:00,1700782680.0,0.6207,0.6209,0.6207,0.6209,214464.0
2023-11-23 23:39:00,1700782740.0,0.6208,0.6209,0.6205,0.6209,299583.0
2023-11-23 23:40:00,1700782800.0,0.6209,0.621,0.6209,0.6209,59720.0
2023-11-23 23:41:00,1700782860.0,0.6209,0.6212,0.6209,0.6211,107675.0
2023-11-23 23:42:00,1700782920.0,0.6211,0.6212,0.6208,0.6208,135342.0
2023-11-23 23:43:00,1700782980.0,0.6208,0.6212,0.6208,0.6211,185302.0
2023-11-23 23:44:00,1700783040.0,0.6211,0.6211,0.621,0.621,49994.0
2023-11-23 23:45:00,1700783100.0,0.621,0.621,0.6208,0.6208,163465.0
2023-11-23 23:46:00,1700783160.0,0.6208,0.6209,0.6207,0.6208,116139.0
2023-11-23 23:47:00,1700783220.0,0.6209,0.621,0.6208,0.6209,100352.0
2023-11-23 23:48:00,1700783280.0,0.6209,0.6209,0.6206,0.6206,89960.0
2023-11-23 23:49:00,1700783340.0,0.6205,0.6205,0.6202,0.6202,104179.0
2023-11-23 23:50:00,1700783400.0,0.6202,0.6203,0.6199,0.62,58974.0
2023-11-23 23:51:00,1700783460.0,0.6199,0.6202,0.6199,0.62,203910.0
2023-11-23 23:52:00,1700783520.0,0.6201,0.6202,0.6199,0.62,154527.0
2023-11-23 23:53:00,1700783580.0,0.6199,0.6201,0.6199,0.62,124933.0
2023-11-23 23:54:00,1700783640.0,0.62,0.6202,0.62,0.6201,59390.0
2023-11-23 23:55:00,1700783700.0,0.6201,0.6201,0.6197,0.6197,80938.0
2023-11-23 23:56:00,1700783760.0,0.6198,0.6201,0.6197,0.62,139854.0
2023-11-23 23:57:00,1700783820.0,0.62,0.62,0.6199,0.6199,127973.0
2023-11-23 23:58:00,1700783880.0,0.6199,0.6199,0.6198,0.6199,63643.0
2023-11-23 23:59:00,1700783940.0,0.6198,0.6209,0.6198,0.6209,387750.0
