Universal Time,Unix Time,Open,High,Low,Close,Volume
2020-09-28 00:00:00,1601251200.0,10.8,10.84,10.7999,10.82,12484.73
2020-09-28 00:01:00,1601251260.0,10.8187,10.887,10.8167,10.852,33173.12
2020-09-28 00:02:00,1601251320.0,10.8499,10.9,10.8367,10.8551,33651.85
2020-09-28 00:03:00,1601251380.0,10.8589,10.8824,10.8486,10.8592,15594.56
2020-09-28 00:04:00,1601251440.0,10.8627,10.8721,10.8108,10.8218,12537.82
2020-09-28 00:05:00,1601251500.0,10.826,10.8529,10.823,10.833,11205.9
2020-09-28 00:06:00,1601251560.0,10.8306,10.8604,10.8219,10.8219,4595.45
2020-09-28 00:07:00,1601251620.0,10.826,10.8509,10.812,10.8368,9713.32
2020-09-28 00:08:00,1601251680.0,10.8363,10.8472,10.8024,10.8237,14962.11
2020-09-28 00:09:00,1601251740.0,10.8219,10.833,10.8001,10.8076,7599.35
2020-09-28 00:10:00,1601251800.0,10.8072,10.8277,10.8,10.8238,9898.07
2020-09-28 00:11:00,1601251860.0,10.827,10.83,10.8121,10.8121,2350.63
2020-09-28 00:12:00,1601251920.0,10.814,10.8249,10.8113,10.8195,2905.39
2020-09-28 00:13:00,1601251980.0,10.8119,10.8412,10.8105,10.8345,5658.39
2020-09-28 00:14:00,1601252040.0,10.8366,10.85,10.8218,10.8295,10275.08
2020-09-28 00:15:00,1601252100.0,10.8269,10.88,10.8269,10.8727,17423.77
2020-09-28 00:16:00,1601252160.0,10.8734,10.8936,10.8579,10.8913,16904.01
2020-09-28 00:17:00,1601252220.0,10.8938,10.91,10.8785,10.909,17778.84
2020-09-28 00:18:00,1601252280.0,10.9061,10.9477,10.8969,10.9393,28530.53
2020-09-28 00:19:00,1601252340.0,10.9466,10.9878,10.9427,10.9689,32900.07
2020-09-28 00:20:00,1601252400.0,10.9689,10.9838,10.9582,10.9718,17917.68
2020-09-28 00:21:00,1601252460.0,10.9722,10.99,10.9589,10.9603,16253.22
2020-09-28 00:22:00,1601252520.0,10.967,10.9918,10.9566,10.9614,10241.46
2020-09-28 00:23:00,1601252580.0,10.957,10.9669,10.9048,10.907,24697.15
2020-09-28 00:24:00,1601252640.0,10.9049,10.9273,10.8951,10.9229,10844.15
2020-09-28 00:25:00,1601252700.0,10.918,10.942,10.91,10.9187,16215.18
2020-09-28 00:26:00,1601252760.0,10.9193,10.9237,10.8892,10.8904,10078.33
2020-09-28 00:27:00,1601252820.0,10.8906,10.945,10.8892,10.9278,17476.84
2020-09-28 00:28:00,1601252880.0,10.9206,10.9281,10.9075,10.9173,6848.3
2020-09-28 00:29:00,1601252940.0,10.9099,10.9318,10.9,10.9226,6621.6
2020-09-28 00:30:00,1601253000.0,10.9312,10.9501,10.9251,10.9457,10678.12
2020-09-28 00:31:00,1601253060.0,10.9458,10.9458,10.9125,10.9266,6118.53
2020-09-28 00:32:00,1601253120.0,10.9289,10.9289,10.8935,10.9022,12302.69
2020-09-28 00:33:00,1601253180.0,10.8999,10.8999,10.8763,10.8907,10175.96
2020-09-28 00:34:00,1601253240.0,10.8925,10.895,10.8611,10.8876,10783.89
2020-09-28 00:35:00,1601253300.0,10.8933,10.9035,10.8797,10.8797,4601.26
2020-09-28 00:36:00,1601253360.0,10.8891,10.9,10.8808,10.8808,4187.11
2020-09-28 00:37:00,1601253420.0,10.8803,10.9339,10.8803,10.9266,13055.91
2020-09-28 00:38:00,1601253480.0,10.923,10.923,10.9033,10.9148,3044.89
2020-09-28 00:39:00,1601253540.0,10.9096,10.9273,10.9036,10.9144,2143.53
2020-09-28 00:40:00,1601253600.0,10.9158,10.9472,10.9158,10.9366,4513.1
2020-09-28 00:41:00,1601253660.0,10.9348,10.9348,10.9147,10.9239,4511.35
2020-09-28 00:42:00,1601253720.0,10.9281,10.9457,10.9263,10.9457,2939.99
2020-09-28 00:43:00,1601253780.0,10.9335,10.977,10.9335,10.977,14539.25
2020-09-28 00:44:00,1601253840.0,10.9768,11.0332,10.9632,11.0332,41014.27
2020-09-28 00:45:00,1601253900.0,11.0224,11.07,11.0016,11.0424,43108.59
2020-09-28 00:46:00,1601253960.0,11.0438,11.0537,11.0213,11.0336,18440.38
2020-09-28 00:47:00,1601254020.0,11.0287,11.0304,10.9699,10.9903,24027.75
2020-09-28 00:48:00,1601254080.0,10.9946,11.0214,10.9792,11.0135,11609.91
2020-09-28 00:49:00,1601254140.0,11.0083,11.0375,10.9852,10.9852,16474.1
2020-09-28 00:50:00,1601254200.0,10.9842,11.0115,10.9842,10.9957,4984.1
2020-09-28 00:51:00,1601254260.0,10.9984,11.0092,10.9876,11.0037,6026.8
2020-09-28 00:52:00,1601254320.0,11.0037,11.0079,10.9743,10.978,5998.59
2020-09-28 00:53:00,1601254380.0,10.9727,10.9727,10.9121,10.9319,17098.33
2020-09-28 00:54:00,1601254440.0,10.9352,10.9421,10.9135,10.9398,10400.07
2020-09-28 00:55:00,1601254500.0,10.945,10.9698,10.9327,10.9526,9399.72
2020-09-28 00:56:00,1601254560.0,10.9468,10.9561,10.9405,10.9405,3827.26
2020-09-28 00:57:00,1601254620.0,10.9485,10.975,10.9405,10.9416,9671.24
2020-09-28 00:58:00,1601254680.0,10.9422,10.962,10.9265,10.9265,8496.54
2020-09-28 00:59:00,1601254740.0,10.926,10.9395,10.9233,10.9339,2755.38
2020-09-28 01:00:00,1601254800.0,10.9323,10.9521,10.9268,10.9309,3940.4
2020-09-28 01:01:00,1601254860.0,10.9343,10.9474,10.917,10.921,7202.74
2020-09-28 01:02:00,1601254920.0,10.9207,10.9453,10.9207,10.933,9929.2
2020-09-28 01:03:00,1601254980.0,10.9344,10.955,10.9171,10.925,9489.0
2020-09-28 01:04:00,1601255040.0,10.9297,10.9377,10.8843,10.8899,15264.57
2020-09-28 01:05:00,1601255100.0,10.89,10.9157,10.882,10.9127,10401.3
2020-09-28 01:06:00,1601255160.0,10.9083,10.9292,10.9,10.9188,1843.99
2020-09-28 01:07:00,1601255220.0,10.9204,10.9246,10.9021,10.9067,2853.41
2020-09-28 01:08:00,1601255280.0,10.9021,10.9223,10.8792,10.9109,12590.02
2020-09-28 01:09:00,1601255340.0,10.9099,10.9296,10.9074,10.9296,3466.04
2020-09-28 01:10:00,1601255400.0,10.93,10.9411,10.918,10.9211,8000.9
2020-09-28 01:11:00,1601255460.0,10.9238,10.931,10.9032,10.9081,3417.12
2020-09-28 01:12:00,1601255520.0,10.9066,10.9377,10.8976,10.9062,6881.23
2020-09-28 01:13:00,1601255580.0,10.9125,10.9251,10.9054,10.9125,2750.71
2020-09-28 01:14:00,1601255640.0,10.9044,10.91,10.886,10.895,7872.17
2020-09-28 01:15:00,1601255700.0,10.889,10.8951,10.8602,10.8832,12891.72
2020-09-28 01:16:00,1601255760.0,10.8833,10.8847,10.8593,10.8704,5338.45
2020-09-28 01:17:00,1601255820.0,10.8671,10.8924,10.8671,10.8854,3575.67
2020-09-28 01:18:00,1601255880.0,10.89,10.8951,10.8747,10.8951,1909.07
2020-09-28 01:19:00,1601255940.0,10.8873,10.8935,10.8781,10.8786,2595.74
2020-09-28 01:20:00,1601256000.0,10.8758,10.884,10.8633,10.8792,4470.14
2020-09-28 01:21:00,1601256060.0,10.884,10.8966,10.8742,10.8927,3809.29
2020-09-28 01:22:00,1601256120.0,10.8962,10.9102,10.8915,10.8951,12399.02
2020-09-28 01:23:00,1601256180.0,10.8951,10.906,10.8891,10.9022,2392.99
2020-09-28 01:24:00,1601256240.0,10.9023,10.9023,10.8843,10.8882,3646.33
2020-09-28 01:25:00,1601256300.0,10.888,10.9084,10.8868,10.8979,15483.92
2020-09-28 01:26:00,1601256360.0,10.8979,10.9081,10.8926,10.9033,5199.09
2020-09-28 01:27:00,1601256420.0,10.9032,10.9032,10.8702,10.8702,5381.56
2020-09-28 01:28:00,1601256480.0,10.878,10.8944,10.8679,10.8944,3551.27
2020-09-28 01:29:00,1601256540.0,10.8859,10.8863,10.8635,10.8694,911.98
2020-09-28 01:30:00,1601256600.0,10.8635,10.8653,10.8299,10.8504,16790.62
2020-09-28 01:31:00,1601256660.0,10.85,10.859,10.8361,10.8374,11468.22
2020-09-28 01:32:00,1601256720.0,10.8462,10.8574,10.8455,10.8532,1756.01
2020-09-28 01:33:00,1601256780.0,10.8497,10.8544,10.83,10.84,8235.19
2020-09-28 01:34:00,1601256840.0,10.8334,10.8481,10.8306,10.8475,2074.17
2020-09-28 01:35:00,1601256900.0,10.8448,10.8521,10.8351,10.8466,4153.13
2020-09-28 01:36:00,1601256960.0,10.8492,10.8604,10.844,10.8558,3343.84
2020-09-28 01:37:00,1601257020.0,10.8551,10.8619,10.8469,10.8579,2560.69
2020-09-28 01:38:00,1601257080.0,10.8609,10.8627,10.8524,10.856,2740.54
2020-09-28 01:39:00,1601257140.0,10.8547,10.855,10.83,10.8348,2594.8
2020-09-28 01:40:00,1601257200.0,10.8396,10.8541,10.835,10.835,5630.94
2020-09-28 01:41:00,1601257260.0,10.836,10.8485,10.834,10.8444,3415.62
2020-09-28 01:42:00,1601257320.0,10.8404,10.8404,10.7826,10.7904,25455.14
2020-09-28 01:43:00,1601257380.0,10.7881,10.82,10.7881,10.8101,17091.44
2020-09-28 01:44:00,1601257440.0,10.8147,10.8322,10.8118,10.8262,3022.71
2020-09-28 01:45:00,1601257500.0,10.8312,10.8489,10.8214,10.8214,3515.27
2020-09-28 01:46:00,1601257560.0,10.816,10.8199,10.8121,10.8175,956.83
2020-09-28 01:47:00,1601257620.0,10.8218,10.8264,10.7957,10.8157,12030.97
2020-09-28 01:48:00,1601257680.0,10.8111,10.8357,10.8111,10.8129,8574.86
2020-09-28 01:49:00,1601257740.0,10.8129,10.8264,10.7983,10.8251,5345.73
2020-09-28 01:50:00,1601257800.0,10.8279,10.828,10.8209,10.8273,1856.24
2020-09-28 01:51:00,1601257860.0,10.8273,10.8295,10.8158,10.8192,4017.42
2020-09-28 01:52:00,1601257920.0,10.8185,10.8333,10.8185,10.8302,3685.03
2020-09-28 01:53:00,1601257980.0,10.8283,10.8335,10.8193,10.8256,1466.6
2020-09-28 01:54:00,1601258040.0,10.8293,10.8352,10.825,10.8323,1508.56
2020-09-28 01:55:00,1601258100.0,10.8282,10.8282,10.8045,10.8134,3694.27
2020-09-28 01:56:00,1601258160.0,10.8126,10.8248,10.8041,10.8225,6006.95
2020-09-28 01:57:00,1601258220.0,10.8226,10.8333,10.8223,10.8305,5123.79
2020-09-28 01:58:00,1601258280.0,10.8352,10.8421,10.8279,10.8382,4405.36
2020-09-28 01:59:00,1601258340.0,10.8392,10.8601,10.8337,10.8601,7203.72
2020-09-28 02:00:00,1601258400.0,10.8555,10.8723,10.8389,10.8394,8197.24
2020-09-28 02:01:00,1601258460.0,10.84,10.8613,10.84,10.8531,1865.66
2020-09-28 02:02:00,1601258520.0,10.8502,10.861,10.8429,10.8429,3110.15
2020-09-28 02:03:00,1601258580.0,10.8446,10.8523,10.8416,10.8463,253.28
2020-09-28 02:04:00,1601258640.0,10.8462,10.8603,10.8416,10.8519,1931.34
2020-09-28 02:05:00,1601258700.0,10.8528,10.8642,10.8287,10.8361,6057.85
2020-09-28 02:06:00,1601258760.0,10.839,10.8553,10.8264,10.8359,12597.35
2020-09-28 02:07:00,1601258820.0,10.8359,10.8448,10.8326,10.8439,1560.75
2020-09-28 02:08:00,1601258880.0,10.8377,10.845,10.8377,10.8449,477.24
2020-09-28 02:09:00,1601258940.0,10.8444,10.8444,10.8107,10.8127,10167.87
2020-09-28 02:10:00,1601259000.0,10.8141,10.8348,10.8101,10.8196,6033.87
2020-09-28 02:11:00,1601259060.0,10.8228,10.8306,10.8228,10.8303,1960.66
2020-09-28 02:12:00,1601259120.0,10.8256,10.8291,10.8101,10.8101,3196.34
2020-09-28 02:13:00,1601259180.0,10.8183,10.8313,10.8,10.8026,5669.84
2020-09-28 02:14:00,1601259240.0,10.804,10.8107,10.7908,10.7969,1814.03
2020-09-28 02:15:00,1601259300.0,10.7966,10.8088,10.7948,10.8088,1533.97
2020-09-28 02:16:00,1601259360.0,10.804,10.8229,10.8039,10.82,6538.47
2020-09-28 02:17:00,1601259420.0,10.8289,10.832,10.822,10.822,1464.92
2020-09-28 02:18:00,1601259480.0,10.8256,10.8339,10.82,10.8339,7246.12
2020-09-28 02:19:00,1601259540.0,10.8313,10.834,10.8202,10.834,2728.54
2020-09-28 02:20:00,1601259600.0,10.8356,10.8463,10.8323,10.8323,2954.11
2020-09-28 02:21:00,1601259660.0,10.8282,10.8507,10.8282,10.8484,2166.97
2020-09-28 02:22:00,1601259720.0,10.8485,10.8576,10.8476,10.8533,2715.89
2020-09-28 02:23:00,1601259780.0,10.8488,10.8514,10.8259,10.8335,2231.46
2020-09-28 02:24:00,1601259840.0,10.8387,10.8388,10.8101,10.8278,3154.01
2020-09-28 02:25:00,1601259900.0,10.8262,10.8296,10.8148,10.8151,2670.94
2020-09-28 02:26:00,1601259960.0,10.8183,10.8349,10.8109,10.8181,4067.85
2020-09-28 02:27:00,1601260020.0,10.8164,10.8167,10.788,10.7973,7479.13
2020-09-28 02:28:00,1601260080.0,10.7933,10.7991,10.7877,10.7899,4428.55
2020-09-28 02:29:00,1601260140.0,10.7889,10.7936,10.7572,10.7784,11129.87
2020-09-28 02:30:00,1601260200.0,10.7762,10.794,10.7709,10.786,4507.57
2020-09-28 02:31:00,1601260260.0,10.7897,10.7973,10.7853,10.7946,2193.56
2020-09-28 02:32:00,1601260320.0,10.7858,10.7858,10.7642,10.7642,823.76
2020-09-28 02:33:00,1601260380.0,10.7717,10.7785,10.7673,10.7752,220.48
2020-09-28 02:34:00,1601260440.0,10.7742,10.79,10.7742,10.7863,3092.36
2020-09-28 02:35:00,1601260500.0,10.7863,10.7922,10.7833,10.7833,4912.45
2020-09-28 02:36:00,1601260560.0,10.7799,10.7833,10.77,10.7833,2728.02
2020-09-28 02:37:00,1601260620.0,10.7859,10.792,10.7799,10.7832,378.03
2020-09-28 02:38:00,1601260680.0,10.7849,10.785,10.7703,10.7749,898.01
2020-09-28 02:39:00,1601260740.0,10.7754,10.7782,10.7712,10.7746,1075.02
2020-09-28 02:40:00,1601260800.0,10.7745,10.7832,10.7601,10.7601,5770.1
2020-09-28 02:41:00,1601260860.0,10.7713,10.7729,10.7608,10.7608,422.8
2020-09-28 02:42:00,1601260920.0,10.7675,10.7719,10.7601,10.7607,1635.7
2020-09-28 02:43:00,1601260980.0,10.7664,10.7664,10.7231,10.7273,14241.13
2020-09-28 02:44:00,1601261040.0,10.7282,10.7405,10.7105,10.7113,6153.88
2020-09-28 02:45:00,1601261100.0,10.7113,10.7473,10.7105,10.7473,10391.42
2020-09-28 02:46:00,1601261160.0,10.75,10.7687,10.74,10.7546,5807.84
2020-09-28 02:47:00,1601261220.0,10.7559,10.7727,10.7559,10.7626,735.31
2020-09-28 02:48:00,1601261280.0,10.76,10.785,10.76,10.7779,4534.3
2020-09-28 02:49:00,1601261340.0,10.7813,10.7876,10.7743,10.7835,3484.08
2020-09-28 02:50:00,1601261400.0,10.7776,10.8037,10.7776,10.7889,5241.29
2020-09-28 02:51:00,1601261460.0,10.79,10.8038,10.79,10.7957,510.09
2020-09-28 02:52:00,1601261520.0,10.7958,10.807,10.7762,10.7798,2607.56
2020-09-28 02:53:00,1601261580.0,10.7798,10.7823,10.7712,10.7761,435.83
2020-09-28 02:54:00,1601261640.0,10.7777,10.7864,10.7742,10.7864,716.4
2020-09-28 02:55:00,1601261700.0,10.7856,10.7998,10.7727,10.781,1926.83
2020-09-28 02:56:00,1601261760.0,10.7797,10.7876,10.7797,10.784,656.79
2020-09-28 02:57:00,1601261820.0,10.7839,10.8031,10.781,10.8031,5748.74
2020-09-28 02:58:00,1601261880.0,10.7994,10.7994,10.7807,10.7886,3331.16
2020-09-28 02:59:00,1601261940.0,10.79,10.795,10.7882,10.795,3144.87
2020-09-28 03:00:00,1601262000.0,10.8,10.82,10.8,10.8097,9338.1
2020-09-28 03:01:00,1601262060.0,10.8046,10.8104,10.7996,10.8092,3616.98
2020-09-28 03:02:00,1601262120.0,10.8059,10.8099,10.7994,10.7998,3868.87
2020-09-28 03:03:00,1601262180.0,10.7997,10.8034,10.7889,10.7984,3365.63
2020-09-28 03:04:00,1601262240.0,10.7967,10.797,10.77,10.7887,7128.4
2020-09-28 03:05:00,1601262300.0,10.7842,10.7862,10.7769,10.7825,2019.62
2020-09-28 03:06:00,1601262360.0,10.7799,10.7799,10.7373,10.7418,7394.8
2020-09-28 03:07:00,1601262420.0,10.7479,10.7489,10.7351,10.7387,4869.44
2020-09-28 03:08:00,1601262480.0,10.735,10.7361,10.7247,10.7303,2616.94
2020-09-28 03:09:00,1601262540.0,10.7287,10.7598,10.7287,10.7572,11843.19
2020-09-28 03:10:00,1601262600.0,10.7571,10.7663,10.7503,10.7503,2215.4
2020-09-28 03:11:00,1601262660.0,10.7503,10.7623,10.745,10.745,2276.49
2020-09-28 03:12:00,1601262720.0,10.7455,10.7564,10.7399,10.7511,1957.07
2020-09-28 03:13:00,1601262780.0,10.755,10.755,10.755,10.755,38.38
2020-09-28 03:14:00,1601262840.0,10.7434,10.751,10.7349,10.7349,1639.65
2020-09-28 03:15:00,1601262900.0,10.7402,10.7402,10.7277,10.7314,513.54
2020-09-28 03:16:00,1601262960.0,10.7314,10.7442,10.7242,10.7269,6384.43
2020-09-28 03:17:00,1601263020.0,10.7264,10.7291,10.7242,10.7261,15554.08
2020-09-28 03:18:00,1601263080.0,10.7244,10.7396,10.7242,10.73,5105.42
2020-09-28 03:19:00,1601263140.0,10.7256,10.7332,10.7249,10.7267,557.73
2020-09-28 03:20:00,1601263200.0,10.7266,10.7295,10.7185,10.7293,6685.98
2020-09-28 03:21:00,1601263260.0,10.7303,10.7372,10.7303,10.7311,2784.64
2020-09-28 03:22:00,1601263320.0,10.7275,10.7277,10.7164,10.7208,3215.0
2020-09-28 03:23:00,1601263380.0,10.7164,10.7221,10.7138,10.7138,506.62
2020-09-28 03:24:00,1601263440.0,10.7179,10.7304,10.7176,10.7222,2686.95
2020-09-28 03:25:00,1601263500.0,10.7222,10.7343,10.6897,10.7291,39041.46
2020-09-28 03:26:00,1601263560.0,10.7291,10.7291,10.7074,10.7178,4371.07
2020-09-28 03:27:00,1601263620.0,10.7179,10.7225,10.7061,10.7061,1524.29
2020-09-28 03:28:00,1601263680.0,10.7073,10.7097,10.6904,10.709,3244.31
2020-09-28 03:29:00,1601263740.0,10.7082,10.7082,10.6866,10.6986,3647.58
2020-09-28 03:30:00,1601263800.0,10.7036,10.717,10.6932,10.7004,4289.87
2020-09-28 03:31:00,1601263860.0,10.7085,10.7171,10.7017,10.7171,6024.39
2020-09-28 03:32:00,1601263920.0,10.7139,10.7235,10.7092,10.7092,2284.06
2020-09-28 03:33:00,1601263980.0,10.7098,10.7123,10.704,10.7123,847.8
2020-09-28 03:34:00,1601264040.0,10.7101,10.7219,10.7,10.7011,4999.59
2020-09-28 03:35:00,1601264100.0,10.7054,10.73,10.7054,10.73,3522.72
2020-09-28 03:36:00,1601264160.0,10.7285,10.749,10.7263,10.7317,5819.27
2020-09-28 03:37:00,1601264220.0,10.7333,10.7416,10.7189,10.7258,2992.18
2020-09-28 03:38:00,1601264280.0,10.7208,10.7371,10.7208,10.7308,2642.02
2020-09-28 03:39:00,1601264340.0,10.7229,10.7286,10.72,10.72,286.56
2020-09-28 03:40:00,1601264400.0,10.7201,10.7373,10.7201,10.7278,920.98
2020-09-28 03:41:00,1601264460.0,10.7304,10.7389,10.7263,10.7343,2203.66
2020-09-28 03:42:00,1601264520.0,10.736,10.736,10.715,10.7303,2088.5
2020-09-28 03:43:00,1601264580.0,10.7324,10.7371,10.7281,10.7371,384.83
2020-09-28 03:44:00,1601264640.0,10.737,10.7713,10.737,10.7548,3294.39
2020-09-28 03:45:00,1601264700.0,10.7585,10.76,10.7471,10.7471,2097.26
2020-09-28 03:46:00,1601264760.0,10.7516,10.7671,10.7505,10.762,2725.86
2020-09-28 03:47:00,1601264820.0,10.7573,10.7589,10.747,10.7554,2274.59
2020-09-28 03:48:00,1601264880.0,10.7547,10.7547,10.7334,10.7334,667.97
2020-09-28 03:49:00,1601264940.0,10.7415,10.7577,10.74,10.7467,1262.84
2020-09-28 03:50:00,1601265000.0,10.7483,10.7581,10.7483,10.7533,287.29
2020-09-28 03:51:00,1601265060.0,10.7522,10.7559,10.7436,10.7479,916.1
2020-09-28 03:52:00,1601265120.0,10.7482,10.7509,10.7394,10.7443,2056.58
2020-09-28 03:53:00,1601265180.0,10.7421,10.7433,10.7354,10.736,715.43
2020-09-28 03:54:00,1601265240.0,10.7381,10.7434,10.7329,10.7421,2970.66
2020-09-28 03:55:00,1601265300.0,10.7418,10.7462,10.7418,10.7449,272.1
2020-09-28 03:56:00,1601265360.0,10.7448,10.7552,10.743,10.7497,1289.76
2020-09-28 03:57:00,1601265420.0,10.7469,10.7489,10.7383,10.7392,2439.86
2020-09-28 03:58:00,1601265480.0,10.7399,10.7488,10.7364,10.7368,1108.12
2020-09-28 03:59:00,1601265540.0,10.7363,10.7363,10.7244,10.7357,3988.35
2020-09-28 04:00:00,1601265600.0,10.7291,10.7505,10.7291,10.7475,1837.4
2020-09-28 04:01:00,1601265660.0,10.7436,10.7446,10.7361,10.7446,635.74
2020-09-28 04:02:00,1601265720.0,10.7466,10.7554,10.745,10.7554,1820.15
2020-09-28 04:03:00,1601265780.0,10.7541,10.7597,10.7512,10.7597,77.34
2020-09-28 04:04:00,1601265840.0,10.7588,10.7622,10.7543,10.7621,1217.97
2020-09-28 04:05:00,1601265900.0,10.7621,10.7621,10.7561,10.761,298.79
2020-09-28 04:06:00,1601265960.0,10.758,10.762,10.7478,10.749,1000.59
2020-09-28 04:07:00,1601266020.0,10.7468,10.7468,10.741,10.7452,2006.14
2020-09-28 04:08:00,1601266080.0,10.7472,10.7577,10.7472,10.7569,1001.68
2020-09-28 04:09:00,1601266140.0,10.7569,10.76,10.7474,10.7474,6758.64
2020-09-28 04:10:00,1601266200.0,10.7471,10.7536,10.7415,10.7416,1422.39
2020-09-28 04:11:00,1601266260.0,10.7447,10.7541,10.7436,10.7535,1554.71
2020-09-28 04:12:00,1601266320.0,10.7455,10.7455,10.7116,10.7142,6022.63
2020-09-28 04:13:00,1601266380.0,10.7141,10.7163,10.6991,10.7079,9022.52
2020-09-28 04:14:00,1601266440.0,10.7134,10.7134,10.6919,10.6919,2792.1
2020-09-28 04:15:00,1601266500.0,10.6919,10.6961,10.6789,10.6961,3846.65
2020-09-28 04:16:00,1601266560.0,10.697,10.7086,10.6937,10.7014,5460.67
2020-09-28 04:17:00,1601266620.0,10.7002,10.7252,10.7001,10.7204,2453.65
2020-09-28 04:18:00,1601266680.0,10.7227,10.7307,10.7219,10.7293,694.89
2020-09-28 04:19:00,1601266740.0,10.7346,10.7429,10.7156,10.7156,2569.22
2020-09-28 04:20:00,1601266800.0,10.7202,10.7336,10.7166,10.7336,496.08
2020-09-28 04:21:00,1601266860.0,10.7336,10.7359,10.7317,10.7333,320.42
2020-09-28 04:22:00,1601266920.0,10.7254,10.7309,10.72,10.7277,4060.85
2020-09-28 04:23:00,1601266980.0,10.7277,10.75,10.7277,10.7447,3309.96
2020-09-28 04:24:00,1601267040.0,10.755,10.7559,10.7479,10.7494,540.61
2020-09-28 04:25:00,1601267100.0,10.7437,10.7765,10.7395,10.7711,7740.22
2020-09-28 04:26:00,1601267160.0,10.772,10.7888,10.7627,10.7844,2448.77
2020-09-28 04:27:00,1601267220.0,10.7844,10.7882,10.7714,10.7748,1580.47
2020-09-28 04:28:00,1601267280.0,10.7686,10.7803,10.7675,10.7803,2244.68
2020-09-28 04:29:00,1601267340.0,10.7848,10.7852,10.7515,10.7529,4600.48
2020-09-28 04:30:00,1601267400.0,10.7602,10.7656,10.73,10.7421,4138.27
2020-09-28 04:31:00,1601267460.0,10.7441,10.752,10.7308,10.7391,1939.63
2020-09-28 04:32:00,1601267520.0,10.7389,10.7509,10.7389,10.7446,3131.38
2020-09-28 04:33:00,1601267580.0,10.744,10.7451,10.7356,10.7444,496.82
2020-09-28 04:34:00,1601267640.0,10.7457,10.7505,10.7344,10.7383,1004.58
2020-09-28 04:35:00,1601267700.0,10.7354,10.7424,10.7309,10.7314,872.57
2020-09-28 04:36:00,1601267760.0,10.7314,10.7421,10.7234,10.7388,4704.36
2020-09-28 04:37:00,1601267820.0,10.7388,10.7441,10.7328,10.7343,1076.55
2020-09-28 04:38:00,1601267880.0,10.7358,10.7396,10.732,10.7334,762.03
2020-09-28 04:39:00,1601267940.0,10.734,10.7391,10.731,10.7391,916.23
2020-09-28 04:40:00,1601268000.0,10.7418,10.7523,10.7391,10.7426,2668.61
2020-09-28 04:41:00,1601268060.0,10.7443,10.7626,10.7414,10.7571,4564.65
2020-09-28 04:42:00,1601268120.0,10.763,10.763,10.742,10.7488,5659.28
2020-09-28 04:43:00,1601268180.0,10.7512,10.7554,10.7512,10.7534,1037.3
2020-09-28 04:44:00,1601268240.0,10.7534,10.7629,10.7527,10.7582,5412.24
2020-09-28 04:45:00,1601268300.0,10.7534,10.759,10.7532,10.759,789.47
2020-09-28 04:46:00,1601268360.0,10.7539,10.7539,10.7373,10.7417,9164.96
2020-09-28 04:47:00,1601268420.0,10.7508,10.7563,10.7501,10.7563,409.42
2020-09-28 04:48:00,1601268480.0,10.7558,10.7578,10.7517,10.7535,2069.77
2020-09-28 04:49:00,1601268540.0,10.7461,10.7557,10.7417,10.7557,1906.48
2020-09-28 04:50:00,1601268600.0,10.7562,10.7777,10.7538,10.7693,26053.7
2020-09-28 04:51:00,1601268660.0,10.778,10.7837,10.7739,10.7798,3980.37
2020-09-28 04:52:00,1601268720.0,10.7738,10.7834,10.772,10.7761,5297.85
2020-09-28 04:53:00,1601268780.0,10.7803,10.7829,10.77,10.7739,3856.03
2020-09-28 04:54:00,1601268840.0,10.77,10.77,10.7544,10.7632,2236.18
2020-09-28 04:55:00,1601268900.0,10.7632,10.7757,10.7602,10.7703,4125.84
2020-09-28 04:56:00,1601268960.0,10.7678,10.7773,10.7623,10.7623,1729.4
2020-09-28 04:57:00,1601269020.0,10.7628,10.7742,10.7628,10.7742,1093.41
2020-09-28 04:58:00,1601269080.0,10.7748,10.7751,10.7715,10.7715,2271.84
2020-09-28 04:59:00,1601269140.0,10.7701,10.7892,10.7687,10.7752,7972.37
2020-09-28 05:00:00,1601269200.0,10.7735,10.7987,10.7699,10.7859,7293.31
2020-09-28 05:01:00,1601269260.0,10.791,10.8188,10.7894,10.8152,19745.33
2020-09-28 05:02:00,1601269320.0,10.8152,10.8248,10.8026,10.814,6609.47
2020-09-28 05:03:00,1601269380.0,10.8084,10.8103,10.7956,10.8001,3892.52
2020-09-28 05:04:00,1601269440.0,10.7997,10.805,10.7877,10.79,5600.16
2020-09-28 05:05:00,1601269500.0,10.795,10.809,10.7879,10.7879,16892.37
2020-09-28 05:06:00,1601269560.0,10.7912,10.813,10.7765,10.7986,11544.44
2020-09-28 05:07:00,1601269620.0,10.8006,10.8038,10.7925,10.7925,1359.69
2020-09-28 05:08:00,1601269680.0,10.7925,10.7943,10.7824,10.7931,4484.39
2020-09-28 05:09:00,1601269740.0,10.7941,10.7941,10.7804,10.7804,1133.69
2020-09-28 05:10:00,1601269800.0,10.7802,10.7806,10.7642,10.7691,2262.08
2020-09-28 05:11:00,1601269860.0,10.7733,10.7817,10.7546,10.7605,2124.19
2020-09-28 05:12:00,1601269920.0,10.7604,10.77,10.7511,10.7684,4200.37
2020-09-28 05:13:00,1601269980.0,10.7733,10.7787,10.7567,10.76,6005.42
2020-09-28 05:14:00,1601270040.0,10.76,10.7614,10.75,10.7527,4943.32
2020-09-28 05:15:00,1601270100.0,10.7508,10.7529,10.7333,10.7465,5097.52
2020-09-28 05:16:00,1601270160.0,10.7503,10.7637,10.7444,10.7501,3141.22
2020-09-28 05:17:00,1601270220.0,10.7512,10.756,10.7494,10.756,4006.39
2020-09-28 05:18:00,1601270280.0,10.7533,10.761,10.7507,10.757,2735.82
2020-09-28 05:19:00,1601270340.0,10.7548,10.7675,10.7525,10.7655,2943.98
2020-09-28 05:20:00,1601270400.0,10.7644,10.7689,10.7627,10.7627,1998.13
2020-09-28 05:21:00,1601270460.0,10.7677,10.7732,10.7622,10.7652,1683.67
2020-09-28 05:22:00,1601270520.0,10.7628,10.7673,10.7617,10.7658,419.85
2020-09-28 05:23:00,1601270580.0,10.7695,10.7777,10.7688,10.7777,1488.01
2020-09-28 05:24:00,1601270640.0,10.774,10.782,10.762,10.7788,5296.91
2020-09-28 05:25:00,1601270700.0,10.7787,10.7846,10.7772,10.7801,884.09
2020-09-28 05:26:00,1601270760.0,10.7801,10.7911,10.7801,10.7878,5516.96
2020-09-28 05:27:00,1601270820.0,10.7915,10.7986,10.7878,10.7943,1313.79
2020-09-28 05:28:00,1601270880.0,10.7917,10.8052,10.7847,10.8004,14403.96
2020-09-28 05:29:00,1601270940.0,10.7995,10.8221,10.7905,10.818,4543.9
2020-09-28 05:30:00,1601271000.0,10.8164,10.8481,10.8107,10.8468,10113.84
2020-09-28 05:31:00,1601271060.0,10.8415,10.8415,10.8119,10.8119,2706.56
2020-09-28 05:32:00,1601271120.0,10.812,10.8188,10.7909,10.7909,2574.36
2020-09-28 05:33:00,1601271180.0,10.7996,10.8134,10.7987,10.8044,3320.67
2020-09-28 05:34:00,1601271240.0,10.8096,10.8364,10.8054,10.8247,4885.86
2020-09-28 05:35:00,1601271300.0,10.8189,10.85,10.818,10.8459,34421.21
2020-09-28 05:36:00,1601271360.0,10.8497,10.8521,10.82,10.82,16004.5
2020-09-28 05:37:00,1601271420.0,10.8237,10.8376,10.8149,10.82,4481.28
2020-09-28 05:38:00,1601271480.0,10.8194,10.8309,10.8163,10.8192,1992.78
2020-09-28 05:39:00,1601271540.0,10.8197,10.82,10.8047,10.8048,5363.48
2020-09-28 05:40:00,1601271600.0,10.8026,10.8118,10.7906,10.808,2867.43
2020-09-28 05:41:00,1601271660.0,10.804,10.8087,10.7925,10.7929,2695.9
2020-09-28 05:42:00,1601271720.0,10.7924,10.7939,10.7653,10.7653,4901.43
2020-09-28 05:43:00,1601271780.0,10.7697,10.7749,10.7556,10.7649,11089.91
2020-09-28 05:44:00,1601271840.0,10.761,10.7693,10.7521,10.763,3779.18
2020-09-28 05:45:00,1601271900.0,10.7594,10.7631,10.7487,10.7487,2034.63
2020-09-28 05:46:00,1601271960.0,10.7487,10.7538,10.7381,10.7521,3752.97
2020-09-28 05:47:00,1601272020.0,10.7517,10.7525,10.7446,10.7485,1940.05
2020-09-28 05:48:00,1601272080.0,10.7446,10.7452,10.7237,10.7252,5014.23
2020-09-28 05:49:00,1601272140.0,10.7232,10.73,10.7201,10.7263,4222.03
2020-09-28 05:50:00,1601272200.0,10.7214,10.7233,10.695,10.704,17849.96
2020-09-28 05:51:00,1601272260.0,10.7041,10.7159,10.6967,10.7056,3960.76
2020-09-28 05:52:00,1601272320.0,10.7064,10.7157,10.6932,10.6964,5214.23
2020-09-28 05:53:00,1601272380.0,10.7024,10.7118,10.6866,10.6926,3689.83
2020-09-28 05:54:00,1601272440.0,10.6864,10.7036,10.6864,10.7023,912.33
2020-09-28 05:55:00,1601272500.0,10.7023,10.7221,10.7023,10.7121,4506.18
2020-09-28 05:56:00,1601272560.0,10.7073,10.7226,10.7065,10.7144,6098.69
2020-09-28 05:57:00,1601272620.0,10.7173,10.7173,10.7025,10.706,2420.14
2020-09-28 05:58:00,1601272680.0,10.7075,10.73,10.7075,10.7197,9007.79
2020-09-28 05:59:00,1601272740.0,10.7195,10.7245,10.7149,10.7192,3107.86
2020-09-28 06:00:00,1601272800.0,10.7134,10.7263,10.7133,10.7134,3884.22
2020-09-28 06:01:00,1601272860.0,10.7134,10.7273,10.7094,10.7158,3199.73
2020-09-28 06:02:00,1601272920.0,10.7205,10.7438,10.7187,10.7423,7105.79
2020-09-28 06:03:00,1601272980.0,10.7379,10.7379,10.7258,10.73,1416.01
2020-09-28 06:04:00,1601273040.0,10.7305,10.7335,10.7273,10.732,2245.21
2020-09-28 06:05:00,1601273100.0,10.7292,10.7292,10.7013,10.7017,5268.79
2020-09-28 06:06:00,1601273160.0,10.7012,10.7172,10.7012,10.7067,6514.66
2020-09-28 06:07:00,1601273220.0,10.7098,10.7098,10.7,10.7032,2847.01
2020-09-28 06:08:00,1601273280.0,10.7006,10.7066,10.7,10.7031,1197.13
2020-09-28 06:09:00,1601273340.0,10.7032,10.7032,10.6852,10.6897,8798.47
2020-09-28 06:10:00,1601273400.0,10.6894,10.6894,10.6666,10.6766,11960.34
2020-09-28 06:11:00,1601273460.0,10.6758,10.6758,10.6245,10.6249,21501.18
2020-09-28 06:12:00,1601273520.0,10.6271,10.6439,10.6177,10.6404,10743.96
2020-09-28 06:13:00,1601273580.0,10.6404,10.6734,10.6298,10.6648,9022.14
2020-09-28 06:14:00,1601273640.0,10.661,10.661,10.64,10.6481,8599.6
2020-09-28 06:15:00,1601273700.0,10.6548,10.6634,10.6474,10.6501,2436.63
2020-09-28 06:16:00,1601273760.0,10.6518,10.6635,10.6518,10.6607,1878.42
2020-09-28 06:17:00,1601273820.0,10.6636,10.6771,10.6636,10.6748,2098.0
2020-09-28 06:18:00,1601273880.0,10.6774,10.6805,10.666,10.6761,3940.47
2020-09-28 06:19:00,1601273940.0,10.6764,10.6841,10.6714,10.6764,7709.83
2020-09-28 06:20:00,1601274000.0,10.6801,10.7,10.6767,10.69,4230.29
2020-09-28 06:21:00,1601274060.0,10.6838,10.6865,10.6756,10.6862,4998.86
2020-09-28 06:22:00,1601274120.0,10.6862,10.6957,10.686,10.692,1164.63
2020-09-28 06:23:00,1601274180.0,10.6927,10.706,10.6882,10.6949,7380.48
2020-09-28 06:24:00,1601274240.0,10.6949,10.6982,10.6816,10.6816,4127.15
2020-09-28 06:25:00,1601274300.0,10.6856,10.6856,10.6752,10.6803,658.58
2020-09-28 06:26:00,1601274360.0,10.6806,10.6822,10.68,10.6816,444.22
2020-09-28 06:27:00,1601274420.0,10.6802,10.685,10.6802,10.6831,1804.33
2020-09-28 06:28:00,1601274480.0,10.6838,10.7017,10.6831,10.7,9846.79
2020-09-28 06:29:00,1601274540.0,10.7024,10.722,10.6988,10.6988,3567.68
2020-09-28 06:30:00,1601274600.0,10.6952,10.7,10.6782,10.6858,1029.98
2020-09-28 06:31:00,1601274660.0,10.6871,10.6953,10.6869,10.689,3693.05
2020-09-28 06:32:00,1601274720.0,10.686,10.689,10.6796,10.687,4546.15
2020-09-28 06:33:00,1601274780.0,10.6766,10.6789,10.6728,10.6728,128.99
2020-09-28 06:34:00,1601274840.0,10.6713,10.6808,10.6457,10.6457,8328.92
2020-09-28 06:35:00,1601274900.0,10.6436,10.6514,10.6208,10.6477,16020.71
2020-09-28 06:36:00,1601274960.0,10.6437,10.6437,10.583,10.5873,19144.88
2020-09-28 06:37:00,1601275020.0,10.5965,10.6021,10.583,10.5958,8124.22
2020-09-28 06:38:00,1601275080.0,10.5999,10.6126,10.5829,10.5862,4206.33
2020-09-28 06:39:00,1601275140.0,10.5855,10.5855,10.53,10.5486,43812.35
2020-09-28 06:40:00,1601275200.0,10.5455,10.5685,10.5452,10.5466,9060.69
2020-09-28 06:41:00,1601275260.0,10.5468,10.552,10.5404,10.5404,4647.71
2020-09-28 06:42:00,1601275320.0,10.5404,10.5509,10.5276,10.539,9801.26
2020-09-28 06:43:00,1601275380.0,10.5399,10.551,10.5351,10.55,10302.44
2020-09-28 06:44:00,1601275440.0,10.5499,10.597,10.5481,10.5688,19483.6
2020-09-28 06:45:00,1601275500.0,10.5637,10.5692,10.549,10.55,6143.82
2020-09-28 06:46:00,1601275560.0,10.5499,10.5802,10.5471,10.5795,8932.13
2020-09-28 06:47:00,1601275620.0,10.578,10.5947,10.55,10.55,8843.06
2020-09-28 06:48:00,1601275680.0,10.5502,10.5509,10.5349,10.5509,7462.95
2020-09-28 06:49:00,1601275740.0,10.5509,10.5541,10.5371,10.5371,3506.65
2020-09-28 06:50:00,1601275800.0,10.5423,10.5799,10.5422,10.5615,11487.51
2020-09-28 06:51:00,1601275860.0,10.5622,10.58,10.5622,10.5709,2047.91
2020-09-28 06:52:00,1601275920.0,10.5683,10.5743,10.5532,10.5577,3697.62
2020-09-28 06:53:00,1601275980.0,10.5584,10.5821,10.5584,10.5737,4330.33
2020-09-28 06:54:00,1601276040.0,10.5703,10.5703,10.5555,10.562,6000.2
2020-09-28 06:55:00,1601276100.0,10.5664,10.5797,10.5664,10.5693,773.11
2020-09-28 06:56:00,1601276160.0,10.5632,10.5659,10.5425,10.5446,9779.6
2020-09-28 06:57:00,1601276220.0,10.5527,10.5579,10.5511,10.5511,1063.83
2020-09-28 06:58:00,1601276280.0,10.5512,10.5594,10.5468,10.5513,4941.9
2020-09-28 06:59:00,1601276340.0,10.5518,10.5553,10.5375,10.5452,8261.83
2020-09-28 07:00:00,1601276400.0,10.5528,10.5592,10.5413,10.5451,19122.33
2020-09-28 07:01:00,1601276460.0,10.5455,10.5538,10.5341,10.5381,14975.12
2020-09-28 07:02:00,1601276520.0,10.5381,10.5442,10.5182,10.5295,12232.98
2020-09-28 07:03:00,1601276580.0,10.5304,10.5308,10.5157,10.52,6354.74
2020-09-28 07:04:00,1601276640.0,10.52,10.5261,10.472,10.4937,30435.82
2020-09-28 07:05:00,1601276700.0,10.498,10.5263,10.498,10.5091,10866.41
2020-09-28 07:06:00,1601276760.0,10.5077,10.5079,10.4626,10.4903,28614.1
2020-09-28 07:07:00,1601276820.0,10.4914,10.5128,10.4914,10.5069,4576.46
2020-09-28 07:08:00,1601276880.0,10.5042,10.517,10.4868,10.5021,4487.82
2020-09-28 07:09:00,1601276940.0,10.5017,10.5272,10.5017,10.5107,7092.22
2020-09-28 07:10:00,1601277000.0,10.5109,10.5193,10.5081,10.5154,3887.63
2020-09-28 07:11:00,1601277060.0,10.5116,10.5335,10.5111,10.5274,7598.14
2020-09-28 07:12:00,1601277120.0,10.5294,10.5557,10.521,10.525,11556.78
2020-09-28 07:13:00,1601277180.0,10.5272,10.5491,10.5272,10.548,9138.2
2020-09-28 07:14:00,1601277240.0,10.544,10.561,10.5406,10.5457,10209.01
2020-09-28 07:15:00,1601277300.0,10.5457,10.59,10.5385,10.5692,18191.29
2020-09-28 07:16:00,1601277360.0,10.5693,10.5749,10.5609,10.5645,2446.71
2020-09-28 07:17:00,1601277420.0,10.5561,10.5626,10.5486,10.5539,4900.29
2020-09-28 07:18:00,1601277480.0,10.5518,10.5557,10.5429,10.5557,6634.25
2020-09-28 07:19:00,1601277540.0,10.5603,10.5796,10.5603,10.5771,10249.55
2020-09-28 07:20:00,1601277600.0,10.5784,10.5956,10.5642,10.588,4327.07
2020-09-28 07:21:00,1601277660.0,10.5878,10.5923,10.5701,10.5739,2401.6
2020-09-28 07:22:00,1601277720.0,10.5724,10.5893,10.5724,10.5858,562.38
2020-09-28 07:23:00,1601277780.0,10.5917,10.5925,10.5832,10.5876,3027.74
2020-09-28 07:24:00,1601277840.0,10.5897,10.5925,10.5841,10.5841,805.56
2020-09-28 07:25:00,1601277900.0,10.5853,10.6199,10.5853,10.6,24431.78
2020-09-28 07:26:00,1601277960.0,10.6044,10.6105,10.5982,10.6013,4891.7
2020-09-28 07:27:00,1601278020.0,10.6031,10.6118,10.5984,10.603,3501.82
2020-09-28 07:28:00,1601278080.0,10.6044,10.6196,10.6044,10.6066,6311.88
2020-09-28 07:29:00,1601278140.0,10.6054,10.6054,10.5863,10.592,4493.27
2020-09-28 07:30:00,1601278200.0,10.5921,10.5921,10.583,10.583,853.94
2020-09-28 07:31:00,1601278260.0,10.5831,10.5918,10.5713,10.5918,3870.55
2020-09-28 07:32:00,1601278320.0,10.5918,10.604,10.5918,10.604,1604.58
2020-09-28 07:33:00,1601278380.0,10.602,10.615,10.6012,10.6065,2778.43
2020-09-28 07:34:00,1601278440.0,10.6054,10.6061,10.6005,10.6041,1743.87
2020-09-28 07:35:00,1601278500.0,10.602,10.605,10.5794,10.595,4895.61
2020-09-28 07:36:00,1601278560.0,10.595,10.595,10.5843,10.5909,1614.77
2020-09-28 07:37:00,1601278620.0,10.5926,10.6148,10.5917,10.6137,4626.01
2020-09-28 07:38:00,1601278680.0,10.6115,10.6115,10.5931,10.5988,2878.25
2020-09-28 07:39:00,1601278740.0,10.6001,10.6003,10.5912,10.5962,1020.91
2020-09-28 07:40:00,1601278800.0,10.5995,10.6082,10.5963,10.6012,3210.06
2020-09-28 07:41:00,1601278860.0,10.6037,10.6439,10.602,10.6374,9290.69
2020-09-28 07:42:00,1601278920.0,10.6334,10.6464,10.6135,10.6242,5592.18
2020-09-28 07:43:00,1601278980.0,10.6214,10.623,10.6082,10.6207,1555.51
2020-09-28 07:44:00,1601279040.0,10.6195,10.6413,10.61,10.6177,3488.09
2020-09-28 07:45:00,1601279100.0,10.6224,10.6365,10.6085,10.6085,3099.06
2020-09-28 07:46:00,1601279160.0,10.6118,10.6139,10.6015,10.6102,2444.6
2020-09-28 07:47:00,1601279220.0,10.6084,10.6216,10.6036,10.608,1834.29
2020-09-28 07:48:00,1601279280.0,10.6021,10.6157,10.6021,10.6157,1691.59
2020-09-28 07:49:00,1601279340.0,10.616,10.6194,10.6028,10.6096,2717.73
2020-09-28 07:50:00,1601279400.0,10.6135,10.6257,10.6065,10.6102,3567.65
2020-09-28 07:51:00,1601279460.0,10.6162,10.6236,10.5862,10.5862,4603.28
2020-09-28 07:52:00,1601279520.0,10.586,10.5928,10.5798,10.5879,3570.59
2020-09-28 07:53:00,1601279580.0,10.5829,10.5945,10.5829,10.588,1167.58
2020-09-28 07:54:00,1601279640.0,10.59,10.6013,10.5852,10.5944,5360.01
2020-09-28 07:55:00,1601279700.0,10.5971,10.6139,10.5971,10.6031,1728.79
2020-09-28 07:56:00,1601279760.0,10.6007,10.6088,10.5879,10.595,3952.81
2020-09-28 07:57:00,1601279820.0,10.5996,10.5996,10.5771,10.5941,2055.51
2020-09-28 07:58:00,1601279880.0,10.5841,10.5841,10.56,10.5721,4074.71
2020-09-28 07:59:00,1601279940.0,10.5721,10.5841,10.57,10.5755,1995.42
2020-09-28 08:00:00,1601280000.0,10.5835,10.592,10.5772,10.5773,3594.45
2020-09-28 08:01:00,1601280060.0,10.58,10.5997,10.5759,10.5862,7328.17
2020-09-28 08:02:00,1601280120.0,10.5878,10.5883,10.5726,10.579,4650.53
2020-09-28 08:03:00,1601280180.0,10.5758,10.5758,10.5576,10.5597,3261.76
2020-09-28 08:04:00,1601280240.0,10.5571,10.58,10.5534,10.58,5122.59
2020-09-28 08:05:00,1601280300.0,10.58,10.61,10.5725,10.6053,6660.63
2020-09-28 08:06:00,1601280360.0,10.6078,10.6082,10.5922,10.6027,7695.97
2020-09-28 08:07:00,1601280420.0,10.597,10.6078,10.5953,10.6059,2060.64
2020-09-28 08:08:00,1601280480.0,10.6096,10.6238,10.6075,10.6199,3016.54
2020-09-28 08:09:00,1601280540.0,10.6201,10.64,10.6167,10.631,4878.79
2020-09-28 08:10:00,1601280600.0,10.637,10.6673,10.6281,10.6597,8943.39
2020-09-28 08:11:00,1601280660.0,10.658,10.6601,10.6492,10.6503,1908.19
2020-09-28 08:12:00,1601280720.0,10.6542,10.6656,10.6481,10.6564,4112.67
2020-09-28 08:13:00,1601280780.0,10.6563,10.6616,10.6291,10.6595,13743.04
2020-09-28 08:14:00,1601280840.0,10.6576,10.71,10.6576,10.678,38597.87
2020-09-28 08:15:00,1601280900.0,10.6769,10.6777,10.6558,10.665,5510.1
2020-09-28 08:16:00,1601280960.0,10.6616,10.6616,10.6372,10.645,5060.28
2020-09-28 08:17:00,1601281020.0,10.6459,10.6459,10.6305,10.6334,784.35
2020-09-28 08:18:00,1601281080.0,10.6364,10.6364,10.6074,10.6088,3236.57
2020-09-28 08:19:00,1601281140.0,10.6122,10.619,10.609,10.6098,469.81
2020-09-28 08:20:00,1601281200.0,10.6153,10.6293,10.6146,10.6267,2689.23
2020-09-28 08:21:00,1601281260.0,10.6256,10.6298,10.6177,10.6252,3955.6
2020-09-28 08:22:00,1601281320.0,10.6273,10.639,10.6252,10.6379,982.41
2020-09-28 08:23:00,1601281380.0,10.6387,10.655,10.6387,10.646,1851.36
2020-09-28 08:24:00,1601281440.0,10.651,10.651,10.6293,10.6378,2952.18
2020-09-28 08:25:00,1601281500.0,10.6399,10.6693,10.6399,10.6693,3630.99
2020-09-28 08:26:00,1601281560.0,10.6679,10.6752,10.6469,10.6529,5583.99
2020-09-28 08:27:00,1601281620.0,10.6475,10.6584,10.6475,10.6508,1076.94
2020-09-28 08:28:00,1601281680.0,10.6516,10.6607,10.6516,10.6519,890.26
2020-09-28 08:29:00,1601281740.0,10.65,10.6536,10.6405,10.6534,5458.2
2020-09-28 08:30:00,1601281800.0,10.6522,10.6701,10.6522,10.6681,4080.03
2020-09-28 08:31:00,1601281860.0,10.6638,10.6713,10.6534,10.6534,3276.93
2020-09-28 08:32:00,1601281920.0,10.6548,10.6788,10.6501,10.6687,8179.77
2020-09-28 08:33:00,1601281980.0,10.6655,10.6786,10.6563,10.6648,2195.68
2020-09-28 08:34:00,1601282040.0,10.6652,10.6652,10.6382,10.6383,3078.66
2020-09-28 08:35:00,1601282100.0,10.6435,10.6549,10.6383,10.6404,2810.01
2020-09-28 08:36:00,1601282160.0,10.6405,10.6456,10.6348,10.6356,2802.74
2020-09-28 08:37:00,1601282220.0,10.6398,10.6404,10.63,10.6335,1534.97
2020-09-28 08:38:00,1601282280.0,10.6294,10.6333,10.62,10.6327,2355.46
2020-09-28 08:39:00,1601282340.0,10.6312,10.6312,10.6124,10.6167,4612.41
2020-09-28 08:40:00,1601282400.0,10.6166,10.6384,10.6134,10.6309,4429.29
2020-09-28 08:41:00,1601282460.0,10.6299,10.6338,10.6229,10.631,2247.83
2020-09-28 08:42:00,1601282520.0,10.6338,10.6427,10.6326,10.6427,5873.39
2020-09-28 08:43:00,1601282580.0,10.6505,10.675,10.6494,10.6573,6673.74
2020-09-28 08:44:00,1601282640.0,10.6508,10.6587,10.6484,10.6587,2071.0
2020-09-28 08:45:00,1601282700.0,10.6621,10.6628,10.65,10.6601,5627.52
2020-09-28 08:46:00,1601282760.0,10.6659,10.6966,10.66,10.6891,11299.96
2020-09-28 08:47:00,1601282820.0,10.6907,10.6907,10.6752,10.6802,1784.62
2020-09-28 08:48:00,1601282880.0,10.6787,10.6787,10.6558,10.6636,2235.67
2020-09-28 08:49:00,1601282940.0,10.6695,10.6749,10.6503,10.6503,2506.23
2020-09-28 08:50:00,1601283000.0,10.654,10.661,10.65,10.6509,1692.55
2020-09-28 08:51:00,1601283060.0,10.6478,10.6505,10.6389,10.6389,3332.41
2020-09-28 08:52:00,1601283120.0,10.6441,10.6441,10.6216,10.6216,3964.82
2020-09-28 08:53:00,1601283180.0,10.6207,10.6209,10.5843,10.6065,30616.75
2020-09-28 08:54:00,1601283240.0,10.5978,10.6043,10.5815,10.6031,6248.47
2020-09-28 08:55:00,1601283300.0,10.5989,10.6054,10.5826,10.5878,8328.42
2020-09-28 08:56:00,1601283360.0,10.589,10.6089,10.573,10.6031,7853.25
2020-09-28 08:57:00,1601283420.0,10.6018,10.6079,10.593,10.593,1967.19
2020-09-28 08:58:00,1601283480.0,10.5975,10.61,10.5902,10.5996,2209.01
2020-09-28 08:59:00,1601283540.0,10.6052,10.6054,10.5865,10.6017,1200.34
2020-09-28 09:00:00,1601283600.0,10.6011,10.6031,10.5821,10.5945,4862.46
2020-09-28 09:01:00,1601283660.0,10.5925,10.6251,10.5925,10.6048,6940.48
2020-09-28 09:02:00,1601283720.0,10.6046,10.6092,10.591,10.6088,5886.39
2020-09-28 09:03:00,1601283780.0,10.6085,10.61,10.5919,10.604,3477.77
2020-09-28 09:04:00,1601283840.0,10.6011,10.6226,10.5935,10.6226,8386.45
2020-09-28 09:05:00,1601283900.0,10.6183,10.6427,10.61,10.6366,4344.27
2020-09-28 09:06:00,1601283960.0,10.6312,10.6312,10.6104,10.6252,4963.39
2020-09-28 09:07:00,1601284020.0,10.6252,10.6301,10.6131,10.6177,11247.91
2020-09-28 09:08:00,1601284080.0,10.6145,10.6149,10.607,10.607,422.01
2020-09-28 09:09:00,1601284140.0,10.6118,10.6216,10.6118,10.6192,1282.23
2020-09-28 09:10:00,1601284200.0,10.6137,10.6242,10.6129,10.6236,1043.87
2020-09-28 09:11:00,1601284260.0,10.6261,10.6379,10.62,10.6379,5549.51
2020-09-28 09:12:00,1601284320.0,10.6421,10.67,10.6407,10.6598,6968.2
2020-09-28 09:13:00,1601284380.0,10.6555,10.6668,10.6526,10.6641,5541.34
2020-09-28 09:14:00,1601284440.0,10.6602,10.6685,10.6507,10.6507,6205.87
2020-09-28 09:15:00,1601284500.0,10.6631,10.6631,10.6275,10.6275,4363.68
2020-09-28 09:16:00,1601284560.0,10.631,10.6505,10.6246,10.6402,9549.55
2020-09-28 09:17:00,1601284620.0,10.6402,10.6402,10.6243,10.6313,12162.89
2020-09-28 09:18:00,1601284680.0,10.6298,10.6325,10.6201,10.6262,2296.75
2020-09-28 09:19:00,1601284740.0,10.6349,10.644,10.6235,10.6314,2696.15
2020-09-28 09:20:00,1601284800.0,10.6395,10.6493,10.6367,10.6474,2394.26
2020-09-28 09:21:00,1601284860.0,10.6429,10.6468,10.64,10.6412,4572.44
2020-09-28 09:22:00,1601284920.0,10.6416,10.6465,10.6324,10.6324,5034.45
2020-09-28 09:23:00,1601284980.0,10.6326,10.6378,10.6252,10.6252,1681.66
2020-09-28 09:24:00,1601285040.0,10.625,10.6311,10.625,10.625,8064.52
2020-09-28 09:25:00,1601285100.0,10.625,10.6289,10.6018,10.6018,12153.2
2020-09-28 09:26:00,1601285160.0,10.6058,10.6114,10.5932,10.6057,4598.06
2020-09-28 09:27:00,1601285220.0,10.5998,10.6036,10.591,10.5949,3998.04
2020-09-28 09:28:00,1601285280.0,10.5939,10.5939,10.5775,10.5788,12964.91
2020-09-28 09:29:00,1601285340.0,10.5827,10.6024,10.58,10.598,11568.16
2020-09-28 09:30:00,1601285400.0,10.5959,10.5959,10.575,10.5898,7874.88
2020-09-28 09:31:00,1601285460.0,10.5855,10.5903,10.571,10.5777,7883.68
2020-09-28 09:32:00,1601285520.0,10.5717,10.5801,10.5657,10.5687,5934.04
2020-09-28 09:33:00,1601285580.0,10.5706,10.5856,10.5619,10.5654,12633.98
2020-09-28 09:34:00,1601285640.0,10.5648,10.5648,10.5259,10.5443,15212.66
2020-09-28 09:35:00,1601285700.0,10.5405,10.5559,10.5392,10.5484,9219.82
2020-09-28 09:36:00,1601285760.0,10.5494,10.5695,10.5275,10.5581,8314.95
2020-09-28 09:37:00,1601285820.0,10.557,10.557,10.5331,10.5537,9670.97
2020-09-28 09:38:00,1601285880.0,10.5546,10.578,10.5411,10.5678,7022.45
2020-09-28 09:39:00,1601285940.0,10.5715,10.5876,10.5715,10.5818,2119.04
2020-09-28 09:40:00,1601286000.0,10.58,10.5855,10.5701,10.5745,2546.28
2020-09-28 09:41:00,1601286060.0,10.5817,10.5864,10.5799,10.5839,563.52
2020-09-28 09:42:00,1601286120.0,10.5811,10.588,10.58,10.5802,1009.93
2020-09-28 09:43:00,1601286180.0,10.58,10.58,10.5613,10.5718,11369.54
2020-09-28 09:44:00,1601286240.0,10.5693,10.5718,10.5543,10.5627,3274.54
2020-09-28 09:45:00,1601286300.0,10.5629,10.5717,10.557,10.5667,1131.13
2020-09-28 09:46:00,1601286360.0,10.5592,10.5677,10.5539,10.5539,1523.5
2020-09-28 09:47:00,1601286420.0,10.551,10.5553,10.5423,10.5497,4500.82
2020-09-28 09:48:00,1601286480.0,10.5507,10.5857,10.5507,10.582,9606.3
2020-09-28 09:49:00,1601286540.0,10.5761,10.5923,10.572,10.5841,1878.08
2020-09-28 09:50:00,1601286600.0,10.5857,10.593,10.5752,10.5823,1188.41
2020-09-28 09:51:00,1601286660.0,10.5846,10.5922,10.5765,10.5765,1829.95
2020-09-28 09:52:00,1601286720.0,10.5822,10.5924,10.579,10.5825,2241.43
2020-09-28 09:53:00,1601286780.0,10.5825,10.5911,10.5773,10.587,4451.83
2020-09-28 09:54:00,1601286840.0,10.5909,10.5911,10.5733,10.5768,1832.81
2020-09-28 09:55:00,1601286900.0,10.572,10.5907,10.5719,10.5881,4949.48
2020-09-28 09:56:00,1601286960.0,10.5908,10.593,10.5806,10.5918,1995.29
2020-09-28 09:57:00,1601287020.0,10.5916,10.6067,10.5855,10.6049,3033.44
2020-09-28 09:58:00,1601287080.0,10.6078,10.6231,10.6069,10.6186,6209.52
2020-09-28 09:59:00,1601287140.0,10.62,10.6247,10.6,10.6008,3575.0
2020-09-28 10:00:00,1601287200.0,10.6,10.6001,10.5567,10.5567,6595.2
2020-09-28 10:01:00,1601287260.0,10.555,10.5737,10.5429,10.5493,9263.13
2020-09-28 10:02:00,1601287320.0,10.5445,10.5603,10.5417,10.5509,3895.31
2020-09-28 10:03:00,1601287380.0,10.5558,10.5603,10.5453,10.5586,3707.59
2020-09-28 10:04:00,1601287440.0,10.5605,10.6078,10.559,10.605,7099.53
2020-09-28 10:05:00,1601287500.0,10.6091,10.65,10.5985,10.6382,19791.68
2020-09-28 10:06:00,1601287560.0,10.6401,10.6902,10.6231,10.6663,22779.31
2020-09-28 10:07:00,1601287620.0,10.6623,10.6624,10.6306,10.6438,8525.27
2020-09-28 10:08:00,1601287680.0,10.6407,10.6407,10.6213,10.6381,4740.72
2020-09-28 10:09:00,1601287740.0,10.636,10.6469,10.6293,10.6469,4076.31
2020-09-28 10:10:00,1601287800.0,10.642,10.6555,10.6154,10.6481,8092.58
2020-09-28 10:11:00,1601287860.0,10.6416,10.6512,10.6397,10.6511,2136.01
2020-09-28 10:12:00,1601287920.0,10.6508,10.6508,10.6349,10.6422,7353.48
2020-09-28 10:13:00,1601287980.0,10.6373,10.644,10.6195,10.6386,5823.19
2020-09-28 10:14:00,1601288040.0,10.6383,10.644,10.6087,10.6162,3855.16
2020-09-28 10:15:00,1601288100.0,10.6162,10.6442,10.6162,10.6266,6077.63
2020-09-28 10:16:00,1601288160.0,10.6212,10.6448,10.618,10.636,5912.58
2020-09-28 10:17:00,1601288220.0,10.6371,10.6448,10.6349,10.6371,2201.08
2020-09-28 10:18:00,1601288280.0,10.6376,10.6487,10.6361,10.6455,1828.61
2020-09-28 10:19:00,1601288340.0,10.6445,10.6466,10.6357,10.643,7478.14
2020-09-28 10:20:00,1601288400.0,10.6418,10.6448,10.6363,10.64,1663.05
2020-09-28 10:21:00,1601288460.0,10.639,10.644,10.6292,10.6318,4381.03
2020-09-28 10:22:00,1601288520.0,10.6307,10.6373,10.6222,10.6373,5057.59
2020-09-28 10:23:00,1601288580.0,10.638,10.6412,10.6309,10.6309,4924.71
2020-09-28 10:24:00,1601288640.0,10.6354,10.6366,10.6321,10.6328,1474.68
2020-09-28 10:25:00,1601288700.0,10.6352,10.6486,10.6292,10.6484,6871.12
2020-09-28 10:26:00,1601288760.0,10.6403,10.6403,10.6326,10.6326,4806.46
2020-09-28 10:27:00,1601288820.0,10.6327,10.6327,10.6239,10.6283,4778.59
2020-09-28 10:28:00,1601288880.0,10.6283,10.6439,10.6267,10.6401,12736.33
2020-09-28 10:29:00,1601288940.0,10.6416,10.6434,10.632,10.642,2909.94
2020-09-28 10:30:00,1601289000.0,10.6389,10.6457,10.6317,10.6438,2445.24
2020-09-28 10:31:00,1601289060.0,10.6413,10.65,10.6355,10.6369,3779.37
2020-09-28 10:32:00,1601289120.0,10.6403,10.66,10.6403,10.6552,4516.18
2020-09-28 10:33:00,1601289180.0,10.6534,10.6547,10.6425,10.6547,3361.56
2020-09-28 10:34:00,1601289240.0,10.656,10.656,10.6366,10.6439,8117.44
2020-09-28 10:35:00,1601289300.0,10.646,10.6546,10.6305,10.6398,5239.47
2020-09-28 10:36:00,1601289360.0,10.6374,10.6374,10.6268,10.6268,2197.3
2020-09-28 10:37:00,1601289420.0,10.6296,10.6297,10.6096,10.6193,8414.33
2020-09-28 10:38:00,1601289480.0,10.6153,10.6243,10.6064,10.618,3082.42
2020-09-28 10:39:00,1601289540.0,10.6175,10.6233,10.5895,10.597,11144.1
2020-09-28 10:40:00,1601289600.0,10.5971,10.6092,10.5677,10.584,11712.99
2020-09-28 10:41:00,1601289660.0,10.5874,10.605,10.5754,10.605,10850.17
2020-09-28 10:42:00,1601289720.0,10.599,10.599,10.5678,10.5775,9607.69
2020-09-28 10:43:00,1601289780.0,10.5792,10.5848,10.5641,10.5698,3442.9
2020-09-28 10:44:00,1601289840.0,10.5696,10.5793,10.5683,10.577,5059.95
2020-09-28 10:45:00,1601289900.0,10.5758,10.5938,10.5721,10.5897,10820.29
2020-09-28 10:46:00,1601289960.0,10.5894,10.5894,10.5751,10.5791,1464.74
2020-09-28 10:47:00,1601290020.0,10.5762,10.5773,10.5514,10.5594,13697.34
2020-09-28 10:48:00,1601290080.0,10.5609,10.5674,10.5531,10.5666,3763.72
2020-09-28 10:49:00,1601290140.0,10.5651,10.5689,10.5557,10.5624,5009.41
2020-09-28 10:50:00,1601290200.0,10.5611,10.5611,10.5426,10.5523,14370.64
2020-09-28 10:51:00,1601290260.0,10.5526,10.5626,10.5446,10.5626,5214.81
2020-09-28 10:52:00,1601290320.0,10.5569,10.5828,10.555,10.5808,15005.85
2020-09-28 10:53:00,1601290380.0,10.5808,10.5812,10.5732,10.5796,4410.54
2020-09-28 10:54:00,1601290440.0,10.5765,10.5787,10.5672,10.5785,13902.22
2020-09-28 10:55:00,1601290500.0,10.5765,10.5857,10.572,10.5816,2164.68
2020-09-28 10:56:00,1601290560.0,10.5834,10.5834,10.5683,10.5683,6014.87
2020-09-28 10:57:00,1601290620.0,10.5667,10.5667,10.5596,10.5617,3624.74
2020-09-28 10:58:00,1601290680.0,10.5648,10.5687,10.553,10.5624,4760.21
2020-09-28 10:59:00,1601290740.0,10.5554,10.5625,10.5554,10.5562,1780.56
2020-09-28 11:00:00,1601290800.0,10.5561,10.5773,10.5561,10.5773,3987.0
2020-09-28 11:01:00,1601290860.0,10.5801,10.5832,10.5653,10.5719,7642.92
2020-09-28 11:02:00,1601290920.0,10.5696,10.5859,10.5639,10.5836,3756.16
2020-09-28 11:03:00,1601290980.0,10.5828,10.6056,10.5791,10.5989,4422.13
2020-09-28 11:04:00,1601291040.0,10.5988,10.6227,10.5988,10.6053,12080.94
2020-09-28 11:05:00,1601291100.0,10.6052,10.6253,10.6049,10.6169,6187.04
2020-09-28 11:06:00,1601291160.0,10.6181,10.6226,10.6051,10.6121,9385.11
2020-09-28 11:07:00,1601291220.0,10.6112,10.6288,10.6019,10.6067,21953.11
2020-09-28 11:08:00,1601291280.0,10.6031,10.6232,10.6031,10.612,5990.31
2020-09-28 11:09:00,1601291340.0,10.6107,10.6255,10.6107,10.6182,9096.22
2020-09-28 11:10:00,1601291400.0,10.6181,10.6279,10.53,10.5887,73326.69
2020-09-28 11:11:00,1601291460.0,10.5885,10.6127,10.5854,10.6062,14856.02
2020-09-28 11:12:00,1601291520.0,10.5995,10.6058,10.5811,10.585,7111.64
2020-09-28 11:13:00,1601291580.0,10.584,10.5996,10.5737,10.5874,11387.55
2020-09-28 11:14:00,1601291640.0,10.5814,10.5829,10.5747,10.5767,2853.31
2020-09-28 11:15:00,1601291700.0,10.5726,10.577,10.5597,10.5597,6540.61
2020-09-28 11:16:00,1601291760.0,10.5622,10.567,10.5513,10.5538,5022.06
2020-09-28 11:17:00,1601291820.0,10.5538,10.5637,10.5441,10.5526,9928.27
2020-09-28 11:18:00,1601291880.0,10.5493,10.5626,10.5377,10.5377,8151.4
2020-09-28 11:19:00,1601291940.0,10.5372,10.545,10.4883,10.5031,53972.03
2020-09-28 11:20:00,1601292000.0,10.5,10.5031,10.4614,10.4614,21045.67
2020-09-28 11:21:00,1601292060.0,10.4616,10.4944,10.446,10.4746,18486.66
2020-09-28 11:22:00,1601292120.0,10.4751,10.4786,10.4562,10.4692,13849.56
2020-09-28 11:23:00,1601292180.0,10.4692,10.4827,10.4621,10.4684,5903.32
2020-09-28 11:24:00,1601292240.0,10.4658,10.4661,10.3929,10.3947,40104.64
2020-09-28 11:25:00,1601292300.0,10.3948,10.4434,10.393,10.4216,15143.23
2020-09-28 11:26:00,1601292360.0,10.425,10.4323,10.3938,10.406,13105.62
2020-09-28 11:27:00,1601292420.0,10.4089,10.4125,10.3214,10.34,47133.92
2020-09-28 11:28:00,1601292480.0,10.3404,10.3845,10.3355,10.3787,21256.99
2020-09-28 11:29:00,1601292540.0,10.3709,10.3764,10.32,10.329,16867.56
2020-09-28 11:30:00,1601292600.0,10.3248,10.381,10.3218,10.3452,37724.28
2020-09-28 11:31:00,1601292660.0,10.345,10.376,10.341,10.3546,14601.05
2020-09-28 11:32:00,1601292720.0,10.3569,10.39,10.3531,10.3819,10408.06
2020-09-28 11:33:00,1601292780.0,10.386,10.3867,10.355,10.3651,5731.29
2020-09-28 11:34:00,1601292840.0,10.3651,10.3831,10.3523,10.3595,12637.13
2020-09-28 11:35:00,1601292900.0,10.3594,10.3658,10.3501,10.36,3258.47
2020-09-28 11:36:00,1601292960.0,10.3655,10.3831,10.3649,10.3818,7270.55
2020-09-28 11:37:00,1601293020.0,10.3828,10.4295,10.3828,10.4202,7024.39
2020-09-28 11:38:00,1601293080.0,10.4226,10.4294,10.3947,10.3979,12998.96
2020-09-28 11:39:00,1601293140.0,10.3977,10.4039,10.3924,10.4005,8670.22
2020-09-28 11:40:00,1601293200.0,10.4035,10.4078,10.3584,10.3637,18563.59
2020-09-28 11:41:00,1601293260.0,10.3665,10.3757,10.3581,10.371,9971.71
2020-09-28 11:42:00,1601293320.0,10.3686,10.3703,10.3419,10.3458,8044.98
2020-09-28 11:43:00,1601293380.0,10.3458,10.3693,10.3279,10.3653,10202.37
2020-09-28 11:44:00,1601293440.0,10.3678,10.4,10.3629,10.3969,6815.03
2020-09-28 11:45:00,1601293500.0,10.3978,10.4,10.3678,10.3767,10244.05
2020-09-28 11:46:00,1601293560.0,10.3747,10.3917,10.3685,10.3846,4591.17
2020-09-28 11:47:00,1601293620.0,10.3843,10.425,10.3843,10.4089,11473.34
2020-09-28 11:48:00,1601293680.0,10.4017,10.4414,10.4009,10.4371,9228.49
2020-09-28 11:49:00,1601293740.0,10.4353,10.4353,10.425,10.4284,1818.47
2020-09-28 11:50:00,1601293800.0,10.4264,10.4264,10.3903,10.3949,9466.68
2020-09-28 11:51:00,1601293860.0,10.3918,10.4245,10.3918,10.4164,6994.66
2020-09-28 11:52:00,1601293920.0,10.4129,10.4174,10.4025,10.4051,1852.24
2020-09-28 11:53:00,1601293980.0,10.403,10.4055,10.3987,10.4018,947.7
2020-09-28 11:54:00,1601294040.0,10.4017,10.4112,10.3861,10.3862,6686.46
2020-09-28 11:55:00,1601294100.0,10.388,10.4,10.3711,10.3987,8482.33
2020-09-28 11:56:00,1601294160.0,10.3989,10.4183,10.3989,10.4147,3989.39
2020-09-28 11:57:00,1601294220.0,10.4167,10.4293,10.401,10.423,5086.49
2020-09-28 11:58:00,1601294280.0,10.4181,10.4275,10.4138,10.4195,2748.41
2020-09-28 11:59:00,1601294340.0,10.42,10.4272,10.4124,10.4126,3800.51
2020-09-28 12:00:00,1601294400.0,10.4114,10.4114,10.374,10.3891,5098.92
2020-09-28 12:01:00,1601294460.0,10.3869,10.3917,10.3627,10.3689,6481.74
2020-09-28 12:02:00,1601294520.0,10.3689,10.3923,10.3648,10.385,3928.31
2020-09-28 12:03:00,1601294580.0,10.3846,10.3895,10.3747,10.3849,2456.54
2020-09-28 12:04:00,1601294640.0,10.3836,10.3946,10.3836,10.3841,1497.98
2020-09-28 12:05:00,1601294700.0,10.3848,10.41,10.3847,10.41,3236.77
2020-09-28 12:06:00,1601294760.0,10.4146,10.4537,10.4114,10.4537,10101.66
2020-09-28 12:07:00,1601294820.0,10.4508,10.4629,10.4483,10.4593,8230.33
2020-09-28 12:08:00,1601294880.0,10.4594,10.4735,10.4326,10.4685,12475.25
2020-09-28 12:09:00,1601294940.0,10.4608,10.4843,10.46,10.4768,9469.2
2020-09-28 12:10:00,1601295000.0,10.4815,10.4931,10.4768,10.4803,5663.88
2020-09-28 12:11:00,1601295060.0,10.4824,10.518,10.4721,10.5006,23524.61
2020-09-28 12:12:00,1601295120.0,10.5002,10.5364,10.5002,10.5077,9945.84
2020-09-28 12:13:00,1601295180.0,10.5046,10.5175,10.4924,10.5,11180.29
2020-09-28 12:14:00,1601295240.0,10.5052,10.508,10.4865,10.5044,3221.58
2020-09-28 12:15:00,1601295300.0,10.5043,10.5258,10.5001,10.5233,9193.77
2020-09-28 12:16:00,1601295360.0,10.5186,10.5203,10.5053,10.5137,10667.84
2020-09-28 12:17:00,1601295420.0,10.5079,10.521,10.5029,10.5095,6654.3
2020-09-28 12:18:00,1601295480.0,10.505,10.5142,10.497,10.5006,6396.26
2020-09-28 12:19:00,1601295540.0,10.5099,10.5292,10.5001,10.5212,7971.11
2020-09-28 12:20:00,1601295600.0,10.5175,10.5287,10.5136,10.5227,4542.27
2020-09-28 12:21:00,1601295660.0,10.5227,10.5357,10.5221,10.5342,6140.08
2020-09-28 12:22:00,1601295720.0,10.5288,10.5366,10.5205,10.5228,4650.1
2020-09-28 12:23:00,1601295780.0,10.527,10.5294,10.514,10.5238,5981.03
2020-09-28 12:24:00,1601295840.0,10.5227,10.5359,10.5141,10.5317,8764.7
2020-09-28 12:25:00,1601295900.0,10.5339,10.5339,10.51,10.5138,5580.42
2020-09-28 12:26:00,1601295960.0,10.51,10.5212,10.5044,10.5171,2305.37
2020-09-28 12:27:00,1601296020.0,10.5164,10.5164,10.5026,10.5026,5174.9
2020-09-28 12:28:00,1601296080.0,10.5026,10.5101,10.5025,10.5101,2320.55
2020-09-28 12:29:00,1601296140.0,10.5124,10.5251,10.4977,10.5068,7040.08
2020-09-28 12:30:00,1601296200.0,10.5117,10.5407,10.507,10.536,3647.54
2020-09-28 12:31:00,1601296260.0,10.5323,10.548,10.5286,10.5407,3606.75
2020-09-28 12:32:00,1601296320.0,10.5396,10.5437,10.5277,10.5437,4237.93
2020-09-28 12:33:00,1601296380.0,10.5489,10.5644,10.5475,10.5628,8773.95
2020-09-28 12:34:00,1601296440.0,10.5632,10.6497,10.5632,10.6497,33052.52
2020-09-28 12:35:00,1601296500.0,10.6494,10.6733,10.6134,10.6584,44863.12
2020-09-28 12:36:00,1601296560.0,10.6466,10.6856,10.6428,10.6518,15982.66
2020-09-28 12:37:00,1601296620.0,10.6588,10.6763,10.6216,10.6474,13703.95
2020-09-28 12:38:00,1601296680.0,10.6448,10.6595,10.6301,10.6352,13004.95
2020-09-28 12:39:00,1601296740.0,10.6393,10.6499,10.6062,10.613,15375.17
2020-09-28 12:40:00,1601296800.0,10.6131,10.6444,10.609,10.6236,5596.78
2020-09-28 12:41:00,1601296860.0,10.6228,10.6228,10.5851,10.6118,15778.82
2020-09-28 12:42:00,1601296920.0,10.603,10.6091,10.5605,10.566,14773.36
2020-09-28 12:43:00,1601296980.0,10.5616,10.5722,10.53,10.5614,17424.98
2020-09-28 12:44:00,1601297040.0,10.5631,10.59,10.5631,10.5685,7831.7
2020-09-28 12:45:00,1601297100.0,10.5709,10.583,10.5461,10.5589,11188.35
2020-09-28 12:46:00,1601297160.0,10.5531,10.5805,10.5457,10.552,8521.97
2020-09-28 12:47:00,1601297220.0,10.5519,10.5844,10.5519,10.5796,9034.52
2020-09-28 12:48:00,1601297280.0,10.5768,10.6119,10.5722,10.5888,18078.56
2020-09-28 12:49:00,1601297340.0,10.5843,10.5985,10.58,10.5985,3867.48
2020-09-28 12:50:00,1601297400.0,10.5993,10.6207,10.5984,10.6164,4552.24
2020-09-28 12:51:00,1601297460.0,10.615,10.6272,10.6077,10.6209,4461.02
2020-09-28 12:52:00,1601297520.0,10.6248,10.6248,10.585,10.5852,14602.67
2020-09-28 12:53:00,1601297580.0,10.585,10.6158,10.5808,10.6158,3166.49
2020-09-28 12:54:00,1601297640.0,10.6111,10.6559,10.6067,10.6516,11765.43
2020-09-28 12:55:00,1601297700.0,10.65,10.65,10.6201,10.6267,7764.18
2020-09-28 12:56:00,1601297760.0,10.6214,10.637,10.6153,10.6193,4755.48
2020-09-28 12:57:00,1601297820.0,10.619,10.6428,10.6151,10.6197,5362.04
2020-09-28 12:58:00,1601297880.0,10.6152,10.6268,10.6071,10.622,5535.35
2020-09-28 12:59:00,1601297940.0,10.6169,10.6299,10.6137,10.6246,2874.08
2020-09-28 13:00:00,1601298000.0,10.631,10.6397,10.61,10.61,4222.84
2020-09-28 13:01:00,1601298060.0,10.61,10.6106,10.562,10.5891,8373.91
2020-09-28 13:02:00,1601298120.0,10.5818,10.5985,10.5676,10.5916,4211.04
2020-09-28 13:03:00,1601298180.0,10.5912,10.5912,10.5643,10.5706,8418.84
2020-09-28 13:04:00,1601298240.0,10.57,10.5899,10.5637,10.5873,2293.01
2020-09-28 13:05:00,1601298300.0,10.5901,10.6125,10.5896,10.6079,4167.89
2020-09-28 13:06:00,1601298360.0,10.6074,10.61,10.5921,10.5921,4148.22
2020-09-28 13:07:00,1601298420.0,10.5922,10.5973,10.5796,10.5971,4156.88
2020-09-28 13:08:00,1601298480.0,10.5971,10.6111,10.5891,10.6111,2537.42
2020-09-28 13:09:00,1601298540.0,10.6137,10.6348,10.6122,10.6273,4086.55
2020-09-28 13:10:00,1601298600.0,10.6255,10.63,10.6196,10.63,1042.97
2020-09-28 13:11:00,1601298660.0,10.63,10.6394,10.6271,10.6364,5021.76
2020-09-28 13:12:00,1601298720.0,10.6364,10.642,10.6195,10.6265,6623.54
2020-09-28 13:13:00,1601298780.0,10.6265,10.6511,10.6207,10.6509,5937.92
2020-09-28 13:14:00,1601298840.0,10.6453,10.6509,10.6159,10.6199,6854.42
2020-09-28 13:15:00,1601298900.0,10.6221,10.6577,10.6221,10.6577,5898.62
2020-09-28 13:16:00,1601298960.0,10.6543,10.66,10.637,10.6429,4468.42
2020-09-28 13:17:00,1601299020.0,10.6435,10.644,10.6159,10.64,6741.39
2020-09-28 13:18:00,1601299080.0,10.638,10.6471,10.6261,10.644,2809.48
2020-09-28 13:19:00,1601299140.0,10.6435,10.6435,10.618,10.6335,4847.09
2020-09-28 13:20:00,1601299200.0,10.626,10.6371,10.618,10.6292,3631.06
2020-09-28 13:21:00,1601299260.0,10.628,10.6356,10.618,10.6198,1325.81
2020-09-28 13:22:00,1601299320.0,10.6196,10.621,10.5924,10.6052,6382.35
2020-09-28 13:23:00,1601299380.0,10.6052,10.6055,10.5822,10.6021,5624.93
2020-09-28 13:24:00,1601299440.0,10.5983,10.6007,10.5884,10.6007,3033.43
2020-09-28 13:25:00,1601299500.0,10.6055,10.6233,10.5953,10.6007,4729.56
2020-09-28 13:26:00,1601299560.0,10.6019,10.6134,10.5937,10.6134,2475.16
2020-09-28 13:27:00,1601299620.0,10.6065,10.6154,10.5983,10.6154,3724.22
2020-09-28 13:28:00,1601299680.0,10.6121,10.6268,10.6121,10.6254,1088.01
2020-09-28 13:29:00,1601299740.0,10.6215,10.6318,10.615,10.6225,2516.67
2020-09-28 13:30:00,1601299800.0,10.622,10.6248,10.606,10.6232,3578.07
2020-09-28 13:31:00,1601299860.0,10.6175,10.6175,10.6077,10.6132,1031.49
2020-09-28 13:32:00,1601299920.0,10.6165,10.6181,10.6057,10.6147,1184.22
2020-09-28 13:33:00,1601299980.0,10.6183,10.6421,10.6136,10.6421,4707.7
2020-09-28 13:34:00,1601300040.0,10.6419,10.7413,10.6419,10.7224,60208.61
2020-09-28 13:35:00,1601300100.0,10.7352,10.7971,10.7217,10.7503,48584.28
2020-09-28 13:36:00,1601300160.0,10.75,10.7904,10.7321,10.759,18436.86
2020-09-28 13:37:00,1601300220.0,10.7547,10.7633,10.7231,10.7342,16715.36
2020-09-28 13:38:00,1601300280.0,10.7231,10.7391,10.7071,10.7391,8731.68
2020-09-28 13:39:00,1601300340.0,10.7424,10.7471,10.7138,10.7167,5666.3
2020-09-28 13:40:00,1601300400.0,10.7239,10.7394,10.7144,10.7238,6927.65
2020-09-28 13:41:00,1601300460.0,10.7323,10.7525,10.7159,10.7394,9799.6
2020-09-28 13:42:00,1601300520.0,10.7365,10.7365,10.7112,10.7154,3975.72
2020-09-28 13:43:00,1601300580.0,10.7152,10.7512,10.7139,10.7332,9951.39
2020-09-28 13:44:00,1601300640.0,10.7284,10.7369,10.7073,10.7086,12105.09
2020-09-28 13:45:00,1601300700.0,10.7131,10.7131,10.6771,10.6814,14253.96
2020-09-28 13:46:00,1601300760.0,10.6845,10.7062,10.6795,10.6801,7549.21
2020-09-28 13:47:00,1601300820.0,10.6834,10.6895,10.64,10.6895,18009.95
2020-09-28 13:48:00,1601300880.0,10.6897,10.705,10.6666,10.676,12470.86
2020-09-28 13:49:00,1601300940.0,10.6757,10.6977,10.6587,10.6857,8169.35
2020-09-28 13:50:00,1601301000.0,10.6827,10.6827,10.6568,10.6631,3859.29
2020-09-28 13:51:00,1601301060.0,10.6634,10.68,10.6545,10.666,2940.24
2020-09-28 13:52:00,1601301120.0,10.6644,10.705,10.6629,10.6876,9053.15
2020-09-28 13:53:00,1601301180.0,10.6816,10.6816,10.6569,10.668,4697.98
2020-09-28 13:54:00,1601301240.0,10.6648,10.6752,10.6457,10.6541,15757.1
2020-09-28 13:55:00,1601301300.0,10.6527,10.6682,10.6481,10.6501,6325.32
2020-09-28 13:56:00,1601301360.0,10.6501,10.6637,10.6472,10.6632,3967.17
2020-09-28 13:57:00,1601301420.0,10.6632,10.6862,10.6632,10.6771,8653.91
2020-09-28 13:58:00,1601301480.0,10.6771,10.6784,10.6629,10.6629,1854.23
2020-09-28 13:59:00,1601301540.0,10.6589,10.6695,10.6466,10.6661,3425.26
2020-09-28 14:00:00,1601301600.0,10.6708,10.6771,10.6473,10.6536,2440.15
2020-09-28 14:01:00,1601301660.0,10.6536,10.6597,10.6479,10.6479,492.85
2020-09-28 14:02:00,1601301720.0,10.6479,10.6535,10.6282,10.64,9947.57
2020-09-28 14:03:00,1601301780.0,10.6399,10.6628,10.6355,10.6604,15482.93
2020-09-28 14:04:00,1601301840.0,10.6546,10.6583,10.6471,10.6527,4879.51
2020-09-28 14:05:00,1601301900.0,10.6487,10.6524,10.6352,10.6524,7563.97
2020-09-28 14:06:00,1601301960.0,10.6456,10.6471,10.6255,10.6255,8282.23
2020-09-28 14:07:00,1601302020.0,10.629,10.629,10.6114,10.6191,4209.0
2020-09-28 14:08:00,1601302080.0,10.6148,10.6389,10.6148,10.6283,9725.15
2020-09-28 14:09:00,1601302140.0,10.6293,10.6293,10.6035,10.6122,5807.55
2020-09-28 14:10:00,1601302200.0,10.6125,10.63,10.6086,10.6184,44740.2
2020-09-28 14:11:00,1601302260.0,10.6173,10.6252,10.617,10.619,2511.77
2020-09-28 14:12:00,1601302320.0,10.6245,10.6284,10.6179,10.6231,2560.57
2020-09-28 14:13:00,1601302380.0,10.6239,10.6252,10.6151,10.6222,1263.79
2020-09-28 14:14:00,1601302440.0,10.6209,10.63,10.615,10.6211,3461.24
2020-09-28 14:15:00,1601302500.0,10.6285,10.63,10.6185,10.6272,1535.49
2020-09-28 14:16:00,1601302560.0,10.6262,10.6292,10.6177,10.6241,3319.26
2020-09-28 14:17:00,1601302620.0,10.6258,10.63,10.6191,10.6251,4144.82
2020-09-28 14:18:00,1601302680.0,10.6286,10.63,10.6172,10.6172,2263.36
2020-09-28 14:19:00,1601302740.0,10.6167,10.625,10.6086,10.6214,4090.64
2020-09-28 14:20:00,1601302800.0,10.623,10.6259,10.6101,10.6257,4059.03
2020-09-28 14:21:00,1601302860.0,10.6212,10.6273,10.6119,10.6159,2350.76
2020-09-28 14:22:00,1601302920.0,10.6209,10.64,10.6209,10.6349,7269.79
2020-09-28 14:23:00,1601302980.0,10.6351,10.6406,10.6189,10.6381,12391.86
2020-09-28 14:24:00,1601303040.0,10.6386,10.6699,10.6322,10.6592,13201.15
2020-09-28 14:25:00,1601303100.0,10.6545,10.6713,10.654,10.6558,3792.73
2020-09-28 14:26:00,1601303160.0,10.6519,10.6622,10.6471,10.6564,1417.75
2020-09-28 14:27:00,1601303220.0,10.6563,10.6599,10.6418,10.6419,2081.8
2020-09-28 14:28:00,1601303280.0,10.64,10.6497,10.6316,10.6413,4864.03
2020-09-28 14:29:00,1601303340.0,10.6456,10.6456,10.63,10.6375,2088.18
2020-09-28 14:30:00,1601303400.0,10.6406,10.6455,10.6276,10.6432,2405.73
2020-09-28 14:31:00,1601303460.0,10.6468,10.6571,10.6333,10.6453,10112.89
2020-09-28 14:32:00,1601303520.0,10.6557,10.6605,10.6405,10.6405,1604.51
2020-09-28 14:33:00,1601303580.0,10.6407,10.651,10.6297,10.6504,4252.37
2020-09-28 14:34:00,1601303640.0,10.6549,10.6664,10.6459,10.6524,3287.02
2020-09-28 14:35:00,1601303700.0,10.6525,10.6525,10.6338,10.6391,1891.5
2020-09-28 14:36:00,1601303760.0,10.6471,10.67,10.6384,10.6441,10174.37
2020-09-28 14:37:00,1601303820.0,10.6504,10.6583,10.6351,10.6476,5197.56
2020-09-28 14:38:00,1601303880.0,10.6431,10.66,10.6412,10.6537,3643.53
2020-09-28 14:39:00,1601303940.0,10.6529,10.6543,10.6355,10.6474,6937.22
2020-09-28 14:40:00,1601304000.0,10.6448,10.6615,10.6405,10.658,2595.59
2020-09-28 14:41:00,1601304060.0,10.6515,10.6528,10.6307,10.6326,1788.16
2020-09-28 14:42:00,1601304120.0,10.64,10.6437,10.6269,10.6348,3280.06
2020-09-28 14:43:00,1601304180.0,10.638,10.6518,10.638,10.6464,1895.78
2020-09-28 14:44:00,1601304240.0,10.6456,10.6462,10.6302,10.6439,4524.73
2020-09-28 14:45:00,1601304300.0,10.6485,10.6506,10.6401,10.6401,608.69
2020-09-28 14:46:00,1601304360.0,10.6435,10.6436,10.6161,10.6218,4305.43
2020-09-28 14:47:00,1601304420.0,10.6219,10.6325,10.6143,10.6234,2936.3
2020-09-28 14:48:00,1601304480.0,10.6255,10.6284,10.61,10.61,3542.2
2020-09-28 14:49:00,1601304540.0,10.607,10.607,10.5751,10.5849,17854.52
2020-09-28 14:50:00,1601304600.0,10.5851,10.604,10.5834,10.5986,10420.0
2020-09-28 14:51:00,1601304660.0,10.5977,10.6071,10.5809,10.5821,4317.51
2020-09-28 14:52:00,1601304720.0,10.5826,10.6064,10.57,10.5768,5661.76
2020-09-28 14:53:00,1601304780.0,10.5716,10.5864,10.5672,10.5847,1967.09
2020-09-28 14:54:00,1601304840.0,10.5904,10.5992,10.5818,10.5992,1147.23
2020-09-28 14:55:00,1601304900.0,10.5954,10.5954,10.5848,10.5953,977.34
2020-09-28 14:56:00,1601304960.0,10.5914,10.5914,10.5751,10.5751,3743.09
2020-09-28 14:57:00,1601305020.0,10.5748,10.5832,10.573,10.5741,2079.24
2020-09-28 14:58:00,1601305080.0,10.5761,10.58,10.5698,10.5783,1627.66
2020-09-28 14:59:00,1601305140.0,10.5748,10.58,10.5718,10.58,1142.91
2020-09-28 15:00:00,1601305200.0,10.5799,10.58,10.5526,10.5544,6294.32
2020-09-28 15:01:00,1601305260.0,10.5565,10.5725,10.5563,10.5723,5909.42
2020-09-28 15:02:00,1601305320.0,10.5703,10.5898,10.5698,10.5706,4964.11
2020-09-28 15:03:00,1601305380.0,10.573,10.5969,10.5719,10.5909,2785.6
2020-09-28 15:04:00,1601305440.0,10.5892,10.6107,10.5879,10.5926,7741.72
2020-09-28 15:05:00,1601305500.0,10.5925,10.6074,10.5925,10.5966,3015.09
2020-09-28 15:06:00,1601305560.0,10.596,10.596,10.5793,10.5851,4190.79
2020-09-28 15:07:00,1601305620.0,10.5842,10.6022,10.5696,10.575,10755.77
2020-09-28 15:08:00,1601305680.0,10.5724,10.5724,10.5519,10.5576,18543.73
2020-09-28 15:09:00,1601305740.0,10.5576,10.57,10.555,10.57,4019.19
2020-09-28 15:10:00,1601305800.0,10.57,10.5854,10.5687,10.5801,3967.37
2020-09-28 15:11:00,1601305860.0,10.5762,10.6022,10.5664,10.5715,6810.96
2020-09-28 15:12:00,1601305920.0,10.5796,10.5972,10.5796,10.5931,1488.2
2020-09-28 15:13:00,1601305980.0,10.5994,10.6007,10.5806,10.5806,4066.13
2020-09-28 15:14:00,1601306040.0,10.5796,10.598,10.5747,10.5923,8451.08
2020-09-28 15:15:00,1601306100.0,10.5913,10.5975,10.5753,10.5864,7403.72
2020-09-28 15:16:00,1601306160.0,10.5849,10.5994,10.5836,10.5951,5419.96
2020-09-28 15:17:00,1601306220.0,10.5978,10.6029,10.5937,10.6017,2008.42
2020-09-28 15:18:00,1601306280.0,10.6024,10.6033,10.595,10.595,2139.8
2020-09-28 15:19:00,1601306340.0,10.5955,10.6219,10.5955,10.6219,6519.03
2020-09-28 15:20:00,1601306400.0,10.6219,10.6235,10.6018,10.6102,3598.73
2020-09-28 15:21:00,1601306460.0,10.6101,10.6302,10.6101,10.6168,8408.65
2020-09-28 15:22:00,1601306520.0,10.6167,10.6206,10.602,10.6101,4412.55
2020-09-28 15:23:00,1601306580.0,10.611,10.6138,10.6039,10.613,1288.37
2020-09-28 15:24:00,1601306640.0,10.613,10.6277,10.613,10.6267,1961.94
2020-09-28 15:25:00,1601306700.0,10.6219,10.6406,10.6218,10.6305,3335.52
2020-09-28 15:26:00,1601306760.0,10.6279,10.629,10.6136,10.6224,4601.66
2020-09-28 15:27:00,1601306820.0,10.6178,10.6178,10.6055,10.6101,1613.36
2020-09-28 15:28:00,1601306880.0,10.6132,10.6235,10.6132,10.6216,909.58
2020-09-28 15:29:00,1601306940.0,10.6239,10.642,10.6239,10.6367,1599.72
2020-09-28 15:30:00,1601307000.0,10.6345,10.6471,10.6227,10.6438,2854.36
2020-09-28 15:31:00,1601307060.0,10.6481,10.6612,10.6332,10.635,8951.4
2020-09-28 15:32:00,1601307120.0,10.6421,10.6549,10.6389,10.6468,3188.72
2020-09-28 15:33:00,1601307180.0,10.6426,10.6426,10.6276,10.6385,4829.73
2020-09-28 15:34:00,1601307240.0,10.636,10.6419,10.6265,10.6319,2112.31
2020-09-28 15:35:00,1601307300.0,10.6385,10.6418,10.6325,10.6375,701.27
2020-09-28 15:36:00,1601307360.0,10.6388,10.643,10.6248,10.6248,4045.45
2020-09-28 15:37:00,1601307420.0,10.6244,10.6435,10.6228,10.6435,3910.87
2020-09-28 15:38:00,1601307480.0,10.6451,10.6451,10.6222,10.6267,2125.4
2020-09-28 15:39:00,1601307540.0,10.6251,10.6262,10.6076,10.6191,5218.56
2020-09-28 15:40:00,1601307600.0,10.6265,10.6508,10.6265,10.6447,5883.03
2020-09-28 15:41:00,1601307660.0,10.65,10.6563,10.6191,10.6222,9520.43
2020-09-28 15:42:00,1601307720.0,10.62,10.6227,10.6016,10.606,8512.86
2020-09-28 15:43:00,1601307780.0,10.6079,10.6278,10.606,10.6243,3235.35
2020-09-28 15:44:00,1601307840.0,10.6244,10.6532,10.6244,10.6519,4812.34
2020-09-28 15:45:00,1601307900.0,10.6487,10.6496,10.6419,10.6496,1700.07
2020-09-28 15:46:00,1601307960.0,10.6538,10.6569,10.6391,10.6482,2191.79
2020-09-28 15:47:00,1601308020.0,10.6478,10.6478,10.6252,10.6418,7030.87
2020-09-28 15:48:00,1601308080.0,10.6447,10.6495,10.6274,10.6389,2181.96
2020-09-28 15:49:00,1601308140.0,10.6387,10.6399,10.6303,10.6399,1571.18
2020-09-28 15:50:00,1601308200.0,10.6397,10.6397,10.6266,10.627,290.59
2020-09-28 15:51:00,1601308260.0,10.627,10.6284,10.6168,10.6168,2742.31
2020-09-28 15:52:00,1601308320.0,10.6206,10.6207,10.6076,10.6135,2114.24
2020-09-28 15:53:00,1601308380.0,10.6152,10.6286,10.6116,10.6226,2123.85
2020-09-28 15:54:00,1601308440.0,10.6174,10.6189,10.6029,10.6132,3986.04
2020-09-28 15:55:00,1601308500.0,10.6135,10.6244,10.6135,10.6206,2852.05
2020-09-28 15:56:00,1601308560.0,10.6239,10.6256,10.615,10.6172,1554.32
2020-09-28 15:57:00,1601308620.0,10.6144,10.6253,10.6143,10.6253,626.92
2020-09-28 15:58:00,1601308680.0,10.6274,10.6383,10.6253,10.6253,2472.0
2020-09-28 15:59:00,1601308740.0,10.6253,10.6281,10.6189,10.6276,2136.75
2020-09-28 16:00:00,1601308800.0,10.6244,10.6322,10.6155,10.6245,2290.17
2020-09-28 16:01:00,1601308860.0,10.6243,10.6384,10.6142,10.6142,1476.64
2020-09-28 16:02:00,1601308920.0,10.6179,10.6307,10.6083,10.6129,6622.74
2020-09-28 16:03:00,1601308980.0,10.6136,10.6222,10.5977,10.6071,7928.84
2020-09-28 16:04:00,1601309040.0,10.6074,10.6263,10.6071,10.6193,1903.99
2020-09-28 16:05:00,1601309100.0,10.6201,10.6258,10.6159,10.6197,1047.19
2020-09-28 16:06:00,1601309160.0,10.6158,10.6158,10.5749,10.5876,8807.97
2020-09-28 16:07:00,1601309220.0,10.5926,10.5975,10.5677,10.5745,8457.7
2020-09-28 16:08:00,1601309280.0,10.5744,10.59,10.5676,10.5773,1091.11
2020-09-28 16:09:00,1601309340.0,10.5763,10.5808,10.5692,10.5757,1476.35
2020-09-28 16:10:00,1601309400.0,10.5736,10.5929,10.5639,10.5929,7155.97
2020-09-28 16:11:00,1601309460.0,10.5928,10.5928,10.5604,10.5759,14630.56
2020-09-28 16:12:00,1601309520.0,10.5782,10.5782,10.5605,10.5692,1208.13
2020-09-28 16:13:00,1601309580.0,10.5691,10.5777,10.56,10.5776,2998.64
2020-09-28 16:14:00,1601309640.0,10.5762,10.5762,10.5388,10.5465,15881.97
2020-09-28 16:15:00,1601309700.0,10.5463,10.5653,10.5427,10.5553,7810.85
2020-09-28 16:16:00,1601309760.0,10.5544,10.5724,10.5496,10.5673,8738.61
2020-09-28 16:17:00,1601309820.0,10.564,10.5769,10.557,10.5769,4058.53
2020-09-28 16:18:00,1601309880.0,10.5776,10.59,10.5709,10.5771,2964.05
2020-09-28 16:19:00,1601309940.0,10.5763,10.5936,10.5763,10.5774,3856.63
2020-09-28 16:20:00,1601310000.0,10.5772,10.5959,10.5762,10.5922,9132.13
2020-09-28 16:21:00,1601310060.0,10.5952,10.5996,10.5862,10.5868,2218.97
2020-09-28 16:22:00,1601310120.0,10.5879,10.6107,10.58,10.6044,4877.73
2020-09-28 16:23:00,1601310180.0,10.6084,10.6196,10.5897,10.6194,7170.04
2020-09-28 16:24:00,1601310240.0,10.6162,10.6171,10.5946,10.6047,7530.78
2020-09-28 16:25:00,1601310300.0,10.6061,10.6061,10.5862,10.5989,3894.47
2020-09-28 16:26:00,1601310360.0,10.603,10.6052,10.5944,10.5994,1569.86
2020-09-28 16:27:00,1601310420.0,10.5958,10.5966,10.5843,10.5936,2118.95
2020-09-28 16:28:00,1601310480.0,10.5965,10.6,10.5783,10.5929,9768.24
2020-09-28 16:29:00,1601310540.0,10.5882,10.6067,10.5848,10.6065,11416.68
2020-09-28 16:30:00,1601310600.0,10.6067,10.61,10.5856,10.6002,3988.91
2020-09-28 16:31:00,1601310660.0,10.5999,10.5999,10.5862,10.5973,1418.67
2020-09-28 16:32:00,1601310720.0,10.5924,10.609,10.5885,10.6069,4630.51
2020-09-28 16:33:00,1601310780.0,10.6078,10.6372,10.6078,10.6372,7719.15
2020-09-28 16:34:00,1601310840.0,10.638,10.6412,10.6103,10.6176,2742.9
2020-09-28 16:35:00,1601310900.0,10.6115,10.614,10.5992,10.6054,1302.89
2020-09-28 16:36:00,1601310960.0,10.6062,10.6116,10.5975,10.6012,1552.44
2020-09-28 16:37:00,1601311020.0,10.6012,10.618,10.6001,10.6128,1886.67
2020-09-28 16:38:00,1601311080.0,10.6137,10.6143,10.5932,10.5991,2311.83
2020-09-28 16:39:00,1601311140.0,10.6026,10.6168,10.6003,10.6003,857.37
2020-09-28 16:40:00,1601311200.0,10.6018,10.6392,10.6018,10.63,3912.16
2020-09-28 16:41:00,1601311260.0,10.6393,10.6551,10.6369,10.6398,6013.89
2020-09-28 16:42:00,1601311320.0,10.6447,10.664,10.6447,10.6497,3811.39
2020-09-28 16:43:00,1601311380.0,10.6426,10.6671,10.6394,10.6566,4035.83
2020-09-28 16:44:00,1601311440.0,10.6599,10.6719,10.6542,10.6627,2658.21
2020-09-28 16:45:00,1601311500.0,10.6576,10.6614,10.6488,10.6571,1190.4
2020-09-28 16:46:00,1601311560.0,10.6599,10.6599,10.6453,10.6571,6278.94
2020-09-28 16:47:00,1601311620.0,10.6519,10.6869,10.6519,10.682,4904.02
2020-09-28 16:48:00,1601311680.0,10.6859,10.69,10.679,10.6864,3347.52
2020-09-28 16:49:00,1601311740.0,10.6845,10.6899,10.6591,10.6641,14862.51
2020-09-28 16:50:00,1601311800.0,10.6615,10.6616,10.6412,10.65,2617.94
2020-09-28 16:51:00,1601311860.0,10.6513,10.6679,10.6507,10.6651,2714.92
2020-09-28 16:52:00,1601311920.0,10.6657,10.6845,10.6657,10.6815,3542.48
2020-09-28 16:53:00,1601311980.0,10.6811,10.6812,10.663,10.6666,1561.74
2020-09-28 16:54:00,1601312040.0,10.6693,10.6734,10.6654,10.669,1073.74
2020-09-28 16:55:00,1601312100.0,10.6646,10.6646,10.6582,10.6601,933.03
2020-09-28 16:56:00,1601312160.0,10.6625,10.6728,10.6625,10.6728,739.16
2020-09-28 16:57:00,1601312220.0,10.67,10.6995,10.67,10.6995,9745.86
2020-09-28 16:58:00,1601312280.0,10.6935,10.6949,10.6693,10.6738,18116.86
2020-09-28 16:59:00,1601312340.0,10.6767,10.686,10.6704,10.6777,5283.72
2020-09-28 17:00:00,1601312400.0,10.6777,10.6841,10.6669,10.671,3884.12
2020-09-28 17:01:00,1601312460.0,10.6727,10.6921,10.6674,10.6801,4767.99
2020-09-28 17:02:00,1601312520.0,10.6773,10.6773,10.6571,10.6575,2793.75
2020-09-28 17:03:00,1601312580.0,10.658,10.6724,10.6548,10.6676,1878.89
2020-09-28 17:04:00,1601312640.0,10.6631,10.67,10.6507,10.6589,2477.64
2020-09-28 17:05:00,1601312700.0,10.651,10.666,10.6417,10.666,1713.41
2020-09-28 17:06:00,1601312760.0,10.6666,10.6795,10.6589,10.6729,1760.48
2020-09-28 17:07:00,1601312820.0,10.6776,10.6778,10.66,10.673,3845.91
2020-09-28 17:08:00,1601312880.0,10.6689,10.6721,10.6622,10.6635,774.44
2020-09-28 17:09:00,1601312940.0,10.6612,10.6653,10.6517,10.6517,3179.19
2020-09-28 17:10:00,1601313000.0,10.6515,10.6697,10.6469,10.6561,4362.6
2020-09-28 17:11:00,1601313060.0,10.651,10.6512,10.6358,10.6442,5155.09
2020-09-28 17:12:00,1601313120.0,10.6476,10.6476,10.6401,10.6426,946.06
2020-09-28 17:13:00,1601313180.0,10.6473,10.6576,10.6442,10.6442,3420.15
2020-09-28 17:14:00,1601313240.0,10.6446,10.6596,10.639,10.6446,3950.5
2020-09-28 17:15:00,1601313300.0,10.6479,10.6596,10.6477,10.648,1549.78
2020-09-28 17:16:00,1601313360.0,10.6583,10.6583,10.6358,10.6475,11385.67
2020-09-28 17:17:00,1601313420.0,10.6395,10.6414,10.6381,10.6414,1226.89
2020-09-28 17:18:00,1601313480.0,10.6414,10.6414,10.6251,10.63,3993.06
2020-09-28 17:19:00,1601313540.0,10.6313,10.637,10.6271,10.6338,1924.91
2020-09-28 17:20:00,1601313600.0,10.6316,10.6492,10.627,10.6492,3156.95
2020-09-28 17:21:00,1601313660.0,10.6479,10.6489,10.6301,10.6489,887.41
2020-09-28 17:22:00,1601313720.0,10.6466,10.6615,10.6466,10.6615,1712.04
2020-09-28 17:23:00,1601313780.0,10.6552,10.6816,10.6527,10.6816,9156.92
2020-09-28 17:24:00,1601313840.0,10.6817,10.6869,10.6615,10.6863,9418.18
2020-09-28 17:25:00,1601313900.0,10.686,10.7248,10.6743,10.7126,21056.86
2020-09-28 17:26:00,1601313960.0,10.7149,10.7273,10.704,10.7124,22528.35
2020-09-28 17:27:00,1601314020.0,10.7084,10.7207,10.7083,10.7201,5265.45
2020-09-28 17:28:00,1601314080.0,10.7218,10.7251,10.711,10.711,4915.64
2020-09-28 17:29:00,1601314140.0,10.7156,10.7164,10.7079,10.714,298.75
2020-09-28 17:30:00,1601314200.0,10.7096,10.7121,10.6814,10.7011,6451.86
2020-09-28 17:31:00,1601314260.0,10.6968,10.7063,10.6927,10.7,4211.15
2020-09-28 17:32:00,1601314320.0,10.7006,10.722,10.7,10.7102,9712.15
2020-09-28 17:33:00,1601314380.0,10.7192,10.7451,10.7024,10.7024,19757.57
2020-09-28 17:34:00,1601314440.0,10.7056,10.7102,10.6696,10.6697,8078.49
2020-09-28 17:35:00,1601314500.0,10.6705,10.6982,10.6705,10.6802,6638.97
2020-09-28 17:36:00,1601314560.0,10.688,10.6881,10.66,10.6622,22672.33
2020-09-28 17:37:00,1601314620.0,10.665,10.672,10.6431,10.6518,3950.4
2020-09-28 17:38:00,1601314680.0,10.6542,10.6595,10.6398,10.6551,5270.5
2020-09-28 17:39:00,1601314740.0,10.6474,10.6629,10.6473,10.652,4401.84
2020-09-28 17:40:00,1601314800.0,10.6514,10.6659,10.6436,10.6659,3347.51
2020-09-28 17:41:00,1601314860.0,10.67,10.6772,10.646,10.6701,13176.1
2020-09-28 17:42:00,1601314920.0,10.6753,10.6753,10.6507,10.6635,1330.63
2020-09-28 17:43:00,1601314980.0,10.6624,10.6624,10.6479,10.6571,800.52
2020-09-28 17:44:00,1601315040.0,10.6517,10.669,10.6472,10.6634,3274.84
2020-09-28 17:45:00,1601315100.0,10.6656,10.6656,10.6458,10.65,10394.73
2020-09-28 17:46:00,1601315160.0,10.6458,10.6573,10.645,10.6573,1824.84
2020-09-28 17:47:00,1601315220.0,10.6572,10.6633,10.625,10.625,13646.94
2020-09-28 17:48:00,1601315280.0,10.6305,10.6534,10.6305,10.6491,3336.01
2020-09-28 17:49:00,1601315340.0,10.6453,10.6457,10.6337,10.6407,3069.41
2020-09-28 17:50:00,1601315400.0,10.6416,10.6416,10.637,10.637,504.78
2020-09-28 17:51:00,1601315460.0,10.6397,10.6397,10.6169,10.621,6221.87
2020-09-28 17:52:00,1601315520.0,10.6202,10.6453,10.615,10.6326,2898.05
2020-09-28 17:53:00,1601315580.0,10.6364,10.6533,10.6302,10.6518,2324.44
2020-09-28 17:54:00,1601315640.0,10.6511,10.6511,10.6349,10.6388,1833.28
2020-09-28 17:55:00,1601315700.0,10.6379,10.6467,10.6295,10.6435,1705.84
2020-09-28 17:56:00,1601315760.0,10.6453,10.6535,10.6442,10.6449,1399.24
2020-09-28 17:57:00,1601315820.0,10.6474,10.6679,10.6474,10.6615,3564.84
2020-09-28 17:58:00,1601315880.0,10.6558,10.6571,10.6436,10.6532,2333.39
2020-09-28 17:59:00,1601315940.0,10.6519,10.6519,10.6409,10.6425,3423.77
2020-09-28 18:00:00,1601316000.0,10.6429,10.6508,10.6143,10.6284,8245.12
2020-09-28 18:01:00,1601316060.0,10.6349,10.65,10.6304,10.6304,8722.65
2020-09-28 18:02:00,1601316120.0,10.636,10.6457,10.6354,10.6401,691.69
2020-09-28 18:03:00,1601316180.0,10.6425,10.6425,10.6206,10.6267,1293.15
2020-09-28 18:04:00,1601316240.0,10.6266,10.6475,10.6266,10.64,4966.16
2020-09-28 18:05:00,1601316300.0,10.64,10.64,10.605,10.6089,6952.23
2020-09-28 18:06:00,1601316360.0,10.6133,10.6211,10.594,10.6159,6962.19
2020-09-28 18:07:00,1601316420.0,10.6136,10.6136,10.6016,10.6101,2124.05
2020-09-28 18:08:00,1601316480.0,10.6083,10.6332,10.6083,10.6222,5196.8
2020-09-28 18:09:00,1601316540.0,10.6189,10.6189,10.6092,10.6095,688.91
2020-09-28 18:10:00,1601316600.0,10.6079,10.6193,10.5823,10.6126,21638.24
2020-09-28 18:11:00,1601316660.0,10.6214,10.6214,10.5891,10.5894,4915.14
2020-09-28 18:12:00,1601316720.0,10.592,10.6211,10.592,10.6043,3297.62
2020-09-28 18:13:00,1601316780.0,10.61,10.6116,10.5937,10.6067,5096.48
2020-09-28 18:14:00,1601316840.0,10.6001,10.6037,10.5717,10.5844,6483.07
2020-09-28 18:15:00,1601316900.0,10.582,10.605,10.5785,10.592,13485.42
2020-09-28 18:16:00,1601316960.0,10.5977,10.615,10.5875,10.604,2989.41
2020-09-28 18:17:00,1601317020.0,10.6052,10.6146,10.5921,10.614,5508.85
2020-09-28 18:18:00,1601317080.0,10.6105,10.6105,10.591,10.591,1827.06
2020-09-28 18:19:00,1601317140.0,10.5917,10.6112,10.5917,10.6048,2222.69
2020-09-28 18:20:00,1601317200.0,10.5924,10.5969,10.5843,10.5947,5118.91
2020-09-28 18:21:00,1601317260.0,10.5991,10.612,10.5975,10.608,1833.05
2020-09-28 18:22:00,1601317320.0,10.6094,10.6132,10.5968,10.6005,1655.73
2020-09-28 18:23:00,1601317380.0,10.5982,10.6035,10.5936,10.5997,1299.52
2020-09-28 18:24:00,1601317440.0,10.6051,10.6171,10.6051,10.6108,1387.42
2020-09-28 18:25:00,1601317500.0,10.6101,10.622,10.6062,10.6155,6420.08
2020-09-28 18:26:00,1601317560.0,10.6109,10.6209,10.6078,10.6084,588.06
2020-09-28 18:27:00,1601317620.0,10.6085,10.6088,10.5991,10.6015,2333.22
2020-09-28 18:28:00,1601317680.0,10.6058,10.6242,10.6058,10.6242,2240.43
2020-09-28 18:29:00,1601317740.0,10.6193,10.6193,10.6038,10.6038,1063.98
2020-09-28 18:30:00,1601317800.0,10.6083,10.6083,10.5772,10.5948,5328.71
2020-09-28 18:31:00,1601317860.0,10.5947,10.6074,10.5884,10.5971,3796.48
2020-09-28 18:32:00,1601317920.0,10.594,10.6,10.5824,10.5931,2134.5
2020-09-28 18:33:00,1601317980.0,10.5942,10.6042,10.5883,10.5963,1680.1
2020-09-28 18:34:00,1601318040.0,10.5947,10.6113,10.5943,10.5996,1810.93
2020-09-28 18:35:00,1601318100.0,10.6068,10.6072,10.5946,10.6041,350.25
2020-09-28 18:36:00,1601318160.0,10.604,10.604,10.5874,10.601,1669.67
2020-09-28 18:37:00,1601318220.0,10.5983,10.5998,10.5884,10.5916,3665.27
2020-09-28 18:38:00,1601318280.0,10.6017,10.6017,10.589,10.59,1070.74
2020-09-28 18:39:00,1601318340.0,10.5904,10.6098,10.5904,10.6098,3106.94
2020-09-28 18:40:00,1601318400.0,10.6099,10.6099,10.591,10.6,3076.38
2020-09-28 18:41:00,1601318460.0,10.5987,10.6184,10.5987,10.6097,1887.17
2020-09-28 18:42:00,1601318520.0,10.6079,10.6203,10.599,10.6103,2931.1
2020-09-28 18:43:00,1601318580.0,10.6074,10.6077,10.5982,10.6026,1537.74
2020-09-28 18:44:00,1601318640.0,10.6059,10.606,10.5949,10.6019,2972.87
2020-09-28 18:45:00,1601318700.0,10.603,10.618,10.603,10.6121,2859.63
2020-09-28 18:46:00,1601318760.0,10.6089,10.616,10.6,10.6032,4637.2
2020-09-28 18:47:00,1601318820.0,10.5988,10.6212,10.5982,10.6175,2010.47
2020-09-28 18:48:00,1601318880.0,10.6126,10.616,10.6053,10.6053,2522.5
2020-09-28 18:49:00,1601318940.0,10.6029,10.6089,10.5983,10.6089,5947.61
2020-09-28 18:50:00,1601319000.0,10.6085,10.6085,10.5915,10.5954,2687.77
2020-09-28 18:51:00,1601319060.0,10.5988,10.6084,10.5938,10.603,1776.76
2020-09-28 18:52:00,1601319120.0,10.5936,10.5952,10.5751,10.5814,5938.58
2020-09-28 18:53:00,1601319180.0,10.5844,10.5994,10.5838,10.5906,1917.34
2020-09-28 18:54:00,1601319240.0,10.5906,10.593,10.5906,10.5924,238.25
2020-09-28 18:55:00,1601319300.0,10.5886,10.5886,10.5765,10.5863,3714.06
2020-09-28 18:56:00,1601319360.0,10.5885,10.6,10.583,10.59,4434.3
2020-09-28 18:57:00,1601319420.0,10.5834,10.5938,10.58,10.5938,1021.85
2020-09-28 18:58:00,1601319480.0,10.5913,10.5913,10.58,10.58,1342.16
2020-09-28 18:59:00,1601319540.0,10.5766,10.5858,10.5766,10.5832,2166.12
2020-09-28 19:00:00,1601319600.0,10.5825,10.6058,10.5825,10.6058,4009.14
2020-09-28 19:01:00,1601319660.0,10.5988,10.5988,10.5842,10.5842,2113.22
2020-09-28 19:02:00,1601319720.0,10.5844,10.5949,10.5809,10.5949,1599.61
2020-09-28 19:03:00,1601319780.0,10.5938,10.5938,10.5742,10.5749,7321.0
2020-09-28 19:04:00,1601319840.0,10.5758,10.5869,10.5758,10.5796,394.26
2020-09-28 19:05:00,1601319900.0,10.5809,10.5849,10.5661,10.5834,2735.22
2020-09-28 19:06:00,1601319960.0,10.5927,10.6,10.5927,10.5961,2299.01
2020-09-28 19:07:00,1601320020.0,10.5961,10.5961,10.5835,10.5918,1588.73
2020-09-28 19:08:00,1601320080.0,10.5946,10.6013,10.5923,10.5927,2064.93
2020-09-28 19:09:00,1601320140.0,10.5925,10.5925,10.5824,10.585,1022.69
2020-09-28 19:10:00,1601320200.0,10.5829,10.6109,10.5821,10.6049,1940.7
2020-09-28 19:11:00,1601320260.0,10.6033,10.6035,10.5926,10.6,1625.32
2020-09-28 19:12:00,1601320320.0,10.6,10.6,10.5886,10.598,964.4
2020-09-28 19:13:00,1601320380.0,10.5937,10.5975,10.5914,10.5914,550.81
2020-09-28 19:14:00,1601320440.0,10.5938,10.6096,10.5927,10.5927,1149.29
2020-09-28 19:15:00,1601320500.0,10.5889,10.59,10.5669,10.5814,4086.33
2020-09-28 19:16:00,1601320560.0,10.5773,10.58,10.5734,10.575,1518.97
2020-09-28 19:17:00,1601320620.0,10.58,10.5878,10.5777,10.5791,6052.22
2020-09-28 19:18:00,1601320680.0,10.5768,10.5814,10.5697,10.5814,2775.95
2020-09-28 19:19:00,1601320740.0,10.5766,10.5868,10.5758,10.5868,673.99
2020-09-28 19:20:00,1601320800.0,10.5798,10.5798,10.5753,10.5753,345.51
2020-09-28 19:21:00,1601320860.0,10.5757,10.5772,10.5663,10.5724,2056.66
2020-09-28 19:22:00,1601320920.0,10.5728,10.5749,10.5665,10.5701,557.06
2020-09-28 19:23:00,1601320980.0,10.5712,10.5713,10.5591,10.5616,6645.63
2020-09-28 19:24:00,1601321040.0,10.5697,10.5788,10.5682,10.5725,3469.95
2020-09-28 19:25:00,1601321100.0,10.5763,10.58,10.5655,10.5655,2797.01
2020-09-28 19:26:00,1601321160.0,10.57,10.585,10.57,10.5749,1201.21
2020-09-28 19:27:00,1601321220.0,10.5757,10.5763,10.5757,10.5763,475.47
2020-09-28 19:28:00,1601321280.0,10.5809,10.5901,10.5783,10.5901,3777.0
2020-09-28 19:29:00,1601321340.0,10.5871,10.595,10.5871,10.595,548.42
2020-09-28 19:30:00,1601321400.0,10.5956,10.5956,10.5809,10.5848,2851.2
2020-09-28 19:31:00,1601321460.0,10.5848,10.589,10.5736,10.5736,2084.59
2020-09-28 19:32:00,1601321520.0,10.5737,10.5759,10.5558,10.5558,3612.07
2020-09-28 19:33:00,1601321580.0,10.5639,10.5639,10.5523,10.5599,4562.61
2020-09-28 19:34:00,1601321640.0,10.5574,10.5574,10.5202,10.5412,13796.09
2020-09-28 19:35:00,1601321700.0,10.5442,10.5546,10.5282,10.5461,3086.84
2020-09-28 19:36:00,1601321760.0,10.5437,10.5532,10.5437,10.5494,949.6
2020-09-28 19:37:00,1601321820.0,10.5496,10.5514,10.5328,10.546,5038.34
2020-09-28 19:38:00,1601321880.0,10.539,10.5403,10.5153,10.5346,5520.77
2020-09-28 19:39:00,1601321940.0,10.5403,10.5403,10.5111,10.5351,6944.06
2020-09-28 19:40:00,1601322000.0,10.5315,10.5383,10.5205,10.53,3419.12
2020-09-28 19:41:00,1601322060.0,10.5325,10.5502,10.531,10.5381,5551.79
2020-09-28 19:42:00,1601322120.0,10.5496,10.5757,10.5496,10.5548,6363.58
2020-09-28 19:43:00,1601322180.0,10.5598,10.5701,10.5588,10.5588,479.33
2020-09-28 19:44:00,1601322240.0,10.558,10.5619,10.5499,10.5536,917.17
2020-09-28 19:45:00,1601322300.0,10.55,10.552,10.5271,10.5353,4809.88
2020-09-28 19:46:00,1601322360.0,10.5412,10.5628,10.5367,10.5533,6553.26
2020-09-28 19:47:00,1601322420.0,10.5543,10.5735,10.5518,10.5621,1624.34
2020-09-28 19:48:00,1601322480.0,10.5591,10.5591,10.5412,10.554,1289.92
2020-09-28 19:49:00,1601322540.0,10.5513,10.5513,10.5355,10.5496,14074.94
2020-09-28 19:50:00,1601322600.0,10.5453,10.5609,10.5403,10.5468,3308.28
2020-09-28 19:51:00,1601322660.0,10.5481,10.5521,10.5409,10.5453,1119.71
2020-09-28 19:52:00,1601322720.0,10.5491,10.5679,10.5491,10.5634,4537.15
2020-09-28 19:53:00,1601322780.0,10.5604,10.5788,10.5604,10.5742,3038.91
2020-09-28 19:54:00,1601322840.0,10.5725,10.58,10.5672,10.5791,2153.97
2020-09-28 19:55:00,1601322900.0,10.5734,10.577,10.5715,10.577,450.72
2020-09-28 19:56:00,1601322960.0,10.5761,10.5789,10.5727,10.5727,888.9
2020-09-28 19:57:00,1601323020.0,10.5709,10.5936,10.5709,10.593,4688.12
2020-09-28 19:58:00,1601323080.0,10.593,10.5949,10.58,10.5857,1618.19
2020-09-28 19:59:00,1601323140.0,10.5918,10.5989,10.5817,10.5955,3062.22
2020-09-28 20:00:00,1601323200.0,10.5994,10.611,10.5881,10.6001,5483.09
2020-09-28 20:01:00,1601323260.0,10.5966,10.6092,10.5966,10.6081,259.27
2020-09-28 20:02:00,1601323320.0,10.6054,10.6116,10.5918,10.5984,2497.53
2020-09-28 20:03:00,1601323380.0,10.5942,10.6015,10.5742,10.5872,2835.31
2020-09-28 20:04:00,1601323440.0,10.5854,10.6092,10.5854,10.605,3407.01
2020-09-28 20:05:00,1601323500.0,10.6054,10.6054,10.5846,10.5989,1219.09
2020-09-28 20:06:00,1601323560.0,10.599,10.6038,10.593,10.6038,447.22
2020-09-28 20:07:00,1601323620.0,10.5976,10.6004,10.5966,10.5986,201.09
2020-09-28 20:08:00,1601323680.0,10.5978,10.6036,10.5864,10.5939,3921.22
2020-09-28 20:09:00,1601323740.0,10.5896,10.6058,10.5892,10.5992,2091.09
2020-09-28 20:10:00,1601323800.0,10.6099,10.6135,10.5984,10.6111,4328.82
2020-09-28 20:11:00,1601323860.0,10.6111,10.6135,10.5933,10.5933,1923.95
2020-09-28 20:12:00,1601323920.0,10.5976,10.6144,10.5976,10.6039,1271.06
2020-09-28 20:13:00,1601323980.0,10.6106,10.63,10.6042,10.6241,6498.8
2020-09-28 20:14:00,1601324040.0,10.622,10.6311,10.6123,10.6234,3705.42
2020-09-28 20:15:00,1601324100.0,10.6259,10.629,10.614,10.6141,2058.1
2020-09-28 20:16:00,1601324160.0,10.614,10.6167,10.5975,10.6076,4203.98
2020-09-28 20:17:00,1601324220.0,10.6048,10.6145,10.6043,10.6079,856.56
2020-09-28 20:18:00,1601324280.0,10.6043,10.62,10.5933,10.6164,3234.06
2020-09-28 20:19:00,1601324340.0,10.6123,10.616,10.6063,10.616,1236.53
2020-09-28 20:20:00,1601324400.0,10.6149,10.6311,10.6082,10.6126,3561.77
2020-09-28 20:21:00,1601324460.0,10.6152,10.6152,10.6038,10.6043,644.74
2020-09-28 20:22:00,1601324520.0,10.6003,10.6088,10.5985,10.602,1092.43
2020-09-28 20:23:00,1601324580.0,10.6037,10.6037,10.591,10.5922,2384.01
2020-09-28 20:24:00,1601324640.0,10.5966,10.612,10.5966,10.6101,1140.82
2020-09-28 20:25:00,1601324700.0,10.5995,10.6037,10.598,10.6,673.14
2020-09-28 20:26:00,1601324760.0,10.5949,10.613,10.5919,10.6109,2354.17
2020-09-28 20:27:00,1601324820.0,10.6144,10.6145,10.5969,10.5969,2091.98
2020-09-28 20:28:00,1601324880.0,10.5951,10.6106,10.5907,10.6106,3493.89
2020-09-28 20:29:00,1601324940.0,10.6036,10.6054,10.597,10.6054,449.03
2020-09-28 20:30:00,1601325000.0,10.6054,10.6054,10.5921,10.5921,1364.7
2020-09-28 20:31:00,1601325060.0,10.5947,10.5961,10.5851,10.5923,3662.04
2020-09-28 20:32:00,1601325120.0,10.5923,10.595,10.5923,10.5932,246.22
2020-09-28 20:33:00,1601325180.0,10.5959,10.62,10.5959,10.6052,10023.37
2020-09-28 20:34:00,1601325240.0,10.6026,10.6047,10.5865,10.5956,1858.64
2020-09-28 20:35:00,1601325300.0,10.5995,10.6067,10.5894,10.6012,3302.87
2020-09-28 20:36:00,1601325360.0,10.6012,10.6126,10.5917,10.6126,1615.45
2020-09-28 20:37:00,1601325420.0,10.6097,10.6137,10.601,10.61,3355.68
2020-09-28 20:38:00,1601325480.0,10.6105,10.6202,10.6057,10.6202,2029.41
2020-09-28 20:39:00,1601325540.0,10.6276,10.6276,10.6105,10.6158,1098.43
2020-09-28 20:40:00,1601325600.0,10.617,10.6171,10.6057,10.6171,2695.2
2020-09-28 20:41:00,1601325660.0,10.6171,10.625,10.6143,10.6171,1555.54
2020-09-28 20:42:00,1601325720.0,10.6167,10.6233,10.6112,10.6187,2201.7
2020-09-28 20:43:00,1601325780.0,10.6187,10.6358,10.6187,10.6327,1059.48
2020-09-28 20:44:00,1601325840.0,10.6345,10.6345,10.6174,10.6234,2373.88
2020-09-28 20:45:00,1601325900.0,10.625,10.6252,10.6102,10.6167,3023.14
2020-09-28 20:46:00,1601325960.0,10.6204,10.6238,10.6143,10.6184,883.07
2020-09-28 20:47:00,1601326020.0,10.6238,10.6243,10.6188,10.6188,145.86
2020-09-28 20:48:00,1601326080.0,10.6167,10.6359,10.6154,10.625,4534.47
2020-09-28 20:49:00,1601326140.0,10.6305,10.6321,10.6202,10.6204,330.57
2020-09-28 20:50:00,1601326200.0,10.6152,10.6275,10.6151,10.6185,2517.49
2020-09-28 20:51:00,1601326260.0,10.6237,10.6237,10.6069,10.6086,1080.99
2020-09-28 20:52:00,1601326320.0,10.6081,10.6122,10.6062,10.61,2101.07
2020-09-28 20:53:00,1601326380.0,10.6132,10.6238,10.6132,10.6231,501.24
2020-09-28 20:54:00,1601326440.0,10.622,10.6365,10.62,10.6256,4988.39
2020-09-28 20:55:00,1601326500.0,10.62,10.6235,10.6128,10.6165,902.82
2020-09-28 20:56:00,1601326560.0,10.6175,10.62,10.6106,10.62,421.86
2020-09-28 20:57:00,1601326620.0,10.6237,10.6238,10.6128,10.6187,1110.21
2020-09-28 20:58:00,1601326680.0,10.6187,10.6375,10.6147,10.63,4633.3
2020-09-28 20:59:00,1601326740.0,10.6323,10.655,10.6274,10.6535,10378.7
2020-09-28 21:00:00,1601326800.0,10.6504,10.6536,10.6335,10.636,8601.72
2020-09-28 21:01:00,1601326860.0,10.6305,10.6324,10.6263,10.628,554.8
2020-09-28 21:02:00,1601326920.0,10.63,10.63,10.6132,10.6149,3853.18
2020-09-28 21:03:00,1601326980.0,10.6148,10.6187,10.604,10.614,2332.59
2020-09-28 21:04:00,1601327040.0,10.6171,10.6244,10.6149,10.6224,1333.64
2020-09-28 21:05:00,1601327100.0,10.6224,10.6249,10.6073,10.6209,7550.29
2020-09-28 21:06:00,1601327160.0,10.6211,10.622,10.6154,10.6177,308.71
2020-09-28 21:07:00,1601327220.0,10.6229,10.6229,10.59,10.59,5264.55
2020-09-28 21:08:00,1601327280.0,10.5877,10.5927,10.543,10.5478,10776.18
2020-09-28 21:09:00,1601327340.0,10.543,10.565,10.54,10.5593,4200.7
2020-09-28 21:10:00,1601327400.0,10.5561,10.5561,10.54,10.5444,4088.43
2020-09-28 21:11:00,1601327460.0,10.5448,10.5775,10.5448,10.5775,4056.4
2020-09-28 21:12:00,1601327520.0,10.5714,10.5747,10.5525,10.5626,2643.96
2020-09-28 21:13:00,1601327580.0,10.5583,10.5626,10.5504,10.5626,532.31
2020-09-28 21:14:00,1601327640.0,10.5626,10.5672,10.5582,10.5589,1720.04
2020-09-28 21:15:00,1601327700.0,10.5591,10.5745,10.5591,10.5653,2149.27
2020-09-28 21:16:00,1601327760.0,10.5685,10.5685,10.562,10.562,427.23
2020-09-28 21:17:00,1601327820.0,10.5634,10.573,10.563,10.5707,1715.21
2020-09-28 21:18:00,1601327880.0,10.5697,10.576,10.5697,10.5706,1553.56
2020-09-28 21:19:00,1601327940.0,10.5697,10.5697,10.5629,10.5637,2011.47
2020-09-28 21:20:00,1601328000.0,10.5637,10.5772,10.5629,10.5764,2100.54
2020-09-28 21:21:00,1601328060.0,10.5682,10.5808,10.5682,10.579,2151.6
2020-09-28 21:22:00,1601328120.0,10.5717,10.5717,10.5669,10.5687,412.55
2020-09-28 21:23:00,1601328180.0,10.5717,10.5726,10.5501,10.556,9460.53
2020-09-28 21:24:00,1601328240.0,10.5514,10.5683,10.5513,10.5569,1352.76
2020-09-28 21:25:00,1601328300.0,10.5559,10.5639,10.5518,10.557,997.05
2020-09-28 21:26:00,1601328360.0,10.5583,10.571,10.5557,10.5639,2349.58
2020-09-28 21:27:00,1601328420.0,10.5671,10.574,10.5671,10.5722,2785.8
2020-09-28 21:28:00,1601328480.0,10.5745,10.5844,10.5745,10.5811,562.99
2020-09-28 21:29:00,1601328540.0,10.5759,10.5848,10.5687,10.5848,3707.53
2020-09-28 21:30:00,1601328600.0,10.5825,10.5853,10.5716,10.572,2136.28
2020-09-28 21:31:00,1601328660.0,10.5765,10.582,10.5728,10.582,609.8
2020-09-28 21:32:00,1601328720.0,10.5768,10.58,10.57,10.5713,1664.68
2020-09-28 21:33:00,1601328780.0,10.5739,10.5935,10.571,10.5933,1594.66
2020-09-28 21:34:00,1601328840.0,10.5984,10.6087,10.5984,10.6087,597.48
2020-09-28 21:35:00,1601328900.0,10.6078,10.6078,10.5926,10.6053,715.94
2020-09-28 21:36:00,1601328960.0,10.6074,10.6454,10.6074,10.6403,7637.45
2020-09-28 21:37:00,1601329020.0,10.6409,10.6411,10.6338,10.6338,4262.42
2020-09-28 21:38:00,1601329080.0,10.6338,10.6556,10.6335,10.65,2978.17
2020-09-28 21:39:00,1601329140.0,10.6511,10.653,10.6509,10.6529,77.9
2020-09-28 21:40:00,1601329200.0,10.6529,10.6741,10.6529,10.6723,3069.25
2020-09-28 21:41:00,1601329260.0,10.6738,10.6741,10.6586,10.6731,5528.91
2020-09-28 21:42:00,1601329320.0,10.674,10.6799,10.6728,10.6737,1476.05
2020-09-28 21:43:00,1601329380.0,10.674,10.687,10.6731,10.6781,1652.29
2020-09-28 21:44:00,1601329440.0,10.6763,10.683,10.65,10.6797,8482.41
2020-09-28 21:45:00,1601329500.0,10.683,10.6849,10.6728,10.6798,3181.28
2020-09-28 21:46:00,1601329560.0,10.6798,10.685,10.6656,10.6656,2064.0
2020-09-28 21:47:00,1601329620.0,10.6676,10.6698,10.6602,10.6686,2621.76
2020-09-28 21:48:00,1601329680.0,10.6664,10.68,10.6624,10.67,2847.39
2020-09-28 21:49:00,1601329740.0,10.6711,10.686,10.6705,10.6747,6039.42
2020-09-28 21:50:00,1601329800.0,10.6748,10.6748,10.6346,10.6374,9340.37
2020-09-28 21:51:00,1601329860.0,10.6419,10.6704,10.64,10.655,24105.57
2020-09-28 21:52:00,1601329920.0,10.6534,10.6621,10.6422,10.6422,2786.52
2020-09-28 21:53:00,1601329980.0,10.6495,10.6621,10.6445,10.6445,3422.33
2020-09-28 21:54:00,1601330040.0,10.6444,10.6444,10.6247,10.6287,5800.98
2020-09-28 21:55:00,1601330100.0,10.6345,10.6381,10.6247,10.6345,1290.57
2020-09-28 21:56:00,1601330160.0,10.6398,10.6536,10.6345,10.6492,2771.43
2020-09-28 21:57:00,1601330220.0,10.6556,10.657,10.6345,10.6389,1485.43
2020-09-28 21:58:00,1601330280.0,10.6387,10.6531,10.6387,10.6459,630.36
2020-09-28 21:59:00,1601330340.0,10.6457,10.6589,10.6449,10.6537,4132.35
2020-09-28 22:00:00,1601330400.0,10.6565,10.6678,10.6497,10.6578,4722.84
2020-09-28 22:01:00,1601330460.0,10.6638,10.6698,10.6601,10.6616,899.03
2020-09-28 22:02:00,1601330520.0,10.6638,10.667,10.6552,10.666,1313.58
2020-09-28 22:03:00,1601330580.0,10.6657,10.6875,10.6657,10.6875,4752.86
2020-09-28 22:04:00,1601330640.0,10.6835,10.6882,10.6705,10.6763,7443.36
2020-09-28 22:05:00,1601330700.0,10.6756,10.6836,10.6756,10.6799,1810.66
2020-09-28 22:06:00,1601330760.0,10.68,10.6821,10.6732,10.68,567.72
2020-09-28 22:07:00,1601330820.0,10.6814,10.7,10.6814,10.6857,9324.84
2020-09-28 22:08:00,1601330880.0,10.6851,10.7,10.6842,10.6994,1998.72
2020-09-28 22:09:00,1601330940.0,10.6988,10.6988,10.6801,10.6876,2564.39
2020-09-28 22:10:00,1601331000.0,10.6802,10.6824,10.6742,10.6787,8250.05
2020-09-28 22:11:00,1601331060.0,10.6748,10.6936,10.672,10.6864,2526.42
2020-09-28 22:12:00,1601331120.0,10.6848,10.6848,10.6641,10.6717,2580.05
2020-09-28 22:13:00,1601331180.0,10.6777,10.6853,10.6761,10.6811,600.05
2020-09-28 22:14:00,1601331240.0,10.6818,10.686,10.6731,10.6731,1867.69
2020-09-28 22:15:00,1601331300.0,10.6731,10.6821,10.67,10.6748,2560.79
2020-09-28 22:16:00,1601331360.0,10.6701,10.6701,10.655,10.655,1496.76
2020-09-28 22:17:00,1601331420.0,10.655,10.6641,10.6543,10.6574,3093.93
2020-09-28 22:18:00,1601331480.0,10.6626,10.665,10.6608,10.665,272.5
2020-09-28 22:19:00,1601331540.0,10.6701,10.6935,10.6675,10.6899,3486.38
2020-09-28 22:20:00,1601331600.0,10.6896,10.6896,10.6703,10.6723,1754.64
2020-09-28 22:21:00,1601331660.0,10.6736,10.6736,10.6619,10.6635,1898.61
2020-09-28 22:22:00,1601331720.0,10.6608,10.67,10.6589,10.6699,2282.84
2020-09-28 22:23:00,1601331780.0,10.6699,10.6898,10.6649,10.6728,7740.16
2020-09-28 22:24:00,1601331840.0,10.6698,10.6768,10.6674,10.6761,2672.87
2020-09-28 22:25:00,1601331900.0,10.6789,10.69,10.6789,10.6789,2595.79
2020-09-28 22:26:00,1601331960.0,10.6804,10.6977,10.68,10.6823,5437.87
2020-09-28 22:27:00,1601332020.0,10.6929,10.6934,10.6855,10.6878,3949.53
2020-09-28 22:28:00,1601332080.0,10.69,10.6922,10.68,10.68,1104.75
2020-09-28 22:29:00,1601332140.0,10.68,10.6922,10.68,10.6824,1709.91
2020-09-28 22:30:00,1601332200.0,10.6801,10.6934,10.6695,10.6882,7653.16
2020-09-28 22:31:00,1601332260.0,10.6937,10.6984,10.6871,10.6937,8431.98
2020-09-28 22:32:00,1601332320.0,10.6855,10.6909,10.6801,10.6801,2153.0
2020-09-28 22:33:00,1601332380.0,10.6736,10.6901,10.6736,10.6895,1486.37
2020-09-28 22:34:00,1601332440.0,10.6895,10.71,10.6895,10.71,5703.69
2020-09-28 22:35:00,1601332500.0,10.7102,10.7123,10.686,10.693,6323.91
2020-09-28 22:36:00,1601332560.0,10.6906,10.6942,10.6837,10.6922,4280.59
2020-09-28 22:37:00,1601332620.0,10.6904,10.6919,10.6781,10.6792,2251.38
2020-09-28 22:38:00,1601332680.0,10.6756,10.7143,10.6756,10.7122,11289.51
2020-09-28 22:39:00,1601332740.0,10.714,10.7315,10.7113,10.7262,6730.65
2020-09-28 22:40:00,1601332800.0,10.7262,10.7471,10.7262,10.7444,4831.38
2020-09-28 22:41:00,1601332860.0,10.7443,10.7469,10.6957,10.7038,6304.75
2020-09-28 22:42:00,1601332920.0,10.7054,10.7241,10.7,10.7127,9605.31
2020-09-28 22:43:00,1601332980.0,10.7109,10.7156,10.69,10.7069,7159.28
2020-09-28 22:44:00,1601333040.0,10.707,10.71,10.6943,10.6952,2529.04
2020-09-28 22:45:00,1601333100.0,10.7036,10.7036,10.6832,10.6838,2575.87
2020-09-28 22:46:00,1601333160.0,10.6804,10.6882,10.6693,10.6792,4896.47
2020-09-28 22:47:00,1601333220.0,10.6781,10.6876,10.6634,10.68,5650.59
2020-09-28 22:48:00,1601333280.0,10.68,10.6822,10.6627,10.6719,4360.88
2020-09-28 22:49:00,1601333340.0,10.6663,10.6695,10.6417,10.6446,11808.48
2020-09-28 22:50:00,1601333400.0,10.645,10.6634,10.6426,10.6575,664.5
2020-09-28 22:51:00,1601333460.0,10.658,10.6589,10.636,10.6451,4394.58
2020-09-28 22:52:00,1601333520.0,10.6502,10.6502,10.6342,10.6367,1363.17
2020-09-28 22:53:00,1601333580.0,10.6394,10.6527,10.6394,10.6513,859.76
2020-09-28 22:54:00,1601333640.0,10.6483,10.6489,10.6225,10.6248,2399.37
2020-09-28 22:55:00,1601333700.0,10.629,10.6414,10.6226,10.6316,1488.71
2020-09-28 22:56:00,1601333760.0,10.6265,10.6283,10.603,10.6107,9451.49
2020-09-28 22:57:00,1601333820.0,10.6179,10.6318,10.6178,10.6244,1538.22
2020-09-28 22:58:00,1601333880.0,10.616,10.6286,10.6002,10.6286,2970.9
2020-09-28 22:59:00,1601333940.0,10.6298,10.6483,10.6204,10.6438,2934.81
2020-09-28 23:00:00,1601334000.0,10.6454,10.6468,10.6246,10.6416,2833.5
2020-09-28 23:01:00,1601334060.0,10.6434,10.6434,10.6305,10.6351,1108.43
2020-09-28 23:02:00,1601334120.0,10.6376,10.6424,10.6217,10.6422,19804.58
2020-09-28 23:03:00,1601334180.0,10.6402,10.6402,10.6129,10.6192,2760.64
2020-09-28 23:04:00,1601334240.0,10.6188,10.64,10.6156,10.6365,11359.34
2020-09-28 23:05:00,1601334300.0,10.6369,10.6455,10.6288,10.6384,2261.45
2020-09-28 23:06:00,1601334360.0,10.6363,10.6364,10.6194,10.6299,3347.81
2020-09-28 23:07:00,1601334420.0,10.6189,10.6347,10.6188,10.6227,1515.77
2020-09-28 23:08:00,1601334480.0,10.6235,10.6327,10.6109,10.6289,6609.59
2020-09-28 23:09:00,1601334540.0,10.6274,10.6274,10.616,10.6268,2512.19
2020-09-28 23:10:00,1601334600.0,10.6201,10.6341,10.62,10.6329,1083.44
2020-09-28 23:11:00,1601334660.0,10.632,10.6321,10.6184,10.6223,811.69
2020-09-28 23:12:00,1601334720.0,10.6275,10.6425,10.6265,10.6338,1501.89
2020-09-28 23:13:00,1601334780.0,10.6275,10.6275,10.6173,10.6174,1831.6
2020-09-28 23:14:00,1601334840.0,10.619,10.6261,10.6107,10.615,9509.24
2020-09-28 23:15:00,1601334900.0,10.6123,10.6148,10.5,10.5286,64747.46
2020-09-28 23:16:00,1601334960.0,10.5452,10.5599,10.4247,10.4817,65174.28
2020-09-28 23:17:00,1601335020.0,10.4826,10.5176,10.4621,10.4688,20511.43
2020-09-28 23:18:00,1601335080.0,10.4673,10.4833,10.4,10.4385,44062.09
2020-09-28 23:19:00,1601335140.0,10.4287,10.4617,10.4224,10.4261,17735.9
2020-09-28 23:20:00,1601335200.0,10.4231,10.437,10.338,10.3519,42825.64
2020-09-28 23:21:00,1601335260.0,10.352,10.3791,10.261,10.3422,81578.99
2020-09-28 23:22:00,1601335320.0,10.3462,10.3827,10.318,10.3803,13419.5
2020-09-28 23:23:00,1601335380.0,10.3825,10.405,10.3578,10.3578,17423.95
2020-09-28 23:24:00,1601335440.0,10.3561,10.3662,10.35,10.3608,8641.28
2020-09-28 23:25:00,1601335500.0,10.3607,10.4025,10.3607,10.3791,8206.05
2020-09-28 23:26:00,1601335560.0,10.3792,10.3792,10.3524,10.3656,11171.92
2020-09-28 23:27:00,1601335620.0,10.3634,10.3863,10.346,10.3775,13274.36
2020-09-28 23:28:00,1601335680.0,10.3757,10.4192,10.3757,10.3853,12960.17
2020-09-28 23:29:00,1601335740.0,10.384,10.3992,10.3741,10.3822,5232.9
2020-09-28 23:30:00,1601335800.0,10.3846,10.3872,10.3334,10.36,13869.15
2020-09-28 23:31:00,1601335860.0,10.365,10.3698,10.32,10.3261,10291.34
2020-09-28 23:32:00,1601335920.0,10.3241,10.3708,10.3188,10.3605,9935.34
2020-09-28 23:33:00,1601335980.0,10.3612,10.3612,10.3189,10.3226,7609.53
2020-09-28 23:34:00,1601336040.0,10.3226,10.3564,10.3204,10.3347,7638.2
2020-09-28 23:35:00,1601336100.0,10.3346,10.365,10.3346,10.3588,4664.1
2020-09-28 23:36:00,1601336160.0,10.3583,10.3642,10.3506,10.3551,1665.32
2020-09-28 23:37:00,1601336220.0,10.351,10.369,10.3464,10.3464,3947.18
2020-09-28 23:38:00,1601336280.0,10.3492,10.3607,10.3402,10.3525,2403.14
2020-09-28 23:39:00,1601336340.0,10.3532,10.3613,10.3426,10.3613,7339.65
2020-09-28 23:40:00,1601336400.0,10.3604,10.3648,10.3528,10.3648,1632.7
2020-09-28 23:41:00,1601336460.0,10.3671,10.3765,10.3629,10.3674,2518.12
2020-09-28 23:42:00,1601336520.0,10.3655,10.3655,10.3388,10.3538,2235.46
2020-09-28 23:43:00,1601336580.0,10.3531,10.3617,10.332,10.3388,2974.03
2020-09-28 23:44:00,1601336640.0,10.3406,10.3528,10.3222,10.3224,7192.9
2020-09-28 23:45:00,1601336700.0,10.3249,10.3249,10.2248,10.2684,59699.07
2020-09-28 23:46:00,1601336760.0,10.2688,10.2942,10.1883,10.2199,29380.75
2020-09-28 23:47:00,1601336820.0,10.2199,10.2791,10.15,10.2768,55551.92
2020-09-28 23:48:00,1601336880.0,10.2735,10.2867,10.2437,10.2782,12091.76
2020-09-28 23:49:00,1601336940.0,10.272,10.2913,10.2411,10.28,16460.8
2020-09-28 23:50:00,1601337000.0,10.2772,10.2956,10.2597,10.2754,16286.21
2020-09-28 23:51:00,1601337060.0,10.2823,10.3341,10.2566,10.3257,20773.61
2020-09-28 23:52:00,1601337120.0,10.3257,10.3362,10.3119,10.3287,6351.79
2020-09-28 23:53:00,1601337180.0,10.3295,10.358,10.325,10.3514,13141.15
2020-09-28 23:54:00,1601337240.0,10.3579,10.3618,10.3335,10.3491,11244.84
2020-09-28 23:55:00,1601337300.0,10.3426,10.3508,10.31,10.3203,14214.43
2020-09-28 23:56:00,1601337360.0,10.3231,10.327,10.2885,10.3097,6388.03
2020-09-28 23:57:00,1601337420.0,10.314,10.3172,10.2853,10.2914,3267.59
2020-09-28 23:58:00,1601337480.0,10.2924,10.3,10.2671,10.2893,11614.19
2020-09-28 23:59:00,1601337540.0,10.295,10.31,10.2747,10.283,3585.38
