Universal Time,Unix Time,Open,High,Low,Close,Volume
2022-06-06 00:00:00,1654473600.0,0.5675,0.5676,0.5668,0.5668,135043.3
2022-06-06 00:01:00,1654473660.0,0.5668,0.5668,0.5651,0.5654,85739.0
2022-06-06 00:02:00,1654473720.0,0.5654,0.566,0.5654,0.5659,72458.3
2022-06-06 00:03:00,1654473780.0,0.566,0.5664,0.5653,0.5664,105375.5
2022-06-06 00:04:00,1654473840.0,0.5664,0.5669,0.5663,0.5667,59880.1
2022-06-06 00:05:00,1654473900.0,0.5668,0.5675,0.5666,0.5671,44972.4
2022-06-06 00:06:00,1654473960.0,0.5669,0.5672,0.5668,0.5668,5962.2
2022-06-06 00:07:00,1654474020.0,0.5667,0.5671,0.5662,0.5671,24043.2
2022-06-06 00:08:00,1654474080.0,0.5672,0.5677,0.5672,0.5677,21288.5
2022-06-06 00:09:00,1654474140.0,0.5676,0.5677,0.5671,0.5677,49353.7
2022-06-06 00:10:00,1654474200.0,0.5677,0.5693,0.5677,0.5689,83593.6
2022-06-06 00:11:00,1654474260.0,0.5691,0.5696,0.5686,0.5694,37608.9
2022-06-06 00:12:00,1654474320.0,0.5694,0.5694,0.5676,0.5685,140906.4
2022-06-06 00:13:00,1654474380.0,0.5686,0.5687,0.5677,0.5678,56259.9
2022-06-06 00:14:00,1654474440.0,0.5679,0.5679,0.5674,0.5677,52949.8
2022-06-06 00:15:00,1654474500.0,0.5677,0.5683,0.5666,0.5667,109975.7
2022-06-06 00:16:00,1654474560.0,0.5668,0.5671,0.5664,0.5669,45537.2
2022-06-06 00:17:00,1654474620.0,0.5669,0.5678,0.5669,0.5676,153760.2
2022-06-06 00:18:00,1654474680.0,0.5676,0.5703,0.5676,0.5702,199424.8
2022-06-06 00:19:00,1654474740.0,0.5703,0.571,0.5701,0.5709,176572.3
2022-06-06 00:20:00,1654474800.0,0.5709,0.5718,0.5709,0.571,139473.0
2022-06-06 00:21:00,1654474860.0,0.571,0.5716,0.5703,0.5716,47473.6
2022-06-06 00:22:00,1654474920.0,0.5718,0.5718,0.5712,0.5716,39135.2
2022-06-06 00:23:00,1654474980.0,0.5716,0.5717,0.571,0.5714,180645.0
2022-06-06 00:24:00,1654475040.0,0.5713,0.5716,0.5712,0.5713,56308.0
2022-06-06 00:25:00,1654475100.0,0.5713,0.5715,0.5712,0.5713,21195.4
2022-06-06 00:26:00,1654475160.0,0.5713,0.5713,0.5702,0.5706,70789.4
2022-06-06 00:27:00,1654475220.0,0.5705,0.5709,0.5701,0.5701,42570.7
2022-06-06 00:28:00,1654475280.0,0.5701,0.5706,0.57,0.5702,26792.8
2022-06-06 00:29:00,1654475340.0,0.5702,0.5705,0.5692,0.5699,177241.0
2022-06-06 00:30:00,1654475400.0,0.5698,0.5711,0.5696,0.5711,52635.9
2022-06-06 00:31:00,1654475460.0,0.5711,0.5727,0.5711,0.5726,124372.6
2022-06-06 00:32:00,1654475520.0,0.5726,0.5741,0.5726,0.574,192912.3
2022-06-06 00:33:00,1654475580.0,0.574,0.575,0.574,0.5748,109140.7
2022-06-06 00:34:00,1654475640.0,0.5748,0.5753,0.5745,0.5752,168473.6
2022-06-06 00:35:00,1654475700.0,0.5751,0.5752,0.5744,0.5745,35104.6
2022-06-06 00:36:00,1654475760.0,0.5745,0.5747,0.5739,0.5744,58750.2
2022-06-06 00:37:00,1654475820.0,0.5743,0.5756,0.5743,0.5753,47318.0
2022-06-06 00:38:00,1654475880.0,0.5753,0.5755,0.5747,0.5753,78004.6
2022-06-06 00:39:00,1654475940.0,0.5754,0.5755,0.5747,0.5755,102751.8
2022-06-06 00:40:00,1654476000.0,0.5753,0.5777,0.5752,0.5775,170249.5
2022-06-06 00:41:00,1654476060.0,0.5775,0.5777,0.5764,0.5769,168736.4
2022-06-06 00:42:00,1654476120.0,0.5768,0.5769,0.5764,0.5766,35682.8
2022-06-06 00:43:00,1654476180.0,0.5766,0.5767,0.5761,0.5761,86506.1
2022-06-06 00:44:00,1654476240.0,0.5761,0.5771,0.5757,0.5771,131110.5
2022-06-06 00:45:00,1654476300.0,0.5771,0.5774,0.5754,0.5756,63959.6
2022-06-06 00:46:00,1654476360.0,0.5756,0.5757,0.5745,0.5757,82662.9
2022-06-06 00:47:00,1654476420.0,0.5757,0.5763,0.5754,0.5763,89187.0
2022-06-06 00:48:00,1654476480.0,0.5764,0.5824,0.5764,0.581,1031203.3
2022-06-06 00:49:00,1654476540.0,0.5808,0.5859,0.5806,0.584,1031462.8
2022-06-06 00:50:00,1654476600.0,0.584,0.5863,0.5827,0.583,420339.7
2022-06-06 00:51:00,1654476660.0,0.583,0.583,0.5817,0.582,180072.0
2022-06-06 00:52:00,1654476720.0,0.582,0.584,0.582,0.5828,213939.4
2022-06-06 00:53:00,1654476780.0,0.5828,0.5837,0.582,0.5831,540342.2
2022-06-06 00:54:00,1654476840.0,0.5832,0.584,0.5829,0.5839,97336.4
2022-06-06 00:55:00,1654476900.0,0.5838,0.5839,0.5827,0.583,71335.8
2022-06-06 00:56:00,1654476960.0,0.5831,0.5831,0.582,0.5824,464420.1
2022-06-06 00:57:00,1654477020.0,0.5824,0.5825,0.5811,0.5824,354272.3
2022-06-06 00:58:00,1654477080.0,0.5825,0.5834,0.5819,0.5831,283434.5
2022-06-06 00:59:00,1654477140.0,0.5833,0.5844,0.5831,0.5842,164281.0
2022-06-06 01:00:00,1654477200.0,0.5843,0.5855,0.5835,0.5839,390335.4
2022-06-06 01:01:00,1654477260.0,0.5838,0.5849,0.583,0.5841,501802.5
2022-06-06 01:02:00,1654477320.0,0.584,0.5844,0.5833,0.5837,299580.3
2022-06-06 01:03:00,1654477380.0,0.5836,0.5842,0.5835,0.5839,124337.3
2022-06-06 01:04:00,1654477440.0,0.584,0.5852,0.5837,0.5852,80472.5
2022-06-06 01:05:00,1654477500.0,0.5852,0.5861,0.5849,0.585,286374.1
2022-06-06 01:06:00,1654477560.0,0.5851,0.5852,0.584,0.5842,148711.6
2022-06-06 01:07:00,1654477620.0,0.5842,0.586,0.5837,0.585,186777.1
2022-06-06 01:08:00,1654477680.0,0.585,0.586,0.5846,0.585,84091.4
2022-06-06 01:09:00,1654477740.0,0.585,0.5851,0.5842,0.5849,124106.6
2022-06-06 01:10:00,1654477800.0,0.5849,0.5856,0.5848,0.5851,172994.6
2022-06-06 01:11:00,1654477860.0,0.5853,0.5858,0.5849,0.5856,91463.9
2022-06-06 01:12:00,1654477920.0,0.5857,0.5859,0.5852,0.5855,67088.4
2022-06-06 01:13:00,1654477980.0,0.5855,0.5863,0.5851,0.5862,73182.5
2022-06-06 01:14:00,1654478040.0,0.5862,0.5874,0.5855,0.5872,320173.9
2022-06-06 01:15:00,1654478100.0,0.5872,0.5883,0.5864,0.5869,352896.2
2022-06-06 01:16:00,1654478160.0,0.587,0.5879,0.5857,0.5877,393022.2
2022-06-06 01:17:00,1654478220.0,0.5876,0.5883,0.5869,0.5873,139829.3
2022-06-06 01:18:00,1654478280.0,0.5871,0.5871,0.5858,0.5862,365243.0
2022-06-06 01:19:00,1654478340.0,0.5862,0.5876,0.5862,0.5866,210403.8
2022-06-06 01:20:00,1654478400.0,0.5867,0.5867,0.5851,0.5858,184442.6
2022-06-06 01:21:00,1654478460.0,0.5859,0.587,0.5854,0.587,88532.8
2022-06-06 01:22:00,1654478520.0,0.5869,0.5881,0.5867,0.5876,137700.5
2022-06-06 01:23:00,1654478580.0,0.5876,0.5893,0.5874,0.5878,285174.3
2022-06-06 01:24:00,1654478640.0,0.5878,0.5882,0.5871,0.5875,206801.4
2022-06-06 01:25:00,1654478700.0,0.5875,0.5899,0.5872,0.5892,270942.0
2022-06-06 01:26:00,1654478760.0,0.5893,0.5914,0.5893,0.5903,390691.7
2022-06-06 01:27:00,1654478820.0,0.5904,0.5933,0.5902,0.5929,401781.9
2022-06-06 01:28:00,1654478880.0,0.5929,0.5931,0.5904,0.5904,231882.9
2022-06-06 01:29:00,1654478940.0,0.5905,0.5907,0.59,0.59,368090.6
2022-06-06 01:30:00,1654479000.0,0.59,0.5908,0.5892,0.5898,603363.1
2022-06-06 01:31:00,1654479060.0,0.5899,0.5901,0.5888,0.5892,156875.2
2022-06-06 01:32:00,1654479120.0,0.5891,0.5902,0.5889,0.5901,208178.9
2022-06-06 01:33:00,1654479180.0,0.5902,0.5911,0.5894,0.5909,160976.6
2022-06-06 01:34:00,1654479240.0,0.5908,0.5912,0.5903,0.591,170415.9
2022-06-06 01:35:00,1654479300.0,0.5909,0.5911,0.5901,0.5905,111572.6
2022-06-06 01:36:00,1654479360.0,0.5905,0.5911,0.5903,0.5905,205889.8
2022-06-06 01:37:00,1654479420.0,0.5905,0.5906,0.589,0.5897,190534.9
2022-06-06 01:38:00,1654479480.0,0.5897,0.5905,0.5897,0.5902,122828.7
2022-06-06 01:39:00,1654479540.0,0.5903,0.5909,0.5898,0.5899,66653.0
2022-06-06 01:40:00,1654479600.0,0.59,0.5903,0.5882,0.5888,295898.6
2022-06-06 01:41:00,1654479660.0,0.5886,0.5895,0.5885,0.5891,97166.7
2022-06-06 01:42:00,1654479720.0,0.5891,0.5897,0.5889,0.589,64921.2
2022-06-06 01:43:00,1654479780.0,0.589,0.5897,0.5888,0.5889,127044.8
2022-06-06 01:44:00,1654479840.0,0.5888,0.5888,0.5883,0.5886,62853.5
2022-06-06 01:45:00,1654479900.0,0.5886,0.5888,0.5866,0.5868,185144.3
2022-06-06 01:46:00,1654479960.0,0.5868,0.5887,0.5867,0.5887,116410.2
2022-06-06 01:47:00,1654480020.0,0.5888,0.5893,0.5886,0.5887,147983.8
2022-06-06 01:48:00,1654480080.0,0.5887,0.5895,0.5887,0.5892,168762.4
2022-06-06 01:49:00,1654480140.0,0.5893,0.5898,0.5887,0.5889,153155.3
2022-06-06 01:50:00,1654480200.0,0.5888,0.5921,0.5888,0.5907,370771.8
2022-06-06 01:51:00,1654480260.0,0.5907,0.5912,0.5897,0.5898,247177.5
2022-06-06 01:52:00,1654480320.0,0.5899,0.5913,0.5897,0.5908,166344.3
2022-06-06 01:53:00,1654480380.0,0.591,0.5934,0.5909,0.5916,400672.3
2022-06-06 01:54:00,1654480440.0,0.5917,0.593,0.5908,0.591,359197.6
2022-06-06 01:55:00,1654480500.0,0.591,0.5928,0.591,0.5918,203512.0
2022-06-06 01:56:00,1654480560.0,0.5916,0.5916,0.5903,0.5903,103794.7
2022-06-06 01:57:00,1654480620.0,0.5904,0.5905,0.5895,0.5902,196900.0
2022-06-06 01:58:00,1654480680.0,0.5901,0.5906,0.5897,0.5903,86911.9
2022-06-06 01:59:00,1654480740.0,0.5904,0.5904,0.5898,0.5903,136351.8
2022-06-06 02:00:00,1654480800.0,0.5903,0.5917,0.5903,0.5905,214669.8
2022-06-06 02:01:00,1654480860.0,0.5906,0.5925,0.5906,0.5924,189678.2
2022-06-06 02:02:00,1654480920.0,0.5923,0.5949,0.5923,0.5937,582757.4
2022-06-06 02:03:00,1654480980.0,0.5937,0.5939,0.5927,0.5931,312553.4
2022-06-06 02:04:00,1654481040.0,0.5931,0.5931,0.5918,0.5922,209126.8
2022-06-06 02:05:00,1654481100.0,0.5922,0.5927,0.5916,0.5922,192914.7
2022-06-06 02:06:00,1654481160.0,0.5922,0.593,0.5921,0.5922,236458.0
2022-06-06 02:07:00,1654481220.0,0.5922,0.5923,0.5915,0.5916,99820.9
2022-06-06 02:08:00,1654481280.0,0.5917,0.5922,0.5911,0.5913,182228.7
2022-06-06 02:09:00,1654481340.0,0.5912,0.592,0.5912,0.5918,125212.4
2022-06-06 02:10:00,1654481400.0,0.5918,0.5922,0.5915,0.592,121622.4
2022-06-06 02:11:00,1654481460.0,0.592,0.5927,0.592,0.5921,58818.2
2022-06-06 02:12:00,1654481520.0,0.5921,0.5927,0.5919,0.5926,77004.0
2022-06-06 02:13:00,1654481580.0,0.5926,0.5933,0.5924,0.5929,93307.5
2022-06-06 02:14:00,1654481640.0,0.593,0.5935,0.5928,0.593,102076.8
2022-06-06 02:15:00,1654481700.0,0.593,0.593,0.5915,0.5916,106524.2
2022-06-06 02:16:00,1654481760.0,0.5916,0.5918,0.5911,0.5914,68377.0
2022-06-06 02:17:00,1654481820.0,0.5913,0.5915,0.591,0.5914,49260.9
2022-06-06 02:18:00,1654481880.0,0.5914,0.5918,0.5912,0.5918,41600.5
2022-06-06 02:19:00,1654481940.0,0.5915,0.5916,0.591,0.591,33390.6
2022-06-06 02:20:00,1654482000.0,0.591,0.5914,0.591,0.5913,112519.4
2022-06-06 02:21:00,1654482060.0,0.5913,0.5918,0.5913,0.5915,83214.0
2022-06-06 02:22:00,1654482120.0,0.5915,0.5917,0.5911,0.5912,107913.3
2022-06-06 02:23:00,1654482180.0,0.5912,0.5912,0.5902,0.5902,152316.1
2022-06-06 02:24:00,1654482240.0,0.5902,0.5903,0.5892,0.5897,156441.7
2022-06-06 02:25:00,1654482300.0,0.5897,0.5903,0.5892,0.5899,162464.2
2022-06-06 02:26:00,1654482360.0,0.5899,0.5901,0.5897,0.5898,24839.5
2022-06-06 02:27:00,1654482420.0,0.5898,0.5909,0.5898,0.5908,183711.0
2022-06-06 02:28:00,1654482480.0,0.5907,0.5915,0.5907,0.5911,75782.9
2022-06-06 02:29:00,1654482540.0,0.5912,0.5916,0.591,0.5911,65693.4
2022-06-06 02:30:00,1654482600.0,0.5912,0.5933,0.5912,0.5924,307262.9
2022-06-06 02:31:00,1654482660.0,0.5925,0.5936,0.5923,0.5931,209163.4
2022-06-06 02:32:00,1654482720.0,0.593,0.5935,0.5925,0.5927,181758.5
2022-06-06 02:33:00,1654482780.0,0.5927,0.5937,0.5926,0.5929,140310.8
2022-06-06 02:34:00,1654482840.0,0.5929,0.5929,0.5919,0.5921,225910.0
2022-06-06 02:35:00,1654482900.0,0.5921,0.5923,0.5915,0.5916,83028.8
2022-06-06 02:36:00,1654482960.0,0.5916,0.5917,0.5914,0.5916,24025.8
2022-06-06 02:37:00,1654483020.0,0.5915,0.5919,0.5913,0.5913,74249.7
2022-06-06 02:38:00,1654483080.0,0.5913,0.592,0.591,0.5914,190233.2
2022-06-06 02:39:00,1654483140.0,0.5913,0.5914,0.591,0.5911,64063.2
2022-06-06 02:40:00,1654483200.0,0.591,0.591,0.5905,0.5908,72235.0
2022-06-06 02:41:00,1654483260.0,0.5907,0.5908,0.5898,0.5899,138482.4
2022-06-06 02:42:00,1654483320.0,0.5898,0.5901,0.5893,0.5895,128386.6
2022-06-06 02:43:00,1654483380.0,0.5895,0.5898,0.5894,0.5897,53125.7
2022-06-06 02:44:00,1654483440.0,0.5896,0.5901,0.589,0.5891,77199.2
2022-06-06 02:45:00,1654483500.0,0.5891,0.5896,0.5891,0.5896,107475.0
2022-06-06 02:46:00,1654483560.0,0.5896,0.5907,0.5896,0.5905,89623.6
2022-06-06 02:47:00,1654483620.0,0.5905,0.5916,0.5905,0.5909,205473.4
2022-06-06 02:48:00,1654483680.0,0.591,0.591,0.5904,0.5906,42802.5
2022-06-06 02:49:00,1654483740.0,0.5906,0.591,0.5905,0.5906,27649.6
2022-06-06 02:50:00,1654483800.0,0.5907,0.5912,0.5905,0.5905,33325.5
2022-06-06 02:51:00,1654483860.0,0.5905,0.5906,0.5901,0.5901,19734.4
2022-06-06 02:52:00,1654483920.0,0.5901,0.5908,0.59,0.5908,28590.7
2022-06-06 02:53:00,1654483980.0,0.5908,0.5913,0.5904,0.5904,70888.7
2022-06-06 02:54:00,1654484040.0,0.5905,0.5914,0.5905,0.5914,34320.8
2022-06-06 02:55:00,1654484100.0,0.5914,0.5917,0.5907,0.5907,70653.7
2022-06-06 02:56:00,1654484160.0,0.5907,0.5912,0.5905,0.5911,66555.6
2022-06-06 02:57:00,1654484220.0,0.5912,0.5919,0.5912,0.5915,40915.0
2022-06-06 02:58:00,1654484280.0,0.5914,0.5914,0.5904,0.5908,104906.5
2022-06-06 02:59:00,1654484340.0,0.5907,0.5909,0.5905,0.5906,64002.0
2022-06-06 03:00:00,1654484400.0,0.5906,0.5919,0.5906,0.5916,239277.5
2022-06-06 03:01:00,1654484460.0,0.5916,0.5922,0.5916,0.5918,47692.1
2022-06-06 03:02:00,1654484520.0,0.5918,0.5918,0.5905,0.5908,56764.0
2022-06-06 03:03:00,1654484580.0,0.5908,0.5923,0.5907,0.592,98737.5
2022-06-06 03:04:00,1654484640.0,0.592,0.5923,0.5916,0.5919,43328.3
2022-06-06 03:05:00,1654484700.0,0.5919,0.5923,0.5915,0.5921,48439.7
2022-06-06 03:06:00,1654484760.0,0.5922,0.5927,0.5914,0.5927,108680.2
2022-06-06 03:07:00,1654484820.0,0.5926,0.595,0.5926,0.5944,389951.5
2022-06-06 03:08:00,1654484880.0,0.5943,0.5944,0.5925,0.5927,126513.2
2022-06-06 03:09:00,1654484940.0,0.5926,0.5926,0.592,0.5923,66035.3
2022-06-06 03:10:00,1654485000.0,0.5922,0.594,0.5922,0.5936,147213.0
2022-06-06 03:11:00,1654485060.0,0.5935,0.5939,0.5933,0.5936,122946.8
2022-06-06 03:12:00,1654485120.0,0.5936,0.5936,0.5932,0.5936,32076.2
2022-06-06 03:13:00,1654485180.0,0.5935,0.5946,0.5934,0.5945,108729.3
2022-06-06 03:14:00,1654485240.0,0.5945,0.5963,0.5939,0.5955,476080.5
2022-06-06 03:15:00,1654485300.0,0.5955,0.5959,0.5936,0.5938,145652.4
2022-06-06 03:16:00,1654485360.0,0.5938,0.5946,0.5933,0.5938,235676.1
2022-06-06 03:17:00,1654485420.0,0.5938,0.603,0.5938,0.6022,3847267.9
2022-06-06 03:18:00,1654485480.0,0.6024,0.6029,0.6005,0.6018,385576.5
2022-06-06 03:19:00,1654485540.0,0.6018,0.6092,0.6014,0.6069,1432833.8
2022-06-06 03:20:00,1654485600.0,0.6069,0.6082,0.6042,0.6051,472985.1
2022-06-06 03:21:00,1654485660.0,0.605,0.605,0.6026,0.6038,394243.9
2022-06-06 03:22:00,1654485720.0,0.6036,0.6065,0.602,0.605,476339.9
2022-06-06 03:23:00,1654485780.0,0.6047,0.6066,0.6038,0.6058,534182.2
2022-06-06 03:24:00,1654485840.0,0.6058,0.6058,0.6039,0.604,232107.6
2022-06-06 03:25:00,1654485900.0,0.6039,0.6039,0.6027,0.6037,159717.9
2022-06-06 03:26:00,1654485960.0,0.6038,0.6038,0.603,0.6035,134340.6
2022-06-06 03:27:00,1654486020.0,0.6036,0.6046,0.6031,0.6046,93424.5
2022-06-06 03:28:00,1654486080.0,0.6046,0.6052,0.604,0.6043,191575.3
2022-06-06 03:29:00,1654486140.0,0.6043,0.6053,0.6043,0.6045,283734.9
2022-06-06 03:30:00,1654486200.0,0.6045,0.6051,0.6041,0.6051,219534.0
2022-06-06 03:31:00,1654486260.0,0.6051,0.6052,0.6035,0.6041,198056.4
2022-06-06 03:32:00,1654486320.0,0.6041,0.6053,0.6039,0.6042,259368.1
2022-06-06 03:33:00,1654486380.0,0.6041,0.6066,0.6038,0.6066,252928.2
2022-06-06 03:34:00,1654486440.0,0.6066,0.6077,0.6063,0.6064,233674.1
2022-06-06 03:35:00,1654486500.0,0.6065,0.6067,0.6056,0.6056,144193.8
2022-06-06 03:36:00,1654486560.0,0.6057,0.6092,0.6057,0.6091,257525.1
2022-06-06 03:37:00,1654486620.0,0.6091,0.6116,0.6089,0.6092,730323.8
2022-06-06 03:38:00,1654486680.0,0.6092,0.617,0.6092,0.6157,2075432.2
2022-06-06 03:39:00,1654486740.0,0.6158,0.6166,0.6142,0.6146,612794.4
2022-06-06 03:40:00,1654486800.0,0.6146,0.6146,0.6118,0.6124,529589.4
2022-06-06 03:41:00,1654486860.0,0.6125,0.6158,0.6118,0.6158,609674.7
2022-06-06 03:42:00,1654486920.0,0.6156,0.6157,0.6135,0.6146,231642.2
2022-06-06 03:43:00,1654486980.0,0.6145,0.6166,0.6131,0.6165,577945.2
2022-06-06 03:44:00,1654487040.0,0.6166,0.6172,0.6146,0.6152,590015.2
2022-06-06 03:45:00,1654487100.0,0.6151,0.6173,0.6141,0.6167,340334.5
2022-06-06 03:46:00,1654487160.0,0.6168,0.6177,0.6145,0.6146,503821.2
2022-06-06 03:47:00,1654487220.0,0.6145,0.62,0.6144,0.6181,1220199.9
2022-06-06 03:48:00,1654487280.0,0.6181,0.6183,0.6158,0.6164,264484.3
2022-06-06 03:49:00,1654487340.0,0.6163,0.6172,0.6157,0.617,247734.0
2022-06-06 03:50:00,1654487400.0,0.617,0.6176,0.6167,0.6173,172751.2
2022-06-06 03:51:00,1654487460.0,0.6172,0.6181,0.6171,0.6175,187482.0
2022-06-06 03:52:00,1654487520.0,0.6175,0.6176,0.6162,0.6172,228130.1
2022-06-06 03:53:00,1654487580.0,0.6171,0.6174,0.6161,0.6163,185369.1
2022-06-06 03:54:00,1654487640.0,0.6163,0.6174,0.6163,0.6167,153356.9
2022-06-06 03:55:00,1654487700.0,0.6168,0.6175,0.6162,0.6175,141436.8
2022-06-06 03:56:00,1654487760.0,0.6175,0.6202,0.6175,0.6201,936181.6
2022-06-06 03:57:00,1654487820.0,0.6201,0.6205,0.6183,0.6184,746252.6
2022-06-06 03:58:00,1654487880.0,0.6184,0.6192,0.618,0.6191,283129.0
2022-06-06 03:59:00,1654487940.0,0.619,0.6195,0.6177,0.6182,205082.2
2022-06-06 04:00:00,1654488000.0,0.6183,0.6212,0.6183,0.6195,747321.0
2022-06-06 04:01:00,1654488060.0,0.6195,0.6197,0.6182,0.6195,370622.1
2022-06-06 04:02:00,1654488120.0,0.6194,0.6199,0.6184,0.6194,326705.0
2022-06-06 04:03:00,1654488180.0,0.6193,0.6237,0.6186,0.6228,1204317.0
2022-06-06 04:04:00,1654488240.0,0.6229,0.6254,0.6229,0.6252,737387.8
2022-06-06 04:05:00,1654488300.0,0.6252,0.6262,0.6243,0.6247,590709.6
2022-06-06 04:06:00,1654488360.0,0.6246,0.6249,0.6234,0.6235,393192.3
2022-06-06 04:07:00,1654488420.0,0.6235,0.6241,0.6224,0.6227,337656.1
2022-06-06 04:08:00,1654488480.0,0.6226,0.6231,0.6225,0.6227,190082.4
2022-06-06 04:09:00,1654488540.0,0.6227,0.6293,0.6227,0.6288,669915.6
2022-06-06 04:10:00,1654488600.0,0.6288,0.6288,0.625,0.6258,1135329.5
2022-06-06 04:11:00,1654488660.0,0.6258,0.6265,0.6248,0.6258,507816.2
2022-06-06 04:12:00,1654488720.0,0.6257,0.6263,0.6245,0.6253,231172.5
2022-06-06 04:13:00,1654488780.0,0.6253,0.6283,0.6252,0.628,585036.6
2022-06-06 04:14:00,1654488840.0,0.6279,0.6279,0.6265,0.6269,299696.2
2022-06-06 04:15:00,1654488900.0,0.6269,0.6272,0.6245,0.6245,317355.2
2022-06-06 04:16:00,1654488960.0,0.6246,0.6247,0.6233,0.6236,352439.5
2022-06-06 04:17:00,1654489020.0,0.6236,0.6249,0.6231,0.6246,259770.0
2022-06-06 04:18:00,1654489080.0,0.6246,0.6265,0.6244,0.6256,249375.7
2022-06-06 04:19:00,1654489140.0,0.6256,0.6256,0.6225,0.6234,345450.9
2022-06-06 04:20:00,1654489200.0,0.6234,0.6243,0.6231,0.6233,239320.1
2022-06-06 04:21:00,1654489260.0,0.6233,0.6239,0.6222,0.6224,309660.9
2022-06-06 04:22:00,1654489320.0,0.6224,0.6236,0.6221,0.6236,264604.9
2022-06-06 04:23:00,1654489380.0,0.6237,0.6243,0.6232,0.6233,185262.3
2022-06-06 04:24:00,1654489440.0,0.6234,0.6251,0.6233,0.6246,218645.1
2022-06-06 04:25:00,1654489500.0,0.6245,0.6258,0.6241,0.6243,424117.4
2022-06-06 04:26:00,1654489560.0,0.6242,0.6242,0.623,0.6238,232257.5
2022-06-06 04:27:00,1654489620.0,0.6238,0.6254,0.6238,0.6242,232300.1
2022-06-06 04:28:00,1654489680.0,0.6241,0.6252,0.6235,0.6236,319273.2
2022-06-06 04:29:00,1654489740.0,0.6236,0.6253,0.6236,0.6245,143023.1
2022-06-06 04:30:00,1654489800.0,0.6246,0.6248,0.623,0.623,284887.2
2022-06-06 04:31:00,1654489860.0,0.6231,0.6235,0.6221,0.6223,237313.8
2022-06-06 04:32:00,1654489920.0,0.6224,0.6229,0.6194,0.6203,460699.1
2022-06-06 04:33:00,1654489980.0,0.6202,0.6207,0.62,0.6203,234417.7
2022-06-06 04:34:00,1654490040.0,0.6203,0.6212,0.6199,0.6209,282909.8
2022-06-06 04:35:00,1654490100.0,0.6208,0.621,0.6197,0.6198,243003.7
2022-06-06 04:36:00,1654490160.0,0.6198,0.6202,0.6182,0.6198,278453.3
2022-06-06 04:37:00,1654490220.0,0.6198,0.6198,0.6188,0.6191,201308.5
2022-06-06 04:38:00,1654490280.0,0.619,0.6193,0.6178,0.618,461988.8
2022-06-06 04:39:00,1654490340.0,0.6179,0.6193,0.6178,0.6185,295940.0
2022-06-06 04:40:00,1654490400.0,0.6186,0.6193,0.6183,0.6185,189518.1
2022-06-06 04:41:00,1654490460.0,0.6185,0.6185,0.6178,0.6181,370356.4
2022-06-06 04:42:00,1654490520.0,0.618,0.6196,0.618,0.6189,369566.8
2022-06-06 04:43:00,1654490580.0,0.6189,0.6194,0.6188,0.6191,118391.4
2022-06-06 04:44:00,1654490640.0,0.6191,0.6208,0.619,0.6194,344179.6
2022-06-06 04:45:00,1654490700.0,0.6195,0.6197,0.6188,0.6188,155345.7
2022-06-06 04:46:00,1654490760.0,0.6188,0.6223,0.6186,0.6205,408729.3
2022-06-06 04:47:00,1654490820.0,0.6206,0.6211,0.62,0.6203,227964.7
2022-06-06 04:48:00,1654490880.0,0.6204,0.6214,0.6199,0.6204,293311.9
2022-06-06 04:49:00,1654490940.0,0.6204,0.6206,0.6198,0.6199,107280.7
2022-06-06 04:50:00,1654491000.0,0.6199,0.6221,0.6198,0.6212,368639.4
2022-06-06 04:51:00,1654491060.0,0.6213,0.622,0.6209,0.6209,99387.4
2022-06-06 04:52:00,1654491120.0,0.6209,0.6215,0.6207,0.621,148303.1
2022-06-06 04:53:00,1654491180.0,0.621,0.6217,0.6209,0.6211,72930.6
2022-06-06 04:54:00,1654491240.0,0.6211,0.622,0.6211,0.6215,114339.4
2022-06-06 04:55:00,1654491300.0,0.6216,0.6217,0.6208,0.6208,80326.5
2022-06-06 04:56:00,1654491360.0,0.6208,0.6211,0.6201,0.6204,93751.6
2022-06-06 04:57:00,1654491420.0,0.6204,0.6215,0.6202,0.6213,41378.5
2022-06-06 04:58:00,1654491480.0,0.6212,0.6212,0.6204,0.6208,179954.2
2022-06-06 04:59:00,1654491540.0,0.6207,0.6208,0.6196,0.6201,91863.8
2022-06-06 05:00:00,1654491600.0,0.6201,0.6206,0.6193,0.6203,300924.0
2022-06-06 05:01:00,1654491660.0,0.6203,0.6228,0.6202,0.6223,232391.5
2022-06-06 05:02:00,1654491720.0,0.6223,0.6227,0.6219,0.6221,103891.6
2022-06-06 05:03:00,1654491780.0,0.622,0.622,0.621,0.621,75664.9
2022-06-06 05:04:00,1654491840.0,0.6211,0.6237,0.6211,0.6237,191913.5
2022-06-06 05:05:00,1654491900.0,0.6237,0.6245,0.6225,0.6225,264271.3
2022-06-06 05:06:00,1654491960.0,0.6225,0.625,0.6221,0.6246,221088.3
2022-06-06 05:07:00,1654492020.0,0.6247,0.6249,0.6235,0.6236,130015.9
2022-06-06 05:08:00,1654492080.0,0.6237,0.6244,0.6235,0.6242,70746.7
2022-06-06 05:09:00,1654492140.0,0.6241,0.626,0.6241,0.6254,331502.0
2022-06-06 05:10:00,1654492200.0,0.6254,0.626,0.6249,0.6252,193368.2
2022-06-06 05:11:00,1654492260.0,0.6253,0.6253,0.6243,0.6246,143698.9
2022-06-06 05:12:00,1654492320.0,0.6247,0.6248,0.6241,0.6244,131582.7
2022-06-06 05:13:00,1654492380.0,0.6242,0.6243,0.6227,0.6235,117594.4
2022-06-06 05:14:00,1654492440.0,0.6235,0.6244,0.6233,0.6243,163834.9
2022-06-06 05:15:00,1654492500.0,0.6243,0.6252,0.6224,0.6226,343089.3
2022-06-06 05:16:00,1654492560.0,0.6226,0.6231,0.6218,0.622,150014.9
2022-06-06 05:17:00,1654492620.0,0.6219,0.622,0.6209,0.6212,303237.0
2022-06-06 05:18:00,1654492680.0,0.6211,0.6214,0.6202,0.6207,225864.7
2022-06-06 05:19:00,1654492740.0,0.6208,0.6216,0.6206,0.6214,136812.0
2022-06-06 05:20:00,1654492800.0,0.6213,0.622,0.6211,0.6214,186854.8
2022-06-06 05:21:00,1654492860.0,0.6212,0.6216,0.6205,0.6207,209752.9
2022-06-06 05:22:00,1654492920.0,0.6207,0.6213,0.6205,0.6208,92067.9
2022-06-06 05:23:00,1654492980.0,0.6207,0.6211,0.6206,0.621,72605.4
2022-06-06 05:24:00,1654493040.0,0.621,0.6226,0.621,0.6218,129572.6
2022-06-06 05:25:00,1654493100.0,0.6219,0.623,0.6214,0.6227,235750.0
2022-06-06 05:26:00,1654493160.0,0.6227,0.623,0.6225,0.6225,161024.3
2022-06-06 05:27:00,1654493220.0,0.6226,0.6236,0.6222,0.6222,758942.7
2022-06-06 05:28:00,1654493280.0,0.6222,0.6222,0.6204,0.621,610311.5
2022-06-06 05:29:00,1654493340.0,0.6211,0.6215,0.6207,0.6212,136490.9
2022-06-06 05:30:00,1654493400.0,0.6212,0.6221,0.6212,0.6219,119252.6
2022-06-06 05:31:00,1654493460.0,0.6219,0.6228,0.6218,0.6227,80595.1
2022-06-06 05:32:00,1654493520.0,0.6227,0.6227,0.6208,0.6216,330453.3
2022-06-06 05:33:00,1654493580.0,0.6217,0.6224,0.6213,0.6222,106433.4
2022-06-06 05:34:00,1654493640.0,0.6222,0.623,0.6222,0.6229,91650.3
2022-06-06 05:35:00,1654493700.0,0.623,0.623,0.622,0.6228,145057.8
2022-06-06 05:36:00,1654493760.0,0.6227,0.6231,0.6224,0.6227,80496.5
2022-06-06 05:37:00,1654493820.0,0.6227,0.6237,0.6221,0.6229,361735.3
2022-06-06 05:38:00,1654493880.0,0.623,0.6233,0.6225,0.6227,93259.6
2022-06-06 05:39:00,1654493940.0,0.6226,0.6236,0.6226,0.6232,202574.3
2022-06-06 05:40:00,1654494000.0,0.6232,0.624,0.6232,0.6239,114824.8
2022-06-06 05:41:00,1654494060.0,0.6238,0.6239,0.6228,0.6229,81485.4
2022-06-06 05:42:00,1654494120.0,0.6229,0.6229,0.6225,0.6226,71134.1
2022-06-06 05:43:00,1654494180.0,0.6226,0.6232,0.6224,0.6231,60991.3
2022-06-06 05:44:00,1654494240.0,0.6231,0.6239,0.6228,0.6228,82742.7
2022-06-06 05:45:00,1654494300.0,0.623,0.6239,0.6229,0.6232,57029.4
2022-06-06 05:46:00,1654494360.0,0.6232,0.624,0.6228,0.6236,133040.1
2022-06-06 05:47:00,1654494420.0,0.6236,0.6237,0.623,0.6232,65983.0
2022-06-06 05:48:00,1654494480.0,0.6233,0.6234,0.6217,0.622,156750.1
2022-06-06 05:49:00,1654494540.0,0.622,0.622,0.6209,0.6213,142488.6
2022-06-06 05:50:00,1654494600.0,0.6213,0.6221,0.6211,0.6211,141487.6
2022-06-06 05:51:00,1654494660.0,0.621,0.6211,0.6195,0.6202,315982.2
2022-06-06 05:52:00,1654494720.0,0.6202,0.6203,0.6187,0.6189,526076.2
2022-06-06 05:53:00,1654494780.0,0.6189,0.619,0.6163,0.6178,729522.3
2022-06-06 05:54:00,1654494840.0,0.6178,0.6191,0.6178,0.6188,259939.0
2022-06-06 05:55:00,1654494900.0,0.6189,0.6195,0.6184,0.6184,173513.0
2022-06-06 05:56:00,1654494960.0,0.6184,0.619,0.6182,0.6188,158828.2
2022-06-06 05:57:00,1654495020.0,0.6188,0.6193,0.6178,0.6191,456958.8
2022-06-06 05:58:00,1654495080.0,0.6191,0.6195,0.6175,0.618,467832.4
2022-06-06 05:59:00,1654495140.0,0.618,0.6186,0.618,0.6182,132918.6
2022-06-06 06:00:00,1654495200.0,0.6183,0.6198,0.6182,0.6189,300495.4
2022-06-06 06:01:00,1654495260.0,0.6189,0.62,0.6185,0.6185,287863.5
2022-06-06 06:02:00,1654495320.0,0.6186,0.6192,0.6186,0.6189,103213.9
2022-06-06 06:03:00,1654495380.0,0.6188,0.6196,0.6188,0.6195,122043.7
2022-06-06 06:04:00,1654495440.0,0.6195,0.6196,0.6188,0.6194,127783.6
2022-06-06 06:05:00,1654495500.0,0.6194,0.6199,0.6192,0.6192,128382.2
2022-06-06 06:06:00,1654495560.0,0.6193,0.6198,0.6188,0.6192,156355.0
2022-06-06 06:07:00,1654495620.0,0.6192,0.62,0.6189,0.6194,192631.2
2022-06-06 06:08:00,1654495680.0,0.6195,0.6196,0.619,0.6192,172206.1
2022-06-06 06:09:00,1654495740.0,0.6191,0.6197,0.619,0.6195,77488.0
2022-06-06 06:10:00,1654495800.0,0.6195,0.6196,0.619,0.6195,70102.7
2022-06-06 06:11:00,1654495860.0,0.6196,0.6199,0.619,0.6196,192128.8
2022-06-06 06:12:00,1654495920.0,0.6195,0.6197,0.6188,0.6189,52191.6
2022-06-06 06:13:00,1654495980.0,0.6189,0.6194,0.6183,0.6193,143376.1
2022-06-06 06:14:00,1654496040.0,0.6194,0.6195,0.6191,0.6192,63340.6
2022-06-06 06:15:00,1654496100.0,0.6191,0.6197,0.6185,0.6196,153872.1
2022-06-06 06:16:00,1654496160.0,0.6196,0.622,0.6195,0.6212,407737.3
2022-06-06 06:17:00,1654496220.0,0.6211,0.6223,0.6211,0.6214,221115.8
2022-06-06 06:18:00,1654496280.0,0.6213,0.6217,0.6211,0.6217,97494.1
2022-06-06 06:19:00,1654496340.0,0.6218,0.6225,0.6214,0.6223,91854.7
2022-06-06 06:20:00,1654496400.0,0.6223,0.6234,0.6218,0.6228,292545.8
2022-06-06 06:21:00,1654496460.0,0.6229,0.6233,0.6226,0.6229,343353.6
2022-06-06 06:22:00,1654496520.0,0.623,0.6231,0.6224,0.6225,153693.3
2022-06-06 06:23:00,1654496580.0,0.6225,0.6225,0.6212,0.6213,146267.9
2022-06-06 06:24:00,1654496640.0,0.6214,0.6219,0.6212,0.6219,113621.3
2022-06-06 06:25:00,1654496700.0,0.6219,0.622,0.6212,0.6213,81512.9
2022-06-06 06:26:00,1654496760.0,0.6213,0.6222,0.6211,0.622,96122.7
2022-06-06 06:27:00,1654496820.0,0.6219,0.6225,0.6216,0.6216,97734.2
2022-06-06 06:28:00,1654496880.0,0.6216,0.6224,0.6215,0.6224,53888.0
2022-06-06 06:29:00,1654496940.0,0.6225,0.6232,0.6224,0.6226,128848.1
2022-06-06 06:30:00,1654497000.0,0.6225,0.6225,0.6216,0.6222,42032.2
2022-06-06 06:31:00,1654497060.0,0.6222,0.6228,0.622,0.622,109194.9
2022-06-06 06:32:00,1654497120.0,0.6221,0.6228,0.6221,0.6227,72580.1
2022-06-06 06:33:00,1654497180.0,0.6228,0.6247,0.6227,0.6242,262320.5
2022-06-06 06:34:00,1654497240.0,0.6243,0.6249,0.6238,0.6238,99205.5
2022-06-06 06:35:00,1654497300.0,0.6239,0.6241,0.623,0.623,59094.8
2022-06-06 06:36:00,1654497360.0,0.623,0.6237,0.6224,0.6233,70627.7
2022-06-06 06:37:00,1654497420.0,0.6233,0.6268,0.6231,0.6264,800956.1
2022-06-06 06:38:00,1654497480.0,0.6264,0.6289,0.6262,0.6282,700076.9
2022-06-06 06:39:00,1654497540.0,0.6283,0.629,0.6273,0.6282,561659.8
2022-06-06 06:40:00,1654497600.0,0.6283,0.6305,0.6282,0.6297,813458.4
2022-06-06 06:41:00,1654497660.0,0.6296,0.634,0.6294,0.6303,1431734.9
2022-06-06 06:42:00,1654497720.0,0.6303,0.6319,0.629,0.6296,883143.4
2022-06-06 06:43:00,1654497780.0,0.6296,0.631,0.6287,0.63,831435.1
2022-06-06 06:44:00,1654497840.0,0.6301,0.6317,0.6298,0.6313,666357.3
2022-06-06 06:45:00,1654497900.0,0.6314,0.6334,0.6311,0.6323,744227.6
2022-06-06 06:46:00,1654497960.0,0.6323,0.6339,0.6301,0.6337,1033401.8
2022-06-06 06:47:00,1654498020.0,0.6338,0.6356,0.6331,0.634,1278707.5
2022-06-06 06:48:00,1654498080.0,0.6339,0.635,0.632,0.6334,940916.4
2022-06-06 06:49:00,1654498140.0,0.6335,0.6386,0.6335,0.6374,1490894.9
2022-06-06 06:50:00,1654498200.0,0.6375,0.6384,0.6358,0.6379,1061877.7
2022-06-06 06:51:00,1654498260.0,0.6379,0.64,0.6376,0.6391,1105281.8
2022-06-06 06:52:00,1654498320.0,0.639,0.645,0.6386,0.6439,1769536.7
2022-06-06 06:53:00,1654498380.0,0.6439,0.6464,0.6416,0.6454,1140437.3
2022-06-06 06:54:00,1654498440.0,0.6454,0.646,0.6418,0.6421,1061648.4
2022-06-06 06:55:00,1654498500.0,0.6421,0.6445,0.6402,0.6407,1405722.1
2022-06-06 06:56:00,1654498560.0,0.6406,0.6436,0.6388,0.6411,1014386.7
2022-06-06 06:57:00,1654498620.0,0.641,0.6436,0.6404,0.6409,829164.7
2022-06-06 06:58:00,1654498680.0,0.6411,0.6435,0.6396,0.6405,958229.5
2022-06-06 06:59:00,1654498740.0,0.6404,0.6445,0.6397,0.6424,844555.5
2022-06-06 07:00:00,1654498800.0,0.6424,0.645,0.64,0.6414,1174408.4
2022-06-06 07:01:00,1654498860.0,0.6414,0.6445,0.6394,0.6399,1604218.0
2022-06-06 07:02:00,1654498920.0,0.6398,0.643,0.6397,0.6404,829802.2
2022-06-06 07:03:00,1654498980.0,0.6404,0.645,0.6403,0.6427,865703.8
2022-06-06 07:04:00,1654499040.0,0.6427,0.6461,0.6418,0.6434,1108020.3
2022-06-06 07:05:00,1654499100.0,0.6434,0.6472,0.6412,0.6416,1427191.9
2022-06-06 07:06:00,1654499160.0,0.6414,0.6459,0.6414,0.6419,1106621.5
2022-06-06 07:07:00,1654499220.0,0.6419,0.6431,0.6409,0.6412,724252.2
2022-06-06 07:08:00,1654499280.0,0.6412,0.6419,0.6396,0.6398,792814.0
2022-06-06 07:09:00,1654499340.0,0.6398,0.6404,0.6379,0.6385,327701.9
2022-06-06 07:10:00,1654499400.0,0.6386,0.6395,0.6379,0.6381,252744.5
2022-06-06 07:11:00,1654499460.0,0.6379,0.639,0.6375,0.6377,307684.6
2022-06-06 07:12:00,1654499520.0,0.6376,0.639,0.6376,0.6384,365368.0
2022-06-06 07:13:00,1654499580.0,0.6384,0.6386,0.6378,0.6383,166506.0
2022-06-06 07:14:00,1654499640.0,0.6383,0.6395,0.6383,0.6393,226373.8
2022-06-06 07:15:00,1654499700.0,0.6394,0.6405,0.6374,0.6376,335976.2
2022-06-06 07:16:00,1654499760.0,0.6376,0.6377,0.6361,0.6365,374268.8
2022-06-06 07:17:00,1654499820.0,0.6365,0.6378,0.6364,0.6376,186762.4
2022-06-06 07:18:00,1654499880.0,0.6376,0.6379,0.6367,0.6375,263116.1
2022-06-06 07:19:00,1654499940.0,0.6375,0.6378,0.6364,0.6366,198229.2
2022-06-06 07:20:00,1654500000.0,0.6367,0.637,0.6362,0.6366,179058.6
2022-06-06 07:21:00,1654500060.0,0.6366,0.6386,0.6364,0.6382,324390.7
2022-06-06 07:22:00,1654500120.0,0.6382,0.6385,0.6375,0.6381,168914.5
2022-06-06 07:23:00,1654500180.0,0.6379,0.6383,0.6375,0.6378,175692.7
2022-06-06 07:24:00,1654500240.0,0.6376,0.6385,0.6374,0.6385,105813.7
2022-06-06 07:25:00,1654500300.0,0.6386,0.6386,0.637,0.6371,56956.2
2022-06-06 07:26:00,1654500360.0,0.6371,0.6374,0.6366,0.6371,182598.9
2022-06-06 07:27:00,1654500420.0,0.6371,0.6376,0.6362,0.6374,279991.7
2022-06-06 07:28:00,1654500480.0,0.6374,0.638,0.637,0.6371,115542.2
2022-06-06 07:29:00,1654500540.0,0.637,0.6372,0.6359,0.6361,130648.3
2022-06-06 07:30:00,1654500600.0,0.6361,0.6367,0.6359,0.6365,124618.3
2022-06-06 07:31:00,1654500660.0,0.6365,0.6374,0.6357,0.6357,264831.8
2022-06-06 07:32:00,1654500720.0,0.6357,0.6362,0.6347,0.6347,791095.9
2022-06-06 07:33:00,1654500780.0,0.6347,0.6355,0.6346,0.6347,284134.1
2022-06-06 07:34:00,1654500840.0,0.6347,0.6355,0.6343,0.6344,472013.1
2022-06-06 07:35:00,1654500900.0,0.6345,0.6348,0.6337,0.6339,335058.9
2022-06-06 07:36:00,1654500960.0,0.634,0.6343,0.6335,0.6339,567253.3
2022-06-06 07:37:00,1654501020.0,0.6338,0.6341,0.6336,0.6339,146266.0
2022-06-06 07:38:00,1654501080.0,0.6339,0.6345,0.6339,0.6343,168990.1
2022-06-06 07:39:00,1654501140.0,0.6343,0.6347,0.6338,0.6344,326468.7
2022-06-06 07:40:00,1654501200.0,0.6345,0.6361,0.6343,0.6359,295786.5
2022-06-06 07:41:00,1654501260.0,0.6359,0.6364,0.6352,0.6353,168523.2
2022-06-06 07:42:00,1654501320.0,0.6353,0.6354,0.6347,0.6351,161415.4
2022-06-06 07:43:00,1654501380.0,0.6352,0.6356,0.6345,0.6345,481279.3
2022-06-06 07:44:00,1654501440.0,0.6345,0.6349,0.6338,0.6346,445123.9
2022-06-06 07:45:00,1654501500.0,0.6345,0.6357,0.6345,0.6355,112629.1
2022-06-06 07:46:00,1654501560.0,0.6357,0.6383,0.6357,0.6368,511485.5
2022-06-06 07:47:00,1654501620.0,0.6368,0.6369,0.636,0.6364,165406.7
2022-06-06 07:48:00,1654501680.0,0.6363,0.6365,0.6356,0.6364,205057.7
2022-06-06 07:49:00,1654501740.0,0.6363,0.6379,0.6363,0.6371,301332.7
2022-06-06 07:50:00,1654501800.0,0.637,0.6383,0.6363,0.6366,257209.0
2022-06-06 07:51:00,1654501860.0,0.6366,0.6383,0.6366,0.6379,178623.9
2022-06-06 07:52:00,1654501920.0,0.6378,0.6385,0.6373,0.6377,353024.9
2022-06-06 07:53:00,1654501980.0,0.6377,0.6377,0.6362,0.6368,159695.2
2022-06-06 07:54:00,1654502040.0,0.6368,0.6368,0.6363,0.6365,52198.9
2022-06-06 07:55:00,1654502100.0,0.6365,0.6366,0.6362,0.6364,69142.0
2022-06-06 07:56:00,1654502160.0,0.6364,0.6367,0.6363,0.6367,81537.4
2022-06-06 07:57:00,1654502220.0,0.6366,0.6371,0.6363,0.6369,215160.9
2022-06-06 07:58:00,1654502280.0,0.6369,0.6371,0.6363,0.6365,115126.9
2022-06-06 07:59:00,1654502340.0,0.6364,0.6376,0.6364,0.6372,319785.1
2022-06-06 08:00:00,1654502400.0,0.6372,0.639,0.6372,0.6389,434887.8
2022-06-06 08:01:00,1654502460.0,0.639,0.64,0.6379,0.6392,501411.9
2022-06-06 08:02:00,1654502520.0,0.6392,0.6398,0.6374,0.6374,331172.1
2022-06-06 08:03:00,1654502580.0,0.6374,0.6388,0.6367,0.6385,350392.9
2022-06-06 08:04:00,1654502640.0,0.6385,0.6388,0.6379,0.6382,149588.6
2022-06-06 08:05:00,1654502700.0,0.6381,0.639,0.638,0.6388,130708.2
2022-06-06 08:06:00,1654502760.0,0.6388,0.6388,0.6368,0.6375,362821.0
2022-06-06 08:07:00,1654502820.0,0.6375,0.6386,0.6375,0.6385,204956.2
2022-06-06 08:08:00,1654502880.0,0.6384,0.6388,0.6375,0.6376,197784.1
2022-06-06 08:09:00,1654502940.0,0.6375,0.638,0.6375,0.638,94651.3
2022-06-06 08:10:00,1654503000.0,0.6379,0.6383,0.6373,0.6381,169147.0
2022-06-06 08:11:00,1654503060.0,0.6381,0.6391,0.638,0.6388,372265.5
2022-06-06 08:12:00,1654503120.0,0.6388,0.6394,0.6383,0.6384,329277.9
2022-06-06 08:13:00,1654503180.0,0.6384,0.6388,0.6381,0.6383,75432.6
2022-06-06 08:14:00,1654503240.0,0.6384,0.6385,0.638,0.638,52173.3
2022-06-06 08:15:00,1654503300.0,0.6381,0.6384,0.6377,0.6378,113575.5
2022-06-06 08:16:00,1654503360.0,0.6378,0.6378,0.6369,0.6373,204459.6
2022-06-06 08:17:00,1654503420.0,0.6372,0.638,0.6372,0.6379,143093.3
2022-06-06 08:18:00,1654503480.0,0.6379,0.638,0.6376,0.6379,38422.6
2022-06-06 08:19:00,1654503540.0,0.6379,0.638,0.6374,0.6374,87671.1
2022-06-06 08:20:00,1654503600.0,0.6374,0.6374,0.6354,0.636,436979.6
2022-06-06 08:21:00,1654503660.0,0.6359,0.637,0.6354,0.6362,312729.2
2022-06-06 08:22:00,1654503720.0,0.6362,0.6364,0.6347,0.6355,254786.0
2022-06-06 08:23:00,1654503780.0,0.6356,0.6364,0.6356,0.6362,102769.5
2022-06-06 08:24:00,1654503840.0,0.6362,0.6364,0.6354,0.6364,213385.8
2022-06-06 08:25:00,1654503900.0,0.6364,0.6377,0.6364,0.6374,137444.0
2022-06-06 08:26:00,1654503960.0,0.6374,0.6377,0.6372,0.6376,79166.0
2022-06-06 08:27:00,1654504020.0,0.6376,0.6384,0.6376,0.6384,292863.4
2022-06-06 08:28:00,1654504080.0,0.6385,0.6395,0.6384,0.6391,117045.5
2022-06-06 08:29:00,1654504140.0,0.639,0.64,0.639,0.64,220157.7
2022-06-06 08:30:00,1654504200.0,0.64,0.6409,0.6383,0.6386,380931.6
2022-06-06 08:31:00,1654504260.0,0.6386,0.639,0.6374,0.6386,256294.7
2022-06-06 08:32:00,1654504320.0,0.6386,0.6389,0.6379,0.6383,77373.9
2022-06-06 08:33:00,1654504380.0,0.6383,0.639,0.6382,0.6387,62851.5
2022-06-06 08:34:00,1654504440.0,0.6387,0.64,0.6385,0.6399,159859.2
2022-06-06 08:35:00,1654504500.0,0.6399,0.6409,0.6391,0.6408,284949.0
2022-06-06 08:36:00,1654504560.0,0.6408,0.6411,0.6403,0.6409,222724.0
2022-06-06 08:37:00,1654504620.0,0.641,0.6412,0.6404,0.6404,106114.2
2022-06-06 08:38:00,1654504680.0,0.6403,0.6403,0.6394,0.64,80020.4
2022-06-06 08:39:00,1654504740.0,0.64,0.6403,0.6396,0.6401,39599.9
2022-06-06 08:40:00,1654504800.0,0.6402,0.6406,0.639,0.6391,134857.9
2022-06-06 08:41:00,1654504860.0,0.6391,0.6394,0.6387,0.6389,81349.5
2022-06-06 08:42:00,1654504920.0,0.6389,0.639,0.6378,0.6378,154685.9
2022-06-06 08:43:00,1654504980.0,0.6378,0.6381,0.6373,0.6375,287436.4
2022-06-06 08:44:00,1654505040.0,0.6375,0.6377,0.6365,0.6365,158031.2
2022-06-06 08:45:00,1654505100.0,0.6365,0.6365,0.6358,0.6362,110623.4
2022-06-06 08:46:00,1654505160.0,0.6363,0.6365,0.6353,0.6354,140008.8
2022-06-06 08:47:00,1654505220.0,0.6354,0.6355,0.6345,0.6348,111012.4
2022-06-06 08:48:00,1654505280.0,0.6348,0.6363,0.6347,0.6358,121683.3
2022-06-06 08:49:00,1654505340.0,0.636,0.6363,0.6355,0.636,109589.2
2022-06-06 08:50:00,1654505400.0,0.636,0.6361,0.6351,0.6358,277396.3
2022-06-06 08:51:00,1654505460.0,0.6357,0.636,0.6352,0.6359,128427.0
2022-06-06 08:52:00,1654505520.0,0.636,0.6367,0.6351,0.6354,149652.3
2022-06-06 08:53:00,1654505580.0,0.6354,0.6356,0.635,0.6356,145181.9
2022-06-06 08:54:00,1654505640.0,0.6356,0.6357,0.6353,0.6355,73265.5
2022-06-06 08:55:00,1654505700.0,0.6355,0.6356,0.6349,0.6349,55896.9
2022-06-06 08:56:00,1654505760.0,0.635,0.6352,0.6334,0.634,394045.6
2022-06-06 08:57:00,1654505820.0,0.6341,0.6349,0.6338,0.6338,191545.2
2022-06-06 08:58:00,1654505880.0,0.6339,0.6339,0.6323,0.6334,250212.9
2022-06-06 08:59:00,1654505940.0,0.6334,0.6344,0.6334,0.6342,148959.2
2022-06-06 09:00:00,1654506000.0,0.6342,0.6358,0.6341,0.6346,606541.3
2022-06-06 09:01:00,1654506060.0,0.6345,0.6349,0.6338,0.6338,135414.2
2022-06-06 09:02:00,1654506120.0,0.6338,0.634,0.6322,0.6325,161077.3
2022-06-06 09:03:00,1654506180.0,0.6326,0.6329,0.6318,0.6328,331540.6
2022-06-06 09:04:00,1654506240.0,0.6329,0.6338,0.6329,0.6334,123426.2
2022-06-06 09:05:00,1654506300.0,0.6334,0.6338,0.6327,0.6328,113175.7
2022-06-06 09:06:00,1654506360.0,0.6328,0.6331,0.6322,0.6323,218256.1
2022-06-06 09:07:00,1654506420.0,0.6323,0.6334,0.6323,0.633,105540.2
2022-06-06 09:08:00,1654506480.0,0.633,0.6343,0.6328,0.6341,344777.8
2022-06-06 09:09:00,1654506540.0,0.6341,0.6349,0.6339,0.6343,146685.2
2022-06-06 09:10:00,1654506600.0,0.6343,0.635,0.6337,0.634,147388.0
2022-06-06 09:11:00,1654506660.0,0.634,0.6341,0.6336,0.6336,42974.4
2022-06-06 09:12:00,1654506720.0,0.6335,0.6345,0.6335,0.6342,95364.2
2022-06-06 09:13:00,1654506780.0,0.6342,0.6346,0.6339,0.6345,51034.8
2022-06-06 09:14:00,1654506840.0,0.6346,0.6352,0.6346,0.6348,67853.9
2022-06-06 09:15:00,1654506900.0,0.6348,0.6357,0.6347,0.6353,108460.7
2022-06-06 09:16:00,1654506960.0,0.6352,0.6367,0.6347,0.635,195550.5
2022-06-06 09:17:00,1654507020.0,0.6349,0.6354,0.6348,0.6349,73514.9
2022-06-06 09:18:00,1654507080.0,0.6349,0.6355,0.6348,0.6355,89080.8
2022-06-06 09:19:00,1654507140.0,0.6354,0.636,0.6351,0.6351,74914.7
2022-06-06 09:20:00,1654507200.0,0.6351,0.6362,0.6351,0.636,112927.0
2022-06-06 09:21:00,1654507260.0,0.6362,0.6372,0.6361,0.6366,211721.2
2022-06-06 09:22:00,1654507320.0,0.6367,0.6374,0.6366,0.6374,93932.7
2022-06-06 09:23:00,1654507380.0,0.6373,0.6381,0.6367,0.6372,330043.0
2022-06-06 09:24:00,1654507440.0,0.6372,0.6372,0.6361,0.6362,120517.0
2022-06-06 09:25:00,1654507500.0,0.6362,0.6366,0.6357,0.6358,110227.6
2022-06-06 09:26:00,1654507560.0,0.6357,0.6362,0.6355,0.636,96227.3
2022-06-06 09:27:00,1654507620.0,0.636,0.6361,0.6356,0.6361,59836.3
2022-06-06 09:28:00,1654507680.0,0.6362,0.6364,0.6355,0.6359,137966.5
2022-06-06 09:29:00,1654507740.0,0.636,0.6364,0.6358,0.6359,117048.3
2022-06-06 09:30:00,1654507800.0,0.6359,0.6362,0.6357,0.6358,108249.0
2022-06-06 09:31:00,1654507860.0,0.6357,0.6372,0.6357,0.637,125191.0
2022-06-06 09:32:00,1654507920.0,0.637,0.637,0.6357,0.6357,48152.3
2022-06-06 09:33:00,1654507980.0,0.6356,0.6356,0.6349,0.6351,61836.0
2022-06-06 09:34:00,1654508040.0,0.635,0.6358,0.635,0.6357,84708.0
2022-06-06 09:35:00,1654508100.0,0.6356,0.636,0.6356,0.6358,46806.9
2022-06-06 09:36:00,1654508160.0,0.6359,0.6363,0.6359,0.6362,57286.9
2022-06-06 09:37:00,1654508220.0,0.6361,0.6364,0.6355,0.6355,98415.4
2022-06-06 09:38:00,1654508280.0,0.6354,0.6358,0.6353,0.6356,62673.2
2022-06-06 09:39:00,1654508340.0,0.6355,0.6357,0.6351,0.6355,95621.1
2022-06-06 09:40:00,1654508400.0,0.6355,0.6367,0.6353,0.6363,133219.3
2022-06-06 09:41:00,1654508460.0,0.6363,0.6374,0.6363,0.6374,130665.5
2022-06-06 09:42:00,1654508520.0,0.6374,0.6374,0.6365,0.6366,154033.0
2022-06-06 09:43:00,1654508580.0,0.6365,0.6372,0.6365,0.6367,56744.5
2022-06-06 09:44:00,1654508640.0,0.6366,0.6366,0.6356,0.6357,45144.1
2022-06-06 09:45:00,1654508700.0,0.6356,0.6366,0.6352,0.6366,104213.5
2022-06-06 09:46:00,1654508760.0,0.6365,0.6366,0.6361,0.6364,44497.0
2022-06-06 09:47:00,1654508820.0,0.6363,0.637,0.6362,0.6368,326765.6
2022-06-06 09:48:00,1654508880.0,0.6368,0.6369,0.6363,0.6367,64590.4
2022-06-06 09:49:00,1654508940.0,0.6367,0.6371,0.6366,0.6369,19909.2
2022-06-06 09:50:00,1654509000.0,0.6369,0.6384,0.6368,0.6381,127270.8
2022-06-06 09:51:00,1654509060.0,0.6381,0.6381,0.6376,0.6378,132527.7
2022-06-06 09:52:00,1654509120.0,0.6378,0.6378,0.6369,0.6375,99307.6
2022-06-06 09:53:00,1654509180.0,0.6374,0.6385,0.6374,0.6383,84144.7
2022-06-06 09:54:00,1654509240.0,0.6383,0.6383,0.6377,0.6379,75352.4
2022-06-06 09:55:00,1654509300.0,0.6379,0.6383,0.6374,0.6374,76647.1
2022-06-06 09:56:00,1654509360.0,0.6374,0.6378,0.6372,0.6372,107683.9
2022-06-06 09:57:00,1654509420.0,0.6373,0.6373,0.6365,0.6369,51786.3
2022-06-06 09:58:00,1654509480.0,0.6368,0.6376,0.6368,0.6376,28857.1
2022-06-06 09:59:00,1654509540.0,0.6375,0.6389,0.6375,0.6385,118411.5
2022-06-06 10:00:00,1654509600.0,0.6384,0.6392,0.6378,0.6379,328062.8
2022-06-06 10:01:00,1654509660.0,0.6379,0.6388,0.6374,0.6387,88297.8
2022-06-06 10:02:00,1654509720.0,0.6387,0.6398,0.6384,0.6398,147222.2
2022-06-06 10:03:00,1654509780.0,0.6398,0.64,0.6394,0.6394,180122.2
2022-06-06 10:04:00,1654509840.0,0.6395,0.6395,0.6389,0.6389,116742.2
2022-06-06 10:05:00,1654509900.0,0.6389,0.6394,0.6389,0.6391,172558.2
2022-06-06 10:06:00,1654509960.0,0.6391,0.6392,0.6374,0.6375,370115.1
2022-06-06 10:07:00,1654510020.0,0.6375,0.6383,0.6375,0.638,93829.7
2022-06-06 10:08:00,1654510080.0,0.638,0.6384,0.6377,0.638,60701.6
2022-06-06 10:09:00,1654510140.0,0.6378,0.6378,0.637,0.6372,54134.2
2022-06-06 10:10:00,1654510200.0,0.6372,0.6375,0.6365,0.6366,148268.5
2022-06-06 10:11:00,1654510260.0,0.6367,0.637,0.6365,0.6369,50621.8
2022-06-06 10:12:00,1654510320.0,0.6369,0.6374,0.6369,0.6373,51475.9
2022-06-06 10:13:00,1654510380.0,0.6371,0.6371,0.6359,0.6359,77733.2
2022-06-06 10:14:00,1654510440.0,0.6359,0.636,0.6356,0.6358,38000.3
2022-06-06 10:15:00,1654510500.0,0.6358,0.636,0.6351,0.6355,89465.3
2022-06-06 10:16:00,1654510560.0,0.6355,0.6355,0.6351,0.6351,79410.2
2022-06-06 10:17:00,1654510620.0,0.6352,0.6357,0.6352,0.6357,124612.2
2022-06-06 10:18:00,1654510680.0,0.6356,0.636,0.635,0.6351,73338.9
2022-06-06 10:19:00,1654510740.0,0.6349,0.6359,0.6349,0.6355,79441.1
2022-06-06 10:20:00,1654510800.0,0.6355,0.6358,0.635,0.6357,145476.9
2022-06-06 10:21:00,1654510860.0,0.6357,0.6364,0.6357,0.636,108433.2
2022-06-06 10:22:00,1654510920.0,0.636,0.637,0.6359,0.6365,96367.9
2022-06-06 10:23:00,1654510980.0,0.6365,0.6374,0.6365,0.6373,131706.0
2022-06-06 10:24:00,1654511040.0,0.6373,0.638,0.6373,0.6376,148123.5
2022-06-06 10:25:00,1654511100.0,0.6376,0.6378,0.6365,0.6369,87854.8
2022-06-06 10:26:00,1654511160.0,0.6369,0.6375,0.6363,0.6375,86507.5
2022-06-06 10:27:00,1654511220.0,0.6375,0.6375,0.6369,0.6369,43312.0
2022-06-06 10:28:00,1654511280.0,0.6369,0.637,0.6358,0.6358,41211.1
2022-06-06 10:29:00,1654511340.0,0.6358,0.6364,0.6357,0.6362,36817.8
2022-06-06 10:30:00,1654511400.0,0.6362,0.637,0.6362,0.6367,66740.0
2022-06-06 10:31:00,1654511460.0,0.6365,0.6368,0.6361,0.6361,12347.4
2022-06-06 10:32:00,1654511520.0,0.6361,0.6366,0.6359,0.6365,36124.4
2022-06-06 10:33:00,1654511580.0,0.6366,0.6373,0.6364,0.6366,88704.6
2022-06-06 10:34:00,1654511640.0,0.6366,0.6372,0.6366,0.6369,48035.3
2022-06-06 10:35:00,1654511700.0,0.6369,0.638,0.6369,0.6375,67469.8
2022-06-06 10:36:00,1654511760.0,0.6376,0.6378,0.6365,0.6365,70668.9
2022-06-06 10:37:00,1654511820.0,0.6365,0.6369,0.6358,0.6363,61285.5
2022-06-06 10:38:00,1654511880.0,0.6364,0.637,0.6361,0.6369,54628.6
2022-06-06 10:39:00,1654511940.0,0.637,0.638,0.6369,0.6378,66137.2
2022-06-06 10:40:00,1654512000.0,0.6377,0.6391,0.6375,0.6377,406220.0
2022-06-06 10:41:00,1654512060.0,0.6377,0.6377,0.6373,0.6375,163652.3
2022-06-06 10:42:00,1654512120.0,0.6373,0.6374,0.6369,0.6372,40539.3
2022-06-06 10:43:00,1654512180.0,0.6371,0.6377,0.6371,0.6377,28226.5
2022-06-06 10:44:00,1654512240.0,0.6377,0.6381,0.6377,0.6377,39138.5
2022-06-06 10:45:00,1654512300.0,0.6377,0.6382,0.6371,0.6382,180442.3
2022-06-06 10:46:00,1654512360.0,0.6382,0.6386,0.638,0.6386,85120.7
2022-06-06 10:47:00,1654512420.0,0.6387,0.6396,0.6386,0.6393,279729.0
2022-06-06 10:48:00,1654512480.0,0.6391,0.6393,0.6382,0.6383,162602.7
2022-06-06 10:49:00,1654512540.0,0.6382,0.6385,0.6377,0.6385,162617.6
2022-06-06 10:50:00,1654512600.0,0.6386,0.6391,0.6385,0.6387,62565.3
2022-06-06 10:51:00,1654512660.0,0.6386,0.6386,0.6374,0.6376,67037.0
2022-06-06 10:52:00,1654512720.0,0.6375,0.6376,0.637,0.637,75616.7
2022-06-06 10:53:00,1654512780.0,0.6371,0.6379,0.6371,0.6377,72604.5
2022-06-06 10:54:00,1654512840.0,0.6378,0.6381,0.6377,0.6377,46245.0
2022-06-06 10:55:00,1654512900.0,0.6378,0.6382,0.6375,0.6375,73941.3
2022-06-06 10:56:00,1654512960.0,0.6375,0.6378,0.6374,0.6374,24677.2
2022-06-06 10:57:00,1654513020.0,0.6373,0.6374,0.636,0.6362,337902.0
2022-06-06 10:58:00,1654513080.0,0.6363,0.6363,0.6352,0.6355,81173.2
2022-06-06 10:59:00,1654513140.0,0.6354,0.6359,0.6346,0.6347,175997.6
2022-06-06 11:00:00,1654513200.0,0.6347,0.6353,0.6343,0.6351,153538.5
2022-06-06 11:01:00,1654513260.0,0.6351,0.6352,0.6347,0.635,90546.5
2022-06-06 11:02:00,1654513320.0,0.6351,0.6354,0.635,0.6351,61292.0
2022-06-06 11:03:00,1654513380.0,0.6352,0.6353,0.6347,0.6348,46451.2
2022-06-06 11:04:00,1654513440.0,0.6349,0.6357,0.6348,0.6353,68355.1
2022-06-06 11:05:00,1654513500.0,0.6353,0.6364,0.6347,0.6362,157404.1
2022-06-06 11:06:00,1654513560.0,0.6363,0.6372,0.6357,0.6372,134353.5
2022-06-06 11:07:00,1654513620.0,0.6371,0.6371,0.6357,0.6357,155873.7
2022-06-06 11:08:00,1654513680.0,0.6357,0.6358,0.6351,0.6355,114510.0
2022-06-06 11:09:00,1654513740.0,0.6355,0.6358,0.635,0.635,412883.5
2022-06-06 11:10:00,1654513800.0,0.635,0.6352,0.6329,0.6329,872555.6
2022-06-06 11:11:00,1654513860.0,0.6329,0.6334,0.6323,0.6324,355375.2
2022-06-06 11:12:00,1654513920.0,0.6323,0.6324,0.6268,0.6275,2704144.2
2022-06-06 11:13:00,1654513980.0,0.6275,0.628,0.6255,0.6263,724982.7
2022-06-06 11:14:00,1654514040.0,0.6261,0.6291,0.6261,0.629,852659.3
2022-06-06 11:15:00,1654514100.0,0.629,0.6299,0.6286,0.6292,336357.7
2022-06-06 11:16:00,1654514160.0,0.6293,0.632,0.6293,0.6315,585228.8
2022-06-06 11:17:00,1654514220.0,0.6315,0.6317,0.6304,0.6308,412080.0
2022-06-06 11:18:00,1654514280.0,0.6306,0.6324,0.6306,0.6312,278015.9
2022-06-06 11:19:00,1654514340.0,0.6312,0.6313,0.6298,0.63,215770.6
2022-06-06 11:20:00,1654514400.0,0.6299,0.6306,0.6275,0.6288,391976.6
2022-06-06 11:21:00,1654514460.0,0.6289,0.6298,0.6284,0.6292,410211.2
2022-06-06 11:22:00,1654514520.0,0.6292,0.631,0.6292,0.6309,305990.5
2022-06-06 11:23:00,1654514580.0,0.6308,0.6318,0.6294,0.6294,352859.5
2022-06-06 11:24:00,1654514640.0,0.6295,0.631,0.6292,0.63,391927.1
2022-06-06 11:25:00,1654514700.0,0.63,0.6308,0.6298,0.6304,150387.7
2022-06-06 11:26:00,1654514760.0,0.6304,0.6317,0.6297,0.6315,349017.9
2022-06-06 11:27:00,1654514820.0,0.6315,0.6322,0.6312,0.6321,140047.0
2022-06-06 11:28:00,1654514880.0,0.632,0.6321,0.6307,0.6313,152792.5
2022-06-06 11:29:00,1654514940.0,0.6312,0.6316,0.6302,0.6308,222945.2
2022-06-06 11:30:00,1654515000.0,0.631,0.6316,0.6303,0.6313,137711.8
2022-06-06 11:31:00,1654515060.0,0.6312,0.6324,0.6312,0.632,373543.9
2022-06-06 11:32:00,1654515120.0,0.6319,0.6323,0.6316,0.6316,176671.8
2022-06-06 11:33:00,1654515180.0,0.6316,0.6316,0.6306,0.6306,70166.1
2022-06-06 11:34:00,1654515240.0,0.6306,0.632,0.6305,0.6307,205465.1
2022-06-06 11:35:00,1654515300.0,0.6307,0.6307,0.6297,0.6299,153802.7
2022-06-06 11:36:00,1654515360.0,0.6296,0.6304,0.6291,0.6291,127254.2
2022-06-06 11:37:00,1654515420.0,0.6292,0.6294,0.6281,0.6281,213197.7
2022-06-06 11:38:00,1654515480.0,0.628,0.6283,0.6274,0.6277,170661.3
2022-06-06 11:39:00,1654515540.0,0.6276,0.6286,0.6274,0.6274,239546.9
2022-06-06 11:40:00,1654515600.0,0.6275,0.6284,0.6267,0.6275,491527.9
2022-06-06 11:41:00,1654515660.0,0.6272,0.6272,0.6265,0.6269,292016.1
2022-06-06 11:42:00,1654515720.0,0.627,0.6287,0.6269,0.627,323348.6
2022-06-06 11:43:00,1654515780.0,0.627,0.6283,0.627,0.6276,197713.7
2022-06-06 11:44:00,1654515840.0,0.6275,0.6283,0.6275,0.6278,128856.9
2022-06-06 11:45:00,1654515900.0,0.6278,0.6285,0.6277,0.6279,161169.6
2022-06-06 11:46:00,1654515960.0,0.6278,0.6291,0.6278,0.6282,170897.1
2022-06-06 11:47:00,1654516020.0,0.6281,0.6285,0.6268,0.627,160877.5
2022-06-06 11:48:00,1654516080.0,0.6269,0.6283,0.6267,0.6276,264151.4
2022-06-06 11:49:00,1654516140.0,0.6276,0.6281,0.6253,0.6254,329076.2
2022-06-06 11:50:00,1654516200.0,0.6255,0.6255,0.6224,0.6233,1169409.4
2022-06-06 11:51:00,1654516260.0,0.6233,0.6245,0.6228,0.6244,614853.0
2022-06-06 11:52:00,1654516320.0,0.6244,0.6254,0.624,0.6247,393522.3
2022-06-06 11:53:00,1654516380.0,0.6248,0.6255,0.6245,0.6247,417504.2
2022-06-06 11:54:00,1654516440.0,0.6246,0.6251,0.6244,0.6248,188446.1
2022-06-06 11:55:00,1654516500.0,0.6248,0.625,0.6236,0.6236,225610.0
2022-06-06 11:56:00,1654516560.0,0.6237,0.6244,0.6229,0.6244,469079.9
2022-06-06 11:57:00,1654516620.0,0.6243,0.6245,0.6239,0.6243,140630.5
2022-06-06 11:58:00,1654516680.0,0.6243,0.6249,0.6241,0.6244,251368.3
2022-06-06 11:59:00,1654516740.0,0.6243,0.6252,0.6243,0.6247,182894.0
2022-06-06 12:00:00,1654516800.0,0.6247,0.626,0.6246,0.6255,372169.9
2022-06-06 12:01:00,1654516860.0,0.6255,0.6272,0.6255,0.6266,473015.5
2022-06-06 12:02:00,1654516920.0,0.6265,0.6268,0.626,0.6263,132046.7
2022-06-06 12:03:00,1654516980.0,0.6263,0.6275,0.6261,0.6272,231906.1
2022-06-06 12:04:00,1654517040.0,0.6271,0.6272,0.6265,0.6265,115333.1
2022-06-06 12:05:00,1654517100.0,0.6265,0.6275,0.6265,0.6272,160381.6
2022-06-06 12:06:00,1654517160.0,0.6273,0.6283,0.6269,0.6274,163748.1
2022-06-06 12:07:00,1654517220.0,0.6274,0.6285,0.6273,0.6282,186888.3
2022-06-06 12:08:00,1654517280.0,0.6282,0.6282,0.6271,0.6274,172980.1
2022-06-06 12:09:00,1654517340.0,0.6274,0.628,0.6271,0.6273,242234.7
2022-06-06 12:10:00,1654517400.0,0.6272,0.6281,0.6272,0.6274,72466.3
2022-06-06 12:11:00,1654517460.0,0.6273,0.6277,0.6272,0.6273,99055.0
2022-06-06 12:12:00,1654517520.0,0.6273,0.6273,0.6266,0.6271,79842.4
2022-06-06 12:13:00,1654517580.0,0.6271,0.6272,0.6269,0.627,22722.8
2022-06-06 12:14:00,1654517640.0,0.6269,0.627,0.6266,0.6268,120247.6
2022-06-06 12:15:00,1654517700.0,0.6267,0.627,0.6256,0.6256,369055.0
2022-06-06 12:16:00,1654517760.0,0.6256,0.6265,0.6255,0.6258,299113.3
2022-06-06 12:17:00,1654517820.0,0.6257,0.626,0.6254,0.6254,99585.1
2022-06-06 12:18:00,1654517880.0,0.6253,0.6254,0.6245,0.6246,85263.7
2022-06-06 12:19:00,1654517940.0,0.6246,0.6249,0.6235,0.6235,156359.7
2022-06-06 12:20:00,1654518000.0,0.6236,0.6241,0.6232,0.6234,338491.5
2022-06-06 12:21:00,1654518060.0,0.6234,0.6241,0.623,0.6241,507941.1
2022-06-06 12:22:00,1654518120.0,0.6241,0.6247,0.6236,0.6239,229593.5
2022-06-06 12:23:00,1654518180.0,0.6238,0.624,0.6231,0.6233,96746.1
2022-06-06 12:24:00,1654518240.0,0.6232,0.6236,0.6228,0.623,383766.5
2022-06-06 12:25:00,1654518300.0,0.6231,0.6248,0.623,0.6245,362448.2
2022-06-06 12:26:00,1654518360.0,0.6245,0.6252,0.624,0.625,255222.1
2022-06-06 12:27:00,1654518420.0,0.6249,0.6251,0.6242,0.6242,107288.4
2022-06-06 12:28:00,1654518480.0,0.6242,0.6251,0.6242,0.6247,142959.2
2022-06-06 12:29:00,1654518540.0,0.6247,0.6252,0.6247,0.6251,44416.8
2022-06-06 12:30:00,1654518600.0,0.6251,0.6261,0.6248,0.6259,171592.6
2022-06-06 12:31:00,1654518660.0,0.6258,0.6267,0.6258,0.626,150484.3
2022-06-06 12:32:00,1654518720.0,0.6259,0.6279,0.6259,0.6273,299457.8
2022-06-06 12:33:00,1654518780.0,0.6273,0.6279,0.6268,0.6269,188266.8
2022-06-06 12:34:00,1654518840.0,0.6269,0.6273,0.6266,0.6268,51653.3
2022-06-06 12:35:00,1654518900.0,0.6267,0.627,0.6262,0.6266,109396.0
2022-06-06 12:36:00,1654518960.0,0.6266,0.6274,0.626,0.6273,205153.2
2022-06-06 12:37:00,1654519020.0,0.6273,0.6282,0.6273,0.628,69617.3
2022-06-06 12:38:00,1654519080.0,0.6279,0.6298,0.6279,0.6289,330525.3
2022-06-06 12:39:00,1654519140.0,0.6289,0.6295,0.6288,0.6291,239784.5
2022-06-06 12:40:00,1654519200.0,0.6291,0.6292,0.6283,0.6287,557069.9
2022-06-06 12:41:00,1654519260.0,0.6287,0.6287,0.6275,0.6281,128548.6
2022-06-06 12:42:00,1654519320.0,0.6281,0.6282,0.6267,0.627,195150.9
2022-06-06 12:43:00,1654519380.0,0.627,0.6277,0.627,0.6276,58743.0
2022-06-06 12:44:00,1654519440.0,0.6276,0.6285,0.6276,0.6277,158353.8
2022-06-06 12:45:00,1654519500.0,0.6277,0.6277,0.6269,0.6269,96383.3
2022-06-06 12:46:00,1654519560.0,0.627,0.6286,0.6269,0.6286,195202.3
2022-06-06 12:47:00,1654519620.0,0.6285,0.6287,0.6278,0.628,93092.6
2022-06-06 12:48:00,1654519680.0,0.6281,0.6284,0.6274,0.6275,139407.7
2022-06-06 12:49:00,1654519740.0,0.6273,0.6273,0.6261,0.6264,49795.6
2022-06-06 12:50:00,1654519800.0,0.6265,0.6267,0.6259,0.626,114875.9
2022-06-06 12:51:00,1654519860.0,0.626,0.6261,0.6254,0.6255,69831.6
2022-06-06 12:52:00,1654519920.0,0.6255,0.6257,0.6244,0.6244,293099.0
2022-06-06 12:53:00,1654519980.0,0.6244,0.6248,0.6237,0.6239,148974.5
2022-06-06 12:54:00,1654520040.0,0.6239,0.6246,0.6237,0.6245,223211.8
2022-06-06 12:55:00,1654520100.0,0.6246,0.6258,0.6246,0.6257,171960.6
2022-06-06 12:56:00,1654520160.0,0.6257,0.6259,0.6249,0.625,79391.3
2022-06-06 12:57:00,1654520220.0,0.625,0.6258,0.625,0.6254,64119.5
2022-06-06 12:58:00,1654520280.0,0.6256,0.6257,0.6248,0.6253,197247.5
2022-06-06 12:59:00,1654520340.0,0.6254,0.6254,0.6248,0.625,88645.2
2022-06-06 13:00:00,1654520400.0,0.625,0.6252,0.6239,0.6243,155108.3
2022-06-06 13:01:00,1654520460.0,0.6244,0.625,0.6242,0.6246,383786.9
2022-06-06 13:02:00,1654520520.0,0.6246,0.625,0.6245,0.6246,69438.5
2022-06-06 13:03:00,1654520580.0,0.6247,0.6261,0.6247,0.6255,159614.6
2022-06-06 13:04:00,1654520640.0,0.6256,0.6261,0.6256,0.6257,89114.0
2022-06-06 13:05:00,1654520700.0,0.6258,0.6263,0.6257,0.6258,95876.2
2022-06-06 13:06:00,1654520760.0,0.6258,0.6259,0.625,0.6252,98596.2
2022-06-06 13:07:00,1654520820.0,0.6251,0.6258,0.6251,0.6257,79811.4
2022-06-06 13:08:00,1654520880.0,0.6258,0.6259,0.6252,0.6255,70572.3
2022-06-06 13:09:00,1654520940.0,0.6255,0.6255,0.6236,0.6237,98507.5
2022-06-06 13:10:00,1654521000.0,0.6237,0.6237,0.6198,0.6205,1233880.9
2022-06-06 13:11:00,1654521060.0,0.6205,0.6222,0.6203,0.6221,281025.7
2022-06-06 13:12:00,1654521120.0,0.6221,0.6228,0.6218,0.6221,90519.2
2022-06-06 13:13:00,1654521180.0,0.6222,0.6233,0.6222,0.6231,55521.6
2022-06-06 13:14:00,1654521240.0,0.6231,0.6241,0.6228,0.6235,97404.0
2022-06-06 13:15:00,1654521300.0,0.6235,0.6241,0.6217,0.6217,172473.1
2022-06-06 13:16:00,1654521360.0,0.6217,0.6222,0.6208,0.6216,205699.3
2022-06-06 13:17:00,1654521420.0,0.6215,0.6234,0.6212,0.6234,377206.8
2022-06-06 13:18:00,1654521480.0,0.6233,0.6233,0.622,0.6227,546581.6
2022-06-06 13:19:00,1654521540.0,0.6227,0.6228,0.6218,0.6222,69380.3
2022-06-06 13:20:00,1654521600.0,0.6222,0.6223,0.6212,0.6215,100040.3
2022-06-06 13:21:00,1654521660.0,0.6214,0.6218,0.62,0.6207,302612.2
2022-06-06 13:22:00,1654521720.0,0.6207,0.6211,0.6201,0.6211,189517.9
2022-06-06 13:23:00,1654521780.0,0.6211,0.6215,0.6209,0.6209,58871.2
2022-06-06 13:24:00,1654521840.0,0.621,0.6224,0.6208,0.622,154251.2
2022-06-06 13:25:00,1654521900.0,0.6221,0.6221,0.621,0.6213,133111.7
2022-06-06 13:26:00,1654521960.0,0.6213,0.6225,0.6209,0.6225,493263.1
2022-06-06 13:27:00,1654522020.0,0.6225,0.6235,0.6223,0.6234,218711.3
2022-06-06 13:28:00,1654522080.0,0.6234,0.6243,0.6233,0.6241,355821.0
2022-06-06 13:29:00,1654522140.0,0.6241,0.6244,0.6234,0.6236,401450.2
2022-06-06 13:30:00,1654522200.0,0.6237,0.6257,0.6234,0.6252,498642.0
2022-06-06 13:31:00,1654522260.0,0.6253,0.6258,0.623,0.623,294303.3
2022-06-06 13:32:00,1654522320.0,0.623,0.623,0.6208,0.622,363396.2
2022-06-06 13:33:00,1654522380.0,0.622,0.6247,0.622,0.6238,373957.8
2022-06-06 13:34:00,1654522440.0,0.6237,0.6251,0.6227,0.6229,352571.7
2022-06-06 13:35:00,1654522500.0,0.6228,0.623,0.6219,0.6222,226105.0
2022-06-06 13:36:00,1654522560.0,0.6222,0.6223,0.6187,0.6189,1379124.7
2022-06-06 13:37:00,1654522620.0,0.6189,0.6205,0.6172,0.6175,755326.8
2022-06-06 13:38:00,1654522680.0,0.6175,0.6186,0.6168,0.618,488793.5
2022-06-06 13:39:00,1654522740.0,0.618,0.618,0.6155,0.6167,544806.5
2022-06-06 13:40:00,1654522800.0,0.6167,0.6167,0.6115,0.6131,839464.8
2022-06-06 13:41:00,1654522860.0,0.6131,0.6153,0.6125,0.6148,821625.8
2022-06-06 13:42:00,1654522920.0,0.6148,0.6188,0.6148,0.6184,610211.9
2022-06-06 13:43:00,1654522980.0,0.6183,0.6197,0.6174,0.6196,533722.4
2022-06-06 13:44:00,1654523040.0,0.6196,0.6196,0.618,0.6183,634798.0
2022-06-06 13:45:00,1654523100.0,0.6184,0.6191,0.6155,0.6156,362159.3
2022-06-06 13:46:00,1654523160.0,0.6157,0.6177,0.6141,0.6158,660452.6
2022-06-06 13:47:00,1654523220.0,0.6157,0.6178,0.6156,0.6172,263330.1
2022-06-06 13:48:00,1654523280.0,0.6171,0.6182,0.6153,0.6155,273714.8
2022-06-06 13:49:00,1654523340.0,0.6155,0.6169,0.6143,0.616,213928.2
2022-06-06 13:50:00,1654523400.0,0.6159,0.6159,0.6147,0.6149,198168.6
2022-06-06 13:51:00,1654523460.0,0.6149,0.6156,0.6136,0.6143,384452.5
2022-06-06 13:52:00,1654523520.0,0.6143,0.6157,0.6143,0.6154,344929.4
2022-06-06 13:53:00,1654523580.0,0.6153,0.6159,0.6141,0.6158,329462.8
2022-06-06 13:54:00,1654523640.0,0.6159,0.6168,0.6149,0.6157,354236.9
2022-06-06 13:55:00,1654523700.0,0.6158,0.6164,0.6147,0.6163,346572.4
2022-06-06 13:56:00,1654523760.0,0.6163,0.6163,0.614,0.6148,512372.8
2022-06-06 13:57:00,1654523820.0,0.6147,0.6152,0.614,0.6145,291690.8
2022-06-06 13:58:00,1654523880.0,0.6145,0.6151,0.6129,0.6129,179489.7
2022-06-06 13:59:00,1654523940.0,0.6129,0.6155,0.6127,0.6155,310705.2
2022-06-06 14:00:00,1654524000.0,0.6155,0.6177,0.6142,0.6175,869545.3
2022-06-06 14:01:00,1654524060.0,0.6176,0.6185,0.616,0.6162,1188269.6
2022-06-06 14:02:00,1654524120.0,0.6163,0.6179,0.6157,0.6179,284583.1
2022-06-06 14:03:00,1654524180.0,0.6178,0.6194,0.6174,0.6191,379333.7
2022-06-06 14:04:00,1654524240.0,0.6192,0.6199,0.6192,0.6193,327688.6
2022-06-06 14:05:00,1654524300.0,0.6192,0.6246,0.6191,0.6237,917272.0
2022-06-06 14:06:00,1654524360.0,0.6236,0.624,0.622,0.6229,429244.5
2022-06-06 14:07:00,1654524420.0,0.6229,0.6229,0.6209,0.6211,292317.2
2022-06-06 14:08:00,1654524480.0,0.621,0.6217,0.62,0.6213,379565.2
2022-06-06 14:09:00,1654524540.0,0.6212,0.6215,0.62,0.6203,205583.3
2022-06-06 14:10:00,1654524600.0,0.6203,0.622,0.6202,0.6217,181852.6
2022-06-06 14:11:00,1654524660.0,0.6217,0.6231,0.6206,0.6227,243578.1
2022-06-06 14:12:00,1654524720.0,0.6227,0.6228,0.6218,0.6227,231099.2
2022-06-06 14:13:00,1654524780.0,0.6228,0.6232,0.621,0.6215,277989.6
2022-06-06 14:14:00,1654524840.0,0.6215,0.6226,0.621,0.6218,224727.3
2022-06-06 14:15:00,1654524900.0,0.6219,0.623,0.6205,0.6206,607507.9
2022-06-06 14:16:00,1654524960.0,0.6206,0.6214,0.6191,0.6214,355220.0
2022-06-06 14:17:00,1654525020.0,0.6215,0.6218,0.6205,0.6205,183460.4
2022-06-06 14:18:00,1654525080.0,0.6205,0.6216,0.62,0.6216,152578.4
2022-06-06 14:19:00,1654525140.0,0.6215,0.6216,0.6211,0.6211,89746.5
2022-06-06 14:20:00,1654525200.0,0.6212,0.6218,0.6208,0.6214,175329.2
2022-06-06 14:21:00,1654525260.0,0.6214,0.6217,0.6203,0.6209,235267.1
2022-06-06 14:22:00,1654525320.0,0.6209,0.6212,0.6202,0.6209,146483.3
2022-06-06 14:23:00,1654525380.0,0.6209,0.6211,0.6193,0.6196,227555.1
2022-06-06 14:24:00,1654525440.0,0.6195,0.6209,0.6195,0.6205,307715.6
2022-06-06 14:25:00,1654525500.0,0.6205,0.6205,0.6194,0.6197,257918.4
2022-06-06 14:26:00,1654525560.0,0.6198,0.6207,0.619,0.6207,163936.4
2022-06-06 14:27:00,1654525620.0,0.6208,0.6227,0.6204,0.6222,570147.5
2022-06-06 14:28:00,1654525680.0,0.6224,0.6225,0.621,0.6212,236064.3
2022-06-06 14:29:00,1654525740.0,0.6212,0.6221,0.6212,0.6216,196928.0
2022-06-06 14:30:00,1654525800.0,0.6215,0.6229,0.6212,0.6212,320490.8
2022-06-06 14:31:00,1654525860.0,0.6212,0.6215,0.6202,0.6204,450949.6
2022-06-06 14:32:00,1654525920.0,0.6203,0.621,0.6191,0.6208,250421.1
2022-06-06 14:33:00,1654525980.0,0.6206,0.6207,0.6188,0.6195,223955.2
2022-06-06 14:34:00,1654526040.0,0.6195,0.6197,0.6187,0.6191,93699.3
2022-06-06 14:35:00,1654526100.0,0.6192,0.6209,0.6192,0.6209,1252603.4
2022-06-06 14:36:00,1654526160.0,0.6207,0.621,0.6198,0.6202,380889.0
2022-06-06 14:37:00,1654526220.0,0.6203,0.6213,0.6203,0.6207,115507.1
2022-06-06 14:38:00,1654526280.0,0.6207,0.6207,0.6195,0.6196,149953.6
2022-06-06 14:39:00,1654526340.0,0.6197,0.6203,0.6193,0.6197,278356.9
2022-06-06 14:40:00,1654526400.0,0.6198,0.6201,0.6196,0.6199,105986.9
2022-06-06 14:41:00,1654526460.0,0.6199,0.6204,0.6189,0.6189,136640.9
2022-06-06 14:42:00,1654526520.0,0.6189,0.619,0.6166,0.6172,359705.7
2022-06-06 14:43:00,1654526580.0,0.6172,0.6172,0.6157,0.6159,340289.4
2022-06-06 14:44:00,1654526640.0,0.6161,0.6171,0.6161,0.6168,134455.6
2022-06-06 14:45:00,1654526700.0,0.6168,0.6173,0.6162,0.6163,131441.6
2022-06-06 14:46:00,1654526760.0,0.6162,0.6164,0.6148,0.6152,425760.8
2022-06-06 14:47:00,1654526820.0,0.6152,0.6152,0.6138,0.6145,316638.7
2022-06-06 14:48:00,1654526880.0,0.6145,0.6146,0.613,0.6138,293298.9
2022-06-06 14:49:00,1654526940.0,0.6138,0.6147,0.6138,0.6141,297124.2
2022-06-06 14:50:00,1654527000.0,0.6141,0.6144,0.6129,0.6129,422586.1
2022-06-06 14:51:00,1654527060.0,0.6128,0.6134,0.6114,0.613,383819.0
2022-06-06 14:52:00,1654527120.0,0.613,0.6141,0.6124,0.6124,149886.4
2022-06-06 14:53:00,1654527180.0,0.6123,0.6124,0.6095,0.61,1342038.1
2022-06-06 14:54:00,1654527240.0,0.61,0.6102,0.608,0.6097,782827.8
2022-06-06 14:55:00,1654527300.0,0.6098,0.61,0.6086,0.6089,170724.4
2022-06-06 14:56:00,1654527360.0,0.6089,0.6089,0.6072,0.6078,364566.9
2022-06-06 14:57:00,1654527420.0,0.6079,0.6094,0.6079,0.609,390486.7
2022-06-06 14:58:00,1654527480.0,0.609,0.6098,0.6085,0.6087,194171.2
2022-06-06 14:59:00,1654527540.0,0.6087,0.6092,0.6076,0.6086,289363.0
2022-06-06 15:00:00,1654527600.0,0.6087,0.6094,0.6074,0.6077,589325.8
2022-06-06 15:01:00,1654527660.0,0.6078,0.6104,0.6078,0.6101,539070.1
2022-06-06 15:02:00,1654527720.0,0.6101,0.6102,0.6085,0.6092,253085.9
2022-06-06 15:03:00,1654527780.0,0.6092,0.6093,0.6059,0.6063,434358.7
2022-06-06 15:04:00,1654527840.0,0.6063,0.607,0.6059,0.6062,287553.8
2022-06-06 15:05:00,1654527900.0,0.6062,0.6071,0.6058,0.6066,619069.4
2022-06-06 15:06:00,1654527960.0,0.6065,0.6068,0.6057,0.6062,353074.2
2022-06-06 15:07:00,1654528020.0,0.6063,0.6074,0.6057,0.6064,240116.8
2022-06-06 15:08:00,1654528080.0,0.6065,0.6068,0.6057,0.6057,126653.4
2022-06-06 15:09:00,1654528140.0,0.6058,0.606,0.6042,0.6043,536759.0
2022-06-06 15:10:00,1654528200.0,0.6043,0.6057,0.6032,0.6052,435022.5
2022-06-06 15:11:00,1654528260.0,0.6051,0.6051,0.6036,0.6038,194958.0
2022-06-06 15:12:00,1654528320.0,0.6038,0.604,0.6023,0.6023,482816.6
2022-06-06 15:13:00,1654528380.0,0.6023,0.6049,0.6015,0.6043,678157.3
2022-06-06 15:14:00,1654528440.0,0.6044,0.6057,0.6034,0.6049,864571.0
2022-06-06 15:15:00,1654528500.0,0.6049,0.6062,0.6043,0.6058,220131.9
2022-06-06 15:16:00,1654528560.0,0.6058,0.6064,0.6046,0.6048,389599.0
2022-06-06 15:17:00,1654528620.0,0.6049,0.6049,0.6021,0.6025,400795.0
2022-06-06 15:18:00,1654528680.0,0.6026,0.6039,0.6019,0.6028,328685.9
2022-06-06 15:19:00,1654528740.0,0.6028,0.6037,0.6005,0.6009,598498.1
2022-06-06 15:20:00,1654528800.0,0.6008,0.6031,0.6005,0.6028,773022.5
2022-06-06 15:21:00,1654528860.0,0.6029,0.604,0.6023,0.6039,226832.2
2022-06-06 15:22:00,1654528920.0,0.6037,0.604,0.6019,0.6022,301385.7
2022-06-06 15:23:00,1654528980.0,0.6022,0.6052,0.6022,0.6046,331521.2
2022-06-06 15:24:00,1654529040.0,0.6046,0.6055,0.6036,0.604,208852.8
2022-06-06 15:25:00,1654529100.0,0.604,0.6046,0.6035,0.6046,115111.3
2022-06-06 15:26:00,1654529160.0,0.6046,0.6056,0.604,0.6056,188908.0
2022-06-06 15:27:00,1654529220.0,0.6056,0.6062,0.6054,0.6057,142226.5
2022-06-06 15:28:00,1654529280.0,0.6056,0.6058,0.6043,0.6044,126630.2
2022-06-06 15:29:00,1654529340.0,0.6046,0.6047,0.6031,0.6036,283147.1
2022-06-06 15:30:00,1654529400.0,0.6037,0.6046,0.6036,0.6042,225651.7
2022-06-06 15:31:00,1654529460.0,0.6041,0.6067,0.604,0.6054,599620.3
2022-06-06 15:32:00,1654529520.0,0.6054,0.6063,0.6052,0.6063,203165.5
2022-06-06 15:33:00,1654529580.0,0.6064,0.6082,0.606,0.6074,265612.1
2022-06-06 15:34:00,1654529640.0,0.6072,0.6074,0.6061,0.6063,215588.6
2022-06-06 15:35:00,1654529700.0,0.6062,0.6066,0.6054,0.6064,189137.2
2022-06-06 15:36:00,1654529760.0,0.6064,0.6067,0.6053,0.6061,205915.1
2022-06-06 15:37:00,1654529820.0,0.6061,0.6061,0.605,0.6056,113159.8
2022-06-06 15:38:00,1654529880.0,0.6057,0.6073,0.6057,0.6067,182692.1
2022-06-06 15:39:00,1654529940.0,0.6066,0.607,0.6055,0.6057,168585.1
2022-06-06 15:40:00,1654530000.0,0.6056,0.6066,0.6051,0.606,193971.1
2022-06-06 15:41:00,1654530060.0,0.6061,0.6075,0.6058,0.6068,271445.5
2022-06-06 15:42:00,1654530120.0,0.6069,0.6075,0.6065,0.6072,185685.3
2022-06-06 15:43:00,1654530180.0,0.6073,0.6078,0.6064,0.6078,106892.1
2022-06-06 15:44:00,1654530240.0,0.6078,0.6098,0.6076,0.6092,354079.0
2022-06-06 15:45:00,1654530300.0,0.6093,0.6115,0.6089,0.611,975345.3
2022-06-06 15:46:00,1654530360.0,0.6109,0.6113,0.6088,0.6088,337952.8
2022-06-06 15:47:00,1654530420.0,0.6088,0.609,0.6075,0.6075,208289.7
2022-06-06 15:48:00,1654530480.0,0.6074,0.6077,0.6065,0.6077,98175.2
2022-06-06 15:49:00,1654530540.0,0.6078,0.6079,0.6068,0.6068,96452.6
2022-06-06 15:50:00,1654530600.0,0.6068,0.6072,0.6063,0.6067,242388.6
2022-06-06 15:51:00,1654530660.0,0.6067,0.6074,0.6066,0.6071,176028.7
2022-06-06 15:52:00,1654530720.0,0.6071,0.6079,0.6071,0.6075,101154.1
2022-06-06 15:53:00,1654530780.0,0.6074,0.608,0.6067,0.608,151084.6
2022-06-06 15:54:00,1654530840.0,0.608,0.608,0.607,0.6076,197462.1
2022-06-06 15:55:00,1654530900.0,0.6075,0.6086,0.6069,0.6082,342599.5
2022-06-06 15:56:00,1654530960.0,0.6082,0.6082,0.6071,0.6074,275768.8
2022-06-06 15:57:00,1654531020.0,0.6073,0.6089,0.6073,0.6089,142905.8
2022-06-06 15:58:00,1654531080.0,0.6088,0.6097,0.6086,0.6095,167132.1
2022-06-06 15:59:00,1654531140.0,0.6094,0.6094,0.6088,0.6092,145916.4
2022-06-06 16:00:00,1654531200.0,0.6092,0.6096,0.6079,0.6082,516843.7
2022-06-06 16:01:00,1654531260.0,0.608,0.6081,0.6064,0.6067,288764.7
2022-06-06 16:02:00,1654531320.0,0.6067,0.6068,0.6052,0.6059,316851.3
2022-06-06 16:03:00,1654531380.0,0.6058,0.6058,0.6041,0.6046,208772.6
2022-06-06 16:04:00,1654531440.0,0.6044,0.6055,0.604,0.6052,148353.8
2022-06-06 16:05:00,1654531500.0,0.6052,0.6065,0.6048,0.6063,399037.0
2022-06-06 16:06:00,1654531560.0,0.6062,0.6064,0.6047,0.6048,81301.9
2022-06-06 16:07:00,1654531620.0,0.605,0.6065,0.605,0.6065,131920.5
2022-06-06 16:08:00,1654531680.0,0.6065,0.6067,0.6057,0.6064,115507.9
2022-06-06 16:09:00,1654531740.0,0.6064,0.6064,0.6051,0.6052,187034.1
2022-06-06 16:10:00,1654531800.0,0.6051,0.6056,0.6047,0.6052,139862.9
2022-06-06 16:11:00,1654531860.0,0.6052,0.6074,0.6051,0.6065,146771.1
2022-06-06 16:12:00,1654531920.0,0.6065,0.6069,0.6042,0.6047,289325.7
2022-06-06 16:13:00,1654531980.0,0.6046,0.605,0.604,0.6044,80575.2
2022-06-06 16:14:00,1654532040.0,0.6045,0.6048,0.6041,0.6047,61890.3
2022-06-06 16:15:00,1654532100.0,0.6046,0.6046,0.6024,0.6025,260899.7
2022-06-06 16:16:00,1654532160.0,0.6023,0.6029,0.6015,0.6027,192191.7
2022-06-06 16:17:00,1654532220.0,0.6026,0.6045,0.6026,0.6035,471502.3
2022-06-06 16:18:00,1654532280.0,0.6035,0.6049,0.6035,0.6044,108555.6
2022-06-06 16:19:00,1654532340.0,0.6043,0.6045,0.6036,0.6038,40750.0
2022-06-06 16:20:00,1654532400.0,0.6036,0.6044,0.6034,0.6043,155354.9
2022-06-06 16:21:00,1654532460.0,0.604,0.6041,0.6027,0.603,129156.3
2022-06-06 16:22:00,1654532520.0,0.6028,0.6029,0.6019,0.602,114121.7
2022-06-06 16:23:00,1654532580.0,0.6019,0.6023,0.6013,0.6016,201058.8
2022-06-06 16:24:00,1654532640.0,0.6017,0.6019,0.599,0.5995,1030960.0
2022-06-06 16:25:00,1654532700.0,0.5995,0.6016,0.5994,0.6008,578294.9
2022-06-06 16:26:00,1654532760.0,0.6009,0.6015,0.6004,0.6007,173028.3
2022-06-06 16:27:00,1654532820.0,0.6006,0.6007,0.6002,0.6002,191260.6
2022-06-06 16:28:00,1654532880.0,0.6003,0.6008,0.6,0.6004,157564.4
2022-06-06 16:29:00,1654532940.0,0.6004,0.6005,0.5976,0.5983,1027166.0
2022-06-06 16:30:00,1654533000.0,0.5982,0.5983,0.5957,0.5965,1003710.6
2022-06-06 16:31:00,1654533060.0,0.5965,0.5975,0.5953,0.5975,1405235.8
2022-06-06 16:32:00,1654533120.0,0.5975,0.5994,0.5971,0.599,404970.9
2022-06-06 16:33:00,1654533180.0,0.5991,0.6003,0.5985,0.5988,315069.3
2022-06-06 16:34:00,1654533240.0,0.5987,0.6005,0.598,0.6003,725730.2
2022-06-06 16:35:00,1654533300.0,0.6001,0.6016,0.5996,0.5996,356195.1
2022-06-06 16:36:00,1654533360.0,0.5996,0.6004,0.5991,0.5996,350647.3
2022-06-06 16:37:00,1654533420.0,0.5996,0.6,0.5993,0.5993,99357.3
2022-06-06 16:38:00,1654533480.0,0.5992,0.5992,0.5983,0.5991,109830.8
2022-06-06 16:39:00,1654533540.0,0.5992,0.5994,0.5982,0.5984,562912.6
2022-06-06 16:40:00,1654533600.0,0.5984,0.5984,0.596,0.5961,530614.5
2022-06-06 16:41:00,1654533660.0,0.5962,0.5977,0.596,0.5966,237076.5
2022-06-06 16:42:00,1654533720.0,0.5967,0.5977,0.596,0.5973,347090.2
2022-06-06 16:43:00,1654533780.0,0.5973,0.5973,0.5962,0.5967,118747.1
2022-06-06 16:44:00,1654533840.0,0.5968,0.597,0.5954,0.5955,161113.3
2022-06-06 16:45:00,1654533900.0,0.5955,0.5963,0.5947,0.5955,550747.1
2022-06-06 16:46:00,1654533960.0,0.5955,0.5973,0.5954,0.5973,178543.0
2022-06-06 16:47:00,1654534020.0,0.5973,0.5973,0.5953,0.5956,191906.3
2022-06-06 16:48:00,1654534080.0,0.5957,0.5965,0.5951,0.5954,141197.5
2022-06-06 16:49:00,1654534140.0,0.5954,0.5967,0.5951,0.5961,168591.6
2022-06-06 16:50:00,1654534200.0,0.5962,0.5964,0.595,0.5952,202339.3
2022-06-06 16:51:00,1654534260.0,0.5952,0.5952,0.5925,0.5927,597100.0
2022-06-06 16:52:00,1654534320.0,0.5929,0.594,0.5919,0.5921,646877.5
2022-06-06 16:53:00,1654534380.0,0.592,0.5933,0.592,0.5929,287282.1
2022-06-06 16:54:00,1654534440.0,0.5929,0.5945,0.5929,0.5945,188692.9
2022-06-06 16:55:00,1654534500.0,0.5945,0.5954,0.5941,0.595,223450.2
2022-06-06 16:56:00,1654534560.0,0.5949,0.5957,0.5942,0.5951,235186.8
2022-06-06 16:57:00,1654534620.0,0.5951,0.5954,0.5945,0.5953,94795.4
2022-06-06 16:58:00,1654534680.0,0.5954,0.5957,0.5951,0.5951,202289.2
2022-06-06 16:59:00,1654534740.0,0.5951,0.5959,0.5949,0.5958,201922.4
2022-06-06 17:00:00,1654534800.0,0.5958,0.5958,0.5937,0.5937,363781.0
2022-06-06 17:01:00,1654534860.0,0.5938,0.594,0.5927,0.5927,211591.7
2022-06-06 17:02:00,1654534920.0,0.5926,0.5951,0.5925,0.5949,187009.4
2022-06-06 17:03:00,1654534980.0,0.595,0.5955,0.5944,0.5944,190402.8
2022-06-06 17:04:00,1654535040.0,0.5943,0.5944,0.5933,0.5936,170008.8
2022-06-06 17:05:00,1654535100.0,0.5934,0.597,0.5934,0.5964,346675.9
2022-06-06 17:06:00,1654535160.0,0.5966,0.5974,0.5963,0.5963,104596.8
2022-06-06 17:07:00,1654535220.0,0.5964,0.5967,0.5956,0.5961,262548.3
2022-06-06 17:08:00,1654535280.0,0.5961,0.5961,0.5947,0.5948,133206.7
2022-06-06 17:09:00,1654535340.0,0.5947,0.5948,0.5937,0.5937,108810.0
2022-06-06 17:10:00,1654535400.0,0.5936,0.5939,0.593,0.593,93876.8
2022-06-06 17:11:00,1654535460.0,0.593,0.5935,0.5922,0.5923,185737.0
2022-06-06 17:12:00,1654535520.0,0.5923,0.5947,0.5918,0.5932,279786.1
2022-06-06 17:13:00,1654535580.0,0.5931,0.5944,0.5931,0.5941,351980.0
2022-06-06 17:14:00,1654535640.0,0.5942,0.5943,0.5932,0.5937,77635.6
2022-06-06 17:15:00,1654535700.0,0.5936,0.5948,0.5929,0.5938,246168.0
2022-06-06 17:16:00,1654535760.0,0.5938,0.594,0.5926,0.5936,71388.3
2022-06-06 17:17:00,1654535820.0,0.5933,0.5934,0.5917,0.5923,388946.7
2022-06-06 17:18:00,1654535880.0,0.5923,0.5938,0.592,0.5932,221224.4
2022-06-06 17:19:00,1654535940.0,0.593,0.5942,0.5928,0.5931,150851.7
2022-06-06 17:20:00,1654536000.0,0.5931,0.5931,0.5916,0.592,390433.0
2022-06-06 17:21:00,1654536060.0,0.592,0.5938,0.5911,0.5938,350918.8
2022-06-06 17:22:00,1654536120.0,0.5938,0.5949,0.5931,0.5948,290034.5
2022-06-06 17:23:00,1654536180.0,0.5946,0.5951,0.5938,0.5942,137993.9
2022-06-06 17:24:00,1654536240.0,0.5942,0.5957,0.5938,0.5945,355034.3
2022-06-06 17:25:00,1654536300.0,0.5945,0.5947,0.5936,0.5944,151327.3
2022-06-06 17:26:00,1654536360.0,0.5943,0.595,0.594,0.5947,154890.7
2022-06-06 17:27:00,1654536420.0,0.5948,0.5951,0.5938,0.5944,161546.3
2022-06-06 17:28:00,1654536480.0,0.5942,0.5945,0.5939,0.5945,134607.3
2022-06-06 17:29:00,1654536540.0,0.5945,0.5949,0.5943,0.5945,94149.5
2022-06-06 17:30:00,1654536600.0,0.5943,0.5975,0.5941,0.5972,346234.2
2022-06-06 17:31:00,1654536660.0,0.5971,0.5976,0.5964,0.5965,187043.4
2022-06-06 17:32:00,1654536720.0,0.5965,0.5982,0.5961,0.5976,194828.2
2022-06-06 17:33:00,1654536780.0,0.5975,0.5978,0.5964,0.5971,206535.9
2022-06-06 17:34:00,1654536840.0,0.597,0.597,0.5955,0.5958,146984.7
2022-06-06 17:35:00,1654536900.0,0.5959,0.5962,0.5953,0.5958,110964.1
2022-06-06 17:36:00,1654536960.0,0.5957,0.5971,0.5953,0.5967,86760.9
2022-06-06 17:37:00,1654537020.0,0.5967,0.5967,0.5957,0.5967,203078.5
2022-06-06 17:38:00,1654537080.0,0.5968,0.5979,0.5963,0.5979,99207.7
2022-06-06 17:39:00,1654537140.0,0.5978,0.598,0.5961,0.5969,112155.8
2022-06-06 17:40:00,1654537200.0,0.5969,0.597,0.5957,0.5964,89292.2
2022-06-06 17:41:00,1654537260.0,0.5964,0.5975,0.5963,0.5975,65106.1
2022-06-06 17:42:00,1654537320.0,0.5975,0.5976,0.5971,0.5973,66892.8
2022-06-06 17:43:00,1654537380.0,0.5973,0.5979,0.5973,0.5974,106721.3
2022-06-06 17:44:00,1654537440.0,0.5975,0.5984,0.5973,0.5984,70795.8
2022-06-06 17:45:00,1654537500.0,0.5983,0.5992,0.5966,0.5967,226560.8
2022-06-06 17:46:00,1654537560.0,0.5968,0.597,0.5956,0.5959,188659.9
2022-06-06 17:47:00,1654537620.0,0.5958,0.5969,0.5953,0.5962,153111.2
2022-06-06 17:48:00,1654537680.0,0.5961,0.5961,0.595,0.5956,107621.9
2022-06-06 17:49:00,1654537740.0,0.5957,0.5972,0.5957,0.597,86388.1
2022-06-06 17:50:00,1654537800.0,0.5972,0.5983,0.5969,0.5982,147034.3
2022-06-06 17:51:00,1654537860.0,0.5981,0.5981,0.5973,0.5976,67452.8
2022-06-06 17:52:00,1654537920.0,0.5976,0.5981,0.5971,0.5974,61617.2
2022-06-06 17:53:00,1654537980.0,0.5973,0.5982,0.5972,0.5982,180388.6
2022-06-06 17:54:00,1654538040.0,0.5983,0.5991,0.598,0.5988,82727.6
2022-06-06 17:55:00,1654538100.0,0.5988,0.5989,0.5974,0.5977,317076.0
2022-06-06 17:56:00,1654538160.0,0.5975,0.5984,0.5973,0.598,124575.7
2022-06-06 17:57:00,1654538220.0,0.5981,0.5985,0.5976,0.5981,202902.4
2022-06-06 17:58:00,1654538280.0,0.5982,0.5984,0.598,0.5981,34721.4
2022-06-06 17:59:00,1654538340.0,0.5981,0.5987,0.5978,0.5985,54027.0
2022-06-06 18:00:00,1654538400.0,0.5986,0.5987,0.5968,0.5971,444966.6
2022-06-06 18:01:00,1654538460.0,0.5971,0.5978,0.5965,0.5968,157164.8
2022-06-06 18:02:00,1654538520.0,0.5969,0.5985,0.5969,0.5982,74414.2
2022-06-06 18:03:00,1654538580.0,0.5983,0.5985,0.5978,0.598,69722.2
2022-06-06 18:04:00,1654538640.0,0.5981,0.5984,0.5979,0.5981,46298.4
2022-06-06 18:05:00,1654538700.0,0.5981,0.5985,0.5975,0.5985,90275.2
2022-06-06 18:06:00,1654538760.0,0.5986,0.5997,0.5985,0.5992,134840.4
2022-06-06 18:07:00,1654538820.0,0.5992,0.5992,0.5973,0.5973,271634.3
2022-06-06 18:08:00,1654538880.0,0.5973,0.5979,0.5968,0.597,170641.2
2022-06-06 18:09:00,1654538940.0,0.5967,0.598,0.5965,0.5977,138853.6
2022-06-06 18:10:00,1654539000.0,0.5977,0.5979,0.5973,0.5975,208170.2
2022-06-06 18:11:00,1654539060.0,0.5974,0.5976,0.5972,0.5973,41918.5
2022-06-06 18:12:00,1654539120.0,0.5973,0.598,0.5972,0.5975,109470.1
2022-06-06 18:13:00,1654539180.0,0.5975,0.5976,0.5965,0.5966,89144.7
2022-06-06 18:14:00,1654539240.0,0.5965,0.5982,0.5965,0.5973,176562.6
2022-06-06 18:15:00,1654539300.0,0.5972,0.5972,0.5959,0.5966,487261.7
2022-06-06 18:16:00,1654539360.0,0.5965,0.5965,0.5953,0.5963,194105.4
2022-06-06 18:17:00,1654539420.0,0.5963,0.597,0.596,0.5964,116996.7
2022-06-06 18:18:00,1654539480.0,0.5964,0.5966,0.596,0.5966,43799.4
2022-06-06 18:19:00,1654539540.0,0.5965,0.5973,0.5965,0.597,108932.2
2022-06-06 18:20:00,1654539600.0,0.5969,0.5971,0.5965,0.5969,75037.5
2022-06-06 18:21:00,1654539660.0,0.597,0.5973,0.5961,0.5965,88975.7
2022-06-06 18:22:00,1654539720.0,0.5964,0.5964,0.5956,0.5959,82217.7
2022-06-06 18:23:00,1654539780.0,0.5959,0.5959,0.5954,0.5957,47909.3
2022-06-06 18:24:00,1654539840.0,0.5957,0.5965,0.5954,0.5962,53985.3
2022-06-06 18:25:00,1654539900.0,0.5961,0.5961,0.5955,0.5959,61336.7
2022-06-06 18:26:00,1654539960.0,0.5958,0.5959,0.5951,0.5957,106349.0
2022-06-06 18:27:00,1654540020.0,0.5958,0.5958,0.5949,0.5954,130522.9
2022-06-06 18:28:00,1654540080.0,0.5953,0.596,0.5953,0.5959,78050.2
2022-06-06 18:29:00,1654540140.0,0.5959,0.5968,0.5952,0.596,241876.8
2022-06-06 18:30:00,1654540200.0,0.5961,0.5972,0.5957,0.597,135715.0
2022-06-06 18:31:00,1654540260.0,0.5969,0.5975,0.5965,0.5975,34645.8
2022-06-06 18:32:00,1654540320.0,0.5975,0.598,0.5973,0.5974,72040.8
2022-06-06 18:33:00,1654540380.0,0.5974,0.5981,0.5974,0.5981,56407.3
2022-06-06 18:34:00,1654540440.0,0.5982,0.5987,0.598,0.5986,91520.5
2022-06-06 18:35:00,1654540500.0,0.5987,0.5992,0.5983,0.599,198364.6
2022-06-06 18:36:00,1654540560.0,0.599,0.5995,0.5986,0.5993,117120.9
2022-06-06 18:37:00,1654540620.0,0.5993,0.5993,0.5988,0.5989,75955.3
2022-06-06 18:38:00,1654540680.0,0.5989,0.599,0.5966,0.5966,221045.5
2022-06-06 18:39:00,1654540740.0,0.5966,0.5966,0.595,0.5953,209367.3
2022-06-06 18:40:00,1654540800.0,0.5953,0.5962,0.595,0.5962,83519.8
2022-06-06 18:41:00,1654540860.0,0.596,0.5972,0.596,0.5971,66606.9
2022-06-06 18:42:00,1654540920.0,0.597,0.5983,0.597,0.5983,90059.4
2022-06-06 18:43:00,1654540980.0,0.5982,0.5988,0.5976,0.5987,130513.6
2022-06-06 18:44:00,1654541040.0,0.5988,0.5995,0.5988,0.5994,79069.1
2022-06-06 18:45:00,1654541100.0,0.5994,0.6006,0.5992,0.5996,354870.2
2022-06-06 18:46:00,1654541160.0,0.5996,0.6007,0.5992,0.6003,342953.2
2022-06-06 18:47:00,1654541220.0,0.6002,0.601,0.6002,0.6009,192556.3
2022-06-06 18:48:00,1654541280.0,0.6009,0.6014,0.5994,0.5994,437940.2
2022-06-06 18:49:00,1654541340.0,0.5995,0.6002,0.5989,0.5991,133640.4
2022-06-06 18:50:00,1654541400.0,0.599,0.5991,0.5975,0.5976,138350.6
2022-06-06 18:51:00,1654541460.0,0.5975,0.5977,0.5964,0.5976,142417.4
2022-06-06 18:52:00,1654541520.0,0.5976,0.599,0.5976,0.5986,120093.4
2022-06-06 18:53:00,1654541580.0,0.5987,0.5999,0.5987,0.5999,91446.4
2022-06-06 18:54:00,1654541640.0,0.5998,0.5998,0.5988,0.5992,120097.2
2022-06-06 18:55:00,1654541700.0,0.5992,0.6003,0.5986,0.5999,180671.4
2022-06-06 18:56:00,1654541760.0,0.6002,0.6012,0.5998,0.6003,217821.6
2022-06-06 18:57:00,1654541820.0,0.6004,0.6008,0.6,0.6002,185490.8
2022-06-06 18:58:00,1654541880.0,0.6002,0.6007,0.6001,0.6001,79752.6
2022-06-06 18:59:00,1654541940.0,0.6001,0.6001,0.5993,0.5996,174865.7
2022-06-06 19:00:00,1654542000.0,0.5996,0.5996,0.5976,0.5991,367443.2
2022-06-06 19:01:00,1654542060.0,0.599,0.5992,0.5982,0.5991,87397.3
2022-06-06 19:02:00,1654542120.0,0.599,0.5999,0.5986,0.5995,612411.8
2022-06-06 19:03:00,1654542180.0,0.5999,0.6,0.5988,0.5989,100707.6
2022-06-06 19:04:00,1654542240.0,0.5988,0.5988,0.5978,0.598,124944.9
2022-06-06 19:05:00,1654542300.0,0.598,0.5986,0.5975,0.5981,136421.5
2022-06-06 19:06:00,1654542360.0,0.5981,0.5985,0.5971,0.5971,246280.6
2022-06-06 19:07:00,1654542420.0,0.5972,0.5977,0.5969,0.5976,110540.9
2022-06-06 19:08:00,1654542480.0,0.5976,0.5987,0.5971,0.5986,84143.7
2022-06-06 19:09:00,1654542540.0,0.5985,0.5989,0.5982,0.5984,51749.4
2022-06-06 19:10:00,1654542600.0,0.5983,0.5983,0.5971,0.5974,192091.5
2022-06-06 19:11:00,1654542660.0,0.5975,0.5978,0.5969,0.5969,69236.7
2022-06-06 19:12:00,1654542720.0,0.5968,0.5973,0.5966,0.5969,105887.4
2022-06-06 19:13:00,1654542780.0,0.5968,0.5971,0.5966,0.5971,58505.8
2022-06-06 19:14:00,1654542840.0,0.5971,0.5978,0.5971,0.5974,115776.7
2022-06-06 19:15:00,1654542900.0,0.5973,0.5976,0.597,0.5975,104625.1
2022-06-06 19:16:00,1654542960.0,0.5975,0.598,0.5973,0.598,99731.1
2022-06-06 19:17:00,1654543020.0,0.5981,0.5981,0.5975,0.5979,105874.2
2022-06-06 19:18:00,1654543080.0,0.5979,0.5986,0.5978,0.5983,55568.4
2022-06-06 19:19:00,1654543140.0,0.5982,0.5984,0.5977,0.5977,64676.2
2022-06-06 19:20:00,1654543200.0,0.5977,0.5977,0.596,0.5962,284138.7
2022-06-06 19:21:00,1654543260.0,0.5961,0.5966,0.5958,0.5965,193523.8
2022-06-06 19:22:00,1654543320.0,0.5965,0.5976,0.5964,0.5973,98274.9
2022-06-06 19:23:00,1654543380.0,0.5972,0.5973,0.5966,0.5971,131404.6
2022-06-06 19:24:00,1654543440.0,0.5971,0.5974,0.5967,0.5972,45376.1
2022-06-06 19:25:00,1654543500.0,0.5972,0.5976,0.5969,0.5972,57226.4
2022-06-06 19:26:00,1654543560.0,0.5975,0.5977,0.5972,0.5974,60179.3
2022-06-06 19:27:00,1654543620.0,0.5973,0.5985,0.5973,0.5985,55291.4
2022-06-06 19:28:00,1654543680.0,0.5982,0.5982,0.5975,0.5976,84961.7
2022-06-06 19:29:00,1654543740.0,0.5976,0.5979,0.5974,0.5978,68099.9
2022-06-06 19:30:00,1654543800.0,0.5978,0.5981,0.5974,0.5981,90132.6
2022-06-06 19:31:00,1654543860.0,0.598,0.5987,0.5979,0.5987,34584.3
2022-06-06 19:32:00,1654543920.0,0.5986,0.5988,0.5982,0.5983,147717.8
2022-06-06 19:33:00,1654543980.0,0.5984,0.5989,0.5981,0.5988,64474.6
2022-06-06 19:34:00,1654544040.0,0.5988,0.5992,0.5984,0.5992,169097.2
2022-06-06 19:35:00,1654544100.0,0.5989,0.5989,0.598,0.5981,63382.7
2022-06-06 19:36:00,1654544160.0,0.5981,0.5982,0.5976,0.5982,106503.0
2022-06-06 19:37:00,1654544220.0,0.598,0.5982,0.5975,0.5978,108241.8
2022-06-06 19:38:00,1654544280.0,0.5976,0.5988,0.5973,0.5988,47598.3
2022-06-06 19:39:00,1654544340.0,0.5989,0.5999,0.5989,0.5996,82503.2
2022-06-06 19:40:00,1654544400.0,0.5995,0.5996,0.599,0.5996,39519.0
2022-06-06 19:41:00,1654544460.0,0.5996,0.601,0.5996,0.601,174117.7
2022-06-06 19:42:00,1654544520.0,0.6008,0.6017,0.6005,0.6015,355613.5
2022-06-06 19:43:00,1654544580.0,0.6015,0.6028,0.6011,0.6025,186315.4
2022-06-06 19:44:00,1654544640.0,0.6023,0.603,0.6017,0.6022,459735.1
2022-06-06 19:45:00,1654544700.0,0.6022,0.6027,0.6019,0.602,204072.0
2022-06-06 19:46:00,1654544760.0,0.6021,0.6022,0.6014,0.6016,200176.3
2022-06-06 19:47:00,1654544820.0,0.6016,0.6017,0.6014,0.6016,87567.1
2022-06-06 19:48:00,1654544880.0,0.6019,0.6022,0.6015,0.6018,284841.8
2022-06-06 19:49:00,1654544940.0,0.6017,0.6032,0.6016,0.6027,173093.8
2022-06-06 19:50:00,1654545000.0,0.6027,0.6049,0.6027,0.6042,649660.4
2022-06-06 19:51:00,1654545060.0,0.6041,0.6047,0.6035,0.6047,160281.0
2022-06-06 19:52:00,1654545120.0,0.6047,0.6047,0.6038,0.6044,388828.7
2022-06-06 19:53:00,1654545180.0,0.6044,0.6047,0.6037,0.6038,302818.5
2022-06-06 19:54:00,1654545240.0,0.6039,0.6045,0.6038,0.6044,242041.4
2022-06-06 19:55:00,1654545300.0,0.6044,0.6059,0.6041,0.6051,570245.6
2022-06-06 19:56:00,1654545360.0,0.6051,0.6051,0.604,0.6049,211706.6
2022-06-06 19:57:00,1654545420.0,0.6048,0.6056,0.6042,0.6056,344092.8
2022-06-06 19:58:00,1654545480.0,0.6056,0.6057,0.6049,0.6053,112466.4
2022-06-06 19:59:00,1654545540.0,0.6053,0.6067,0.6053,0.6061,189237.2
2022-06-06 20:00:00,1654545600.0,0.6062,0.6063,0.6043,0.6044,373275.3
2022-06-06 20:01:00,1654545660.0,0.6045,0.6045,0.6027,0.6028,468897.8
2022-06-06 20:02:00,1654545720.0,0.6027,0.6031,0.602,0.6028,198879.0
2022-06-06 20:03:00,1654545780.0,0.6029,0.6031,0.6021,0.6023,237692.0
2022-06-06 20:04:00,1654545840.0,0.6025,0.6025,0.6003,0.601,382430.5
2022-06-06 20:05:00,1654545900.0,0.601,0.6015,0.6004,0.6012,450257.6
2022-06-06 20:06:00,1654545960.0,0.601,0.6028,0.6004,0.6004,848908.2
2022-06-06 20:07:00,1654546020.0,0.6005,0.6007,0.5993,0.5995,192527.6
2022-06-06 20:08:00,1654546080.0,0.5994,0.5998,0.5963,0.5968,777882.3
2022-06-06 20:09:00,1654546140.0,0.5969,0.5975,0.5964,0.5968,329705.0
2022-06-06 20:10:00,1654546200.0,0.5968,0.5972,0.5942,0.5949,543979.9
2022-06-06 20:11:00,1654546260.0,0.5949,0.5952,0.5933,0.5949,384263.2
2022-06-06 20:12:00,1654546320.0,0.5949,0.5965,0.5945,0.5964,236445.1
2022-06-06 20:13:00,1654546380.0,0.5965,0.5977,0.5961,0.5977,311035.9
2022-06-06 20:14:00,1654546440.0,0.5977,0.5994,0.5976,0.5991,255889.2
2022-06-06 20:15:00,1654546500.0,0.5992,0.5997,0.5981,0.5992,227588.2
2022-06-06 20:16:00,1654546560.0,0.5993,0.6008,0.5988,0.6008,195132.3
2022-06-06 20:17:00,1654546620.0,0.6008,0.6025,0.6006,0.602,328686.3
2022-06-06 20:18:00,1654546680.0,0.6019,0.6023,0.6011,0.6011,323566.5
2022-06-06 20:19:00,1654546740.0,0.6011,0.6035,0.6011,0.6027,612935.8
2022-06-06 20:20:00,1654546800.0,0.6027,0.603,0.601,0.6011,289466.9
2022-06-06 20:21:00,1654546860.0,0.601,0.6011,0.5984,0.5986,367398.4
2022-06-06 20:22:00,1654546920.0,0.5986,0.6,0.5985,0.5991,181555.5
2022-06-06 20:23:00,1654546980.0,0.5991,0.6,0.5989,0.5997,243493.6
2022-06-06 20:24:00,1654547040.0,0.5997,0.6012,0.5997,0.6006,266890.0
2022-06-06 20:25:00,1654547100.0,0.6011,0.6011,0.5995,0.5998,207493.9
2022-06-06 20:26:00,1654547160.0,0.5998,0.5998,0.5989,0.5991,168247.1
2022-06-06 20:27:00,1654547220.0,0.5993,0.6,0.5989,0.5997,167105.4
2022-06-06 20:28:00,1654547280.0,0.5997,0.6003,0.5996,0.6,128037.4
2022-06-06 20:29:00,1654547340.0,0.6001,0.6003,0.5989,0.5996,477961.6
2022-06-06 20:30:00,1654547400.0,0.5996,0.6,0.5991,0.5999,67557.1
2022-06-06 20:31:00,1654547460.0,0.5998,0.601,0.5995,0.6006,128777.4
2022-06-06 20:32:00,1654547520.0,0.6007,0.6013,0.6006,0.6013,179695.4
2022-06-06 20:33:00,1654547580.0,0.6014,0.602,0.5999,0.6009,272858.3
2022-06-06 20:34:00,1654547640.0,0.6008,0.6008,0.5999,0.6,57188.3
2022-06-06 20:35:00,1654547700.0,0.5999,0.6,0.5991,0.5995,72412.2
2022-06-06 20:36:00,1654547760.0,0.5995,0.6,0.599,0.5993,332550.2
2022-06-06 20:37:00,1654547820.0,0.5993,0.6013,0.5993,0.6012,134430.8
2022-06-06 20:38:00,1654547880.0,0.6012,0.6017,0.6004,0.6016,200169.8
2022-06-06 20:39:00,1654547940.0,0.6015,0.6025,0.6012,0.6017,216008.9
2022-06-06 20:40:00,1654548000.0,0.6017,0.602,0.6014,0.6014,82639.4
2022-06-06 20:41:00,1654548060.0,0.6014,0.6026,0.6013,0.6023,76805.5
2022-06-06 20:42:00,1654548120.0,0.6023,0.6027,0.6016,0.6025,81813.0
2022-06-06 20:43:00,1654548180.0,0.6026,0.6026,0.6014,0.6015,112494.1
2022-06-06 20:44:00,1654548240.0,0.6015,0.6025,0.6014,0.602,116986.2
2022-06-06 20:45:00,1654548300.0,0.602,0.6025,0.602,0.6023,64359.7
2022-06-06 20:46:00,1654548360.0,0.6024,0.6024,0.6013,0.6019,186262.5
2022-06-06 20:47:00,1654548420.0,0.602,0.6026,0.602,0.6026,29502.6
2022-06-06 20:48:00,1654548480.0,0.6025,0.6026,0.6022,0.6024,60420.9
2022-06-06 20:49:00,1654548540.0,0.6025,0.6026,0.6018,0.6023,233826.8
2022-06-06 20:50:00,1654548600.0,0.6024,0.6025,0.6013,0.6017,75229.2
2022-06-06 20:51:00,1654548660.0,0.6018,0.6026,0.6018,0.6026,130219.1
2022-06-06 20:52:00,1654548720.0,0.6026,0.6029,0.6018,0.6019,324705.4
2022-06-06 20:53:00,1654548780.0,0.602,0.602,0.601,0.6011,126627.7
2022-06-06 20:54:00,1654548840.0,0.6011,0.6018,0.6011,0.6017,48046.3
2022-06-06 20:55:00,1654548900.0,0.6017,0.6019,0.6011,0.6019,129888.8
2022-06-06 20:56:00,1654548960.0,0.6019,0.6019,0.6012,0.6016,58222.5
2022-06-06 20:57:00,1654549020.0,0.6016,0.602,0.6016,0.6019,57343.3
2022-06-06 20:58:00,1654549080.0,0.6018,0.6018,0.6007,0.6013,93466.3
2022-06-06 20:59:00,1654549140.0,0.6013,0.6019,0.6007,0.6019,66268.6
2022-06-06 21:00:00,1654549200.0,0.6018,0.6023,0.6016,0.6018,217993.4
2022-06-06 21:01:00,1654549260.0,0.6018,0.6025,0.6008,0.6022,213198.8
2022-06-06 21:02:00,1654549320.0,0.6022,0.6022,0.6019,0.6021,66267.3
2022-06-06 21:03:00,1654549380.0,0.6022,0.6031,0.6022,0.6029,229612.8
2022-06-06 21:04:00,1654549440.0,0.6028,0.6032,0.6026,0.6032,123354.3
2022-06-06 21:05:00,1654549500.0,0.6033,0.6051,0.6033,0.6044,267246.6
2022-06-06 21:06:00,1654549560.0,0.6044,0.6044,0.6039,0.604,89388.3
2022-06-06 21:07:00,1654549620.0,0.604,0.6041,0.6035,0.6037,179309.3
2022-06-06 21:08:00,1654549680.0,0.6037,0.6037,0.6027,0.6028,105125.5
2022-06-06 21:09:00,1654549740.0,0.6029,0.6038,0.6029,0.6034,77510.6
2022-06-06 21:10:00,1654549800.0,0.6033,0.6041,0.6031,0.6041,110163.9
2022-06-06 21:11:00,1654549860.0,0.6041,0.6041,0.6037,0.604,28620.7
2022-06-06 21:12:00,1654549920.0,0.604,0.6041,0.6035,0.6035,36939.1
2022-06-06 21:13:00,1654549980.0,0.6036,0.604,0.6034,0.6039,93467.5
2022-06-06 21:14:00,1654550040.0,0.604,0.6041,0.6035,0.6041,151102.0
2022-06-06 21:15:00,1654550100.0,0.6041,0.6048,0.604,0.6046,80553.6
2022-06-06 21:16:00,1654550160.0,0.6046,0.6046,0.6035,0.6036,171843.7
2022-06-06 21:17:00,1654550220.0,0.6036,0.604,0.6036,0.6039,22277.1
2022-06-06 21:18:00,1654550280.0,0.6039,0.604,0.6037,0.604,82051.3
2022-06-06 21:19:00,1654550340.0,0.604,0.6061,0.6039,0.6057,240186.5
2022-06-06 21:20:00,1654550400.0,0.6057,0.6057,0.6048,0.6057,219238.6
2022-06-06 21:21:00,1654550460.0,0.6058,0.606,0.6052,0.6056,257138.5
2022-06-06 21:22:00,1654550520.0,0.6055,0.606,0.6054,0.6057,103546.8
2022-06-06 21:23:00,1654550580.0,0.6057,0.606,0.6057,0.606,89271.3
2022-06-06 21:24:00,1654550640.0,0.606,0.6073,0.606,0.6073,260995.6
2022-06-06 21:25:00,1654550700.0,0.6073,0.6093,0.607,0.6092,322371.6
2022-06-06 21:26:00,1654550760.0,0.6092,0.61,0.6084,0.6092,360943.2
2022-06-06 21:27:00,1654550820.0,0.6092,0.6104,0.609,0.6104,212846.6
2022-06-06 21:28:00,1654550880.0,0.6104,0.6108,0.6098,0.6107,686386.8
2022-06-06 21:29:00,1654550940.0,0.6107,0.6119,0.6107,0.6108,403689.5
2022-06-06 21:30:00,1654551000.0,0.6107,0.6107,0.6087,0.6089,320356.5
2022-06-06 21:31:00,1654551060.0,0.6087,0.6087,0.6066,0.6068,303762.1
2022-06-06 21:32:00,1654551120.0,0.6068,0.6069,0.6063,0.6069,114389.1
2022-06-06 21:33:00,1654551180.0,0.6069,0.6094,0.6069,0.6093,131152.1
2022-06-06 21:34:00,1654551240.0,0.6092,0.611,0.6091,0.6108,58851.6
2022-06-06 21:35:00,1654551300.0,0.6108,0.612,0.6086,0.612,668727.9
2022-06-06 21:36:00,1654551360.0,0.612,0.6127,0.6112,0.6113,223131.2
2022-06-06 21:37:00,1654551420.0,0.6114,0.6123,0.6113,0.6123,95517.9
2022-06-06 21:38:00,1654551480.0,0.6122,0.6131,0.6121,0.6131,83060.0
2022-06-06 21:39:00,1654551540.0,0.6131,0.6135,0.6121,0.6124,318322.9
2022-06-06 21:40:00,1654551600.0,0.6123,0.6126,0.6112,0.6113,120592.4
2022-06-06 21:41:00,1654551660.0,0.6112,0.6112,0.6107,0.6107,120536.6
2022-06-06 21:42:00,1654551720.0,0.6106,0.6106,0.6095,0.6096,118759.5
2022-06-06 21:43:00,1654551780.0,0.6096,0.6101,0.6093,0.61,118960.6
2022-06-06 21:44:00,1654551840.0,0.61,0.6101,0.6092,0.6093,71989.3
2022-06-06 21:45:00,1654551900.0,0.6093,0.6117,0.6093,0.6115,110107.9
2022-06-06 21:46:00,1654551960.0,0.6115,0.6117,0.6097,0.6107,167317.5
2022-06-06 21:47:00,1654552020.0,0.6107,0.6124,0.6107,0.6123,125094.8
2022-06-06 21:48:00,1654552080.0,0.6123,0.6123,0.6108,0.6108,157822.4
2022-06-06 21:49:00,1654552140.0,0.6108,0.6133,0.6108,0.613,147555.2
2022-06-06 21:50:00,1654552200.0,0.613,0.6131,0.6121,0.613,89946.3
2022-06-06 21:51:00,1654552260.0,0.6131,0.6144,0.613,0.613,319080.8
2022-06-06 21:52:00,1654552320.0,0.613,0.6148,0.6128,0.6142,206107.2
2022-06-06 21:53:00,1654552380.0,0.6141,0.6145,0.6136,0.6145,50799.7
2022-06-06 21:54:00,1654552440.0,0.6144,0.6147,0.614,0.6141,80492.7
2022-06-06 21:55:00,1654552500.0,0.6141,0.6147,0.614,0.6146,54586.0
2022-06-06 21:56:00,1654552560.0,0.6146,0.6146,0.614,0.6142,42866.4
2022-06-06 21:57:00,1654552620.0,0.6141,0.6145,0.614,0.6143,151502.2
2022-06-06 21:58:00,1654552680.0,0.6142,0.6147,0.6138,0.6146,471721.7
2022-06-06 21:59:00,1654552740.0,0.6145,0.6146,0.6142,0.6142,94410.9
2022-06-06 22:00:00,1654552800.0,0.6141,0.6144,0.6136,0.6143,300431.4
2022-06-06 22:01:00,1654552860.0,0.6144,0.6144,0.6132,0.6139,213736.2
2022-06-06 22:02:00,1654552920.0,0.6139,0.6139,0.6128,0.6136,116713.7
2022-06-06 22:03:00,1654552980.0,0.6136,0.6139,0.6131,0.6134,38972.1
2022-06-06 22:04:00,1654553040.0,0.6135,0.6135,0.6124,0.6129,70290.3
2022-06-06 22:05:00,1654553100.0,0.613,0.6135,0.6127,0.6135,37497.2
2022-06-06 22:06:00,1654553160.0,0.6136,0.6187,0.6136,0.6185,579075.8
2022-06-06 22:07:00,1654553220.0,0.6185,0.6185,0.6172,0.6182,279616.3
2022-06-06 22:08:00,1654553280.0,0.6182,0.6183,0.6172,0.6176,90586.7
2022-06-06 22:09:00,1654553340.0,0.6175,0.619,0.6175,0.618,313522.7
2022-06-06 22:10:00,1654553400.0,0.618,0.6182,0.6172,0.6176,108651.4
2022-06-06 22:11:00,1654553460.0,0.6177,0.6179,0.6173,0.6176,111645.8
2022-06-06 22:12:00,1654553520.0,0.6176,0.6192,0.6176,0.6191,335992.6
2022-06-06 22:13:00,1654553580.0,0.6191,0.6192,0.6174,0.6183,229728.3
2022-06-06 22:14:00,1654553640.0,0.6183,0.6188,0.6165,0.6179,511335.3
2022-06-06 22:15:00,1654553700.0,0.6179,0.6179,0.6159,0.6159,217219.0
2022-06-06 22:16:00,1654553760.0,0.6159,0.6165,0.6148,0.6159,277572.3
2022-06-06 22:17:00,1654553820.0,0.6158,0.6159,0.615,0.615,140918.5
2022-06-06 22:18:00,1654553880.0,0.615,0.6152,0.6136,0.6137,358834.0
2022-06-06 22:19:00,1654553940.0,0.6138,0.6146,0.6124,0.6126,219901.4
2022-06-06 22:20:00,1654554000.0,0.6125,0.6126,0.6112,0.6112,271729.5
2022-06-06 22:21:00,1654554060.0,0.6112,0.6124,0.6096,0.6122,484048.7
2022-06-06 22:22:00,1654554120.0,0.6121,0.6123,0.6105,0.6108,200184.4
2022-06-06 22:23:00,1654554180.0,0.6109,0.6113,0.61,0.6104,180809.0
2022-06-06 22:24:00,1654554240.0,0.6105,0.6105,0.6094,0.6096,107896.7
2022-06-06 22:25:00,1654554300.0,0.6097,0.6106,0.6092,0.6097,385781.2
2022-06-06 22:26:00,1654554360.0,0.6098,0.611,0.6098,0.6103,189275.6
2022-06-06 22:27:00,1654554420.0,0.6102,0.6116,0.6102,0.6111,70816.4
2022-06-06 22:28:00,1654554480.0,0.6111,0.6119,0.6108,0.6118,61833.2
2022-06-06 22:29:00,1654554540.0,0.6118,0.6118,0.6095,0.61,216303.4
2022-06-06 22:30:00,1654554600.0,0.61,0.6104,0.6095,0.6099,99971.5
2022-06-06 22:31:00,1654554660.0,0.6098,0.6099,0.6077,0.6078,278150.9
2022-06-06 22:32:00,1654554720.0,0.6078,0.6093,0.6077,0.6083,107409.5
2022-06-06 22:33:00,1654554780.0,0.6082,0.6083,0.607,0.6083,231680.4
2022-06-06 22:34:00,1654554840.0,0.6084,0.609,0.6077,0.6083,84569.1
2022-06-06 22:35:00,1654554900.0,0.6082,0.6084,0.608,0.6081,40260.9
2022-06-06 22:36:00,1654554960.0,0.608,0.6083,0.6079,0.6082,52356.6
2022-06-06 22:37:00,1654555020.0,0.6081,0.6098,0.6073,0.6098,131486.2
2022-06-06 22:38:00,1654555080.0,0.6099,0.61,0.609,0.61,76333.1
2022-06-06 22:39:00,1654555140.0,0.6101,0.6103,0.6094,0.6098,150353.3
2022-06-06 22:40:00,1654555200.0,0.6098,0.6099,0.6095,0.6098,78878.2
2022-06-06 22:41:00,1654555260.0,0.6098,0.6099,0.6095,0.6099,35137.9
2022-06-06 22:42:00,1654555320.0,0.6098,0.6115,0.6095,0.6107,289538.8
2022-06-06 22:43:00,1654555380.0,0.6109,0.6117,0.6106,0.6114,181625.1
2022-06-06 22:44:00,1654555440.0,0.6114,0.6123,0.611,0.6116,72627.1
2022-06-06 22:45:00,1654555500.0,0.6117,0.6128,0.6115,0.6123,163268.1
2022-06-06 22:46:00,1654555560.0,0.6122,0.6125,0.6117,0.6118,96554.9
2022-06-06 22:47:00,1654555620.0,0.6118,0.6125,0.6116,0.6118,97467.8
2022-06-06 22:48:00,1654555680.0,0.6117,0.6117,0.6096,0.6097,118758.2
2022-06-06 22:49:00,1654555740.0,0.6098,0.6098,0.6082,0.6086,302897.3
2022-06-06 22:50:00,1654555800.0,0.6086,0.6092,0.6077,0.6092,120412.9
2022-06-06 22:51:00,1654555860.0,0.6093,0.6116,0.6093,0.6116,119224.3
2022-06-06 22:52:00,1654555920.0,0.6115,0.6121,0.6112,0.6119,97940.1
2022-06-06 22:53:00,1654555980.0,0.6119,0.6123,0.6112,0.6118,153865.3
2022-06-06 22:54:00,1654556040.0,0.6118,0.6118,0.6097,0.6099,174038.9
2022-06-06 22:55:00,1654556100.0,0.6099,0.6105,0.6098,0.6104,48563.3
2022-06-06 22:56:00,1654556160.0,0.6103,0.611,0.6096,0.6097,101784.7
2022-06-06 22:57:00,1654556220.0,0.6095,0.6096,0.6086,0.6087,72410.7
2022-06-06 22:58:00,1654556280.0,0.609,0.6101,0.6089,0.6099,62345.4
2022-06-06 22:59:00,1654556340.0,0.6098,0.6104,0.6096,0.6098,90128.6
2022-06-06 23:00:00,1654556400.0,0.6098,0.6107,0.6087,0.6106,293478.6
2022-06-06 23:01:00,1654556460.0,0.6106,0.6109,0.61,0.6105,105937.6
2022-06-06 23:02:00,1654556520.0,0.6106,0.6115,0.6106,0.6107,107258.9
2022-06-06 23:03:00,1654556580.0,0.6105,0.6118,0.6105,0.6114,77843.8
2022-06-06 23:04:00,1654556640.0,0.6115,0.6115,0.6107,0.6107,27728.7
2022-06-06 23:05:00,1654556700.0,0.6108,0.6121,0.6107,0.6121,58072.4
2022-06-06 23:06:00,1654556760.0,0.6121,0.6132,0.6119,0.6126,111818.1
2022-06-06 23:07:00,1654556820.0,0.6128,0.6128,0.6119,0.6119,45907.3
2022-06-06 23:08:00,1654556880.0,0.6119,0.6119,0.611,0.6115,43206.5
2022-06-06 23:09:00,1654556940.0,0.6114,0.6117,0.6111,0.6116,42421.4
2022-06-06 23:10:00,1654557000.0,0.6116,0.6116,0.6092,0.6093,203198.9
2022-06-06 23:11:00,1654557060.0,0.6093,0.6093,0.6085,0.6091,170183.3
2022-06-06 23:12:00,1654557120.0,0.6092,0.6102,0.6091,0.6097,112148.3
2022-06-06 23:13:00,1654557180.0,0.6096,0.6117,0.6095,0.6117,55855.1
2022-06-06 23:14:00,1654557240.0,0.6118,0.6123,0.6114,0.6117,57517.1
2022-06-06 23:15:00,1654557300.0,0.6115,0.6115,0.6108,0.6113,41841.1
2022-06-06 23:16:00,1654557360.0,0.6114,0.6122,0.6104,0.6109,216393.1
2022-06-06 23:17:00,1654557420.0,0.6109,0.6113,0.6108,0.6111,24771.4
2022-06-06 23:18:00,1654557480.0,0.6112,0.6116,0.611,0.6115,82325.0
2022-06-06 23:19:00,1654557540.0,0.6116,0.6124,0.6116,0.6119,68337.2
2022-06-06 23:20:00,1654557600.0,0.612,0.6124,0.6116,0.6117,83401.8
2022-06-06 23:21:00,1654557660.0,0.6117,0.6122,0.6112,0.6121,33194.3
2022-06-06 23:22:00,1654557720.0,0.6122,0.6122,0.6113,0.6115,59028.6
2022-06-06 23:23:00,1654557780.0,0.6115,0.612,0.6115,0.612,34425.1
2022-06-06 23:24:00,1654557840.0,0.6118,0.6118,0.6104,0.6105,77702.7
2022-06-06 23:25:00,1654557900.0,0.6104,0.611,0.6096,0.6099,43938.1
2022-06-06 23:26:00,1654557960.0,0.6099,0.6109,0.6098,0.6107,50210.5
2022-06-06 23:27:00,1654558020.0,0.6108,0.6108,0.6096,0.6103,156974.4
2022-06-06 23:28:00,1654558080.0,0.6101,0.6105,0.6098,0.6105,57574.6
2022-06-06 23:29:00,1654558140.0,0.6104,0.6112,0.6103,0.6103,126172.8
2022-06-06 23:30:00,1654558200.0,0.6102,0.6102,0.6095,0.6095,40213.3
2022-06-06 23:31:00,1654558260.0,0.6094,0.6096,0.6078,0.608,102088.5
2022-06-06 23:32:00,1654558320.0,0.6079,0.6084,0.6078,0.6084,63037.4
2022-06-06 23:33:00,1654558380.0,0.6082,0.6086,0.6079,0.6085,41436.8
2022-06-06 23:34:00,1654558440.0,0.6085,0.6091,0.6085,0.6091,39916.8
2022-06-06 23:35:00,1654558500.0,0.609,0.6096,0.6088,0.609,88016.1
2022-06-06 23:36:00,1654558560.0,0.6088,0.6093,0.6088,0.6092,33116.2
2022-06-06 23:37:00,1654558620.0,0.6092,0.6092,0.6081,0.6088,543114.2
2022-06-06 23:38:00,1654558680.0,0.6088,0.6089,0.6084,0.6086,61468.6
2022-06-06 23:39:00,1654558740.0,0.6085,0.6085,0.6081,0.6083,40133.5
2022-06-06 23:40:00,1654558800.0,0.6082,0.609,0.6082,0.609,25752.5
2022-06-06 23:41:00,1654558860.0,0.6089,0.6089,0.6081,0.6081,70971.9
2022-06-06 23:42:00,1654558920.0,0.6081,0.6092,0.6081,0.6087,70779.5
2022-06-06 23:43:00,1654558980.0,0.6089,0.6093,0.6083,0.6092,53795.9
2022-06-06 23:44:00,1654559040.0,0.6093,0.6096,0.6093,0.6095,32782.7
2022-06-06 23:45:00,1654559100.0,0.6096,0.6107,0.6094,0.6105,239650.8
2022-06-06 23:46:00,1654559160.0,0.6106,0.6107,0.6099,0.6101,121978.0
2022-06-06 23:47:00,1654559220.0,0.6101,0.6103,0.6094,0.6094,73322.4
2022-06-06 23:48:00,1654559280.0,0.6094,0.6104,0.6094,0.6101,55119.0
2022-06-06 23:49:00,1654559340.0,0.6101,0.6101,0.6093,0.6096,126746.0
2022-06-06 23:50:00,1654559400.0,0.6097,0.6097,0.6066,0.6068,105936.8
2022-06-06 23:51:00,1654559460.0,0.6068,0.6072,0.6066,0.6066,185864.7
2022-06-06 23:52:00,1654559520.0,0.6067,0.6073,0.6067,0.6071,38393.4
2022-06-06 23:53:00,1654559580.0,0.6071,0.6095,0.6071,0.6095,86780.4
2022-06-06 23:54:00,1654559640.0,0.6093,0.6097,0.6079,0.6087,357020.2
2022-06-06 23:55:00,1654559700.0,0.6086,0.6094,0.6084,0.6093,79679.4
2022-06-06 23:56:00,1654559760.0,0.6092,0.6096,0.609,0.6096,24837.0
2022-06-06 23:57:00,1654559820.0,0.6096,0.6098,0.6094,0.6096,28764.7
2022-06-06 23:58:00,1654559880.0,0.6095,0.6098,0.6089,0.6098,56858.9
2022-06-06 23:59:00,1654559940.0,0.6098,0.6099,0.609,0.6091,42947.9
