Universal Time,Unix Time,Open,High,Low,Close,Volume
2020-01-24 00:00:00,1579824000.0,0.01627,0.0163,0.01627,0.01629,800393.8
2020-01-24 00:01:00,1579824060.0,0.01629,0.01629,0.01628,0.01628,284284.4
2020-01-24 00:02:00,1579824120.0,0.01628,0.01628,0.01623,0.01624,616833.2
2020-01-24 00:03:00,1579824180.0,0.01624,0.01624,0.01623,0.01624,64947.2
2020-01-24 00:04:00,1579824240.0,0.01623,0.01623,0.01623,0.01623,15000.0
2020-01-24 00:05:00,1579824300.0,0.01624,0.01626,0.01624,0.01626,642916.7
2020-01-24 00:06:00,1579824360.0,0.01626,0.01627,0.01625,0.01625,461545.6
2020-01-24 00:07:00,1579824420.0,0.01624,0.01626,0.01624,0.01625,106474.2
2020-01-24 00:08:00,1579824480.0,0.01625,0.01625,0.01622,0.01623,1473355.9
2020-01-24 00:09:00,1579824540.0,0.01622,0.01624,0.01622,0.01622,173741.8
2020-01-24 00:10:00,1579824600.0,0.01623,0.01624,0.01622,0.01622,275232.0
2020-01-24 00:11:00,1579824660.0,0.01622,0.01624,0.01622,0.01623,313270.4
2020-01-24 00:12:00,1579824720.0,0.01623,0.01623,0.01623,0.01623,238645.8
2020-01-24 00:13:00,1579824780.0,0.01623,0.01623,0.01622,0.01622,243126.6
2020-01-24 00:14:00,1579824840.0,0.01623,0.01623,0.01623,0.01623,231861.7
2020-01-24 00:15:00,1579824900.0,0.01623,0.01624,0.01622,0.01622,277166.2
2020-01-24 00:16:00,1579824960.0,0.01621,0.01622,0.0162,0.01621,290844.0
2020-01-24 00:17:00,1579825020.0,0.01621,0.01621,0.0162,0.0162,126016.1
2020-01-24 00:18:00,1579825080.0,0.0162,0.01624,0.0162,0.01624,799674.0
2020-01-24 00:19:00,1579825140.0,0.01624,0.01626,0.01623,0.01625,770464.5
2020-01-24 00:20:00,1579825200.0,0.01625,0.01626,0.01624,0.01625,362275.4
2020-01-24 00:21:00,1579825260.0,0.01625,0.01625,0.01625,0.01625,6500.0
2020-01-24 00:22:00,1579825320.0,0.01626,0.01627,0.01626,0.01626,258753.7
2020-01-24 00:23:00,1579825380.0,0.01626,0.01627,0.01626,0.01626,194284.1
2020-01-24 00:24:00,1579825440.0,0.01626,0.01626,0.01626,0.01626,53553.3
2020-01-24 00:25:00,1579825500.0,0.01626,0.01626,0.01625,0.01626,100342.3
2020-01-24 00:26:00,1579825560.0,0.01626,0.01629,0.01626,0.01628,615342.1
2020-01-24 00:27:00,1579825620.0,0.01627,0.01629,0.01627,0.01629,640020.5
2020-01-24 00:28:00,1579825680.0,0.01628,0.0163,0.01628,0.0163,264030.8
2020-01-24 00:29:00,1579825740.0,0.01629,0.01629,0.01629,0.01629,172674.5
2020-01-24 00:30:00,1579825800.0,0.01629,0.0163,0.01627,0.01628,629542.5
2020-01-24 00:31:00,1579825860.0,0.01628,0.01628,0.01626,0.01627,57205.6
2020-01-24 00:32:00,1579825920.0,0.01627,0.01627,0.01626,0.01627,215389.3
2020-01-24 00:33:00,1579825980.0,0.01627,0.01627,0.01627,0.01627,0.0
2020-01-24 00:34:00,1579826040.0,0.01628,0.01628,0.01628,0.01628,58148.3
2020-01-24 00:35:00,1579826100.0,0.01628,0.01629,0.01628,0.01629,52012.5
2020-01-24 00:36:00,1579826160.0,0.01629,0.01629,0.01628,0.01629,420872.9
2020-01-24 00:37:00,1579826220.0,0.01628,0.01628,0.01628,0.01628,3828.7
2020-01-24 00:38:00,1579826280.0,0.01628,0.01629,0.01628,0.01629,5026.4
2020-01-24 00:39:00,1579826340.0,0.01628,0.01628,0.01628,0.01628,292555.9
2020-01-24 00:40:00,1579826400.0,0.01628,0.01628,0.01627,0.01628,393782.8
2020-01-24 00:41:00,1579826460.0,0.01628,0.01628,0.01626,0.01626,21027.0
2020-01-24 00:42:00,1579826520.0,0.01626,0.01626,0.01625,0.01626,197340.7
2020-01-24 00:43:00,1579826580.0,0.01626,0.01627,0.01626,0.01626,41321.8
2020-01-24 00:44:00,1579826640.0,0.01626,0.01627,0.01626,0.01626,78144.8
2020-01-24 00:45:00,1579826700.0,0.01625,0.01628,0.01625,0.01628,317017.0
2020-01-24 00:46:00,1579826760.0,0.01627,0.01628,0.01627,0.01627,19071.1
2020-01-24 00:47:00,1579826820.0,0.01628,0.01629,0.01628,0.01629,508150.4
2020-01-24 00:48:00,1579826880.0,0.01629,0.01629,0.01628,0.01629,116450.0
2020-01-24 00:49:00,1579826940.0,0.01629,0.01629,0.01629,0.01629,675.2
2020-01-24 00:50:00,1579827000.0,0.01629,0.01629,0.01629,0.01629,3449.1
2020-01-24 00:51:00,1579827060.0,0.01629,0.0163,0.01629,0.0163,177403.8
2020-01-24 00:52:00,1579827120.0,0.0163,0.0163,0.01629,0.0163,12040.3
2020-01-24 00:53:00,1579827180.0,0.01629,0.0163,0.01629,0.0163,5025.1
2020-01-24 00:54:00,1579827240.0,0.01628,0.01629,0.01628,0.01629,2634.2
2020-01-24 00:55:00,1579827300.0,0.01629,0.01629,0.01629,0.01629,0.0
2020-01-24 00:56:00,1579827360.0,0.01629,0.0163,0.01629,0.01629,17755.4
2020-01-24 00:57:00,1579827420.0,0.01629,0.0163,0.01629,0.0163,116171.4
2020-01-24 00:58:00,1579827480.0,0.01631,0.01632,0.0163,0.01632,108051.8
2020-01-24 00:59:00,1579827540.0,0.01631,0.01632,0.0163,0.01631,108132.2
2020-01-24 01:00:00,1579827600.0,0.01631,0.01632,0.01631,0.01631,37270.8
2020-01-24 01:01:00,1579827660.0,0.01631,0.01632,0.0163,0.01631,391082.6
2020-01-24 01:02:00,1579827720.0,0.01632,0.01632,0.0163,0.0163,39738.4
2020-01-24 01:03:00,1579827780.0,0.01631,0.01631,0.01631,0.01631,117079.4
2020-01-24 01:04:00,1579827840.0,0.01632,0.01632,0.0163,0.0163,340632.2
2020-01-24 01:05:00,1579827900.0,0.0163,0.0163,0.01629,0.01629,86866.5
2020-01-24 01:06:00,1579827960.0,0.01629,0.01629,0.01628,0.01629,21384.7
2020-01-24 01:07:00,1579828020.0,0.01628,0.01628,0.01628,0.01628,62508.3
2020-01-24 01:08:00,1579828080.0,0.01627,0.01628,0.01627,0.01628,27061.3
2020-01-24 01:09:00,1579828140.0,0.01626,0.01628,0.01626,0.01627,5220.2
2020-01-24 01:10:00,1579828200.0,0.01627,0.01629,0.01627,0.01628,183361.1
2020-01-24 01:11:00,1579828260.0,0.01628,0.01628,0.01627,0.01627,4438.8
2020-01-24 01:12:00,1579828320.0,0.01627,0.01628,0.01627,0.01628,27662.9
2020-01-24 01:13:00,1579828380.0,0.01628,0.0163,0.01628,0.0163,327133.2
2020-01-24 01:14:00,1579828440.0,0.0163,0.0163,0.01628,0.01629,103216.2
2020-01-24 01:15:00,1579828500.0,0.01628,0.01628,0.01627,0.01627,130296.7
2020-01-24 01:16:00,1579828560.0,0.01628,0.01628,0.01626,0.01627,165845.5
2020-01-24 01:17:00,1579828620.0,0.01627,0.01628,0.01625,0.01626,320290.7
2020-01-24 01:18:00,1579828680.0,0.01625,0.01625,0.01624,0.01624,51440.9
2020-01-24 01:19:00,1579828740.0,0.01626,0.01626,0.01625,0.01625,3036.3
2020-01-24 01:20:00,1579828800.0,0.01626,0.01626,0.01625,0.01625,33625.2
2020-01-24 01:21:00,1579828860.0,0.01625,0.01626,0.01624,0.01625,553403.3
2020-01-24 01:22:00,1579828920.0,0.01624,0.01625,0.01624,0.01625,152201.6
2020-01-24 01:23:00,1579828980.0,0.01625,0.01625,0.01625,0.01625,1314.3
2020-01-24 01:24:00,1579829040.0,0.01625,0.01625,0.01623,0.01624,58585.0
2020-01-24 01:25:00,1579829100.0,0.01624,0.01624,0.01624,0.01624,9909.0
2020-01-24 01:26:00,1579829160.0,0.01623,0.01625,0.01623,0.01625,186096.0
2020-01-24 01:27:00,1579829220.0,0.01624,0.01624,0.01623,0.01624,56120.2
2020-01-24 01:28:00,1579829280.0,0.01624,0.01624,0.01624,0.01624,0.0
2020-01-24 01:29:00,1579829340.0,0.01624,0.01625,0.01624,0.01625,18291.2
2020-01-24 01:30:00,1579829400.0,0.01625,0.01625,0.01624,0.01624,37689.9
2020-01-24 01:31:00,1579829460.0,0.01624,0.01624,0.01623,0.01623,28423.7
2020-01-24 01:32:00,1579829520.0,0.01623,0.01623,0.01623,0.01623,0.0
2020-01-24 01:33:00,1579829580.0,0.01623,0.01624,0.01623,0.01624,44140.0
2020-01-24 01:34:00,1579829640.0,0.01623,0.01624,0.01623,0.01623,17944.3
2020-01-24 01:35:00,1579829700.0,0.01624,0.01625,0.01624,0.01625,158904.1
2020-01-24 01:36:00,1579829760.0,0.01625,0.01625,0.01624,0.01624,41283.3
2020-01-24 01:37:00,1579829820.0,0.01624,0.01625,0.01624,0.01624,45011.8
2020-01-24 01:38:00,1579829880.0,0.01624,0.01626,0.01624,0.01626,155729.3
2020-01-24 01:39:00,1579829940.0,0.01625,0.01625,0.01625,0.01625,15762.9
2020-01-24 01:40:00,1579830000.0,0.01625,0.01625,0.01625,0.01625,1493.0
2020-01-24 01:41:00,1579830060.0,0.01626,0.01626,0.01626,0.01626,687.5
2020-01-24 01:42:00,1579830120.0,0.01625,0.01628,0.01625,0.01626,452368.5
2020-01-24 01:43:00,1579830180.0,0.01626,0.01626,0.01625,0.01625,142173.9
2020-01-24 01:44:00,1579830240.0,0.01625,0.01625,0.01625,0.01625,505730.9
2020-01-24 01:45:00,1579830300.0,0.01625,0.01626,0.01624,0.01625,375692.2
2020-01-24 01:46:00,1579830360.0,0.01625,0.01625,0.01624,0.01625,97244.2
2020-01-24 01:47:00,1579830420.0,0.01624,0.01624,0.01622,0.01623,565101.3
2020-01-24 01:48:00,1579830480.0,0.01623,0.01624,0.01622,0.01623,108175.2
2020-01-24 01:49:00,1579830540.0,0.01623,0.01624,0.01623,0.01624,5011.1
2020-01-24 01:50:00,1579830600.0,0.01623,0.01623,0.01621,0.01622,445184.9
2020-01-24 01:51:00,1579830660.0,0.01623,0.01624,0.01622,0.01623,1027751.8
2020-01-24 01:52:00,1579830720.0,0.01623,0.01624,0.01622,0.01624,650530.2
2020-01-24 01:53:00,1579830780.0,0.01624,0.01624,0.01621,0.01621,655024.3
2020-01-24 01:54:00,1579830840.0,0.01621,0.01623,0.01621,0.01622,182993.7
2020-01-24 01:55:00,1579830900.0,0.01622,0.01622,0.01619,0.0162,932576.3
2020-01-24 01:56:00,1579830960.0,0.0162,0.01621,0.0162,0.0162,94142.8
2020-01-24 01:57:00,1579831020.0,0.0162,0.01621,0.0162,0.0162,702226.7
2020-01-24 01:58:00,1579831080.0,0.0162,0.0162,0.01619,0.01619,177409.5
2020-01-24 01:59:00,1579831140.0,0.01619,0.0162,0.01617,0.01617,890426.8
2020-01-24 02:00:00,1579831200.0,0.01619,0.01619,0.01618,0.01619,60349.4
2020-01-24 02:01:00,1579831260.0,0.01619,0.01619,0.01619,0.01619,209888.4
2020-01-24 02:02:00,1579831320.0,0.01619,0.0162,0.01618,0.01619,255351.0
2020-01-24 02:03:00,1579831380.0,0.0162,0.0162,0.01619,0.01619,22613.0
2020-01-24 02:04:00,1579831440.0,0.01619,0.01619,0.01619,0.01619,3971.7
2020-01-24 02:05:00,1579831500.0,0.01618,0.01619,0.01618,0.01619,6860.2
2020-01-24 02:06:00,1579831560.0,0.01619,0.01619,0.01617,0.01617,190277.0
2020-01-24 02:07:00,1579831620.0,0.01616,0.01617,0.01615,0.01617,1685650.5
2020-01-24 02:08:00,1579831680.0,0.01617,0.01617,0.01614,0.01614,724638.3
2020-01-24 02:09:00,1579831740.0,0.01613,0.01614,0.01612,0.01612,771881.3
2020-01-24 02:10:00,1579831800.0,0.01612,0.01613,0.01611,0.01613,173356.7
2020-01-24 02:11:00,1579831860.0,0.01612,0.01612,0.01611,0.01611,192136.0
2020-01-24 02:12:00,1579831920.0,0.0161,0.01613,0.01609,0.01611,1381032.2
2020-01-24 02:13:00,1579831980.0,0.01611,0.01612,0.01608,0.0161,1976038.3
2020-01-24 02:14:00,1579832040.0,0.01612,0.01612,0.0161,0.0161,192107.8
2020-01-24 02:15:00,1579832100.0,0.0161,0.0161,0.01608,0.01608,769822.0
2020-01-24 02:16:00,1579832160.0,0.01609,0.01609,0.01606,0.01606,397077.7
2020-01-24 02:17:00,1579832220.0,0.01607,0.01608,0.01606,0.01608,355451.0
2020-01-24 02:18:00,1579832280.0,0.01608,0.01608,0.01607,0.01607,143661.8
2020-01-24 02:19:00,1579832340.0,0.01606,0.01607,0.01606,0.01606,279668.7
2020-01-24 02:20:00,1579832400.0,0.01605,0.01606,0.01604,0.01606,585381.4
2020-01-24 02:21:00,1579832460.0,0.01606,0.01606,0.01605,0.01605,139806.6
2020-01-24 02:22:00,1579832520.0,0.01605,0.01605,0.01605,0.01605,381719.5
2020-01-24 02:23:00,1579832580.0,0.01605,0.01605,0.01604,0.01604,123508.3
2020-01-24 02:24:00,1579832640.0,0.01604,0.01606,0.01604,0.01605,726939.0
2020-01-24 02:25:00,1579832700.0,0.01606,0.01606,0.01606,0.01606,322782.5
2020-01-24 02:26:00,1579832760.0,0.01606,0.01606,0.01606,0.01606,0.0
2020-01-24 02:27:00,1579832820.0,0.01606,0.0161,0.01606,0.01609,1607730.5
2020-01-24 02:28:00,1579832880.0,0.0161,0.01611,0.01609,0.01611,287216.4
2020-01-24 02:29:00,1579832940.0,0.0161,0.01611,0.0161,0.01611,91369.3
2020-01-24 02:30:00,1579833000.0,0.0161,0.0161,0.0161,0.0161,51566.6
2020-01-24 02:31:00,1579833060.0,0.01609,0.01609,0.01608,0.01609,220450.3
2020-01-24 02:32:00,1579833120.0,0.01609,0.01609,0.01608,0.01608,18128.0
2020-01-24 02:33:00,1579833180.0,0.01608,0.01608,0.01607,0.01607,280776.9
2020-01-24 02:34:00,1579833240.0,0.01607,0.01607,0.01604,0.01604,1209580.0
2020-01-24 02:35:00,1579833300.0,0.01606,0.01606,0.01606,0.01606,3460.8
2020-01-24 02:36:00,1579833360.0,0.01605,0.01606,0.01601,0.01603,2457859.9
2020-01-24 02:37:00,1579833420.0,0.01603,0.01603,0.016,0.01602,541640.8
2020-01-24 02:38:00,1579833480.0,0.01602,0.01602,0.01598,0.01598,1226144.5
2020-01-24 02:39:00,1579833540.0,0.016,0.016,0.016,0.016,187478.0
2020-01-24 02:40:00,1579833600.0,0.016,0.01601,0.01599,0.016,842479.3
2020-01-24 02:41:00,1579833660.0,0.01601,0.01601,0.01599,0.01601,383614.6
2020-01-24 02:42:00,1579833720.0,0.01601,0.01602,0.01601,0.01601,235010.7
2020-01-24 02:43:00,1579833780.0,0.01601,0.01602,0.01601,0.01601,441449.9
2020-01-24 02:44:00,1579833840.0,0.016,0.01601,0.01599,0.016,139852.1
2020-01-24 02:45:00,1579833900.0,0.016,0.016,0.01599,0.016,96158.7
2020-01-24 02:46:00,1579833960.0,0.01599,0.016,0.01599,0.01599,393803.5
2020-01-24 02:47:00,1579834020.0,0.01599,0.016,0.01598,0.01599,128272.6
2020-01-24 02:48:00,1579834080.0,0.01598,0.016,0.01597,0.01598,504687.6
2020-01-24 02:49:00,1579834140.0,0.01599,0.01599,0.01596,0.01599,1710526.5
2020-01-24 02:50:00,1579834200.0,0.016,0.01602,0.01599,0.01601,799714.0
2020-01-24 02:51:00,1579834260.0,0.01601,0.01601,0.01599,0.01599,488160.1
2020-01-24 02:52:00,1579834320.0,0.01599,0.01599,0.01597,0.01597,1176140.7
2020-01-24 02:53:00,1579834380.0,0.01597,0.01598,0.01588,0.01591,3416279.2
2020-01-24 02:54:00,1579834440.0,0.0159,0.01592,0.01587,0.01589,533867.3
2020-01-24 02:55:00,1579834500.0,0.01588,0.01589,0.01565,0.01565,11221017.5
2020-01-24 02:56:00,1579834560.0,0.01567,0.01584,0.01565,0.01582,8775154.5
2020-01-24 02:57:00,1579834620.0,0.01581,0.01584,0.01578,0.01583,2175450.9
2020-01-24 02:58:00,1579834680.0,0.01584,0.01593,0.01584,0.0159,4967240.9
2020-01-24 02:59:00,1579834740.0,0.0159,0.0159,0.01585,0.01588,1937704.1
2020-01-24 03:00:00,1579834800.0,0.01587,0.01588,0.01584,0.01588,1547371.6
2020-01-24 03:01:00,1579834860.0,0.01587,0.01588,0.01587,0.01588,91429.3
2020-01-24 03:02:00,1579834920.0,0.01587,0.01588,0.01584,0.01584,310825.2
2020-01-24 03:03:00,1579834980.0,0.01584,0.01585,0.01583,0.01585,768610.9
2020-01-24 03:04:00,1579835040.0,0.01585,0.01588,0.01585,0.01588,1513718.3
2020-01-24 03:05:00,1579835100.0,0.01588,0.01591,0.01588,0.0159,1767021.1
2020-01-24 03:06:00,1579835160.0,0.01591,0.01591,0.01587,0.0159,777823.5
2020-01-24 03:07:00,1579835220.0,0.01588,0.01591,0.01587,0.0159,867011.2
2020-01-24 03:08:00,1579835280.0,0.0159,0.0159,0.01589,0.0159,234598.5
2020-01-24 03:09:00,1579835340.0,0.0159,0.01593,0.0159,0.01592,393616.0
2020-01-24 03:10:00,1579835400.0,0.01592,0.01593,0.01592,0.01593,244108.5
2020-01-24 03:11:00,1579835460.0,0.01593,0.01595,0.01593,0.01593,1686580.2
2020-01-24 03:12:00,1579835520.0,0.01592,0.01592,0.01589,0.01592,865804.2
2020-01-24 03:13:00,1579835580.0,0.01592,0.01592,0.01591,0.01591,121851.9
2020-01-24 03:14:00,1579835640.0,0.01591,0.01592,0.01587,0.01588,536755.8
2020-01-24 03:15:00,1579835700.0,0.01588,0.0159,0.01585,0.01588,1408371.2
2020-01-24 03:16:00,1579835760.0,0.01588,0.0159,0.01588,0.01589,310695.8
2020-01-24 03:17:00,1579835820.0,0.01589,0.0159,0.01589,0.0159,62778.7
2020-01-24 03:18:00,1579835880.0,0.0159,0.01591,0.0159,0.01591,183637.9
2020-01-24 03:19:00,1579835940.0,0.0159,0.01591,0.0159,0.01591,17376.3
2020-01-24 03:20:00,1579836000.0,0.01591,0.01594,0.01588,0.01589,1399569.9
2020-01-24 03:21:00,1579836060.0,0.01589,0.01591,0.01588,0.0159,345349.4
2020-01-24 03:22:00,1579836120.0,0.0159,0.0159,0.01587,0.01589,285729.8
2020-01-24 03:23:00,1579836180.0,0.01589,0.0159,0.01588,0.01589,124824.8
2020-01-24 03:24:00,1579836240.0,0.01589,0.0159,0.01589,0.01589,274853.4
2020-01-24 03:25:00,1579836300.0,0.0159,0.0159,0.01588,0.01589,486412.9
2020-01-24 03:26:00,1579836360.0,0.01588,0.01588,0.01588,0.01588,4742.1
2020-01-24 03:27:00,1579836420.0,0.01588,0.01589,0.01588,0.01588,12568.1
2020-01-24 03:28:00,1579836480.0,0.01589,0.01589,0.01588,0.01588,6952.4
2020-01-24 03:29:00,1579836540.0,0.01589,0.01592,0.01589,0.01591,954568.0
2020-01-24 03:30:00,1579836600.0,0.01592,0.01593,0.0159,0.01592,747732.4
2020-01-24 03:31:00,1579836660.0,0.01591,0.01591,0.01591,0.01591,42032.7
2020-01-24 03:32:00,1579836720.0,0.01591,0.01591,0.0159,0.0159,310798.2
2020-01-24 03:33:00,1579836780.0,0.01591,0.01595,0.01591,0.01594,338785.9
2020-01-24 03:34:00,1579836840.0,0.01594,0.01595,0.01594,0.01595,263867.1
2020-01-24 03:35:00,1579836900.0,0.01594,0.01594,0.01593,0.01593,209225.7
2020-01-24 03:36:00,1579836960.0,0.01593,0.01593,0.01593,0.01593,31716.6
2020-01-24 03:37:00,1579837020.0,0.01594,0.01594,0.01593,0.01594,300139.0
2020-01-24 03:38:00,1579837080.0,0.01593,0.01594,0.01593,0.01593,217768.3
2020-01-24 03:39:00,1579837140.0,0.01595,0.01595,0.01594,0.01594,15269.6
2020-01-24 03:40:00,1579837200.0,0.01594,0.01595,0.01592,0.01592,660008.3
2020-01-24 03:41:00,1579837260.0,0.01592,0.01592,0.01592,0.01592,11241.9
2020-01-24 03:42:00,1579837320.0,0.01592,0.01592,0.01591,0.01592,89321.4
2020-01-24 03:43:00,1579837380.0,0.01593,0.01594,0.01592,0.01593,219839.2
2020-01-24 03:44:00,1579837440.0,0.01593,0.01593,0.01593,0.01593,44858.2
2020-01-24 03:45:00,1579837500.0,0.01594,0.01596,0.01594,0.01595,480823.5
2020-01-24 03:46:00,1579837560.0,0.01595,0.01599,0.01595,0.01599,585970.4
2020-01-24 03:47:00,1579837620.0,0.01599,0.01599,0.01595,0.01597,1209193.2
2020-01-24 03:48:00,1579837680.0,0.01597,0.01598,0.01597,0.01597,195235.8
2020-01-24 03:49:00,1579837740.0,0.01597,0.016,0.01597,0.016,312910.2
2020-01-24 03:50:00,1579837800.0,0.01599,0.01602,0.01599,0.01601,1291606.2
2020-01-24 03:51:00,1579837860.0,0.016,0.016,0.01597,0.01597,565223.5
2020-01-24 03:52:00,1579837920.0,0.01598,0.01599,0.01597,0.01598,260438.9
2020-01-24 03:53:00,1579837980.0,0.01598,0.01598,0.01598,0.01598,253546.5
2020-01-24 03:54:00,1579838040.0,0.01598,0.01598,0.01596,0.01597,404239.5
2020-01-24 03:55:00,1579838100.0,0.01596,0.01596,0.01596,0.01596,34944.0
2020-01-24 03:56:00,1579838160.0,0.01597,0.01598,0.01594,0.01596,1242644.3
2020-01-24 03:57:00,1579838220.0,0.01596,0.01597,0.01595,0.01595,285936.6
2020-01-24 03:58:00,1579838280.0,0.01596,0.01596,0.01593,0.01594,795528.8
2020-01-24 03:59:00,1579838340.0,0.01594,0.01594,0.01592,0.01593,115408.6
2020-01-24 04:00:00,1579838400.0,0.01593,0.01596,0.01593,0.01596,348346.0
2020-01-24 04:01:00,1579838460.0,0.01596,0.01597,0.01595,0.01597,283050.7
2020-01-24 04:02:00,1579838520.0,0.01597,0.01597,0.01596,0.01596,184365.6
2020-01-24 04:03:00,1579838580.0,0.01597,0.01597,0.01597,0.01597,74173.4
2020-01-24 04:04:00,1579838640.0,0.01597,0.01598,0.01596,0.01597,176628.9
2020-01-24 04:05:00,1579838700.0,0.01597,0.01597,0.01596,0.01597,156350.8
2020-01-24 04:06:00,1579838760.0,0.01597,0.016,0.01596,0.01599,1740859.6
2020-01-24 04:07:00,1579838820.0,0.01599,0.016,0.01598,0.01598,666638.3
2020-01-24 04:08:00,1579838880.0,0.01598,0.01598,0.01595,0.01595,687265.8
2020-01-24 04:09:00,1579838940.0,0.01596,0.01596,0.01595,0.01595,143941.2
2020-01-24 04:10:00,1579839000.0,0.01595,0.01598,0.01595,0.01597,396866.3
2020-01-24 04:11:00,1579839060.0,0.01596,0.01596,0.01596,0.01596,188430.9
2020-01-24 04:12:00,1579839120.0,0.01597,0.01597,0.01596,0.01597,193647.7
2020-01-24 04:13:00,1579839180.0,0.01597,0.01597,0.01595,0.01595,228235.2
2020-01-24 04:14:00,1579839240.0,0.01597,0.01597,0.01597,0.01597,717.0
2020-01-24 04:15:00,1579839300.0,0.01596,0.01597,0.01595,0.01596,179379.9
2020-01-24 04:16:00,1579839360.0,0.01595,0.01597,0.01595,0.01595,97349.4
2020-01-24 04:17:00,1579839420.0,0.01594,0.01595,0.01594,0.01594,200255.5
2020-01-24 04:18:00,1579839480.0,0.01594,0.01594,0.01592,0.01592,695859.3
2020-01-24 04:19:00,1579839540.0,0.01593,0.01593,0.01591,0.01591,93070.1
2020-01-24 04:20:00,1579839600.0,0.01592,0.01593,0.01592,0.01593,89264.1
2020-01-24 04:21:00,1579839660.0,0.01592,0.01592,0.0159,0.01591,396227.5
2020-01-24 04:22:00,1579839720.0,0.0159,0.01591,0.0159,0.01591,2116.0
2020-01-24 04:23:00,1579839780.0,0.01591,0.01591,0.01589,0.01589,141844.2
2020-01-24 04:24:00,1579839840.0,0.01591,0.01591,0.01591,0.01591,87682.0
2020-01-24 04:25:00,1579839900.0,0.01591,0.01591,0.0159,0.01591,97821.4
2020-01-24 04:26:00,1579839960.0,0.01591,0.01592,0.0159,0.0159,109474.9
2020-01-24 04:27:00,1579840020.0,0.0159,0.01592,0.0159,0.01592,49285.0
2020-01-24 04:28:00,1579840080.0,0.01591,0.01592,0.01591,0.01591,89353.9
2020-01-24 04:29:00,1579840140.0,0.01591,0.01591,0.01589,0.0159,133843.9
2020-01-24 04:30:00,1579840200.0,0.01589,0.0159,0.01589,0.01589,83400.8
2020-01-24 04:31:00,1579840260.0,0.01589,0.0159,0.01586,0.01587,827798.9
2020-01-24 04:32:00,1579840320.0,0.01586,0.01587,0.01585,0.01585,1078701.5
2020-01-24 04:33:00,1579840380.0,0.01585,0.01587,0.01585,0.01587,294423.4
2020-01-24 04:34:00,1579840440.0,0.01586,0.01586,0.01586,0.01586,49660.5
2020-01-24 04:35:00,1579840500.0,0.01585,0.01587,0.01585,0.01587,92906.0
2020-01-24 04:36:00,1579840560.0,0.01587,0.01589,0.01586,0.01589,477064.1
2020-01-24 04:37:00,1579840620.0,0.01589,0.01589,0.01588,0.01589,206502.1
2020-01-24 04:38:00,1579840680.0,0.0159,0.0159,0.01588,0.0159,309279.1
2020-01-24 04:39:00,1579840740.0,0.01589,0.0159,0.01589,0.0159,52370.8
2020-01-24 04:40:00,1579840800.0,0.0159,0.0159,0.0159,0.0159,225388.4
2020-01-24 04:41:00,1579840860.0,0.0159,0.0159,0.01589,0.01589,224975.5
2020-01-24 04:42:00,1579840920.0,0.01588,0.01589,0.01585,0.01587,1083644.7
2020-01-24 04:43:00,1579840980.0,0.01586,0.01586,0.01586,0.01586,43118.4
2020-01-24 04:44:00,1579841040.0,0.01586,0.01587,0.01586,0.01586,737965.2
2020-01-24 04:45:00,1579841100.0,0.01586,0.01588,0.01586,0.01588,421255.5
2020-01-24 04:46:00,1579841160.0,0.01588,0.01589,0.01587,0.01587,93808.0
2020-01-24 04:47:00,1579841220.0,0.01587,0.01587,0.01586,0.01587,338638.6
2020-01-24 04:48:00,1579841280.0,0.01587,0.01587,0.01587,0.01587,15296.9
2020-01-24 04:49:00,1579841340.0,0.01588,0.01588,0.01588,0.01588,93381.5
2020-01-24 04:50:00,1579841400.0,0.01588,0.01589,0.01587,0.01588,449161.3
2020-01-24 04:51:00,1579841460.0,0.01587,0.01588,0.01586,0.01586,88253.0
2020-01-24 04:52:00,1579841520.0,0.01587,0.01587,0.01585,0.01586,161396.3
2020-01-24 04:53:00,1579841580.0,0.01586,0.01586,0.01584,0.01585,301981.5
2020-01-24 04:54:00,1579841640.0,0.01585,0.01585,0.01585,0.01585,0.0
2020-01-24 04:55:00,1579841700.0,0.01585,0.01585,0.01585,0.01585,0.0
2020-01-24 04:56:00,1579841760.0,0.01585,0.01585,0.01585,0.01585,26158.6
2020-01-24 04:57:00,1579841820.0,0.01586,0.01588,0.01585,0.01586,606742.4
2020-01-24 04:58:00,1579841880.0,0.01585,0.01585,0.01585,0.01585,114403.4
2020-01-24 04:59:00,1579841940.0,0.01585,0.01585,0.01585,0.01585,3886.1
2020-01-24 05:00:00,1579842000.0,0.01585,0.01587,0.01585,0.01586,202342.7
2020-01-24 05:01:00,1579842060.0,0.01586,0.01587,0.01586,0.01587,146817.0
2020-01-24 05:02:00,1579842120.0,0.01587,0.01587,0.01587,0.01587,16549.9
2020-01-24 05:03:00,1579842180.0,0.01588,0.01589,0.01588,0.01588,569139.9
2020-01-24 05:04:00,1579842240.0,0.01588,0.01589,0.01588,0.01589,28013.2
2020-01-24 05:05:00,1579842300.0,0.01588,0.01589,0.01588,0.01589,18534.5
2020-01-24 05:06:00,1579842360.0,0.01588,0.0159,0.01588,0.0159,215749.7
2020-01-24 05:07:00,1579842420.0,0.01589,0.0159,0.01588,0.01589,690704.0
2020-01-24 05:08:00,1579842480.0,0.01589,0.01592,0.01588,0.01591,376705.4
2020-01-24 05:09:00,1579842540.0,0.01591,0.01591,0.01591,0.01591,139239.9
2020-01-24 05:10:00,1579842600.0,0.01591,0.01592,0.0159,0.01591,835603.9
2020-01-24 05:11:00,1579842660.0,0.01592,0.01593,0.01591,0.01592,208906.9
2020-01-24 05:12:00,1579842720.0,0.01592,0.01593,0.01592,0.01592,141519.4
2020-01-24 05:13:00,1579842780.0,0.01592,0.01593,0.01592,0.01592,175995.3
2020-01-24 05:14:00,1579842840.0,0.01592,0.01592,0.01591,0.01592,304518.5
2020-01-24 05:15:00,1579842900.0,0.01592,0.01593,0.01592,0.01593,89118.7
2020-01-24 05:16:00,1579842960.0,0.01594,0.01594,0.01592,0.01592,375059.8
2020-01-24 05:17:00,1579843020.0,0.01592,0.01594,0.01592,0.01593,385529.4
2020-01-24 05:18:00,1579843080.0,0.01594,0.01598,0.01592,0.01596,1711866.9
2020-01-24 05:19:00,1579843140.0,0.01596,0.016,0.01596,0.01598,1871344.2
2020-01-24 05:20:00,1579843200.0,0.01598,0.01599,0.01594,0.01596,569630.1
2020-01-24 05:21:00,1579843260.0,0.01596,0.01596,0.01595,0.01596,139912.7
2020-01-24 05:22:00,1579843320.0,0.01595,0.01597,0.01594,0.01597,558620.9
2020-01-24 05:23:00,1579843380.0,0.01597,0.01597,0.01595,0.01596,574493.2
2020-01-24 05:24:00,1579843440.0,0.01596,0.01597,0.01594,0.01597,568309.0
2020-01-24 05:25:00,1579843500.0,0.01597,0.01598,0.01597,0.01597,122009.1
2020-01-24 05:26:00,1579843560.0,0.01597,0.01598,0.01596,0.01596,157439.9
2020-01-24 05:27:00,1579843620.0,0.01596,0.01596,0.01595,0.01596,89719.8
2020-01-24 05:28:00,1579843680.0,0.01596,0.01596,0.01595,0.01595,17534.6
2020-01-24 05:29:00,1579843740.0,0.01596,0.01596,0.01594,0.01595,312434.5
2020-01-24 05:30:00,1579843800.0,0.01595,0.01596,0.01595,0.01596,15107.2
2020-01-24 05:31:00,1579843860.0,0.01596,0.01596,0.01595,0.01596,86808.7
2020-01-24 05:32:00,1579843920.0,0.01596,0.01596,0.01595,0.01596,50184.4
2020-01-24 05:33:00,1579843980.0,0.01596,0.01597,0.01594,0.01594,643126.2
2020-01-24 05:34:00,1579844040.0,0.01595,0.01596,0.01595,0.01596,323620.9
2020-01-24 05:35:00,1579844100.0,0.01595,0.01597,0.01595,0.01596,36084.8
2020-01-24 05:36:00,1579844160.0,0.01597,0.01597,0.01596,0.01596,32579.0
2020-01-24 05:37:00,1579844220.0,0.01597,0.01598,0.01595,0.01596,532478.7
2020-01-24 05:38:00,1579844280.0,0.01596,0.01596,0.01595,0.01596,125345.5
2020-01-24 05:39:00,1579844340.0,0.01596,0.01596,0.01596,0.01596,0.0
2020-01-24 05:40:00,1579844400.0,0.01596,0.01597,0.01596,0.01596,63708.0
2020-01-24 05:41:00,1579844460.0,0.01596,0.01597,0.01595,0.01595,505675.8
2020-01-24 05:42:00,1579844520.0,0.01595,0.01596,0.01594,0.01595,243815.3
2020-01-24 05:43:00,1579844580.0,0.01595,0.01596,0.01594,0.01595,150798.8
2020-01-24 05:44:00,1579844640.0,0.01595,0.01596,0.01594,0.01595,399984.5
2020-01-24 05:45:00,1579844700.0,0.01596,0.01596,0.01594,0.01595,598739.7
2020-01-24 05:46:00,1579844760.0,0.01594,0.01596,0.01594,0.01595,349645.5
2020-01-24 05:47:00,1579844820.0,0.01595,0.01596,0.01594,0.01595,308908.5
2020-01-24 05:48:00,1579844880.0,0.01595,0.01599,0.01595,0.01597,2096942.8
2020-01-24 05:49:00,1579844940.0,0.01597,0.01597,0.01596,0.01597,125892.3
2020-01-24 05:50:00,1579845000.0,0.01597,0.01598,0.01596,0.01596,334557.0
2020-01-24 05:51:00,1579845060.0,0.01597,0.01597,0.01595,0.01596,183367.3
2020-01-24 05:52:00,1579845120.0,0.01596,0.01598,0.01596,0.01597,260012.3
2020-01-24 05:53:00,1579845180.0,0.01598,0.01599,0.01597,0.01597,530242.4
2020-01-24 05:54:00,1579845240.0,0.01597,0.01598,0.01597,0.01598,138611.4
2020-01-24 05:55:00,1579845300.0,0.01598,0.01599,0.01597,0.01599,235192.9
2020-01-24 05:56:00,1579845360.0,0.01598,0.01598,0.01597,0.01597,28320.7
2020-01-24 05:57:00,1579845420.0,0.01598,0.01598,0.01596,0.01597,431865.4
2020-01-24 05:58:00,1579845480.0,0.01596,0.01597,0.01596,0.01596,93078.7
2020-01-24 05:59:00,1579845540.0,0.01596,0.01597,0.01595,0.01596,92785.2
2020-01-24 06:00:00,1579845600.0,0.01597,0.01597,0.01596,0.01597,258717.5
2020-01-24 06:01:00,1579845660.0,0.01596,0.01597,0.01596,0.01597,31935.6
2020-01-24 06:02:00,1579845720.0,0.01597,0.01598,0.01596,0.01597,502161.9
2020-01-24 06:03:00,1579845780.0,0.01597,0.01602,0.01597,0.01601,1332618.7
2020-01-24 06:04:00,1579845840.0,0.01601,0.01602,0.01601,0.01601,315071.6
2020-01-24 06:05:00,1579845900.0,0.01601,0.01602,0.016,0.01602,114252.6
2020-01-24 06:06:00,1579845960.0,0.01601,0.01602,0.01601,0.01601,44648.5
2020-01-24 06:07:00,1579846020.0,0.01602,0.01602,0.01602,0.01602,96537.4
2020-01-24 06:08:00,1579846080.0,0.01602,0.01603,0.01602,0.01603,64963.2
2020-01-24 06:09:00,1579846140.0,0.01603,0.01604,0.01603,0.01603,219908.6
2020-01-24 06:10:00,1579846200.0,0.01602,0.01603,0.016,0.01602,952186.8
2020-01-24 06:11:00,1579846260.0,0.01603,0.01604,0.01602,0.01603,161736.7
2020-01-24 06:12:00,1579846320.0,0.01604,0.01604,0.01603,0.01604,384629.6
2020-01-24 06:13:00,1579846380.0,0.01604,0.01606,0.01604,0.01605,650390.5
2020-01-24 06:14:00,1579846440.0,0.01605,0.01605,0.01603,0.01603,368852.3
2020-01-24 06:15:00,1579846500.0,0.01603,0.01604,0.016,0.016,1087432.3
2020-01-24 06:16:00,1579846560.0,0.016,0.01604,0.016,0.01603,908122.8
2020-01-24 06:17:00,1579846620.0,0.01603,0.01604,0.01602,0.01602,245763.5
2020-01-24 06:18:00,1579846680.0,0.01602,0.01603,0.01602,0.01602,180984.8
2020-01-24 06:19:00,1579846740.0,0.01602,0.01603,0.01602,0.01602,225360.9
2020-01-24 06:20:00,1579846800.0,0.01602,0.01602,0.01601,0.01601,134816.2
2020-01-24 06:21:00,1579846860.0,0.01602,0.01604,0.01601,0.01604,333488.8
2020-01-24 06:22:00,1579846920.0,0.01604,0.01604,0.01603,0.01603,83790.8
2020-01-24 06:23:00,1579846980.0,0.01603,0.01603,0.01602,0.01602,96496.8
2020-01-24 06:24:00,1579847040.0,0.01603,0.01603,0.01599,0.01601,803880.5
2020-01-24 06:25:00,1579847100.0,0.01601,0.01601,0.01601,0.01601,65492.6
2020-01-24 06:26:00,1579847160.0,0.016,0.01601,0.016,0.016,11858.2
2020-01-24 06:27:00,1579847220.0,0.016,0.016,0.01598,0.01599,352538.2
2020-01-24 06:28:00,1579847280.0,0.01599,0.016,0.01599,0.016,138873.3
2020-01-24 06:29:00,1579847340.0,0.01599,0.016,0.01599,0.016,21392.7
2020-01-24 06:30:00,1579847400.0,0.016,0.016,0.01599,0.016,150799.8
2020-01-24 06:31:00,1579847460.0,0.016,0.016,0.01598,0.01598,523522.0
2020-01-24 06:32:00,1579847520.0,0.01598,0.01598,0.01597,0.01597,2886.5
2020-01-24 06:33:00,1579847580.0,0.01597,0.01598,0.01597,0.01597,135221.2
2020-01-24 06:34:00,1579847640.0,0.01597,0.01598,0.01597,0.01597,47370.8
2020-01-24 06:35:00,1579847700.0,0.01598,0.01599,0.01598,0.01598,691530.5
2020-01-24 06:36:00,1579847760.0,0.01599,0.01599,0.01598,0.01599,72855.8
2020-01-24 06:37:00,1579847820.0,0.01598,0.016,0.01598,0.016,313767.1
2020-01-24 06:38:00,1579847880.0,0.01601,0.01601,0.016,0.01601,21640.2
2020-01-24 06:39:00,1579847940.0,0.01601,0.01601,0.016,0.016,960019.2
2020-01-24 06:40:00,1579848000.0,0.01601,0.01601,0.016,0.016,331301.7
2020-01-24 06:41:00,1579848060.0,0.01602,0.01602,0.01601,0.01601,9880.6
2020-01-24 06:42:00,1579848120.0,0.01601,0.01601,0.01601,0.01601,74796.8
2020-01-24 06:43:00,1579848180.0,0.016,0.016,0.01598,0.01598,625833.3
2020-01-24 06:44:00,1579848240.0,0.01598,0.01598,0.01597,0.01598,246144.4
2020-01-24 06:45:00,1579848300.0,0.01597,0.01599,0.01597,0.01599,171826.1
2020-01-24 06:46:00,1579848360.0,0.01599,0.01599,0.01598,0.01598,151460.9
2020-01-24 06:47:00,1579848420.0,0.01598,0.01598,0.01598,0.01598,80335.1
2020-01-24 06:48:00,1579848480.0,0.01598,0.01601,0.01598,0.016,431112.2
2020-01-24 06:49:00,1579848540.0,0.016,0.01602,0.016,0.01601,452413.1
2020-01-24 06:50:00,1579848600.0,0.01601,0.01601,0.016,0.01601,97053.0
2020-01-24 06:51:00,1579848660.0,0.01601,0.01603,0.01601,0.01602,369608.2
2020-01-24 06:52:00,1579848720.0,0.01603,0.01603,0.01602,0.01603,66251.0
2020-01-24 06:53:00,1579848780.0,0.01602,0.01603,0.01602,0.01602,4522.7
2020-01-24 06:54:00,1579848840.0,0.01602,0.01602,0.016,0.01601,760562.3
2020-01-24 06:55:00,1579848900.0,0.016,0.01601,0.016,0.01601,167204.4
2020-01-24 06:56:00,1579848960.0,0.01601,0.01601,0.01601,0.01601,790.0
2020-01-24 06:57:00,1579849020.0,0.016,0.016,0.016,0.016,61799.1
2020-01-24 06:58:00,1579849080.0,0.016,0.016,0.016,0.016,83862.7
2020-01-24 06:59:00,1579849140.0,0.01601,0.01602,0.016,0.01602,84372.2
2020-01-24 07:00:00,1579849200.0,0.01603,0.01604,0.01603,0.01604,247079.3
2020-01-24 07:01:00,1579849260.0,0.01603,0.01603,0.01602,0.01602,132398.6
2020-01-24 07:02:00,1579849320.0,0.01602,0.01603,0.01602,0.01603,63284.3
2020-01-24 07:03:00,1579849380.0,0.01602,0.01603,0.01602,0.01602,46792.7
2020-01-24 07:04:00,1579849440.0,0.01602,0.01603,0.01601,0.01602,135536.5
2020-01-24 07:05:00,1579849500.0,0.01601,0.01601,0.016,0.01601,42191.6
2020-01-24 07:06:00,1579849560.0,0.01601,0.01602,0.01597,0.01598,586020.8
2020-01-24 07:07:00,1579849620.0,0.01598,0.01598,0.01597,0.01598,421772.8
2020-01-24 07:08:00,1579849680.0,0.01599,0.01599,0.01595,0.01595,921258.6
2020-01-24 07:09:00,1579849740.0,0.01595,0.01596,0.01594,0.01595,1025433.6
2020-01-24 07:10:00,1579849800.0,0.01595,0.01596,0.01594,0.01595,167059.5
2020-01-24 07:11:00,1579849860.0,0.01594,0.01595,0.01593,0.01594,194183.6
2020-01-24 07:12:00,1579849920.0,0.01595,0.01596,0.01594,0.01594,361341.8
2020-01-24 07:13:00,1579849980.0,0.01594,0.01596,0.01594,0.01596,47164.5
2020-01-24 07:14:00,1579850040.0,0.01596,0.01596,0.01596,0.01596,89726.4
2020-01-24 07:15:00,1579850100.0,0.01596,0.01596,0.01594,0.01595,139087.6
2020-01-24 07:16:00,1579850160.0,0.01596,0.01596,0.01595,0.01595,41175.2
2020-01-24 07:17:00,1579850220.0,0.01596,0.01596,0.01594,0.01596,73398.0
2020-01-24 07:18:00,1579850280.0,0.01594,0.01596,0.01594,0.01596,497968.8
2020-01-24 07:19:00,1579850340.0,0.01596,0.01597,0.01596,0.01596,19985.9
2020-01-24 07:20:00,1579850400.0,0.01596,0.01597,0.01596,0.01596,348228.7
2020-01-24 07:21:00,1579850460.0,0.01596,0.01597,0.01595,0.01597,101551.8
2020-01-24 07:22:00,1579850520.0,0.01596,0.01596,0.01596,0.01596,33695.9
2020-01-24 07:23:00,1579850580.0,0.01596,0.01596,0.01596,0.01596,19932.4
2020-01-24 07:24:00,1579850640.0,0.01596,0.01598,0.01596,0.01597,135850.3
2020-01-24 07:25:00,1579850700.0,0.01597,0.01597,0.01596,0.01596,52594.8
2020-01-24 07:26:00,1579850760.0,0.01596,0.01596,0.01596,0.01596,22755.5
2020-01-24 07:27:00,1579850820.0,0.01595,0.01596,0.01595,0.01596,21643.7
2020-01-24 07:28:00,1579850880.0,0.01596,0.01597,0.01595,0.01596,213045.3
2020-01-24 07:29:00,1579850940.0,0.01596,0.01596,0.01594,0.01594,159669.4
2020-01-24 07:30:00,1579851000.0,0.01594,0.01594,0.01592,0.01592,155935.4
2020-01-24 07:31:00,1579851060.0,0.01593,0.01594,0.01592,0.01592,275573.2
2020-01-24 07:32:00,1579851120.0,0.01593,0.01594,0.01592,0.01594,203189.4
2020-01-24 07:33:00,1579851180.0,0.01594,0.01595,0.01594,0.01594,25645.5
2020-01-24 07:34:00,1579851240.0,0.01594,0.01595,0.01593,0.01594,105843.3
2020-01-24 07:35:00,1579851300.0,0.01595,0.01595,0.01593,0.01595,385055.4
2020-01-24 07:36:00,1579851360.0,0.01595,0.01595,0.01593,0.01594,419638.4
2020-01-24 07:37:00,1579851420.0,0.01593,0.01594,0.01593,0.01594,24614.0
2020-01-24 07:38:00,1579851480.0,0.01594,0.01594,0.01591,0.01591,446042.1
2020-01-24 07:39:00,1579851540.0,0.01592,0.01592,0.01591,0.01592,16961.2
2020-01-24 07:40:00,1579851600.0,0.01592,0.01594,0.01592,0.01594,578512.0
2020-01-24 07:41:00,1579851660.0,0.01594,0.01594,0.01593,0.01594,43706.6
2020-01-24 07:42:00,1579851720.0,0.01593,0.01593,0.01593,0.01593,1271.3
2020-01-24 07:43:00,1579851780.0,0.01593,0.01598,0.01593,0.01598,696902.0
2020-01-24 07:44:00,1579851840.0,0.01598,0.01598,0.01597,0.01598,126589.2
2020-01-24 07:45:00,1579851900.0,0.01598,0.01598,0.01596,0.01596,192843.4
2020-01-24 07:46:00,1579851960.0,0.01597,0.01597,0.01595,0.01595,481679.6
2020-01-24 07:47:00,1579852020.0,0.01596,0.01596,0.01595,0.01596,10280.7
2020-01-24 07:48:00,1579852080.0,0.01596,0.01597,0.01596,0.01597,385886.0
2020-01-24 07:49:00,1579852140.0,0.01597,0.01597,0.01597,0.01597,0.0
2020-01-24 07:50:00,1579852200.0,0.01596,0.01596,0.01595,0.01595,116357.4
2020-01-24 07:51:00,1579852260.0,0.01596,0.01596,0.01595,0.01596,1467863.1
2020-01-24 07:52:00,1579852320.0,0.01596,0.01598,0.01596,0.01598,929666.8
2020-01-24 07:53:00,1579852380.0,0.01598,0.01598,0.01597,0.01598,121375.0
2020-01-24 07:54:00,1579852440.0,0.01598,0.01599,0.01597,0.01599,143334.8
2020-01-24 07:55:00,1579852500.0,0.01598,0.01598,0.01598,0.01598,94113.1
2020-01-24 07:56:00,1579852560.0,0.01597,0.01598,0.01596,0.01597,436708.3
2020-01-24 07:57:00,1579852620.0,0.01596,0.01597,0.01596,0.01597,454748.1
2020-01-24 07:58:00,1579852680.0,0.01597,0.01597,0.01597,0.01597,101704.6
2020-01-24 07:59:00,1579852740.0,0.01597,0.016,0.01597,0.016,678747.9
2020-01-24 08:00:00,1579852800.0,0.01599,0.016,0.01599,0.01599,269482.5
2020-01-24 08:01:00,1579852860.0,0.016,0.016,0.01599,0.01599,38787.9
2020-01-24 08:02:00,1579852920.0,0.01598,0.016,0.01598,0.01599,135426.1
2020-01-24 08:03:00,1579852980.0,0.01598,0.01598,0.01598,0.01598,3377.0
2020-01-24 08:04:00,1579853040.0,0.01598,0.01598,0.01598,0.01598,115348.5
2020-01-24 08:05:00,1579853100.0,0.01599,0.01601,0.01598,0.016,857552.7
2020-01-24 08:06:00,1579853160.0,0.016,0.016,0.01599,0.016,303751.5
2020-01-24 08:07:00,1579853220.0,0.016,0.016,0.016,0.016,0.0
2020-01-24 08:08:00,1579853280.0,0.016,0.01601,0.01599,0.01601,858505.5
2020-01-24 08:09:00,1579853340.0,0.016,0.01601,0.01599,0.01601,588045.4
2020-01-24 08:10:00,1579853400.0,0.01601,0.01602,0.016,0.01601,273458.9
2020-01-24 08:11:00,1579853460.0,0.01602,0.01603,0.01601,0.01601,711458.5
2020-01-24 08:12:00,1579853520.0,0.01601,0.01601,0.01601,0.01601,166199.5
2020-01-24 08:13:00,1579853580.0,0.016,0.016,0.01599,0.016,343010.3
2020-01-24 08:14:00,1579853640.0,0.016,0.016,0.016,0.016,55768.0
2020-01-24 08:15:00,1579853700.0,0.016,0.016,0.01599,0.01599,51561.0
2020-01-24 08:16:00,1579853760.0,0.01599,0.01599,0.01599,0.01599,372215.0
2020-01-24 08:17:00,1579853820.0,0.01599,0.01599,0.01598,0.01598,17244.1
2020-01-24 08:18:00,1579853880.0,0.01599,0.016,0.01598,0.01598,280033.4
2020-01-24 08:19:00,1579853940.0,0.01598,0.01598,0.01597,0.01597,252502.3
2020-01-24 08:20:00,1579854000.0,0.01598,0.01599,0.01597,0.01597,120848.0
2020-01-24 08:21:00,1579854060.0,0.01598,0.01598,0.01596,0.01596,446718.6
2020-01-24 08:22:00,1579854120.0,0.01597,0.01597,0.01594,0.01594,421204.5
2020-01-24 08:23:00,1579854180.0,0.01594,0.01595,0.01594,0.01595,127079.1
2020-01-24 08:24:00,1579854240.0,0.01595,0.01595,0.01594,0.01595,4122.3
2020-01-24 08:25:00,1579854300.0,0.01594,0.01595,0.01593,0.01595,87270.6
2020-01-24 08:26:00,1579854360.0,0.01595,0.01595,0.01593,0.01594,382330.1
2020-01-24 08:27:00,1579854420.0,0.01594,0.01594,0.01594,0.01594,148720.6
2020-01-24 08:28:00,1579854480.0,0.01594,0.01594,0.01594,0.01594,161057.4
2020-01-24 08:29:00,1579854540.0,0.01594,0.01594,0.01594,0.01594,124832.1
2020-01-24 08:30:00,1579854600.0,0.01594,0.01595,0.01594,0.01594,28441.3
2020-01-24 08:31:00,1579854660.0,0.01594,0.01595,0.01594,0.01595,276587.8
2020-01-24 08:32:00,1579854720.0,0.01596,0.01596,0.01594,0.01594,114228.2
2020-01-24 08:33:00,1579854780.0,0.01595,0.01597,0.01595,0.01597,185967.5
2020-01-24 08:34:00,1579854840.0,0.01596,0.01597,0.01595,0.01596,201399.9
2020-01-24 08:35:00,1579854900.0,0.01595,0.01595,0.01595,0.01595,23523.4
2020-01-24 08:36:00,1579854960.0,0.01595,0.01596,0.01594,0.01595,586758.1
2020-01-24 08:37:00,1579855020.0,0.01595,0.01595,0.01594,0.01595,104984.2
2020-01-24 08:38:00,1579855080.0,0.01596,0.01596,0.01596,0.01596,116023.7
2020-01-24 08:39:00,1579855140.0,0.01596,0.01596,0.01595,0.01596,262977.0
2020-01-24 08:40:00,1579855200.0,0.01596,0.01597,0.01596,0.01597,177371.0
2020-01-24 08:41:00,1579855260.0,0.01598,0.01598,0.01597,0.01597,135040.4
2020-01-24 08:42:00,1579855320.0,0.01597,0.01598,0.01597,0.01597,42157.3
2020-01-24 08:43:00,1579855380.0,0.01597,0.01598,0.01597,0.01598,78946.8
2020-01-24 08:44:00,1579855440.0,0.01598,0.01598,0.01598,0.01598,106741.3
2020-01-24 08:45:00,1579855500.0,0.01598,0.01598,0.01597,0.01598,92078.4
2020-01-24 08:46:00,1579855560.0,0.01597,0.01597,0.01597,0.01597,14676.3
2020-01-24 08:47:00,1579855620.0,0.01597,0.01598,0.01597,0.01598,2802.1
2020-01-24 08:48:00,1579855680.0,0.01597,0.01597,0.01596,0.01596,310589.4
2020-01-24 08:49:00,1579855740.0,0.01596,0.01597,0.01596,0.01596,56668.1
2020-01-24 08:50:00,1579855800.0,0.01597,0.01599,0.01596,0.01598,465426.7
2020-01-24 08:51:00,1579855860.0,0.01598,0.01599,0.01597,0.01597,492416.4
2020-01-24 08:52:00,1579855920.0,0.01596,0.01596,0.01596,0.01596,15025.0
2020-01-24 08:53:00,1579855980.0,0.01596,0.01597,0.01595,0.01595,176385.1
2020-01-24 08:54:00,1579856040.0,0.01596,0.01597,0.01596,0.01597,101159.8
2020-01-24 08:55:00,1579856100.0,0.01597,0.01597,0.01596,0.01596,54267.1
2020-01-24 08:56:00,1579856160.0,0.01595,0.01596,0.01595,0.01595,37098.3
2020-01-24 08:57:00,1579856220.0,0.01595,0.01595,0.01595,0.01595,0.0
2020-01-24 08:58:00,1579856280.0,0.01596,0.01596,0.01596,0.01596,42579.2
2020-01-24 08:59:00,1579856340.0,0.01597,0.01598,0.01596,0.01597,224806.0
2020-01-24 09:00:00,1579856400.0,0.01598,0.01599,0.01597,0.01599,647552.9
2020-01-24 09:01:00,1579856460.0,0.01598,0.01599,0.01598,0.01598,40673.8
2020-01-24 09:02:00,1579856520.0,0.01599,0.01599,0.01598,0.01598,38264.0
2020-01-24 09:03:00,1579856580.0,0.01598,0.01599,0.01597,0.01597,36844.9
2020-01-24 09:04:00,1579856640.0,0.01599,0.01599,0.01598,0.01598,76166.9
2020-01-24 09:05:00,1579856700.0,0.01599,0.01599,0.01597,0.01597,147216.5
2020-01-24 09:06:00,1579856760.0,0.01596,0.01597,0.01596,0.01596,41046.0
2020-01-24 09:07:00,1579856820.0,0.01597,0.01598,0.01597,0.01598,37420.8
2020-01-24 09:08:00,1579856880.0,0.01597,0.01597,0.01596,0.01597,145470.3
2020-01-24 09:09:00,1579856940.0,0.01597,0.01597,0.01595,0.01596,112025.1
2020-01-24 09:10:00,1579857000.0,0.01595,0.01596,0.01593,0.01595,661445.4
2020-01-24 09:11:00,1579857060.0,0.01594,0.01595,0.01588,0.01589,2944411.3
2020-01-24 09:12:00,1579857120.0,0.01588,0.0159,0.01588,0.01589,1169975.7
2020-01-24 09:13:00,1579857180.0,0.01588,0.0159,0.01586,0.01589,1850311.0
2020-01-24 09:14:00,1579857240.0,0.01588,0.01589,0.01586,0.01588,276634.0
2020-01-24 09:15:00,1579857300.0,0.01587,0.01587,0.01585,0.01586,160809.4
2020-01-24 09:16:00,1579857360.0,0.01585,0.01586,0.01582,0.01582,2689620.5
2020-01-24 09:17:00,1579857420.0,0.01583,0.01585,0.01583,0.01584,963342.7
2020-01-24 09:18:00,1579857480.0,0.01584,0.01584,0.0158,0.01581,2048775.5
2020-01-24 09:19:00,1579857540.0,0.01582,0.01583,0.01581,0.01581,1108661.6
2020-01-24 09:20:00,1579857600.0,0.01581,0.01581,0.01579,0.0158,953080.5
2020-01-24 09:21:00,1579857660.0,0.0158,0.01581,0.01577,0.01578,1948401.4
2020-01-24 09:22:00,1579857720.0,0.01577,0.01578,0.01572,0.01573,2295956.9
2020-01-24 09:23:00,1579857780.0,0.01574,0.01575,0.01571,0.01572,1158509.3
2020-01-24 09:24:00,1579857840.0,0.01572,0.01572,0.01569,0.0157,1599497.1
2020-01-24 09:25:00,1579857900.0,0.01571,0.01571,0.01568,0.01568,2553423.2
2020-01-24 09:26:00,1579857960.0,0.01569,0.01571,0.01567,0.01571,1859428.6
2020-01-24 09:27:00,1579858020.0,0.01571,0.01577,0.0157,0.01575,2092797.3
2020-01-24 09:28:00,1579858080.0,0.01575,0.01576,0.01573,0.01574,532045.8
2020-01-24 09:29:00,1579858140.0,0.01574,0.01576,0.01573,0.01575,514425.1
2020-01-24 09:30:00,1579858200.0,0.01576,0.01576,0.01573,0.01575,579820.5
2020-01-24 09:31:00,1579858260.0,0.01575,0.01577,0.01575,0.01575,129044.7
2020-01-24 09:32:00,1579858320.0,0.01576,0.01582,0.01576,0.01581,2361890.4
2020-01-24 09:33:00,1579858380.0,0.01581,0.01582,0.01579,0.01581,344786.3
2020-01-24 09:34:00,1579858440.0,0.01581,0.01582,0.01579,0.01581,768580.9
2020-01-24 09:35:00,1579858500.0,0.01581,0.01581,0.01575,0.01575,887736.2
2020-01-24 09:36:00,1579858560.0,0.01576,0.01576,0.01573,0.01575,1507693.9
2020-01-24 09:37:00,1579858620.0,0.01576,0.01577,0.01574,0.01574,614316.5
2020-01-24 09:38:00,1579858680.0,0.01576,0.01578,0.01576,0.01578,464848.8
2020-01-24 09:39:00,1579858740.0,0.01578,0.01578,0.01574,0.01576,1257453.0
2020-01-24 09:40:00,1579858800.0,0.01575,0.01576,0.01575,0.01575,244793.5
2020-01-24 09:41:00,1579858860.0,0.01575,0.01577,0.01575,0.01577,185780.3
2020-01-24 09:42:00,1579858920.0,0.01577,0.01577,0.01576,0.01576,76203.1
2020-01-24 09:43:00,1579858980.0,0.01576,0.01576,0.01574,0.01575,847771.8
2020-01-24 09:44:00,1579859040.0,0.01575,0.01575,0.01573,0.01575,799459.8
2020-01-24 09:45:00,1579859100.0,0.01575,0.01576,0.0157,0.01573,1518604.9
2020-01-24 09:46:00,1579859160.0,0.01572,0.01573,0.0157,0.0157,1101109.6
2020-01-24 09:47:00,1579859220.0,0.0157,0.01571,0.01569,0.0157,569690.6
2020-01-24 09:48:00,1579859280.0,0.0157,0.0157,0.01568,0.01568,363615.3
2020-01-24 09:49:00,1579859340.0,0.0157,0.0157,0.01569,0.01569,125667.2
2020-01-24 09:50:00,1579859400.0,0.01569,0.01571,0.01567,0.01569,1529032.3
2020-01-24 09:51:00,1579859460.0,0.01569,0.01571,0.01569,0.01569,432348.1
2020-01-24 09:52:00,1579859520.0,0.01568,0.01569,0.01567,0.01569,659664.5
2020-01-24 09:53:00,1579859580.0,0.01568,0.01569,0.01567,0.01569,333445.6
2020-01-24 09:54:00,1579859640.0,0.01569,0.0157,0.01567,0.01567,663466.0
2020-01-24 09:55:00,1579859700.0,0.01568,0.01573,0.01568,0.01572,794469.2
2020-01-24 09:56:00,1579859760.0,0.01572,0.01574,0.01571,0.01574,1535940.3
2020-01-24 09:57:00,1579859820.0,0.01572,0.01574,0.01569,0.01572,1427720.5
2020-01-24 09:58:00,1579859880.0,0.01572,0.01572,0.01569,0.0157,480757.7
2020-01-24 09:59:00,1579859940.0,0.0157,0.01571,0.01568,0.01569,387838.5
2020-01-24 10:00:00,1579860000.0,0.01569,0.01572,0.01567,0.01572,1725641.7
2020-01-24 10:01:00,1579860060.0,0.01572,0.01579,0.01572,0.01579,1596223.0
2020-01-24 10:02:00,1579860120.0,0.01579,0.01586,0.01577,0.01585,2255546.3
2020-01-24 10:03:00,1579860180.0,0.01586,0.01589,0.01583,0.01584,2374837.9
2020-01-24 10:04:00,1579860240.0,0.01585,0.0159,0.01584,0.01584,2228662.0
2020-01-24 10:05:00,1579860300.0,0.01584,0.01584,0.01582,0.01583,222468.5
2020-01-24 10:06:00,1579860360.0,0.01584,0.01584,0.01582,0.01583,75722.9
2020-01-24 10:07:00,1579860420.0,0.01583,0.01583,0.01582,0.01582,14609.8
2020-01-24 10:08:00,1579860480.0,0.01581,0.01583,0.01581,0.01582,138827.4
2020-01-24 10:09:00,1579860540.0,0.01582,0.01584,0.01581,0.01584,543612.0
2020-01-24 10:10:00,1579860600.0,0.01584,0.01585,0.01584,0.01584,126968.7
2020-01-24 10:11:00,1579860660.0,0.01584,0.01584,0.01583,0.01583,182939.2
2020-01-24 10:12:00,1579860720.0,0.01583,0.01583,0.01583,0.01583,33389.8
2020-01-24 10:13:00,1579860780.0,0.01582,0.01583,0.01581,0.01582,646112.0
2020-01-24 10:14:00,1579860840.0,0.01582,0.01582,0.01582,0.01582,20831.9
2020-01-24 10:15:00,1579860900.0,0.01582,0.01582,0.01581,0.01581,74708.2
2020-01-24 10:16:00,1579860960.0,0.01582,0.01583,0.01582,0.01583,699799.5
2020-01-24 10:17:00,1579861020.0,0.01582,0.01583,0.01582,0.01582,699923.7
2020-01-24 10:18:00,1579861080.0,0.01582,0.01582,0.01581,0.01581,1589471.6
2020-01-24 10:19:00,1579861140.0,0.01582,0.01582,0.01581,0.01581,364618.7
2020-01-24 10:20:00,1579861200.0,0.01581,0.01582,0.01581,0.01582,123571.4
2020-01-24 10:21:00,1579861260.0,0.01582,0.01584,0.01581,0.01583,739116.6
2020-01-24 10:22:00,1579861320.0,0.01583,0.01584,0.01582,0.01582,94187.8
2020-01-24 10:23:00,1579861380.0,0.01583,0.01583,0.0158,0.0158,303569.5
2020-01-24 10:24:00,1579861440.0,0.01581,0.01582,0.0158,0.01582,152389.8
2020-01-24 10:25:00,1579861500.0,0.01581,0.01582,0.01581,0.01582,4680.8
2020-01-24 10:26:00,1579861560.0,0.01581,0.01581,0.01581,0.01581,5541.0
2020-01-24 10:27:00,1579861620.0,0.01581,0.01582,0.01581,0.01581,92876.9
2020-01-24 10:28:00,1579861680.0,0.01581,0.01581,0.0158,0.0158,47579.0
2020-01-24 10:29:00,1579861740.0,0.0158,0.01581,0.0158,0.0158,117420.7
2020-01-24 10:30:00,1579861800.0,0.01581,0.01581,0.0158,0.01581,74681.6
2020-01-24 10:31:00,1579861860.0,0.01581,0.01582,0.0158,0.01581,208654.7
2020-01-24 10:32:00,1579861920.0,0.01581,0.01582,0.0158,0.0158,206414.0
2020-01-24 10:33:00,1579861980.0,0.0158,0.01581,0.0158,0.0158,94772.6
2020-01-24 10:34:00,1579862040.0,0.0158,0.01581,0.0158,0.0158,252830.5
2020-01-24 10:35:00,1579862100.0,0.0158,0.0158,0.01579,0.01579,221893.3
2020-01-24 10:36:00,1579862160.0,0.01578,0.01579,0.01577,0.01578,809853.0
2020-01-24 10:37:00,1579862220.0,0.01578,0.01578,0.01577,0.01577,243570.7
2020-01-24 10:38:00,1579862280.0,0.01578,0.01578,0.01574,0.01576,554518.5
2020-01-24 10:39:00,1579862340.0,0.01575,0.01576,0.01575,0.01575,143161.3
2020-01-24 10:40:00,1579862400.0,0.01575,0.01575,0.01574,0.01574,127100.5
2020-01-24 10:41:00,1579862460.0,0.01574,0.01575,0.01574,0.01574,74762.5
2020-01-24 10:42:00,1579862520.0,0.01575,0.01578,0.01575,0.01578,1152855.5
2020-01-24 10:43:00,1579862580.0,0.01577,0.01578,0.01577,0.01577,170324.4
2020-01-24 10:44:00,1579862640.0,0.01577,0.01578,0.01577,0.01577,105712.7
2020-01-24 10:45:00,1579862700.0,0.01578,0.01579,0.01578,0.01579,125525.1
2020-01-24 10:46:00,1579862760.0,0.01579,0.01581,0.01579,0.01579,333614.6
2020-01-24 10:47:00,1579862820.0,0.01579,0.01581,0.01579,0.01581,346870.4
2020-01-24 10:48:00,1579862880.0,0.01581,0.01581,0.0158,0.0158,73082.0
2020-01-24 10:49:00,1579862940.0,0.01581,0.01581,0.0158,0.01581,19248.9
2020-01-24 10:50:00,1579863000.0,0.0158,0.0158,0.0158,0.0158,16003.6
2020-01-24 10:51:00,1579863060.0,0.0158,0.01581,0.01579,0.0158,335129.1
2020-01-24 10:52:00,1579863120.0,0.0158,0.01581,0.01579,0.0158,95800.6
2020-01-24 10:53:00,1579863180.0,0.0158,0.0158,0.0158,0.0158,14510.0
2020-01-24 10:54:00,1579863240.0,0.0158,0.0158,0.01573,0.01574,1588201.8
2020-01-24 10:55:00,1579863300.0,0.01574,0.01575,0.01572,0.01573,455860.1
2020-01-24 10:56:00,1579863360.0,0.01574,0.01574,0.01572,0.01572,316164.9
2020-01-24 10:57:00,1579863420.0,0.01573,0.01577,0.01573,0.01577,1315803.5
2020-01-24 10:58:00,1579863480.0,0.01576,0.01577,0.01576,0.01577,135465.2
2020-01-24 10:59:00,1579863540.0,0.01577,0.01577,0.01576,0.01577,143502.9
2020-01-24 11:00:00,1579863600.0,0.01576,0.01577,0.01573,0.01573,663821.2
2020-01-24 11:01:00,1579863660.0,0.01575,0.01577,0.01573,0.01576,555047.6
2020-01-24 11:02:00,1579863720.0,0.01577,0.01578,0.01576,0.01578,331149.3
2020-01-24 11:03:00,1579863780.0,0.01578,0.01578,0.01575,0.01577,352289.6
2020-01-24 11:04:00,1579863840.0,0.01576,0.01577,0.01575,0.01576,299761.9
2020-01-24 11:05:00,1579863900.0,0.01576,0.01577,0.01574,0.01575,428017.0
2020-01-24 11:06:00,1579863960.0,0.01575,0.01576,0.01574,0.01575,239618.9
2020-01-24 11:07:00,1579864020.0,0.01575,0.01575,0.01573,0.01573,389433.1
2020-01-24 11:08:00,1579864080.0,0.01574,0.01575,0.01573,0.01574,384797.9
2020-01-24 11:09:00,1579864140.0,0.01573,0.01575,0.01572,0.01573,919626.3
2020-01-24 11:10:00,1579864200.0,0.01573,0.01574,0.01571,0.01574,873449.9
2020-01-24 11:11:00,1579864260.0,0.01574,0.01577,0.01574,0.01575,858341.8
2020-01-24 11:12:00,1579864320.0,0.01574,0.01577,0.01574,0.01576,330641.9
2020-01-24 11:13:00,1579864380.0,0.01576,0.01579,0.01576,0.01579,533237.1
2020-01-24 11:14:00,1579864440.0,0.01579,0.0158,0.01579,0.01579,397861.1
2020-01-24 11:15:00,1579864500.0,0.0158,0.01584,0.0158,0.01584,878946.9
2020-01-24 11:16:00,1579864560.0,0.01584,0.01585,0.01582,0.01582,688193.4
2020-01-24 11:17:00,1579864620.0,0.01583,0.01585,0.01582,0.01585,893203.5
2020-01-24 11:18:00,1579864680.0,0.01584,0.01586,0.01584,0.01584,86855.0
2020-01-24 11:19:00,1579864740.0,0.01586,0.01587,0.01585,0.01585,536471.6
2020-01-24 11:20:00,1579864800.0,0.01586,0.01586,0.01584,0.01585,250423.5
2020-01-24 11:21:00,1579864860.0,0.01584,0.01587,0.01584,0.01586,378458.1
2020-01-24 11:22:00,1579864920.0,0.01585,0.01586,0.01585,0.01585,220128.3
2020-01-24 11:23:00,1579864980.0,0.01586,0.01589,0.01586,0.01589,1434080.6
2020-01-24 11:24:00,1579865040.0,0.01589,0.01592,0.01589,0.01592,1006885.8
2020-01-24 11:25:00,1579865100.0,0.01592,0.01598,0.01591,0.01597,2179302.8
2020-01-24 11:26:00,1579865160.0,0.01597,0.01597,0.01594,0.01595,694088.4
2020-01-24 11:27:00,1579865220.0,0.01594,0.01596,0.01591,0.01593,578814.9
2020-01-24 11:28:00,1579865280.0,0.01593,0.01595,0.01591,0.01595,610742.8
2020-01-24 11:29:00,1579865340.0,0.01595,0.01598,0.01595,0.01596,1212723.8
2020-01-24 11:30:00,1579865400.0,0.01597,0.01601,0.01597,0.016,3524292.8
2020-01-24 11:31:00,1579865460.0,0.01599,0.01607,0.01598,0.01607,1327968.1
2020-01-24 11:32:00,1579865520.0,0.01606,0.01614,0.01606,0.01614,1581815.4
2020-01-24 11:33:00,1579865580.0,0.01613,0.01617,0.01612,0.01616,1646365.2
2020-01-24 11:34:00,1579865640.0,0.01616,0.01618,0.01607,0.01607,2241423.7
2020-01-24 11:35:00,1579865700.0,0.01607,0.01618,0.01607,0.01616,2991347.3
2020-01-24 11:36:00,1579865760.0,0.01617,0.01617,0.01612,0.01615,1202142.1
2020-01-24 11:37:00,1579865820.0,0.01614,0.01617,0.01614,0.01616,1050240.0
2020-01-24 11:38:00,1579865880.0,0.01616,0.01616,0.01612,0.01613,1000829.3
2020-01-24 11:39:00,1579865940.0,0.01612,0.01612,0.01606,0.01606,2091784.5
2020-01-24 11:40:00,1579866000.0,0.01606,0.0161,0.01604,0.0161,2527591.8
2020-01-24 11:41:00,1579866060.0,0.0161,0.0161,0.01608,0.01608,333697.5
2020-01-24 11:42:00,1579866120.0,0.01609,0.01609,0.01608,0.01608,84261.3
2020-01-24 11:43:00,1579866180.0,0.0161,0.0161,0.01608,0.0161,240324.2
2020-01-24 11:44:00,1579866240.0,0.0161,0.01612,0.0161,0.01612,166495.5
2020-01-24 11:45:00,1579866300.0,0.01611,0.01611,0.01611,0.01611,492762.9
2020-01-24 11:46:00,1579866360.0,0.01611,0.01612,0.01611,0.01612,38364.5
2020-01-24 11:47:00,1579866420.0,0.0161,0.0161,0.01604,0.01604,1469199.5
2020-01-24 11:48:00,1579866480.0,0.01604,0.01608,0.01604,0.01608,1002468.2
2020-01-24 11:49:00,1579866540.0,0.01608,0.01608,0.01605,0.01605,240309.9
2020-01-24 11:50:00,1579866600.0,0.01604,0.0161,0.01603,0.0161,2096322.0
2020-01-24 11:51:00,1579866660.0,0.01609,0.0161,0.01608,0.01608,624846.7
2020-01-24 11:52:00,1579866720.0,0.01607,0.01608,0.01607,0.01608,177877.3
2020-01-24 11:53:00,1579866780.0,0.01608,0.01608,0.01608,0.01608,29484.8
2020-01-24 11:54:00,1579866840.0,0.01609,0.0161,0.01606,0.01606,1484712.1
2020-01-24 11:55:00,1579866900.0,0.01607,0.0161,0.01606,0.01609,606382.2
2020-01-24 11:56:00,1579866960.0,0.01609,0.01615,0.01609,0.01612,1332614.8
2020-01-24 11:57:00,1579867020.0,0.01613,0.01614,0.01612,0.01612,156438.9
2020-01-24 11:58:00,1579867080.0,0.01614,0.01624,0.01614,0.01624,2104318.2
2020-01-24 11:59:00,1579867140.0,0.01624,0.01624,0.01617,0.0162,1511387.3
2020-01-24 12:00:00,1579867200.0,0.01621,0.01629,0.01621,0.01627,3358592.3
2020-01-24 12:01:00,1579867260.0,0.01628,0.01636,0.01628,0.01628,5331334.2
2020-01-24 12:02:00,1579867320.0,0.01628,0.01633,0.01626,0.01626,2461612.2
2020-01-24 12:03:00,1579867380.0,0.01626,0.01628,0.01622,0.01627,1807091.4
2020-01-24 12:04:00,1579867440.0,0.01627,0.01627,0.01624,0.01625,1093815.0
2020-01-24 12:05:00,1579867500.0,0.01624,0.01624,0.01618,0.01619,1110684.8
2020-01-24 12:06:00,1579867560.0,0.01618,0.01621,0.01618,0.01619,344077.2
2020-01-24 12:07:00,1579867620.0,0.01619,0.0162,0.01618,0.0162,426862.1
2020-01-24 12:08:00,1579867680.0,0.0162,0.01622,0.0162,0.01622,207629.8
2020-01-24 12:09:00,1579867740.0,0.0162,0.01623,0.0162,0.01622,356410.6
2020-01-24 12:10:00,1579867800.0,0.01621,0.01621,0.01618,0.0162,466713.0
2020-01-24 12:11:00,1579867860.0,0.01618,0.0162,0.01617,0.01617,172520.8
2020-01-24 12:12:00,1579867920.0,0.01617,0.01618,0.01617,0.01617,65005.9
2020-01-24 12:13:00,1579867980.0,0.01618,0.01622,0.01615,0.01622,1774441.0
2020-01-24 12:14:00,1579868040.0,0.01621,0.0163,0.01621,0.01628,2168059.8
2020-01-24 12:15:00,1579868100.0,0.01629,0.01632,0.01627,0.01631,738256.6
2020-01-24 12:16:00,1579868160.0,0.01629,0.01632,0.01629,0.01631,1837352.0
2020-01-24 12:17:00,1579868220.0,0.0163,0.01634,0.0163,0.01633,2109303.0
2020-01-24 12:18:00,1579868280.0,0.01633,0.01634,0.0163,0.01631,813352.4
2020-01-24 12:19:00,1579868340.0,0.01631,0.01632,0.01629,0.01631,304918.1
2020-01-24 12:20:00,1579868400.0,0.0163,0.01631,0.01629,0.01629,360286.9
2020-01-24 12:21:00,1579868460.0,0.0163,0.0163,0.01629,0.01629,88632.7
2020-01-24 12:22:00,1579868520.0,0.01628,0.0163,0.01628,0.01628,105650.9
2020-01-24 12:23:00,1579868580.0,0.01628,0.01628,0.01627,0.01628,326266.5
2020-01-24 12:24:00,1579868640.0,0.01628,0.01632,0.01628,0.01632,1972368.7
2020-01-24 12:25:00,1579868700.0,0.0163,0.0163,0.0163,0.0163,130383.8
2020-01-24 12:26:00,1579868760.0,0.01631,0.01634,0.01631,0.01633,1136798.9
2020-01-24 12:27:00,1579868820.0,0.01633,0.01635,0.01633,0.01634,335866.7
2020-01-24 12:28:00,1579868880.0,0.01634,0.01635,0.01633,0.01634,419633.4
2020-01-24 12:29:00,1579868940.0,0.01635,0.01637,0.01635,0.01637,314508.8
2020-01-24 12:30:00,1579869000.0,0.01635,0.01636,0.01635,0.01636,168179.7
2020-01-24 12:31:00,1579869060.0,0.01636,0.01639,0.01636,0.01639,646152.8
2020-01-24 12:32:00,1579869120.0,0.0164,0.0164,0.01639,0.0164,310125.4
2020-01-24 12:33:00,1579869180.0,0.0164,0.0164,0.01635,0.01636,1722542.1
2020-01-24 12:34:00,1579869240.0,0.01635,0.01637,0.01634,0.01634,483945.1
2020-01-24 12:35:00,1579869300.0,0.01636,0.01638,0.01636,0.01637,419424.2
2020-01-24 12:36:00,1579869360.0,0.01637,0.01637,0.01635,0.01635,363843.4
2020-01-24 12:37:00,1579869420.0,0.01636,0.01636,0.01634,0.01634,332406.8
2020-01-24 12:38:00,1579869480.0,0.01634,0.01634,0.01633,0.01634,37724.9
2020-01-24 12:39:00,1579869540.0,0.01634,0.01635,0.01633,0.01635,285281.3
2020-01-24 12:40:00,1579869600.0,0.01635,0.01638,0.01635,0.01637,498590.3
2020-01-24 12:41:00,1579869660.0,0.01637,0.01639,0.01637,0.01639,555558.0
2020-01-24 12:42:00,1579869720.0,0.0164,0.01643,0.01639,0.01641,755443.6
2020-01-24 12:43:00,1579869780.0,0.01641,0.01642,0.01639,0.01641,750907.1
2020-01-24 12:44:00,1579869840.0,0.01639,0.01641,0.01639,0.0164,40559.4
2020-01-24 12:45:00,1579869900.0,0.01639,0.01643,0.01639,0.01643,703161.2
2020-01-24 12:46:00,1579869960.0,0.01642,0.01642,0.0164,0.0164,146375.7
2020-01-24 12:47:00,1579870020.0,0.01639,0.0164,0.01632,0.01634,1898493.5
2020-01-24 12:48:00,1579870080.0,0.01636,0.0164,0.01636,0.0164,636020.3
2020-01-24 12:49:00,1579870140.0,0.01641,0.01643,0.01641,0.01643,1128741.0
2020-01-24 12:50:00,1579870200.0,0.01641,0.01642,0.01638,0.01639,1073564.3
2020-01-24 12:51:00,1579870260.0,0.01638,0.0164,0.01638,0.01638,44483.2
2020-01-24 12:52:00,1579870320.0,0.01638,0.0164,0.01638,0.0164,708960.4
2020-01-24 12:53:00,1579870380.0,0.01639,0.01641,0.01639,0.0164,552208.8
2020-01-24 12:54:00,1579870440.0,0.0164,0.01641,0.01638,0.01638,703118.7
2020-01-24 12:55:00,1579870500.0,0.01639,0.01641,0.01637,0.0164,305134.7
2020-01-24 12:56:00,1579870560.0,0.0164,0.01641,0.01638,0.01638,328881.2
2020-01-24 12:57:00,1579870620.0,0.01639,0.01639,0.01636,0.01637,1077774.4
2020-01-24 12:58:00,1579870680.0,0.01638,0.0164,0.01637,0.01639,170106.7
2020-01-24 12:59:00,1579870740.0,0.01638,0.01639,0.01636,0.01637,230055.0
2020-01-24 13:00:00,1579870800.0,0.01638,0.0164,0.01635,0.01635,901654.5
2020-01-24 13:01:00,1579870860.0,0.01637,0.01637,0.01634,0.01634,734338.0
2020-01-24 13:02:00,1579870920.0,0.01634,0.01638,0.01633,0.01635,1322178.8
2020-01-24 13:03:00,1579870980.0,0.01635,0.01635,0.01631,0.01632,765912.4
2020-01-24 13:04:00,1579871040.0,0.01632,0.01633,0.01631,0.01631,318007.4
2020-01-24 13:05:00,1579871100.0,0.0163,0.01631,0.01629,0.0163,428173.2
2020-01-24 13:06:00,1579871160.0,0.0163,0.01631,0.01629,0.01631,39963.6
2020-01-24 13:07:00,1579871220.0,0.0163,0.01631,0.01628,0.01629,200437.1
2020-01-24 13:08:00,1579871280.0,0.0163,0.01631,0.01629,0.01631,226191.2
2020-01-24 13:09:00,1579871340.0,0.0163,0.01635,0.0163,0.01633,1413815.1
2020-01-24 13:10:00,1579871400.0,0.01632,0.01632,0.0163,0.01632,1113806.9
2020-01-24 13:11:00,1579871460.0,0.01632,0.01632,0.0163,0.0163,126322.0
2020-01-24 13:12:00,1579871520.0,0.01631,0.01631,0.01629,0.01629,683578.5
2020-01-24 13:13:00,1579871580.0,0.0163,0.01631,0.01629,0.01629,184056.3
2020-01-24 13:14:00,1579871640.0,0.0163,0.01631,0.01629,0.01631,3877.2
2020-01-24 13:15:00,1579871700.0,0.01629,0.01631,0.01629,0.01631,498893.7
2020-01-24 13:16:00,1579871760.0,0.01632,0.01633,0.01631,0.01632,463264.6
2020-01-24 13:17:00,1579871820.0,0.01632,0.01632,0.01631,0.01632,7590.4
2020-01-24 13:18:00,1579871880.0,0.01631,0.01633,0.01631,0.01631,318584.6
2020-01-24 13:19:00,1579871940.0,0.01632,0.01633,0.01631,0.01632,7188.3
2020-01-24 13:20:00,1579872000.0,0.01633,0.01635,0.01632,0.01634,716376.6
2020-01-24 13:21:00,1579872060.0,0.01635,0.01636,0.01635,0.01635,171443.6
2020-01-24 13:22:00,1579872120.0,0.01636,0.01637,0.01636,0.01636,84577.5
2020-01-24 13:23:00,1579872180.0,0.01636,0.01636,0.01633,0.01634,1235160.7
2020-01-24 13:24:00,1579872240.0,0.01635,0.01638,0.01633,0.01637,920946.0
2020-01-24 13:25:00,1579872300.0,0.01637,0.01638,0.01636,0.01636,90373.9
2020-01-24 13:26:00,1579872360.0,0.01637,0.01637,0.01636,0.01636,37082.2
2020-01-24 13:27:00,1579872420.0,0.01638,0.01638,0.01638,0.01638,2263.6
2020-01-24 13:28:00,1579872480.0,0.01637,0.01638,0.01635,0.01635,844027.9
2020-01-24 13:29:00,1579872540.0,0.01636,0.01637,0.01636,0.01636,104637.9
2020-01-24 13:30:00,1579872600.0,0.01635,0.01637,0.01635,0.01637,182041.9
2020-01-24 13:31:00,1579872660.0,0.01635,0.01635,0.01633,0.01633,740365.8
2020-01-24 13:32:00,1579872720.0,0.01634,0.01634,0.01634,0.01634,42881.8
2020-01-24 13:33:00,1579872780.0,0.01634,0.01634,0.01633,0.01633,245043.0
2020-01-24 13:34:00,1579872840.0,0.01634,0.01634,0.01632,0.01633,313383.4
2020-01-24 13:35:00,1579872900.0,0.01633,0.01633,0.01631,0.01633,37356.5
2020-01-24 13:36:00,1579872960.0,0.01631,0.01632,0.01631,0.01631,94450.3
2020-01-24 13:37:00,1579873020.0,0.01631,0.01633,0.01631,0.01633,353100.3
2020-01-24 13:38:00,1579873080.0,0.01633,0.01633,0.01632,0.01632,40731.3
2020-01-24 13:39:00,1579873140.0,0.01633,0.01633,0.01632,0.01632,18133.1
2020-01-24 13:40:00,1579873200.0,0.01632,0.01633,0.01631,0.01633,337182.1
2020-01-24 13:41:00,1579873260.0,0.01633,0.01633,0.01631,0.01633,402681.1
2020-01-24 13:42:00,1579873320.0,0.01633,0.01633,0.01632,0.01632,20985.2
2020-01-24 13:43:00,1579873380.0,0.0163,0.01633,0.0163,0.01632,387861.4
2020-01-24 13:44:00,1579873440.0,0.01631,0.01631,0.01631,0.01631,31083.0
2020-01-24 13:45:00,1579873500.0,0.0163,0.01632,0.0163,0.01632,105333.1
2020-01-24 13:46:00,1579873560.0,0.01633,0.01633,0.01633,0.01633,46534.9
2020-01-24 13:47:00,1579873620.0,0.01633,0.01633,0.01633,0.01633,32783.3
2020-01-24 13:48:00,1579873680.0,0.01634,0.01634,0.01634,0.01634,37123.6
2020-01-24 13:49:00,1579873740.0,0.01633,0.01634,0.01633,0.01634,4940.6
2020-01-24 13:50:00,1579873800.0,0.01634,0.01636,0.01634,0.01636,423219.7
2020-01-24 13:51:00,1579873860.0,0.01636,0.01638,0.01636,0.01638,406039.2
2020-01-24 13:52:00,1579873920.0,0.01637,0.01637,0.01635,0.01635,800188.5
2020-01-24 13:53:00,1579873980.0,0.01636,0.01637,0.01636,0.01637,282912.1
2020-01-24 13:54:00,1579874040.0,0.01637,0.01642,0.01637,0.0164,1220971.9
2020-01-24 13:55:00,1579874100.0,0.01641,0.01644,0.01639,0.01644,3470210.1
2020-01-24 13:56:00,1579874160.0,0.01644,0.01644,0.01641,0.01642,1219219.7
2020-01-24 13:57:00,1579874220.0,0.01643,0.01647,0.01642,0.01644,7486491.8
2020-01-24 13:58:00,1579874280.0,0.01644,0.01645,0.01641,0.01642,1736871.3
2020-01-24 13:59:00,1579874340.0,0.01643,0.01644,0.01642,0.01644,357062.8
2020-01-24 14:00:00,1579874400.0,0.01644,0.01646,0.01644,0.01646,970896.8
2020-01-24 14:01:00,1579874460.0,0.01645,0.01645,0.01644,0.01645,242515.8
2020-01-24 14:02:00,1579874520.0,0.01645,0.01646,0.01644,0.01645,543074.1
2020-01-24 14:03:00,1579874580.0,0.01645,0.01648,0.01644,0.01647,597519.9
2020-01-24 14:04:00,1579874640.0,0.01647,0.01648,0.01645,0.01645,344031.7
2020-01-24 14:05:00,1579874700.0,0.01645,0.01645,0.01642,0.01643,1104255.0
2020-01-24 14:06:00,1579874760.0,0.01643,0.01644,0.01643,0.01643,308633.5
2020-01-24 14:07:00,1579874820.0,0.01644,0.01644,0.0164,0.01641,951546.9
2020-01-24 14:08:00,1579874880.0,0.01641,0.01646,0.0164,0.01646,1639465.6
2020-01-24 14:09:00,1579874940.0,0.01647,0.01647,0.01644,0.01646,1031621.9
2020-01-24 14:10:00,1579875000.0,0.01646,0.01646,0.01644,0.01646,395540.5
2020-01-24 14:11:00,1579875060.0,0.01646,0.01649,0.01645,0.01649,1191503.6
2020-01-24 14:12:00,1579875120.0,0.01649,0.0165,0.01646,0.0165,2095655.8
2020-01-24 14:13:00,1579875180.0,0.0165,0.0165,0.01648,0.0165,363643.6
2020-01-24 14:14:00,1579875240.0,0.01649,0.0165,0.01647,0.01647,1053329.3
2020-01-24 14:15:00,1579875300.0,0.01647,0.0165,0.01647,0.0165,1008820.0
2020-01-24 14:16:00,1579875360.0,0.0165,0.0165,0.01648,0.01648,645310.9
2020-01-24 14:17:00,1579875420.0,0.01648,0.01649,0.01647,0.01648,172164.3
2020-01-24 14:18:00,1579875480.0,0.01647,0.01648,0.01645,0.01645,1240968.8
2020-01-24 14:19:00,1579875540.0,0.01645,0.01645,0.01639,0.01639,1155495.2
2020-01-24 14:20:00,1579875600.0,0.01639,0.01644,0.01639,0.01643,1172288.2
2020-01-24 14:21:00,1579875660.0,0.01644,0.01648,0.01644,0.01646,695960.6
2020-01-24 14:22:00,1579875720.0,0.01647,0.01648,0.01646,0.01648,238988.6
2020-01-24 14:23:00,1579875780.0,0.01648,0.01648,0.01646,0.01646,263085.3
2020-01-24 14:24:00,1579875840.0,0.01646,0.01648,0.01646,0.01648,31482.0
2020-01-24 14:25:00,1579875900.0,0.01648,0.0165,0.01647,0.01648,1464030.6
2020-01-24 14:26:00,1579875960.0,0.01649,0.01649,0.01647,0.01647,173991.9
2020-01-24 14:27:00,1579876020.0,0.01649,0.01649,0.01647,0.01647,112120.9
2020-01-24 14:28:00,1579876080.0,0.01648,0.01649,0.01647,0.01649,239650.8
2020-01-24 14:29:00,1579876140.0,0.01649,0.0165,0.01648,0.0165,354525.7
2020-01-24 14:30:00,1579876200.0,0.0165,0.01656,0.0165,0.01653,3089246.4
2020-01-24 14:31:00,1579876260.0,0.01653,0.01656,0.01652,0.01653,1857476.9
2020-01-24 14:32:00,1579876320.0,0.01654,0.01655,0.01653,0.01654,2240263.7
2020-01-24 14:33:00,1579876380.0,0.01654,0.01654,0.01652,0.01652,912219.3
2020-01-24 14:34:00,1579876440.0,0.01652,0.01653,0.01651,0.01651,410036.8
2020-01-24 14:35:00,1579876500.0,0.01652,0.01655,0.01652,0.01654,886832.5
2020-01-24 14:36:00,1579876560.0,0.01654,0.01656,0.01654,0.01655,802570.3
2020-01-24 14:37:00,1579876620.0,0.01654,0.01656,0.01653,0.01656,607117.1
2020-01-24 14:38:00,1579876680.0,0.01655,0.01658,0.01654,0.01658,1049755.7
2020-01-24 14:39:00,1579876740.0,0.01658,0.01658,0.01651,0.01653,2361181.3
2020-01-24 14:40:00,1579876800.0,0.01653,0.01654,0.0165,0.01652,1254974.4
2020-01-24 14:41:00,1579876860.0,0.01651,0.01652,0.0165,0.0165,183659.5
2020-01-24 14:42:00,1579876920.0,0.01652,0.01654,0.01652,0.01652,768412.1
2020-01-24 14:43:00,1579876980.0,0.01653,0.01655,0.01651,0.01651,1105116.4
2020-01-24 14:44:00,1579877040.0,0.01651,0.01651,0.01649,0.01649,808459.6
2020-01-24 14:45:00,1579877100.0,0.0165,0.01651,0.01645,0.01646,1806129.2
2020-01-24 14:46:00,1579877160.0,0.01648,0.01649,0.01646,0.01647,656415.4
2020-01-24 14:47:00,1579877220.0,0.01649,0.01649,0.01647,0.01647,76609.4
2020-01-24 14:48:00,1579877280.0,0.01647,0.01647,0.01647,0.01647,21817.1
2020-01-24 14:49:00,1579877340.0,0.01648,0.01649,0.01647,0.01649,152760.7
2020-01-24 14:50:00,1579877400.0,0.01647,0.01649,0.01647,0.01649,245125.2
2020-01-24 14:51:00,1579877460.0,0.01649,0.0165,0.01647,0.01649,261850.9
2020-01-24 14:52:00,1579877520.0,0.01649,0.0165,0.01647,0.01649,345143.9
2020-01-24 14:53:00,1579877580.0,0.01649,0.01651,0.01649,0.0165,265811.7
2020-01-24 14:54:00,1579877640.0,0.01651,0.01651,0.01649,0.0165,28744.5
2020-01-24 14:55:00,1579877700.0,0.01651,0.01651,0.01648,0.01648,413746.5
2020-01-24 14:56:00,1579877760.0,0.01649,0.01649,0.01648,0.01649,42392.1
2020-01-24 14:57:00,1579877820.0,0.01649,0.01649,0.01648,0.01649,184068.4
2020-01-24 14:58:00,1579877880.0,0.01648,0.01648,0.01647,0.01647,206416.7
2020-01-24 14:59:00,1579877940.0,0.01647,0.01647,0.01644,0.01644,971809.9
2020-01-24 15:00:00,1579878000.0,0.01644,0.01647,0.01644,0.01647,217402.7
2020-01-24 15:01:00,1579878060.0,0.01647,0.01647,0.01645,0.01645,261574.4
2020-01-24 15:02:00,1579878120.0,0.01646,0.01647,0.01645,0.01646,179326.7
2020-01-24 15:03:00,1579878180.0,0.01647,0.01649,0.01647,0.01648,593902.7
2020-01-24 15:04:00,1579878240.0,0.01647,0.01649,0.01647,0.01649,247525.8
2020-01-24 15:05:00,1579878300.0,0.01648,0.01649,0.01647,0.01647,181025.4
2020-01-24 15:06:00,1579878360.0,0.01647,0.01648,0.01647,0.01647,181485.9
2020-01-24 15:07:00,1579878420.0,0.01647,0.01648,0.01646,0.01646,160579.0
2020-01-24 15:08:00,1579878480.0,0.01648,0.01648,0.01643,0.01643,670613.0
2020-01-24 15:09:00,1579878540.0,0.01643,0.01643,0.01641,0.01642,64692.6
2020-01-24 15:10:00,1579878600.0,0.01641,0.01644,0.01641,0.01644,964241.2
2020-01-24 15:11:00,1579878660.0,0.01643,0.01643,0.0164,0.01641,434351.4
2020-01-24 15:12:00,1579878720.0,0.01641,0.01642,0.0164,0.0164,1152488.0
2020-01-24 15:13:00,1579878780.0,0.01641,0.01642,0.01639,0.01641,1374192.0
2020-01-24 15:14:00,1579878840.0,0.0164,0.01644,0.0164,0.01642,1588352.4
2020-01-24 15:15:00,1579878900.0,0.01641,0.01642,0.01637,0.01637,1779629.3
2020-01-24 15:16:00,1579878960.0,0.01638,0.01639,0.01637,0.01638,733143.1
2020-01-24 15:17:00,1579879020.0,0.01639,0.01639,0.01638,0.01638,117867.5
2020-01-24 15:18:00,1579879080.0,0.01638,0.01644,0.01638,0.01643,2117043.4
2020-01-24 15:19:00,1579879140.0,0.01642,0.01644,0.01641,0.01643,436711.7
2020-01-24 15:20:00,1579879200.0,0.01643,0.01643,0.01638,0.0164,2077627.8
2020-01-24 15:21:00,1579879260.0,0.0164,0.01641,0.01637,0.0164,754193.4
2020-01-24 15:22:00,1579879320.0,0.01641,0.01642,0.01637,0.01639,538829.3
2020-01-24 15:23:00,1579879380.0,0.01639,0.01646,0.01638,0.01646,1113877.2
2020-01-24 15:24:00,1579879440.0,0.01646,0.01648,0.01645,0.01648,325828.2
2020-01-24 15:25:00,1579879500.0,0.01647,0.01649,0.01646,0.01647,157803.6
2020-01-24 15:26:00,1579879560.0,0.01647,0.01648,0.01646,0.01646,95709.9
2020-01-24 15:27:00,1579879620.0,0.01647,0.01648,0.01647,0.01648,251355.7
2020-01-24 15:28:00,1579879680.0,0.01647,0.01649,0.01647,0.01648,500194.3
2020-01-24 15:29:00,1579879740.0,0.01648,0.01648,0.01646,0.01647,267022.5
2020-01-24 15:30:00,1579879800.0,0.01647,0.01647,0.01644,0.01644,972012.2
2020-01-24 15:31:00,1579879860.0,0.01646,0.01649,0.01646,0.01649,975653.6
2020-01-24 15:32:00,1579879920.0,0.01647,0.01649,0.01647,0.01648,145145.4
2020-01-24 15:33:00,1579879980.0,0.01647,0.01649,0.01647,0.01648,308226.6
2020-01-24 15:34:00,1579880040.0,0.01648,0.01648,0.01646,0.01647,231591.3
2020-01-24 15:35:00,1579880100.0,0.01647,0.01648,0.01646,0.01648,114728.1
2020-01-24 15:36:00,1579880160.0,0.01647,0.01648,0.01646,0.01647,357515.6
2020-01-24 15:37:00,1579880220.0,0.01647,0.01648,0.01646,0.01648,177165.4
2020-01-24 15:38:00,1579880280.0,0.01648,0.01649,0.01648,0.01649,297175.4
2020-01-24 15:39:00,1579880340.0,0.01649,0.0165,0.01648,0.01649,184671.4
2020-01-24 15:40:00,1579880400.0,0.0165,0.0165,0.01649,0.0165,38709.9
2020-01-24 15:41:00,1579880460.0,0.01649,0.01649,0.01648,0.01648,117143.1
2020-01-24 15:42:00,1579880520.0,0.01648,0.01649,0.01648,0.01648,68755.7
2020-01-24 15:43:00,1579880580.0,0.01648,0.01649,0.01647,0.01649,411712.6
2020-01-24 15:44:00,1579880640.0,0.01648,0.01649,0.01648,0.01649,9445.3
2020-01-24 15:45:00,1579880700.0,0.0165,0.01653,0.0165,0.01653,1222520.3
2020-01-24 15:46:00,1579880760.0,0.01654,0.01654,0.01653,0.01653,300375.9
2020-01-24 15:47:00,1579880820.0,0.01653,0.01656,0.01653,0.01653,1072739.9
2020-01-24 15:48:00,1579880880.0,0.01653,0.01653,0.01652,0.01652,380709.9
2020-01-24 15:49:00,1579880940.0,0.01652,0.01654,0.01652,0.01652,242835.9
2020-01-24 15:50:00,1579881000.0,0.01653,0.01653,0.01651,0.01652,217364.8
2020-01-24 15:51:00,1579881060.0,0.01653,0.01654,0.01653,0.01653,704101.6
2020-01-24 15:52:00,1579881120.0,0.01653,0.01654,0.01652,0.01653,172463.7
2020-01-24 15:53:00,1579881180.0,0.01655,0.01656,0.01653,0.01654,1162710.9
2020-01-24 15:54:00,1579881240.0,0.01654,0.01655,0.01653,0.01655,155104.0
2020-01-24 15:55:00,1579881300.0,0.01654,0.01655,0.01654,0.01655,105203.1
2020-01-24 15:56:00,1579881360.0,0.01655,0.01655,0.01654,0.01654,269963.7
2020-01-24 15:57:00,1579881420.0,0.01654,0.01654,0.01653,0.01653,326299.5
2020-01-24 15:58:00,1579881480.0,0.01654,0.01655,0.01653,0.01655,93651.5
2020-01-24 15:59:00,1579881540.0,0.01655,0.01655,0.01653,0.01655,132454.0
2020-01-24 16:00:00,1579881600.0,0.01655,0.0166,0.01653,0.01657,2464549.7
2020-01-24 16:01:00,1579881660.0,0.01658,0.01658,0.01655,0.01656,597443.2
2020-01-24 16:02:00,1579881720.0,0.01655,0.01655,0.01649,0.0165,1477530.1
2020-01-24 16:03:00,1579881780.0,0.0165,0.01651,0.01649,0.01651,257102.9
2020-01-24 16:04:00,1579881840.0,0.01649,0.01652,0.01649,0.01649,303030.1
2020-01-24 16:05:00,1579881900.0,0.0165,0.01651,0.01649,0.01649,475848.5
2020-01-24 16:06:00,1579881960.0,0.01649,0.0165,0.01648,0.01648,330200.7
2020-01-24 16:07:00,1579882020.0,0.0165,0.01651,0.01649,0.01651,1054525.0
2020-01-24 16:08:00,1579882080.0,0.01651,0.01652,0.0165,0.0165,458127.2
2020-01-24 16:09:00,1579882140.0,0.01651,0.01651,0.0165,0.0165,283054.9
2020-01-24 16:10:00,1579882200.0,0.0165,0.01651,0.01648,0.01649,392659.8
2020-01-24 16:11:00,1579882260.0,0.01649,0.01649,0.01648,0.01648,8028.5
2020-01-24 16:12:00,1579882320.0,0.01648,0.01648,0.01647,0.01648,253046.7
2020-01-24 16:13:00,1579882380.0,0.01646,0.01648,0.01645,0.01646,1216238.2
2020-01-24 16:14:00,1579882440.0,0.01646,0.01646,0.01644,0.01646,127385.2
2020-01-24 16:15:00,1579882500.0,0.01645,0.01649,0.01644,0.01648,1114422.6
2020-01-24 16:16:00,1579882560.0,0.01649,0.0165,0.01648,0.01648,271907.0
2020-01-24 16:17:00,1579882620.0,0.01649,0.01649,0.01647,0.01648,258175.8
2020-01-24 16:18:00,1579882680.0,0.01648,0.01649,0.01647,0.01648,49419.0
2020-01-24 16:19:00,1579882740.0,0.01648,0.01648,0.01647,0.01647,240916.6
2020-01-24 16:20:00,1579882800.0,0.01647,0.01648,0.01647,0.01647,287420.7
2020-01-24 16:21:00,1579882860.0,0.01649,0.01649,0.01647,0.01649,30703.8
2020-01-24 16:22:00,1579882920.0,0.01647,0.01649,0.01647,0.01647,114346.1
2020-01-24 16:23:00,1579882980.0,0.01649,0.01649,0.01647,0.01649,208085.6
2020-01-24 16:24:00,1579883040.0,0.01648,0.01648,0.01646,0.01646,412930.8
2020-01-24 16:25:00,1579883100.0,0.01648,0.01649,0.01648,0.01649,119511.3
2020-01-24 16:26:00,1579883160.0,0.01649,0.01651,0.01648,0.01651,413668.9
2020-01-24 16:27:00,1579883220.0,0.01651,0.01651,0.0165,0.0165,90942.2
2020-01-24 16:28:00,1579883280.0,0.01651,0.01652,0.01651,0.01651,302810.4
2020-01-24 16:29:00,1579883340.0,0.01651,0.01652,0.01651,0.01652,206637.0
2020-01-24 16:30:00,1579883400.0,0.01652,0.01653,0.01651,0.01651,208625.3
2020-01-24 16:31:00,1579883460.0,0.01652,0.01652,0.0165,0.01652,102280.6
2020-01-24 16:32:00,1579883520.0,0.01651,0.01653,0.0165,0.01653,338471.0
2020-01-24 16:33:00,1579883580.0,0.01652,0.01653,0.01651,0.01652,189077.0
2020-01-24 16:34:00,1579883640.0,0.01651,0.01652,0.01651,0.01651,310169.6
2020-01-24 16:35:00,1579883700.0,0.01651,0.01652,0.01648,0.01649,1543881.8
2020-01-24 16:36:00,1579883760.0,0.01649,0.0165,0.01647,0.01648,391730.4
2020-01-24 16:37:00,1579883820.0,0.01647,0.01649,0.01647,0.01648,349630.1
2020-01-24 16:38:00,1579883880.0,0.01647,0.01648,0.01644,0.01645,989913.1
2020-01-24 16:39:00,1579883940.0,0.01644,0.01646,0.01643,0.01645,630397.1
2020-01-24 16:40:00,1579884000.0,0.01645,0.01649,0.01644,0.01648,866008.8
2020-01-24 16:41:00,1579884060.0,0.01647,0.01649,0.01646,0.01649,65669.0
2020-01-24 16:42:00,1579884120.0,0.01649,0.01649,0.01646,0.01648,517076.2
2020-01-24 16:43:00,1579884180.0,0.01647,0.0165,0.01647,0.0165,937856.8
2020-01-24 16:44:00,1579884240.0,0.0165,0.0165,0.01648,0.01649,182910.6
2020-01-24 16:45:00,1579884300.0,0.01648,0.01649,0.01647,0.01648,326862.0
2020-01-24 16:46:00,1579884360.0,0.01647,0.01652,0.01647,0.0165,1588713.5
2020-01-24 16:47:00,1579884420.0,0.01651,0.01651,0.01646,0.01647,1585104.7
2020-01-24 16:48:00,1579884480.0,0.01646,0.01647,0.01644,0.01645,582639.2
2020-01-24 16:49:00,1579884540.0,0.01645,0.01646,0.01642,0.01642,805654.5
2020-01-24 16:50:00,1579884600.0,0.01644,0.01644,0.01642,0.01644,366536.4
2020-01-24 16:51:00,1579884660.0,0.01644,0.01645,0.01644,0.01645,279468.6
2020-01-24 16:52:00,1579884720.0,0.01645,0.01645,0.01644,0.01644,166525.0
2020-01-24 16:53:00,1579884780.0,0.01644,0.01644,0.01642,0.01642,247524.5
2020-01-24 16:54:00,1579884840.0,0.01643,0.01644,0.01643,0.01644,183768.8
2020-01-24 16:55:00,1579884900.0,0.01643,0.01644,0.01642,0.01644,214089.9
2020-01-24 16:56:00,1579884960.0,0.01644,0.01644,0.01642,0.01643,38961.1
2020-01-24 16:57:00,1579885020.0,0.01644,0.01644,0.01643,0.01643,50759.5
2020-01-24 16:58:00,1579885080.0,0.01644,0.01644,0.01641,0.01642,239963.0
2020-01-24 16:59:00,1579885140.0,0.01642,0.01643,0.01639,0.01641,1115561.8
2020-01-24 17:00:00,1579885200.0,0.01641,0.01642,0.01638,0.0164,457685.9
2020-01-24 17:01:00,1579885260.0,0.01641,0.01642,0.01641,0.01642,236541.4
2020-01-24 17:02:00,1579885320.0,0.01642,0.01643,0.01641,0.01642,315829.5
2020-01-24 17:03:00,1579885380.0,0.01642,0.01646,0.01642,0.01646,308250.4
2020-01-24 17:04:00,1579885440.0,0.01646,0.01646,0.01643,0.01643,264724.4
2020-01-24 17:05:00,1579885500.0,0.01643,0.01643,0.01642,0.01643,293429.8
2020-01-24 17:06:00,1579885560.0,0.01644,0.01644,0.01643,0.01643,303405.4
2020-01-24 17:07:00,1579885620.0,0.01644,0.01644,0.01643,0.01643,80790.0
2020-01-24 17:08:00,1579885680.0,0.01643,0.01644,0.01642,0.01643,413676.1
2020-01-24 17:09:00,1579885740.0,0.01642,0.01643,0.01642,0.01643,266335.7
2020-01-24 17:10:00,1579885800.0,0.01643,0.01643,0.01639,0.01639,908152.2
2020-01-24 17:11:00,1579885860.0,0.0164,0.01641,0.01639,0.0164,218999.1
2020-01-24 17:12:00,1579885920.0,0.0164,0.01641,0.01639,0.0164,118800.9
2020-01-24 17:13:00,1579885980.0,0.01639,0.0164,0.01636,0.01636,612149.4
2020-01-24 17:14:00,1579886040.0,0.01637,0.01638,0.01636,0.01636,586111.1
2020-01-24 17:15:00,1579886100.0,0.01636,0.01638,0.01636,0.01637,244483.8
2020-01-24 17:16:00,1579886160.0,0.01637,0.01639,0.01637,0.01639,310288.8
2020-01-24 17:17:00,1579886220.0,0.01639,0.01639,0.01638,0.01638,216086.7
2020-01-24 17:18:00,1579886280.0,0.01638,0.01638,0.01638,0.01638,83625.1
2020-01-24 17:19:00,1579886340.0,0.01638,0.01638,0.01637,0.01637,121301.4
2020-01-24 17:20:00,1579886400.0,0.01637,0.01638,0.01637,0.01638,400906.6
2020-01-24 17:21:00,1579886460.0,0.01639,0.0164,0.01638,0.01639,265767.3
2020-01-24 17:22:00,1579886520.0,0.0164,0.0164,0.01638,0.01638,208628.6
2020-01-24 17:23:00,1579886580.0,0.01639,0.01639,0.01636,0.01636,702771.3
2020-01-24 17:24:00,1579886640.0,0.01637,0.01637,0.01635,0.01635,495820.1
2020-01-24 17:25:00,1579886700.0,0.01635,0.01637,0.01635,0.01636,342868.2
2020-01-24 17:26:00,1579886760.0,0.01636,0.01637,0.01636,0.01637,43595.4
2020-01-24 17:27:00,1579886820.0,0.01637,0.01637,0.01636,0.01637,10245.6
2020-01-24 17:28:00,1579886880.0,0.01636,0.01636,0.01636,0.01636,16366.6
2020-01-24 17:29:00,1579886940.0,0.01636,0.01636,0.01635,0.01636,158555.1
2020-01-24 17:30:00,1579887000.0,0.01635,0.01636,0.01635,0.01635,165569.5
2020-01-24 17:31:00,1579887060.0,0.01636,0.01637,0.01635,0.01637,330708.2
2020-01-24 17:32:00,1579887120.0,0.01636,0.01641,0.01636,0.01641,1054771.6
2020-01-24 17:33:00,1579887180.0,0.01641,0.01642,0.0164,0.0164,158393.5
2020-01-24 17:34:00,1579887240.0,0.01641,0.01642,0.0164,0.01642,668624.1
2020-01-24 17:35:00,1579887300.0,0.01641,0.01643,0.01641,0.01642,84784.5
2020-01-24 17:36:00,1579887360.0,0.01642,0.01644,0.01642,0.01644,428082.2
2020-01-24 17:37:00,1579887420.0,0.01643,0.01644,0.01639,0.01639,478823.0
2020-01-24 17:38:00,1579887480.0,0.01641,0.01641,0.01639,0.01639,259206.2
2020-01-24 17:39:00,1579887540.0,0.01638,0.01639,0.01637,0.01637,303674.7
2020-01-24 17:40:00,1579887600.0,0.01638,0.01639,0.01637,0.01638,352861.8
2020-01-24 17:41:00,1579887660.0,0.01639,0.01639,0.01637,0.01637,230161.0
2020-01-24 17:42:00,1579887720.0,0.01637,0.01637,0.01637,0.01637,1981.5
2020-01-24 17:43:00,1579887780.0,0.01638,0.01639,0.01637,0.01637,228481.2
2020-01-24 17:44:00,1579887840.0,0.01639,0.01639,0.01638,0.01638,4681.0
2020-01-24 17:45:00,1579887900.0,0.01638,0.01638,0.01638,0.01638,1069.3
2020-01-24 17:46:00,1579887960.0,0.01638,0.01641,0.01638,0.0164,468638.2
2020-01-24 17:47:00,1579888020.0,0.01641,0.01642,0.0164,0.01641,878269.1
2020-01-24 17:48:00,1579888080.0,0.01641,0.01641,0.01637,0.01637,676616.8
2020-01-24 17:49:00,1579888140.0,0.01637,0.01638,0.01636,0.01638,377341.4
2020-01-24 17:50:00,1579888200.0,0.01638,0.01638,0.01637,0.01638,40518.8
2020-01-24 17:51:00,1579888260.0,0.01637,0.01637,0.01634,0.01634,504496.2
2020-01-24 17:52:00,1579888320.0,0.01634,0.01636,0.01634,0.01636,40832.6
2020-01-24 17:53:00,1579888380.0,0.01636,0.01637,0.01635,0.01637,39767.7
2020-01-24 17:54:00,1579888440.0,0.01637,0.01639,0.01637,0.01639,680210.3
2020-01-24 17:55:00,1579888500.0,0.01639,0.01641,0.01639,0.0164,62572.9
2020-01-24 17:56:00,1579888560.0,0.0164,0.0164,0.01639,0.0164,216449.9
2020-01-24 17:57:00,1579888620.0,0.0164,0.0164,0.01637,0.01639,186332.3
2020-01-24 17:58:00,1579888680.0,0.01638,0.01639,0.01638,0.01639,42555.0
2020-01-24 17:59:00,1579888740.0,0.01639,0.01639,0.01637,0.01637,139087.0
2020-01-24 18:00:00,1579888800.0,0.01637,0.01641,0.01637,0.0164,211453.6
2020-01-24 18:01:00,1579888860.0,0.0164,0.0164,0.01638,0.01639,292068.5
2020-01-24 18:02:00,1579888920.0,0.01638,0.01639,0.01637,0.01639,263592.4
2020-01-24 18:03:00,1579888980.0,0.01639,0.0164,0.01638,0.0164,48784.3
2020-01-24 18:04:00,1579889040.0,0.01639,0.0164,0.01639,0.0164,244014.7
2020-01-24 18:05:00,1579889100.0,0.0164,0.0164,0.01639,0.0164,174252.9
2020-01-24 18:06:00,1579889160.0,0.01638,0.0164,0.01638,0.01639,34648.6
2020-01-24 18:07:00,1579889220.0,0.0164,0.0164,0.01639,0.01639,307175.3
2020-01-24 18:08:00,1579889280.0,0.01639,0.0164,0.01639,0.0164,293912.5
2020-01-24 18:09:00,1579889340.0,0.01639,0.01641,0.01639,0.0164,231051.0
2020-01-24 18:10:00,1579889400.0,0.0164,0.01641,0.0164,0.0164,18606.6
2020-01-24 18:11:00,1579889460.0,0.01641,0.01645,0.01641,0.01644,899275.1
2020-01-24 18:12:00,1579889520.0,0.01644,0.01645,0.01643,0.01645,659423.3
2020-01-24 18:13:00,1579889580.0,0.01645,0.01646,0.01644,0.01645,522681.3
2020-01-24 18:14:00,1579889640.0,0.01644,0.01645,0.01644,0.01645,175579.7
2020-01-24 18:15:00,1579889700.0,0.01645,0.01649,0.01644,0.01649,406127.0
2020-01-24 18:16:00,1579889760.0,0.01647,0.01648,0.01645,0.01647,664993.6
2020-01-24 18:17:00,1579889820.0,0.01649,0.01649,0.01646,0.01646,620739.3
2020-01-24 18:18:00,1579889880.0,0.01646,0.01646,0.01644,0.01644,675197.4
2020-01-24 18:19:00,1579889940.0,0.01646,0.01648,0.01646,0.01647,718959.3
2020-01-24 18:20:00,1579890000.0,0.01647,0.01648,0.01646,0.01648,91243.1
2020-01-24 18:21:00,1579890060.0,0.01646,0.01647,0.01645,0.01645,9110.7
2020-01-24 18:22:00,1579890120.0,0.01646,0.01648,0.01646,0.01648,490189.4
2020-01-24 18:23:00,1579890180.0,0.01647,0.01648,0.01645,0.01646,322418.1
2020-01-24 18:24:00,1579890240.0,0.01647,0.01647,0.01647,0.01647,7205.1
2020-01-24 18:25:00,1579890300.0,0.01647,0.01647,0.01647,0.01647,8120.0
2020-01-24 18:26:00,1579890360.0,0.01646,0.01649,0.01646,0.01648,1181183.2
2020-01-24 18:27:00,1579890420.0,0.01648,0.01648,0.01647,0.01647,371807.2
2020-01-24 18:28:00,1579890480.0,0.01648,0.01649,0.01645,0.01645,1335371.9
2020-01-24 18:29:00,1579890540.0,0.01645,0.01645,0.01641,0.01642,1521470.0
2020-01-24 18:30:00,1579890600.0,0.01642,0.01642,0.01639,0.0164,808504.2
2020-01-24 18:31:00,1579890660.0,0.01641,0.01643,0.01641,0.01641,298916.0
2020-01-24 18:32:00,1579890720.0,0.01641,0.01642,0.0164,0.01642,145048.6
2020-01-24 18:33:00,1579890780.0,0.01641,0.01641,0.01637,0.01637,579567.8
2020-01-24 18:34:00,1579890840.0,0.01639,0.01639,0.01636,0.01638,520643.3
2020-01-24 18:35:00,1579890900.0,0.01638,0.0164,0.01637,0.01639,294215.5
2020-01-24 18:36:00,1579890960.0,0.01639,0.01639,0.01639,0.01639,18044.7
2020-01-24 18:37:00,1579891020.0,0.01639,0.0164,0.01638,0.01639,145472.0
2020-01-24 18:38:00,1579891080.0,0.01639,0.01639,0.01638,0.01639,74364.0
2020-01-24 18:39:00,1579891140.0,0.01638,0.01639,0.01638,0.01639,20749.9
2020-01-24 18:40:00,1579891200.0,0.01638,0.0164,0.01638,0.0164,338738.6
2020-01-24 18:41:00,1579891260.0,0.01639,0.0164,0.01639,0.0164,41952.7
2020-01-24 18:42:00,1579891320.0,0.01641,0.01641,0.0164,0.0164,85243.3
2020-01-24 18:43:00,1579891380.0,0.0164,0.01641,0.0164,0.0164,57497.3
2020-01-24 18:44:00,1579891440.0,0.0164,0.01641,0.0164,0.01641,10775.9
2020-01-24 18:45:00,1579891500.0,0.01642,0.01642,0.01641,0.01641,170760.6
2020-01-24 18:46:00,1579891560.0,0.01641,0.01641,0.01638,0.01638,720262.8
2020-01-24 18:47:00,1579891620.0,0.0164,0.01641,0.01638,0.01641,101089.3
2020-01-24 18:48:00,1579891680.0,0.0164,0.01641,0.01639,0.0164,83735.0
2020-01-24 18:49:00,1579891740.0,0.01639,0.01641,0.01639,0.01641,209998.0
2020-01-24 18:50:00,1579891800.0,0.01641,0.01641,0.01639,0.01639,23696.0
2020-01-24 18:51:00,1579891860.0,0.0164,0.0164,0.01639,0.01639,6721.5
2020-01-24 18:52:00,1579891920.0,0.0164,0.0164,0.01638,0.01638,46845.3
2020-01-24 18:53:00,1579891980.0,0.01639,0.01639,0.01639,0.01639,3539.9
2020-01-24 18:54:00,1579892040.0,0.0164,0.01641,0.01638,0.01638,183495.6
2020-01-24 18:55:00,1579892100.0,0.0164,0.0164,0.01639,0.01639,19131.6
2020-01-24 18:56:00,1579892160.0,0.01638,0.0164,0.01638,0.01639,340961.9
2020-01-24 18:57:00,1579892220.0,0.0164,0.0164,0.01639,0.0164,107957.5
2020-01-24 18:58:00,1579892280.0,0.01641,0.01643,0.01641,0.01642,618450.8
2020-01-24 18:59:00,1579892340.0,0.01642,0.01643,0.01641,0.01643,143483.8
2020-01-24 19:00:00,1579892400.0,0.01642,0.01643,0.01641,0.01642,176176.6
2020-01-24 19:01:00,1579892460.0,0.01642,0.01642,0.0164,0.0164,208435.6
2020-01-24 19:02:00,1579892520.0,0.01641,0.01641,0.01641,0.01641,9709.8
2020-01-24 19:03:00,1579892580.0,0.0164,0.01642,0.0164,0.0164,287526.8
2020-01-24 19:04:00,1579892640.0,0.01641,0.01642,0.01641,0.01641,53433.0
2020-01-24 19:05:00,1579892700.0,0.01642,0.01644,0.01642,0.01643,440362.2
2020-01-24 19:06:00,1579892760.0,0.01642,0.01645,0.01642,0.01645,115330.6
2020-01-24 19:07:00,1579892820.0,0.01645,0.01645,0.01644,0.01644,55536.5
2020-01-24 19:08:00,1579892880.0,0.01645,0.01647,0.01644,0.01645,626593.8
2020-01-24 19:09:00,1579892940.0,0.01645,0.01646,0.01644,0.01645,328475.3
2020-01-24 19:10:00,1579893000.0,0.01646,0.01647,0.01644,0.01647,482715.7
2020-01-24 19:11:00,1579893060.0,0.01648,0.01648,0.01646,0.01646,619425.0
2020-01-24 19:12:00,1579893120.0,0.01647,0.01649,0.01646,0.01649,1455059.1
2020-01-24 19:13:00,1579893180.0,0.01648,0.01649,0.01648,0.01649,317205.9
2020-01-24 19:14:00,1579893240.0,0.0165,0.01653,0.0165,0.01651,1005396.2
2020-01-24 19:15:00,1579893300.0,0.01651,0.01654,0.01651,0.01651,1413703.5
2020-01-24 19:16:00,1579893360.0,0.01652,0.01655,0.01652,0.01654,1922593.3
2020-01-24 19:17:00,1579893420.0,0.01654,0.01655,0.01653,0.01653,736443.5
2020-01-24 19:18:00,1579893480.0,0.01653,0.01655,0.01652,0.01653,290511.3
2020-01-24 19:19:00,1579893540.0,0.01652,0.01653,0.01649,0.0165,307378.5
2020-01-24 19:20:00,1579893600.0,0.0165,0.0165,0.01649,0.0165,187017.3
2020-01-24 19:21:00,1579893660.0,0.0165,0.0165,0.01648,0.0165,104921.1
2020-01-24 19:22:00,1579893720.0,0.0165,0.0165,0.01648,0.0165,387401.5
2020-01-24 19:23:00,1579893780.0,0.0165,0.01651,0.01649,0.01649,383602.9
2020-01-24 19:24:00,1579893840.0,0.0165,0.01652,0.0165,0.0165,1057757.8
2020-01-24 19:25:00,1579893900.0,0.0165,0.01651,0.0165,0.01651,186647.9
2020-01-24 19:26:00,1579893960.0,0.01651,0.01652,0.0165,0.01651,581839.1
2020-01-24 19:27:00,1579894020.0,0.01651,0.01653,0.01651,0.01652,42793.9
2020-01-24 19:28:00,1579894080.0,0.01652,0.01653,0.01651,0.01652,53519.3
2020-01-24 19:29:00,1579894140.0,0.01653,0.01656,0.01652,0.01654,896739.0
2020-01-24 19:30:00,1579894200.0,0.01654,0.01656,0.01654,0.01654,230869.0
2020-01-24 19:31:00,1579894260.0,0.01654,0.01656,0.01654,0.01654,678582.8
2020-01-24 19:32:00,1579894320.0,0.01653,0.01654,0.01652,0.01654,1130859.0
2020-01-24 19:33:00,1579894380.0,0.01655,0.01655,0.01652,0.01652,106047.6
2020-01-24 19:34:00,1579894440.0,0.01652,0.01652,0.01651,0.01651,206235.5
2020-01-24 19:35:00,1579894500.0,0.01651,0.01652,0.01651,0.01651,44938.8
2020-01-24 19:36:00,1579894560.0,0.01652,0.01652,0.01652,0.01652,25273.9
2020-01-24 19:37:00,1579894620.0,0.01652,0.01652,0.01652,0.01652,135417.5
2020-01-24 19:38:00,1579894680.0,0.0165,0.01652,0.01645,0.01647,1562328.0
2020-01-24 19:39:00,1579894740.0,0.01646,0.01647,0.01645,0.01646,370390.1
2020-01-24 19:40:00,1579894800.0,0.01647,0.01651,0.01647,0.01651,962380.6
2020-01-24 19:41:00,1579894860.0,0.01651,0.01654,0.01651,0.01653,260885.8
2020-01-24 19:42:00,1579894920.0,0.01653,0.01654,0.01652,0.01652,858990.6
2020-01-24 19:43:00,1579894980.0,0.01653,0.01653,0.01652,0.01652,156956.0
2020-01-24 19:44:00,1579895040.0,0.01653,0.01654,0.01652,0.01653,58605.6
2020-01-24 19:45:00,1579895100.0,0.01653,0.01653,0.01652,0.01652,397832.6
2020-01-24 19:46:00,1579895160.0,0.01654,0.01654,0.01653,0.01653,62775.9
2020-01-24 19:47:00,1579895220.0,0.01655,0.01657,0.01655,0.01656,450485.3
2020-01-24 19:48:00,1579895280.0,0.01656,0.01656,0.01655,0.01655,75116.6
2020-01-24 19:49:00,1579895340.0,0.01655,0.01656,0.01655,0.01655,97474.5
2020-01-24 19:50:00,1579895400.0,0.01656,0.01657,0.01654,0.01654,198650.6
2020-01-24 19:51:00,1579895460.0,0.01654,0.01657,0.01654,0.01657,462245.9
2020-01-24 19:52:00,1579895520.0,0.01657,0.01657,0.01656,0.01656,83321.8
2020-01-24 19:53:00,1579895580.0,0.01656,0.01657,0.01656,0.01656,214755.9
2020-01-24 19:54:00,1579895640.0,0.01656,0.01657,0.01656,0.01657,246444.9
2020-01-24 19:55:00,1579895700.0,0.01657,0.0166,0.01656,0.01659,794994.4
2020-01-24 19:56:00,1579895760.0,0.0166,0.01663,0.01659,0.01659,1145648.8
2020-01-24 19:57:00,1579895820.0,0.01659,0.01659,0.01656,0.01656,1132257.7
2020-01-24 19:58:00,1579895880.0,0.01655,0.01656,0.01654,0.01656,370701.2
2020-01-24 19:59:00,1579895940.0,0.01655,0.01655,0.01651,0.01652,783956.8
2020-01-24 20:00:00,1579896000.0,0.0165,0.01653,0.0165,0.01652,1042628.0
2020-01-24 20:01:00,1579896060.0,0.01652,0.01654,0.0165,0.01654,455187.0
2020-01-24 20:02:00,1579896120.0,0.01654,0.01656,0.01652,0.01654,282305.1
2020-01-24 20:03:00,1579896180.0,0.01654,0.01657,0.01652,0.01657,1179109.9
2020-01-24 20:04:00,1579896240.0,0.01657,0.01657,0.01653,0.01654,711826.7
2020-01-24 20:05:00,1579896300.0,0.01654,0.01655,0.01654,0.01655,59711.0
2020-01-24 20:06:00,1579896360.0,0.01655,0.01656,0.01655,0.01655,36692.0
2020-01-24 20:07:00,1579896420.0,0.01655,0.01656,0.01654,0.01654,331073.2
2020-01-24 20:08:00,1579896480.0,0.01654,0.01654,0.01654,0.01654,4995.6
2020-01-24 20:09:00,1579896540.0,0.01655,0.01655,0.01653,0.01654,310773.2
2020-01-24 20:10:00,1579896600.0,0.01654,0.01654,0.01652,0.01653,405466.2
2020-01-24 20:11:00,1579896660.0,0.01653,0.01654,0.01649,0.0165,821509.2
2020-01-24 20:12:00,1579896720.0,0.01649,0.01651,0.01646,0.01647,1636469.5
2020-01-24 20:13:00,1579896780.0,0.01648,0.0165,0.01648,0.01648,543715.5
2020-01-24 20:14:00,1579896840.0,0.01648,0.01649,0.01647,0.01647,155234.0
2020-01-24 20:15:00,1579896900.0,0.01649,0.01649,0.01646,0.01647,846214.8
2020-01-24 20:16:00,1579896960.0,0.01647,0.01648,0.01644,0.01644,2559443.9
2020-01-24 20:17:00,1579897020.0,0.01644,0.01646,0.01643,0.01646,812529.4
2020-01-24 20:18:00,1579897080.0,0.01646,0.01647,0.01646,0.01646,128843.5
2020-01-24 20:19:00,1579897140.0,0.01646,0.0165,0.01646,0.01648,1096951.0
2020-01-24 20:20:00,1579897200.0,0.01649,0.01652,0.01649,0.01651,655484.6
2020-01-24 20:21:00,1579897260.0,0.0165,0.01651,0.01647,0.01647,15414.9
2020-01-24 20:22:00,1579897320.0,0.01647,0.01648,0.01647,0.01648,152538.4
2020-01-24 20:23:00,1579897380.0,0.01649,0.01649,0.01642,0.01643,688528.1
2020-01-24 20:24:00,1579897440.0,0.01643,0.01645,0.01642,0.01642,340659.9
2020-01-24 20:25:00,1579897500.0,0.01643,0.01643,0.01642,0.01642,138092.9
2020-01-24 20:26:00,1579897560.0,0.01643,0.01643,0.01641,0.01642,179449.1
2020-01-24 20:27:00,1579897620.0,0.01641,0.01642,0.0164,0.01642,192015.5
2020-01-24 20:28:00,1579897680.0,0.01641,0.01641,0.0164,0.01641,26673.7
2020-01-24 20:29:00,1579897740.0,0.01641,0.01641,0.0164,0.01641,182932.0
2020-01-24 20:30:00,1579897800.0,0.01641,0.01642,0.0164,0.01641,599159.6
2020-01-24 20:31:00,1579897860.0,0.01641,0.01641,0.01641,0.01641,13854.7
2020-01-24 20:32:00,1579897920.0,0.01641,0.01641,0.01638,0.01638,2070931.1
2020-01-24 20:33:00,1579897980.0,0.01639,0.01639,0.01637,0.01638,307621.2
2020-01-24 20:34:00,1579898040.0,0.01638,0.01638,0.01638,0.01638,285511.1
2020-01-24 20:35:00,1579898100.0,0.01638,0.01638,0.01637,0.01637,106245.1
2020-01-24 20:36:00,1579898160.0,0.01638,0.01644,0.01638,0.01643,1377210.8
2020-01-24 20:37:00,1579898220.0,0.01643,0.01643,0.01638,0.01641,773919.5
2020-01-24 20:38:00,1579898280.0,0.01641,0.01642,0.01639,0.0164,226917.2
2020-01-24 20:39:00,1579898340.0,0.0164,0.01642,0.0164,0.01642,318907.6
2020-01-24 20:40:00,1579898400.0,0.01642,0.01642,0.01639,0.01639,453372.4
2020-01-24 20:41:00,1579898460.0,0.01641,0.01641,0.01639,0.01641,152266.6
2020-01-24 20:42:00,1579898520.0,0.01638,0.0164,0.01638,0.0164,14459.9
2020-01-24 20:43:00,1579898580.0,0.01638,0.01638,0.01637,0.01638,317436.6
2020-01-24 20:44:00,1579898640.0,0.01638,0.01645,0.01638,0.01643,946900.7
2020-01-24 20:45:00,1579898700.0,0.01643,0.01646,0.01643,0.01646,765183.9
2020-01-24 20:46:00,1579898760.0,0.01646,0.01646,0.01644,0.01645,258602.8
2020-01-24 20:47:00,1579898820.0,0.01645,0.01645,0.01645,0.01645,5989.5
2020-01-24 20:48:00,1579898880.0,0.01644,0.01645,0.01644,0.01644,25333.3
2020-01-24 20:49:00,1579898940.0,0.01643,0.01644,0.01643,0.01644,30377.6
2020-01-24 20:50:00,1579899000.0,0.01644,0.01645,0.01642,0.01643,782129.7
2020-01-24 20:51:00,1579899060.0,0.01643,0.01644,0.01643,0.01643,39885.9
2020-01-24 20:52:00,1579899120.0,0.01644,0.01644,0.01643,0.01643,5887.0
2020-01-24 20:53:00,1579899180.0,0.01644,0.01645,0.01644,0.01645,202050.9
2020-01-24 20:54:00,1579899240.0,0.01645,0.01645,0.01641,0.01642,1770094.7
2020-01-24 20:55:00,1579899300.0,0.01643,0.01643,0.01643,0.01643,10535.9
2020-01-24 20:56:00,1579899360.0,0.01643,0.01645,0.01643,0.01644,414594.3
2020-01-24 20:57:00,1579899420.0,0.01645,0.01645,0.01643,0.01643,265311.0
2020-01-24 20:58:00,1579899480.0,0.01643,0.01644,0.01643,0.01644,129928.6
2020-01-24 20:59:00,1579899540.0,0.01644,0.01644,0.01643,0.01643,300098.4
2020-01-24 21:00:00,1579899600.0,0.01642,0.01643,0.01641,0.01642,241603.8
2020-01-24 21:01:00,1579899660.0,0.01642,0.01642,0.01642,0.01642,53878.7
2020-01-24 21:02:00,1579899720.0,0.01642,0.01642,0.01641,0.01641,14334.3
2020-01-24 21:03:00,1579899780.0,0.01642,0.01642,0.01642,0.01642,26530.0
2020-01-24 21:04:00,1579899840.0,0.01642,0.01643,0.01642,0.01642,81661.3
2020-01-24 21:05:00,1579899900.0,0.01643,0.01643,0.01643,0.01643,13314.0
2020-01-24 21:06:00,1579899960.0,0.01642,0.01643,0.01642,0.01642,62016.6
2020-01-24 21:07:00,1579900020.0,0.01642,0.01642,0.01641,0.01642,448155.3
2020-01-24 21:08:00,1579900080.0,0.01642,0.01642,0.01641,0.01642,46048.3
2020-01-24 21:09:00,1579900140.0,0.01643,0.01645,0.01642,0.01644,557941.4
2020-01-24 21:10:00,1579900200.0,0.01645,0.01646,0.01644,0.01645,109150.9
2020-01-24 21:11:00,1579900260.0,0.01645,0.01646,0.01644,0.01645,13128.1
2020-01-24 21:12:00,1579900320.0,0.01645,0.01646,0.01645,0.01646,87604.7
2020-01-24 21:13:00,1579900380.0,0.01646,0.01646,0.01644,0.01644,215512.9
2020-01-24 21:14:00,1579900440.0,0.01644,0.01645,0.01643,0.01644,61315.5
2020-01-24 21:15:00,1579900500.0,0.01645,0.01645,0.01644,0.01645,12397.6
2020-01-24 21:16:00,1579900560.0,0.01644,0.01645,0.01644,0.01644,72956.3
2020-01-24 21:17:00,1579900620.0,0.01646,0.01646,0.01643,0.01644,430999.1
2020-01-24 21:18:00,1579900680.0,0.01644,0.01645,0.01643,0.01645,313200.9
2020-01-24 21:19:00,1579900740.0,0.01644,0.01644,0.01643,0.01643,17444.3
2020-01-24 21:20:00,1579900800.0,0.01643,0.01644,0.01642,0.01643,317986.2
2020-01-24 21:21:00,1579900860.0,0.01644,0.01645,0.01643,0.01643,524728.6
2020-01-24 21:22:00,1579900920.0,0.01644,0.01646,0.01644,0.01646,147784.9
2020-01-24 21:23:00,1579900980.0,0.01646,0.01647,0.01645,0.01646,26238.9
2020-01-24 21:24:00,1579901040.0,0.01646,0.01648,0.01645,0.01648,337188.4
2020-01-24 21:25:00,1579901100.0,0.01647,0.01649,0.01647,0.01649,299588.2
2020-01-24 21:26:00,1579901160.0,0.01649,0.0165,0.01649,0.01649,7642.5
2020-01-24 21:27:00,1579901220.0,0.01649,0.0165,0.01648,0.0165,191566.4
2020-01-24 21:28:00,1579901280.0,0.01649,0.01649,0.01648,0.01649,87418.7
2020-01-24 21:29:00,1579901340.0,0.01649,0.01649,0.01648,0.01649,45140.9
2020-01-24 21:30:00,1579901400.0,0.01648,0.01648,0.01647,0.01647,238749.9
2020-01-24 21:31:00,1579901460.0,0.01647,0.01647,0.01646,0.01646,24504.2
2020-01-24 21:32:00,1579901520.0,0.01646,0.01646,0.01645,0.01646,137410.4
2020-01-24 21:33:00,1579901580.0,0.01645,0.01645,0.01645,0.01645,52148.9
2020-01-24 21:34:00,1579901640.0,0.01644,0.01645,0.01644,0.01645,206433.0
2020-01-24 21:35:00,1579901700.0,0.01645,0.01645,0.01643,0.01643,60939.6
2020-01-24 21:36:00,1579901760.0,0.01644,0.01644,0.01643,0.01643,19416.1
2020-01-24 21:37:00,1579901820.0,0.01645,0.01645,0.01645,0.01645,8799.0
2020-01-24 21:38:00,1579901880.0,0.01645,0.01645,0.01644,0.01644,26308.4
2020-01-24 21:39:00,1579901940.0,0.01644,0.01645,0.01644,0.01645,7663.5
2020-01-24 21:40:00,1579902000.0,0.01645,0.01646,0.01644,0.01646,117981.4
2020-01-24 21:41:00,1579902060.0,0.01644,0.01645,0.01644,0.01645,15986.4
2020-01-24 21:42:00,1579902120.0,0.01645,0.01645,0.01645,0.01645,0.0
2020-01-24 21:43:00,1579902180.0,0.01645,0.01645,0.01645,0.01645,0.0
2020-01-24 21:44:00,1579902240.0,0.01646,0.01646,0.01645,0.01645,61191.8
2020-01-24 21:45:00,1579902300.0,0.01646,0.01646,0.01645,0.01645,11896.5
2020-01-24 21:46:00,1579902360.0,0.01646,0.01646,0.01644,0.01645,134378.6
2020-01-24 21:47:00,1579902420.0,0.01645,0.01645,0.01645,0.01645,1306.9
2020-01-24 21:48:00,1579902480.0,0.01645,0.01645,0.01645,0.01645,85493.5
2020-01-24 21:49:00,1579902540.0,0.01645,0.01646,0.01645,0.01646,248657.5
2020-01-24 21:50:00,1579902600.0,0.01646,0.01646,0.01645,0.01646,53095.9
2020-01-24 21:51:00,1579902660.0,0.01646,0.01646,0.01646,0.01646,40025.4
2020-01-24 21:52:00,1579902720.0,0.01646,0.01646,0.01644,0.01645,100889.5
2020-01-24 21:53:00,1579902780.0,0.01646,0.01646,0.01646,0.01646,3126.6
2020-01-24 21:54:00,1579902840.0,0.01644,0.01645,0.01644,0.01645,381007.0
2020-01-24 21:55:00,1579902900.0,0.01646,0.01646,0.01646,0.01646,10054.7
2020-01-24 21:56:00,1579902960.0,0.01646,0.01646,0.01644,0.01644,35330.1
2020-01-24 21:57:00,1579903020.0,0.01646,0.01646,0.01646,0.01646,2581.0
2020-01-24 21:58:00,1579903080.0,0.01645,0.01645,0.01644,0.01645,89048.9
2020-01-24 21:59:00,1579903140.0,0.01644,0.01645,0.01644,0.01645,31125.2
2020-01-24 22:00:00,1579903200.0,0.01645,0.01645,0.01645,0.01645,8879.4
2020-01-24 22:01:00,1579903260.0,0.01644,0.01644,0.01644,0.01644,1382.7
2020-01-24 22:02:00,1579903320.0,0.01645,0.01645,0.01644,0.01644,18081.0
2020-01-24 22:03:00,1579903380.0,0.01644,0.01644,0.01644,0.01644,0.0
2020-01-24 22:04:00,1579903440.0,0.01646,0.01646,0.01644,0.01646,100026.9
2020-01-24 22:05:00,1579903500.0,0.01645,0.01645,0.0164,0.01641,609394.6
2020-01-24 22:06:00,1579903560.0,0.01641,0.01641,0.01633,0.01634,2323990.8
2020-01-24 22:07:00,1579903620.0,0.01634,0.01636,0.01632,0.01633,790691.8
2020-01-24 22:08:00,1579903680.0,0.01633,0.01636,0.01633,0.01636,440164.9
2020-01-24 22:09:00,1579903740.0,0.01635,0.01637,0.01632,0.01633,1088648.5
2020-01-24 22:10:00,1579903800.0,0.01633,0.01633,0.01632,0.01633,234213.0
2020-01-24 22:11:00,1579903860.0,0.01634,0.01634,0.01633,0.01633,27159.0
2020-01-24 22:12:00,1579903920.0,0.01635,0.01635,0.01635,0.01635,33029.0
2020-01-24 22:13:00,1579903980.0,0.01636,0.01636,0.01635,0.01636,70015.1
2020-01-24 22:14:00,1579904040.0,0.01635,0.01636,0.01634,0.01634,292195.7
2020-01-24 22:15:00,1579904100.0,0.01634,0.01634,0.01633,0.01633,75409.3
2020-01-24 22:16:00,1579904160.0,0.01633,0.01633,0.0163,0.01631,1063816.7
2020-01-24 22:17:00,1579904220.0,0.01631,0.01632,0.0163,0.0163,1188195.6
2020-01-24 22:18:00,1579904280.0,0.0163,0.01631,0.0163,0.0163,298562.6
2020-01-24 22:19:00,1579904340.0,0.0163,0.0163,0.0163,0.0163,0.0
2020-01-24 22:20:00,1579904400.0,0.0163,0.0163,0.0163,0.0163,0.0
2020-01-24 22:21:00,1579904460.0,0.01632,0.01632,0.01631,0.01631,87878.4
2020-01-24 22:22:00,1579904520.0,0.01631,0.01631,0.0163,0.01631,47589.2
2020-01-24 22:23:00,1579904580.0,0.01632,0.01633,0.01632,0.01633,304627.1
2020-01-24 22:24:00,1579904640.0,0.01633,0.01634,0.01633,0.01634,11384.3
2020-01-24 22:25:00,1579904700.0,0.01634,0.01634,0.01634,0.01634,1202.0
2020-01-24 22:26:00,1579904760.0,0.01634,0.01634,0.01634,0.01634,1031.9
2020-01-24 22:27:00,1579904820.0,0.01633,0.01633,0.01633,0.01633,1271.0
2020-01-24 22:28:00,1579904880.0,0.01634,0.01634,0.01634,0.01634,29645.0
2020-01-24 22:29:00,1579904940.0,0.01634,0.01634,0.01633,0.01634,28588.2
2020-01-24 22:30:00,1579905000.0,0.01634,0.01634,0.01632,0.01632,57014.1
2020-01-24 22:31:00,1579905060.0,0.01632,0.01632,0.01632,0.01632,0.0
2020-01-24 22:32:00,1579905120.0,0.01634,0.01634,0.01633,0.01633,18898.3
2020-01-24 22:33:00,1579905180.0,0.01633,0.01634,0.01631,0.01631,531966.8
2020-01-24 22:34:00,1579905240.0,0.01632,0.01635,0.0163,0.01633,1883353.4
2020-01-24 22:35:00,1579905300.0,0.01633,0.01636,0.01631,0.01634,1258688.4
2020-01-24 22:36:00,1579905360.0,0.01634,0.01634,0.01633,0.01634,218706.8
2020-01-24 22:37:00,1579905420.0,0.01634,0.01635,0.01633,0.01633,85512.4
2020-01-24 22:38:00,1579905480.0,0.01633,0.01636,0.01633,0.01635,286753.1
2020-01-24 22:39:00,1579905540.0,0.01635,0.01636,0.01635,0.01636,91488.4
2020-01-24 22:40:00,1579905600.0,0.01635,0.01636,0.01635,0.01636,75180.1
2020-01-24 22:41:00,1579905660.0,0.01636,0.01637,0.01635,0.01636,288015.1
2020-01-24 22:42:00,1579905720.0,0.01636,0.01638,0.01636,0.01636,95210.5
2020-01-24 22:43:00,1579905780.0,0.01637,0.01637,0.01637,0.01637,1520.9
2020-01-24 22:44:00,1579905840.0,0.01638,0.01638,0.01637,0.01637,82808.7
2020-01-24 22:45:00,1579905900.0,0.01637,0.01638,0.01637,0.01638,19942.0
2020-01-24 22:46:00,1579905960.0,0.01638,0.01639,0.01637,0.01638,84387.3
2020-01-24 22:47:00,1579906020.0,0.01638,0.0164,0.01638,0.01638,504533.0
2020-01-24 22:48:00,1579906080.0,0.01639,0.0164,0.01639,0.01639,147657.2
2020-01-24 22:49:00,1579906140.0,0.01639,0.01639,0.01639,0.01639,18933.9
2020-01-24 22:50:00,1579906200.0,0.01639,0.01639,0.01639,0.01639,0.0
2020-01-24 22:51:00,1579906260.0,0.0164,0.0164,0.01638,0.01638,144465.8
2020-01-24 22:52:00,1579906320.0,0.01639,0.01639,0.01638,0.01638,13076.3
2020-01-24 22:53:00,1579906380.0,0.01639,0.01639,0.01639,0.01639,14211.2
2020-01-24 22:54:00,1579906440.0,0.0164,0.0164,0.01638,0.01638,64915.4
2020-01-24 22:55:00,1579906500.0,0.01638,0.01638,0.01638,0.01638,8463.0
2020-01-24 22:56:00,1579906560.0,0.01638,0.01639,0.01638,0.01638,51048.0
2020-01-24 22:57:00,1579906620.0,0.01639,0.01639,0.01638,0.01639,5826.2
2020-01-24 22:58:00,1579906680.0,0.0164,0.0164,0.01639,0.01639,82817.2
2020-01-24 22:59:00,1579906740.0,0.01639,0.01639,0.01639,0.01639,19586.4
2020-01-24 23:00:00,1579906800.0,0.0164,0.0164,0.01639,0.0164,32161.3
2020-01-24 23:01:00,1579906860.0,0.01639,0.01639,0.01639,0.01639,40000.0
2020-01-24 23:02:00,1579906920.0,0.0164,0.0164,0.0164,0.0164,14322.2
2020-01-24 23:03:00,1579906980.0,0.0164,0.01641,0.0164,0.01641,158147.9
2020-01-24 23:04:00,1579907040.0,0.01641,0.01641,0.0164,0.0164,92364.2
2020-01-24 23:05:00,1579907100.0,0.01641,0.01641,0.0164,0.0164,103727.8
2020-01-24 23:06:00,1579907160.0,0.0164,0.01642,0.0164,0.01641,155977.5
2020-01-24 23:07:00,1579907220.0,0.0164,0.01641,0.0164,0.01641,110484.0
2020-01-24 23:08:00,1579907280.0,0.0164,0.01641,0.01636,0.01637,1025651.7
2020-01-24 23:09:00,1579907340.0,0.01637,0.01637,0.01634,0.01636,287777.4
2020-01-24 23:10:00,1579907400.0,0.01635,0.01639,0.01635,0.01638,399485.6
2020-01-24 23:11:00,1579907460.0,0.01638,0.01639,0.01638,0.01638,41749.1
2020-01-24 23:12:00,1579907520.0,0.01638,0.01639,0.01635,0.01636,426191.0
2020-01-24 23:13:00,1579907580.0,0.01637,0.01639,0.01636,0.01639,103972.3
2020-01-24 23:14:00,1579907640.0,0.01639,0.01639,0.01639,0.01639,4342.0
2020-01-24 23:15:00,1579907700.0,0.01639,0.01639,0.01637,0.01638,184204.4
2020-01-24 23:16:00,1579907760.0,0.01638,0.01638,0.01635,0.01636,365482.7
2020-01-24 23:17:00,1579907820.0,0.01635,0.01637,0.01635,0.01637,282851.5
2020-01-24 23:18:00,1579907880.0,0.01636,0.01637,0.01635,0.01636,25199.9
2020-01-24 23:19:00,1579907940.0,0.01636,0.01636,0.01636,0.01636,25710.8
2020-01-24 23:20:00,1579908000.0,0.01636,0.01637,0.01636,0.01637,39839.2
2020-01-24 23:21:00,1579908060.0,0.01636,0.01637,0.01636,0.01636,141923.0
2020-01-24 23:22:00,1579908120.0,0.01637,0.01638,0.01636,0.01636,481288.6
2020-01-24 23:23:00,1579908180.0,0.01636,0.01636,0.01636,0.01636,110078.2
2020-01-24 23:24:00,1579908240.0,0.01636,0.01636,0.01635,0.01636,168337.7
2020-01-24 23:25:00,1579908300.0,0.01635,0.01636,0.01634,0.01635,212570.9
2020-01-24 23:26:00,1579908360.0,0.01635,0.01636,0.01635,0.01636,11590.7
2020-01-24 23:27:00,1579908420.0,0.01637,0.01637,0.01635,0.01637,78086.5
2020-01-24 23:28:00,1579908480.0,0.01636,0.01637,0.01635,0.01635,8140.6
2020-01-24 23:29:00,1579908540.0,0.01635,0.01636,0.01634,0.01635,390033.8
2020-01-24 23:30:00,1579908600.0,0.01635,0.01636,0.01634,0.01636,66545.3
2020-01-24 23:31:00,1579908660.0,0.01636,0.01637,0.01635,0.01636,306998.5
2020-01-24 23:32:00,1579908720.0,0.01636,0.01638,0.01635,0.01637,725667.6
2020-01-24 23:33:00,1579908780.0,0.01638,0.01638,0.01637,0.01638,68045.8
2020-01-24 23:34:00,1579908840.0,0.01638,0.01638,0.01637,0.01637,246429.4
2020-01-24 23:35:00,1579908900.0,0.01638,0.01639,0.01637,0.01638,15404.5
2020-01-24 23:36:00,1579908960.0,0.01639,0.01639,0.01638,0.01638,5060.1
2020-01-24 23:37:00,1579909020.0,0.01638,0.01638,0.01637,0.01637,88746.9
2020-01-24 23:38:00,1579909080.0,0.01637,0.01638,0.01637,0.01638,31212.0
2020-01-24 23:39:00,1579909140.0,0.01637,0.01637,0.01637,0.01637,3678.0
2020-01-24 23:40:00,1579909200.0,0.01637,0.01637,0.01637,0.01637,12126.2
2020-01-24 23:41:00,1579909260.0,0.01637,0.01637,0.01637,0.01637,0.0
2020-01-24 23:42:00,1579909320.0,0.01637,0.01637,0.01637,0.01637,0.0
2020-01-24 23:43:00,1579909380.0,0.01639,0.0164,0.01639,0.01639,176655.1
2020-01-24 23:44:00,1579909440.0,0.0164,0.0164,0.01639,0.01639,31128.7
2020-01-24 23:45:00,1579909500.0,0.01639,0.0164,0.01639,0.0164,90625.7
2020-01-24 23:46:00,1579909560.0,0.0164,0.0164,0.01638,0.01638,484968.5
2020-01-24 23:47:00,1579909620.0,0.01639,0.01639,0.01637,0.01638,11371.2
2020-01-24 23:48:00,1579909680.0,0.01638,0.01638,0.01636,0.01637,795440.0
2020-01-24 23:49:00,1579909740.0,0.01637,0.01637,0.01636,0.01636,228152.1
2020-01-24 23:50:00,1579909800.0,0.01638,0.01638,0.01638,0.01638,8416.7
2020-01-24 23:51:00,1579909860.0,0.01638,0.01638,0.01638,0.01638,11224.7
2020-01-24 23:52:00,1579909920.0,0.01638,0.01639,0.01638,0.01639,9099.1
2020-01-24 23:53:00,1579909980.0,0.01639,0.01639,0.01638,0.01639,10788.6
2020-01-24 23:54:00,1579910040.0,0.01639,0.01639,0.01639,0.01639,0.0
2020-01-24 23:55:00,1579910100.0,0.01638,0.01638,0.01638,0.01638,24808.0
2020-01-24 23:56:00,1579910160.0,0.01638,0.01638,0.01638,0.01638,90448.1
2020-01-24 23:57:00,1579910220.0,0.01639,0.01639,0.01639,0.01639,4649.1
2020-01-24 23:58:00,1579910280.0,0.01638,0.01638,0.01638,0.01638,8671.8
2020-01-24 23:59:00,1579910340.0,0.01639,0.01639,0.01639,0.01639,671.1
