Universal Time,Unix Time,Open,High,Low,Close,Volume
2025-07-10 00:00:00,1752105600.0,111234.0,111303.7,111233.99,111282.61,12.79716
2025-07-10 00:01:00,1752105660.0,111282.6,111282.61,111203.91,111262.35,12.92889
2025-07-10 00:02:00,1752105720.0,111262.35,111274.99,111262.34,111263.95,2.72884
2025-07-10 00:03:00,1752105780.0,111263.96,111287.77,111263.95,111270.02,10.7048
2025-07-10 00:04:00,1752105840.0,111270.02,111298.74,111257.8,111277.48,6.02896
2025-07-10 00:05:00,1752105900.0,111277.48,111302.14,111277.47,111299.76,4.59159
2025-07-10 00:06:00,1752105960.0,111299.75,111299.76,111268.7,111268.7,6.9445
2025-07-10 00:07:00,1752106020.0,111268.71,111270.0,111262.41,111263.64,1.83851
2025-07-10 00:08:00,1752106080.0,111263.63,111270.0,111263.63,111270.0,2.08928
2025-07-10 00:09:00,1752106140.0,111269.99,111278.08,111264.0,111264.0,5.52438
2025-07-10 00:10:00,1752106200.0,111264.0,111264.0,111236.14,111256.34,5.78313
2025-07-10 00:11:00,1752106260.0,111256.35,111280.83,111255.0,111255.0,9.48375
2025-07-10 00:12:00,1752106320.0,111255.0,111260.0,111245.75,111255.31,3.66792
2025-07-10 00:13:00,1752106380.0,111255.3,111319.24,111255.3,111319.24,6.05555
2025-07-10 00:14:00,1752106440.0,111319.24,111319.24,111275.04,111275.05,7.89812
2025-07-10 00:15:00,1752106500.0,111275.04,111275.04,111250.0,111250.0,4.85712
2025-07-10 00:16:00,1752106560.0,111250.01,111282.0,111224.54,111275.15,8.85754
2025-07-10 00:17:00,1752106620.0,111275.15,111276.92,111248.89,111276.92,3.27959
2025-07-10 00:18:00,1752106680.0,111276.93,111300.09,111260.02,111260.02,7.98249
2025-07-10 00:19:00,1752106740.0,111260.03,111296.93,111260.02,111264.97,16.60627
2025-07-10 00:20:00,1752106800.0,111264.97,111265.1,111230.0,111230.01,10.59367
2025-07-10 00:21:00,1752106860.0,111230.0,111230.01,111167.2,111167.21,12.26366
2025-07-10 00:22:00,1752106920.0,111167.2,111227.65,111167.2,111227.64,4.81917
2025-07-10 00:23:00,1752106980.0,111227.65,111247.47,111200.0,111200.0,5.70365
2025-07-10 00:24:00,1752107040.0,111200.0,111217.44,111180.6,111217.43,6.35484
2025-07-10 00:25:00,1752107100.0,111217.43,111220.0,111199.47,111199.66,8.03553
2025-07-10 00:26:00,1752107160.0,111199.66,111200.0,111199.66,111199.99,4.30642
2025-07-10 00:27:00,1752107220.0,111199.99,111200.01,111182.46,111182.46,3.08049
2025-07-10 00:28:00,1752107280.0,111182.46,111182.47,111160.74,111160.75,3.82316
2025-07-10 00:29:00,1752107340.0,111160.75,111160.75,111147.33,111147.33,3.05268
2025-07-10 00:30:00,1752107400.0,111147.33,111160.75,111142.79,111160.74,4.39987
2025-07-10 00:31:00,1752107460.0,111160.75,111180.32,111160.74,111180.31,4.62309
2025-07-10 00:32:00,1752107520.0,111180.32,111206.53,111166.57,111166.58,6.81867
2025-07-10 00:33:00,1752107580.0,111166.58,111166.58,111120.95,111120.95,4.04981
2025-07-10 00:34:00,1752107640.0,111120.95,111148.39,111111.0,111111.0,6.45199
2025-07-10 00:35:00,1752107700.0,111111.0,111111.01,111088.87,111088.88,4.72233
2025-07-10 00:36:00,1752107760.0,111088.88,111088.88,111065.38,111065.39,6.98944
2025-07-10 00:37:00,1752107820.0,111065.38,111065.39,111049.21,111049.21,8.39883
2025-07-10 00:38:00,1752107880.0,111049.21,111049.22,111046.23,111046.23,9.34411
2025-07-10 00:39:00,1752107940.0,111046.24,111046.24,111038.76,111038.76,8.99476
2025-07-10 00:40:00,1752108000.0,111038.77,111038.77,111037.35,111037.35,5.81232
2025-07-10 00:41:00,1752108060.0,111037.35,111037.36,111037.35,111037.36,2.21007
2025-07-10 00:42:00,1752108120.0,111037.35,111037.36,111005.0,111005.0,8.76633
2025-07-10 00:43:00,1752108180.0,111005.01,111015.45,111005.0,111005.13,4.36217
2025-07-10 00:44:00,1752108240.0,111005.12,111018.52,111005.12,111018.52,6.70499
2025-07-10 00:45:00,1752108300.0,111018.52,111086.97,111018.51,111086.97,8.77967
2025-07-10 00:46:00,1752108360.0,111086.97,111086.97,111045.94,111045.95,6.34302
2025-07-10 00:47:00,1752108420.0,111045.95,111058.0,111045.94,111048.76,7.54084
2025-07-10 00:48:00,1752108480.0,111048.76,111048.77,111029.89,111041.99,3.99092
2025-07-10 00:49:00,1752108540.0,111042.0,111058.0,111041.99,111058.0,3.74086
2025-07-10 00:50:00,1752108600.0,111058.0,111058.0,111057.99,111058.0,4.49614
2025-07-10 00:51:00,1752108660.0,111057.99,111058.0,111036.0,111036.01,6.40748
2025-07-10 00:52:00,1752108720.0,111036.0,111036.01,111036.0,111036.01,2.7752
2025-07-10 00:53:00,1752108780.0,111036.0,111036.01,111001.0,111001.01,6.0109
2025-07-10 00:54:00,1752108840.0,111001.0,111001.01,111001.0,111001.01,5.29826
2025-07-10 00:55:00,1752108900.0,111001.0,111001.01,110983.17,110983.17,14.01854
2025-07-10 00:56:00,1752108960.0,110983.17,110983.18,110918.22,110918.23,10.86255
2025-07-10 00:57:00,1752109020.0,110918.22,110918.23,110918.21,110918.21,6.6205
2025-07-10 00:58:00,1752109080.0,110918.22,110960.0,110918.21,110925.81,15.41822
2025-07-10 00:59:00,1752109140.0,110925.82,110925.82,110916.66,110916.66,4.72811
2025-07-10 01:00:00,1752109200.0,110916.66,110957.11,110912.02,110926.15,4.96292
2025-07-10 01:01:00,1752109260.0,110926.15,110926.15,110908.39,110913.06,7.27575
2025-07-10 01:02:00,1752109320.0,110913.06,110919.4,110896.15,110896.16,4.51677
2025-07-10 01:03:00,1752109380.0,110896.15,110915.4,110880.0,110910.99,8.18965
2025-07-10 01:04:00,1752109440.0,110911.0,110948.68,110906.44,110948.68,5.33834
2025-07-10 01:05:00,1752109500.0,110948.68,110962.0,110948.67,110961.99,5.46195
2025-07-10 01:06:00,1752109560.0,110961.99,110963.11,110927.0,110927.0,8.11069
2025-07-10 01:07:00,1752109620.0,110927.01,110938.47,110922.78,110938.46,5.39119
2025-07-10 01:08:00,1752109680.0,110938.47,110938.47,110925.0,110925.0,4.01307
2025-07-10 01:09:00,1752109740.0,110925.01,110925.01,110923.66,110923.67,3.5586
2025-07-10 01:10:00,1752109800.0,110923.66,110929.33,110900.0,110900.0,2.70366
2025-07-10 01:11:00,1752109860.0,110900.0,110960.0,110900.0,110960.0,6.06772
2025-07-10 01:12:00,1752109920.0,110959.99,110970.56,110959.99,110965.01,3.09558
2025-07-10 01:13:00,1752109980.0,110965.01,110996.13,110965.0,110996.13,2.9192
2025-07-10 01:14:00,1752110040.0,110996.13,111000.0,110996.12,111000.0,8.71156
2025-07-10 01:15:00,1752110100.0,111000.0,111008.74,110999.99,111008.73,9.44034
2025-07-10 01:16:00,1752110160.0,111008.73,111058.0,111008.73,111024.88,19.44639
2025-07-10 01:17:00,1752110220.0,111024.88,111049.25,111024.88,111038.0,3.36234
2025-07-10 01:18:00,1752110280.0,111038.0,111050.59,111029.43,111034.66,2.94745
2025-07-10 01:19:00,1752110340.0,111034.65,111087.86,111034.65,111087.86,6.02751
2025-07-10 01:20:00,1752110400.0,111087.86,111163.18,111087.86,111141.82,9.04952
2025-07-10 01:21:00,1752110460.0,111141.82,111141.83,111117.77,111117.77,2.7171
2025-07-10 01:22:00,1752110520.0,111117.77,111117.77,111081.86,111084.25,4.23272
2025-07-10 01:23:00,1752110580.0,111084.26,111084.26,111065.38,111065.39,2.32165
2025-07-10 01:24:00,1752110640.0,111065.39,111065.39,111054.24,111063.99,2.64112
2025-07-10 01:25:00,1752110700.0,111063.99,111120.0,111063.99,111106.54,11.32526
2025-07-10 01:26:00,1752110760.0,111106.54,111106.54,111102.15,111102.16,4.53523
2025-07-10 01:27:00,1752110820.0,111102.16,111102.16,111084.25,111084.36,3.31277
2025-07-10 01:28:00,1752110880.0,111084.36,111084.37,111084.26,111084.26,1.90178
2025-07-10 01:29:00,1752110940.0,111084.26,111096.05,111084.26,111096.04,3.82657
2025-07-10 01:30:00,1752111000.0,111096.04,111131.12,111096.04,111111.63,6.42615
2025-07-10 01:31:00,1752111060.0,111111.63,111122.0,111106.29,111122.0,3.38472
2025-07-10 01:32:00,1752111120.0,111121.99,111122.0,111102.65,111107.7,4.01507
2025-07-10 01:33:00,1752111180.0,111107.7,111140.7,111107.7,111140.69,2.10983
2025-07-10 01:34:00,1752111240.0,111140.7,111177.7,111122.63,111156.34,11.97404
2025-07-10 01:35:00,1752111300.0,111156.35,111189.06,111156.34,111188.78,6.74024
2025-07-10 01:36:00,1752111360.0,111188.79,111188.79,111188.78,111188.79,4.60089
2025-07-10 01:37:00,1752111420.0,111188.79,111188.79,111183.07,111187.99,7.02746
2025-07-10 01:38:00,1752111480.0,111188.0,111192.31,111188.0,111192.31,1.34164
2025-07-10 01:39:00,1752111540.0,111192.31,111200.0,111192.3,111199.99,2.85699
2025-07-10 01:40:00,1752111600.0,111199.99,111200.0,111192.3,111192.3,9.67973
2025-07-10 01:41:00,1752111660.0,111192.31,111210.52,111192.3,111205.26,13.16859
2025-07-10 01:42:00,1752111720.0,111205.26,111205.26,111175.64,111189.31,10.90812
2025-07-10 01:43:00,1752111780.0,111189.3,111189.31,111185.95,111185.95,2.03293
2025-07-10 01:44:00,1752111840.0,111185.95,111185.96,111185.95,111185.95,2.89833
2025-07-10 01:45:00,1752111900.0,111185.95,111185.96,111152.54,111159.99,4.47031
2025-07-10 01:46:00,1752111960.0,111159.99,111160.0,111159.99,111159.99,1.0859
2025-07-10 01:47:00,1752112020.0,111159.99,111160.0,111159.99,111159.99,1.43606
2025-07-10 01:48:00,1752112080.0,111160.0,111180.0,111159.99,111179.99,6.21055
2025-07-10 01:49:00,1752112140.0,111179.99,111180.0,111177.19,111177.19,13.10487
2025-07-10 01:50:00,1752112200.0,111177.19,111177.2,111177.19,111177.2,1.28561
2025-07-10 01:51:00,1752112260.0,111177.2,111229.89,111177.19,111229.89,15.94558
2025-07-10 01:52:00,1752112320.0,111229.89,111272.39,111225.8,111261.25,111.50743
2025-07-10 01:53:00,1752112380.0,111261.25,111300.0,111261.25,111299.99,12.42466
2025-07-10 01:54:00,1752112440.0,111300.0,111356.0,111299.99,111324.83,17.54073
2025-07-10 01:55:00,1752112500.0,111324.84,111324.84,111324.83,111324.84,5.03222
2025-07-10 01:56:00,1752112560.0,111324.84,111324.84,111324.83,111324.84,3.51092
2025-07-10 01:57:00,1752112620.0,111324.84,111324.84,111300.0,111309.98,13.8981
2025-07-10 01:58:00,1752112680.0,111309.98,111309.99,111277.05,111277.05,3.34545
2025-07-10 01:59:00,1752112740.0,111277.05,111277.06,111183.81,111189.71,6.91443
2025-07-10 02:00:00,1752112800.0,111189.7,111229.1,111189.7,111229.09,3.4497
2025-07-10 02:01:00,1752112860.0,111229.09,111251.94,111226.53,111234.01,3.82727
2025-07-10 02:02:00,1752112920.0,111234.01,111264.32,111234.0,111264.31,3.80792
2025-07-10 02:03:00,1752112980.0,111264.32,111300.0,111264.31,111300.0,5.61533
2025-07-10 02:04:00,1752113040.0,111300.0,111323.85,111281.96,111281.96,19.48494
2025-07-10 02:05:00,1752113100.0,111281.96,111281.97,111226.87,111226.87,8.40207
2025-07-10 02:06:00,1752113160.0,111226.88,111268.01,111226.87,111268.0,6.52402
2025-07-10 02:07:00,1752113220.0,111268.0,111268.01,111262.54,111268.01,2.77576
2025-07-10 02:08:00,1752113280.0,111268.01,111298.16,111268.0,111298.15,5.37615
2025-07-10 02:09:00,1752113340.0,111298.15,111315.36,111298.15,111309.02,2.52469
2025-07-10 02:10:00,1752113400.0,111309.02,111340.0,111273.22,111332.47,11.34447
2025-07-10 02:11:00,1752113460.0,111332.48,111413.98,111332.47,111413.98,9.43628
2025-07-10 02:12:00,1752113520.0,111413.98,111413.98,111388.33,111394.68,16.23529
2025-07-10 02:13:00,1752113580.0,111394.67,111394.68,111394.67,111394.67,3.51666
2025-07-10 02:14:00,1752113640.0,111394.67,111394.68,111373.22,111373.23,4.11952
2025-07-10 02:15:00,1752113700.0,111373.23,111430.41,111373.22,111373.24,20.03088
2025-07-10 02:16:00,1752113760.0,111373.25,111397.76,111373.24,111390.11,2.24352
2025-07-10 02:17:00,1752113820.0,111390.12,111397.76,111390.11,111397.75,2.1868
2025-07-10 02:18:00,1752113880.0,111397.75,111397.76,111390.11,111390.11,2.71527
2025-07-10 02:19:00,1752113940.0,111390.11,111420.0,111390.11,111392.57,4.5676
2025-07-10 02:20:00,1752114000.0,111392.57,111437.27,111392.57,111437.27,2.536
2025-07-10 02:21:00,1752114060.0,111437.26,111449.31,111408.23,111408.24,13.91278
2025-07-10 02:22:00,1752114120.0,111408.24,111408.24,111376.37,111376.37,35.53206
2025-07-10 02:23:00,1752114180.0,111376.38,111426.16,111376.37,111426.15,11.05836
2025-07-10 02:24:00,1752114240.0,111426.15,111450.0,111426.15,111438.63,9.37554
2025-07-10 02:25:00,1752114300.0,111438.63,111455.0,111438.63,111454.99,9.60187
2025-07-10 02:26:00,1752114360.0,111455.0,111581.0,111454.99,111488.47,93.52432
2025-07-10 02:27:00,1752114420.0,111488.47,111515.87,111474.11,111502.0,7.26731
2025-07-10 02:28:00,1752114480.0,111502.0,111505.95,111368.07,111370.68,22.926
2025-07-10 02:29:00,1752114540.0,111370.68,111370.69,111295.96,111295.97,14.23773
2025-07-10 02:30:00,1752114600.0,111295.97,111295.97,111277.46,111295.6,17.68844
2025-07-10 02:31:00,1752114660.0,111295.59,111371.54,111295.59,111358.77,9.72471
2025-07-10 02:32:00,1752114720.0,111358.77,111358.77,111330.1,111330.11,2.34683
2025-07-10 02:33:00,1752114780.0,111330.11,111330.11,111304.42,111304.42,3.82614
2025-07-10 02:34:00,1752114840.0,111304.42,111304.43,111240.0,111240.0,3.67019
2025-07-10 02:35:00,1752114900.0,111240.0,111276.19,111240.0,111271.32,5.02041
2025-07-10 02:36:00,1752114960.0,111271.32,111271.33,111213.92,111213.93,3.80126
2025-07-10 02:37:00,1752115020.0,111213.93,111213.93,111205.51,111205.51,2.60574
2025-07-10 02:38:00,1752115080.0,111205.52,111205.52,111200.0,111200.0,4.4674
2025-07-10 02:39:00,1752115140.0,111200.0,111200.01,111200.0,111200.0,3.31111
2025-07-10 02:40:00,1752115200.0,111200.0,111200.01,111200.0,111200.01,2.29974
2025-07-10 02:41:00,1752115260.0,111200.01,111200.01,111200.0,111200.01,2.56496
2025-07-10 02:42:00,1752115320.0,111200.0,111200.01,111189.6,111189.61,2.73755
2025-07-10 02:43:00,1752115380.0,111189.61,111189.61,111155.37,111155.37,6.19653
2025-07-10 02:44:00,1752115440.0,111155.37,111180.0,111155.37,111179.99,3.67785
2025-07-10 02:45:00,1752115500.0,111180.0,111180.0,111150.0,111160.63,8.23964
2025-07-10 02:46:00,1752115560.0,111160.63,111166.0,111160.63,111166.0,7.37209
2025-07-10 02:47:00,1752115620.0,111166.0,111225.04,111165.99,111225.03,7.74851
2025-07-10 02:48:00,1752115680.0,111225.03,111225.04,111225.03,111225.04,1.11452
2025-07-10 02:49:00,1752115740.0,111225.03,111251.09,111215.26,111233.33,7.69734
2025-07-10 02:50:00,1752115800.0,111233.33,111250.06,111208.12,111208.12,5.1703
2025-07-10 02:51:00,1752115860.0,111208.13,111208.13,111208.12,111208.12,1.30305
2025-07-10 02:52:00,1752115920.0,111208.13,111208.13,111200.27,111200.28,1.61599
2025-07-10 02:53:00,1752115980.0,111200.27,111200.28,111171.51,111171.51,3.32372
2025-07-10 02:54:00,1752116040.0,111171.52,111171.52,111170.0,111170.0,3.1573
2025-07-10 02:55:00,1752116100.0,111170.0,111170.01,111170.0,111170.0,2.30054
2025-07-10 02:56:00,1752116160.0,111170.01,111170.01,111170.0,111170.0,1.66513
2025-07-10 02:57:00,1752116220.0,111170.01,111187.86,111170.0,111187.86,4.11156
2025-07-10 02:58:00,1752116280.0,111187.85,111213.83,111187.85,111213.83,4.90649
2025-07-10 02:59:00,1752116340.0,111213.91,111213.92,111213.91,111213.91,1.53786
2025-07-10 03:00:00,1752116400.0,111213.91,111213.92,111213.91,111213.92,2.14006
2025-07-10 03:01:00,1752116460.0,111213.92,111213.92,111200.59,111200.6,2.09849
2025-07-10 03:02:00,1752116520.0,111200.59,111200.6,111200.59,111200.59,1.80474
2025-07-10 03:03:00,1752116580.0,111200.59,111221.14,111200.59,111210.01,3.36459
2025-07-10 03:04:00,1752116640.0,111210.01,111210.02,111200.0,111200.0,1.21911
2025-07-10 03:05:00,1752116700.0,111200.0,111200.01,111200.0,111200.01,2.35953
2025-07-10 03:06:00,1752116760.0,111200.01,111200.01,111200.0,111200.01,1.08593
2025-07-10 03:07:00,1752116820.0,111200.0,111200.01,111187.0,111187.01,3.0608
2025-07-10 03:08:00,1752116880.0,111187.01,111192.31,111187.0,111192.31,2.934
2025-07-10 03:09:00,1752116940.0,111192.3,111207.97,111192.3,111192.3,3.77459
2025-07-10 03:10:00,1752117000.0,111192.3,111192.31,111163.82,111163.82,8.39142
2025-07-10 03:11:00,1752117060.0,111163.83,111163.83,111163.82,111163.83,1.58844
2025-07-10 03:12:00,1752117120.0,111163.82,111163.83,111163.82,111163.83,0.691
2025-07-10 03:13:00,1752117180.0,111163.83,111163.83,111163.82,111163.82,1.04384
2025-07-10 03:14:00,1752117240.0,111163.83,111163.83,111131.29,111131.3,42.54405
2025-07-10 03:15:00,1752117300.0,111131.3,111217.07,111131.29,111217.06,24.54889
2025-07-10 03:16:00,1752117360.0,111217.07,111217.07,111203.39,111203.4,3.76318
2025-07-10 03:17:00,1752117420.0,111203.39,111203.4,111155.32,111155.33,6.0918
2025-07-10 03:18:00,1752117480.0,111155.33,111155.33,111142.04,111154.75,4.94682
2025-07-10 03:19:00,1752117540.0,111154.74,111162.16,111154.74,111162.15,3.0327
2025-07-10 03:20:00,1752117600.0,111162.16,111162.16,111133.23,111133.23,2.71223
2025-07-10 03:21:00,1752117660.0,111133.24,111133.24,111125.04,111125.04,2.6443
2025-07-10 03:22:00,1752117720.0,111125.04,111132.61,111076.09,111103.0,30.79591
2025-07-10 03:23:00,1752117780.0,111103.01,111103.01,111090.0,111090.01,4.58755
2025-07-10 03:24:00,1752117840.0,111090.01,111090.01,111090.0,111090.01,1.27661
2025-07-10 03:25:00,1752117900.0,111090.01,111090.01,111090.0,111090.0,2.10878
2025-07-10 03:26:00,1752117960.0,111090.0,111090.0,111055.25,111055.26,5.05986
2025-07-10 03:27:00,1752118020.0,111055.25,111055.26,111055.25,111055.25,2.44979
2025-07-10 03:28:00,1752118080.0,111055.25,111055.26,111054.27,111054.27,2.03996
2025-07-10 03:29:00,1752118140.0,111054.28,111054.28,111054.27,111054.27,4.11801
2025-07-10 03:30:00,1752118200.0,111054.28,111070.0,111054.27,111069.99,4.24762
2025-07-10 03:31:00,1752118260.0,111069.99,111070.0,111058.43,111058.43,4.81829
2025-07-10 03:32:00,1752118320.0,111058.43,111058.44,111054.0,111054.01,3.47035
2025-07-10 03:33:00,1752118380.0,111054.01,111054.01,111000.03,111016.11,8.29641
2025-07-10 03:34:00,1752118440.0,111016.12,111017.32,111014.43,111017.31,7.88414
2025-07-10 03:35:00,1752118500.0,111017.31,111038.94,111017.31,111038.93,3.81759
2025-07-10 03:36:00,1752118560.0,111038.93,111048.56,111038.93,111048.55,2.24999
2025-07-10 03:37:00,1752118620.0,111048.56,111048.56,111048.55,111048.55,1.49064
2025-07-10 03:38:00,1752118680.0,111048.55,111048.56,111048.55,111048.56,0.85567
2025-07-10 03:39:00,1752118740.0,111048.56,111048.56,111048.36,111048.36,3.82759
2025-07-10 03:40:00,1752118800.0,111048.36,111048.37,111020.54,111020.54,7.52384
2025-07-10 03:41:00,1752118860.0,111020.55,111020.55,111003.56,111003.56,3.37708
2025-07-10 03:42:00,1752118920.0,111003.57,111003.57,110986.33,110997.43,23.79082
2025-07-10 03:43:00,1752118980.0,110997.43,110997.44,110997.43,110997.43,3.86201
2025-07-10 03:44:00,1752119040.0,110997.43,111014.13,110997.43,111014.13,6.65181
2025-07-10 03:45:00,1752119100.0,111014.12,111014.13,111013.99,111013.99,4.47738
2025-07-10 03:46:00,1752119160.0,111014.0,111014.0,111013.99,111014.0,2.00256
2025-07-10 03:47:00,1752119220.0,111014.0,111042.95,111013.99,111040.56,9.98642
2025-07-10 03:48:00,1752119280.0,111040.55,111046.8,111040.55,111046.8,2.07257
2025-07-10 03:49:00,1752119340.0,111046.79,111046.8,111046.2,111046.21,3.24367
2025-07-10 03:50:00,1752119400.0,111046.21,111046.21,111043.7,111043.71,3.39034
2025-07-10 03:51:00,1752119460.0,111043.71,111065.39,111043.7,111065.38,4.63795
2025-07-10 03:52:00,1752119520.0,111065.38,111065.39,111057.18,111057.18,1.47328
2025-07-10 03:53:00,1752119580.0,111057.19,111057.19,111048.0,111048.0,2.07961
2025-07-10 03:54:00,1752119640.0,111048.01,111068.3,111048.0,111068.29,6.44348
2025-07-10 03:55:00,1752119700.0,111068.29,111074.52,111068.29,111074.51,4.68518
2025-07-10 03:56:00,1752119760.0,111074.51,111085.48,111074.51,111085.47,1.87988
2025-07-10 03:57:00,1752119820.0,111085.47,111085.48,111074.51,111074.52,2.39019
2025-07-10 03:58:00,1752119880.0,111074.52,111074.52,111074.51,111074.52,3.35315
2025-07-10 03:59:00,1752119940.0,111074.52,111074.52,111074.51,111074.51,1.17556
2025-07-10 04:00:00,1752120000.0,111074.52,111074.52,111074.51,111074.51,0.92465
2025-07-10 04:01:00,1752120060.0,111074.51,111074.52,111074.51,111074.52,4.56868
2025-07-10 04:02:00,1752120120.0,111074.52,111074.52,111060.0,111060.0,2.83008
2025-07-10 04:03:00,1752120180.0,111060.0,111060.01,111040.0,111040.0,1.77696
2025-07-10 04:04:00,1752120240.0,111040.0,111040.0,111011.03,111011.04,5.979
2025-07-10 04:05:00,1752120300.0,111011.04,111011.04,110984.01,110984.01,3.98905
2025-07-10 04:06:00,1752120360.0,110984.02,111005.13,110984.01,111005.13,2.50302
2025-07-10 04:07:00,1752120420.0,111005.13,111005.13,111000.59,111000.6,3.45283
2025-07-10 04:08:00,1752120480.0,111000.59,111000.6,111000.44,111000.44,2.71376
2025-07-10 04:09:00,1752120540.0,111000.45,111000.45,110962.62,110962.62,2.59261
2025-07-10 04:10:00,1752120600.0,110962.63,110962.63,110962.62,110962.62,1.49758
2025-07-10 04:11:00,1752120660.0,110962.63,110962.63,110962.09,110962.1,3.95822
2025-07-10 04:12:00,1752120720.0,110962.1,110962.1,110957.57,110957.57,1.09806
2025-07-10 04:13:00,1752120780.0,110957.57,110957.58,110953.22,110953.22,1.17634
2025-07-10 04:14:00,1752120840.0,110953.22,110953.23,110953.22,110953.23,0.67619
2025-07-10 04:15:00,1752120900.0,110953.22,110953.23,110951.59,110951.6,8.5287
2025-07-10 04:16:00,1752120960.0,110951.6,110975.55,110951.59,110975.55,13.97534
2025-07-10 04:17:00,1752121020.0,110975.54,110977.28,110975.54,110977.28,3.802
2025-07-10 04:18:00,1752121080.0,110977.27,110984.35,110977.27,110984.34,2.37811
2025-07-10 04:19:00,1752121140.0,110984.34,110984.36,110984.34,110984.36,1.17839
2025-07-10 04:20:00,1752121200.0,110984.35,110984.36,110984.35,110984.36,0.9045
2025-07-10 04:21:00,1752121260.0,110984.35,111014.71,110984.35,111014.7,3.72842
2025-07-10 04:22:00,1752121320.0,111014.71,111014.71,111014.7,111014.71,1.12626
2025-07-10 04:23:00,1752121380.0,111014.71,111020.24,111014.7,111020.23,2.78669
2025-07-10 04:24:00,1752121440.0,111020.23,111020.24,111020.23,111020.24,1.89274
2025-07-10 04:25:00,1752121500.0,111020.24,111065.39,111020.23,111065.38,6.57177
2025-07-10 04:26:00,1752121560.0,111065.38,111065.39,111062.07,111062.08,1.80261
2025-07-10 04:27:00,1752121620.0,111062.07,111062.08,111055.29,111055.3,2.53943
2025-07-10 04:28:00,1752121680.0,111055.3,111055.3,111055.29,111055.3,1.33148
2025-07-10 04:29:00,1752121740.0,111055.3,111055.3,111055.29,111055.3,1.58925
2025-07-10 04:30:00,1752121800.0,111055.29,111089.0,111055.29,111088.99,13.88906
2025-07-10 04:31:00,1752121860.0,111088.99,111099.99,111076.0,111076.01,3.86682
2025-07-10 04:32:00,1752121920.0,111076.01,111099.11,111076.0,111099.11,2.54321
2025-07-10 04:33:00,1752121980.0,111099.1,111099.11,111099.1,111099.11,2.01634
2025-07-10 04:34:00,1752122040.0,111099.11,111099.11,111099.1,111099.1,1.11198
2025-07-10 04:35:00,1752122100.0,111099.11,111131.99,111099.1,111106.32,7.91975
2025-07-10 04:36:00,1752122160.0,111106.32,111130.15,111106.32,111116.64,4.57362
2025-07-10 04:37:00,1752122220.0,111116.64,111116.65,111101.0,111101.01,7.3445
2025-07-10 04:38:00,1752122280.0,111101.0,111101.01,111099.41,111099.41,1.01769
2025-07-10 04:39:00,1752122340.0,111099.41,111099.42,111094.81,111094.81,2.54192
2025-07-10 04:40:00,1752122400.0,111094.82,111094.82,111093.83,111093.83,2.87404
2025-07-10 04:41:00,1752122460.0,111093.83,111112.71,111084.21,111112.71,16.37488
2025-07-10 04:42:00,1752122520.0,111112.71,111140.84,111112.7,111140.84,3.52133
2025-07-10 04:43:00,1752122580.0,111140.83,111148.53,111140.83,111148.53,2.28832
2025-07-10 04:44:00,1752122640.0,111148.52,111148.53,111148.52,111148.52,1.13132
2025-07-10 04:45:00,1752122700.0,111148.53,111185.77,111148.52,111166.38,4.70236
2025-07-10 04:46:00,1752122760.0,111166.37,111166.38,111166.37,111166.38,1.32321
2025-07-10 04:47:00,1752122820.0,111166.37,111166.38,111164.57,111164.57,1.22673
2025-07-10 04:48:00,1752122880.0,111164.58,111164.58,111149.88,111149.89,20.34981
2025-07-10 04:49:00,1752122940.0,111149.88,111164.35,111149.88,111164.34,6.54654
2025-07-10 04:50:00,1752123000.0,111164.34,111164.35,111164.34,111164.35,1.43841
2025-07-10 04:51:00,1752123060.0,111164.35,111164.35,111164.34,111164.35,2.72615
2025-07-10 04:52:00,1752123120.0,111164.34,111164.57,111164.34,111164.57,5.61754
2025-07-10 04:53:00,1752123180.0,111164.57,111164.57,111151.37,111151.38,8.98669
2025-07-10 04:54:00,1752123240.0,111151.38,111151.38,111115.22,111115.22,2.83614
2025-07-10 04:55:00,1752123300.0,111115.23,111120.01,111115.22,111120.0,5.9538
2025-07-10 04:56:00,1752123360.0,111120.01,111120.01,111120.0,111120.01,5.70034
2025-07-10 04:57:00,1752123420.0,111120.01,111120.01,111120.0,111120.01,9.751
2025-07-10 04:58:00,1752123480.0,111120.0,111138.02,111065.38,111138.01,40.97715
2025-07-10 04:59:00,1752123540.0,111138.02,111150.01,111132.49,111150.0,7.11046
2025-07-10 05:00:00,1752123600.0,111150.0,111164.35,111122.76,111122.76,30.73683
2025-07-10 05:01:00,1752123660.0,111122.76,111122.77,111106.48,111112.0,11.18775
2025-07-10 05:02:00,1752123720.0,111112.01,111130.99,111049.99,111091.62,97.71521
2025-07-10 05:03:00,1752123780.0,111091.62,111099.77,111054.55,111074.78,29.83104
2025-07-10 05:04:00,1752123840.0,111074.78,111074.78,111068.46,111068.47,2.22932
2025-07-10 05:05:00,1752123900.0,111068.48,111068.48,111039.24,111039.24,2.09377
2025-07-10 05:06:00,1752123960.0,111039.24,111039.25,110955.51,111008.93,14.48907
2025-07-10 05:07:00,1752124020.0,111008.94,111008.94,111008.93,111008.93,1.51837
2025-07-10 05:08:00,1752124080.0,111008.93,111008.94,110980.0,110980.01,2.84157
2025-07-10 05:09:00,1752124140.0,110980.01,110980.01,110980.0,110980.0,5.16767
2025-07-10 05:10:00,1752124200.0,110980.0,110992.29,110980.0,110992.29,5.5276
2025-07-10 05:11:00,1752124260.0,110992.29,110992.29,110986.91,110986.91,2.56738
2025-07-10 05:12:00,1752124320.0,110986.91,110986.92,110986.91,110986.91,1.25651
2025-07-10 05:13:00,1752124380.0,110986.91,110986.92,110986.91,110986.91,2.37401
2025-07-10 05:14:00,1752124440.0,110986.91,110986.92,110986.91,110986.91,1.90408
2025-07-10 05:15:00,1752124500.0,110986.91,110986.92,110986.91,110986.91,4.18561
2025-07-10 05:16:00,1752124560.0,110986.91,110986.92,110977.8,110977.8,2.24451
2025-07-10 05:17:00,1752124620.0,110977.8,110977.8,110898.0,110971.66,65.67985
2025-07-10 05:18:00,1752124680.0,110971.66,110971.66,110971.0,110971.0,1.84026
2025-07-10 05:19:00,1752124740.0,110971.01,110971.01,110971.0,110971.0,3.01463
2025-07-10 05:20:00,1752124800.0,110971.0,110971.01,110962.81,110962.81,2.32064
2025-07-10 05:21:00,1752124860.0,110962.81,110962.82,110940.26,110949.01,6.84895
2025-07-10 05:22:00,1752124920.0,110949.0,110949.01,110949.0,110949.01,3.54463
2025-07-10 05:23:00,1752124980.0,110949.01,110949.01,110948.7,110948.71,2.82896
2025-07-10 05:24:00,1752125040.0,110948.71,110948.71,110940.26,110940.26,3.5854
2025-07-10 05:25:00,1752125100.0,110940.26,110947.23,110940.26,110947.22,7.22625
2025-07-10 05:26:00,1752125160.0,110947.23,110993.03,110947.22,110993.03,9.38465
2025-07-10 05:27:00,1752125220.0,110993.03,111000.0,110993.02,111000.0,2.06385
2025-07-10 05:28:00,1752125280.0,111000.0,111000.0,110999.99,111000.0,10.82107
2025-07-10 05:29:00,1752125340.0,111000.0,111000.0,110993.61,110993.61,2.00938
2025-07-10 05:30:00,1752125400.0,110993.62,110993.62,110963.56,110963.57,5.20401
2025-07-10 05:31:00,1752125460.0,110963.57,110963.57,110950.7,110959.69,4.928
2025-07-10 05:32:00,1752125520.0,110959.68,110959.69,110959.68,110959.69,2.77594
2025-07-10 05:33:00,1752125580.0,110959.68,110964.0,110954.68,110954.68,5.90587
2025-07-10 05:34:00,1752125640.0,110954.68,110954.69,110950.7,110950.7,2.72809
2025-07-10 05:35:00,1752125700.0,110950.7,110950.71,110950.7,110950.7,0.92376
2025-07-10 05:36:00,1752125760.0,110950.7,110950.71,110950.7,110950.7,0.93379
2025-07-10 05:37:00,1752125820.0,110950.7,110950.71,110950.7,110950.7,0.92993
2025-07-10 05:38:00,1752125880.0,110950.7,110950.71,110950.7,110950.71,0.52481
2025-07-10 05:39:00,1752125940.0,110950.7,110950.71,110950.7,110950.71,0.56224
2025-07-10 05:40:00,1752126000.0,110950.7,110950.71,110950.7,110950.7,0.54422
2025-07-10 05:41:00,1752126060.0,110950.7,110950.71,110950.7,110950.7,1.00227
2025-07-10 05:42:00,1752126120.0,110950.7,110950.71,110950.7,110950.71,0.81782
2025-07-10 05:43:00,1752126180.0,110950.71,110950.71,110950.7,110950.71,0.53896
2025-07-10 05:44:00,1752126240.0,110950.7,110950.71,110950.7,110950.71,0.91441
2025-07-10 05:45:00,1752126300.0,110950.7,110950.71,110949.63,110949.64,3.2446
2025-07-10 05:46:00,1752126360.0,110949.63,110949.64,110944.0,110944.0,14.70949
2025-07-10 05:47:00,1752126420.0,110944.01,110949.41,110944.0,110949.41,3.41492
2025-07-10 05:48:00,1752126480.0,110949.41,110949.41,110949.4,110949.4,1.22173
2025-07-10 05:49:00,1752126540.0,110949.4,110949.41,110949.4,110949.4,3.46122
2025-07-10 05:50:00,1752126600.0,110949.4,110954.69,110949.4,110954.69,5.39037
2025-07-10 05:51:00,1752126660.0,110954.68,110988.87,110954.68,110988.87,5.49736
2025-07-10 05:52:00,1752126720.0,110988.86,111037.27,110988.86,111037.27,19.62971
2025-07-10 05:53:00,1752126780.0,111037.27,111054.73,111037.26,111042.37,4.19887
2025-07-10 05:54:00,1752126840.0,111042.38,111042.38,111042.37,111042.38,0.90636
2025-07-10 05:55:00,1752126900.0,111042.37,111124.31,111042.37,111124.31,25.1893
2025-07-10 05:56:00,1752126960.0,111124.31,111160.67,111124.31,111157.45,10.97358
2025-07-10 05:57:00,1752127020.0,111157.44,111157.45,111086.13,111086.13,8.34201
2025-07-10 05:58:00,1752127080.0,111086.14,111086.14,111086.13,111086.14,0.82594
2025-07-10 05:59:00,1752127140.0,111086.14,111086.15,111086.13,111086.14,1.92288
2025-07-10 06:00:00,1752127200.0,111086.14,111120.0,111086.14,111119.99,9.16683
2025-07-10 06:01:00,1752127260.0,111120.0,111120.0,111109.7,111119.72,23.68969
2025-07-10 06:02:00,1752127320.0,111119.71,111146.88,111119.71,111142.01,2.88391
2025-07-10 06:03:00,1752127380.0,111142.0,111142.01,111142.0,111142.01,1.20904
2025-07-10 06:04:00,1752127440.0,111142.0,111164.34,111142.0,111157.01,4.17658
2025-07-10 06:05:00,1752127500.0,111157.0,111157.01,111111.88,111111.89,4.29131
2025-07-10 06:06:00,1752127560.0,111111.89,111111.89,111105.47,111105.47,3.26205
2025-07-10 06:07:00,1752127620.0,111105.48,111105.48,111095.27,111095.28,3.16383
2025-07-10 06:08:00,1752127680.0,111095.28,111095.28,111095.0,111095.0,1.48311
2025-07-10 06:09:00,1752127740.0,111095.01,111095.28,111091.0,111095.28,4.13135
2025-07-10 06:10:00,1752127800.0,111095.28,111100.0,111095.27,111097.29,14.92834
2025-07-10 06:11:00,1752127860.0,111097.29,111133.5,111097.28,111133.5,3.67311
2025-07-10 06:12:00,1752127920.0,111133.5,111185.18,111133.49,111185.17,3.48381
2025-07-10 06:13:00,1752127980.0,111185.18,111185.18,111142.0,111142.01,10.68955
2025-07-10 06:14:00,1752128040.0,111142.01,111142.01,111142.0,111142.0,3.82292
2025-07-10 06:15:00,1752128100.0,111142.01,111157.45,111142.0,111147.12,6.0827
2025-07-10 06:16:00,1752128160.0,111147.11,111155.95,111147.11,111155.95,6.00053
2025-07-10 06:17:00,1752128220.0,111155.95,111155.95,111155.94,111155.95,2.3902
2025-07-10 06:18:00,1752128280.0,111155.95,111155.95,111155.94,111155.95,1.51985
2025-07-10 06:19:00,1752128340.0,111155.94,111155.95,111153.32,111153.32,3.94893
2025-07-10 06:20:00,1752128400.0,111153.33,111153.33,111145.88,111145.88,6.75088
2025-07-10 06:21:00,1752128460.0,111145.89,111210.7,111133.69,111210.69,12.68403
2025-07-10 06:22:00,1752128520.0,111210.69,111306.49,111174.02,111306.49,30.05688
2025-07-10 06:23:00,1752128580.0,111306.36,111306.36,111260.7,111260.71,12.45019
2025-07-10 06:24:00,1752128640.0,111260.7,111260.71,111254.94,111254.95,3.63231
2025-07-10 06:25:00,1752128700.0,111254.95,111279.84,111254.94,111277.05,12.92101
2025-07-10 06:26:00,1752128760.0,111277.05,111289.79,111277.05,111289.79,3.33418
2025-07-10 06:27:00,1752128820.0,111289.78,111289.79,111289.78,111289.78,1.41053
2025-07-10 06:28:00,1752128880.0,111289.78,111295.37,111289.78,111295.37,5.89965
2025-07-10 06:29:00,1752128940.0,111295.37,111295.37,111278.65,111278.66,4.37331
2025-07-10 06:30:00,1752129000.0,111278.66,111278.66,111255.83,111255.83,2.86123
2025-07-10 06:31:00,1752129060.0,111255.84,111286.26,111255.83,111271.79,18.02508
2025-07-10 06:32:00,1752129120.0,111271.79,111271.8,111260.0,111260.0,4.3501
2025-07-10 06:33:00,1752129180.0,111260.01,111260.01,111252.08,111252.08,3.69747
2025-07-10 06:34:00,1752129240.0,111252.09,111254.76,111252.03,111254.76,4.5193
2025-07-10 06:35:00,1752129300.0,111254.76,111298.08,111250.0,111250.0,14.50832
2025-07-10 06:36:00,1752129360.0,111250.0,111250.01,111250.0,111250.01,2.02084
2025-07-10 06:37:00,1752129420.0,111250.01,111250.01,111234.61,111234.62,4.32412
2025-07-10 06:38:00,1752129480.0,111234.61,111234.62,111191.03,111191.04,13.62003
2025-07-10 06:39:00,1752129540.0,111191.04,111191.04,111159.2,111159.2,4.04204
2025-07-10 06:40:00,1752129600.0,111159.2,111170.0,111153.87,111170.0,6.42904
2025-07-10 06:41:00,1752129660.0,111170.0,111174.57,111169.99,111172.74,5.71046
2025-07-10 06:42:00,1752129720.0,111172.75,111172.75,111144.46,111144.46,5.22941
2025-07-10 06:43:00,1752129780.0,111144.47,111144.47,111141.92,111141.93,3.87247
2025-07-10 06:44:00,1752129840.0,111141.93,111141.93,111141.92,111141.93,2.76006
2025-07-10 06:45:00,1752129900.0,111141.93,111145.89,111141.92,111145.88,3.91388
2025-07-10 06:46:00,1752129960.0,111145.89,111169.49,111145.88,111169.49,8.4873
2025-07-10 06:47:00,1752130020.0,111169.49,111191.04,111169.48,111191.04,3.45439
2025-07-10 06:48:00,1752130080.0,111191.04,111214.55,111191.04,111204.24,3.91514
2025-07-10 06:49:00,1752130140.0,111204.24,111204.25,111197.06,111197.07,3.35053
2025-07-10 06:50:00,1752130200.0,111197.07,111208.2,111197.06,111208.2,2.86624
2025-07-10 06:51:00,1752130260.0,111208.2,111250.0,111208.19,111250.0,2.98648
2025-07-10 06:52:00,1752130320.0,111250.0,111250.0,111249.99,111249.99,3.32232
2025-07-10 06:53:00,1752130380.0,111250.0,111276.01,111249.99,111249.99,7.31156
2025-07-10 06:54:00,1752130440.0,111249.99,111258.28,111242.35,111258.27,2.54365
2025-07-10 06:55:00,1752130500.0,111258.28,111258.29,111258.27,111258.29,4.80138
2025-07-10 06:56:00,1752130560.0,111258.28,111272.08,111258.28,111264.01,21.03308
2025-07-10 06:57:00,1752130620.0,111264.0,111264.01,111264.0,111264.0,3.75291
2025-07-10 06:58:00,1752130680.0,111264.0,111283.31,111251.23,111251.24,16.73802
2025-07-10 06:59:00,1752130740.0,111251.23,111251.24,111233.34,111233.34,3.72562
2025-07-10 07:00:00,1752130800.0,111233.33,111239.0,111220.88,111239.0,8.50551
2025-07-10 07:01:00,1752130860.0,111239.0,111276.51,111238.99,111252.01,10.42078
2025-07-10 07:02:00,1752130920.0,111252.01,111274.0,111252.0,111260.44,11.75318
2025-07-10 07:03:00,1752130980.0,111260.45,111260.45,111241.48,111249.75,7.28434
2025-07-10 07:04:00,1752131040.0,111249.75,111249.75,111249.74,111249.75,2.76648
2025-07-10 07:05:00,1752131100.0,111249.75,111249.75,111235.45,111235.46,10.25519
2025-07-10 07:06:00,1752131160.0,111235.45,111235.46,111222.21,111234.0,3.4635
2025-07-10 07:07:00,1752131220.0,111234.0,111277.06,111233.99,111277.05,6.14655
2025-07-10 07:08:00,1752131280.0,111277.05,111327.54,111263.02,111316.01,50.38245
2025-07-10 07:09:00,1752131340.0,111316.01,111432.46,111316.0,111432.45,23.98064
2025-07-10 07:10:00,1752131400.0,111432.45,111432.46,111338.73,111338.73,21.76694
2025-07-10 07:11:00,1752131460.0,111338.72,111384.24,111329.79,111384.24,29.75274
2025-07-10 07:12:00,1752131520.0,111384.24,111384.24,111333.44,111344.59,15.07834
2025-07-10 07:13:00,1752131580.0,111344.58,111354.0,111344.58,111353.99,3.84688
2025-07-10 07:14:00,1752131640.0,111353.99,111400.0,111353.99,111394.53,7.63461
2025-07-10 07:15:00,1752131700.0,111394.53,111394.53,111378.0,111378.01,6.31225
2025-07-10 07:16:00,1752131760.0,111378.0,111378.01,111320.0,111375.79,12.62105
2025-07-10 07:17:00,1752131820.0,111375.78,111389.61,111375.78,111389.61,2.51462
2025-07-10 07:18:00,1752131880.0,111389.61,111415.57,111389.6,111398.55,7.68006
2025-07-10 07:19:00,1752131940.0,111398.56,111398.56,111358.15,111372.0,9.66526
2025-07-10 07:20:00,1752132000.0,111371.99,111372.0,111336.23,111339.98,7.58534
2025-07-10 07:21:00,1752132060.0,111339.99,111339.99,111320.0,111320.01,4.30058
2025-07-10 07:22:00,1752132120.0,111320.0,111351.12,111310.0,111351.12,5.98044
2025-07-10 07:23:00,1752132180.0,111351.12,111351.12,111351.11,111351.11,5.04503
2025-07-10 07:24:00,1752132240.0,111351.11,111351.12,111336.0,111336.01,3.36724
2025-07-10 07:25:00,1752132300.0,111336.0,111336.01,111331.11,111331.11,2.90692
2025-07-10 07:26:00,1752132360.0,111331.12,111331.12,111331.11,111331.12,3.77043
2025-07-10 07:27:00,1752132420.0,111331.12,111377.72,111331.11,111377.72,5.75343
2025-07-10 07:28:00,1752132480.0,111377.71,111377.72,111352.75,111352.75,12.08741
2025-07-10 07:29:00,1752132540.0,111352.76,111363.9,111352.75,111363.89,2.76285
2025-07-10 07:30:00,1752132600.0,111363.89,111375.66,111363.89,111365.25,9.04784
2025-07-10 07:31:00,1752132660.0,111365.24,111365.25,111354.0,111354.0,7.52041
2025-07-10 07:32:00,1752132720.0,111354.0,111361.54,111290.0,111314.92,15.40127
2025-07-10 07:33:00,1752132780.0,111314.91,111340.0,111304.0,111340.0,6.03337
2025-07-10 07:34:00,1752132840.0,111339.99,111349.5,111339.99,111349.5,2.76685
2025-07-10 07:35:00,1752132900.0,111349.49,111349.5,111324.0,111324.0,6.16913
2025-07-10 07:36:00,1752132960.0,111324.0,111324.01,111309.22,111309.22,5.29989
2025-07-10 07:37:00,1752133020.0,111309.22,111309.23,111280.0,111280.0,4.63485
2025-07-10 07:38:00,1752133080.0,111280.01,111280.01,111265.12,111274.81,6.96037
2025-07-10 07:39:00,1752133140.0,111274.81,111289.24,111250.0,111250.01,8.13429
2025-07-10 07:40:00,1752133200.0,111250.0,111274.59,111250.0,111274.58,7.83212
2025-07-10 07:41:00,1752133260.0,111274.58,111274.59,111216.68,111216.68,11.36844
2025-07-10 07:42:00,1752133320.0,111216.68,111257.91,111216.68,111257.9,5.47433
2025-07-10 07:43:00,1752133380.0,111257.9,111285.01,111253.19,111285.01,5.3049
2025-07-10 07:44:00,1752133440.0,111285.0,111285.01,111277.32,111277.32,4.07932
2025-07-10 07:45:00,1752133500.0,111277.32,111277.33,111144.08,111213.62,13.37953
2025-07-10 07:46:00,1752133560.0,111213.61,111267.29,111213.61,111267.29,4.40397
2025-07-10 07:47:00,1752133620.0,111267.28,111276.93,111248.0,111276.93,7.8121
2025-07-10 07:48:00,1752133680.0,111276.93,111295.11,111265.03,111277.05,5.05792
2025-07-10 07:49:00,1752133740.0,111277.05,111277.05,111255.0,111255.01,2.61743
2025-07-10 07:50:00,1752133800.0,111255.0,111255.01,111223.96,111223.97,3.24096
2025-07-10 07:51:00,1752133860.0,111223.97,111250.14,111223.96,111227.14,5.28884
2025-07-10 07:52:00,1752133920.0,111227.14,111227.14,111220.0,111220.0,13.63451
2025-07-10 07:53:00,1752133980.0,111220.0,111220.01,111212.3,111212.32,7.04231
2025-07-10 07:54:00,1752134040.0,111212.31,111224.59,111212.31,111224.59,2.98473
2025-07-10 07:55:00,1752134100.0,111224.59,111225.98,111224.58,111225.97,2.75198
2025-07-10 07:56:00,1752134160.0,111225.97,111225.98,111225.97,111225.97,0.96209
2025-07-10 07:57:00,1752134220.0,111225.97,111233.46,111224.59,111224.59,3.7563
2025-07-10 07:58:00,1752134280.0,111224.6,111224.6,111213.72,111213.72,6.22397
2025-07-10 07:59:00,1752134340.0,111213.72,111230.0,111213.72,111230.0,11.52088
2025-07-10 08:00:00,1752134400.0,111229.99,111229.99,111214.0,111214.02,6.64657
2025-07-10 08:01:00,1752134460.0,111214.01,111214.01,111154.51,111154.51,19.13329
2025-07-10 08:02:00,1752134520.0,111154.51,111180.54,111154.0,111180.54,17.58913
2025-07-10 08:03:00,1752134580.0,111180.54,111192.32,111153.9,111153.9,10.43991
2025-07-10 08:04:00,1752134640.0,111153.9,111153.91,111146.92,111146.93,9.82511
2025-07-10 08:05:00,1752134700.0,111146.93,111159.36,111146.92,111159.36,4.60887
2025-07-10 08:06:00,1752134760.0,111159.36,111159.36,111148.96,111148.96,3.90001
2025-07-10 08:07:00,1752134820.0,111148.96,111148.97,111148.48,111148.49,2.38844
2025-07-10 08:08:00,1752134880.0,111148.49,111148.49,111137.92,111137.93,2.4868
2025-07-10 08:09:00,1752134940.0,111137.92,111137.93,111124.61,111125.01,4.75274
2025-07-10 08:10:00,1752135000.0,111125.01,111143.0,111125.0,111143.0,3.38259
2025-07-10 08:11:00,1752135060.0,111143.0,111143.0,111102.78,111124.0,11.24324
2025-07-10 08:12:00,1752135120.0,111124.0,111124.0,111123.99,111124.0,3.03676
2025-07-10 08:13:00,1752135180.0,111123.99,111124.0,111123.99,111124.0,1.17804
2025-07-10 08:14:00,1752135240.0,111123.99,111124.0,111123.94,111123.94,4.00682
2025-07-10 08:15:00,1752135300.0,111123.94,111217.5,111123.94,111217.5,7.08195
2025-07-10 08:16:00,1752135360.0,111217.49,111263.04,111217.49,111263.04,7.20851
2025-07-10 08:17:00,1752135420.0,111263.03,111263.04,111240.32,111257.22,21.97382
2025-07-10 08:18:00,1752135480.0,111257.22,111257.23,111241.29,111254.4,17.55089
2025-07-10 08:19:00,1752135540.0,111254.4,111276.92,111254.4,111276.91,6.48529
2025-07-10 08:20:00,1752135600.0,111276.92,111276.92,111252.49,111252.5,6.01226
2025-07-10 08:21:00,1752135660.0,111252.49,111252.5,111251.99,111251.99,1.60211
2025-07-10 08:22:00,1752135720.0,111251.99,111263.13,111251.99,111263.13,4.19629
2025-07-10 08:23:00,1752135780.0,111263.13,111263.13,111263.11,111263.12,1.88944
2025-07-10 08:24:00,1752135840.0,111263.11,111263.12,111263.0,111263.0,1.8826
2025-07-10 08:25:00,1752135900.0,111263.01,111263.01,111222.68,111222.68,7.11252
2025-07-10 08:26:00,1752135960.0,111222.68,111230.0,111222.68,111229.99,5.02525
2025-07-10 08:27:00,1752136020.0,111230.0,111260.34,111229.99,111260.33,4.82806
2025-07-10 08:28:00,1752136080.0,111260.33,111260.34,111257.8,111257.8,2.6867
2025-07-10 08:29:00,1752136140.0,111257.8,111260.33,111257.8,111260.33,6.62237
2025-07-10 08:30:00,1752136200.0,111260.32,111275.0,111260.32,111274.99,4.35186
2025-07-10 08:31:00,1752136260.0,111274.99,111297.0,111274.99,111275.47,6.08197
2025-07-10 08:32:00,1752136320.0,111275.48,111275.48,111275.47,111275.48,2.42943
2025-07-10 08:33:00,1752136380.0,111275.47,111275.48,111274.99,111275.0,4.32269
2025-07-10 08:34:00,1752136440.0,111275.0,111275.0,111274.81,111274.82,3.68329
2025-07-10 08:35:00,1752136500.0,111274.82,111274.82,111274.81,111274.82,4.58482
2025-07-10 08:36:00,1752136560.0,111274.81,111330.99,111274.81,111330.99,11.46821
2025-07-10 08:37:00,1752136620.0,111330.99,111330.99,111330.98,111330.98,2.5346
2025-07-10 08:38:00,1752136680.0,111330.98,111340.0,111330.98,111340.0,5.18248
2025-07-10 08:39:00,1752136740.0,111340.0,111370.0,111339.99,111349.96,5.16116
2025-07-10 08:40:00,1752136800.0,111349.95,111349.96,111329.23,111329.24,3.81809
2025-07-10 08:41:00,1752136860.0,111329.23,111329.24,111303.46,111303.47,3.70763
2025-07-10 08:42:00,1752136920.0,111303.47,111348.75,111303.46,111348.75,10.75874
2025-07-10 08:43:00,1752136980.0,111348.75,111354.41,111348.74,111348.74,7.6256
2025-07-10 08:44:00,1752137040.0,111348.75,111398.96,111348.74,111386.89,28.05574
2025-07-10 08:45:00,1752137100.0,111386.89,111396.0,111386.88,111388.98,9.68685
2025-07-10 08:46:00,1752137160.0,111388.98,111388.98,111382.98,111382.98,4.64533
2025-07-10 08:47:00,1752137220.0,111382.98,111382.98,111354.3,111354.31,6.43761
2025-07-10 08:48:00,1752137280.0,111354.31,111354.31,111354.0,111354.0,3.00348
2025-07-10 08:49:00,1752137340.0,111354.0,111354.01,111335.05,111335.06,4.88152
2025-07-10 08:50:00,1752137400.0,111335.06,111335.06,111335.05,111335.06,1.48424
2025-07-10 08:51:00,1752137460.0,111335.06,111335.06,111335.05,111335.05,2.14407
2025-07-10 08:52:00,1752137520.0,111335.06,111335.06,111278.5,111295.0,11.27518
2025-07-10 08:53:00,1752137580.0,111294.99,111295.0,111294.99,111294.99,3.33453
2025-07-10 08:54:00,1752137640.0,111294.99,111295.0,111233.0,111243.99,10.14854
2025-07-10 08:55:00,1752137700.0,111244.0,111244.0,111222.74,111222.75,7.97763
2025-07-10 08:56:00,1752137760.0,111222.75,111244.12,111222.75,111239.9,3.46341
2025-07-10 08:57:00,1752137820.0,111239.91,111240.5,111239.9,111240.49,9.03531
2025-07-10 08:58:00,1752137880.0,111240.49,111242.58,111240.49,111242.58,5.47868
2025-07-10 08:59:00,1752137940.0,111242.58,111242.58,111233.33,111233.33,7.52542
2025-07-10 09:00:00,1752138000.0,111233.34,111242.58,111233.33,111242.58,5.61102
2025-07-10 09:01:00,1752138060.0,111242.57,111258.0,111242.57,111256.62,4.65243
2025-07-10 09:02:00,1752138120.0,111256.62,111256.62,111253.3,111253.31,6.37869
2025-07-10 09:03:00,1752138180.0,111253.31,111253.31,111253.3,111253.3,1.17861
2025-07-10 09:04:00,1752138240.0,111253.3,111253.31,111189.6,111189.6,4.92838
2025-07-10 09:05:00,1752138300.0,111189.61,111189.61,111189.6,111189.61,0.72756
2025-07-10 09:06:00,1752138360.0,111189.6,111212.83,111189.6,111210.35,10.6736
2025-07-10 09:07:00,1752138420.0,111210.36,111210.36,111210.34,111210.35,1.96403
2025-07-10 09:08:00,1752138480.0,111210.34,111210.35,111195.24,111195.25,3.53227
2025-07-10 09:09:00,1752138540.0,111195.25,111195.25,111180.31,111180.32,1.93151
2025-07-10 09:10:00,1752138600.0,111180.32,111180.32,111156.0,111156.01,3.34124
2025-07-10 09:11:00,1752138660.0,111156.0,111156.01,111140.0,111140.0,2.10776
2025-07-10 09:12:00,1752138720.0,111140.01,111140.01,111140.0,111140.01,4.0397
2025-07-10 09:13:00,1752138780.0,111140.01,111140.01,111140.0,111140.01,2.80832
2025-07-10 09:14:00,1752138840.0,111140.0,111160.37,111140.0,111160.37,6.34362
2025-07-10 09:15:00,1752138900.0,111160.37,111211.12,111160.36,111204.0,6.08998
2025-07-10 09:16:00,1752138960.0,111204.0,111211.12,111204.0,111206.0,7.45423
2025-07-10 09:17:00,1752139020.0,111206.01,111206.01,111200.0,111200.0,1.95445
2025-07-10 09:18:00,1752139080.0,111200.0,111200.01,111200.0,111200.01,1.91718
2025-07-10 09:19:00,1752139140.0,111200.01,111200.01,111200.0,111200.01,1.03978
2025-07-10 09:20:00,1752139200.0,111200.0,111200.01,111200.0,111200.01,0.84051
2025-07-10 09:21:00,1752139260.0,111200.01,111200.01,111180.0,111180.01,4.86953
2025-07-10 09:22:00,1752139320.0,111180.0,111180.01,111148.98,111148.99,1.83455
2025-07-10 09:23:00,1752139380.0,111148.99,111148.99,111123.98,111125.08,3.94037
2025-07-10 09:24:00,1752139440.0,111125.08,111125.08,111111.45,111115.42,6.97427
2025-07-10 09:25:00,1752139500.0,111115.42,111139.25,111115.41,111123.76,5.27007
2025-07-10 09:26:00,1752139560.0,111123.75,111123.76,111123.75,111123.76,1.22893
2025-07-10 09:27:00,1752139620.0,111123.75,111128.52,111123.75,111128.52,3.50256
2025-07-10 09:28:00,1752139680.0,111128.52,111128.52,111128.51,111128.52,0.84536
2025-07-10 09:29:00,1752139740.0,111128.52,111130.0,111128.51,111130.0,4.45718
2025-07-10 09:30:00,1752139800.0,111130.0,111130.0,111123.32,111123.33,4.59032
2025-07-10 09:31:00,1752139860.0,111123.33,111123.33,111123.32,111123.33,1.38022
2025-07-10 09:32:00,1752139920.0,111123.33,111123.33,111123.32,111123.33,5.28671
2025-07-10 09:33:00,1752139980.0,111123.32,111127.99,111123.32,111127.98,2.24908
2025-07-10 09:34:00,1752140040.0,111127.98,111127.99,111127.98,111127.99,1.49669
2025-07-10 09:35:00,1752140100.0,111127.98,111146.79,111127.98,111146.78,26.70427
2025-07-10 09:36:00,1752140160.0,111146.79,111146.79,111146.78,111146.79,0.70542
2025-07-10 09:37:00,1752140220.0,111146.79,111146.79,111140.0,111140.01,2.97713
2025-07-10 09:38:00,1752140280.0,111140.0,111140.0,111130.63,111130.63,5.93142
2025-07-10 09:39:00,1752140340.0,111130.64,111172.31,111097.11,111130.5,35.0594
2025-07-10 09:40:00,1752140400.0,111130.51,111130.51,111130.5,111130.5,1.75372
2025-07-10 09:41:00,1752140460.0,111130.51,111130.51,111120.65,111120.66,7.61826
2025-07-10 09:42:00,1752140520.0,111120.66,111120.66,111120.65,111120.65,0.73788
2025-07-10 09:43:00,1752140580.0,111120.65,111120.66,111087.33,111087.34,5.85826
2025-07-10 09:44:00,1752140640.0,111087.34,111087.34,111086.27,111086.28,1.68427
2025-07-10 09:45:00,1752140700.0,111086.27,111102.15,111086.27,111102.15,10.25917
2025-07-10 09:46:00,1752140760.0,111102.15,111111.35,111102.14,111111.34,3.1996
2025-07-10 09:47:00,1752140820.0,111111.35,111111.35,111111.34,111111.34,0.61611
2025-07-10 09:48:00,1752140880.0,111111.35,111111.35,111086.72,111086.73,9.66201
2025-07-10 09:49:00,1752140940.0,111086.72,111086.73,111086.72,111086.72,3.21415
2025-07-10 09:50:00,1752141000.0,111086.73,111093.59,111086.72,111093.59,3.00637
2025-07-10 09:51:00,1752141060.0,111093.58,111093.59,111076.76,111084.28,13.21636
2025-07-10 09:52:00,1752141120.0,111084.28,111084.28,111084.27,111084.28,1.19449
2025-07-10 09:53:00,1752141180.0,111084.28,111084.28,111084.27,111084.27,0.73618
2025-07-10 09:54:00,1752141240.0,111084.28,111084.28,111084.27,111084.28,1.17466
2025-07-10 09:55:00,1752141300.0,111084.28,111084.28,111084.27,111084.27,0.8377
2025-07-10 09:56:00,1752141360.0,111084.28,111084.28,111021.57,111021.58,9.68078
2025-07-10 09:57:00,1752141420.0,111021.58,111054.57,111021.57,111054.56,4.76423
2025-07-10 09:58:00,1752141480.0,111054.57,111054.57,111043.89,111043.9,3.95604
2025-07-10 09:59:00,1752141540.0,111043.9,111043.9,111041.36,111041.36,4.98145
2025-07-10 10:00:00,1752141600.0,111041.37,111041.37,111041.36,111041.36,4.62723
2025-07-10 10:01:00,1752141660.0,111041.37,111088.08,111041.36,111060.86,10.17965
2025-07-10 10:02:00,1752141720.0,111060.86,111060.87,111030.91,111030.91,3.62047
2025-07-10 10:03:00,1752141780.0,111030.92,111030.92,111015.32,111015.33,4.17119
2025-07-10 10:04:00,1752141840.0,111015.32,111015.33,111014.7,111014.7,7.0803
2025-07-10 10:05:00,1752141900.0,111014.7,111014.71,111011.0,111011.01,0.83843
2025-07-10 10:06:00,1752141960.0,111011.01,111011.01,111011.0,111011.01,1.80647
2025-07-10 10:07:00,1752142020.0,111011.01,111011.01,111011.0,111011.0,0.79485
2025-07-10 10:08:00,1752142080.0,111011.0,111011.01,111011.0,111011.01,0.41276
2025-07-10 10:09:00,1752142140.0,111011.0,111011.01,111011.0,111011.0,3.58526
2025-07-10 10:10:00,1752142200.0,111011.01,111011.01,111006.0,111006.0,3.58405
2025-07-10 10:11:00,1752142260.0,111006.01,111006.01,111006.0,111006.0,1.67546
2025-07-10 10:12:00,1752142320.0,111006.0,111006.01,110995.03,110995.04,7.18482
2025-07-10 10:13:00,1752142380.0,110995.03,110995.04,110995.03,110995.03,0.8397
2025-07-10 10:14:00,1752142440.0,110995.03,110995.04,110991.16,110991.17,2.02867
2025-07-10 10:15:00,1752142500.0,110991.16,110995.05,110991.16,110995.05,6.22934
2025-07-10 10:16:00,1752142560.0,110995.05,111006.01,110995.04,111006.0,6.42043
2025-07-10 10:17:00,1752142620.0,111006.0,111053.24,111006.0,111047.34,10.87842
2025-07-10 10:18:00,1752142680.0,111047.34,111047.34,111024.92,111024.92,3.7959
2025-07-10 10:19:00,1752142740.0,111024.92,111024.93,111024.92,111024.93,1.60844
2025-07-10 10:20:00,1752142800.0,111024.92,111024.93,111024.92,111024.93,0.67092
2025-07-10 10:21:00,1752142860.0,111024.92,111024.93,111024.92,111024.93,0.84202
2025-07-10 10:22:00,1752142920.0,111024.93,111024.93,111024.92,111024.92,4.5828
2025-07-10 10:23:00,1752142980.0,111024.92,111024.93,110993.25,110993.25,7.07703
2025-07-10 10:24:00,1752143040.0,110993.26,111009.89,110993.25,111009.88,6.81433
2025-07-10 10:25:00,1752143100.0,111009.88,111009.89,111008.4,111008.41,2.10683
2025-07-10 10:26:00,1752143160.0,111008.4,111008.41,111008.4,111008.41,1.91001
2025-07-10 10:27:00,1752143220.0,111008.4,111008.41,111008.4,111008.4,2.18922
2025-07-10 10:28:00,1752143280.0,111008.4,111008.41,111008.4,111008.4,0.48351
2025-07-10 10:29:00,1752143340.0,111008.41,111009.88,111008.4,111009.88,4.39597
2025-07-10 10:30:00,1752143400.0,111009.87,111023.07,111009.87,111023.06,3.82899
2025-07-10 10:31:00,1752143460.0,111023.07,111032.67,111023.06,111032.66,2.39793
2025-07-10 10:32:00,1752143520.0,111032.67,111048.87,111032.66,111048.87,5.83681
2025-07-10 10:33:00,1752143580.0,111048.86,111048.87,111048.86,111048.87,1.82204
2025-07-10 10:34:00,1752143640.0,111048.87,111048.87,111048.86,111048.86,3.709
2025-07-10 10:35:00,1752143700.0,111048.86,111054.82,111048.86,111054.82,5.94119
2025-07-10 10:36:00,1752143760.0,111054.81,111054.82,111054.81,111054.82,3.3571
2025-07-10 10:37:00,1752143820.0,111054.81,111054.82,111039.86,111039.86,7.27865
2025-07-10 10:38:00,1752143880.0,111039.87,111039.87,111039.86,111039.86,1.45766
2025-07-10 10:39:00,1752143940.0,111039.87,111046.54,111039.86,111046.54,5.85648
2025-07-10 10:40:00,1752144000.0,111046.53,111046.54,111046.53,111046.54,3.89419
2025-07-10 10:41:00,1752144060.0,111046.54,111046.54,111046.53,111046.53,3.40298
2025-07-10 10:42:00,1752144120.0,111046.53,111046.54,111046.53,111046.53,2.46518
2025-07-10 10:43:00,1752144180.0,111046.54,111046.54,110912.0,110940.0,31.78757
2025-07-10 10:44:00,1752144240.0,110940.0,110964.05,110939.99,110944.01,6.97978
2025-07-10 10:45:00,1752144300.0,110944.01,110953.95,110939.0,110939.0,17.89682
2025-07-10 10:46:00,1752144360.0,110939.01,110939.01,110870.33,110883.33,39.17983
2025-07-10 10:47:00,1752144420.0,110884.0,110884.0,110883.99,110884.0,5.03725
2025-07-10 10:48:00,1752144480.0,110884.0,110888.28,110883.99,110888.27,8.91982
2025-07-10 10:49:00,1752144540.0,110888.28,110903.32,110888.27,110903.32,5.92219
2025-07-10 10:50:00,1752144600.0,110903.32,110975.99,110903.31,110970.98,20.36171
2025-07-10 10:51:00,1752144660.0,110970.99,110988.02,110970.98,110988.02,3.57222
2025-07-10 10:52:00,1752144720.0,110988.02,110988.02,110988.01,110988.01,1.85293
2025-07-10 10:53:00,1752144780.0,110988.02,111041.56,110988.01,111041.55,4.13939
2025-07-10 10:54:00,1752144840.0,111041.56,111041.56,111027.21,111035.67,11.38133
2025-07-10 10:55:00,1752144900.0,111035.67,111035.67,111026.84,111026.85,9.15963
2025-07-10 10:56:00,1752144960.0,111026.84,111034.44,111026.84,111034.43,6.39982
2025-07-10 10:57:00,1752145020.0,111034.44,111098.3,111034.43,111098.3,13.46322
2025-07-10 10:58:00,1752145080.0,111098.3,111098.3,111088.51,111088.52,3.90293
2025-07-10 10:59:00,1752145140.0,111088.51,111088.52,111088.51,111088.51,2.43612
2025-07-10 11:00:00,1752145200.0,111088.51,111088.52,111036.0,111036.01,13.87639
2025-07-10 11:01:00,1752145260.0,111036.0,111054.0,111036.0,111048.0,4.30875
2025-07-10 11:02:00,1752145320.0,111048.0,111048.01,111032.46,111032.46,2.80093
2025-07-10 11:03:00,1752145380.0,111032.46,111036.55,111020.0,111036.55,6.05212
2025-07-10 11:04:00,1752145440.0,111036.54,111054.85,111036.54,111054.84,5.3041
2025-07-10 11:05:00,1752145500.0,111054.84,111108.23,111054.84,111108.23,4.17651
2025-07-10 11:06:00,1752145560.0,111108.22,111138.66,111108.22,111138.65,11.16088
2025-07-10 11:07:00,1752145620.0,111138.65,111169.2,111138.65,111156.73,8.00958
2025-07-10 11:08:00,1752145680.0,111156.73,111156.73,111154.6,111154.6,1.19923
2025-07-10 11:09:00,1752145740.0,111154.6,111154.61,111125.8,111125.8,6.94359
2025-07-10 11:10:00,1752145800.0,111125.81,111125.81,111108.23,111108.24,6.24724
2025-07-10 11:11:00,1752145860.0,111108.23,111108.24,111105.01,111105.02,2.55006
2025-07-10 11:12:00,1752145920.0,111105.01,111105.02,111105.01,111105.01,1.2931
2025-07-10 11:13:00,1752145980.0,111105.01,111105.02,111041.17,111041.18,12.87132
2025-07-10 11:14:00,1752146040.0,111041.17,111081.49,111041.17,111081.49,8.21232
2025-07-10 11:15:00,1752146100.0,111081.49,111081.5,111048.52,111048.53,6.72197
2025-07-10 11:16:00,1752146160.0,111048.54,111080.61,111048.53,111080.6,2.8828
2025-07-10 11:17:00,1752146220.0,111080.6,111088.21,111080.6,111088.2,3.27765
2025-07-10 11:18:00,1752146280.0,111088.21,111088.21,111054.16,111054.17,7.01701
2025-07-10 11:19:00,1752146340.0,111054.17,111080.98,111054.16,111080.98,4.26905
2025-07-10 11:20:00,1752146400.0,111080.97,111123.32,111080.97,111123.31,9.92012
2025-07-10 11:21:00,1752146460.0,111123.31,111151.64,111123.31,111145.89,5.93621
2025-07-10 11:22:00,1752146520.0,111145.88,111145.89,111137.12,111137.12,3.62844
2025-07-10 11:23:00,1752146580.0,111137.12,111137.13,111137.12,111137.13,1.94415
2025-07-10 11:24:00,1752146640.0,111137.12,111137.13,111112.47,111112.47,14.33864
2025-07-10 11:25:00,1752146700.0,111112.47,111112.48,111112.47,111112.48,4.62137
2025-07-10 11:26:00,1752146760.0,111112.47,111112.48,111093.12,111093.12,3.20874
2025-07-10 11:27:00,1752146820.0,111093.12,111112.0,111093.12,111111.99,5.65505
2025-07-10 11:28:00,1752146880.0,111111.99,111134.74,111111.99,111134.73,8.63439
2025-07-10 11:29:00,1752146940.0,111134.74,111173.95,111134.74,111165.25,7.06851
2025-07-10 11:30:00,1752147000.0,111165.26,111165.26,111122.78,111122.79,6.86614
2025-07-10 11:31:00,1752147060.0,111122.78,111122.79,111112.91,111112.92,1.4679
2025-07-10 11:32:00,1752147120.0,111112.92,111112.92,111094.06,111094.07,3.88387
2025-07-10 11:33:00,1752147180.0,111094.07,111094.07,111094.06,111094.07,1.07532
2025-07-10 11:34:00,1752147240.0,111094.07,111094.07,111090.0,111090.0,2.51723
2025-07-10 11:35:00,1752147300.0,111090.01,111090.01,111090.0,111090.0,0.4417
2025-07-10 11:36:00,1752147360.0,111090.01,111090.01,111090.0,111090.01,10.77388
2025-07-10 11:37:00,1752147420.0,111090.01,111095.76,111090.0,111090.0,6.1261
2025-07-10 11:38:00,1752147480.0,111090.0,111090.01,111036.89,111036.89,9.1839
2025-07-10 11:39:00,1752147540.0,111036.9,111036.9,111033.52,111033.52,5.58911
2025-07-10 11:40:00,1752147600.0,111033.53,111033.54,111033.52,111033.53,8.7343
2025-07-10 11:41:00,1752147660.0,111033.53,111065.98,111033.52,111065.98,7.60862
2025-07-10 11:42:00,1752147720.0,111065.98,111090.01,111065.97,111085.68,4.04122
2025-07-10 11:43:00,1752147780.0,111085.67,111085.68,111085.67,111085.67,3.13612
2025-07-10 11:44:00,1752147840.0,111085.68,111085.68,111085.67,111085.67,0.68121
2025-07-10 11:45:00,1752147900.0,111085.68,111085.68,111085.67,111085.68,1.76526
2025-07-10 11:46:00,1752147960.0,111085.67,111085.68,111085.67,111085.68,1.52964
2025-07-10 11:47:00,1752148020.0,111085.68,111085.68,111070.5,111070.5,3.00505
2025-07-10 11:48:00,1752148080.0,111070.5,111070.5,111054.28,111054.28,4.91739
2025-07-10 11:49:00,1752148140.0,111054.29,111054.29,111054.28,111054.28,11.7418
2025-07-10 11:50:00,1752148200.0,111054.28,111054.29,111054.28,111054.28,5.24077
2025-07-10 11:51:00,1752148260.0,111054.28,111054.29,111036.0,111036.01,16.28949
2025-07-10 11:52:00,1752148320.0,111036.02,111036.02,111031.94,111031.94,11.37436
2025-07-10 11:53:00,1752148380.0,111031.94,111031.95,111000.01,111000.02,6.65577
2025-07-10 11:54:00,1752148440.0,111000.01,111000.02,110988.92,110988.92,9.89971
2025-07-10 11:55:00,1752148500.0,110988.92,110988.93,110967.0,110984.98,19.95017
2025-07-10 11:56:00,1752148560.0,110984.99,111006.05,110984.98,111006.05,10.10124
2025-07-10 11:57:00,1752148620.0,111006.05,111020.0,111006.04,111019.99,2.55599
2025-07-10 11:58:00,1752148680.0,111019.99,111020.0,111019.99,111019.99,0.5585
2025-07-10 11:59:00,1752148740.0,111020.0,111020.0,111019.99,111019.99,1.84122
2025-07-10 12:00:00,1752148800.0,111019.99,111020.0,110921.29,110943.99,10.40117
2025-07-10 12:01:00,1752148860.0,110943.99,110944.0,110892.33,110892.34,9.32257
2025-07-10 12:02:00,1752148920.0,110892.34,110905.58,110892.33,110899.73,2.87191
2025-07-10 12:03:00,1752148980.0,110899.73,110899.74,110883.53,110883.54,2.82773
2025-07-10 12:04:00,1752149040.0,110883.53,110917.64,110860.94,110892.21,12.75566
2025-07-10 12:05:00,1752149100.0,110892.22,110892.22,110880.0,110880.01,5.0499
2025-07-10 12:06:00,1752149160.0,110880.01,110880.01,110880.0,110880.01,1.96782
2025-07-10 12:07:00,1752149220.0,110880.01,110880.01,110837.08,110853.85,5.88306
2025-07-10 12:08:00,1752149280.0,110853.84,110876.0,110853.84,110858.71,3.38065
2025-07-10 12:09:00,1752149340.0,110858.71,110895.48,110853.84,110871.99,5.95049
2025-07-10 12:10:00,1752149400.0,110871.99,110872.0,110840.85,110840.85,9.97344
2025-07-10 12:11:00,1752149460.0,110840.85,110840.86,110800.0,110805.38,18.61263
2025-07-10 12:12:00,1752149520.0,110805.37,110822.75,110794.46,110822.75,20.96241
2025-07-10 12:13:00,1752149580.0,110822.74,110841.3,110822.74,110836.08,15.93501
2025-07-10 12:14:00,1752149640.0,110836.07,110836.07,110812.86,110812.87,5.84186
2025-07-10 12:15:00,1752149700.0,110812.86,110817.67,110812.86,110817.66,2.11746
2025-07-10 12:16:00,1752149760.0,110817.67,110817.67,110814.24,110814.25,2.27991
2025-07-10 12:17:00,1752149820.0,110814.24,110814.25,110814.24,110814.25,1.72049
2025-07-10 12:18:00,1752149880.0,110814.24,110814.25,110800.81,110800.82,4.42768
2025-07-10 12:19:00,1752149940.0,110800.82,110835.15,110796.07,110835.14,7.64259
2025-07-10 12:20:00,1752150000.0,110835.15,110838.31,110808.59,110808.59,5.123
2025-07-10 12:21:00,1752150060.0,110808.6,110808.6,110808.59,110808.6,2.46109
2025-07-10 12:22:00,1752150120.0,110808.6,110808.6,110808.59,110808.6,1.04487
2025-07-10 12:23:00,1752150180.0,110808.59,110808.6,110805.12,110805.12,2.5757
2025-07-10 12:24:00,1752150240.0,110805.13,110805.13,110805.12,110805.13,1.6931
2025-07-10 12:25:00,1752150300.0,110805.12,110805.13,110752.35,110775.88,9.00104
2025-07-10 12:26:00,1752150360.0,110775.87,110838.47,110775.87,110822.66,4.34077
2025-07-10 12:27:00,1752150420.0,110822.66,110905.26,110822.66,110888.11,15.67179
2025-07-10 12:28:00,1752150480.0,110888.1,110936.26,110888.1,110922.46,14.18196
2025-07-10 12:29:00,1752150540.0,110922.46,110948.06,110921.39,110921.4,18.95452
2025-07-10 12:30:00,1752150600.0,110921.41,110932.94,110921.4,110921.4,5.76684
2025-07-10 12:31:00,1752150660.0,110921.4,110921.41,110860.74,110860.74,5.02455
2025-07-10 12:32:00,1752150720.0,110860.74,110860.75,110833.4,110844.09,4.60022
2025-07-10 12:33:00,1752150780.0,110844.09,110844.1,110824.89,110824.89,2.74143
2025-07-10 12:34:00,1752150840.0,110824.9,110854.23,110824.89,110854.22,3.55643
2025-07-10 12:35:00,1752150900.0,110854.21,110854.22,110838.23,110838.23,1.19402
2025-07-10 12:36:00,1752150960.0,110838.24,110854.21,110838.23,110854.21,4.58205
2025-07-10 12:37:00,1752151020.0,110854.21,110854.21,110839.8,110839.8,3.9959
2025-07-10 12:38:00,1752151080.0,110839.8,110839.81,110839.8,110839.8,1.29046
2025-07-10 12:39:00,1752151140.0,110839.81,110853.09,110839.15,110853.08,3.14333
2025-07-10 12:40:00,1752151200.0,110853.09,110853.09,110853.08,110853.08,1.66992
2025-07-10 12:41:00,1752151260.0,110853.08,110853.09,110853.08,110853.08,1.13842
2025-07-10 12:42:00,1752151320.0,110853.08,110853.09,110834.33,110834.33,2.05936
2025-07-10 12:43:00,1752151380.0,110834.34,110850.0,110834.33,110850.0,3.70876
2025-07-10 12:44:00,1752151440.0,110850.0,110850.0,110835.76,110835.76,2.27312
2025-07-10 12:45:00,1752151500.0,110835.76,110835.76,110801.99,110808.62,2.84007
2025-07-10 12:46:00,1752151560.0,110808.62,110812.5,110808.62,110812.5,2.29618
2025-07-10 12:47:00,1752151620.0,110812.49,110819.71,110812.49,110815.28,6.03067
2025-07-10 12:48:00,1752151680.0,110815.28,110815.28,110800.0,110811.1,5.50519
2025-07-10 12:49:00,1752151740.0,110811.09,110838.31,110800.0,110838.31,4.15868
2025-07-10 12:50:00,1752151800.0,110838.31,110838.31,110780.0,110780.0,18.18116
2025-07-10 12:51:00,1752151860.0,110780.0,110811.53,110780.0,110811.53,6.02491
2025-07-10 12:52:00,1752151920.0,110811.52,110827.04,110811.52,110827.04,5.03855
2025-07-10 12:53:00,1752151980.0,110827.03,110827.03,110821.53,110821.53,1.52301
2025-07-10 12:54:00,1752152040.0,110821.54,110821.54,110820.01,110820.01,0.83046
2025-07-10 12:55:00,1752152100.0,110820.01,110820.02,110792.96,110792.97,3.03707
2025-07-10 12:56:00,1752152160.0,110792.97,110830.0,110792.96,110829.98,14.9248
2025-07-10 12:57:00,1752152220.0,110829.98,110839.81,110829.98,110839.8,2.95125
2025-07-10 12:58:00,1752152280.0,110839.81,110869.01,110839.8,110869.0,11.61215
2025-07-10 12:59:00,1752152340.0,110869.0,110869.01,110869.0,110869.0,0.98735
2025-07-10 13:00:00,1752152400.0,110869.0,110869.01,110823.24,110867.76,5.5614
2025-07-10 13:01:00,1752152460.0,110867.75,110900.0,110867.75,110899.99,3.21718
2025-07-10 13:02:00,1752152520.0,110900.0,110915.4,110899.99,110907.54,4.95144
2025-07-10 13:03:00,1752152580.0,110907.54,110975.04,110907.53,110960.0,14.57038
2025-07-10 13:04:00,1752152640.0,110960.01,110971.11,110911.27,110911.27,6.3012
2025-07-10 13:05:00,1752152700.0,110911.27,110911.28,110884.16,110884.16,2.41611
2025-07-10 13:06:00,1752152760.0,110884.16,110900.55,110884.16,110887.28,6.11992
2025-07-10 13:07:00,1752152820.0,110887.28,110920.0,110887.27,110919.99,2.6983
2025-07-10 13:08:00,1752152880.0,110919.99,110927.11,110914.0,110914.0,2.10599
2025-07-10 13:09:00,1752152940.0,110914.0,110914.01,110872.59,110872.59,2.79195
2025-07-10 13:10:00,1752153000.0,110872.59,110872.6,110850.0,110850.01,2.40069
2025-07-10 13:11:00,1752153060.0,110850.01,110850.01,110825.54,110840.0,4.11648
2025-07-10 13:12:00,1752153120.0,110840.0,110840.0,110839.99,110839.99,1.98835
2025-07-10 13:13:00,1752153180.0,110840.0,110872.6,110840.0,110872.6,3.70751
2025-07-10 13:14:00,1752153240.0,110872.59,110899.86,110872.59,110899.85,5.10265
2025-07-10 13:15:00,1752153300.0,110899.85,110920.0,110899.85,110920.0,2.80835
2025-07-10 13:16:00,1752153360.0,110920.0,110939.47,110919.99,110939.46,4.158
2025-07-10 13:17:00,1752153420.0,110939.47,110939.47,110910.46,110910.47,6.77309
2025-07-10 13:18:00,1752153480.0,110910.46,110928.11,110884.0,110928.11,6.54819
2025-07-10 13:19:00,1752153540.0,110928.1,110948.54,110928.1,110937.44,2.60644
2025-07-10 13:20:00,1752153600.0,110937.44,110937.99,110913.52,110937.99,14.03098
2025-07-10 13:21:00,1752153660.0,110938.0,110967.08,110937.99,110954.0,2.54867
2025-07-10 13:22:00,1752153720.0,110954.0,111000.0,110953.99,110980.01,29.97771
2025-07-10 13:23:00,1752153780.0,110980.0,110980.01,110973.34,110973.35,2.64753
2025-07-10 13:24:00,1752153840.0,110973.35,110973.35,110960.08,110965.18,4.94018
2025-07-10 13:25:00,1752153900.0,110965.18,110965.19,110950.26,110950.27,0.75794
2025-07-10 13:26:00,1752153960.0,110950.27,110986.22,110950.26,110986.22,3.49379
2025-07-10 13:27:00,1752154020.0,110986.22,111003.52,110986.21,111003.52,9.47052
2025-07-10 13:28:00,1752154080.0,111003.51,111014.71,111003.51,111014.71,2.26144
2025-07-10 13:29:00,1752154140.0,111014.71,111039.99,111014.7,111039.99,2.74406
2025-07-10 13:30:00,1752154200.0,111039.99,111039.99,110996.15,110996.15,7.20398
2025-07-10 13:31:00,1752154260.0,110996.15,110996.16,110900.0,110914.5,14.30491
2025-07-10 13:32:00,1752154320.0,110914.51,110914.51,110821.71,110838.35,7.7716
2025-07-10 13:33:00,1752154380.0,110838.34,110838.35,110720.0,110720.0,11.28978
2025-07-10 13:34:00,1752154440.0,110720.01,110720.01,110708.62,110708.63,3.35406
2025-07-10 13:35:00,1752154500.0,110708.62,110719.61,110671.72,110708.63,16.58862
2025-07-10 13:36:00,1752154560.0,110708.62,110825.38,110704.6,110825.37,6.46968
2025-07-10 13:37:00,1752154620.0,110825.37,110832.0,110780.0,110804.78,9.14581
2025-07-10 13:38:00,1752154680.0,110804.78,110804.79,110700.0,110741.86,8.5689
2025-07-10 13:39:00,1752154740.0,110741.86,110772.3,110724.01,110772.21,10.45157
2025-07-10 13:40:00,1752154800.0,110772.21,110815.64,110726.99,110726.99,11.53707
2025-07-10 13:41:00,1752154860.0,110726.99,110754.11,110700.0,110700.0,16.92592
2025-07-10 13:42:00,1752154920.0,110700.0,110717.58,110678.93,110688.76,10.48287
2025-07-10 13:43:00,1752154980.0,110688.77,110688.77,110500.0,110608.18,36.45875
2025-07-10 13:44:00,1752155040.0,110608.18,110798.3,110608.17,110798.3,39.40544
2025-07-10 13:45:00,1752155100.0,110798.95,111000.0,110780.0,110999.99,34.04798
2025-07-10 13:46:00,1752155160.0,110999.99,111000.0,110800.5,110800.5,9.52016
2025-07-10 13:47:00,1752155220.0,110800.49,110820.69,110631.25,110659.99,19.86018
2025-07-10 13:48:00,1752155280.0,110660.0,110702.95,110622.8,110622.88,10.07128
2025-07-10 13:49:00,1752155340.0,110622.89,110642.31,110611.09,110629.32,13.10497
2025-07-10 13:50:00,1752155400.0,110629.32,110749.18,110629.32,110735.7,9.12102
2025-07-10 13:51:00,1752155460.0,110735.7,110818.26,110735.7,110760.19,13.52155
2025-07-10 13:52:00,1752155520.0,110760.19,110760.19,110710.1,110731.29,6.64118
2025-07-10 13:53:00,1752155580.0,110731.29,110839.81,110688.11,110839.8,9.57622
2025-07-10 13:54:00,1752155640.0,110839.8,110839.8,110792.0,110829.13,3.45454
2025-07-10 13:55:00,1752155700.0,110829.13,110853.85,110744.93,110744.93,7.3441
2025-07-10 13:56:00,1752155760.0,110744.93,110772.07,110706.17,110732.34,8.17006
2025-07-10 13:57:00,1752155820.0,110732.34,110792.95,110647.45,110768.0,14.4383
2025-07-10 13:58:00,1752155880.0,110768.01,110795.31,110677.26,110677.27,6.06055
2025-07-10 13:59:00,1752155940.0,110677.26,110800.01,110665.24,110800.01,5.56169
2025-07-10 14:00:00,1752156000.0,110801.78,110841.31,110688.1,110706.89,10.64705
2025-07-10 14:01:00,1752156060.0,110706.88,110714.3,110642.3,110642.3,17.10573
2025-07-10 14:02:00,1752156120.0,110642.31,110779.99,110642.31,110768.65,9.92587
2025-07-10 14:03:00,1752156180.0,110768.65,110787.88,110737.7,110749.32,7.05636
2025-07-10 14:04:00,1752156240.0,110749.33,110858.99,110749.32,110839.99,8.31539
2025-07-10 14:05:00,1752156300.0,110840.0,110842.19,110800.98,110813.49,8.02439
2025-07-10 14:06:00,1752156360.0,110812.75,110873.67,110718.16,110832.98,16.76421
2025-07-10 14:07:00,1752156420.0,110832.98,110933.33,110832.98,110933.33,13.63421
2025-07-10 14:08:00,1752156480.0,110933.34,111073.92,110933.34,111007.58,27.10559
2025-07-10 14:09:00,1752156540.0,111007.57,111007.57,110933.38,110990.28,8.49379
2025-07-10 14:10:00,1752156600.0,110990.28,111115.21,110987.73,111100.84,20.89759
2025-07-10 14:11:00,1752156660.0,111100.84,111129.71,111084.95,111122.01,14.56147
2025-07-10 14:12:00,1752156720.0,111122.0,111122.0,111023.71,111053.98,9.37641
2025-07-10 14:13:00,1752156780.0,111053.97,111073.24,111040.23,111072.91,6.25983
2025-07-10 14:14:00,1752156840.0,111072.92,111107.7,111062.67,111095.11,12.51656
2025-07-10 14:15:00,1752156900.0,111095.11,111212.82,111095.11,111212.81,19.30117
2025-07-10 14:16:00,1752156960.0,111212.82,111224.0,111177.06,111177.07,10.14308
2025-07-10 14:17:00,1752157020.0,111177.06,111215.23,111168.3,111215.22,13.27124
2025-07-10 14:18:00,1752157080.0,111215.23,111277.06,111207.86,111255.95,27.04563
2025-07-10 14:19:00,1752157140.0,111255.95,111290.0,111248.62,111290.0,26.33134
2025-07-10 14:20:00,1752157200.0,111289.99,111319.24,111080.31,111080.66,29.351
2025-07-10 14:21:00,1752157260.0,111080.66,111090.72,111010.47,111078.46,23.12983
2025-07-10 14:22:00,1752157320.0,111078.45,111167.35,111078.45,111085.65,7.49798
2025-07-10 14:23:00,1752157380.0,111085.65,111166.84,111068.98,111108.05,6.35633
2025-07-10 14:24:00,1752157440.0,111108.04,111108.04,111035.0,111035.0,5.9058
2025-07-10 14:25:00,1752157500.0,111035.01,111035.01,110764.7,110796.09,26.67961
2025-07-10 14:26:00,1752157560.0,110796.09,110796.1,110754.43,110769.24,28.93743
2025-07-10 14:27:00,1752157620.0,110769.24,110814.66,110750.57,110756.21,20.10597
2025-07-10 14:28:00,1752157680.0,110756.22,110824.0,110714.28,110823.99,12.11992
2025-07-10 14:29:00,1752157740.0,110824.0,110872.0,110800.08,110872.0,4.47285
2025-07-10 14:30:00,1752157800.0,110871.99,110896.16,110844.0,110844.01,5.98447
2025-07-10 14:31:00,1752157860.0,110844.01,111000.0,110844.0,110983.58,12.96073
2025-07-10 14:32:00,1752157920.0,110983.58,110983.59,110945.76,110978.43,5.50766
2025-07-10 14:33:00,1752157980.0,110978.43,111014.71,110978.43,111011.26,6.04776
2025-07-10 14:34:00,1752158040.0,111011.26,111015.0,110951.0,110972.0,4.37561
2025-07-10 14:35:00,1752158100.0,110972.0,111036.26,110972.0,111020.49,6.70025
2025-07-10 14:36:00,1752158160.0,111020.48,111044.72,111004.32,111044.72,4.65638
2025-07-10 14:37:00,1752158220.0,111044.72,111178.52,111044.71,111160.0,22.2351
2025-07-10 14:38:00,1752158280.0,111159.99,111169.02,111119.35,111129.99,10.44964
2025-07-10 14:39:00,1752158340.0,111129.99,111150.0,111113.18,111129.99,10.38966
2025-07-10 14:40:00,1752158400.0,111130.0,111130.0,111104.38,111114.36,6.91801
2025-07-10 14:41:00,1752158460.0,111114.36,111120.95,111087.12,111117.94,6.57169
2025-07-10 14:42:00,1752158520.0,111117.94,111117.95,111096.51,111107.33,6.85909
2025-07-10 14:43:00,1752158580.0,111107.32,111107.7,111050.34,111050.34,19.57626
2025-07-10 14:44:00,1752158640.0,111050.35,111075.5,111048.53,111059.98,5.98567
2025-07-10 14:45:00,1752158700.0,111059.98,111059.98,111026.51,111026.52,6.01884
2025-07-10 14:46:00,1752158760.0,111026.51,111043.81,111004.79,111040.04,5.70804
2025-07-10 14:47:00,1752158820.0,111040.04,111067.0,110984.32,111066.99,21.01134
2025-07-10 14:48:00,1752158880.0,111066.99,111080.0,111030.19,111079.99,6.54794
2025-07-10 14:49:00,1752158940.0,111079.99,111140.0,111079.99,111140.0,8.21133
2025-07-10 14:50:00,1752159000.0,111140.0,111188.99,111139.99,111188.99,12.95383
2025-07-10 14:51:00,1752159060.0,111188.99,111230.4,111164.72,111183.52,19.79807
2025-07-10 14:52:00,1752159120.0,111183.53,111210.35,111175.6,111210.34,4.32221
2025-07-10 14:53:00,1752159180.0,111210.34,111230.39,111205.26,111220.16,3.83307
2025-07-10 14:54:00,1752159240.0,111220.16,111220.17,111202.05,111209.03,2.73391
2025-07-10 14:55:00,1752159300.0,111209.04,111209.04,111152.41,111168.0,21.1676
2025-07-10 14:56:00,1752159360.0,111168.0,111192.31,111168.0,111192.3,6.50943
2025-07-10 14:57:00,1752159420.0,111192.3,111209.04,111192.3,111209.03,2.96681
2025-07-10 14:58:00,1752159480.0,111209.04,111233.26,111209.03,111233.26,6.12534
2025-07-10 14:59:00,1752159540.0,111233.25,111249.99,111233.25,111247.57,15.2244
2025-07-10 15:00:00,1752159600.0,111247.56,111247.57,111186.49,111224.0,8.95796
2025-07-10 15:01:00,1752159660.0,111224.01,111243.0,111215.99,111243.0,35.34682
2025-07-10 15:02:00,1752159720.0,111243.0,111270.0,111238.03,111269.99,10.56253
2025-07-10 15:03:00,1752159780.0,111270.0,111300.0,111252.19,111252.2,33.80663
2025-07-10 15:04:00,1752159840.0,111252.19,111252.2,111196.43,111227.3,8.91569
2025-07-10 15:05:00,1752159900.0,111227.3,111227.75,111201.09,111201.09,12.5637
2025-07-10 15:06:00,1752159960.0,111201.09,111250.0,111201.09,111248.82,9.80672
2025-07-10 15:07:00,1752160020.0,111248.81,111250.0,111212.33,111220.0,13.18232
2025-07-10 15:08:00,1752160080.0,111219.99,111219.99,111155.51,111155.52,8.87634
2025-07-10 15:09:00,1752160140.0,111155.51,111195.7,111150.0,111185.31,5.69929
2025-07-10 15:10:00,1752160200.0,111185.32,111185.32,111133.84,111150.32,4.58779
2025-07-10 15:11:00,1752160260.0,111150.33,111168.81,111142.84,111142.85,9.80191
2025-07-10 15:12:00,1752160320.0,111142.84,111142.9,111116.78,111116.78,7.26971
2025-07-10 15:13:00,1752160380.0,111116.79,111116.79,110969.51,110982.26,14.90637
2025-07-10 15:14:00,1752160440.0,110982.26,111002.82,110970.98,110994.83,7.41061
2025-07-10 15:15:00,1752160500.0,110994.83,111056.65,110994.83,111056.65,8.34865
2025-07-10 15:16:00,1752160560.0,111056.64,111113.85,111031.93,111113.85,6.83408
2025-07-10 15:17:00,1752160620.0,111113.66,111231.27,111113.66,111231.27,5.37096
2025-07-10 15:18:00,1752160680.0,111231.26,111300.0,111231.26,111271.85,22.24483
2025-07-10 15:19:00,1752160740.0,111271.85,111300.5,111271.85,111300.49,4.76187
2025-07-10 15:20:00,1752160800.0,111300.49,111300.5,111241.57,111250.81,10.19418
2025-07-10 15:21:00,1752160860.0,111250.82,111319.24,111250.81,111319.24,19.61116
2025-07-10 15:22:00,1752160920.0,111319.23,111360.0,111277.16,111294.59,21.49901
2025-07-10 15:23:00,1752160980.0,111294.6,111294.6,111120.4,111120.4,18.16343
2025-07-10 15:24:00,1752161040.0,111120.0,111202.2,111108.22,111202.2,5.53943
2025-07-10 15:25:00,1752161100.0,111202.19,111229.34,111200.22,111200.23,5.0309
2025-07-10 15:26:00,1752161160.0,111200.22,111290.56,111200.22,111290.56,3.87038
2025-07-10 15:27:00,1752161220.0,111290.56,111350.42,111290.56,111350.42,9.01698
2025-07-10 15:28:00,1752161280.0,111350.41,111360.27,111339.28,111352.0,11.20857
2025-07-10 15:29:00,1752161340.0,111351.99,111351.99,111310.14,111331.14,5.53553
2025-07-10 15:30:00,1752161400.0,111331.14,111408.24,111331.13,111408.23,6.32463
2025-07-10 15:31:00,1752161460.0,111408.24,111408.24,111321.06,111321.07,12.91227
2025-07-10 15:32:00,1752161520.0,111321.06,111321.07,111253.38,111254.49,4.26407
2025-07-10 15:33:00,1752161580.0,111254.48,111306.14,111237.43,111262.39,7.06433
2025-07-10 15:34:00,1752161640.0,111262.39,111294.57,111262.39,111277.65,5.32673
2025-07-10 15:35:00,1752161700.0,111277.65,111277.66,111227.39,111266.02,4.68086
2025-07-10 15:36:00,1752161760.0,111266.03,111277.06,111238.9,111252.39,5.45034
2025-07-10 15:37:00,1752161820.0,111252.4,111268.93,111252.39,111259.5,2.04608
2025-07-10 15:38:00,1752161880.0,111259.5,111297.94,111259.49,111289.1,4.36533
2025-07-10 15:39:00,1752161940.0,111289.11,111289.11,111234.61,111267.71,5.57683
2025-07-10 15:40:00,1752162000.0,111267.71,111288.06,111253.82,111288.06,1.81426
2025-07-10 15:41:00,1752162060.0,111288.05,111299.91,111092.0,111092.01,61.86905
2025-07-10 15:42:00,1752162120.0,111092.01,111178.18,111092.0,111156.16,16.64466
2025-07-10 15:43:00,1752162180.0,111156.16,111177.1,111123.15,111177.1,4.01032
2025-07-10 15:44:00,1752162240.0,111177.1,111182.76,111158.63,111178.47,4.31259
2025-07-10 15:45:00,1752162300.0,111179.11,111253.58,111179.11,111213.96,4.65578
2025-07-10 15:46:00,1752162360.0,111213.95,111213.96,111156.84,111156.85,1.8761
2025-07-10 15:47:00,1752162420.0,111156.85,111250.23,111156.84,111248.72,7.57035
2025-07-10 15:48:00,1752162480.0,111248.71,111248.72,111234.95,111237.87,2.0227
2025-07-10 15:49:00,1752162540.0,111237.87,111288.84,111237.86,111288.84,8.12053
2025-07-10 15:50:00,1752162600.0,111288.84,111298.67,111273.82,111279.99,3.21683
2025-07-10 15:51:00,1752162660.0,111279.99,111314.76,111279.99,111308.58,2.63218
2025-07-10 15:52:00,1752162720.0,111308.58,111308.58,111280.51,111280.52,1.72541
2025-07-10 15:53:00,1752162780.0,111280.52,111307.95,111280.51,111307.95,1.82069
2025-07-10 15:54:00,1752162840.0,111307.94,111366.26,111307.94,111366.26,16.70504
2025-07-10 15:55:00,1752162900.0,111366.25,111372.57,111344.62,111348.02,13.03351
2025-07-10 15:56:00,1752162960.0,111348.02,111362.0,111348.01,111361.99,5.4321
2025-07-10 15:57:00,1752163020.0,111362.0,111400.0,111361.99,111400.0,5.85141
2025-07-10 15:58:00,1752163080.0,111399.99,111408.24,111390.5,111390.51,11.42007
2025-07-10 15:59:00,1752163140.0,111390.5,111408.41,111364.95,111408.4,7.93643
2025-07-10 16:00:00,1752163200.0,111408.4,111430.03,111390.0,111390.0,17.0726
2025-07-10 16:01:00,1752163260.0,111390.01,111390.01,111322.32,111360.77,14.20282
2025-07-10 16:02:00,1752163320.0,111360.77,111391.78,111350.37,111350.37,8.59266
2025-07-10 16:03:00,1752163380.0,111350.37,111381.39,111350.37,111381.38,3.66323
2025-07-10 16:04:00,1752163440.0,111381.38,111388.0,111374.66,111374.67,4.18502
2025-07-10 16:05:00,1752163500.0,111374.66,111462.73,111367.01,111418.01,24.12395
2025-07-10 16:06:00,1752163560.0,111418.01,111446.16,111413.28,111416.44,9.6964
2025-07-10 16:07:00,1752163620.0,111416.44,111478.23,111416.43,111478.22,6.27434
2025-07-10 16:08:00,1752163680.0,111478.22,111491.23,111478.22,111491.23,5.85837
2025-07-10 16:09:00,1752163740.0,111491.23,111491.23,111394.15,111426.71,13.34897
2025-07-10 16:10:00,1752163800.0,111426.7,111461.06,111397.2,111400.02,9.7092
2025-07-10 16:11:00,1752163860.0,111400.02,111460.0,111400.01,111460.0,3.6511
2025-07-10 16:12:00,1752163920.0,111460.0,111472.21,111451.96,111461.34,3.17407
2025-07-10 16:13:00,1752163980.0,111461.34,111475.06,111461.34,111475.02,1.70352
2025-07-10 16:14:00,1752164040.0,111475.03,111495.07,111472.62,111472.62,12.9506
2025-07-10 16:15:00,1752164100.0,111472.63,111589.14,111472.62,111557.21,55.83945
2025-07-10 16:16:00,1752164160.0,111557.07,111617.34,111533.48,111600.0,31.94786
2025-07-10 16:17:00,1752164220.0,111600.0,111626.58,111573.52,111596.63,15.71459
2025-07-10 16:18:00,1752164280.0,111597.18,111688.6,111597.17,111680.01,29.86985
2025-07-10 16:19:00,1752164340.0,111680.01,111717.34,111674.83,111715.43,22.23479
2025-07-10 16:20:00,1752164400.0,111715.43,111795.76,111715.42,111783.9,34.69944
2025-07-10 16:21:00,1752164460.0,111783.91,111872.62,111783.91,111850.41,33.512
2025-07-10 16:22:00,1752164520.0,111850.41,111850.42,111766.68,111839.99,29.12311
2025-07-10 16:23:00,1752164580.0,111839.99,111900.0,111839.99,111900.0,29.95325
2025-07-10 16:24:00,1752164640.0,111899.99,112288.47,111899.99,112288.47,475.97988
2025-07-10 16:25:00,1752164700.0,112288.46,112375.15,112254.79,112365.07,134.0393
2025-07-10 16:26:00,1752164760.0,112365.06,112471.24,112314.72,112439.99,77.48704
2025-07-10 16:27:00,1752164820.0,112439.98,112480.0,112413.92,112447.26,43.74443
2025-07-10 16:28:00,1752164880.0,112447.25,112500.0,112441.59,112499.99,32.01073
2025-07-10 16:29:00,1752164940.0,112499.99,112549.33,112315.94,112376.92,150.18646
2025-07-10 16:30:00,1752165000.0,112376.92,112679.0,112376.92,112596.34,114.51382
2025-07-10 16:31:00,1752165060.0,112596.34,112624.64,112501.37,112546.16,50.52164
2025-07-10 16:32:00,1752165120.0,112546.16,112630.01,112546.15,112630.01,52.73159
2025-07-10 16:33:00,1752165180.0,112630.0,112699.98,112583.46,112683.93,80.51131
2025-07-10 16:34:00,1752165240.0,112683.94,112700.0,112590.18,112643.8,64.97272
2025-07-10 16:35:00,1752165300.0,112643.81,112650.43,112436.71,112467.2,53.76576
2025-07-10 16:36:00,1752165360.0,112467.21,112600.0,112467.21,112570.09,51.77638
2025-07-10 16:37:00,1752165420.0,112570.09,112611.89,112570.08,112599.99,30.72876
2025-07-10 16:38:00,1752165480.0,112599.99,112660.0,112558.34,112631.27,29.04211
2025-07-10 16:39:00,1752165540.0,112631.28,112725.38,112620.0,112695.04,50.84202
2025-07-10 16:40:00,1752165600.0,112695.05,112695.05,112566.5,112597.91,33.07839
2025-07-10 16:41:00,1752165660.0,112597.91,112665.34,112597.91,112665.33,30.74726
2025-07-10 16:42:00,1752165720.0,112665.34,112700.0,112635.46,112680.0,30.62572
2025-07-10 16:43:00,1752165780.0,112680.0,112721.0,112657.51,112674.64,19.33395
2025-07-10 16:44:00,1752165840.0,112674.65,112690.0,112625.11,112637.66,47.55576
2025-07-10 16:45:00,1752165900.0,112637.66,112648.02,112508.39,112591.23,41.9377
2025-07-10 16:46:00,1752165960.0,112591.23,112602.78,112531.51,112551.14,46.95916
2025-07-10 16:47:00,1752166020.0,112551.15,112660.0,112503.84,112605.61,30.56773
2025-07-10 16:48:00,1752166080.0,112605.6,112605.61,112421.89,112480.01,28.87159
2025-07-10 16:49:00,1752166140.0,112480.01,112528.45,112480.0,112517.67,11.03833
2025-07-10 16:50:00,1752166200.0,112517.66,112588.0,112464.31,112500.01,40.40405
2025-07-10 16:51:00,1752166260.0,112500.02,112503.85,112401.56,112478.08,21.65035
2025-07-10 16:52:00,1752166320.0,112478.09,112517.85,112462.85,112484.16,26.10256
2025-07-10 16:53:00,1752166380.0,112484.17,112545.0,112479.99,112545.0,10.10294
2025-07-10 16:54:00,1752166440.0,112545.1,112600.0,112541.66,112590.12,19.63252
2025-07-10 16:55:00,1752166500.0,112590.12,112660.0,112547.99,112586.27,20.76687
2025-07-10 16:56:00,1752166560.0,112586.28,112650.0,112586.27,112649.99,17.4263
2025-07-10 16:57:00,1752166620.0,112650.0,112650.0,112567.56,112637.64,30.40931
2025-07-10 16:58:00,1752166680.0,112637.64,112651.88,112620.73,112649.99,14.88092
2025-07-10 16:59:00,1752166740.0,112649.99,112650.0,112630.77,112643.48,10.33885
2025-07-10 17:00:00,1752166800.0,112643.47,112687.46,112617.41,112630.75,42.08027
2025-07-10 17:01:00,1752166860.0,112630.75,112680.0,112586.45,112619.01,82.4316
2025-07-10 17:02:00,1752166920.0,112619.0,112623.74,112545.95,112620.74,93.10836
2025-07-10 17:03:00,1752166980.0,112620.75,112674.47,112580.0,112674.47,31.87079
2025-07-10 17:04:00,1752167040.0,112674.47,112700.0,112666.31,112699.99,14.35802
2025-07-10 17:05:00,1752167100.0,112700.0,112920.68,112699.99,112920.67,176.58552
2025-07-10 17:06:00,1752167160.0,112920.67,112939.78,112860.42,112913.91,58.28135
2025-07-10 17:07:00,1752167220.0,112913.92,113013.23,112864.11,113013.23,164.09875
2025-07-10 17:08:00,1752167280.0,113013.23,113050.0,112886.51,112999.37,108.82361
2025-07-10 17:09:00,1752167340.0,112999.37,113299.98,112999.37,113292.28,188.47833
2025-07-10 17:10:00,1752167400.0,113292.29,113300.0,113208.56,113259.48,114.33081
2025-07-10 17:11:00,1752167460.0,113259.48,113293.56,113120.49,113187.3,107.35997
2025-07-10 17:12:00,1752167520.0,113187.31,113291.4,113187.31,113263.36,38.40994
2025-07-10 17:13:00,1752167580.0,113263.37,113312.0,113227.61,113296.01,22.83374
2025-07-10 17:14:00,1752167640.0,113296.01,113459.0,113282.24,113433.07,66.67516
2025-07-10 17:15:00,1752167700.0,113433.08,113444.65,113153.25,113181.02,56.10462
2025-07-10 17:16:00,1752167760.0,113181.03,113399.99,113142.37,113264.01,39.2071
2025-07-10 17:17:00,1752167820.0,113264.01,113294.29,113180.35,113243.8,19.02384
2025-07-10 17:18:00,1752167880.0,113243.79,113268.4,113223.8,113223.81,23.51467
2025-07-10 17:19:00,1752167940.0,113223.8,113270.0,113204.07,113246.35,23.51916
2025-07-10 17:20:00,1752168000.0,113246.34,113330.35,113246.34,113301.94,26.96155
2025-07-10 17:21:00,1752168060.0,113301.93,113380.08,113264.6,113380.07,27.85111
2025-07-10 17:22:00,1752168120.0,113380.08,113381.71,113300.01,113327.55,24.01452
2025-07-10 17:23:00,1752168180.0,113327.55,113356.0,113250.07,113356.0,23.03617
2025-07-10 17:24:00,1752168240.0,113355.99,113416.6,113338.91,113401.8,41.53673
2025-07-10 17:25:00,1752168300.0,113401.8,113454.03,113382.9,113423.42,43.40343
2025-07-10 17:26:00,1752168360.0,113423.43,113423.43,113290.82,113305.62,27.12567
2025-07-10 17:27:00,1752168420.0,113305.63,113322.74,113252.97,113284.26,30.3488
2025-07-10 17:28:00,1752168480.0,113284.27,113373.0,113284.26,113361.64,20.39427
2025-07-10 17:29:00,1752168540.0,113361.64,113454.03,113361.64,113454.02,31.63241
2025-07-10 17:30:00,1752168600.0,113454.03,113524.98,113422.09,113474.74,56.00177
2025-07-10 17:31:00,1752168660.0,113474.75,113700.0,113460.0,113619.98,133.378861
2025-07-10 17:32:00,1752168720.0,113619.98,113739.03,113619.78,113637.13,64.80015
2025-07-10 17:33:00,1752168780.0,113637.12,113640.01,113552.67,113580.01,69.35433
2025-07-10 17:34:00,1752168840.0,113580.0,113593.1,113548.06,113587.76,20.03229
2025-07-10 17:35:00,1752168900.0,113587.75,113595.76,113484.25,113496.5,46.47369
2025-07-10 17:36:00,1752168960.0,113496.5,113524.01,113470.66,113524.01,37.44297
2025-07-10 17:37:00,1752169020.0,113524.01,113550.0,113507.98,113550.0,15.04625
2025-07-10 17:38:00,1752169080.0,113550.0,113610.46,113550.0,113610.45,21.53786
2025-07-10 17:39:00,1752169140.0,113610.46,113683.83,113604.0,113640.62,31.80508
2025-07-10 17:40:00,1752169200.0,113640.63,113695.16,113626.44,113648.23,41.1646
2025-07-10 17:41:00,1752169260.0,113648.24,113678.57,113600.74,113645.88,16.28317
2025-07-10 17:42:00,1752169320.0,113645.88,113645.89,113596.66,113613.9,33.1587
2025-07-10 17:43:00,1752169380.0,113613.9,113632.74,113590.75,113632.73,16.94974
2025-07-10 17:44:00,1752169440.0,113632.73,113632.74,113603.02,113619.98,16.24705
2025-07-10 17:45:00,1752169500.0,113619.99,113624.41,113561.27,113609.39,32.05186
2025-07-10 17:46:00,1752169560.0,113609.38,113609.39,113444.99,113445.93,22.54431
2025-07-10 17:47:00,1752169620.0,113445.94,113534.13,113445.93,113528.1,22.32246
2025-07-10 17:48:00,1752169680.0,113528.1,113528.11,113480.0,113480.01,15.3876
2025-07-10 17:49:00,1752169740.0,113480.02,113528.1,113450.65,113510.77,14.66782
2025-07-10 17:50:00,1752169800.0,113510.76,113560.0,113510.76,113535.35,18.35431
2025-07-10 17:51:00,1752169860.0,113535.35,113665.83,113535.35,113665.82,26.68739
2025-07-10 17:52:00,1752169920.0,113665.83,113704.59,113650.71,113704.59,14.56705
2025-07-10 17:53:00,1752169980.0,113704.6,113788.23,113692.3,113738.58,51.42179
2025-07-10 17:54:00,1752170040.0,113738.59,113780.62,113738.58,113752.1,26.81372
2025-07-10 17:55:00,1752170100.0,113752.1,113782.31,113660.82,113688.0,52.17099
2025-07-10 17:56:00,1752170160.0,113687.99,113753.7,113685.01,113753.69,8.58303
2025-07-10 17:57:00,1752170220.0,113753.7,113776.43,113650.0,113650.01,22.96437
2025-07-10 17:58:00,1752170280.0,113650.01,113771.22,113650.0,113748.41,15.30768
2025-07-10 17:59:00,1752170340.0,113748.42,113773.33,113722.82,113722.82,26.45484
2025-07-10 18:00:00,1752170400.0,113722.83,113760.97,113632.0,113642.0,25.39511
2025-07-10 18:01:00,1752170460.0,113641.99,113655.36,113612.81,113655.36,16.20885
2025-07-10 18:02:00,1752170520.0,113655.35,113655.36,113577.2,113632.48,28.95183
2025-07-10 18:03:00,1752170580.0,113632.48,113648.0,113610.77,113610.77,12.22322
2025-07-10 18:04:00,1752170640.0,113610.77,113610.78,113519.03,113588.97,50.76749
2025-07-10 18:05:00,1752170700.0,113588.97,113588.98,113558.15,113588.98,13.78772
2025-07-10 18:06:00,1752170760.0,113588.98,113588.98,113507.97,113559.69,17.39208
2025-07-10 18:07:00,1752170820.0,113559.7,113565.0,113457.96,113496.0,50.13143
2025-07-10 18:08:00,1752170880.0,113495.99,113515.41,113450.0,113501.33,22.27877
2025-07-10 18:09:00,1752170940.0,113501.34,113501.34,113397.6,113411.28,36.27459
2025-07-10 18:10:00,1752171000.0,113411.38,113469.98,113399.88,113469.98,48.12181
2025-07-10 18:11:00,1752171060.0,113469.97,113469.98,113381.0,113427.75,28.51006
2025-07-10 18:12:00,1752171120.0,113427.75,113427.76,113283.83,113373.31,42.99748
2025-07-10 18:13:00,1752171180.0,113373.32,113425.0,113373.31,113393.48,9.77699
2025-07-10 18:14:00,1752171240.0,113393.49,113396.3,113338.15,113348.69,26.20315
2025-07-10 18:15:00,1752171300.0,113348.69,113500.01,113348.69,113499.75,34.99954
2025-07-10 18:16:00,1752171360.0,113499.76,113536.13,113462.85,113506.78,26.80209
2025-07-10 18:17:00,1752171420.0,113506.79,113515.61,113447.0,113491.72,9.85552
2025-07-10 18:18:00,1752171480.0,113491.72,113539.87,113491.71,113530.53,11.68211
2025-07-10 18:19:00,1752171540.0,113530.52,113541.87,113507.59,113520.53,16.51938
2025-07-10 18:20:00,1752171600.0,113520.54,113547.69,113509.18,113547.68,8.15073
2025-07-10 18:21:00,1752171660.0,113547.68,113620.0,113468.04,113468.05,27.99607
2025-07-10 18:22:00,1752171720.0,113468.04,113500.0,113424.55,113448.06,45.00534
2025-07-10 18:23:00,1752171780.0,113448.06,113448.07,113387.1,113399.99,16.56567
2025-07-10 18:24:00,1752171840.0,113399.99,113411.34,113280.0,113280.0,21.41588
2025-07-10 18:25:00,1752171900.0,113280.0,113280.0,113118.53,113186.31,38.45126
2025-07-10 18:26:00,1752171960.0,113186.31,113228.32,113166.71,113166.72,20.62381
2025-07-10 18:27:00,1752172020.0,113166.71,113177.35,113106.09,113157.97,25.64684
2025-07-10 18:28:00,1752172080.0,113157.97,113218.84,113157.97,113182.76,10.16979
2025-07-10 18:29:00,1752172140.0,113182.54,113196.39,113180.0,113182.35,5.18406
2025-07-10 18:30:00,1752172200.0,113182.35,113196.39,113140.26,113176.46,13.40815
2025-07-10 18:31:00,1752172260.0,113176.46,113185.0,113142.45,113185.0,5.87391
2025-07-10 18:32:00,1752172320.0,113184.99,113185.0,113128.8,113128.8,6.74236
2025-07-10 18:33:00,1752172380.0,113128.8,113128.8,113066.51,113068.71,36.65909
2025-07-10 18:34:00,1752172440.0,113068.72,113232.82,113068.71,113192.37,27.36752
2025-07-10 18:35:00,1752172500.0,113192.37,113310.63,113182.41,113306.67,29.92665
2025-07-10 18:36:00,1752172560.0,113306.66,113306.67,113276.07,113276.07,11.87103
2025-07-10 18:37:00,1752172620.0,113276.07,113276.08,113108.86,113108.86,19.67856
2025-07-10 18:38:00,1752172680.0,113108.86,113108.87,113014.38,113014.38,15.11366
2025-07-10 18:39:00,1752172740.0,113014.38,113109.72,113014.38,113086.35,23.98738
2025-07-10 18:40:00,1752172800.0,113086.35,113131.74,113028.16,113122.0,11.00479
2025-07-10 18:41:00,1752172860.0,113122.0,113123.15,113050.0,113056.25,17.76002
2025-07-10 18:42:00,1752172920.0,113056.25,113073.99,113028.18,113028.21,11.4535
2025-07-10 18:43:00,1752172980.0,113028.2,113085.29,113028.2,113072.24,10.46369
2025-07-10 18:44:00,1752173040.0,113072.25,113072.25,113005.45,113059.33,50.84669
2025-07-10 18:45:00,1752173100.0,113059.34,113092.63,113028.89,113039.99,13.18535
2025-07-10 18:46:00,1752173160.0,113039.99,113047.93,113007.53,113007.53,10.69109
2025-07-10 18:47:00,1752173220.0,113007.53,113130.16,112985.64,113114.5,27.86057
2025-07-10 18:48:00,1752173280.0,113114.5,113125.1,113089.54,113089.54,15.92629
2025-07-10 18:49:00,1752173340.0,113089.55,113240.99,113089.55,113216.7,29.91977
2025-07-10 18:50:00,1752173400.0,113216.7,113288.82,113213.41,113231.32,31.57211
2025-07-10 18:51:00,1752173460.0,113231.33,113231.33,113220.01,113220.01,5.09585
2025-07-10 18:52:00,1752173520.0,113220.01,113246.31,113213.53,113245.63,5.348
2025-07-10 18:53:00,1752173580.0,113245.63,113299.99,113243.87,113299.99,15.81385
2025-07-10 18:54:00,1752173640.0,113299.99,113336.0,113299.99,113335.99,7.56712
2025-07-10 18:55:00,1752173700.0,113335.99,113400.01,113335.99,113400.01,34.44764
2025-07-10 18:56:00,1752173760.0,113400.0,113418.84,113364.0,113373.24,17.65153
2025-07-10 18:57:00,1752173820.0,113373.25,113415.6,113373.24,113378.98,40.72276
2025-07-10 18:58:00,1752173880.0,113378.98,113428.0,113378.97,113428.0,5.68094
2025-07-10 18:59:00,1752173940.0,113428.0,113450.0,113420.0,113420.0,9.05598
2025-07-10 19:00:00,1752174000.0,113420.01,113525.65,113420.0,113466.39,30.13685
2025-07-10 19:01:00,1752174060.0,113466.39,113468.02,113438.0,113468.01,24.15661
2025-07-10 19:02:00,1752174120.0,113468.01,113525.7,113468.01,113525.69,25.84553
2025-07-10 19:03:00,1752174180.0,113525.7,113568.17,113507.44,113540.0,25.0291
2025-07-10 19:04:00,1752174240.0,113540.0,113564.28,113539.99,113564.28,11.6812
2025-07-10 19:05:00,1752174300.0,113564.28,113622.56,113564.27,113609.86,18.63146
2025-07-10 19:06:00,1752174360.0,113609.86,113636.87,113576.46,113610.13,25.48845
2025-07-10 19:07:00,1752174420.0,113610.13,113635.84,113595.98,113635.84,11.49586
2025-07-10 19:08:00,1752174480.0,113635.84,113642.0,113579.69,113612.55,14.64577
2025-07-10 19:09:00,1752174540.0,113612.54,113680.0,113603.54,113612.07,15.77481
2025-07-10 19:10:00,1752174600.0,113612.07,113672.58,113612.06,113646.77,22.62597
2025-07-10 19:11:00,1752174660.0,113646.78,113680.0,113646.77,113676.0,7.48463
2025-07-10 19:12:00,1752174720.0,113675.99,113676.0,113624.97,113654.92,7.7076
2025-07-10 19:13:00,1752174780.0,113654.93,113654.93,113640.97,113652.0,22.91099
2025-07-10 19:14:00,1752174840.0,113652.0,113652.0,113620.44,113649.97,17.05836
2025-07-10 19:15:00,1752174900.0,113649.97,113664.18,113639.97,113639.98,17.764
2025-07-10 19:16:00,1752174960.0,113639.98,113639.98,113585.33,113630.01,21.46926
2025-07-10 19:17:00,1752175020.0,113630.01,113646.77,113630.01,113646.76,4.11833
2025-07-10 19:18:00,1752175080.0,113646.76,113646.76,113572.0,113615.58,23.87776
2025-07-10 19:19:00,1752175140.0,113615.58,113632.0,113601.62,113602.43,14.72735
2025-07-10 19:20:00,1752175200.0,113602.43,113602.44,113559.67,113564.41,12.30194
2025-07-10 19:21:00,1752175260.0,113565.35,113576.71,113541.44,113541.44,6.82234
2025-07-10 19:22:00,1752175320.0,113541.44,113541.45,113474.96,113474.96,6.23155
2025-07-10 19:23:00,1752175380.0,113474.97,113484.43,113450.48,113469.16,11.08464
2025-07-10 19:24:00,1752175440.0,113469.16,113470.61,113446.43,113461.15,54.24296
2025-07-10 19:25:00,1752175500.0,113461.14,113461.15,113380.78,113380.78,7.93641
2025-07-10 19:26:00,1752175560.0,113380.78,113479.11,113360.79,113479.11,8.49961
2025-07-10 19:27:00,1752175620.0,113479.1,113479.1,113394.09,113436.91,12.16642
2025-07-10 19:28:00,1752175680.0,113436.9,113450.23,113403.36,113403.36,9.36782
2025-07-10 19:29:00,1752175740.0,113403.36,113403.36,113340.61,113340.61,9.76083
2025-07-10 19:30:00,1752175800.0,113340.61,113340.62,113300.05,113300.05,10.3229
2025-07-10 19:31:00,1752175860.0,113300.05,113300.06,113223.75,113228.57,20.50694
2025-07-10 19:32:00,1752175920.0,113228.58,113228.58,113181.22,113181.45,17.37537
2025-07-10 19:33:00,1752175980.0,113181.45,113206.09,113131.2,113142.15,18.7726
2025-07-10 19:34:00,1752176040.0,113142.14,113185.25,113137.1,113149.75,13.97084
2025-07-10 19:35:00,1752176100.0,113149.75,113197.2,113149.75,113197.2,5.88427
2025-07-10 19:36:00,1752176160.0,113197.2,113247.79,113171.64,113171.64,14.92999
2025-07-10 19:37:00,1752176220.0,113171.64,113182.0,113124.0,113124.0,14.3734
2025-07-10 19:38:00,1752176280.0,113124.01,113150.01,113098.45,113117.63,61.20696
2025-07-10 19:39:00,1752176340.0,113117.64,113142.42,113117.03,113142.42,11.33927
2025-07-10 19:40:00,1752176400.0,113142.41,113159.12,113142.41,113159.11,8.83532
2025-07-10 19:41:00,1752176460.0,113159.12,113164.0,113154.09,113164.0,7.94522
2025-07-10 19:42:00,1752176520.0,113164.0,113307.97,113164.0,113307.97,33.24984
2025-07-10 19:43:00,1752176580.0,113307.96,113307.97,113307.96,113307.96,2.43983
2025-07-10 19:44:00,1752176640.0,113307.97,113307.97,113242.42,113262.98,16.36743
2025-07-10 19:45:00,1752176700.0,113262.97,113262.98,113240.0,113240.01,4.94789
2025-07-10 19:46:00,1752176760.0,113240.0,113240.0,113113.96,113115.03,23.81179
2025-07-10 19:47:00,1752176820.0,113115.03,113140.0,113115.03,113139.99,7.03128
2025-07-10 19:48:00,1752176880.0,113139.99,113194.6,113132.4,113194.59,5.60299
2025-07-10 19:49:00,1752176940.0,113194.59,113194.6,113165.0,113165.01,14.67893
2025-07-10 19:50:00,1752177000.0,113165.01,113184.0,113162.83,113183.99,8.49386
2025-07-10 19:51:00,1752177060.0,113183.99,113228.8,113154.17,113228.79,17.33472
2025-07-10 19:52:00,1752177120.0,113228.79,113238.71,113212.28,113220.0,19.83288
2025-07-10 19:53:00,1752177180.0,113220.0,113236.84,113214.55,113236.84,6.9879
2025-07-10 19:54:00,1752177240.0,113236.84,113292.12,113236.83,113284.03,6.62705
2025-07-10 19:55:00,1752177300.0,113284.02,113336.46,113284.02,113320.23,11.75924
2025-07-10 19:56:00,1752177360.0,113320.23,113375.11,113320.23,113347.34,10.25303
2025-07-10 19:57:00,1752177420.0,113347.33,113369.31,113347.33,113357.12,7.70843
2025-07-10 19:58:00,1752177480.0,113357.12,113411.34,113357.11,113360.01,16.1878
2025-07-10 19:59:00,1752177540.0,113360.0,113380.0,113297.84,113301.81,26.66939
2025-07-10 20:00:00,1752177600.0,113301.8,113301.8,113270.98,113296.38,8.94511
2025-07-10 20:01:00,1752177660.0,113296.38,113336.24,113296.37,113324.62,6.09291
2025-07-10 20:02:00,1752177720.0,113324.63,113382.47,113324.62,113353.34,13.04187
2025-07-10 20:03:00,1752177780.0,113353.33,113353.34,113320.0,113330.14,4.13123
2025-07-10 20:04:00,1752177840.0,113330.14,113361.19,113330.14,113361.18,2.51247
2025-07-10 20:05:00,1752177900.0,113361.19,113444.36,113361.18,113443.92,11.95388
2025-07-10 20:06:00,1752177960.0,113443.92,113500.0,113443.91,113500.0,5.55515
2025-07-10 20:07:00,1752178020.0,113500.0,113500.0,113454.45,113454.46,4.70655
2025-07-10 20:08:00,1752178080.0,113454.46,113464.43,113454.45,113454.46,3.63615
2025-07-10 20:09:00,1752178140.0,113454.47,113454.47,113293.14,113315.81,14.49358
2025-07-10 20:10:00,1752178200.0,113315.81,113348.21,113306.36,113348.21,3.95974
2025-07-10 20:11:00,1752178260.0,113348.21,113373.21,113336.45,113341.66,3.23397
2025-07-10 20:12:00,1752178320.0,113341.67,113347.14,113336.46,113347.14,3.05609
2025-07-10 20:13:00,1752178380.0,113347.13,113400.0,113347.13,113400.0,5.45094
2025-07-10 20:14:00,1752178440.0,113399.99,113432.67,113399.99,113432.67,4.416
2025-07-10 20:15:00,1752178500.0,113432.68,113497.54,113432.68,113497.54,8.2823
2025-07-10 20:16:00,1752178560.0,113497.53,113499.99,113486.83,113486.83,36.35316
2025-07-10 20:17:00,1752178620.0,113486.83,113486.84,113439.3,113439.31,8.83222
2025-07-10 20:18:00,1752178680.0,113439.31,113439.31,113374.55,113374.56,9.1608
2025-07-10 20:19:00,1752178740.0,113374.56,113451.4,113374.56,113451.39,7.04617
2025-07-10 20:20:00,1752178800.0,113451.39,113455.63,113444.27,113444.27,3.97212
2025-07-10 20:21:00,1752178860.0,113444.27,113452.49,113444.27,113452.49,6.50359
2025-07-10 20:22:00,1752178920.0,113452.48,113452.48,113444.28,113449.98,3.37229
2025-07-10 20:23:00,1752178980.0,113449.98,113469.45,113449.98,113458.1,7.76803
2025-07-10 20:24:00,1752179040.0,113458.1,113490.0,113452.0,113490.0,4.5689
2025-07-10 20:25:00,1752179100.0,113490.0,113490.0,113453.56,113453.57,5.8653
2025-07-10 20:26:00,1752179160.0,113453.56,113453.57,113415.99,113428.53,46.75463
2025-07-10 20:27:00,1752179220.0,113428.53,113428.53,113384.94,113410.88,6.08753
2025-07-10 20:28:00,1752179280.0,113410.89,113456.29,113410.89,113456.29,4.84458
2025-07-10 20:29:00,1752179340.0,113456.29,113458.9,113447.54,113447.54,5.96302
2025-07-10 20:30:00,1752179400.0,113447.54,113451.04,113438.1,113438.1,4.11554
2025-07-10 20:31:00,1752179460.0,113438.11,113438.11,113410.92,113417.68,3.83048
2025-07-10 20:32:00,1752179520.0,113417.69,113436.0,113409.16,113409.16,3.75772
2025-07-10 20:33:00,1752179580.0,113409.16,113409.17,113375.45,113375.45,7.85056
2025-07-10 20:34:00,1752179640.0,113375.46,113409.16,113375.45,113388.31,10.15458
2025-07-10 20:35:00,1752179700.0,113388.31,113407.98,113380.78,113406.0,10.72563
2025-07-10 20:36:00,1752179760.0,113406.0,113460.13,113405.99,113449.85,6.81478
2025-07-10 20:37:00,1752179820.0,113449.86,113496.0,113449.86,113495.99,8.03064
2025-07-10 20:38:00,1752179880.0,113496.0,113526.12,113452.98,113452.98,28.23685
2025-07-10 20:39:00,1752179940.0,113452.98,113452.99,113408.65,113448.0,5.39877
2025-07-10 20:40:00,1752180000.0,113448.0,113452.29,113447.99,113452.28,2.31269
2025-07-10 20:41:00,1752180060.0,113452.28,113469.17,113452.28,113469.16,4.83432
2025-07-10 20:42:00,1752180120.0,113469.16,113530.39,113469.16,113530.38,6.64138
2025-07-10 20:43:00,1752180180.0,113530.39,113550.0,113530.38,113535.04,6.38221
2025-07-10 20:44:00,1752180240.0,113535.04,113566.31,113484.0,113566.3,41.45719
2025-07-10 20:45:00,1752180300.0,113566.31,113580.0,113530.63,113530.64,8.39393
2025-07-10 20:46:00,1752180360.0,113530.64,113554.56,113526.11,113544.64,6.74654
2025-07-10 20:47:00,1752180420.0,113544.64,113544.64,113513.77,113530.7,10.04953
2025-07-10 20:48:00,1752180480.0,113530.7,113550.0,113530.7,113541.4,24.12069
2025-07-10 20:49:00,1752180540.0,113541.4,113541.41,113513.77,113513.77,7.24829
2025-07-10 20:50:00,1752180600.0,113513.77,113513.78,113429.04,113429.04,12.18
2025-07-10 20:51:00,1752180660.0,113429.04,113477.88,113429.04,113477.88,11.596
2025-07-10 20:52:00,1752180720.0,113477.88,113500.68,113477.87,113500.67,5.1257
2025-07-10 20:53:00,1752180780.0,113500.68,113522.44,113500.67,113522.41,6.77419
2025-07-10 20:54:00,1752180840.0,113522.42,113541.41,113522.41,113537.26,10.10459
2025-07-10 20:55:00,1752180900.0,113537.27,113537.27,113537.26,113537.26,3.54958
2025-07-10 20:56:00,1752180960.0,113537.26,113537.26,113526.11,113526.11,6.53626
2025-07-10 20:57:00,1752181020.0,113526.11,113526.12,113515.31,113526.11,7.81612
2025-07-10 20:58:00,1752181080.0,113526.1,113550.0,113526.1,113544.44,13.33817
2025-07-10 20:59:00,1752181140.0,113544.45,113544.45,113493.16,113493.16,10.13088
2025-07-10 21:00:00,1752181200.0,113493.16,113493.16,113385.36,113437.61,11.70055
2025-07-10 21:01:00,1752181260.0,113437.6,113488.69,113437.6,113488.68,2.92245
2025-07-10 21:02:00,1752181320.0,113488.68,113539.99,113488.68,113539.99,6.09266
2025-07-10 21:03:00,1752181380.0,113539.98,113539.99,113525.45,113525.46,2.09689
2025-07-10 21:04:00,1752181440.0,113525.46,113602.44,113525.45,113602.43,14.92195
2025-07-10 21:05:00,1752181500.0,113602.43,113673.64,113576.69,113670.65,24.97951
2025-07-10 21:06:00,1752181560.0,113670.65,113670.66,113646.77,113646.78,13.58639
2025-07-10 21:07:00,1752181620.0,113646.77,113684.97,113621.91,113684.96,18.28115
2025-07-10 21:08:00,1752181680.0,113684.97,113684.97,113612.28,113612.28,5.29361
2025-07-10 21:09:00,1752181740.0,113612.29,113612.29,113612.28,113612.29,3.07736
2025-07-10 21:10:00,1752181800.0,113612.29,113638.71,113612.28,113638.71,3.71713
2025-07-10 21:11:00,1752181860.0,113638.71,113665.95,113638.7,113660.0,7.23605
2025-07-10 21:12:00,1752181920.0,113660.0,113669.86,113648.47,113649.14,7.29951
2025-07-10 21:13:00,1752181980.0,113649.14,113691.11,113649.13,113691.11,5.46284
2025-07-10 21:14:00,1752182040.0,113691.1,113700.0,113667.39,113667.39,13.35777
2025-07-10 21:15:00,1752182100.0,113667.4,113691.11,113602.43,113691.1,6.99379
2025-07-10 21:16:00,1752182160.0,113691.1,113988.0,113676.72,113987.99,132.1363
2025-07-10 21:17:00,1752182220.0,113987.99,114980.0,113874.83,114946.01,811.54963
2025-07-10 21:18:00,1752182280.0,114946.0,115574.79,114861.37,115277.25,956.357862
2025-07-10 21:19:00,1752182340.0,115277.24,116868.0,115177.09,116195.25,733.853442
2025-07-10 21:20:00,1752182400.0,116195.25,116534.0,115486.23,115705.37,292.65919
2025-07-10 21:21:00,1752182460.0,115705.36,115822.45,115400.0,115529.61,228.39345
2025-07-10 21:22:00,1752182520.0,115529.62,115761.21,115482.77,115717.05,242.5894
2025-07-10 21:23:00,1752182580.0,115717.04,116223.17,115708.83,116223.17,158.81818
2025-07-10 21:24:00,1752182640.0,116223.18,116675.72,116020.36,116020.36,223.16556
2025-07-10 21:25:00,1752182700.0,116020.36,116049.28,115767.83,115834.51,169.96045
2025-07-10 21:26:00,1752182760.0,115832.51,116347.91,115789.25,115923.47,158.81558
2025-07-10 21:27:00,1752182820.0,115923.47,115954.11,115800.0,115824.83,92.03511
2025-07-10 21:28:00,1752182880.0,115824.84,115913.65,115743.24,115854.04,112.03598
2025-07-10 21:29:00,1752182940.0,115854.03,115854.03,115700.16,115727.5,64.91987
2025-07-10 21:30:00,1752183000.0,115727.51,116162.07,115708.47,116155.65,110.36261
2025-07-10 21:31:00,1752183060.0,116155.65,116395.09,116100.9,116386.06,134.44378
2025-07-10 21:32:00,1752183120.0,116386.06,116411.13,116225.07,116294.02,74.1358
2025-07-10 21:33:00,1752183180.0,116294.02,116295.12,116077.7,116077.7,54.0162
2025-07-10 21:34:00,1752183240.0,116077.7,116208.46,116021.53,116195.56,48.5268
2025-07-10 21:35:00,1752183300.0,116195.57,116211.48,116037.03,116037.05,43.91472
2025-07-10 21:36:00,1752183360.0,116037.05,116155.26,115945.82,115945.83,39.30743
2025-07-10 21:37:00,1752183420.0,115945.82,116192.44,115916.74,116078.05,56.96837
2025-07-10 21:38:00,1752183480.0,116078.06,116200.0,116078.06,116140.84,26.8666
2025-07-10 21:39:00,1752183540.0,116140.84,116313.18,116124.04,116301.04,38.57712
2025-07-10 21:40:00,1752183600.0,116301.04,116757.86,116280.03,116368.64,113.47191
2025-07-10 21:41:00,1752183660.0,116368.64,116489.91,116240.09,116296.9,38.04335
2025-07-10 21:42:00,1752183720.0,116296.9,116800.0,116290.65,116617.68,81.24103
2025-07-10 21:43:00,1752183780.0,116617.68,116678.0,116393.76,116393.76,92.71302
2025-07-10 21:44:00,1752183840.0,116393.77,116490.69,116265.0,116300.0,76.60147
2025-07-10 21:45:00,1752183900.0,116300.01,116300.01,115960.11,116010.81,84.15822
2025-07-10 21:46:00,1752183960.0,116010.82,116034.78,116000.05,116020.28,30.45496
2025-07-10 21:47:00,1752184020.0,116020.27,116124.0,116020.27,116022.62,43.75323
2025-07-10 21:48:00,1752184080.0,116022.62,116360.0,115958.57,116359.99,116.48095
2025-07-10 21:49:00,1752184140.0,116359.99,116617.85,116352.66,116553.9,75.151
2025-07-10 21:50:00,1752184200.0,116553.9,116646.43,116301.05,116301.05,61.8474
2025-07-10 21:51:00,1752184260.0,116301.05,116420.0,116218.37,116348.06,30.85135
2025-07-10 21:52:00,1752184320.0,116348.06,116458.12,116330.88,116330.88,22.7715
2025-07-10 21:53:00,1752184380.0,116330.88,116418.25,116282.5,116418.24,28.84185
2025-07-10 21:54:00,1752184440.0,116418.24,116548.0,116382.33,116524.0,56.90004
2025-07-10 21:55:00,1752184500.0,116524.0,116580.0,116486.5,116580.0,45.50754
2025-07-10 21:56:00,1752184560.0,116579.99,116720.0,116579.99,116615.14,66.92577
2025-07-10 21:57:00,1752184620.0,116615.15,116621.86,116425.54,116425.54,39.06427
2025-07-10 21:58:00,1752184680.0,116425.0,116472.34,116405.0,116472.34,31.1059
2025-07-10 21:59:00,1752184740.0,116472.34,116490.53,116418.84,116490.52,26.75747
2025-07-10 22:00:00,1752184800.0,116490.52,116490.52,116310.34,116379.59,63.09155
2025-07-10 22:01:00,1752184860.0,116379.58,116495.0,116370.62,116436.11,39.7254
2025-07-10 22:02:00,1752184920.0,116436.1,116436.11,116200.0,116200.0,41.11621
2025-07-10 22:03:00,1752184980.0,116200.0,116296.67,116147.94,116227.62,36.22867
2025-07-10 22:04:00,1752185040.0,116227.63,116253.11,116193.61,116253.1,59.2746
2025-07-10 22:05:00,1752185100.0,116253.11,116307.24,116205.17,116267.65,44.73114
2025-07-10 22:06:00,1752185160.0,116267.64,116336.99,116267.31,116306.84,83.69098
2025-07-10 22:07:00,1752185220.0,116306.83,116466.78,116306.83,116435.66,188.3895
2025-07-10 22:08:00,1752185280.0,116435.66,116499.95,116346.89,116346.89,199.56389
2025-07-10 22:09:00,1752185340.0,116346.89,116357.3,116294.87,116335.44,55.96237
2025-07-10 22:10:00,1752185400.0,116335.45,116375.96,116258.03,116293.76,90.84951
2025-07-10 22:11:00,1752185460.0,116293.76,116293.76,116200.35,116200.36,25.38746
2025-07-10 22:12:00,1752185520.0,116200.36,116200.36,115984.61,116132.82,88.40853
2025-07-10 22:13:00,1752185580.0,116132.82,116132.83,116059.77,116089.71,35.09741
2025-07-10 22:14:00,1752185640.0,116089.71,116126.05,116072.15,116108.61,42.94177
2025-07-10 22:15:00,1752185700.0,116108.62,116154.62,116096.0,116154.61,15.31595
2025-07-10 22:16:00,1752185760.0,116154.62,116200.0,116133.67,116180.22,53.95849
2025-07-10 22:17:00,1752185820.0,116180.21,116217.4,116154.81,116200.0,52.20885
2025-07-10 22:18:00,1752185880.0,116200.0,116210.01,116182.57,116182.58,7.67021
2025-07-10 22:19:00,1752185940.0,116182.57,116228.0,116157.83,116227.99,15.46745
2025-07-10 22:20:00,1752186000.0,116227.99,116277.06,116220.87,116250.81,13.30518
2025-07-10 22:21:00,1752186060.0,116250.81,116250.82,116208.39,116208.39,12.03386
2025-07-10 22:22:00,1752186120.0,116208.4,116220.03,116106.0,116106.0,17.94482
2025-07-10 22:23:00,1752186180.0,116106.0,116106.01,116017.04,116017.05,42.33812
2025-07-10 22:24:00,1752186240.0,116017.04,116017.05,115950.01,115953.16,25.45089
2025-07-10 22:25:00,1752186300.0,115953.16,115953.16,115900.0,115900.0,26.26295
2025-07-10 22:26:00,1752186360.0,115900.0,115945.6,115886.71,115909.94,24.52297
2025-07-10 22:27:00,1752186420.0,115909.94,115941.86,115900.37,115935.99,14.98853
2025-07-10 22:28:00,1752186480.0,115935.99,116000.0,115935.99,115988.01,32.64162
2025-07-10 22:29:00,1752186540.0,115988.01,115988.01,115925.51,115925.52,5.94895
2025-07-10 22:30:00,1752186600.0,115925.51,115925.51,115880.04,115899.99,18.31095
2025-07-10 22:31:00,1752186660.0,115899.99,115900.0,115865.48,115865.48,17.73458
2025-07-10 22:32:00,1752186720.0,115865.48,115905.96,115848.68,115870.26,49.65005
2025-07-10 22:33:00,1752186780.0,115870.27,115900.0,115869.48,115869.48,16.30485
2025-07-10 22:34:00,1752186840.0,115869.49,115925.22,115869.48,115885.39,61.25457
2025-07-10 22:35:00,1752186900.0,115885.38,115895.97,115880.0,115880.0,8.47667
2025-07-10 22:36:00,1752186960.0,115880.01,115925.0,115880.0,115924.99,17.96639
2025-07-10 22:37:00,1752187020.0,115924.99,115925.0,115884.36,115884.67,12.44823
2025-07-10 22:38:00,1752187080.0,115884.66,115940.07,115884.66,115926.81,27.57278
2025-07-10 22:39:00,1752187140.0,115926.82,115926.82,115829.27,115829.28,10.42796
2025-07-10 22:40:00,1752187200.0,115829.28,115860.11,115829.27,115833.22,16.13438
2025-07-10 22:41:00,1752187260.0,115833.23,115840.92,115800.0,115800.02,14.14942
2025-07-10 22:42:00,1752187320.0,115800.02,115846.82,115800.02,115843.99,17.26849
2025-07-10 22:43:00,1752187380.0,115843.99,115880.51,115843.99,115855.12,23.14897
2025-07-10 22:44:00,1752187440.0,115855.12,115989.98,115837.39,115962.95,29.94447
2025-07-10 22:45:00,1752187500.0,115962.95,115962.96,115927.96,115937.48,8.37038
2025-07-10 22:46:00,1752187560.0,115937.48,116004.36,115937.48,116002.89,19.9043
2025-07-10 22:47:00,1752187620.0,116002.9,116169.74,116002.89,116169.73,28.3071
2025-07-10 22:48:00,1752187680.0,116169.73,116169.74,116114.03,116148.52,17.81552
2025-07-10 22:49:00,1752187740.0,116148.52,116148.53,116103.14,116103.15,40.15375
2025-07-10 22:50:00,1752187800.0,116103.15,116137.27,116080.0,116137.27,39.83772
2025-07-10 22:51:00,1752187860.0,116137.27,116182.47,116131.42,116131.42,36.52079
2025-07-10 22:52:00,1752187920.0,116131.42,116148.27,116118.39,116140.57,36.54181
2025-07-10 22:53:00,1752187980.0,116140.57,116191.36,116133.22,116145.45,34.91762
2025-07-10 22:54:00,1752188040.0,116145.45,116166.72,116081.05,116100.64,35.53577
2025-07-10 22:55:00,1752188100.0,116100.65,116111.73,116055.89,116104.52,29.33144
2025-07-10 22:56:00,1752188160.0,116104.52,116104.53,116048.59,116048.6,32.88173
2025-07-10 22:57:00,1752188220.0,116048.59,116064.61,116048.59,116064.61,30.68201
2025-07-10 22:58:00,1752188280.0,116064.61,116096.01,116041.99,116041.99,32.48007
2025-07-10 22:59:00,1752188340.0,116042.0,116070.01,115976.02,116008.38,60.04929
2025-07-10 23:00:00,1752188400.0,116008.38,116033.5,116008.37,116033.49,45.86993
2025-07-10 23:01:00,1752188460.0,116033.5,116045.4,115956.16,115956.16,42.7503
2025-07-10 23:02:00,1752188520.0,115956.16,115997.09,115911.69,115926.23,44.61282
2025-07-10 23:03:00,1752188580.0,115926.24,115980.0,115926.23,115955.33,40.07636
2025-07-10 23:04:00,1752188640.0,115955.33,115955.34,115930.62,115946.94,37.8755
2025-07-10 23:05:00,1752188700.0,115946.94,116000.0,115946.94,115983.09,39.56771
2025-07-10 23:06:00,1752188760.0,115983.09,116067.21,115983.09,116067.2,41.18025
2025-07-10 23:07:00,1752188820.0,116067.21,116067.21,116037.88,116059.99,39.2446
2025-07-10 23:08:00,1752188880.0,116059.99,116099.99,116059.99,116070.41,40.87299
2025-07-10 23:09:00,1752188940.0,116070.42,116071.99,116044.98,116044.99,31.48961
2025-07-10 23:10:00,1752189000.0,116044.98,116051.69,116009.17,116047.4,24.61492
2025-07-10 23:11:00,1752189060.0,116047.39,116047.4,115938.36,115945.16,13.81588
2025-07-10 23:12:00,1752189120.0,115945.16,115945.16,115901.56,115901.57,11.30525
2025-07-10 23:13:00,1752189180.0,115901.56,116026.8,115901.56,115988.45,81.84791
2025-07-10 23:14:00,1752189240.0,115988.44,116008.51,115988.44,116008.5,4.93668
2025-07-10 23:15:00,1752189300.0,116008.51,116008.51,115986.53,115998.13,5.5942
2025-07-10 23:16:00,1752189360.0,115998.14,115998.14,115961.78,115965.63,20.18593
2025-07-10 23:17:00,1752189420.0,115965.64,115965.64,115875.0,115875.01,7.32264
2025-07-10 23:18:00,1752189480.0,115875.0,115875.0,115812.0,115822.99,16.60106
2025-07-10 23:19:00,1752189540.0,115822.99,115983.19,115822.99,115929.71,17.20711
2025-07-10 23:20:00,1752189600.0,115929.71,115929.72,115895.94,115913.62,11.1536
2025-07-10 23:21:00,1752189660.0,115913.63,115913.63,115808.71,115808.72,47.59381
2025-07-10 23:22:00,1752189720.0,115808.72,115894.12,115808.72,115841.2,22.25247
2025-07-10 23:23:00,1752189780.0,115841.21,115841.21,115800.0,115800.01,5.9358
2025-07-10 23:24:00,1752189840.0,115800.0,115850.0,115782.0,115836.73,29.21962
2025-07-10 23:25:00,1752189900.0,115836.74,115869.99,115836.73,115847.31,13.09768
2025-07-10 23:26:00,1752189960.0,115847.3,115847.31,115823.12,115823.12,3.97762
2025-07-10 23:27:00,1752190020.0,115823.12,115866.46,115817.09,115817.1,23.71083
2025-07-10 23:28:00,1752190080.0,115817.09,115817.1,115806.36,115806.36,6.29077
2025-07-10 23:29:00,1752190140.0,115806.36,115806.37,115788.0,115788.01,4.58063
2025-07-10 23:30:00,1752190200.0,115788.0,115806.36,115788.0,115806.35,7.31903
2025-07-10 23:31:00,1752190260.0,115806.36,115806.36,115737.96,115769.68,13.5149
2025-07-10 23:32:00,1752190320.0,115769.68,115769.69,115691.95,115719.99,26.19884
2025-07-10 23:33:00,1752190380.0,115719.99,115767.56,115695.56,115724.21,47.88909
2025-07-10 23:34:00,1752190440.0,115724.2,115724.21,115657.76,115657.76,27.67985
2025-07-10 23:35:00,1752190500.0,115657.76,115708.47,115650.01,115708.47,23.99051
2025-07-10 23:36:00,1752190560.0,115708.46,115708.47,115651.69,115651.69,14.56637
2025-07-10 23:37:00,1752190620.0,115651.69,115651.7,115646.01,115646.01,10.33271
2025-07-10 23:38:00,1752190680.0,115646.01,115680.72,115645.88,115673.68,14.29834
2025-07-10 23:39:00,1752190740.0,115672.7,115680.99,115659.75,115680.99,8.14328
2025-07-10 23:40:00,1752190800.0,115680.98,115685.38,115680.0,115680.01,15.18185
2025-07-10 23:41:00,1752190860.0,115680.01,115680.01,115662.61,115675.21,14.35275
2025-07-10 23:42:00,1752190920.0,115675.21,115675.21,115675.2,115675.2,7.49728
2025-07-10 23:43:00,1752190980.0,115675.2,115675.21,115675.2,115675.21,3.50204
2025-07-10 23:44:00,1752191040.0,115675.21,115815.82,115675.2,115786.12,77.67787
2025-07-10 23:45:00,1752191100.0,115786.12,115786.13,115755.81,115755.81,9.98823
2025-07-10 23:46:00,1752191160.0,115755.82,115755.82,115726.85,115739.52,8.12621
2025-07-10 23:47:00,1752191220.0,115739.53,115744.43,115739.52,115744.43,4.26383
2025-07-10 23:48:00,1752191280.0,115744.42,115800.0,115744.42,115800.0,15.91278
2025-07-10 23:49:00,1752191340.0,115799.99,115863.5,115799.99,115863.49,12.64145
2025-07-10 23:50:00,1752191400.0,115863.5,115950.01,115863.5,115946.47,34.08251
2025-07-10 23:51:00,1752191460.0,115946.47,115970.72,115936.04,115970.71,13.94128
2025-07-10 23:52:00,1752191520.0,115970.72,116001.03,115970.71,116001.02,21.13926
2025-07-10 23:53:00,1752191580.0,116001.02,116015.25,116001.02,116002.0,12.9961
2025-07-10 23:54:00,1752191640.0,116002.0,116013.62,116002.0,116010.0,15.65594
2025-07-10 23:55:00,1752191700.0,116010.0,116010.01,115996.39,116006.74,19.93472
2025-07-10 23:56:00,1752191760.0,116006.74,116006.75,115995.14,115995.14,4.95035
2025-07-10 23:57:00,1752191820.0,115995.14,115995.15,115976.79,115983.71,12.85524
2025-07-10 23:58:00,1752191880.0,115983.72,115983.72,115983.71,115983.71,4.67835
2025-07-10 23:59:00,1752191940.0,115983.71,116010.01,115983.71,116010.0,12.93315
