Universal Time,Unix Time,Open,High,Low,Close,Volume
2019-01-15 00:00:00,1547510400.0,3626.08000000,3629.29000000,3624.51000000,3625.31000000,15.87880000
2019-01-15 00:01:00,1547510460.0,3625.74000000,3626.57000000,3624.22000000,3626.36000000,14.88595800
2019-01-15 00:02:00,1547510520.0,3625.86000000,3631.27000000,3624.43000000,3630.03000000,44.46494400
2019-01-15 00:03:00,1547510580.0,3628.43000000,3631.93000000,3627.49000000,3628.56000000,17.02430500
2019-01-15 00:04:00,1547510640.0,3628.23000000,3629.55000000,3628.21000000,3628.36000000,9.56688000
2019-01-15 00:05:00,1547510700.0,3628.36000000,3629.55000000,3628.28000000,3628.57000000,11.86218700
2019-01-15 00:06:00,1547510760.0,3628.58000000,3631.54000000,3628.57000000,3628.75000000,21.75723100
2019-01-15 00:07:00,1547510820.0,3630.69000000,3631.97000000,3628.77000000,3631.25000000,9.92916400
2019-01-15 00:08:00,1547510880.0,3629.37000000,3631.38000000,3629.37000000,3629.82000000,10.98566300
2019-01-15 00:09:00,1547510940.0,3630.18000000,3633.89000000,3629.82000000,3633.85000000,24.94104400
2019-01-15 00:10:00,1547511000.0,3633.87000000,3634.00000000,3632.08000000,3633.85000000,21.24113500
2019-01-15 00:11:00,1547511060.0,3633.53000000,3635.97000000,3632.51000000,3633.90000000,13.74630900
2019-01-15 00:12:00,1547511120.0,3633.91000000,3638.79000000,3633.91000000,3638.73000000,44.08459000
2019-01-15 00:13:00,1547511180.0,3637.26000000,3643.27000000,3637.26000000,3639.18000000,33.31502100
2019-01-15 00:14:00,1547511240.0,3639.84000000,3639.86000000,3634.58000000,3635.60000000,23.92006000
2019-01-15 00:15:00,1547511300.0,3636.40000000,3638.76000000,3635.04000000,3636.23000000,23.61591600
2019-01-15 00:16:00,1547511360.0,3636.71000000,3637.93000000,3632.77000000,3636.37000000,31.22084100
2019-01-15 00:17:00,1547511420.0,3637.00000000,3637.00000000,3634.64000000,3636.28000000,27.29969500
2019-01-15 00:18:00,1547511480.0,3636.28000000,3636.29000000,3633.14000000,3633.88000000,11.13742500
2019-01-15 00:19:00,1547511540.0,3633.15000000,3635.65000000,3632.68000000,3634.98000000,14.89031500
2019-01-15 00:20:00,1547511600.0,3634.92000000,3635.60000000,3633.83000000,3635.41000000,8.99914000
2019-01-15 00:21:00,1547511660.0,3635.39000000,3636.00000000,3633.95000000,3634.10000000,10.17647200
2019-01-15 00:22:00,1547511720.0,3633.96000000,3635.04000000,3632.82000000,3632.84000000,9.91251800
2019-01-15 00:23:00,1547511780.0,3632.82000000,3634.00000000,3630.00000000,3632.89000000,27.99277600
2019-01-15 00:24:00,1547511840.0,3633.59000000,3633.93000000,3630.88000000,3633.31000000,14.58163700
2019-01-15 00:25:00,1547511900.0,3633.93000000,3634.45000000,3633.33000000,3633.70000000,10.21352000
2019-01-15 00:26:00,1547511960.0,3633.70000000,3633.88000000,3631.05000000,3631.83000000,11.33168500
2019-01-15 00:27:00,1547512020.0,3631.32000000,3633.12000000,3631.08000000,3632.86000000,6.63760200
2019-01-15 00:28:00,1547512080.0,3632.48000000,3633.09000000,3631.84000000,3632.35000000,12.52816600
2019-01-15 00:29:00,1547512140.0,3632.75000000,3633.02000000,3630.88000000,3632.21000000,12.02695100
2019-01-15 00:30:00,1547512200.0,3632.12000000,3632.14000000,3630.31000000,3631.99000000,11.95401800
2019-01-15 00:31:00,1547512260.0,3630.50000000,3631.91000000,3629.08000000,3630.83000000,20.84190200
2019-01-15 00:32:00,1547512320.0,3630.82000000,3630.82000000,3629.11000000,3629.64000000,15.11365800
2019-01-15 00:33:00,1547512380.0,3629.12000000,3630.50000000,3629.11000000,3629.38000000,13.26384600
2019-01-15 00:34:00,1547512440.0,3629.40000000,3629.82000000,3629.00000000,3629.03000000,10.70756900
2019-01-15 00:35:00,1547512500.0,3629.03000000,3630.28000000,3629.01000000,3629.98000000,15.34164400
2019-01-15 00:36:00,1547512560.0,3629.74000000,3630.00000000,3629.00000000,3629.98000000,14.08347100
2019-01-15 00:37:00,1547512620.0,3629.98000000,3630.00000000,3629.01000000,3629.98000000,8.26858100
2019-01-15 00:38:00,1547512680.0,3629.52000000,3632.00000000,3629.51000000,3630.02000000,17.96237000
2019-01-15 00:39:00,1547512740.0,3630.02000000,3631.51000000,3629.58000000,3630.81000000,11.17533700
2019-01-15 00:40:00,1547512800.0,3630.80000000,3631.85000000,3630.78000000,3631.83000000,7.34889400
2019-01-15 00:41:00,1547512860.0,3630.89000000,3632.31000000,3630.80000000,3631.93000000,4.95113900
2019-01-15 00:42:00,1547512920.0,3631.37000000,3632.06000000,3630.78000000,3631.26000000,7.84718800
2019-01-15 00:43:00,1547512980.0,3631.26000000,3632.93000000,3630.95000000,3632.27000000,22.50857000
2019-01-15 00:44:00,1547513040.0,3632.93000000,3632.93000000,3631.13000000,3631.19000000,7.40544100
2019-01-15 00:45:00,1547513100.0,3631.21000000,3632.88000000,3631.19000000,3631.99000000,5.94771700
2019-01-15 00:46:00,1547513160.0,3631.98000000,3631.99000000,3631.20000000,3631.89000000,4.61654800
2019-01-15 00:47:00,1547513220.0,3631.89000000,3632.80000000,3631.20000000,3632.63000000,6.76450100
2019-01-15 00:48:00,1547513280.0,3632.27000000,3638.51000000,3629.78000000,3635.67000000,27.56607800
2019-01-15 00:49:00,1547513340.0,3635.02000000,3636.21000000,3633.01000000,3634.36000000,6.93420600
2019-01-15 00:50:00,1547513400.0,3634.32000000,3634.73000000,3629.01000000,3631.83000000,20.07317300
2019-01-15 00:51:00,1547513460.0,3630.46000000,3632.46000000,3630.15000000,3631.18000000,5.15456400
2019-01-15 00:52:00,1547513520.0,3630.61000000,3632.26000000,3630.61000000,3631.91000000,5.99877400
2019-01-15 00:53:00,1547513580.0,3632.25000000,3632.26000000,3630.62000000,3630.99000000,18.43827000
2019-01-15 00:54:00,1547513640.0,3630.98000000,3632.09000000,3630.00000000,3630.00000000,6.07058200
2019-01-15 00:55:00,1547513700.0,3630.96000000,3632.24000000,3630.00000000,3631.00000000,8.37102000
2019-01-15 00:56:00,1547513760.0,3630.98000000,3632.19000000,3630.00000000,3630.59000000,9.38990100
2019-01-15 00:57:00,1547513820.0,3631.20000000,3631.65000000,3630.00000000,3630.10000000,5.65351600
2019-01-15 00:58:00,1547513880.0,3630.10000000,3633.81000000,3630.00000000,3630.00000000,6.76265600
2019-01-15 00:59:00,1547513940.0,3630.00000000,3634.61000000,3629.56000000,3633.22000000,10.02196300
2019-01-15 01:00:00,1547514000.0,3632.88000000,3634.36000000,3631.93000000,3633.22000000,10.04862000
2019-01-15 01:01:00,1547514060.0,3634.04000000,3635.00000000,3632.58000000,3633.78000000,21.34190100
2019-01-15 01:02:00,1547514120.0,3634.96000000,3637.92000000,3633.01000000,3634.67000000,38.45542700
2019-01-15 01:03:00,1547514180.0,3634.98000000,3636.57000000,3634.00000000,3634.99000000,5.59393300
2019-01-15 01:04:00,1547514240.0,3635.00000000,3635.95000000,3633.20000000,3634.76000000,3.52665700
2019-01-15 01:05:00,1547514300.0,3635.34000000,3635.82000000,3633.66000000,3634.68000000,6.99272700
2019-01-15 01:06:00,1547514360.0,3634.69000000,3634.99000000,3632.01000000,3633.38000000,22.47932800
2019-01-15 01:07:00,1547514420.0,3634.36000000,3636.63000000,3633.42000000,3635.26000000,12.99597200
2019-01-15 01:08:00,1547514480.0,3634.95000000,3635.39000000,3633.11000000,3634.78000000,7.70413400
2019-01-15 01:09:00,1547514540.0,3634.78000000,3635.99000000,3633.26000000,3634.36000000,7.58338000
2019-01-15 01:10:00,1547514600.0,3634.37000000,3643.29000000,3633.96000000,3642.30000000,36.61440800
2019-01-15 01:11:00,1547514660.0,3641.60000000,3643.30000000,3639.07000000,3639.11000000,16.46333800
2019-01-15 01:12:00,1547514720.0,3639.12000000,3640.91000000,3637.64000000,3639.00000000,14.99788300
2019-01-15 01:13:00,1547514780.0,3638.98000000,3639.82000000,3637.02000000,3638.72000000,13.19322900
2019-01-15 01:14:00,1547514840.0,3638.21000000,3639.44000000,3637.02000000,3637.04000000,12.36349300
2019-01-15 01:15:00,1547514900.0,3637.72000000,3638.12000000,3635.56000000,3636.82000000,20.25821700
2019-01-15 01:16:00,1547514960.0,3636.82000000,3637.37000000,3636.00000000,3637.25000000,7.37011700
2019-01-15 01:17:00,1547515020.0,3637.27000000,3637.40000000,3636.25000000,3637.38000000,5.31613100
2019-01-15 01:18:00,1547515080.0,3637.38000000,3637.61000000,3636.12000000,3636.55000000,7.50291200
2019-01-15 01:19:00,1547515140.0,3636.14000000,3638.74000000,3636.12000000,3637.15000000,6.68572500
2019-01-15 01:20:00,1547515200.0,3637.00000000,3638.30000000,3636.32000000,3636.99000000,11.75743500
2019-01-15 01:21:00,1547515260.0,3637.00000000,3638.24000000,3636.12000000,3637.22000000,6.86052800
2019-01-15 01:22:00,1547515320.0,3636.61000000,3643.73000000,3636.61000000,3643.72000000,16.27195700
2019-01-15 01:23:00,1547515380.0,3641.23000000,3643.44000000,3637.77000000,3638.31000000,14.05096400
2019-01-15 01:24:00,1547515440.0,3639.42000000,3641.49000000,3638.54000000,3640.14000000,8.31644700
2019-01-15 01:25:00,1547515500.0,3640.38000000,3642.00000000,3639.73000000,3641.73000000,9.54539700
2019-01-15 01:26:00,1547515560.0,3641.73000000,3647.24000000,3640.44000000,3646.00000000,15.72433200
2019-01-15 01:27:00,1547515620.0,3645.98000000,3647.44000000,3644.50000000,3645.84000000,17.58406300
2019-01-15 01:28:00,1547515680.0,3645.84000000,3648.42000000,3640.24000000,3642.83000000,20.87930300
2019-01-15 01:29:00,1547515740.0,3642.86000000,3644.94000000,3642.86000000,3643.04000000,9.37261000
2019-01-15 01:30:00,1547515800.0,3642.50000000,3643.17000000,3642.40000000,3643.06000000,6.52921900
2019-01-15 01:31:00,1547515860.0,3642.42000000,3643.95000000,3642.00000000,3642.38000000,7.95214600
2019-01-15 01:32:00,1547515920.0,3642.20000000,3642.50000000,3638.41000000,3639.72000000,15.92400000
2019-01-15 01:33:00,1547515980.0,3638.52000000,3640.64000000,3638.00000000,3639.19000000,15.33753000
2019-01-15 01:34:00,1547516040.0,3639.64000000,3640.65000000,3638.62000000,3638.89000000,7.90873600
2019-01-15 01:35:00,1547516100.0,3638.89000000,3639.99000000,3637.64000000,3638.14000000,8.49086900
2019-01-15 01:36:00,1547516160.0,3639.16000000,3640.12000000,3638.14000000,3639.00000000,10.43011100
2019-01-15 01:37:00,1547516220.0,3639.25000000,3640.12000000,3638.30000000,3639.41000000,16.42142100
2019-01-15 01:38:00,1547516280.0,3639.39000000,3640.05000000,3632.20000000,3635.57000000,33.77086900
2019-01-15 01:39:00,1547516340.0,3635.60000000,3639.02000000,3634.25000000,3639.02000000,13.66030900
2019-01-15 01:40:00,1547516400.0,3638.96000000,3638.97000000,3636.06000000,3637.11000000,11.92605400
2019-01-15 01:41:00,1547516460.0,3637.63000000,3639.84000000,3637.11000000,3638.28000000,10.97945400
2019-01-15 01:42:00,1547516520.0,3638.28000000,3640.28000000,3637.16000000,3640.28000000,34.99414800
2019-01-15 01:43:00,1547516580.0,3640.29000000,3643.30000000,3638.58000000,3639.99000000,17.49127100
2019-01-15 01:44:00,1547516640.0,3639.99000000,3645.66000000,3639.30000000,3640.36000000,35.42545400
2019-01-15 01:45:00,1547516700.0,3641.00000000,3648.16000000,3639.60000000,3640.08000000,66.74221900
2019-01-15 01:46:00,1547516760.0,3640.08000000,3643.28000000,3639.87000000,3640.87000000,17.59285000
2019-01-15 01:47:00,1547516820.0,3640.88000000,3644.10000000,3639.30000000,3639.30000000,24.38131500
2019-01-15 01:48:00,1547516880.0,3640.90000000,3641.57000000,3639.30000000,3639.51000000,25.40409200
2019-01-15 01:49:00,1547516940.0,3639.54000000,3641.56000000,3635.71000000,3638.98000000,11.41795800
2019-01-15 01:50:00,1547517000.0,3637.99000000,3639.56000000,3637.57000000,3638.12000000,7.04383400
2019-01-15 01:51:00,1547517060.0,3639.24000000,3639.42000000,3637.65000000,3637.77000000,7.82961100
2019-01-15 01:52:00,1547517120.0,3638.69000000,3638.69000000,3637.53000000,3637.98000000,11.88528000
2019-01-15 01:53:00,1547517180.0,3637.55000000,3637.98000000,3635.70000000,3635.96000000,4.87629900
2019-01-15 01:54:00,1547517240.0,3636.93000000,3637.56000000,3635.97000000,3637.35000000,6.09574400
2019-01-15 01:55:00,1547517300.0,3637.37000000,3637.56000000,3635.97000000,3637.30000000,6.93313700
2019-01-15 01:56:00,1547517360.0,3636.64000000,3637.98000000,3636.16000000,3636.16000000,20.44558100
2019-01-15 01:57:00,1547517420.0,3636.25000000,3636.39000000,3635.00000000,3635.09000000,16.91866500
2019-01-15 01:58:00,1547517480.0,3635.07000000,3635.52000000,3632.49000000,3635.27000000,14.88109800
2019-01-15 01:59:00,1547517540.0,3635.27000000,3635.29000000,3633.25000000,3633.44000000,3.60285200
2019-01-15 02:00:00,1547517600.0,3633.46000000,3635.06000000,3632.00000000,3632.63000000,8.52904700
2019-01-15 02:01:00,1547517660.0,3632.00000000,3634.00000000,3629.00000000,3630.94000000,20.95076700
2019-01-15 02:02:00,1547517720.0,3630.61000000,3632.87000000,3630.14000000,3630.49000000,10.19648200
2019-01-15 02:03:00,1547517780.0,3631.94000000,3631.94000000,3629.00000000,3630.00000000,21.42697200
2019-01-15 02:04:00,1547517840.0,3630.00000000,3635.05000000,3629.00000000,3634.44000000,36.07085000
2019-01-15 02:05:00,1547517900.0,3634.44000000,3636.39000000,3634.44000000,3636.39000000,34.24346200
2019-01-15 02:06:00,1547517960.0,3636.22000000,3636.97000000,3633.74000000,3636.65000000,20.71622500
2019-01-15 02:07:00,1547518020.0,3636.65000000,3636.97000000,3634.32000000,3635.46000000,9.97004800
2019-01-15 02:08:00,1547518080.0,3636.56000000,3636.56000000,3633.80000000,3635.65000000,10.67248000
2019-01-15 02:09:00,1547518140.0,3635.63000000,3635.65000000,3634.05000000,3634.88000000,6.80196400
2019-01-15 02:10:00,1547518200.0,3634.55000000,3636.37000000,3634.15000000,3634.79000000,7.35850800
2019-01-15 02:11:00,1547518260.0,3634.47000000,3635.15000000,3630.93000000,3633.04000000,6.71804700
2019-01-15 02:12:00,1547518320.0,3632.71000000,3633.54000000,3630.15000000,3632.72000000,5.63822500
2019-01-15 02:13:00,1547518380.0,3632.71000000,3633.73000000,3630.52000000,3632.97000000,29.78578000
2019-01-15 02:14:00,1547518440.0,3632.46000000,3632.46000000,3631.38000000,3632.41000000,6.30599900
2019-01-15 02:15:00,1547518500.0,3631.77000000,3632.47000000,3631.50000000,3632.34000000,8.49001100
2019-01-15 02:16:00,1547518560.0,3632.36000000,3632.41000000,3630.00000000,3632.27000000,24.00914300
2019-01-15 02:17:00,1547518620.0,3631.43000000,3633.74000000,3630.63000000,3632.35000000,9.64833800
2019-01-15 02:18:00,1547518680.0,3632.92000000,3634.18000000,3632.01000000,3633.02000000,16.28966100
2019-01-15 02:19:00,1547518740.0,3633.00000000,3634.18000000,3632.03000000,3632.72000000,9.02030400
2019-01-15 02:20:00,1547518800.0,3632.31000000,3633.32000000,3632.01000000,3632.67000000,9.19302500
2019-01-15 02:21:00,1547518860.0,3632.69000000,3633.32000000,3632.25000000,3632.64000000,9.96175500
2019-01-15 02:22:00,1547518920.0,3632.66000000,3633.32000000,3632.25000000,3632.69000000,7.63850700
2019-01-15 02:23:00,1547518980.0,3632.71000000,3633.32000000,3632.69000000,3632.91000000,7.77065800
2019-01-15 02:24:00,1547519040.0,3633.17000000,3633.32000000,3632.69000000,3632.69000000,7.05865900
2019-01-15 02:25:00,1547519100.0,3632.69000000,3633.00000000,3632.17000000,3632.20000000,13.01354900
2019-01-15 02:26:00,1547519160.0,3632.18000000,3633.33000000,3631.88000000,3631.91000000,24.52633400
2019-01-15 02:27:00,1547519220.0,3632.53000000,3633.33000000,3631.00000000,3632.24000000,11.32531500
2019-01-15 02:28:00,1547519280.0,3631.07000000,3633.29000000,3630.99000000,3631.26000000,4.07080000
2019-01-15 02:29:00,1547519340.0,3631.23000000,3632.18000000,3630.01000000,3630.05000000,16.92034600
2019-01-15 02:30:00,1547519400.0,3630.03000000,3631.05000000,3630.00000000,3630.02000000,12.17050600
2019-01-15 02:31:00,1547519460.0,3630.10000000,3630.21000000,3629.00000000,3630.01000000,16.26807200
2019-01-15 02:32:00,1547519520.0,3630.00000000,3630.01000000,3629.02000000,3630.00000000,11.52655100
2019-01-15 02:33:00,1547519580.0,3629.98000000,3630.00000000,3629.01000000,3629.54000000,6.73454400
2019-01-15 02:34:00,1547519640.0,3629.66000000,3630.00000000,3629.00000000,3629.88000000,16.97331700
2019-01-15 02:35:00,1547519700.0,3629.90000000,3630.00000000,3628.03000000,3628.98000000,10.98348700
2019-01-15 02:36:00,1547519760.0,3628.09000000,3629.00000000,3628.00000000,3628.34000000,19.22081500
2019-01-15 02:37:00,1547519820.0,3629.00000000,3629.00000000,3628.00000000,3628.47000000,13.20379500
2019-01-15 02:38:00,1547519880.0,3628.00000000,3628.00000000,3625.00000000,3626.18000000,29.87376700
2019-01-15 02:39:00,1547519940.0,3626.17000000,3627.98000000,3624.64000000,3624.64000000,10.94583500
2019-01-15 02:40:00,1547520000.0,3624.98000000,3626.42000000,3623.24000000,3624.28000000,24.43160600
2019-01-15 02:41:00,1547520060.0,3624.28000000,3626.69000000,3623.28000000,3624.87000000,7.81908400
2019-01-15 02:42:00,1547520120.0,3624.90000000,3626.48000000,3623.14000000,3623.84000000,11.48581200
2019-01-15 02:43:00,1547520180.0,3623.84000000,3627.87000000,3623.14000000,3626.50000000,53.23774800
2019-01-15 02:44:00,1547520240.0,3626.51000000,3627.93000000,3623.44000000,3626.00000000,26.48487300
2019-01-15 02:45:00,1547520300.0,3625.42000000,3626.95000000,3624.89000000,3625.69000000,5.28608000
2019-01-15 02:46:00,1547520360.0,3625.28000000,3626.26000000,3624.96000000,3626.04000000,10.66957500
2019-01-15 02:47:00,1547520420.0,3626.11000000,3626.11000000,3624.00000000,3624.04000000,5.92959300
2019-01-15 02:48:00,1547520480.0,3624.54000000,3625.54000000,3624.05000000,3624.10000000,6.57748600
2019-01-15 02:49:00,1547520540.0,3624.61000000,3626.00000000,3624.00000000,3625.20000000,11.25615800
2019-01-15 02:50:00,1547520600.0,3625.47000000,3625.49000000,3624.00000000,3625.05000000,12.82373400
2019-01-15 02:51:00,1547520660.0,3625.11000000,3625.86000000,3624.98000000,3625.15000000,7.30926700
2019-01-15 02:52:00,1547520720.0,3625.76000000,3626.27000000,3625.13000000,3625.57000000,6.65996500
2019-01-15 02:53:00,1547520780.0,3625.57000000,3626.17000000,3624.98000000,3624.99000000,11.68515500
2019-01-15 02:54:00,1547520840.0,3625.64000000,3626.17000000,3624.98000000,3625.35000000,9.52117400
2019-01-15 02:55:00,1547520900.0,3625.36000000,3626.14000000,3624.98000000,3625.52000000,7.70225100
2019-01-15 02:56:00,1547520960.0,3624.98000000,3625.54000000,3623.56000000,3624.94000000,26.44448300
2019-01-15 02:57:00,1547521020.0,3624.59000000,3624.98000000,3623.92000000,3624.79000000,9.93843000
2019-01-15 02:58:00,1547521080.0,3624.98000000,3624.98000000,3624.79000000,3624.79000000,10.06802100
2019-01-15 02:59:00,1547521140.0,3624.81000000,3624.98000000,3624.79000000,3624.98000000,6.31313900
2019-01-15 03:00:00,1547521200.0,3624.89000000,3625.13000000,3623.94000000,3625.01000000,13.98027900
2019-01-15 03:01:00,1547521260.0,3625.01000000,3626.27000000,3623.93000000,3624.31000000,8.81377000
2019-01-15 03:02:00,1547521320.0,3624.32000000,3625.02000000,3624.00000000,3624.00000000,7.49215900
2019-01-15 03:03:00,1547521380.0,3624.04000000,3625.01000000,3624.00000000,3625.01000000,11.21107100
2019-01-15 03:04:00,1547521440.0,3625.01000000,3625.01000000,3623.67000000,3624.00000000,14.16714200
2019-01-15 03:05:00,1547521500.0,3624.61000000,3624.61000000,3623.00000000,3623.02000000,8.96245300
2019-01-15 03:06:00,1547521560.0,3623.88000000,3624.43000000,3623.01000000,3623.90000000,7.86911500
2019-01-15 03:07:00,1547521620.0,3623.51000000,3625.00000000,3623.14000000,3624.98000000,7.59068600
2019-01-15 03:08:00,1547521680.0,3624.55000000,3626.27000000,3624.12000000,3625.23000000,17.97468000
2019-01-15 03:09:00,1547521740.0,3626.00000000,3629.00000000,3625.77000000,3628.63000000,23.56454400
2019-01-15 03:10:00,1547521800.0,3628.79000000,3629.00000000,3627.84000000,3628.75000000,15.37394200
2019-01-15 03:11:00,1547521860.0,3628.15000000,3628.78000000,3627.11000000,3628.78000000,6.91447000
2019-01-15 03:12:00,1547521920.0,3628.65000000,3628.78000000,3627.29000000,3627.31000000,8.50264500
2019-01-15 03:13:00,1547521980.0,3627.83000000,3628.00000000,3625.78000000,3626.79000000,4.13968300
2019-01-15 03:14:00,1547522040.0,3626.79000000,3627.18000000,3625.82000000,3627.16000000,8.22481100
2019-01-15 03:15:00,1547522100.0,3627.02000000,3629.90000000,3626.69000000,3628.96000000,9.23243100
2019-01-15 03:16:00,1547522160.0,3628.96000000,3629.41000000,3627.00000000,3628.86000000,4.56771500
2019-01-15 03:17:00,1547522220.0,3629.35000000,3629.36000000,3627.53000000,3628.99000000,4.84429800
2019-01-15 03:18:00,1547522280.0,3628.29000000,3629.00000000,3627.53000000,3627.74000000,7.30658600
2019-01-15 03:19:00,1547522340.0,3628.27000000,3629.94000000,3627.00000000,3627.11000000,11.74478400
2019-01-15 03:20:00,1547522400.0,3627.52000000,3628.02000000,3627.00000000,3627.09000000,5.37760500
2019-01-15 03:21:00,1547522460.0,3627.09000000,3628.95000000,3626.72000000,3628.76000000,4.68962000
2019-01-15 03:22:00,1547522520.0,3628.76000000,3629.05000000,3626.72000000,3628.22000000,5.15175200
2019-01-15 03:23:00,1547522580.0,3627.84000000,3627.84000000,3627.06000000,3627.84000000,5.50097500
2019-01-15 03:24:00,1547522640.0,3627.83000000,3627.84000000,3625.45000000,3627.07000000,21.92889500
2019-01-15 03:25:00,1547522700.0,3627.07000000,3629.94000000,3625.14000000,3628.18000000,21.77556500
2019-01-15 03:26:00,1547522760.0,3626.92000000,3628.52000000,3626.92000000,3628.02000000,4.18045900
2019-01-15 03:27:00,1547522820.0,3628.04000000,3628.50000000,3626.92000000,3627.90000000,4.65069300
2019-01-15 03:28:00,1547522880.0,3626.94000000,3627.88000000,3625.76000000,3625.76000000,10.43312600
2019-01-15 03:29:00,1547522940.0,3625.82000000,3628.20000000,3625.82000000,3627.35000000,14.93488300
2019-01-15 03:30:00,1547523000.0,3626.64000000,3627.41000000,3625.71000000,3626.02000000,13.46170200
2019-01-15 03:31:00,1547523060.0,3626.02000000,3626.51000000,3624.77000000,3625.33000000,6.66920100
2019-01-15 03:32:00,1547523120.0,3625.36000000,3628.19000000,3625.36000000,3626.55000000,10.96419800
2019-01-15 03:33:00,1547523180.0,3626.98000000,3627.58000000,3626.07000000,3627.09000000,7.32255300
2019-01-15 03:34:00,1547523240.0,3627.12000000,3627.58000000,3626.03000000,3626.14000000,3.39994500
2019-01-15 03:35:00,1547523300.0,3626.58000000,3627.70000000,3626.00000000,3626.03000000,5.46819200
2019-01-15 03:36:00,1547523360.0,3626.92000000,3627.89000000,3626.03000000,3627.62000000,5.21819700
2019-01-15 03:37:00,1547523420.0,3627.74000000,3630.22000000,3627.39000000,3628.89000000,13.15127000
2019-01-15 03:38:00,1547523480.0,3629.02000000,3629.85000000,3627.63000000,3628.39000000,7.58647300
2019-01-15 03:39:00,1547523540.0,3628.31000000,3629.20000000,3627.07000000,3627.56000000,6.65030600
2019-01-15 03:40:00,1547523600.0,3627.07000000,3629.58000000,3626.01000000,3628.86000000,10.12492000
2019-01-15 03:41:00,1547523660.0,3627.89000000,3629.02000000,3627.16000000,3628.67000000,5.24685200
2019-01-15 03:42:00,1547523720.0,3628.48000000,3629.98000000,3628.40000000,3629.12000000,7.05415700
2019-01-15 03:43:00,1547523780.0,3628.67000000,3629.96000000,3628.67000000,3629.17000000,7.53151000
2019-01-15 03:44:00,1547523840.0,3629.89000000,3629.91000000,3626.81000000,3626.86000000,21.82483600
2019-01-15 03:45:00,1547523900.0,3626.92000000,3627.00000000,3624.43000000,3624.43000000,16.97991800
2019-01-15 03:46:00,1547523960.0,3624.92000000,3626.30000000,3624.09000000,3624.12000000,5.63502200
2019-01-15 03:47:00,1547524020.0,3624.14000000,3626.30000000,3624.07000000,3624.75000000,16.88661400
2019-01-15 03:48:00,1547524080.0,3624.73000000,3627.63000000,3624.25000000,3626.54000000,18.02311900
2019-01-15 03:49:00,1547524140.0,3626.51000000,3626.56000000,3624.25000000,3624.94000000,6.31153200
2019-01-15 03:50:00,1547524200.0,3625.26000000,3625.93000000,3624.00000000,3624.91000000,7.26337200
2019-01-15 03:51:00,1547524260.0,3624.92000000,3629.88000000,3624.91000000,3629.20000000,41.15892100
2019-01-15 03:52:00,1547524320.0,3629.20000000,3630.40000000,3627.92000000,3628.34000000,35.60122500
2019-01-15 03:53:00,1547524380.0,3629.24000000,3630.41000000,3628.35000000,3629.30000000,9.07090100
2019-01-15 03:54:00,1547524440.0,3629.92000000,3630.66000000,3629.32000000,3630.43000000,5.97993200
2019-01-15 03:55:00,1547524500.0,3629.91000000,3632.07000000,3629.83000000,3630.43000000,14.87037100
2019-01-15 03:56:00,1547524560.0,3630.44000000,3630.44000000,3629.30000000,3630.00000000,5.13252600
2019-01-15 03:57:00,1547524620.0,3630.00000000,3631.42000000,3629.33000000,3629.33000000,7.35909600
2019-01-15 03:58:00,1547524680.0,3630.32000000,3630.32000000,3629.30000000,3629.75000000,7.03366700
2019-01-15 03:59:00,1547524740.0,3629.75000000,3630.06000000,3628.78000000,3629.38000000,7.50200200
2019-01-15 04:00:00,1547524800.0,3629.38000000,3630.71000000,3628.87000000,3629.00000000,12.62076000
2019-01-15 04:01:00,1547524860.0,3629.00000000,3630.41000000,3628.18000000,3628.38000000,10.33901200
2019-01-15 04:02:00,1547524920.0,3629.06000000,3631.11000000,3628.39000000,3629.85000000,14.10168800
2019-01-15 04:03:00,1547524980.0,3629.44000000,3630.79000000,3628.44000000,3630.00000000,31.25870400
2019-01-15 04:04:00,1547525040.0,3630.00000000,3631.43000000,3630.00000000,3630.01000000,21.17398700
2019-01-15 04:05:00,1547525100.0,3630.01000000,3631.08000000,3630.00000000,3630.02000000,11.04664300
2019-01-15 04:06:00,1547525160.0,3630.37000000,3631.86000000,3628.99000000,3630.02000000,12.70289400
2019-01-15 04:07:00,1547525220.0,3630.29000000,3630.79000000,3630.02000000,3630.41000000,7.39238000
2019-01-15 04:08:00,1547525280.0,3630.41000000,3630.79000000,3628.98000000,3629.31000000,13.70175500
2019-01-15 04:09:00,1547525340.0,3628.98000000,3629.65000000,3628.08000000,3629.23000000,7.05928700
2019-01-15 04:10:00,1547525400.0,3629.30000000,3630.19000000,3627.10000000,3628.56000000,17.08301800
2019-01-15 04:11:00,1547525460.0,3627.58000000,3629.86000000,3627.55000000,3629.86000000,10.26544600
2019-01-15 04:12:00,1547525520.0,3628.02000000,3629.74000000,3627.79000000,3629.55000000,8.13477300
2019-01-15 04:13:00,1547525580.0,3628.05000000,3629.77000000,3627.82000000,3629.03000000,7.61813300
2019-01-15 04:14:00,1547525640.0,3628.03000000,3629.01000000,3627.19000000,3627.19000000,6.58507200
2019-01-15 04:15:00,1547525700.0,3627.29000000,3627.31000000,3625.00000000,3625.97000000,10.15632400
2019-01-15 04:16:00,1547525760.0,3625.44000000,3626.00000000,3625.20000000,3626.00000000,22.13668600
2019-01-15 04:17:00,1547525820.0,3625.30000000,3626.03000000,3625.25000000,3626.03000000,10.85364000
2019-01-15 04:18:00,1547525880.0,3626.03000000,3626.91000000,3625.25000000,3626.59000000,21.48806900
2019-01-15 04:19:00,1547525940.0,3626.33000000,3626.91000000,3625.99000000,3626.30000000,12.30458600
2019-01-15 04:20:00,1547526000.0,3626.32000000,3627.98000000,3626.30000000,3626.77000000,7.96622500
2019-01-15 04:21:00,1547526060.0,3626.78000000,3627.92000000,3626.73000000,3627.02000000,13.53370000
2019-01-15 04:22:00,1547526120.0,3627.04000000,3628.82000000,3626.79000000,3627.40000000,6.43366100
2019-01-15 04:23:00,1547526180.0,3628.32000000,3628.39000000,3626.79000000,3628.37000000,8.56849300
2019-01-15 04:24:00,1547526240.0,3628.37000000,3628.38000000,3627.34000000,3627.99000000,7.04364200
2019-01-15 04:25:00,1547526300.0,3627.39000000,3628.36000000,3627.39000000,3627.40000000,5.55688900
2019-01-15 04:26:00,1547526360.0,3627.39000000,3628.15000000,3626.51000000,3627.00000000,9.96204900
2019-01-15 04:27:00,1547526420.0,3627.00000000,3627.00000000,3625.99000000,3626.02000000,9.14114200
2019-01-15 04:28:00,1547526480.0,3626.02000000,3626.50000000,3625.00000000,3625.01000000,10.91009200
2019-01-15 04:29:00,1547526540.0,3625.01000000,3629.51000000,3624.83000000,3627.99000000,36.53309700
2019-01-15 04:30:00,1547526600.0,3627.49000000,3629.51000000,3627.49000000,3628.00000000,10.83932100
2019-01-15 04:31:00,1547526660.0,3627.81000000,3628.63000000,3626.68000000,3628.61000000,18.92605900
2019-01-15 04:32:00,1547526720.0,3628.02000000,3628.89000000,3628.02000000,3628.76000000,10.25783500
2019-01-15 04:33:00,1547526780.0,3628.75000000,3628.89000000,3627.97000000,3628.41000000,15.90575100
2019-01-15 04:34:00,1547526840.0,3628.28000000,3628.87000000,3627.36000000,3628.87000000,16.73042600
2019-01-15 04:35:00,1547526900.0,3628.32000000,3628.89000000,3628.00000000,3628.51000000,10.20806400
2019-01-15 04:36:00,1547526960.0,3628.51000000,3629.04000000,3628.50000000,3628.57000000,11.82407800
2019-01-15 04:37:00,1547527020.0,3628.57000000,3629.04000000,3628.50000000,3628.85000000,52.45077700
2019-01-15 04:38:00,1547527080.0,3628.69000000,3630.00000000,3628.50000000,3629.50000000,8.13042200
2019-01-15 04:39:00,1547527140.0,3629.84000000,3630.00000000,3629.00000000,3629.97000000,17.12742300
2019-01-15 04:40:00,1547527200.0,3629.53000000,3630.00000000,3629.01000000,3630.00000000,10.12393100
2019-01-15 04:41:00,1547527260.0,3629.70000000,3630.42000000,3629.01000000,3630.15000000,15.34422900
2019-01-15 04:42:00,1547527320.0,3630.01000000,3630.46000000,3630.01000000,3630.38000000,17.33216700
2019-01-15 04:43:00,1547527380.0,3630.10000000,3630.89000000,3630.10000000,3630.89000000,6.03189400
2019-01-15 04:44:00,1547527440.0,3630.11000000,3631.04000000,3629.57000000,3630.05000000,30.44237200
2019-01-15 04:45:00,1547527500.0,3629.58000000,3630.47000000,3629.20000000,3629.22000000,6.84569700
2019-01-15 04:46:00,1547527560.0,3629.22000000,3629.94000000,3629.21000000,3629.21000000,11.99549800
2019-01-15 04:47:00,1547527620.0,3629.21000000,3629.64000000,3628.50000000,3628.85000000,9.30895300
2019-01-15 04:48:00,1547527680.0,3629.20000000,3630.11000000,3628.50000000,3629.96000000,15.89202500
2019-01-15 04:49:00,1547527740.0,3629.62000000,3630.17000000,3628.50000000,3629.02000000,11.10341400
2019-01-15 04:50:00,1547527800.0,3629.02000000,3629.91000000,3629.00000000,3629.33000000,8.45430100
2019-01-15 04:51:00,1547527860.0,3629.16000000,3629.90000000,3629.00000000,3629.48000000,7.59567800
2019-01-15 04:52:00,1547527920.0,3629.33000000,3629.61000000,3627.80000000,3628.89000000,8.58566100
2019-01-15 04:53:00,1547527980.0,3628.87000000,3629.50000000,3627.85000000,3629.18000000,10.19683400
2019-01-15 04:54:00,1547528040.0,3629.18000000,3630.00000000,3628.37000000,3628.52000000,7.23417300
2019-01-15 04:55:00,1547528100.0,3629.35000000,3630.00000000,3628.70000000,3629.72000000,11.03132100
2019-01-15 04:56:00,1547528160.0,3629.59000000,3630.02000000,3629.35000000,3630.02000000,8.00959200
2019-01-15 04:57:00,1547528220.0,3630.01000000,3630.43000000,3629.98000000,3630.01000000,5.93855700
2019-01-15 04:58:00,1547528280.0,3630.42000000,3630.43000000,3629.98000000,3630.32000000,10.57689700
2019-01-15 04:59:00,1547528340.0,3630.32000000,3630.32000000,3625.52000000,3627.19000000,16.96185700
2019-01-15 05:00:00,1547528400.0,3627.40000000,3628.66000000,3627.02000000,3627.99000000,7.01210600
2019-01-15 05:01:00,1547528460.0,3627.04000000,3629.78000000,3627.02000000,3627.24000000,5.66394500
2019-01-15 05:02:00,1547528520.0,3628.17000000,3630.06000000,3627.11000000,3628.99000000,23.63064600
2019-01-15 05:03:00,1547528580.0,3627.88000000,3629.53000000,3627.18000000,3628.36000000,6.97999800
2019-01-15 05:04:00,1547528640.0,3628.04000000,3629.83000000,3627.48000000,3627.48000000,8.63357700
2019-01-15 05:05:00,1547528700.0,3627.66000000,3628.00000000,3627.19000000,3627.50000000,8.96641000
2019-01-15 05:06:00,1547528760.0,3627.52000000,3628.00000000,3626.82000000,3627.91000000,11.02333500
2019-01-15 05:07:00,1547528820.0,3627.91000000,3630.01000000,3627.91000000,3630.00000000,11.90543700
2019-01-15 05:08:00,1547528880.0,3630.00000000,3630.04000000,3628.64000000,3629.32000000,9.40937200
2019-01-15 05:09:00,1547528940.0,3629.34000000,3630.02000000,3628.31000000,3628.43000000,10.40436800
2019-01-15 05:10:00,1547529000.0,3629.71000000,3629.78000000,3628.03000000,3629.44000000,13.29009800
2019-01-15 05:11:00,1547529060.0,3629.46000000,3629.52000000,3628.19000000,3629.18000000,6.61972300
2019-01-15 05:12:00,1547529120.0,3629.18000000,3629.18000000,3626.95000000,3627.97000000,18.21646900
2019-01-15 05:13:00,1547529180.0,3627.99000000,3628.95000000,3627.94000000,3628.12000000,7.87728400
2019-01-15 05:14:00,1547529240.0,3628.09000000,3628.95000000,3628.04000000,3628.07000000,5.85346500
2019-01-15 05:15:00,1547529300.0,3628.07000000,3628.93000000,3628.01000000,3628.04000000,7.79884500
2019-01-15 05:16:00,1547529360.0,3628.05000000,3628.06000000,3625.56000000,3627.30000000,9.98610500
2019-01-15 05:17:00,1547529420.0,3627.68000000,3628.06000000,3627.01000000,3627.05000000,8.03354300
2019-01-15 05:18:00,1547529480.0,3627.26000000,3628.07000000,3627.00000000,3627.99000000,13.86521800
2019-01-15 05:19:00,1547529540.0,3628.03000000,3628.47000000,3625.66000000,3626.02000000,8.21234800
2019-01-15 05:20:00,1547529600.0,3626.50000000,3626.98000000,3626.05000000,3626.44000000,6.34331200
2019-01-15 05:21:00,1547529660.0,3626.44000000,3627.03000000,3626.44000000,3626.48000000,9.17200400
2019-01-15 05:22:00,1547529720.0,3626.86000000,3627.81000000,3626.02000000,3626.02000000,19.57860200
2019-01-15 05:23:00,1547529780.0,3626.02000000,3626.85000000,3624.51000000,3624.54000000,10.86281300
2019-01-15 05:24:00,1547529840.0,3624.98000000,3625.30000000,3623.38000000,3624.98000000,20.48593800
2019-01-15 05:25:00,1547529900.0,3624.50000000,3626.21000000,3624.50000000,3625.48000000,5.95507800
2019-01-15 05:26:00,1547529960.0,3624.54000000,3625.54000000,3624.50000000,3624.51000000,10.33827500
2019-01-15 05:27:00,1547530020.0,3624.50000000,3624.50000000,3623.37000000,3623.42000000,6.55676700
2019-01-15 05:28:00,1547530080.0,3623.40000000,3624.00000000,3623.26000000,3623.81000000,10.91851700
2019-01-15 05:29:00,1547530140.0,3623.74000000,3624.00000000,3623.00000000,3623.00000000,9.50871600
2019-01-15 05:30:00,1547530200.0,3623.29000000,3623.29000000,3621.89000000,3622.48000000,20.03955200
2019-01-15 05:31:00,1547530260.0,3623.00000000,3623.00000000,3621.01000000,3621.94000000,16.44393100
2019-01-15 05:32:00,1547530320.0,3621.16000000,3623.00000000,3621.14000000,3622.20000000,8.37484100
2019-01-15 05:33:00,1547530380.0,3622.30000000,3622.64000000,3618.86000000,3619.92000000,36.45480400
2019-01-15 05:34:00,1547530440.0,3619.88000000,3620.00000000,3617.39000000,3618.06000000,19.83979600
2019-01-15 05:35:00,1547530500.0,3618.06000000,3621.92000000,3618.06000000,3621.76000000,9.60755200
2019-01-15 05:36:00,1547530560.0,3621.18000000,3621.76000000,3620.03000000,3621.17000000,6.55556200
2019-01-15 05:37:00,1547530620.0,3621.15000000,3621.65000000,3620.36000000,3621.56000000,5.96771400
2019-01-15 05:38:00,1547530680.0,3621.51000000,3621.71000000,3620.50000000,3620.97000000,9.36753800
2019-01-15 05:39:00,1547530740.0,3621.60000000,3621.71000000,3620.61000000,3621.55000000,6.55195600
2019-01-15 05:40:00,1547530800.0,3621.55000000,3622.08000000,3621.01000000,3621.88000000,8.54978900
2019-01-15 05:41:00,1547530860.0,3621.88000000,3622.50000000,3621.77000000,3622.50000000,7.92636400
2019-01-15 05:42:00,1547530920.0,3622.03000000,3624.00000000,3622.00000000,3622.97000000,12.67190700
2019-01-15 05:43:00,1547530980.0,3623.54000000,3623.54000000,3622.62000000,3623.44000000,7.53525500
2019-01-15 05:44:00,1547531040.0,3623.42000000,3624.10000000,3622.16000000,3624.10000000,9.47615100
2019-01-15 05:45:00,1547531100.0,3624.10000000,3626.70000000,3622.82000000,3625.92000000,15.63412400
2019-01-15 05:46:00,1547531160.0,3625.99000000,3626.67000000,3623.89000000,3625.03000000,13.34461800
2019-01-15 05:47:00,1547531220.0,3625.03000000,3625.95000000,3624.43000000,3625.51000000,12.27771100
2019-01-15 05:48:00,1547531280.0,3625.53000000,3627.36000000,3625.53000000,3626.05000000,18.33369300
2019-01-15 05:49:00,1547531340.0,3626.37000000,3628.00000000,3626.03000000,3627.10000000,24.06776700
2019-01-15 05:50:00,1547531400.0,3626.88000000,3627.12000000,3624.04000000,3624.10000000,13.77463100
2019-01-15 05:51:00,1547531460.0,3624.97000000,3625.02000000,3623.92000000,3624.24000000,10.27698100
2019-01-15 05:52:00,1547531520.0,3623.93000000,3624.38000000,3622.82000000,3622.94000000,7.48032800
2019-01-15 05:53:00,1547531580.0,3623.85000000,3623.85000000,3617.21000000,3620.51000000,88.89168900
2019-01-15 05:54:00,1547531640.0,3621.25000000,3621.36000000,3617.30000000,3619.66000000,25.49823900
2019-01-15 05:55:00,1547531700.0,3619.16000000,3619.68000000,3612.48000000,3617.49000000,64.57684700
2019-01-15 05:56:00,1547531760.0,3617.47000000,3618.96000000,3613.31000000,3618.19000000,43.35139100
2019-01-15 05:57:00,1547531820.0,3617.96000000,3619.00000000,3616.93000000,3618.98000000,21.06520400
2019-01-15 05:58:00,1547531880.0,3618.34000000,3620.00000000,3618.25000000,3619.91000000,22.09336700
2019-01-15 05:59:00,1547531940.0,3619.91000000,3619.91000000,3618.46000000,3619.43000000,10.80828000
2019-01-15 06:00:00,1547532000.0,3619.14000000,3619.84000000,3616.07000000,3617.78000000,15.10231100
2019-01-15 06:01:00,1547532060.0,3616.74000000,3618.66000000,3616.71000000,3617.50000000,11.28271600
2019-01-15 06:02:00,1547532120.0,3616.79000000,3617.71000000,3616.77000000,3617.32000000,10.39583100
2019-01-15 06:03:00,1547532180.0,3617.10000000,3619.19000000,3617.10000000,3619.09000000,11.57040900
2019-01-15 06:04:00,1547532240.0,3618.64000000,3619.04000000,3617.44000000,3618.23000000,14.85338400
2019-01-15 06:05:00,1547532300.0,3618.23000000,3618.58000000,3617.47000000,3617.49000000,8.10740400
2019-01-15 06:06:00,1547532360.0,3617.49000000,3618.00000000,3615.10000000,3615.71000000,15.97328700
2019-01-15 06:07:00,1547532420.0,3615.98000000,3616.00000000,3614.00000000,3614.33000000,19.85505200
2019-01-15 06:08:00,1547532480.0,3614.00000000,3614.50000000,3612.50000000,3612.50000000,14.69192800
2019-01-15 06:09:00,1547532540.0,3612.89000000,3618.22000000,3612.50000000,3616.56000000,24.41866400
2019-01-15 06:10:00,1547532600.0,3616.35000000,3616.56000000,3614.14000000,3615.00000000,21.88687200
2019-01-15 06:11:00,1547532660.0,3616.30000000,3617.99000000,3613.72000000,3616.51000000,47.52267800
2019-01-15 06:12:00,1547532720.0,3615.37000000,3616.56000000,3613.04000000,3615.37000000,22.42021500
2019-01-15 06:13:00,1547532780.0,3615.95000000,3616.56000000,3613.75000000,3615.34000000,9.06023800
2019-01-15 06:14:00,1547532840.0,3615.45000000,3616.55000000,3614.45000000,3615.81000000,12.80709700
2019-01-15 06:15:00,1547532900.0,3615.81000000,3618.81000000,3610.18000000,3616.98000000,83.47892500
2019-01-15 06:16:00,1547532960.0,3616.98000000,3618.24000000,3613.89000000,3615.63000000,47.50636600
2019-01-15 06:17:00,1547533020.0,3615.64000000,3615.65000000,3612.71000000,3613.73000000,24.50300600
2019-01-15 06:18:00,1547533080.0,3613.75000000,3616.97000000,3613.45000000,3615.74000000,36.64394000
2019-01-15 06:19:00,1547533140.0,3615.69000000,3618.00000000,3615.37000000,3618.00000000,19.69603900
2019-01-15 06:20:00,1547533200.0,3617.97000000,3620.55000000,3616.99000000,3618.73000000,17.39952000
2019-01-15 06:21:00,1547533260.0,3618.74000000,3621.19000000,3618.63000000,3620.07000000,18.82243900
2019-01-15 06:22:00,1547533320.0,3620.51000000,3620.51000000,3618.00000000,3618.98000000,25.86718300
2019-01-15 06:23:00,1547533380.0,3619.00000000,3619.00000000,3618.05000000,3618.67000000,19.87633200
2019-01-15 06:24:00,1547533440.0,3618.59000000,3618.90000000,3617.50000000,3617.65000000,14.80301300
2019-01-15 06:25:00,1547533500.0,3617.66000000,3618.59000000,3610.12000000,3615.00000000,82.66330100
2019-01-15 06:26:00,1547533560.0,3615.00000000,3615.00000000,3614.11000000,3615.00000000,16.13414200
2019-01-15 06:27:00,1547533620.0,3614.18000000,3615.00000000,3614.03000000,3615.00000000,21.04838400
2019-01-15 06:28:00,1547533680.0,3615.00000000,3616.67000000,3614.82000000,3616.12000000,13.38970500
2019-01-15 06:29:00,1547533740.0,3616.10000000,3617.54000000,3615.13000000,3615.15000000,16.54198300
2019-01-15 06:30:00,1547533800.0,3615.86000000,3616.96000000,3615.15000000,3615.85000000,17.89393400
2019-01-15 06:31:00,1547533860.0,3616.12000000,3617.18000000,3615.82000000,3617.18000000,19.07941100
2019-01-15 06:32:00,1547533920.0,3617.18000000,3620.00000000,3615.87000000,3619.67000000,19.20669800
2019-01-15 06:33:00,1547533980.0,3618.89000000,3619.99000000,3615.90000000,3616.96000000,38.46197400
2019-01-15 06:34:00,1547534040.0,3616.93000000,3616.96000000,3616.89000000,3616.96000000,18.67553300
2019-01-15 06:35:00,1547534100.0,3616.96000000,3616.96000000,3615.92000000,3616.95000000,31.86382200
2019-01-15 06:36:00,1547534160.0,3616.95000000,3616.96000000,3616.25000000,3616.71000000,21.72147500
2019-01-15 06:37:00,1547534220.0,3616.94000000,3616.96000000,3616.71000000,3616.93000000,21.25684100
2019-01-15 06:38:00,1547534280.0,3616.95000000,3616.96000000,3616.37000000,3616.37000000,15.78992400
2019-01-15 06:39:00,1547534340.0,3616.93000000,3616.96000000,3616.36000000,3616.93000000,10.42353300
2019-01-15 06:40:00,1547534400.0,3616.73000000,3617.36000000,3616.37000000,3616.98000000,18.44151500
2019-01-15 06:41:00,1547534460.0,3616.96000000,3618.98000000,3616.59000000,3617.35000000,16.53045100
2019-01-15 06:42:00,1547534520.0,3617.35000000,3618.47000000,3617.34000000,3617.89000000,12.95236700
2019-01-15 06:43:00,1547534580.0,3617.42000000,3618.97000000,3617.41000000,3618.95000000,22.04571500
2019-01-15 06:44:00,1547534640.0,3618.65000000,3618.96000000,3618.00000000,3618.05000000,20.68456100
2019-01-15 06:45:00,1547534700.0,3618.50000000,3618.77000000,3618.05000000,3618.23000000,16.38742000
2019-01-15 06:46:00,1547534760.0,3618.46000000,3618.68000000,3617.43000000,3617.66000000,17.97160900
2019-01-15 06:47:00,1547534820.0,3617.57000000,3617.90000000,3616.96000000,3616.98000000,11.42319600
2019-01-15 06:48:00,1547534880.0,3617.22000000,3618.97000000,3616.96000000,3617.27000000,21.09851800
2019-01-15 06:49:00,1547534940.0,3618.94000000,3618.96000000,3616.96000000,3616.98000000,12.48421900
2019-01-15 06:50:00,1547535000.0,3616.99000000,3619.53000000,3616.36000000,3618.78000000,23.39524400
2019-01-15 06:51:00,1547535060.0,3618.70000000,3619.95000000,3617.90000000,3619.23000000,32.95385700
2019-01-15 06:52:00,1547535120.0,3619.23000000,3620.56000000,3619.23000000,3620.48000000,27.44627600
2019-01-15 06:53:00,1547535180.0,3620.00000000,3621.47000000,3617.43000000,3620.28000000,30.83398100
2019-01-15 06:54:00,1547535240.0,3620.02000000,3621.92000000,3620.00000000,3620.30000000,13.21509800
2019-01-15 06:55:00,1547535300.0,3620.30000000,3621.64000000,3620.16000000,3620.79000000,12.46524000
2019-01-15 06:56:00,1547535360.0,3620.72000000,3621.90000000,3618.66000000,3620.45000000,22.81472000
2019-01-15 06:57:00,1547535420.0,3620.44000000,3620.45000000,3616.08000000,3616.93000000,19.71665100
2019-01-15 06:58:00,1547535480.0,3616.78000000,3619.38000000,3616.20000000,3616.87000000,14.91470300
2019-01-15 06:59:00,1547535540.0,3616.87000000,3617.45000000,3616.01000000,3616.81000000,8.89167600
2019-01-15 07:00:00,1547535600.0,3616.03000000,3619.38000000,3616.03000000,3618.37000000,10.46332300
2019-01-15 07:01:00,1547535660.0,3618.39000000,3619.94000000,3617.55000000,3618.34000000,11.81544200
2019-01-15 07:02:00,1547535720.0,3618.40000000,3621.00000000,3618.16000000,3619.64000000,11.39307000
2019-01-15 07:03:00,1547535780.0,3619.64000000,3620.94000000,3619.63000000,3620.87000000,13.45868000
2019-01-15 07:04:00,1547535840.0,3620.18000000,3621.96000000,3619.32000000,3619.33000000,19.24465600
2019-01-15 07:05:00,1547535900.0,3621.04000000,3621.10000000,3619.45000000,3621.10000000,14.04658700
2019-01-15 07:06:00,1547535960.0,3621.10000000,3622.00000000,3620.04000000,3620.80000000,15.40795000
2019-01-15 07:07:00,1547536020.0,3621.09000000,3626.37000000,3620.12000000,3624.03000000,56.87197000
2019-01-15 07:08:00,1547536080.0,3625.07000000,3626.00000000,3624.01000000,3625.21000000,15.43149900
2019-01-15 07:09:00,1547536140.0,3625.21000000,3626.00000000,3621.78000000,3624.51000000,17.77972800
2019-01-15 07:10:00,1547536200.0,3623.03000000,3624.51000000,3618.17000000,3622.50000000,22.71166400
2019-01-15 07:11:00,1547536260.0,3621.89000000,3623.29000000,3619.82000000,3622.00000000,19.46923900
2019-01-15 07:12:00,1547536320.0,3621.62000000,3623.50000000,3620.00000000,3621.20000000,21.07908600
2019-01-15 07:13:00,1547536380.0,3621.36000000,3624.12000000,3620.47000000,3621.62000000,28.01201200
2019-01-15 07:14:00,1547536440.0,3622.43000000,3624.20000000,3621.20000000,3622.46000000,13.76771200
2019-01-15 07:15:00,1547536500.0,3623.29000000,3623.83000000,3621.21000000,3623.02000000,9.93268000
2019-01-15 07:16:00,1547536560.0,3622.14000000,3624.65000000,3622.13000000,3622.26000000,9.22405400
2019-01-15 07:17:00,1547536620.0,3623.22000000,3624.85000000,3622.13000000,3623.22000000,15.27532900
2019-01-15 07:18:00,1547536680.0,3623.22000000,3624.04000000,3622.15000000,3623.73000000,10.15607500
2019-01-15 07:19:00,1547536740.0,3622.68000000,3623.85000000,3622.62000000,3622.72000000,10.87350000
2019-01-15 07:20:00,1547536800.0,3622.72000000,3625.41000000,3622.72000000,3623.86000000,17.09624600
2019-01-15 07:21:00,1547536860.0,3623.50000000,3625.24000000,3623.48000000,3623.56000000,9.35867600
2019-01-15 07:22:00,1547536920.0,3624.60000000,3626.00000000,3623.51000000,3625.95000000,24.24171900
2019-01-15 07:23:00,1547536980.0,3625.92000000,3626.74000000,3624.11000000,3626.72000000,19.51729900
2019-01-15 07:24:00,1547537040.0,3626.00000000,3626.72000000,3624.21000000,3625.91000000,24.66372300
2019-01-15 07:25:00,1547537100.0,3624.66000000,3626.11000000,3624.32000000,3624.44000000,12.85226700
2019-01-15 07:26:00,1547537160.0,3625.10000000,3626.90000000,3624.42000000,3625.37000000,10.38999600
2019-01-15 07:27:00,1547537220.0,3625.37000000,3626.94000000,3625.37000000,3625.60000000,11.82582200
2019-01-15 07:28:00,1547537280.0,3625.60000000,3626.64000000,3625.60000000,3625.63000000,13.55002700
2019-01-15 07:29:00,1547537340.0,3625.63000000,3627.00000000,3625.60000000,3626.71000000,12.09182200
2019-01-15 07:30:00,1547537400.0,3626.71000000,3626.73000000,3625.70000000,3626.00000000,13.08252800
2019-01-15 07:31:00,1547537460.0,3626.67000000,3627.97000000,3625.59000000,3626.01000000,25.52693400
2019-01-15 07:32:00,1547537520.0,3626.01000000,3627.73000000,3626.00000000,3627.24000000,16.62418000
2019-01-15 07:33:00,1547537580.0,3626.71000000,3627.24000000,3623.54000000,3624.85000000,28.06127300
2019-01-15 07:34:00,1547537640.0,3624.85000000,3626.56000000,3622.59000000,3624.63000000,28.33472600
2019-01-15 07:35:00,1547537700.0,3623.77000000,3626.33000000,3623.74000000,3623.77000000,31.24415000
2019-01-15 07:36:00,1547537760.0,3623.77000000,3624.93000000,3622.59000000,3622.62000000,23.79345000
2019-01-15 07:37:00,1547537820.0,3624.53000000,3624.64000000,3620.83000000,3623.41000000,27.44854500
2019-01-15 07:38:00,1547537880.0,3623.43000000,3626.00000000,3622.62000000,3624.77000000,29.28960800
2019-01-15 07:39:00,1547537940.0,3625.90000000,3626.39000000,3622.90000000,3623.11000000,17.32584200
2019-01-15 07:40:00,1547538000.0,3623.39000000,3625.00000000,3623.12000000,3623.96000000,9.56671200
2019-01-15 07:41:00,1547538060.0,3624.86000000,3627.35000000,3623.97000000,3626.07000000,11.78731600
2019-01-15 07:42:00,1547538120.0,3626.53000000,3627.18000000,3626.15000000,3626.28000000,15.22622900
2019-01-15 07:43:00,1547538180.0,3626.53000000,3627.30000000,3626.10000000,3626.31000000,21.27077800
2019-01-15 07:44:00,1547538240.0,3626.32000000,3627.23000000,3624.89000000,3626.02000000,35.36293900
2019-01-15 07:45:00,1547538300.0,3626.02000000,3627.17000000,3623.98000000,3625.89000000,12.37854400
2019-01-15 07:46:00,1547538360.0,3625.91000000,3627.18000000,3625.91000000,3626.04000000,11.11907100
2019-01-15 07:47:00,1547538420.0,3626.19000000,3627.19000000,3626.00000000,3626.17000000,20.15910700
2019-01-15 07:48:00,1547538480.0,3626.17000000,3626.50000000,3626.17000000,3626.18000000,11.76783000
2019-01-15 07:49:00,1547538540.0,3626.17000000,3627.96000000,3626.17000000,3627.00000000,47.52337600
2019-01-15 07:50:00,1547538600.0,3626.36000000,3627.55000000,3626.18000000,3626.46000000,17.23047800
2019-01-15 07:51:00,1547538660.0,3627.02000000,3628.92000000,3626.17000000,3628.22000000,28.09306100
2019-01-15 07:52:00,1547538720.0,3627.39000000,3629.44000000,3626.50000000,3627.93000000,40.92878200
2019-01-15 07:53:00,1547538780.0,3629.38000000,3629.38000000,3626.50000000,3627.25000000,13.89377100
2019-01-15 07:54:00,1547538840.0,3627.25000000,3628.48000000,3627.25000000,3627.52000000,14.08178900
2019-01-15 07:55:00,1547538900.0,3627.49000000,3628.43000000,3627.47000000,3628.08000000,13.77120000
2019-01-15 07:56:00,1547538960.0,3628.43000000,3628.44000000,3627.28000000,3627.32000000,8.34009000
2019-01-15 07:57:00,1547539020.0,3627.32000000,3628.43000000,3626.67000000,3627.04000000,17.85564700
2019-01-15 07:58:00,1547539080.0,3627.04000000,3628.10000000,3627.04000000,3627.83000000,11.99652400
2019-01-15 07:59:00,1547539140.0,3627.50000000,3629.45000000,3627.50000000,3629.09000000,13.66193500
2019-01-15 08:00:00,1547539200.0,3629.09000000,3630.43000000,3629.09000000,3630.32000000,16.51736300
2019-01-15 08:01:00,1547539260.0,3630.32000000,3630.43000000,3630.31000000,3630.31000000,19.32522000
2019-01-15 08:02:00,1547539320.0,3630.43000000,3630.43000000,3628.77000000,3628.82000000,23.85025900
2019-01-15 08:03:00,1547539380.0,3629.11000000,3629.89000000,3628.45000000,3629.12000000,12.80287100
2019-01-15 08:04:00,1547539440.0,3628.54000000,3629.87000000,3627.50000000,3628.48000000,12.86725400
2019-01-15 08:05:00,1547539500.0,3629.23000000,3629.77000000,3626.46000000,3629.27000000,14.39664000
2019-01-15 08:06:00,1547539560.0,3628.84000000,3629.25000000,3626.81000000,3627.88000000,14.00135500
2019-01-15 08:07:00,1547539620.0,3627.31000000,3629.28000000,3626.83000000,3628.22000000,28.46408000
2019-01-15 08:08:00,1547539680.0,3628.22000000,3629.00000000,3627.58000000,3627.58000000,15.78720900
2019-01-15 08:09:00,1547539740.0,3628.22000000,3629.88000000,3627.62000000,3629.05000000,30.88453600
2019-01-15 08:10:00,1547539800.0,3628.78000000,3629.74000000,3627.00000000,3628.01000000,38.85049200
2019-01-15 08:11:00,1547539860.0,3628.01000000,3629.88000000,3626.97000000,3627.08000000,25.62712400
2019-01-15 08:12:00,1547539920.0,3627.59000000,3627.62000000,3625.05000000,3626.03000000,10.91865900
2019-01-15 08:13:00,1547539980.0,3626.05000000,3626.85000000,3624.80000000,3625.10000000,16.65248200
2019-01-15 08:14:00,1547540040.0,3625.11000000,3626.06000000,3623.95000000,3623.97000000,11.00895800
2019-01-15 08:15:00,1547540100.0,3624.63000000,3626.60000000,3623.94000000,3625.93000000,22.43735400
2019-01-15 08:16:00,1547540160.0,3626.02000000,3626.48000000,3623.94000000,3625.01000000,58.21981000
2019-01-15 08:17:00,1547540220.0,3625.75000000,3625.75000000,3623.94000000,3625.49000000,11.13741300
2019-01-15 08:18:00,1547540280.0,3624.98000000,3625.45000000,3624.34000000,3624.40000000,9.19823900
2019-01-15 08:19:00,1547540340.0,3625.19000000,3625.39000000,3624.11000000,3624.38000000,13.93771000
2019-01-15 08:20:00,1547540400.0,3624.36000000,3625.39000000,3624.36000000,3625.35000000,10.26182100
2019-01-15 08:21:00,1547540460.0,3625.37000000,3625.93000000,3625.00000000,3625.42000000,10.31187400
2019-01-15 08:22:00,1547540520.0,3625.77000000,3626.30000000,3625.37000000,3625.40000000,9.01171400
2019-01-15 08:23:00,1547540580.0,3625.40000000,3626.45000000,3625.40000000,3625.86000000,7.65798700
2019-01-15 08:24:00,1547540640.0,3625.77000000,3626.74000000,3625.50000000,3626.69000000,7.75941500
2019-01-15 08:25:00,1547540700.0,3625.51000000,3626.70000000,3625.40000000,3625.58000000,8.93607300
2019-01-15 08:26:00,1547540760.0,3625.37000000,3626.00000000,3625.00000000,3625.45000000,9.49332400
2019-01-15 08:27:00,1547540820.0,3625.47000000,3625.79000000,3623.94000000,3623.98000000,19.18225200
2019-01-15 08:28:00,1547540880.0,3623.97000000,3624.00000000,3623.94000000,3623.95000000,10.28536700
2019-01-15 08:29:00,1547540940.0,3623.94000000,3624.97000000,3623.94000000,3623.95000000,14.69072700
2019-01-15 08:30:00,1547541000.0,3623.94000000,3624.52000000,3623.94000000,3623.95000000,13.52309200
2019-01-15 08:31:00,1547541060.0,3624.05000000,3624.50000000,3623.05000000,3623.05000000,18.30719300
2019-01-15 08:32:00,1547541120.0,3623.05000000,3623.49000000,3622.91000000,3622.91000000,11.07841700
2019-01-15 08:33:00,1547541180.0,3622.97000000,3623.00000000,3618.37000000,3622.25000000,30.41646700
2019-01-15 08:34:00,1547541240.0,3621.44000000,3622.91000000,3618.62000000,3618.82000000,30.55259800
2019-01-15 08:35:00,1547541300.0,3618.95000000,3621.00000000,3618.95000000,3620.40000000,16.28623000
2019-01-15 08:36:00,1547541360.0,3620.71000000,3621.81000000,3620.71000000,3620.90000000,15.14917700
2019-01-15 08:37:00,1547541420.0,3620.91000000,3621.76000000,3620.00000000,3621.42000000,15.56865900
2019-01-15 08:38:00,1547541480.0,3620.75000000,3621.74000000,3618.11000000,3620.63000000,52.79369700
2019-01-15 08:39:00,1547541540.0,3620.63000000,3621.24000000,3618.22000000,3620.12000000,8.01201700
2019-01-15 08:40:00,1547541600.0,3620.12000000,3621.00000000,3616.00000000,3620.12000000,29.29673400
2019-01-15 08:41:00,1547541660.0,3620.05000000,3620.58000000,3618.23000000,3620.02000000,19.32477800
2019-01-15 08:42:00,1547541720.0,3620.23000000,3620.98000000,3619.12000000,3620.00000000,16.78112500
2019-01-15 08:43:00,1547541780.0,3620.30000000,3621.00000000,3620.00000000,3620.00000000,15.05070700
2019-01-15 08:44:00,1547541840.0,3620.00000000,3621.81000000,3620.00000000,3620.72000000,26.15683300
2019-01-15 08:45:00,1547541900.0,3620.09000000,3622.20000000,3620.09000000,3620.49000000,28.14478100
2019-01-15 08:46:00,1547541960.0,3620.49000000,3621.45000000,3619.03000000,3621.41000000,22.96523100
2019-01-15 08:47:00,1547542020.0,3621.41000000,3621.66000000,3620.00000000,3620.62000000,12.02855900
2019-01-15 08:48:00,1547542080.0,3621.05000000,3621.07000000,3620.45000000,3621.05000000,9.43574800
2019-01-15 08:49:00,1547542140.0,3621.06000000,3623.73000000,3620.51000000,3623.72000000,45.98263200
2019-01-15 08:50:00,1547542200.0,3623.62000000,3625.00000000,3623.11000000,3624.76000000,14.09673000
2019-01-15 08:51:00,1547542260.0,3624.21000000,3625.00000000,3623.13000000,3625.00000000,17.27732500
2019-01-15 08:52:00,1547542320.0,3624.45000000,3625.63000000,3624.10000000,3624.82000000,24.16085600
2019-01-15 08:53:00,1547542380.0,3625.53000000,3627.00000000,3624.42000000,3625.20000000,13.52802600
2019-01-15 08:54:00,1547542440.0,3626.24000000,3626.76000000,3624.11000000,3625.04000000,14.38748100
2019-01-15 08:55:00,1547542500.0,3625.06000000,3626.00000000,3624.23000000,3624.26000000,12.37033500
2019-01-15 08:56:00,1547542560.0,3624.29000000,3625.36000000,3623.82000000,3624.48000000,9.14704300
2019-01-15 08:57:00,1547542620.0,3624.50000000,3625.32000000,3623.87000000,3624.74000000,11.37993300
2019-01-15 08:58:00,1547542680.0,3624.30000000,3624.73000000,3623.78000000,3624.00000000,7.46643700
2019-01-15 08:59:00,1547542740.0,3624.00000000,3625.00000000,3621.44000000,3624.34000000,16.18352200
2019-01-15 09:00:00,1547542800.0,3623.64000000,3625.00000000,3623.07000000,3623.18000000,9.03755900
2019-01-15 09:01:00,1547542860.0,3623.77000000,3623.77000000,3622.64000000,3623.66000000,9.29970900
2019-01-15 09:02:00,1547542920.0,3623.46000000,3625.04000000,3623.33000000,3624.52000000,13.14221400
2019-01-15 09:03:00,1547542980.0,3624.06000000,3625.01000000,3624.04000000,3624.04000000,11.49877100
2019-01-15 09:04:00,1547543040.0,3624.14000000,3624.14000000,3601.00000000,3603.00000000,161.41981200
2019-01-15 09:05:00,1547543100.0,3603.00000000,3612.60000000,3601.00000000,3605.00000000,85.80502500
2019-01-15 09:06:00,1547543160.0,3605.71000000,3611.72000000,3603.69000000,3607.30000000,43.02180700
2019-01-15 09:07:00,1547543220.0,3607.58000000,3611.47000000,3605.38000000,3607.12000000,45.17736300
2019-01-15 09:08:00,1547543280.0,3607.12000000,3611.74000000,3603.00000000,3608.03000000,58.89762100
2019-01-15 09:09:00,1547543340.0,3608.01000000,3609.91000000,3607.03000000,3608.29000000,29.71910600
2019-01-15 09:10:00,1547543400.0,3609.42000000,3614.57000000,3608.35000000,3612.47000000,19.01629700
2019-01-15 09:11:00,1547543460.0,3612.47000000,3616.16000000,3612.47000000,3616.16000000,24.53199900
2019-01-15 09:12:00,1547543520.0,3615.12000000,3619.10000000,3615.12000000,3615.25000000,28.56673100
2019-01-15 09:13:00,1547543580.0,3615.68000000,3618.19000000,3615.30000000,3617.04000000,12.81687300
2019-01-15 09:14:00,1547543640.0,3617.34000000,3619.55000000,3617.04000000,3618.14000000,13.75959200
2019-01-15 09:15:00,1547543700.0,3618.78000000,3618.80000000,3616.18000000,3618.00000000,29.38449400
2019-01-15 09:16:00,1547543760.0,3617.79000000,3618.96000000,3616.76000000,3618.90000000,24.71719000
2019-01-15 09:17:00,1547543820.0,3618.91000000,3620.00000000,3618.74000000,3618.96000000,16.45581200
2019-01-15 09:18:00,1547543880.0,3619.67000000,3619.67000000,3618.34000000,3619.07000000,12.15708400
2019-01-15 09:19:00,1547543940.0,3619.09000000,3619.09000000,3617.16000000,3617.75000000,16.46885000
2019-01-15 09:20:00,1547544000.0,3617.77000000,3619.01000000,3617.29000000,3617.41000000,11.78112700
2019-01-15 09:21:00,1547544060.0,3617.82000000,3618.91000000,3617.00000000,3617.84000000,16.38175900
2019-01-15 09:22:00,1547544120.0,3617.83000000,3618.00000000,3617.65000000,3617.71000000,8.93782500
2019-01-15 09:23:00,1547544180.0,3617.65000000,3617.80000000,3617.00000000,3617.38000000,17.01038900
2019-01-15 09:24:00,1547544240.0,3617.72000000,3617.72000000,3613.06000000,3613.44000000,37.56242500
2019-01-15 09:25:00,1547544300.0,3613.44000000,3615.91000000,3613.44000000,3615.00000000,12.48007100
2019-01-15 09:26:00,1547544360.0,3614.95000000,3615.74000000,3610.02000000,3612.02000000,25.22609800
2019-01-15 09:27:00,1547544420.0,3612.04000000,3612.10000000,3608.50000000,3608.93000000,24.00373800
2019-01-15 09:28:00,1547544480.0,3608.52000000,3614.84000000,3607.91000000,3610.04000000,41.78037900
2019-01-15 09:29:00,1547544540.0,3610.04000000,3615.57000000,3610.00000000,3612.98000000,10.76783600
2019-01-15 09:30:00,1547544600.0,3612.98000000,3612.98000000,3606.91000000,3609.04000000,22.29748500
2019-01-15 09:31:00,1547544660.0,3609.04000000,3611.30000000,3609.00000000,3610.19000000,12.55728300
2019-01-15 09:32:00,1547544720.0,3609.48000000,3611.98000000,3609.48000000,3611.01000000,12.11842200
2019-01-15 09:33:00,1547544780.0,3610.71000000,3611.22000000,3607.97000000,3607.97000000,14.15828200
2019-01-15 09:34:00,1547544840.0,3607.97000000,3612.40000000,3605.00000000,3607.02000000,44.92671000
2019-01-15 09:35:00,1547544900.0,3607.01000000,3610.08000000,3601.30000000,3602.23000000,20.98088300
2019-01-15 09:36:00,1547544960.0,3603.68000000,3607.12000000,3602.23000000,3606.96000000,14.01549200
2019-01-15 09:37:00,1547545020.0,3605.94000000,3606.96000000,3578.07000000,3582.30000000,454.35894800
2019-01-15 09:38:00,1547545080.0,3582.61000000,3598.10000000,3582.28000000,3585.99000000,231.25816200
2019-01-15 09:39:00,1547545140.0,3585.99000000,3595.94000000,3585.99000000,3589.99000000,67.70698700
2019-01-15 09:40:00,1547545200.0,3589.99000000,3594.10000000,3588.08000000,3592.49000000,50.87703100
2019-01-15 09:41:00,1547545260.0,3592.50000000,3596.98000000,3590.52000000,3596.01000000,44.17299200
2019-01-15 09:42:00,1547545320.0,3596.03000000,3599.95000000,3595.71000000,3598.39000000,34.56493100
2019-01-15 09:43:00,1547545380.0,3597.66000000,3597.66000000,3592.24000000,3594.78000000,44.28702500
2019-01-15 09:44:00,1547545440.0,3594.76000000,3594.79000000,3592.58000000,3593.45000000,45.27179400
2019-01-15 09:45:00,1547545500.0,3593.45000000,3595.35000000,3588.53000000,3592.49000000,72.53840100
2019-01-15 09:46:00,1547545560.0,3592.98000000,3594.96000000,3590.91000000,3591.16000000,23.57265800
2019-01-15 09:47:00,1547545620.0,3590.91000000,3591.16000000,3586.93000000,3590.00000000,28.66448600
2019-01-15 09:48:00,1547545680.0,3590.14000000,3593.11000000,3590.00000000,3592.44000000,18.07195100
2019-01-15 09:49:00,1547545740.0,3593.03000000,3595.36000000,3592.48000000,3594.02000000,39.82937700
2019-01-15 09:50:00,1547545800.0,3594.17000000,3595.23000000,3592.74000000,3594.54000000,26.16457000
2019-01-15 09:51:00,1547545860.0,3594.02000000,3595.36000000,3593.00000000,3594.30000000,26.11389800
2019-01-15 09:52:00,1547545920.0,3594.30000000,3598.88000000,3593.00000000,3593.00000000,40.26252500
2019-01-15 09:53:00,1547545980.0,3592.00000000,3600.00000000,3591.86000000,3597.68000000,144.58065000
2019-01-15 09:54:00,1547546040.0,3600.00000000,3603.08000000,3597.72000000,3603.03000000,68.52330800
2019-01-15 09:55:00,1547546100.0,3603.00000000,3603.93000000,3602.03000000,3602.03000000,43.55533300
2019-01-15 09:56:00,1547546160.0,3602.05000000,3604.63000000,3602.03000000,3602.50000000,26.28310800
2019-01-15 09:57:00,1547546220.0,3602.50000000,3604.86000000,3602.46000000,3602.59000000,25.80542800
2019-01-15 09:58:00,1547546280.0,3602.57000000,3604.67000000,3602.57000000,3604.15000000,16.77562300
2019-01-15 09:59:00,1547546340.0,3604.02000000,3605.00000000,3604.00000000,3604.06000000,18.14105700
2019-01-15 10:00:00,1547546400.0,3604.51000000,3605.00000000,3600.69000000,3600.69000000,30.19287700
2019-01-15 10:01:00,1547546460.0,3600.85000000,3603.54000000,3600.68000000,3602.03000000,40.57130200
2019-01-15 10:02:00,1547546520.0,3601.96000000,3602.79000000,3601.94000000,3602.54000000,22.03858500
2019-01-15 10:03:00,1547546580.0,3602.52000000,3602.77000000,3601.77000000,3602.40000000,13.17909400
2019-01-15 10:04:00,1547546640.0,3602.19000000,3602.40000000,3600.32000000,3602.38000000,31.98080000
2019-01-15 10:05:00,1547546700.0,3602.29000000,3602.40000000,3599.50000000,3600.70000000,22.64507200
2019-01-15 10:06:00,1547546760.0,3600.04000000,3601.53000000,3597.65000000,3598.23000000,37.92946600
2019-01-15 10:07:00,1547546820.0,3597.89000000,3598.24000000,3591.02000000,3595.57000000,50.73188300
2019-01-15 10:08:00,1547546880.0,3596.04000000,3597.39000000,3594.05000000,3594.98000000,30.59664800
2019-01-15 10:09:00,1547546940.0,3594.99000000,3594.99000000,3592.40000000,3592.85000000,17.93280000
2019-01-15 10:10:00,1547547000.0,3593.54000000,3599.26000000,3591.58000000,3597.51000000,109.17070600
2019-01-15 10:11:00,1547547060.0,3597.51000000,3597.99000000,3593.71000000,3596.54000000,30.83163400
2019-01-15 10:12:00,1547547120.0,3596.30000000,3599.91000000,3595.02000000,3598.98000000,43.27032000
2019-01-15 10:13:00,1547547180.0,3599.21000000,3602.93000000,3599.21000000,3602.43000000,56.49421300
2019-01-15 10:14:00,1547547240.0,3602.89000000,3604.55000000,3601.94000000,3602.88000000,70.30807000
2019-01-15 10:15:00,1547547300.0,3602.88000000,3602.90000000,3598.83000000,3599.86000000,26.08567100
2019-01-15 10:16:00,1547547360.0,3599.20000000,3599.88000000,3598.58000000,3598.74000000,15.39095600
2019-01-15 10:17:00,1547547420.0,3598.73000000,3599.65000000,3597.73000000,3598.93000000,14.35647500
2019-01-15 10:18:00,1547547480.0,3598.16000000,3598.97000000,3595.99000000,3598.72000000,17.22674600
2019-01-15 10:19:00,1547547540.0,3598.72000000,3599.68000000,3597.13000000,3598.71000000,29.50788000
2019-01-15 10:20:00,1547547600.0,3598.71000000,3599.95000000,3595.59000000,3597.98000000,18.89217000
2019-01-15 10:21:00,1547547660.0,3597.96000000,3598.90000000,3596.27000000,3598.79000000,21.06251900
2019-01-15 10:22:00,1547547720.0,3597.68000000,3598.81000000,3597.02000000,3597.74000000,18.09451800
2019-01-15 10:23:00,1547547780.0,3597.25000000,3598.14000000,3597.01000000,3597.01000000,19.08096100
2019-01-15 10:24:00,1547547840.0,3597.38000000,3600.00000000,3595.72000000,3598.15000000,20.44482800
2019-01-15 10:25:00,1547547900.0,3597.49000000,3598.65000000,3597.35000000,3597.43000000,16.70114300
2019-01-15 10:26:00,1547547960.0,3597.87000000,3599.89000000,3597.51000000,3598.63000000,17.24788600
2019-01-15 10:27:00,1547548020.0,3598.64000000,3600.00000000,3597.50000000,3599.58000000,30.99316300
2019-01-15 10:28:00,1547548080.0,3598.20000000,3600.00000000,3598.19000000,3598.57000000,27.09114200
2019-01-15 10:29:00,1547548140.0,3598.60000000,3598.60000000,3596.72000000,3598.05000000,28.71364800
2019-01-15 10:30:00,1547548200.0,3597.60000000,3599.94000000,3597.60000000,3598.85000000,22.36759700
2019-01-15 10:31:00,1547548260.0,3598.93000000,3601.49000000,3598.71000000,3601.48000000,31.28571200
2019-01-15 10:32:00,1547548320.0,3601.03000000,3602.49000000,3600.42000000,3602.02000000,16.46075800
2019-01-15 10:33:00,1547548380.0,3602.02000000,3603.44000000,3602.00000000,3603.05000000,25.78332400
2019-01-15 10:34:00,1547548440.0,3603.13000000,3608.00000000,3603.05000000,3606.70000000,26.82231000
2019-01-15 10:35:00,1547548500.0,3606.67000000,3607.61000000,3605.00000000,3605.82000000,22.78364000
2019-01-15 10:36:00,1547548560.0,3605.82000000,3607.06000000,3605.00000000,3606.00000000,14.79372100
2019-01-15 10:37:00,1547548620.0,3605.63000000,3606.00000000,3605.00000000,3606.00000000,49.54894700
2019-01-15 10:38:00,1547548680.0,3606.00000000,3606.00000000,3605.02000000,3605.30000000,13.81548500
2019-01-15 10:39:00,1547548740.0,3605.31000000,3605.99000000,3605.02000000,3605.70000000,19.57347700
2019-01-15 10:40:00,1547548800.0,3605.49000000,3606.00000000,3604.00000000,3604.23000000,43.95090800
2019-01-15 10:41:00,1547548860.0,3604.23000000,3605.01000000,3603.45000000,3604.44000000,12.76372000
2019-01-15 10:42:00,1547548920.0,3604.32000000,3604.98000000,3604.00000000,3604.98000000,16.71415000
2019-01-15 10:43:00,1547548980.0,3604.98000000,3606.00000000,3604.30000000,3605.99000000,15.22545200
2019-01-15 10:44:00,1547549040.0,3605.99000000,3606.00000000,3604.98000000,3605.68000000,12.79884100
2019-01-15 10:45:00,1547549100.0,3605.99000000,3609.70000000,3605.12000000,3608.99000000,25.72745100
2019-01-15 10:46:00,1547549160.0,3608.99000000,3609.97000000,3606.84000000,3609.13000000,18.29884700
2019-01-15 10:47:00,1547549220.0,3609.13000000,3609.93000000,3607.34000000,3607.55000000,12.03810400
2019-01-15 10:48:00,1547549280.0,3607.52000000,3608.88000000,3607.21000000,3607.21000000,17.89299700
2019-01-15 10:49:00,1547549340.0,3607.61000000,3611.00000000,3607.61000000,3610.43000000,17.87649200
2019-01-15 10:50:00,1547549400.0,3610.04000000,3611.95000000,3610.00000000,3610.63000000,29.02564200
2019-01-15 10:51:00,1547549460.0,3610.72000000,3610.96000000,3609.20000000,3609.92000000,23.02356200
2019-01-15 10:52:00,1547549520.0,3609.38000000,3610.52000000,3609.38000000,3609.98000000,16.68027200
2019-01-15 10:53:00,1547549580.0,3609.98000000,3610.76000000,3609.97000000,3610.74000000,25.77178500
2019-01-15 10:54:00,1547549640.0,3610.74000000,3612.41000000,3610.01000000,3611.15000000,22.66921600
2019-01-15 10:55:00,1547549700.0,3612.00000000,3618.00000000,3611.51000000,3613.00000000,61.89000400
2019-01-15 10:56:00,1547549760.0,3612.43000000,3613.00000000,3611.82000000,3611.99000000,13.98214600
2019-01-15 10:57:00,1547549820.0,3612.01000000,3612.95000000,3611.82000000,3612.00000000,14.53778900
2019-01-15 10:58:00,1547549880.0,3612.00000000,3612.80000000,3611.82000000,3612.00000000,13.96047600
2019-01-15 10:59:00,1547549940.0,3611.84000000,3612.28000000,3610.22000000,3610.64000000,21.18845000
2019-01-15 11:00:00,1547550000.0,3610.56000000,3611.30000000,3606.99000000,3608.56000000,37.96608200
2019-01-15 11:01:00,1547550060.0,3607.80000000,3609.44000000,3607.11000000,3608.74000000,12.60069100
2019-01-15 11:02:00,1547550120.0,3608.93000000,3610.18000000,3608.18000000,3610.15000000,13.53815400
2019-01-15 11:03:00,1547550180.0,3609.03000000,3611.00000000,3607.53000000,3607.61000000,25.92554400
2019-01-15 11:04:00,1547550240.0,3610.01000000,3610.59000000,3607.69000000,3608.56000000,10.97965400
2019-01-15 11:05:00,1547550300.0,3608.56000000,3609.31000000,3607.83000000,3608.95000000,18.04198000
2019-01-15 11:06:00,1547550360.0,3607.88000000,3609.19000000,3607.04000000,3608.92000000,15.09594600
2019-01-15 11:07:00,1547550420.0,3608.00000000,3608.32000000,3606.37000000,3608.30000000,16.09896700
2019-01-15 11:08:00,1547550480.0,3608.24000000,3610.22000000,3607.03000000,3608.76000000,15.56788800
2019-01-15 11:09:00,1547550540.0,3608.30000000,3609.23000000,3607.68000000,3609.21000000,10.89949600
2019-01-15 11:10:00,1547550600.0,3608.80000000,3609.80000000,3608.50000000,3609.66000000,15.85573900
2019-01-15 11:11:00,1547550660.0,3609.17000000,3609.45000000,3608.50000000,3609.00000000,8.78297900
2019-01-15 11:12:00,1547550720.0,3609.43000000,3609.64000000,3609.00000000,3609.29000000,11.51850100
2019-01-15 11:13:00,1547550780.0,3609.01000000,3610.00000000,3609.00000000,3609.03000000,11.29814400
2019-01-15 11:14:00,1547550840.0,3609.99000000,3609.99000000,3609.00000000,3609.08000000,14.98532800
2019-01-15 11:15:00,1547550900.0,3609.08000000,3609.69000000,3609.00000000,3609.00000000,15.17035800
2019-01-15 11:16:00,1547550960.0,3609.00000000,3611.10000000,3609.00000000,3609.02000000,17.49225800
2019-01-15 11:17:00,1547551020.0,3609.02000000,3610.75000000,3609.00000000,3609.60000000,11.23122700
2019-01-15 11:18:00,1547551080.0,3609.37000000,3610.75000000,3609.02000000,3610.20000000,10.83968000
2019-01-15 11:19:00,1547551140.0,3609.57000000,3611.00000000,3609.56000000,3609.69000000,12.90813000
2019-01-15 11:20:00,1547551200.0,3609.69000000,3610.60000000,3609.61000000,3609.72000000,8.88984600
2019-01-15 11:21:00,1547551260.0,3609.72000000,3610.60000000,3609.71000000,3609.75000000,11.95596900
2019-01-15 11:22:00,1547551320.0,3610.60000000,3611.71000000,3609.75000000,3610.55000000,9.60471100
2019-01-15 11:23:00,1547551380.0,3610.55000000,3611.90000000,3610.20000000,3611.56000000,8.81422800
2019-01-15 11:24:00,1547551440.0,3611.00000000,3611.84000000,3610.30000000,3611.39000000,21.57830100
2019-01-15 11:25:00,1547551500.0,3610.67000000,3615.15000000,3610.67000000,3612.88000000,56.02228600
2019-01-15 11:26:00,1547551560.0,3612.27000000,3613.41000000,3611.00000000,3612.02000000,49.91128200
2019-01-15 11:27:00,1547551620.0,3612.02000000,3615.56000000,3612.00000000,3612.52000000,34.62150100
2019-01-15 11:28:00,1547551680.0,3612.52000000,3613.42000000,3612.01000000,3612.80000000,17.54560400
2019-01-15 11:29:00,1547551740.0,3613.00000000,3613.68000000,3612.56000000,3613.05000000,11.41090900
2019-01-15 11:30:00,1547551800.0,3613.00000000,3617.59000000,3613.00000000,3614.22000000,20.64512100
2019-01-15 11:31:00,1547551860.0,3616.17000000,3616.17000000,3613.00000000,3613.00000000,15.38373600
2019-01-15 11:32:00,1547551920.0,3613.00000000,3614.47000000,3613.00000000,3613.00000000,31.25631600
2019-01-15 11:33:00,1547551980.0,3613.26000000,3613.75000000,3612.00000000,3612.55000000,15.49835900
2019-01-15 11:34:00,1547552040.0,3612.91000000,3613.00000000,3612.20000000,3612.71000000,9.90108000
2019-01-15 11:35:00,1547552100.0,3612.82000000,3613.00000000,3612.55000000,3612.87000000,12.77158900
2019-01-15 11:36:00,1547552160.0,3612.87000000,3614.47000000,3612.00000000,3612.64000000,17.26495600
2019-01-15 11:37:00,1547552220.0,3613.29000000,3614.26000000,3612.63000000,3613.60000000,9.04257100
2019-01-15 11:38:00,1547552280.0,3613.95000000,3613.95000000,3612.64000000,3612.64000000,19.08276700
2019-01-15 11:39:00,1547552340.0,3612.65000000,3613.65000000,3612.64000000,3613.50000000,12.83139300
2019-01-15 11:40:00,1547552400.0,3613.25000000,3614.91000000,3613.05000000,3614.41000000,22.29550800
2019-01-15 11:41:00,1547552460.0,3614.83000000,3614.90000000,3613.05000000,3614.19000000,12.59447900
2019-01-15 11:42:00,1547552520.0,3613.15000000,3614.20000000,3612.24000000,3612.24000000,24.89820400
2019-01-15 11:43:00,1547552580.0,3612.24000000,3613.21000000,3612.00000000,3612.01000000,21.37188900
2019-01-15 11:44:00,1547552640.0,3612.00000000,3612.28000000,3610.66000000,3611.09000000,14.43923800
2019-01-15 11:45:00,1547552700.0,3611.97000000,3611.97000000,3610.05000000,3610.67000000,8.67676400
2019-01-15 11:46:00,1547552760.0,3610.84000000,3611.52000000,3610.13000000,3610.23000000,12.50918800
2019-01-15 11:47:00,1547552820.0,3610.21000000,3611.23000000,3610.13000000,3610.24000000,11.10427300
2019-01-15 11:48:00,1547552880.0,3610.26000000,3610.47000000,3609.09000000,3609.55000000,16.38405500
2019-01-15 11:49:00,1547552940.0,3609.67000000,3610.23000000,3607.99000000,3609.80000000,15.86212200
2019-01-15 11:50:00,1547553000.0,3609.40000000,3611.00000000,3609.26000000,3610.50000000,11.37211800
2019-01-15 11:51:00,1547553060.0,3610.91000000,3611.00000000,3609.65000000,3610.00000000,14.71883000
2019-01-15 11:52:00,1547553120.0,3609.66000000,3612.99000000,3609.00000000,3612.99000000,21.75756200
2019-01-15 11:53:00,1547553180.0,3611.52000000,3613.53000000,3611.51000000,3612.76000000,21.02605100
2019-01-15 11:54:00,1547553240.0,3612.76000000,3613.11000000,3611.51000000,3612.84000000,8.93922700
2019-01-15 11:55:00,1547553300.0,3612.86000000,3615.61000000,3612.02000000,3612.69000000,16.13528700
2019-01-15 11:56:00,1547553360.0,3612.69000000,3613.12000000,3609.91000000,3612.80000000,28.42129800
2019-01-15 11:57:00,1547553420.0,3611.32000000,3612.81000000,3610.31000000,3611.61000000,9.51995300
2019-01-15 11:58:00,1547553480.0,3611.64000000,3613.41000000,3610.31000000,3612.41000000,8.69358200
2019-01-15 11:59:00,1547553540.0,3612.40000000,3613.48000000,3611.37000000,3611.39000000,15.93005700
2019-01-15 12:00:00,1547553600.0,3612.10000000,3613.16000000,3610.00000000,3612.04000000,15.80649400
2019-01-15 12:01:00,1547553660.0,3611.28000000,3613.04000000,3610.15000000,3613.02000000,12.24601800
2019-01-15 12:02:00,1547553720.0,3612.34000000,3613.46000000,3612.34000000,3613.28000000,20.55284600
2019-01-15 12:03:00,1547553780.0,3613.00000000,3615.87000000,3613.00000000,3613.91000000,16.95175500
2019-01-15 12:04:00,1547553840.0,3613.86000000,3615.00000000,3613.26000000,3615.00000000,16.82182700
2019-01-15 12:05:00,1547553900.0,3614.04000000,3615.00000000,3613.50000000,3614.18000000,8.26159500
2019-01-15 12:06:00,1547553960.0,3614.19000000,3614.94000000,3613.38000000,3614.18000000,8.75012300
2019-01-15 12:07:00,1547554020.0,3614.18000000,3614.18000000,3612.66000000,3613.42000000,12.88034700
2019-01-15 12:08:00,1547554080.0,3613.42000000,3614.16000000,3613.00000000,3613.01000000,19.98478700
2019-01-15 12:09:00,1547554140.0,3613.01000000,3613.99000000,3608.50000000,3613.10000000,29.13981900
2019-01-15 12:10:00,1547554200.0,3612.50000000,3613.08000000,3611.10000000,3611.50000000,8.36169200
2019-01-15 12:11:00,1547554260.0,3612.37000000,3612.39000000,3609.84000000,3612.36000000,8.93305100
2019-01-15 12:12:00,1547554320.0,3612.17000000,3612.39000000,3610.00000000,3611.99000000,16.21329400
2019-01-15 12:13:00,1547554380.0,3610.96000000,3612.00000000,3610.51000000,3611.43000000,14.74347000
2019-01-15 12:14:00,1547554440.0,3611.88000000,3613.70000000,3610.51000000,3613.68000000,24.68009700
2019-01-15 12:15:00,1547554500.0,3613.68000000,3613.69000000,3611.78000000,3613.02000000,9.83049600
2019-01-15 12:16:00,1547554560.0,3613.01000000,3613.60000000,3609.00000000,3612.84000000,14.96250200
2019-01-15 12:17:00,1547554620.0,3613.47000000,3613.51000000,3611.17000000,3612.44000000,9.32676800
2019-01-15 12:18:00,1547554680.0,3612.52000000,3613.50000000,3612.19000000,3613.21000000,15.14015800
2019-01-15 12:19:00,1547554740.0,3613.00000000,3613.36000000,3612.00000000,3612.38000000,8.44348500
2019-01-15 12:20:00,1547554800.0,3612.93000000,3618.00000000,3612.38000000,3613.37000000,39.20838300
2019-01-15 12:21:00,1547554860.0,3613.35000000,3614.06000000,3612.12000000,3613.85000000,11.96995600
2019-01-15 12:22:00,1547554920.0,3612.85000000,3613.85000000,3612.19000000,3613.08000000,6.44112700
2019-01-15 12:23:00,1547554980.0,3613.00000000,3614.02000000,3612.50000000,3613.34000000,11.26496900
2019-01-15 12:24:00,1547555040.0,3612.56000000,3613.87000000,3612.53000000,3613.02000000,7.35584600
2019-01-15 12:25:00,1547555100.0,3613.23000000,3613.68000000,3607.88000000,3609.74000000,24.17856200
2019-01-15 12:26:00,1547555160.0,3610.13000000,3610.13000000,3602.97000000,3602.97000000,32.09065000
2019-01-15 12:27:00,1547555220.0,3603.70000000,3609.87000000,3602.00000000,3603.62000000,43.82728000
2019-01-15 12:28:00,1547555280.0,3603.62000000,3607.43000000,3603.62000000,3606.03000000,14.13268800
2019-01-15 12:29:00,1547555340.0,3606.05000000,3608.65000000,3603.87000000,3605.92000000,15.80282300
2019-01-15 12:30:00,1547555400.0,3605.14000000,3605.92000000,3604.66000000,3604.78000000,13.15914000
2019-01-15 12:31:00,1547555460.0,3604.79000000,3606.13000000,3597.52000000,3603.36000000,60.76169000
2019-01-15 12:32:00,1547555520.0,3602.91000000,3603.28000000,3600.00000000,3602.18000000,22.13513000
2019-01-15 12:33:00,1547555580.0,3602.53000000,3602.53000000,3591.00000000,3599.93000000,42.81448000
2019-01-15 12:34:00,1547555640.0,3598.99000000,3602.54000000,3597.42000000,3600.63000000,44.70939900
2019-01-15 12:35:00,1547555700.0,3599.54000000,3602.54000000,3597.80000000,3601.55000000,22.73183500
2019-01-15 12:36:00,1547555760.0,3602.28000000,3603.25000000,3600.00000000,3602.03000000,22.06218200
2019-01-15 12:37:00,1547555820.0,3602.02000000,3605.81000000,3602.00000000,3605.79000000,14.98458000
2019-01-15 12:38:00,1547555880.0,3604.98000000,3605.79000000,3604.37000000,3604.90000000,15.24253200
2019-01-15 12:39:00,1547555940.0,3604.89000000,3605.00000000,3603.90000000,3604.93000000,17.02787400
2019-01-15 12:40:00,1547556000.0,3604.93000000,3607.00000000,3604.85000000,3607.00000000,13.00734300
2019-01-15 12:41:00,1547556060.0,3607.00000000,3608.06000000,3605.39000000,3607.08000000,14.18034400
2019-01-15 12:42:00,1547556120.0,3607.00000000,3608.06000000,3606.53000000,3607.82000000,11.26179500
2019-01-15 12:43:00,1547556180.0,3607.76000000,3608.60000000,3607.30000000,3608.05000000,10.25315100
2019-01-15 12:44:00,1547556240.0,3608.03000000,3608.04000000,3607.30000000,3607.32000000,19.79555900
2019-01-15 12:45:00,1547556300.0,3607.96000000,3607.97000000,3601.40000000,3601.41000000,31.31062600
2019-01-15 12:46:00,1547556360.0,3601.81000000,3601.97000000,3600.01000000,3601.96000000,41.12070200
2019-01-15 12:47:00,1547556420.0,3601.96000000,3604.70000000,3601.56000000,3604.46000000,25.73625100
2019-01-15 12:48:00,1547556480.0,3604.46000000,3604.68000000,3601.59000000,3603.90000000,14.03893900
2019-01-15 12:49:00,1547556540.0,3602.85000000,3603.91000000,3602.00000000,3602.60000000,14.26217500
2019-01-15 12:50:00,1547556600.0,3603.13000000,3604.60000000,3602.87000000,3603.03000000,13.53983000
2019-01-15 12:51:00,1547556660.0,3603.45000000,3603.87000000,3603.00000000,3603.30000000,11.55975600
2019-01-15 12:52:00,1547556720.0,3603.31000000,3604.27000000,3602.94000000,3602.98000000,17.86048800
2019-01-15 12:53:00,1547556780.0,3602.98000000,3602.99000000,3601.00000000,3602.83000000,17.00962000
2019-01-15 12:54:00,1547556840.0,3601.71000000,3603.16000000,3599.88000000,3600.36000000,23.21909500
2019-01-15 12:55:00,1547556900.0,3599.74000000,3601.93000000,3598.84000000,3600.10000000,22.60870500
2019-01-15 12:56:00,1547556960.0,3600.02000000,3600.18000000,3599.00000000,3600.18000000,25.07380200
2019-01-15 12:57:00,1547557020.0,3600.18000000,3602.74000000,3599.86000000,3602.27000000,32.05467100
2019-01-15 12:58:00,1547557080.0,3602.24000000,3603.21000000,3601.01000000,3602.96000000,7.82407200
2019-01-15 12:59:00,1547557140.0,3602.78000000,3603.47000000,3601.80000000,3602.60000000,9.97349900
2019-01-15 13:00:00,1547557200.0,3602.06000000,3602.58000000,3600.50000000,3600.89000000,9.42202200
2019-01-15 13:01:00,1547557260.0,3601.59000000,3601.62000000,3600.00000000,3600.03000000,21.89980500
2019-01-15 13:02:00,1547557320.0,3600.04000000,3601.00000000,3600.00000000,3601.00000000,23.11307300
2019-01-15 13:03:00,1547557380.0,3601.33000000,3604.00000000,3601.09000000,3602.53000000,16.55188600
2019-01-15 13:04:00,1547557440.0,3602.51000000,3603.90000000,3602.36000000,3603.00000000,9.50440500
2019-01-15 13:05:00,1547557500.0,3603.71000000,3604.73000000,3602.99000000,3604.12000000,12.91149100
2019-01-15 13:06:00,1547557560.0,3604.03000000,3607.16000000,3604.01000000,3606.92000000,18.47880600
2019-01-15 13:07:00,1547557620.0,3607.32000000,3609.07000000,3606.87000000,3609.04000000,19.50034300
2019-01-15 13:08:00,1547557680.0,3609.04000000,3609.06000000,3607.11000000,3608.74000000,23.79972900
2019-01-15 13:09:00,1547557740.0,3608.74000000,3608.74000000,3607.20000000,3607.20000000,18.49695800
2019-01-15 13:10:00,1547557800.0,3607.37000000,3607.40000000,3606.93000000,3607.16000000,12.19542100
2019-01-15 13:11:00,1547557860.0,3607.16000000,3608.37000000,3605.56000000,3606.88000000,17.36099100
2019-01-15 13:12:00,1547557920.0,3606.87000000,3607.69000000,3605.72000000,3607.64000000,7.59522500
2019-01-15 13:13:00,1547557980.0,3607.66000000,3609.95000000,3606.88000000,3608.00000000,22.16034800
2019-01-15 13:14:00,1547558040.0,3608.24000000,3608.25000000,3607.19000000,3607.19000000,15.25805500
2019-01-15 13:15:00,1547558100.0,3607.21000000,3608.00000000,3607.21000000,3607.84000000,17.08602200
2019-01-15 13:16:00,1547558160.0,3607.49000000,3607.50000000,3606.28000000,3606.28000000,15.99008100
2019-01-15 13:17:00,1547558220.0,3606.99000000,3607.00000000,3605.41000000,3606.00000000,11.47896900
2019-01-15 13:18:00,1547558280.0,3606.00000000,3606.00000000,3605.00000000,3605.50000000,19.22627500
2019-01-15 13:19:00,1547558340.0,3606.00000000,3606.00000000,3605.00000000,3605.82000000,14.66119200
2019-01-15 13:20:00,1547558400.0,3605.74000000,3605.91000000,3601.92000000,3605.49000000,16.67300700
2019-01-15 13:21:00,1547558460.0,3605.50000000,3605.50000000,3603.37000000,3603.67000000,14.59299300
2019-01-15 13:22:00,1547558520.0,3603.92000000,3604.34000000,3603.23000000,3603.76000000,10.58103300
2019-01-15 13:23:00,1547558580.0,3602.65000000,3603.81000000,3602.65000000,3602.88000000,14.00738700
2019-01-15 13:24:00,1547558640.0,3602.88000000,3602.88000000,3600.46000000,3602.38000000,22.59534600
2019-01-15 13:25:00,1547558700.0,3601.95000000,3602.39000000,3601.59000000,3601.89000000,24.62462300
2019-01-15 13:26:00,1547558760.0,3601.98000000,3603.80000000,3601.87000000,3603.09000000,8.35476700
2019-01-15 13:27:00,1547558820.0,3602.43000000,3605.73000000,3602.43000000,3605.42000000,25.64567700
2019-01-15 13:28:00,1547558880.0,3605.84000000,3609.56000000,3604.69000000,3607.34000000,29.98858800
2019-01-15 13:29:00,1547558940.0,3607.29000000,3607.99000000,3605.94000000,3607.60000000,15.73994000
2019-01-15 13:30:00,1547559000.0,3607.70000000,3608.41000000,3607.34000000,3608.40000000,19.47765100
2019-01-15 13:31:00,1547559060.0,3608.15000000,3609.95000000,3608.00000000,3608.42000000,10.95539100
2019-01-15 13:32:00,1547559120.0,3608.42000000,3609.74000000,3608.00000000,3608.59000000,15.25891400
2019-01-15 13:33:00,1547559180.0,3608.59000000,3610.00000000,3608.57000000,3609.68000000,48.61320800
2019-01-15 13:34:00,1547559240.0,3610.00000000,3612.39000000,3609.70000000,3611.75000000,18.40011000
2019-01-15 13:35:00,1547559300.0,3611.01000000,3612.38000000,3610.62000000,3612.00000000,15.79284100
2019-01-15 13:36:00,1547559360.0,3611.61000000,3624.00000000,3611.61000000,3623.58000000,71.13820600
2019-01-15 13:37:00,1547559420.0,3623.60000000,3628.56000000,3620.27000000,3622.29000000,126.83512200
2019-01-15 13:38:00,1547559480.0,3622.50000000,3624.82000000,3618.70000000,3624.82000000,39.87707200
2019-01-15 13:39:00,1547559540.0,3624.30000000,3624.92000000,3618.20000000,3620.74000000,34.67896800
2019-01-15 13:40:00,1547559600.0,3619.56000000,3620.12000000,3617.45000000,3618.20000000,23.41174300
2019-01-15 13:41:00,1547559660.0,3618.20000000,3623.41000000,3615.00000000,3616.22000000,45.13275900
2019-01-15 13:42:00,1547559720.0,3616.60000000,3623.27000000,3616.34000000,3618.40000000,16.62617500
2019-01-15 13:43:00,1547559780.0,3617.55000000,3620.31000000,3617.55000000,3620.29000000,17.55765300
2019-01-15 13:44:00,1547559840.0,3620.25000000,3622.99000000,3618.33000000,3618.91000000,19.66464500
2019-01-15 13:45:00,1547559900.0,3618.89000000,3632.00000000,3618.26000000,3632.00000000,159.66772200
2019-01-15 13:46:00,1547559960.0,3631.49000000,3634.75000000,3624.53000000,3625.32000000,89.10231200
2019-01-15 13:47:00,1547560020.0,3626.03000000,3626.07000000,3620.16000000,3622.50000000,35.59374700
2019-01-15 13:48:00,1547560080.0,3622.51000000,3626.18000000,3621.56000000,3623.17000000,41.42752800
2019-01-15 13:49:00,1547560140.0,3623.20000000,3624.02000000,3619.50000000,3619.89000000,25.36154200
2019-01-15 13:50:00,1547560200.0,3619.50000000,3622.14000000,3617.83000000,3618.76000000,59.10848100
2019-01-15 13:51:00,1547560260.0,3618.80000000,3622.16000000,3618.80000000,3621.89000000,26.08957400
2019-01-15 13:52:00,1547560320.0,3621.91000000,3623.42000000,3619.96000000,3623.00000000,20.35084500
2019-01-15 13:53:00,1547560380.0,3623.00000000,3626.22000000,3622.41000000,3623.41000000,36.13480500
2019-01-15 13:54:00,1547560440.0,3623.41000000,3623.97000000,3621.49000000,3622.81000000,20.80634600
2019-01-15 13:55:00,1547560500.0,3623.83000000,3625.94000000,3622.83000000,3624.90000000,38.48486200
2019-01-15 13:56:00,1547560560.0,3624.90000000,3625.72000000,3623.78000000,3624.33000000,13.89091700
2019-01-15 13:57:00,1547560620.0,3624.33000000,3626.88000000,3623.90000000,3624.18000000,26.68215500
2019-01-15 13:58:00,1547560680.0,3624.16000000,3626.67000000,3623.91000000,3625.24000000,35.11855100
2019-01-15 13:59:00,1547560740.0,3624.26000000,3625.33000000,3624.25000000,3624.78000000,15.21730400
2019-01-15 14:00:00,1547560800.0,3624.96000000,3624.96000000,3621.06000000,3622.09000000,30.03023000
2019-01-15 14:01:00,1547560860.0,3621.96000000,3623.94000000,3621.08000000,3623.04000000,21.95506600
2019-01-15 14:02:00,1547560920.0,3622.75000000,3623.90000000,3621.12000000,3621.51000000,17.31004700
2019-01-15 14:03:00,1547560980.0,3621.61000000,3622.61000000,3621.00000000,3622.51000000,27.82597300
2019-01-15 14:04:00,1547561040.0,3622.46000000,3623.91000000,3621.30000000,3623.14000000,21.08230600
2019-01-15 14:05:00,1547561100.0,3623.02000000,3623.90000000,3622.46000000,3623.49000000,17.63973100
2019-01-15 14:06:00,1547561160.0,3623.51000000,3623.85000000,3622.60000000,3623.00000000,16.37357300
2019-01-15 14:07:00,1547561220.0,3622.93000000,3623.00000000,3622.00000000,3622.15000000,19.10050900
2019-01-15 14:08:00,1547561280.0,3622.38000000,3622.99000000,3621.62000000,3622.24000000,19.28081200
2019-01-15 14:09:00,1547561340.0,3622.96000000,3623.00000000,3622.00000000,3622.11000000,16.50529200
2019-01-15 14:10:00,1547561400.0,3622.06000000,3623.85000000,3622.06000000,3623.29000000,16.50875700
2019-01-15 14:11:00,1547561460.0,3623.17000000,3625.31000000,3622.58000000,3623.90000000,28.64080500
2019-01-15 14:12:00,1547561520.0,3624.00000000,3625.76000000,3623.05000000,3623.13000000,20.43462500
2019-01-15 14:13:00,1547561580.0,3623.79000000,3626.31000000,3623.13000000,3624.46000000,17.14199000
2019-01-15 14:14:00,1547561640.0,3624.46000000,3625.55000000,3623.16000000,3624.37000000,12.22962100
2019-01-15 14:15:00,1547561700.0,3624.37000000,3625.40000000,3623.10000000,3623.10000000,20.32264800
2019-01-15 14:16:00,1547561760.0,3623.10000000,3625.31000000,3622.65000000,3623.80000000,38.72258100
2019-01-15 14:17:00,1547561820.0,3623.16000000,3625.38000000,3623.16000000,3624.50000000,13.42113500
2019-01-15 14:18:00,1547561880.0,3624.41000000,3624.47000000,3623.00000000,3623.10000000,13.74224400
2019-01-15 14:19:00,1547561940.0,3623.46000000,3624.42000000,3623.00000000,3623.99000000,14.67726200
2019-01-15 14:20:00,1547562000.0,3623.99000000,3625.37000000,3623.25000000,3625.36000000,15.44517500
2019-01-15 14:21:00,1547562060.0,3624.94000000,3625.32000000,3624.04000000,3625.29000000,10.63530700
2019-01-15 14:22:00,1547562120.0,3625.29000000,3625.38000000,3624.04000000,3624.93000000,21.16311000
2019-01-15 14:23:00,1547562180.0,3624.93000000,3624.97000000,3622.71000000,3623.64000000,18.83241300
2019-01-15 14:24:00,1547562240.0,3623.62000000,3624.95000000,3622.65000000,3622.79000000,15.76265300
2019-01-15 14:25:00,1547562300.0,3623.37000000,3623.39000000,3621.60000000,3621.60000000,32.52962800
2019-01-15 14:26:00,1547562360.0,3622.53000000,3623.32000000,3621.83000000,3622.19000000,11.71966900
2019-01-15 14:27:00,1547562420.0,3622.21000000,3623.76000000,3621.81000000,3622.13000000,15.06547600
2019-01-15 14:28:00,1547562480.0,3622.13000000,3623.31000000,3621.38000000,3621.40000000,16.92469600
2019-01-15 14:29:00,1547562540.0,3621.40000000,3621.98000000,3621.40000000,3621.90000000,16.26470000
2019-01-15 14:30:00,1547562600.0,3621.90000000,3621.92000000,3620.46000000,3621.50000000,11.79447300
2019-01-15 14:31:00,1547562660.0,3621.50000000,3621.61000000,3620.45000000,3621.48000000,19.68824800
2019-01-15 14:32:00,1547562720.0,3621.46000000,3621.49000000,3617.00000000,3619.01000000,32.46096800
2019-01-15 14:33:00,1547562780.0,3619.01000000,3619.96000000,3617.53000000,3617.99000000,16.38292100
2019-01-15 14:34:00,1547562840.0,3617.99000000,3619.36000000,3616.23000000,3616.72000000,24.48672000
2019-01-15 14:35:00,1547562900.0,3617.46000000,3618.67000000,3615.00000000,3615.98000000,30.82800800
2019-01-15 14:36:00,1547562960.0,3616.00000000,3617.60000000,3612.91000000,3612.91000000,135.94789100
2019-01-15 14:37:00,1547563020.0,3612.96000000,3616.98000000,3612.92000000,3615.46000000,89.83703700
2019-01-15 14:38:00,1547563080.0,3615.45000000,3617.00000000,3613.97000000,3617.00000000,17.47825400
2019-01-15 14:39:00,1547563140.0,3616.99000000,3617.98000000,3614.10000000,3614.45000000,18.08215600
2019-01-15 14:40:00,1547563200.0,3614.45000000,3617.17000000,3614.05000000,3617.10000000,30.66616300
2019-01-15 14:41:00,1547563260.0,3617.09000000,3618.06000000,3614.59000000,3616.29000000,30.25169800
2019-01-15 14:42:00,1547563320.0,3616.31000000,3618.39000000,3616.31000000,3617.29000000,22.90907200
2019-01-15 14:43:00,1547563380.0,3617.22000000,3620.00000000,3617.22000000,3618.52000000,31.54805700
2019-01-15 14:44:00,1547563440.0,3619.76000000,3622.65000000,3618.80000000,3620.01000000,41.86961500
2019-01-15 14:45:00,1547563500.0,3619.08000000,3621.78000000,3619.08000000,3620.00000000,21.42356200
2019-01-15 14:46:00,1547563560.0,3619.98000000,3621.96000000,3619.50000000,3620.47000000,38.43398500
2019-01-15 14:47:00,1547563620.0,3620.47000000,3621.00000000,3619.50000000,3620.50000000,17.38221000
2019-01-15 14:48:00,1547563680.0,3620.11000000,3620.99000000,3619.50000000,3620.00000000,18.94317100
2019-01-15 14:49:00,1547563740.0,3620.00000000,3623.00000000,3619.51000000,3622.48000000,42.50064000
2019-01-15 14:50:00,1547563800.0,3622.55000000,3623.00000000,3621.34000000,3621.79000000,19.83038600
2019-01-15 14:51:00,1547563860.0,3621.45000000,3624.14000000,3621.45000000,3622.41000000,16.62136000
2019-01-15 14:52:00,1547563920.0,3622.49000000,3625.00000000,3622.49000000,3622.57000000,26.88868400
2019-01-15 14:53:00,1547563980.0,3622.57000000,3623.99000000,3622.52000000,3623.50000000,17.26305800
2019-01-15 14:54:00,1547564040.0,3623.70000000,3623.98000000,3622.05000000,3622.50000000,29.72477000
2019-01-15 14:55:00,1547564100.0,3622.67000000,3623.00000000,3621.50000000,3622.78000000,29.99903900
2019-01-15 14:56:00,1547564160.0,3622.52000000,3623.00000000,3622.00000000,3622.86000000,21.45345600
2019-01-15 14:57:00,1547564220.0,3622.52000000,3623.00000000,3622.12000000,3622.53000000,12.18653700
2019-01-15 14:58:00,1547564280.0,3622.52000000,3624.61000000,3622.52000000,3624.00000000,40.37378100
2019-01-15 14:59:00,1547564340.0,3624.00000000,3625.98000000,3624.00000000,3625.09000000,17.42026800
2019-01-15 15:00:00,1547564400.0,3625.09000000,3625.99000000,3624.15000000,3624.88000000,12.07097000
2019-01-15 15:01:00,1547564460.0,3625.34000000,3626.46000000,3624.69000000,3626.46000000,12.90886000
2019-01-15 15:02:00,1547564520.0,3626.46000000,3626.91000000,3625.84000000,3626.90000000,16.10431200
2019-01-15 15:03:00,1547564580.0,3626.90000000,3636.97000000,3626.47000000,3636.94000000,82.19517700
2019-01-15 15:04:00,1547564640.0,3636.94000000,3640.77000000,3627.89000000,3629.39000000,78.53862500
2019-01-15 15:05:00,1547564700.0,3629.01000000,3634.31000000,3629.01000000,3632.62000000,27.89706300
2019-01-15 15:06:00,1547564760.0,3632.58000000,3633.02000000,3617.71000000,3618.33000000,109.92024400
2019-01-15 15:07:00,1547564820.0,3618.35000000,3625.40000000,3617.74000000,3619.21000000,57.50978100
2019-01-15 15:08:00,1547564880.0,3619.21000000,3619.21000000,3582.04000000,3584.70000000,265.20195000
2019-01-15 15:09:00,1547564940.0,3584.70000000,3597.29000000,3580.00000000,3596.67000000,243.25054600
2019-01-15 15:10:00,1547565000.0,3597.00000000,3598.85000000,3588.00000000,3598.80000000,89.61404100
2019-01-15 15:11:00,1547565060.0,3598.08000000,3604.22000000,3596.11000000,3598.26000000,70.75407500
2019-01-15 15:12:00,1547565120.0,3599.03000000,3611.00000000,3596.77000000,3606.95000000,54.68233900
2019-01-15 15:13:00,1547565180.0,3606.95000000,3607.66000000,3601.27000000,3604.32000000,79.20351300
2019-01-15 15:14:00,1547565240.0,3606.40000000,3606.40000000,3601.68000000,3602.33000000,47.62479500
2019-01-15 15:15:00,1547565300.0,3602.33000000,3603.28000000,3596.15000000,3601.14000000,74.88528000
2019-01-15 15:16:00,1547565360.0,3600.32000000,3602.16000000,3592.08000000,3600.00000000,68.69909000
2019-01-15 15:17:00,1547565420.0,3599.81000000,3601.29000000,3584.70000000,3588.02000000,107.69096000
2019-01-15 15:18:00,1547565480.0,3587.05000000,3596.49000000,3580.00000000,3587.42000000,165.70002000
2019-01-15 15:19:00,1547565540.0,3588.52000000,3597.39000000,3587.51000000,3597.39000000,54.78587800
2019-01-15 15:20:00,1547565600.0,3597.39000000,3600.32000000,3594.77000000,3599.56000000,32.67262600
2019-01-15 15:21:00,1547565660.0,3600.00000000,3600.00000000,3594.60000000,3595.66000000,35.67828500
2019-01-15 15:22:00,1547565720.0,3595.94000000,3595.95000000,3593.57000000,3594.66000000,34.74042700
2019-01-15 15:23:00,1547565780.0,3594.66000000,3595.79000000,3592.65000000,3594.89000000,24.07569300
2019-01-15 15:24:00,1547565840.0,3594.89000000,3601.19000000,3593.38000000,3600.11000000,35.98025700
2019-01-15 15:25:00,1547565900.0,3600.13000000,3602.58000000,3596.37000000,3599.14000000,26.21931100
2019-01-15 15:26:00,1547565960.0,3596.63000000,3599.91000000,3595.73000000,3598.09000000,23.85399400
2019-01-15 15:27:00,1547566020.0,3598.08000000,3599.35000000,3598.04000000,3599.35000000,21.00528900
2019-01-15 15:28:00,1547566080.0,3598.18000000,3600.54000000,3598.18000000,3598.69000000,27.29404200
2019-01-15 15:29:00,1547566140.0,3600.41000000,3600.43000000,3593.00000000,3593.00000000,46.62865200
2019-01-15 15:30:00,1547566200.0,3593.02000000,3597.70000000,3593.00000000,3597.04000000,35.35650900
2019-01-15 15:31:00,1547566260.0,3597.35000000,3597.35000000,3594.00000000,3594.23000000,72.01935500
2019-01-15 15:32:00,1547566320.0,3594.23000000,3597.19000000,3594.01000000,3594.13000000,32.99499800
2019-01-15 15:33:00,1547566380.0,3594.14000000,3602.09000000,3593.00000000,3599.39000000,77.84982400
2019-01-15 15:34:00,1547566440.0,3599.41000000,3603.07000000,3598.23000000,3601.38000000,41.51604300
2019-01-15 15:35:00,1547566500.0,3602.49000000,3602.96000000,3600.16000000,3602.00000000,26.21425800
2019-01-15 15:36:00,1547566560.0,3601.12000000,3602.83000000,3597.57000000,3602.77000000,24.22531200
2019-01-15 15:37:00,1547566620.0,3602.59000000,3607.11000000,3600.94000000,3602.94000000,19.92099700
2019-01-15 15:38:00,1547566680.0,3602.94000000,3603.10000000,3599.01000000,3600.59000000,30.01357500
2019-01-15 15:39:00,1547566740.0,3600.62000000,3602.01000000,3600.18000000,3601.60000000,19.39245500
2019-01-15 15:40:00,1547566800.0,3601.32000000,3601.97000000,3600.18000000,3601.63000000,22.89530400
2019-01-15 15:41:00,1547566860.0,3601.63000000,3602.01000000,3601.02000000,3601.99000000,25.89485900
2019-01-15 15:42:00,1547566920.0,3601.65000000,3601.68000000,3601.02000000,3601.68000000,16.54495500
2019-01-15 15:43:00,1547566980.0,3601.68000000,3602.35000000,3601.10000000,3601.65000000,21.32973100
2019-01-15 15:44:00,1547567040.0,3601.63000000,3601.81000000,3599.00000000,3599.99000000,34.60330300
2019-01-15 15:45:00,1547567100.0,3599.30000000,3601.00000000,3599.12000000,3600.00000000,20.54402300
2019-01-15 15:46:00,1547567160.0,3600.94000000,3600.94000000,3599.50000000,3599.65000000,23.56684000
2019-01-15 15:47:00,1547567220.0,3599.65000000,3601.81000000,3599.52000000,3601.69000000,17.46565400
2019-01-15 15:48:00,1547567280.0,3601.40000000,3602.84000000,3600.00000000,3601.83000000,37.40577500
2019-01-15 15:49:00,1547567340.0,3600.36000000,3601.14000000,3598.07000000,3600.01000000,19.86663000
2019-01-15 15:50:00,1547567400.0,3600.01000000,3600.98000000,3582.45000000,3584.10000000,107.31912600
2019-01-15 15:51:00,1547567460.0,3584.08000000,3595.39000000,3580.00000000,3591.82000000,98.99681500
2019-01-15 15:52:00,1547567520.0,3591.88000000,3594.17000000,3585.35000000,3591.92000000,36.21898900
2019-01-15 15:53:00,1547567580.0,3592.57000000,3594.74000000,3588.64000000,3588.64000000,42.90049800
2019-01-15 15:54:00,1547567640.0,3589.64000000,3592.00000000,3589.64000000,3590.01000000,43.43535900
2019-01-15 15:55:00,1547567700.0,3590.35000000,3592.67000000,3589.00000000,3590.70000000,30.08950700
2019-01-15 15:56:00,1547567760.0,3590.68000000,3592.67000000,3590.43000000,3591.39000000,26.81131200
2019-01-15 15:57:00,1547567820.0,3591.42000000,3600.00000000,3590.97000000,3598.07000000,47.11328400
2019-01-15 15:58:00,1547567880.0,3598.64000000,3600.00000000,3593.63000000,3594.83000000,57.55052100
2019-01-15 15:59:00,1547567940.0,3595.77000000,3598.36000000,3593.91000000,3596.98000000,30.91256700
2019-01-15 16:00:00,1547568000.0,3597.31000000,3598.96000000,3596.05000000,3597.88000000,35.22884900
2019-01-15 16:01:00,1547568060.0,3597.88000000,3597.94000000,3594.35000000,3594.55000000,19.31882000
2019-01-15 16:02:00,1547568120.0,3594.33000000,3594.95000000,3583.50000000,3589.29000000,70.85696600
2019-01-15 16:03:00,1547568180.0,3589.29000000,3598.69000000,3587.91000000,3594.89000000,63.70540500
2019-01-15 16:04:00,1547568240.0,3595.71000000,3605.78000000,3594.58000000,3601.02000000,76.67704200
2019-01-15 16:05:00,1547568300.0,3601.02000000,3605.74000000,3596.44000000,3601.95000000,32.32011900
2019-01-15 16:06:00,1547568360.0,3600.94000000,3609.98000000,3600.94000000,3609.26000000,65.58068100
2019-01-15 16:07:00,1547568420.0,3609.27000000,3610.73000000,3601.07000000,3603.36000000,47.06906100
2019-01-15 16:08:00,1547568480.0,3603.36000000,3606.89000000,3601.34000000,3605.46000000,22.05241700
2019-01-15 16:09:00,1547568540.0,3605.66000000,3607.20000000,3604.03000000,3606.59000000,14.26020800
2019-01-15 16:10:00,1547568600.0,3607.80000000,3607.80000000,3604.46000000,3605.31000000,17.43713200
2019-01-15 16:11:00,1547568660.0,3605.31000000,3606.00000000,3602.52000000,3603.85000000,16.09733600
2019-01-15 16:12:00,1547568720.0,3602.63000000,3603.90000000,3591.95000000,3596.86000000,90.37125600
2019-01-15 16:13:00,1547568780.0,3596.47000000,3599.21000000,3595.99000000,3596.92000000,27.23340500
2019-01-15 16:14:00,1547568840.0,3596.90000000,3602.00000000,3596.90000000,3599.54000000,21.47709400
2019-01-15 16:15:00,1547568900.0,3599.52000000,3600.62000000,3595.12000000,3597.08000000,29.74366100
2019-01-15 16:16:00,1547568960.0,3596.76000000,3598.80000000,3595.13000000,3597.96000000,41.44063700
2019-01-15 16:17:00,1547569020.0,3597.27000000,3600.00000000,3596.01000000,3600.00000000,22.70569800
2019-01-15 16:18:00,1547569080.0,3600.37000000,3601.99000000,3597.96000000,3598.99000000,20.80774600
2019-01-15 16:19:00,1547569140.0,3598.54000000,3601.00000000,3598.51000000,3600.98000000,27.58066900
2019-01-15 16:20:00,1547569200.0,3600.53000000,3601.99000000,3599.35000000,3600.31000000,15.37984700
2019-01-15 16:21:00,1547569260.0,3600.31000000,3602.00000000,3600.31000000,3601.86000000,28.35363900
2019-01-15 16:22:00,1547569320.0,3601.87000000,3601.89000000,3600.32000000,3600.95000000,17.60825200
2019-01-15 16:23:00,1547569380.0,3600.94000000,3601.61000000,3599.91000000,3600.83000000,19.64172700
2019-01-15 16:24:00,1547569440.0,3601.09000000,3601.84000000,3599.91000000,3600.89000000,14.38502000
2019-01-15 16:25:00,1547569500.0,3600.87000000,3601.84000000,3600.59000000,3601.84000000,21.85517600
2019-01-15 16:26:00,1547569560.0,3601.84000000,3602.99000000,3600.84000000,3602.19000000,21.81447600
2019-01-15 16:27:00,1547569620.0,3602.18000000,3603.48000000,3602.00000000,3602.04000000,12.63904300
2019-01-15 16:28:00,1547569680.0,3602.64000000,3603.50000000,3602.00000000,3602.71000000,20.41004600
2019-01-15 16:29:00,1547569740.0,3603.39000000,3609.00000000,3603.39000000,3606.12000000,45.47853200
2019-01-15 16:30:00,1547569800.0,3606.10000000,3608.48000000,3604.44000000,3607.54000000,19.44505600
2019-01-15 16:31:00,1547569860.0,3606.91000000,3607.54000000,3606.12000000,3606.45000000,26.20144100
2019-01-15 16:32:00,1547569920.0,3606.43000000,3607.53000000,3605.15000000,3606.52000000,14.67944400
2019-01-15 16:33:00,1547569980.0,3606.55000000,3607.46000000,3605.56000000,3606.84000000,25.31061500
2019-01-15 16:34:00,1547570040.0,3606.76000000,3607.22000000,3600.94000000,3604.49000000,21.65807900
2019-01-15 16:35:00,1547570100.0,3603.88000000,3605.97000000,3600.00000000,3601.34000000,26.32192300
2019-01-15 16:36:00,1547570160.0,3601.34000000,3602.28000000,3599.91000000,3601.55000000,15.08881200
2019-01-15 16:37:00,1547570220.0,3601.34000000,3601.90000000,3599.00000000,3599.07000000,18.30850700
2019-01-15 16:38:00,1547570280.0,3599.10000000,3600.00000000,3599.02000000,3599.06000000,17.80666300
2019-01-15 16:39:00,1547570340.0,3600.00000000,3605.00000000,3599.09000000,3604.98000000,45.23298000
2019-01-15 16:40:00,1547570400.0,3604.99000000,3606.48000000,3601.54000000,3603.86000000,16.52758400
2019-01-15 16:41:00,1547570460.0,3603.87000000,3606.94000000,3603.50000000,3606.11000000,17.44009600
2019-01-15 16:42:00,1547570520.0,3606.56000000,3606.88000000,3603.01000000,3605.06000000,17.86681400
2019-01-15 16:43:00,1547570580.0,3605.05000000,3606.86000000,3604.30000000,3604.72000000,21.30006500
2019-01-15 16:44:00,1547570640.0,3604.81000000,3605.34000000,3603.39000000,3604.02000000,12.00196700
2019-01-15 16:45:00,1547570700.0,3604.28000000,3604.59000000,3599.11000000,3600.69000000,23.95699600
2019-01-15 16:46:00,1547570760.0,3601.51000000,3602.16000000,3601.02000000,3601.88000000,12.82470800
2019-01-15 16:47:00,1547570820.0,3601.88000000,3602.01000000,3601.00000000,3601.48000000,14.41102600
2019-01-15 16:48:00,1547570880.0,3601.00000000,3601.84000000,3599.67000000,3600.94000000,29.63120100
2019-01-15 16:49:00,1547570940.0,3600.95000000,3600.95000000,3598.60000000,3600.80000000,23.84946700
2019-01-15 16:50:00,1547571000.0,3599.70000000,3601.00000000,3596.17000000,3599.94000000,22.53266700
2019-01-15 16:51:00,1547571060.0,3599.47000000,3601.00000000,3597.87000000,3599.02000000,17.85953100
2019-01-15 16:52:00,1547571120.0,3598.10000000,3599.76000000,3596.00000000,3597.98000000,19.55315200
2019-01-15 16:53:00,1547571180.0,3597.59000000,3600.99000000,3597.22000000,3599.14000000,22.81503800
2019-01-15 16:54:00,1547571240.0,3600.73000000,3602.24000000,3599.14000000,3602.18000000,12.66939200
2019-01-15 16:55:00,1547571300.0,3601.94000000,3602.83000000,3600.66000000,3601.13000000,14.08842500
2019-01-15 16:56:00,1547571360.0,3602.13000000,3602.13000000,3599.00000000,3599.59000000,15.34326500
2019-01-15 16:57:00,1547571420.0,3599.57000000,3599.61000000,3599.00000000,3599.61000000,10.34907200
2019-01-15 16:58:00,1547571480.0,3599.01000000,3601.96000000,3599.01000000,3600.39000000,10.27091500
2019-01-15 16:59:00,1547571540.0,3600.28000000,3601.01000000,3599.00000000,3599.01000000,12.96904000
2019-01-15 17:00:00,1547571600.0,3599.01000000,3600.00000000,3598.00000000,3598.79000000,14.54281500
2019-01-15 17:01:00,1547571660.0,3598.86000000,3599.80000000,3598.00000000,3598.15000000,6.67531400
2019-01-15 17:02:00,1547571720.0,3598.03000000,3598.15000000,3596.00000000,3596.00000000,22.87593400
2019-01-15 17:03:00,1547571780.0,3597.24000000,3597.69000000,3596.00000000,3596.89000000,19.20764500
2019-01-15 17:04:00,1547571840.0,3596.63000000,3597.57000000,3596.00000000,3596.53000000,15.64944700
2019-01-15 17:05:00,1547571900.0,3597.15000000,3597.17000000,3596.20000000,3596.98000000,11.80827800
2019-01-15 17:06:00,1547571960.0,3597.00000000,3597.57000000,3596.49000000,3597.57000000,20.19635800
2019-01-15 17:07:00,1547572020.0,3597.27000000,3600.00000000,3597.25000000,3599.05000000,17.41613300
2019-01-15 17:08:00,1547572080.0,3599.03000000,3600.86000000,3599.01000000,3600.45000000,16.09594400
2019-01-15 17:09:00,1547572140.0,3599.52000000,3601.10000000,3599.10000000,3600.23000000,13.57517300
2019-01-15 17:10:00,1547572200.0,3600.32000000,3601.10000000,3600.01000000,3601.10000000,11.17915200
2019-01-15 17:11:00,1547572260.0,3601.00000000,3602.12000000,3600.00000000,3601.01000000,20.92845100
2019-01-15 17:12:00,1547572320.0,3601.01000000,3602.82000000,3601.00000000,3601.10000000,9.80546700
2019-01-15 17:13:00,1547572380.0,3601.11000000,3601.97000000,3596.00000000,3596.12000000,36.86695900
2019-01-15 17:14:00,1547572440.0,3596.12000000,3598.84000000,3595.50000000,3596.36000000,16.46363600
2019-01-15 17:15:00,1547572500.0,3596.41000000,3598.36000000,3593.78000000,3597.17000000,21.31149600
2019-01-15 17:16:00,1547572560.0,3597.87000000,3599.38000000,3594.00000000,3594.00000000,21.83311300
2019-01-15 17:17:00,1547572620.0,3593.94000000,3595.30000000,3593.93000000,3594.13000000,10.53966800
2019-01-15 17:18:00,1547572680.0,3594.58000000,3598.00000000,3594.16000000,3595.00000000,18.33286900
2019-01-15 17:19:00,1547572740.0,3595.92000000,3597.16000000,3594.00000000,3596.50000000,18.08551200
2019-01-15 17:20:00,1547572800.0,3594.78000000,3596.41000000,3594.00000000,3594.58000000,9.99613200
2019-01-15 17:21:00,1547572860.0,3595.84000000,3596.31000000,3592.36000000,3593.83000000,21.72011200
2019-01-15 17:22:00,1547572920.0,3593.82000000,3594.79000000,3592.67000000,3594.10000000,9.60312800
2019-01-15 17:23:00,1547572980.0,3594.79000000,3594.99000000,3592.05000000,3593.50000000,7.66640600
2019-01-15 17:24:00,1547573040.0,3593.50000000,3594.08000000,3593.48000000,3593.50000000,17.50517400
2019-01-15 17:25:00,1547573100.0,3594.00000000,3597.39000000,3593.50000000,3595.00000000,29.08535500
2019-01-15 17:26:00,1547573160.0,3595.76000000,3597.50000000,3595.00000000,3595.33000000,13.24023700
2019-01-15 17:27:00,1547573220.0,3596.08000000,3597.20000000,3595.08000000,3595.52000000,7.13235100
2019-01-15 17:28:00,1547573280.0,3595.51000000,3596.10000000,3595.50000000,3595.50000000,12.37510100
2019-01-15 17:29:00,1547573340.0,3595.82000000,3596.12000000,3595.01000000,3595.36000000,9.54966000
2019-01-15 17:30:00,1547573400.0,3595.01000000,3595.79000000,3592.90000000,3595.38000000,19.10958200
2019-01-15 17:31:00,1547573460.0,3595.38000000,3596.12000000,3593.13000000,3595.71000000,9.53734200
2019-01-15 17:32:00,1547573520.0,3595.57000000,3595.93000000,3594.31000000,3595.83000000,16.86208700
2019-01-15 17:33:00,1547573580.0,3595.85000000,3597.99000000,3594.32000000,3596.93000000,13.32776600
2019-01-15 17:34:00,1547573640.0,3596.37000000,3598.79000000,3594.08000000,3597.75000000,19.21812000
2019-01-15 17:35:00,1547573700.0,3597.77000000,3603.11000000,3596.28000000,3602.51000000,42.64037000
2019-01-15 17:36:00,1547573760.0,3601.95000000,3602.51000000,3596.45000000,3599.33000000,16.64576300
2019-01-15 17:37:00,1547573820.0,3599.31000000,3600.16000000,3598.17000000,3600.16000000,12.85683300
2019-01-15 17:38:00,1547573880.0,3600.21000000,3604.00000000,3600.16000000,3601.17000000,17.64433600
2019-01-15 17:39:00,1547573940.0,3601.53000000,3603.72000000,3600.63000000,3601.57000000,10.84764000
2019-01-15 17:40:00,1547574000.0,3601.57000000,3603.72000000,3600.16000000,3601.20000000,46.90169800
2019-01-15 17:41:00,1547574060.0,3601.43000000,3603.46000000,3600.02000000,3600.42000000,19.76255900
2019-01-15 17:42:00,1547574120.0,3601.18000000,3603.11000000,3600.00000000,3603.11000000,21.43269100
2019-01-15 17:43:00,1547574180.0,3603.06000000,3604.50000000,3597.81000000,3598.82000000,43.28612900
2019-01-15 17:44:00,1547574240.0,3597.82000000,3603.54000000,3595.80000000,3599.45000000,28.14548500
2019-01-15 17:45:00,1547574300.0,3599.87000000,3604.00000000,3597.50000000,3601.95000000,18.56652200
2019-01-15 17:46:00,1547574360.0,3601.61000000,3601.96000000,3599.52000000,3601.96000000,7.65857400
2019-01-15 17:47:00,1547574420.0,3601.52000000,3601.96000000,3599.83000000,3601.94000000,16.56663100
2019-01-15 17:48:00,1547574480.0,3601.48000000,3601.96000000,3601.48000000,3601.57000000,6.23219700
2019-01-15 17:49:00,1547574540.0,3601.60000000,3601.64000000,3600.00000000,3601.02000000,11.38838200
2019-01-15 17:50:00,1547574600.0,3601.32000000,3603.55000000,3600.77000000,3601.56000000,10.61386900
2019-01-15 17:51:00,1547574660.0,3602.06000000,3602.09000000,3601.03000000,3602.08000000,9.20235500
2019-01-15 17:52:00,1547574720.0,3602.08000000,3603.00000000,3601.10000000,3602.45000000,7.32282200
2019-01-15 17:53:00,1547574780.0,3602.43000000,3603.00000000,3601.27000000,3602.16000000,8.61847800
2019-01-15 17:54:00,1547574840.0,3602.97000000,3603.00000000,3602.15000000,3602.58000000,5.19105500
2019-01-15 17:55:00,1547574900.0,3602.56000000,3604.00000000,3602.15000000,3604.00000000,10.77321800
2019-01-15 17:56:00,1547574960.0,3603.26000000,3603.58000000,3602.15000000,3602.68000000,11.15432100
2019-01-15 17:57:00,1547575020.0,3602.49000000,3603.82000000,3600.03000000,3601.33000000,30.83673100
2019-01-15 17:58:00,1547575080.0,3601.32000000,3602.18000000,3600.04000000,3601.16000000,8.79267100
2019-01-15 17:59:00,1547575140.0,3601.98000000,3603.49000000,3600.34000000,3602.37000000,18.16751800
2019-01-15 18:00:00,1547575200.0,3602.25000000,3604.00000000,3601.48000000,3601.48000000,7.28574000
2019-01-15 18:01:00,1547575260.0,3601.44000000,3602.00000000,3591.00000000,3599.42000000,80.44749800
2019-01-15 18:02:00,1547575320.0,3598.98000000,3600.86000000,3596.40000000,3598.70000000,10.05392300
2019-01-15 18:03:00,1547575380.0,3598.70000000,3600.00000000,3597.41000000,3599.46000000,7.48798400
2019-01-15 18:04:00,1547575440.0,3598.70000000,3599.93000000,3598.09000000,3598.98000000,9.35692200
2019-01-15 18:05:00,1547575500.0,3598.77000000,3603.94000000,3598.17000000,3603.44000000,19.48374200
2019-01-15 18:06:00,1547575560.0,3603.47000000,3606.32000000,3599.51000000,3604.46000000,26.57602800
2019-01-15 18:07:00,1547575620.0,3603.78000000,3606.89000000,3602.68000000,3604.54000000,13.75568300
2019-01-15 18:08:00,1547575680.0,3604.58000000,3607.62000000,3604.54000000,3606.71000000,10.29264100
2019-01-15 18:09:00,1547575740.0,3606.03000000,3607.11000000,3605.80000000,3605.80000000,11.52283700
2019-01-15 18:10:00,1547575800.0,3605.80000000,3607.06000000,3595.00000000,3595.00000000,37.68179800
2019-01-15 18:11:00,1547575860.0,3595.93000000,3603.22000000,3595.01000000,3597.00000000,25.39611300
2019-01-15 18:12:00,1547575920.0,3596.92000000,3602.12000000,3596.92000000,3600.58000000,13.52038100
2019-01-15 18:13:00,1547575980.0,3600.58000000,3601.72000000,3600.00000000,3600.13000000,8.31898100
2019-01-15 18:14:00,1547576040.0,3600.84000000,3603.35000000,3592.08000000,3593.07000000,35.96114800
2019-01-15 18:15:00,1547576100.0,3593.07000000,3595.04000000,3592.08000000,3592.77000000,12.93524600
2019-01-15 18:16:00,1547576160.0,3592.99000000,3594.19000000,3591.24000000,3591.63000000,29.29113700
2019-01-15 18:17:00,1547576220.0,3592.57000000,3596.00000000,3590.50000000,3592.85000000,20.45980600
2019-01-15 18:18:00,1547576280.0,3592.98000000,3593.60000000,3591.52000000,3592.81000000,8.26705900
2019-01-15 18:19:00,1547576340.0,3592.59000000,3593.04000000,3592.18000000,3593.04000000,9.47878700
2019-01-15 18:20:00,1547576400.0,3593.04000000,3599.09000000,3592.29000000,3597.22000000,39.66660800
2019-01-15 18:21:00,1547576460.0,3597.99000000,3599.48000000,3596.29000000,3598.30000000,8.45798600
2019-01-15 18:22:00,1547576520.0,3598.30000000,3598.30000000,3594.92000000,3595.98000000,8.77596200
2019-01-15 18:23:00,1547576580.0,3595.98000000,3599.18000000,3594.98000000,3598.98000000,42.32577000
2019-01-15 18:24:00,1547576640.0,3598.01000000,3599.00000000,3596.72000000,3597.39000000,16.89755700
2019-01-15 18:25:00,1547576700.0,3597.39000000,3598.32000000,3596.38000000,3597.52000000,6.66609800
2019-01-15 18:26:00,1547576760.0,3597.53000000,3597.67000000,3596.57000000,3597.38000000,14.83275500
2019-01-15 18:27:00,1547576820.0,3597.36000000,3597.40000000,3596.65000000,3597.37000000,12.72905800
2019-01-15 18:28:00,1547576880.0,3596.95000000,3597.38000000,3596.26000000,3597.25000000,4.60899300
2019-01-15 18:29:00,1547576940.0,3596.90000000,3597.40000000,3596.27000000,3597.25000000,35.89864500
2019-01-15 18:30:00,1547577000.0,3597.25000000,3597.27000000,3596.00000000,3596.05000000,11.29348800
2019-01-15 18:31:00,1547577060.0,3597.00000000,3597.00000000,3594.00000000,3595.66000000,12.35617300
2019-01-15 18:32:00,1547577120.0,3596.33000000,3596.96000000,3595.08000000,3595.66000000,6.82099500
2019-01-15 18:33:00,1547577180.0,3596.61000000,3596.61000000,3595.66000000,3596.17000000,11.99376000
2019-01-15 18:34:00,1547577240.0,3596.46000000,3596.50000000,3595.66000000,3596.50000000,11.67633600
2019-01-15 18:35:00,1547577300.0,3596.45000000,3596.50000000,3595.66000000,3596.50000000,7.93738400
2019-01-15 18:36:00,1547577360.0,3596.50000000,3598.97000000,3596.00000000,3598.53000000,10.50369500
2019-01-15 18:37:00,1547577420.0,3598.86000000,3598.97000000,3597.08000000,3598.61000000,8.58128100
2019-01-15 18:38:00,1547577480.0,3598.61000000,3599.00000000,3597.95000000,3599.00000000,9.99939300
2019-01-15 18:39:00,1547577540.0,3598.15000000,3599.00000000,3597.98000000,3598.95000000,8.96298100
2019-01-15 18:40:00,1547577600.0,3598.88000000,3599.00000000,3597.98000000,3598.56000000,6.82547200
2019-01-15 18:41:00,1547577660.0,3598.56000000,3599.01000000,3590.50000000,3592.56000000,66.64429900
2019-01-15 18:42:00,1547577720.0,3592.59000000,3600.99000000,3591.00000000,3600.34000000,62.68260000
2019-01-15 18:43:00,1547577780.0,3600.34000000,3601.00000000,3592.53000000,3595.31000000,36.63859900
2019-01-15 18:44:00,1547577840.0,3595.66000000,3595.66000000,3593.57000000,3594.99000000,5.04060900
2019-01-15 18:45:00,1547577900.0,3595.01000000,3595.66000000,3593.60000000,3594.01000000,17.42477100
2019-01-15 18:46:00,1547577960.0,3594.04000000,3595.66000000,3594.00000000,3595.49000000,10.34479100
2019-01-15 18:47:00,1547578020.0,3595.00000000,3595.63000000,3593.57000000,3593.57000000,12.97400900
2019-01-15 18:48:00,1547578080.0,3593.57000000,3593.95000000,3593.00000000,3593.56000000,18.48062000
2019-01-15 18:49:00,1547578140.0,3593.56000000,3595.04000000,3593.01000000,3593.05000000,7.19493800
2019-01-15 18:50:00,1547578200.0,3593.65000000,3595.75000000,3593.07000000,3595.00000000,14.63570700
2019-01-15 18:51:00,1547578260.0,3595.25000000,3595.50000000,3592.70000000,3595.41000000,8.09639500
2019-01-15 18:52:00,1547578320.0,3595.40000000,3595.45000000,3593.13000000,3593.65000000,4.00068400
2019-01-15 18:53:00,1547578380.0,3593.19000000,3594.87000000,3592.92000000,3594.03000000,8.08607100
2019-01-15 18:54:00,1547578440.0,3593.66000000,3596.50000000,3592.94000000,3595.00000000,11.44575300
2019-01-15 18:55:00,1547578500.0,3595.25000000,3595.54000000,3592.00000000,3594.12000000,10.21297700
2019-01-15 18:56:00,1547578560.0,3594.13000000,3594.98000000,3593.25000000,3594.88000000,5.85018700
2019-01-15 18:57:00,1547578620.0,3594.90000000,3595.99000000,3593.99000000,3594.90000000,5.45311600
2019-01-15 18:58:00,1547578680.0,3595.69000000,3595.87000000,3592.26000000,3595.72000000,8.50349500
2019-01-15 18:59:00,1547578740.0,3595.72000000,3599.00000000,3594.77000000,3596.98000000,13.49560400
2019-01-15 19:00:00,1547578800.0,3596.96000000,3597.49000000,3595.73000000,3596.54000000,11.07220300
2019-01-15 19:01:00,1547578860.0,3597.46000000,3597.49000000,3595.47000000,3596.50000000,8.13290600
2019-01-15 19:02:00,1547578920.0,3596.99000000,3599.00000000,3595.61000000,3597.98000000,20.36368600
2019-01-15 19:03:00,1547578980.0,3598.11000000,3599.00000000,3597.88000000,3598.96000000,5.37767700
2019-01-15 19:04:00,1547579040.0,3598.96000000,3600.00000000,3596.00000000,3599.39000000,21.65157600
2019-01-15 19:05:00,1547579100.0,3599.39000000,3599.39000000,3597.36000000,3598.08000000,5.97824600
2019-01-15 19:06:00,1547579160.0,3598.08000000,3599.00000000,3593.52000000,3594.08000000,27.89393100
2019-01-15 19:07:00,1547579220.0,3593.52000000,3594.70000000,3592.26000000,3594.56000000,11.73375500
2019-01-15 19:08:00,1547579280.0,3594.56000000,3595.99000000,3593.58000000,3595.06000000,7.39541100
2019-01-15 19:09:00,1547579340.0,3595.08000000,3596.46000000,3593.58000000,3593.94000000,5.83733100
2019-01-15 19:10:00,1547579400.0,3593.59000000,3596.49000000,3593.58000000,3594.87000000,17.86540700
2019-01-15 19:11:00,1547579460.0,3594.75000000,3596.43000000,3594.39000000,3596.41000000,7.17579000
2019-01-15 19:12:00,1547579520.0,3595.92000000,3596.42000000,3594.22000000,3594.66000000,6.56645300
2019-01-15 19:13:00,1547579580.0,3594.66000000,3594.69000000,3592.92000000,3594.68000000,7.07372300
2019-01-15 19:14:00,1547579640.0,3594.65000000,3594.69000000,3593.48000000,3594.67000000,12.54204000
2019-01-15 19:15:00,1547579700.0,3594.34000000,3594.69000000,3592.92000000,3593.58000000,15.40825200
2019-01-15 19:16:00,1547579760.0,3593.54000000,3594.00000000,3592.26000000,3593.98000000,11.87839200
2019-01-15 19:17:00,1547579820.0,3593.19000000,3594.00000000,3592.26000000,3593.89000000,12.31775300
2019-01-15 19:18:00,1547579880.0,3593.81000000,3593.82000000,3592.26000000,3593.50000000,6.58031700
2019-01-15 19:19:00,1547579940.0,3593.34000000,3593.98000000,3592.32000000,3593.84000000,14.01661100
2019-01-15 19:20:00,1547580000.0,3593.68000000,3594.69000000,3593.66000000,3594.56000000,26.60449600
2019-01-15 19:21:00,1547580060.0,3594.67000000,3595.95000000,3593.75000000,3595.95000000,13.24463200
2019-01-15 19:22:00,1547580120.0,3594.05000000,3596.00000000,3594.05000000,3595.58000000,4.50160800
2019-01-15 19:23:00,1547580180.0,3595.46000000,3596.89000000,3595.14000000,3596.82000000,4.78106700
2019-01-15 19:24:00,1547580240.0,3596.33000000,3597.00000000,3592.00000000,3595.17000000,27.41714400
2019-01-15 19:25:00,1547580300.0,3593.94000000,3598.00000000,3593.94000000,3598.00000000,8.49699100
2019-01-15 19:26:00,1547580360.0,3596.50000000,3598.60000000,3596.49000000,3597.57000000,17.60144500
2019-01-15 19:27:00,1547580420.0,3598.08000000,3598.42000000,3597.57000000,3597.57000000,11.49407800
2019-01-15 19:28:00,1547580480.0,3597.57000000,3598.20000000,3597.00000000,3597.61000000,4.86724900
2019-01-15 19:29:00,1547580540.0,3597.61000000,3597.63000000,3595.00000000,3595.60000000,8.31127500
2019-01-15 19:30:00,1547580600.0,3595.59000000,3597.57000000,3595.06000000,3596.25000000,9.72599400
2019-01-15 19:31:00,1547580660.0,3596.00000000,3597.01000000,3595.02000000,3596.99000000,5.02048100
2019-01-15 19:32:00,1547580720.0,3596.28000000,3598.67000000,3595.99000000,3597.17000000,12.47932700
2019-01-15 19:33:00,1547580780.0,3597.78000000,3604.00000000,3597.19000000,3598.85000000,56.55134600
2019-01-15 19:34:00,1547580840.0,3598.41000000,3599.35000000,3597.29000000,3597.35000000,7.38268100
2019-01-15 19:35:00,1547580900.0,3597.35000000,3599.95000000,3597.35000000,3599.83000000,16.33970800
2019-01-15 19:36:00,1547580960.0,3599.83000000,3600.72000000,3599.00000000,3600.72000000,12.65269700
2019-01-15 19:37:00,1547581020.0,3600.05000000,3600.98000000,3599.05000000,3599.24000000,7.47559100
2019-01-15 19:38:00,1547581080.0,3599.44000000,3600.00000000,3599.02000000,3599.07000000,12.10372200
2019-01-15 19:39:00,1547581140.0,3599.04000000,3601.02000000,3599.02000000,3599.23000000,12.65959400
2019-01-15 19:40:00,1547581200.0,3600.18000000,3600.18000000,3599.02000000,3599.59000000,4.66048400
2019-01-15 19:41:00,1547581260.0,3599.04000000,3599.61000000,3599.00000000,3599.00000000,11.31490100
2019-01-15 19:42:00,1547581320.0,3599.35000000,3603.92000000,3597.59000000,3601.45000000,20.78621700
2019-01-15 19:43:00,1547581380.0,3601.45000000,3603.79000000,3595.94000000,3596.83000000,6.21693600
2019-01-15 19:44:00,1547581440.0,3596.01000000,3598.34000000,3589.01000000,3589.11000000,73.25899600
2019-01-15 19:45:00,1547581500.0,3590.92000000,3597.90000000,3589.06000000,3594.82000000,47.21427900
2019-01-15 19:46:00,1547581560.0,3594.83000000,3595.89000000,3592.96000000,3594.69000000,5.19490200
2019-01-15 19:47:00,1547581620.0,3594.69000000,3595.89000000,3594.00000000,3595.75000000,6.94526200
2019-01-15 19:48:00,1547581680.0,3594.50000000,3601.93000000,3594.50000000,3600.95000000,9.60002000
2019-01-15 19:49:00,1547581740.0,3600.36000000,3602.00000000,3598.30000000,3600.01000000,8.94768200
2019-01-15 19:50:00,1547581800.0,3601.14000000,3601.14000000,3599.17000000,3600.81000000,6.07717300
2019-01-15 19:51:00,1547581860.0,3600.81000000,3601.02000000,3600.81000000,3600.83000000,7.53964600
2019-01-15 19:52:00,1547581920.0,3600.83000000,3601.88000000,3600.82000000,3600.90000000,6.45751900
2019-01-15 19:53:00,1547581980.0,3601.30000000,3601.86000000,3600.00000000,3601.35000000,6.85436600
2019-01-15 19:54:00,1547582040.0,3601.37000000,3602.00000000,3600.50000000,3601.10000000,7.48955500
2019-01-15 19:55:00,1547582100.0,3601.70000000,3601.70000000,3600.50000000,3600.86000000,9.83609800
2019-01-15 19:56:00,1547582160.0,3600.52000000,3601.25000000,3600.10000000,3601.05000000,10.67937200
2019-01-15 19:57:00,1547582220.0,3600.22000000,3604.87000000,3600.22000000,3604.08000000,27.25087600
2019-01-15 19:58:00,1547582280.0,3604.94000000,3605.00000000,3604.08000000,3604.18000000,8.57360100
2019-01-15 19:59:00,1547582340.0,3604.47000000,3605.00000000,3604.08000000,3604.14000000,9.64828800
2019-01-15 20:00:00,1547582400.0,3604.14000000,3604.99000000,3600.58000000,3600.60000000,31.51896500
2019-01-15 20:01:00,1547582460.0,3602.51000000,3603.63000000,3600.58000000,3602.03000000,6.78360400
2019-01-15 20:02:00,1547582520.0,3602.03000000,3602.99000000,3600.98000000,3602.32000000,8.36354100
2019-01-15 20:03:00,1547582580.0,3602.90000000,3605.00000000,3600.66000000,3602.69000000,21.34194600
2019-01-15 20:04:00,1547582640.0,3602.73000000,3605.00000000,3602.22000000,3602.34000000,10.35893000
2019-01-15 20:05:00,1547582700.0,3602.35000000,3605.00000000,3601.03000000,3602.93000000,11.07948300
2019-01-15 20:06:00,1547582760.0,3604.21000000,3604.82000000,3602.00000000,3602.90000000,10.06621900
2019-01-15 20:07:00,1547582820.0,3602.90000000,3604.55000000,3602.86000000,3603.28000000,13.78118400
2019-01-15 20:08:00,1547582880.0,3604.04000000,3604.04000000,3599.50000000,3602.23000000,89.50532800
2019-01-15 20:09:00,1547582940.0,3602.29000000,3604.65000000,3600.18000000,3603.37000000,15.24028700
2019-01-15 20:10:00,1547583000.0,3603.76000000,3604.65000000,3602.49000000,3603.19000000,5.20879400
2019-01-15 20:11:00,1547583060.0,3603.22000000,3604.34000000,3602.06000000,3602.06000000,34.69418300
2019-01-15 20:12:00,1547583120.0,3602.06000000,3603.79000000,3601.55000000,3602.86000000,4.03998600
2019-01-15 20:13:00,1547583180.0,3602.24000000,3603.73000000,3600.06000000,3600.50000000,11.89414100
2019-01-15 20:14:00,1547583240.0,3601.25000000,3603.80000000,3597.65000000,3598.55000000,52.69708400
2019-01-15 20:15:00,1547583300.0,3597.95000000,3600.00000000,3597.83000000,3599.96000000,16.90595500
2019-01-15 20:16:00,1547583360.0,3600.00000000,3602.17000000,3598.96000000,3600.10000000,21.68655800
2019-01-15 20:17:00,1547583420.0,3601.68000000,3602.26000000,3599.09000000,3601.77000000,23.61463800
2019-01-15 20:18:00,1547583480.0,3601.77000000,3602.11000000,3600.00000000,3600.09000000,9.94310300
2019-01-15 20:19:00,1547583540.0,3601.34000000,3601.44000000,3600.05000000,3600.29000000,10.01457400
2019-01-15 20:20:00,1547583600.0,3600.10000000,3601.37000000,3597.66000000,3597.72000000,15.08420800
2019-01-15 20:21:00,1547583660.0,3597.72000000,3604.53000000,3597.50000000,3601.42000000,31.67273100
2019-01-15 20:22:00,1547583720.0,3601.41000000,3602.64000000,3599.09000000,3601.18000000,6.63296700
2019-01-15 20:23:00,1547583780.0,3601.58000000,3604.00000000,3601.17000000,3602.73000000,9.13846200
2019-01-15 20:24:00,1547583840.0,3602.73000000,3602.73000000,3601.18000000,3601.24000000,60.84367000
2019-01-15 20:25:00,1547583900.0,3602.00000000,3604.52000000,3601.18000000,3603.01000000,17.18066400
2019-01-15 20:26:00,1547583960.0,3603.01000000,3604.55000000,3599.34000000,3603.82000000,24.84841600
2019-01-15 20:27:00,1547584020.0,3603.01000000,3604.03000000,3602.77000000,3603.64000000,9.01139200
2019-01-15 20:28:00,1547584080.0,3603.10000000,3604.06000000,3601.32000000,3603.67000000,13.52603900
2019-01-15 20:29:00,1547584140.0,3603.67000000,3603.81000000,3600.66000000,3603.45000000,10.52568900
2019-01-15 20:30:00,1547584200.0,3602.96000000,3603.81000000,3592.50000000,3592.50000000,85.59797500
2019-01-15 20:31:00,1547584260.0,3592.50000000,3597.58000000,3585.50000000,3596.39000000,76.79685100
2019-01-15 20:32:00,1547584320.0,3597.51000000,3598.85000000,3588.71000000,3590.37000000,39.70460000
2019-01-15 20:33:00,1547584380.0,3588.74000000,3592.68000000,3560.00000000,3570.17000000,416.29426000
2019-01-15 20:34:00,1547584440.0,3570.99000000,3571.99000000,3541.00000000,3551.65000000,503.23999000
2019-01-15 20:35:00,1547584500.0,3551.58000000,3579.25000000,3551.49000000,3562.48000000,303.73050000
2019-01-15 20:36:00,1547584560.0,3561.48000000,3572.45000000,3558.61000000,3565.56000000,163.65667000
2019-01-15 20:37:00,1547584620.0,3566.99000000,3573.78000000,3559.00000000,3573.74000000,90.71655800
2019-01-15 20:38:00,1547584680.0,3571.32000000,3573.96000000,3555.92000000,3558.59000000,133.13654300
2019-01-15 20:39:00,1547584740.0,3557.27000000,3558.71000000,3522.00000000,3522.86000000,354.71926900
2019-01-15 20:40:00,1547584800.0,3522.86000000,3552.27000000,3516.62000000,3538.52000000,436.50537000
2019-01-15 20:41:00,1547584860.0,3538.52000000,3539.99000000,3531.40000000,3533.05000000,130.09628300
2019-01-15 20:42:00,1547584920.0,3531.81000000,3540.00000000,3531.72000000,3535.11000000,85.66414300
2019-01-15 20:43:00,1547584980.0,3533.75000000,3535.06000000,3521.02000000,3524.64000000,99.03098000
2019-01-15 20:44:00,1547585040.0,3524.64000000,3538.12000000,3524.61000000,3529.42000000,116.93930200
2019-01-15 20:45:00,1547585100.0,3530.44000000,3536.38000000,3527.82000000,3532.97000000,57.49416700
2019-01-15 20:46:00,1547585160.0,3531.68000000,3544.88000000,3531.68000000,3543.63000000,57.31789500
2019-01-15 20:47:00,1547585220.0,3543.60000000,3544.48000000,3535.08000000,3539.41000000,96.02167800
2019-01-15 20:48:00,1547585280.0,3539.40000000,3542.89000000,3536.02000000,3542.89000000,30.97556700
2019-01-15 20:49:00,1547585340.0,3542.28000000,3544.85000000,3540.02000000,3543.02000000,52.85809300
2019-01-15 20:50:00,1547585400.0,3543.00000000,3551.59000000,3536.05000000,3542.39000000,114.99379700
2019-01-15 20:51:00,1547585460.0,3541.57000000,3547.77000000,3540.00000000,3543.53000000,56.99676900
2019-01-15 20:52:00,1547585520.0,3543.53000000,3546.14000000,3540.00000000,3540.03000000,32.97874900
2019-01-15 20:53:00,1547585580.0,3540.66000000,3542.34000000,3535.00000000,3535.61000000,89.10107900
2019-01-15 20:54:00,1547585640.0,3535.62000000,3540.30000000,3535.62000000,3537.43000000,24.16357500
2019-01-15 20:55:00,1547585700.0,3536.32000000,3536.32000000,3531.93000000,3532.81000000,44.96733000
2019-01-15 20:56:00,1547585760.0,3533.08000000,3538.56000000,3532.36000000,3533.96000000,53.39593200
2019-01-15 20:57:00,1547585820.0,3533.95000000,3537.89000000,3533.18000000,3537.89000000,37.36681600
2019-01-15 20:58:00,1547585880.0,3537.89000000,3537.89000000,3533.00000000,3533.25000000,32.34686400
2019-01-15 20:59:00,1547585940.0,3533.25000000,3539.56000000,3532.59000000,3532.59000000,38.07541000
2019-01-15 21:00:00,1547586000.0,3534.42000000,3534.42000000,3525.10000000,3532.99000000,103.82540000
2019-01-15 21:01:00,1547586060.0,3532.99000000,3533.00000000,3524.42000000,3530.05000000,62.76883400
2019-01-15 21:02:00,1547586120.0,3530.14000000,3535.40000000,3530.00000000,3535.40000000,63.35247700
2019-01-15 21:03:00,1547586180.0,3535.26000000,3539.34000000,3533.54000000,3539.31000000,44.65404900
2019-01-15 21:04:00,1547586240.0,3539.31000000,3543.20000000,3535.24000000,3542.90000000,39.35149200
2019-01-15 21:05:00,1547586300.0,3540.74000000,3547.02000000,3540.00000000,3543.09000000,41.57734700
2019-01-15 21:06:00,1547586360.0,3542.40000000,3543.58000000,3540.00000000,3540.87000000,30.92480100
2019-01-15 21:07:00,1547586420.0,3540.61000000,3549.31000000,3540.04000000,3542.26000000,45.33806500
2019-01-15 21:08:00,1547586480.0,3541.93000000,3542.26000000,3533.50000000,3541.19000000,53.57102800
2019-01-15 21:09:00,1547586540.0,3541.17000000,3542.99000000,3537.81000000,3540.49000000,39.55838900
2019-01-15 21:10:00,1547586600.0,3540.51000000,3540.99000000,3539.85000000,3540.02000000,38.39515400
2019-01-15 21:11:00,1547586660.0,3540.04000000,3540.92000000,3533.39000000,3534.59000000,42.80621300
2019-01-15 21:12:00,1547586720.0,3534.10000000,3538.50000000,3534.10000000,3537.00000000,30.72122700
2019-01-15 21:13:00,1547586780.0,3537.00000000,3537.02000000,3530.50000000,3535.05000000,67.38665200
2019-01-15 21:14:00,1547586840.0,3535.05000000,3540.51000000,3531.42000000,3533.87000000,66.03972600
2019-01-15 21:15:00,1547586900.0,3533.87000000,3538.80000000,3532.89000000,3535.00000000,36.94195100
2019-01-15 21:16:00,1547586960.0,3534.43000000,3536.47000000,3533.11000000,3536.29000000,22.16482800
2019-01-15 21:17:00,1547587020.0,3535.96000000,3536.47000000,3534.05000000,3534.06000000,18.53521200
2019-01-15 21:18:00,1547587080.0,3535.10000000,3540.13000000,3534.19000000,3539.01000000,26.40833600
2019-01-15 21:19:00,1547587140.0,3539.46000000,3539.47000000,3534.06000000,3536.11000000,32.98792700
2019-01-15 21:20:00,1547587200.0,3537.06000000,3538.95000000,3536.59000000,3538.43000000,21.27335100
2019-01-15 21:21:00,1547587260.0,3538.41000000,3539.91000000,3537.80000000,3538.81000000,32.77754900
2019-01-15 21:22:00,1547587320.0,3538.81000000,3540.73000000,3537.59000000,3540.14000000,35.18927400
2019-01-15 21:23:00,1547587380.0,3540.16000000,3540.35000000,3538.23000000,3539.40000000,24.34601000
2019-01-15 21:24:00,1547587440.0,3539.40000000,3541.09000000,3538.73000000,3541.09000000,17.72181300
2019-01-15 21:25:00,1547587500.0,3540.60000000,3546.42000000,3540.60000000,3544.36000000,30.22738600
2019-01-15 21:26:00,1547587560.0,3544.36000000,3545.00000000,3538.57000000,3542.39000000,43.72474600
2019-01-15 21:27:00,1547587620.0,3542.41000000,3543.30000000,3540.22000000,3541.45000000,27.75744100
2019-01-15 21:28:00,1547587680.0,3541.45000000,3546.88000000,3541.45000000,3543.92000000,84.94262100
2019-01-15 21:29:00,1547587740.0,3543.93000000,3545.79000000,3542.35000000,3544.99000000,29.01612600
2019-01-15 21:30:00,1547587800.0,3544.12000000,3550.00000000,3544.11000000,3548.40000000,40.94044800
2019-01-15 21:31:00,1547587860.0,3548.40000000,3549.99000000,3545.02000000,3545.02000000,27.88096100
2019-01-15 21:32:00,1547587920.0,3546.80000000,3547.33000000,3544.00000000,3547.33000000,31.73311200
2019-01-15 21:33:00,1547587980.0,3547.00000000,3547.33000000,3543.52000000,3545.67000000,24.68422200
2019-01-15 21:34:00,1547588040.0,3545.81000000,3547.18000000,3545.38000000,3545.85000000,22.32917800
2019-01-15 21:35:00,1547588100.0,3545.87000000,3547.26000000,3545.62000000,3546.73000000,27.67454800
2019-01-15 21:36:00,1547588160.0,3546.33000000,3547.62000000,3543.13000000,3546.20000000,31.76136900
2019-01-15 21:37:00,1547588220.0,3545.33000000,3545.40000000,3542.34000000,3544.97000000,23.41082500
2019-01-15 21:38:00,1547588280.0,3544.98000000,3546.38000000,3544.01000000,3545.78000000,22.13427900
2019-01-15 21:39:00,1547588340.0,3545.39000000,3546.96000000,3544.60000000,3546.96000000,23.30284000
2019-01-15 21:40:00,1547588400.0,3545.94000000,3546.95000000,3543.38000000,3544.90000000,17.53126500
2019-01-15 21:41:00,1547588460.0,3544.90000000,3544.93000000,3543.11000000,3544.12000000,17.48320500
2019-01-15 21:42:00,1547588520.0,3544.10000000,3544.60000000,3541.69000000,3541.72000000,18.45444200
2019-01-15 21:43:00,1547588580.0,3541.72000000,3543.03000000,3541.47000000,3543.03000000,20.51088800
2019-01-15 21:44:00,1547588640.0,3543.03000000,3543.03000000,3540.70000000,3541.59000000,15.04651300
2019-01-15 21:45:00,1547588700.0,3541.59000000,3543.91000000,3540.78000000,3542.20000000,23.74843300
2019-01-15 21:46:00,1547588760.0,3542.99000000,3546.58000000,3542.21000000,3546.09000000,18.33185600
2019-01-15 21:47:00,1547588820.0,3546.09000000,3546.11000000,3542.51000000,3545.01000000,18.43297900
2019-01-15 21:48:00,1547588880.0,3545.01000000,3546.74000000,3541.89000000,3544.15000000,21.38851200
2019-01-15 21:49:00,1547588940.0,3544.15000000,3545.14000000,3542.33000000,3542.33000000,14.86977100
2019-01-15 21:50:00,1547589000.0,3542.41000000,3543.29000000,3539.35000000,3539.43000000,23.87923900
2019-01-15 21:51:00,1547589060.0,3539.36000000,3543.57000000,3538.24000000,3540.27000000,33.78822600
2019-01-15 21:52:00,1547589120.0,3540.98000000,3541.95000000,3540.27000000,3541.95000000,18.53916000
2019-01-15 21:53:00,1547589180.0,3541.95000000,3543.00000000,3540.27000000,3540.88000000,11.50842600
2019-01-15 21:54:00,1547589240.0,3541.24000000,3541.43000000,3540.31000000,3541.42000000,12.64004500
2019-01-15 21:55:00,1547589300.0,3540.42000000,3541.43000000,3539.83000000,3541.42000000,20.08547300
2019-01-15 21:56:00,1547589360.0,3541.43000000,3542.61000000,3535.78000000,3538.82000000,40.77800400
2019-01-15 21:57:00,1547589420.0,3538.70000000,3540.41000000,3538.12000000,3538.68000000,22.59699800
2019-01-15 21:58:00,1547589480.0,3538.14000000,3539.12000000,3536.59000000,3537.53000000,12.41817600
2019-01-15 21:59:00,1547589540.0,3538.02000000,3540.00000000,3537.55000000,3539.33000000,18.59419600
2019-01-15 22:00:00,1547589600.0,3539.57000000,3540.21000000,3536.28000000,3536.43000000,15.77663400
2019-01-15 22:01:00,1547589660.0,3536.43000000,3540.00000000,3536.05000000,3538.43000000,24.59041200
2019-01-15 22:02:00,1547589720.0,3538.43000000,3539.87000000,3537.85000000,3538.75000000,11.08162100
2019-01-15 22:03:00,1547589780.0,3539.38000000,3546.35000000,3538.74000000,3545.99000000,45.72435700
2019-01-15 22:04:00,1547589840.0,3544.19000000,3545.93000000,3540.30000000,3543.08000000,15.19981500
2019-01-15 22:05:00,1547589900.0,3543.08000000,3546.99000000,3543.06000000,3545.48000000,19.91744700
2019-01-15 22:06:00,1547589960.0,3546.97000000,3547.58000000,3545.29000000,3545.69000000,17.44725500
2019-01-15 22:07:00,1547590020.0,3546.00000000,3547.31000000,3542.03000000,3545.05000000,33.14980400
2019-01-15 22:08:00,1547590080.0,3545.05000000,3545.37000000,3542.98000000,3544.00000000,20.06679800
2019-01-15 22:09:00,1547590140.0,3544.00000000,3547.08000000,3543.83000000,3545.78000000,13.42973500
2019-01-15 22:10:00,1547590200.0,3545.78000000,3547.24000000,3545.00000000,3545.83000000,12.57221700
2019-01-15 22:11:00,1547590260.0,3545.83000000,3546.95000000,3545.82000000,3545.93000000,11.87880300
2019-01-15 22:12:00,1547590320.0,3546.25000000,3546.95000000,3545.91000000,3546.48000000,15.62095900
2019-01-15 22:13:00,1547590380.0,3546.10000000,3546.52000000,3546.00000000,3546.48000000,11.78549700
2019-01-15 22:14:00,1547590440.0,3546.01000000,3547.00000000,3546.01000000,3547.00000000,18.50730000
2019-01-15 22:15:00,1547590500.0,3546.69000000,3547.00000000,3546.20000000,3547.00000000,11.60646300
2019-01-15 22:16:00,1547590560.0,3547.00000000,3550.00000000,3546.95000000,3550.00000000,41.53625600
2019-01-15 22:17:00,1547590620.0,3550.00000000,3550.00000000,3547.12000000,3549.30000000,24.25507600
2019-01-15 22:18:00,1547590680.0,3549.30000000,3549.30000000,3548.17000000,3549.17000000,12.33767000
2019-01-15 22:19:00,1547590740.0,3549.22000000,3549.96000000,3548.26000000,3548.94000000,17.62640700
2019-01-15 22:20:00,1547590800.0,3548.95000000,3549.94000000,3546.20000000,3548.29000000,23.03514300
2019-01-15 22:21:00,1547590860.0,3548.29000000,3549.97000000,3545.52000000,3549.97000000,14.51738500
2019-01-15 22:22:00,1547590920.0,3549.40000000,3550.00000000,3549.40000000,3550.00000000,16.21479700
2019-01-15 22:23:00,1547590980.0,3550.00000000,3557.50000000,3549.99000000,3553.73000000,95.22323100
2019-01-15 22:24:00,1547591040.0,3554.01000000,3555.00000000,3553.03000000,3554.62000000,43.32280500
2019-01-15 22:25:00,1547591100.0,3554.61000000,3554.69000000,3552.50000000,3552.50000000,23.67425400
2019-01-15 22:26:00,1547591160.0,3552.50000000,3553.67000000,3548.60000000,3550.08000000,28.08914100
2019-01-15 22:27:00,1547591220.0,3550.05000000,3550.94000000,3546.09000000,3546.21000000,10.64672200
2019-01-15 22:28:00,1547591280.0,3546.25000000,3547.93000000,3545.42000000,3547.76000000,7.73809600
2019-01-15 22:29:00,1547591340.0,3547.76000000,3551.29000000,3545.01000000,3548.01000000,14.92434300
2019-01-15 22:30:00,1547591400.0,3549.17000000,3549.17000000,3546.66000000,3548.37000000,8.68321100
2019-01-15 22:31:00,1547591460.0,3547.38000000,3548.35000000,3546.95000000,3547.98000000,14.98298500
2019-01-15 22:32:00,1547591520.0,3547.98000000,3548.00000000,3547.98000000,3547.99000000,7.96369500
2019-01-15 22:33:00,1547591580.0,3547.98000000,3553.93000000,3547.98000000,3550.36000000,37.35561800
2019-01-15 22:34:00,1547591640.0,3550.87000000,3552.00000000,3547.98000000,3551.55000000,19.30983500
2019-01-15 22:35:00,1547591700.0,3551.14000000,3552.74000000,3551.12000000,3552.74000000,13.55955300
2019-01-15 22:36:00,1547591760.0,3553.97000000,3553.97000000,3552.51000000,3553.01000000,11.04303200
2019-01-15 22:37:00,1547591820.0,3553.04000000,3554.69000000,3553.04000000,3554.09000000,16.48725900
2019-01-15 22:38:00,1547591880.0,3554.02000000,3554.68000000,3552.85000000,3552.90000000,14.06426700
2019-01-15 22:39:00,1547591940.0,3552.90000000,3553.85000000,3550.15000000,3550.34000000,14.08334200
2019-01-15 22:40:00,1547592000.0,3550.19000000,3551.51000000,3547.00000000,3549.31000000,26.33905500
2019-01-15 22:41:00,1547592060.0,3548.82000000,3551.82000000,3547.79000000,3550.23000000,9.42823500
2019-01-15 22:42:00,1547592120.0,3549.39000000,3549.39000000,3545.20000000,3546.68000000,16.60069200
2019-01-15 22:43:00,1547592180.0,3547.57000000,3547.59000000,3545.00000000,3546.97000000,20.60434900
2019-01-15 22:44:00,1547592240.0,3546.97000000,3549.37000000,3545.73000000,3548.99000000,10.26697300
2019-01-15 22:45:00,1547592300.0,3548.99000000,3549.21000000,3546.92000000,3547.00000000,10.50132500
2019-01-15 22:46:00,1547592360.0,3549.12000000,3549.12000000,3547.40000000,3547.81000000,9.25736500
2019-01-15 22:47:00,1547592420.0,3547.80000000,3549.38000000,3547.40000000,3548.12000000,9.57837600
2019-01-15 22:48:00,1547592480.0,3549.12000000,3549.33000000,3547.40000000,3549.13000000,7.59601100
2019-01-15 22:49:00,1547592540.0,3549.15000000,3549.33000000,3548.50000000,3548.58000000,5.56431000
2019-01-15 22:50:00,1547592600.0,3548.58000000,3549.33000000,3548.58000000,3549.33000000,8.19706200
2019-01-15 22:51:00,1547592660.0,3549.33000000,3551.97000000,3549.15000000,3550.40000000,9.13611300
2019-01-15 22:52:00,1547592720.0,3550.96000000,3552.15000000,3549.33000000,3549.71000000,7.89600100
2019-01-15 22:53:00,1547592780.0,3549.90000000,3549.90000000,3546.25000000,3549.72000000,15.07434300
2019-01-15 22:54:00,1547592840.0,3549.37000000,3549.78000000,3548.59000000,3549.41000000,8.74726200
2019-01-15 22:55:00,1547592900.0,3549.41000000,3549.90000000,3547.11000000,3549.16000000,15.71121300
2019-01-15 22:56:00,1547592960.0,3548.55000000,3549.03000000,3545.00000000,3547.40000000,10.45392100
2019-01-15 22:57:00,1547593020.0,3547.05000000,3548.07000000,3544.19000000,3545.36000000,14.80823300
2019-01-15 22:58:00,1547593080.0,3544.59000000,3545.55000000,3542.50000000,3542.83000000,43.67623600
2019-01-15 22:59:00,1547593140.0,3542.83000000,3544.15000000,3541.65000000,3543.97000000,21.39752400
2019-01-15 23:00:00,1547593200.0,3543.97000000,3543.98000000,3542.43000000,3543.60000000,14.49077800
2019-01-15 23:01:00,1547593260.0,3543.59000000,3544.86000000,3543.58000000,3544.81000000,16.19481400
2019-01-15 23:02:00,1547593320.0,3544.81000000,3548.05000000,3543.58000000,3546.03000000,9.56514900
2019-01-15 23:03:00,1547593380.0,3546.05000000,3549.32000000,3545.00000000,3548.25000000,20.03128500
2019-01-15 23:04:00,1547593440.0,3548.06000000,3548.88000000,3546.02000000,3547.57000000,6.30471800
2019-01-15 23:05:00,1547593500.0,3548.36000000,3549.00000000,3547.31000000,3548.28000000,7.26698600
2019-01-15 23:06:00,1547593560.0,3548.27000000,3550.00000000,3548.05000000,3549.74000000,8.61965700
2019-01-15 23:07:00,1547593620.0,3549.26000000,3554.45000000,3548.24000000,3549.45000000,42.93331100
2019-01-15 23:08:00,1547593680.0,3550.16000000,3552.09000000,3549.45000000,3550.40000000,30.00564700
2019-01-15 23:09:00,1547593740.0,3550.38000000,3553.16000000,3550.01000000,3552.30000000,18.36467200
2019-01-15 23:10:00,1547593800.0,3551.90000000,3552.31000000,3549.45000000,3550.01000000,17.85921100
2019-01-15 23:11:00,1547593860.0,3549.99000000,3551.16000000,3549.48000000,3549.67000000,6.38761300
2019-01-15 23:12:00,1547593920.0,3550.12000000,3552.19000000,3549.61000000,3550.15000000,7.57465800
2019-01-15 23:13:00,1547593980.0,3550.15000000,3551.69000000,3549.62000000,3550.18000000,7.30114900
2019-01-15 23:14:00,1547594040.0,3549.86000000,3552.11000000,3549.72000000,3550.41000000,6.45791500
2019-01-15 23:15:00,1547594100.0,3551.80000000,3553.00000000,3551.05000000,3552.33000000,39.53457200
2019-01-15 23:16:00,1547594160.0,3552.35000000,3553.73000000,3552.02000000,3553.41000000,23.90608400
2019-01-15 23:17:00,1547594220.0,3553.56000000,3553.96000000,3552.49000000,3553.86000000,22.48630000
2019-01-15 23:18:00,1547594280.0,3553.41000000,3558.17000000,3553.40000000,3558.17000000,32.66300800
2019-01-15 23:19:00,1547594340.0,3558.17000000,3558.18000000,3550.00000000,3556.67000000,66.91860900
2019-01-15 23:20:00,1547594400.0,3556.64000000,3558.12000000,3550.00000000,3555.34000000,36.68489800
2019-01-15 23:21:00,1547594460.0,3555.34000000,3556.58000000,3550.03000000,3551.47000000,13.68787900
2019-01-15 23:22:00,1547594520.0,3551.47000000,3554.26000000,3550.35000000,3553.35000000,31.70600900
2019-01-15 23:23:00,1547594580.0,3553.21000000,3554.66000000,3552.17000000,3552.94000000,10.41393500
2019-01-15 23:24:00,1547594640.0,3553.52000000,3554.20000000,3552.01000000,3553.33000000,5.51861900
2019-01-15 23:25:00,1547594700.0,3553.71000000,3553.82000000,3552.05000000,3553.82000000,8.25923700
2019-01-15 23:26:00,1547594760.0,3553.28000000,3565.10000000,3552.40000000,3563.61000000,70.11203800
2019-01-15 23:27:00,1547594820.0,3564.27000000,3565.10000000,3554.60000000,3559.19000000,34.07953700
2019-01-15 23:28:00,1547594880.0,3559.91000000,3562.82000000,3556.97000000,3562.03000000,15.00142400
2019-01-15 23:29:00,1547594940.0,3560.90000000,3561.33000000,3555.04000000,3560.64000000,12.65905800
2019-01-15 23:30:00,1547595000.0,3560.62000000,3562.04000000,3555.04000000,3555.09000000,24.06559800
2019-01-15 23:31:00,1547595060.0,3555.43000000,3557.32000000,3554.37000000,3555.21000000,11.43719700
2019-01-15 23:32:00,1547595120.0,3555.24000000,3556.33000000,3553.01000000,3555.34000000,28.71717100
2019-01-15 23:33:00,1547595180.0,3554.60000000,3556.00000000,3550.23000000,3555.39000000,24.37659200
2019-01-15 23:34:00,1547595240.0,3555.38000000,3556.00000000,3552.87000000,3556.00000000,21.19645700
2019-01-15 23:35:00,1547595300.0,3555.70000000,3555.70000000,3552.95000000,3554.89000000,7.59968300
2019-01-15 23:36:00,1547595360.0,3553.19000000,3555.99000000,3550.00000000,3554.26000000,24.48645200
2019-01-15 23:37:00,1547595420.0,3554.99000000,3555.29000000,3552.98000000,3553.74000000,10.48984400
2019-01-15 23:38:00,1547595480.0,3554.64000000,3555.88000000,3553.29000000,3555.76000000,7.86751100
2019-01-15 23:39:00,1547595540.0,3554.17000000,3557.09000000,3554.17000000,3556.18000000,6.34262700
2019-01-15 23:40:00,1547595600.0,3556.20000000,3558.00000000,3555.27000000,3557.93000000,18.80110600
2019-01-15 23:41:00,1547595660.0,3557.93000000,3557.93000000,3555.88000000,3556.20000000,5.87290900
2019-01-15 23:42:00,1547595720.0,3556.73000000,3557.86000000,3556.26000000,3557.39000000,4.86853600
2019-01-15 23:43:00,1547595780.0,3557.41000000,3557.76000000,3556.15000000,3556.15000000,7.11716100
2019-01-15 23:44:00,1547595840.0,3557.06000000,3557.40000000,3556.11000000,3556.56000000,6.20311700
2019-01-15 23:45:00,1547595900.0,3556.14000000,3557.12000000,3555.86000000,3555.98000000,11.36278000
2019-01-15 23:46:00,1547595960.0,3556.39000000,3557.10000000,3555.20000000,3556.49000000,14.51139600
2019-01-15 23:47:00,1547596020.0,3555.21000000,3558.72000000,3551.01000000,3555.24000000,39.60104900
2019-01-15 23:48:00,1547596080.0,3553.50000000,3555.24000000,3552.23000000,3555.22000000,23.49057400
2019-01-15 23:49:00,1547596140.0,3554.19000000,3555.24000000,3553.79000000,3554.31000000,7.13165500
2019-01-15 23:50:00,1547596200.0,3555.24000000,3555.24000000,3554.29000000,3555.23000000,5.13676000
2019-01-15 23:51:00,1547596260.0,3555.24000000,3556.09000000,3554.50000000,3555.61000000,9.92813200
2019-01-15 23:52:00,1547596320.0,3555.32000000,3557.00000000,3555.32000000,3556.98000000,13.89368500
2019-01-15 23:53:00,1547596380.0,3556.49000000,3558.52000000,3555.52000000,3557.05000000,7.59532800
2019-01-15 23:54:00,1547596440.0,3557.05000000,3557.67000000,3556.30000000,3556.31000000,7.46816700
2019-01-15 23:55:00,1547596500.0,3557.05000000,3559.03000000,3556.75000000,3557.71000000,17.88016800
2019-01-15 23:56:00,1547596560.0,3557.87000000,3558.00000000,3556.00000000,3557.24000000,11.63814300
2019-01-15 23:57:00,1547596620.0,3556.73000000,3558.00000000,3555.39000000,3555.42000000,8.50480700
2019-01-15 23:58:00,1547596680.0,3555.42000000,3556.42000000,3555.10000000,3555.85000000,4.59772700
2019-01-15 23:59:00,1547596740.0,3555.83000000,3556.36000000,3553.06000000,3553.06000000,29.59663500
