Universal Time,Unix Time,Open,High,Low,Close,Volume
2021-08-09 00:00:00,1628467200.0,3011.84,3017.16,3010.35,3017.16,807.80279
2021-08-09 00:01:00,1628467260.0,3017.21,3024.92,3013.43,3021.71,652.45949
2021-08-09 00:02:00,1628467320.0,3021.88,3028.13,3021.34,3028.03,817.88442
2021-08-09 00:03:00,1628467380.0,3028.04,3035.0,3026.56,3030.22,2347.75305
2021-08-09 00:04:00,1628467440.0,3030.24,3032.66,3015.0,3015.0,1134.6721
2021-08-09 00:05:00,1628467500.0,3015.82,3023.5,3011.29,3011.52,1081.56783
2021-08-09 00:06:00,1628467560.0,3011.29,3012.04,2996.42,2997.27,4050.89363
2021-08-09 00:07:00,1628467620.0,2997.26,3007.16,2996.03,3005.33,2082.49192
2021-08-09 00:08:00,1628467680.0,3005.74,3005.75,2990.74,2993.05,1612.80528
2021-08-09 00:09:00,1628467740.0,2993.05,2993.32,2980.82,2982.1,2697.42067
2021-08-09 00:10:00,1628467800.0,2982.2,2986.04,2980.0,2980.01,2188.74675
2021-08-09 00:11:00,1628467860.0,2980.01,2982.59,2975.01,2980.02,2421.73508
2021-08-09 00:12:00,1628467920.0,2980.02,2980.07,2972.14,2973.24,1509.02598
2021-08-09 00:13:00,1628467980.0,2973.23,2976.01,2964.0,2971.8,3380.16589
2021-08-09 00:14:00,1628468040.0,2971.79,2974.42,2961.55,2970.87,3326.79512
2021-08-09 00:15:00,1628468100.0,2971.84,2972.92,2959.74,2965.76,2739.25006
2021-08-09 00:16:00,1628468160.0,2965.83,2976.99,2964.37,2975.53,1977.03096
2021-08-09 00:17:00,1628468220.0,2975.52,2978.2,2972.0,2976.53,1395.03811
2021-08-09 00:18:00,1628468280.0,2977.03,2977.34,2968.21,2969.15,1201.73744
2021-08-09 00:19:00,1628468340.0,2969.14,2977.5,2968.35,2977.0,1022.10145
2021-08-09 00:20:00,1628468400.0,2977.0,2980.0,2972.9,2975.0,1513.61991
2021-08-09 00:21:00,1628468460.0,2975.0,2975.43,2970.26,2974.01,871.71452
2021-08-09 00:22:00,1628468520.0,2974.0,2975.92,2970.0,2970.82,1012.60008
2021-08-09 00:23:00,1628468580.0,2970.78,2971.9,2968.1,2968.74,1030.67543
2021-08-09 00:24:00,1628468640.0,2969.15,2970.03,2963.56,2964.52,918.30035
2021-08-09 00:25:00,1628468700.0,2964.51,2973.97,2963.51,2968.84,1109.85619
2021-08-09 00:26:00,1628468760.0,2968.83,2968.83,2961.14,2962.5,1076.37375
2021-08-09 00:27:00,1628468820.0,2962.24,2962.98,2958.26,2960.28,1048.93283
2021-08-09 00:28:00,1628468880.0,2960.28,2969.16,2958.82,2968.5,1976.62753
2021-08-09 00:29:00,1628468940.0,2968.51,2968.63,2958.15,2959.28,961.11508
2021-08-09 00:30:00,1628469000.0,2959.28,2966.76,2958.02,2965.91,1247.74795
2021-08-09 00:31:00,1628469060.0,2965.92,2969.35,2963.5,2966.41,1344.73457
2021-08-09 00:32:00,1628469120.0,2965.95,2966.42,2958.74,2958.89,1066.43887
2021-08-09 00:33:00,1628469180.0,2958.88,2961.0,2955.84,2959.99,1031.73144
2021-08-09 00:34:00,1628469240.0,2959.99,2962.77,2953.0,2954.42,1335.87542
2021-08-09 00:35:00,1628469300.0,2954.42,2955.1,2951.03,2951.71,1279.39489
2021-08-09 00:36:00,1628469360.0,2951.38,2958.98,2950.88,2956.42,1418.61919
2021-08-09 00:37:00,1628469420.0,2956.42,2965.15,2954.1,2964.95,1311.53595
2021-08-09 00:38:00,1628469480.0,2964.75,2965.01,2951.61,2951.99,1046.27688
2021-08-09 00:39:00,1628469540.0,2951.99,2957.57,2949.03,2949.76,1979.03929
2021-08-09 00:40:00,1628469600.0,2949.61,2951.96,2946.63,2947.89,1952.89826
2021-08-09 00:41:00,1628469660.0,2947.88,2950.0,2940.63,2940.9,4266.64681
2021-08-09 00:42:00,1628469720.0,2940.91,2941.18,2935.23,2937.74,5010.20641
2021-08-09 00:43:00,1628469780.0,2937.25,2939.19,2932.23,2932.24,2130.7177
2021-08-09 00:44:00,1628469840.0,2932.24,2943.0,2930.0,2936.91,3031.51396
2021-08-09 00:45:00,1628469900.0,2937.07,2939.97,2930.0,2930.0,1331.40605
2021-08-09 00:46:00,1628469960.0,2930.01,2933.64,2926.83,2926.84,5007.48862
2021-08-09 00:47:00,1628470020.0,2926.84,2936.88,2926.23,2936.34,3682.1888
2021-08-09 00:48:00,1628470080.0,2936.33,2943.01,2931.66,2932.02,2276.94596
2021-08-09 00:49:00,1628470140.0,2932.02,2936.86,2927.43,2934.03,1333.37526
2021-08-09 00:50:00,1628470200.0,2934.03,2942.04,2933.97,2934.75,1339.1326
2021-08-09 00:51:00,1628470260.0,2934.79,2940.8,2932.44,2936.34,933.17442
2021-08-09 00:52:00,1628470320.0,2936.34,2944.0,2935.66,2943.1,1139.11353
2021-08-09 00:53:00,1628470380.0,2942.66,2944.63,2936.38,2937.4,1030.86182
2021-08-09 00:54:00,1628470440.0,2937.39,2937.63,2932.52,2934.79,983.16409
2021-08-09 00:55:00,1628470500.0,2934.79,2943.47,2934.78,2943.46,1160.72797
2021-08-09 00:56:00,1628470560.0,2943.45,2944.59,2938.97,2944.12,1380.27272
2021-08-09 00:57:00,1628470620.0,2944.13,2945.12,2937.01,2937.63,1516.66642
2021-08-09 00:58:00,1628470680.0,2937.63,2939.75,2934.69,2934.85,1003.24014
2021-08-09 00:59:00,1628470740.0,2935.82,2937.43,2930.77,2933.78,1053.52265
2021-08-09 01:00:00,1628470800.0,2933.79,2935.37,2930.0,2930.13,1078.5822
2021-08-09 01:01:00,1628470860.0,2930.53,2930.6,2924.49,2925.25,2850.91041
2021-08-09 01:02:00,1628470920.0,2925.25,2930.0,2920.23,2925.34,3773.54735
2021-08-09 01:03:00,1628470980.0,2925.33,2925.34,2921.62,2923.42,1656.51522
2021-08-09 01:04:00,1628471040.0,2923.38,2927.65,2920.24,2927.65,1393.514
2021-08-09 01:05:00,1628471100.0,2927.3,2929.91,2920.0,2922.24,2365.56264
2021-08-09 01:06:00,1628471160.0,2922.24,2925.36,2916.63,2917.57,4150.77969
2021-08-09 01:07:00,1628471220.0,2917.57,2918.61,2911.83,2911.84,3888.66502
2021-08-09 01:08:00,1628471280.0,2911.83,2922.0,2911.0,2917.23,2777.02763
2021-08-09 01:09:00,1628471340.0,2917.58,2920.97,2913.15,2914.46,1255.80347
2021-08-09 01:10:00,1628471400.0,2914.46,2916.19,2908.83,2909.43,2951.87702
2021-08-09 01:11:00,1628471460.0,2909.42,2912.0,2908.27,2909.22,2090.42176
2021-08-09 01:12:00,1628471520.0,2909.31,2912.0,2905.83,2910.97,3290.04293
2021-08-09 01:13:00,1628471580.0,2910.97,2911.31,2901.03,2904.01,4989.30068
2021-08-09 01:14:00,1628471640.0,2904.01,2905.01,2900.0,2900.51,2767.62925
2021-08-09 01:15:00,1628471700.0,2900.51,2908.23,2900.0,2907.62,1651.99374
2021-08-09 01:16:00,1628471760.0,2907.63,2913.82,2907.1,2911.92,1923.54053
2021-08-09 01:17:00,1628471820.0,2911.93,2916.0,2909.85,2912.89,1319.14647
2021-08-09 01:18:00,1628471880.0,2912.89,2917.22,2912.79,2915.11,1031.22515
2021-08-09 01:19:00,1628471940.0,2915.12,2916.98,2911.75,2916.56,648.22531
2021-08-09 01:20:00,1628472000.0,2916.55,2922.24,2915.77,2921.41,1275.03696
2021-08-09 01:21:00,1628472060.0,2921.18,2923.77,2918.31,2923.43,872.58862
2021-08-09 01:22:00,1628472120.0,2923.36,2929.0,2922.98,2928.88,988.20161
2021-08-09 01:23:00,1628472180.0,2928.88,2929.32,2922.62,2927.26,1183.82774
2021-08-09 01:24:00,1628472240.0,2927.3,2927.8,2922.53,2925.81,519.80547
2021-08-09 01:25:00,1628472300.0,2925.8,2930.57,2925.77,2929.72,557.74531
2021-08-09 01:26:00,1628472360.0,2929.31,2932.18,2929.09,2929.83,529.45415
2021-08-09 01:27:00,1628472420.0,2929.82,2929.94,2923.38,2926.34,546.02947
2021-08-09 01:28:00,1628472480.0,2926.51,2926.77,2922.57,2923.48,332.3764
2021-08-09 01:29:00,1628472540.0,2923.48,2927.6,2923.47,2925.37,360.83708
2021-08-09 01:30:00,1628472600.0,2925.37,2926.23,2918.18,2918.68,439.23181
2021-08-09 01:31:00,1628472660.0,2918.67,2918.67,2912.81,2913.56,715.21309
2021-08-09 01:32:00,1628472720.0,2913.57,2921.92,2911.04,2920.54,464.5236
2021-08-09 01:33:00,1628472780.0,2920.54,2934.12,2920.0,2933.14,1141.6724
2021-08-09 01:34:00,1628472840.0,2933.15,2935.99,2928.03,2928.04,814.95178
2021-08-09 01:35:00,1628472900.0,2928.03,2934.24,2928.0,2933.98,378.61091
2021-08-09 01:36:00,1628472960.0,2933.98,2941.0,2933.13,2941.0,1014.4443
2021-08-09 01:37:00,1628473020.0,2941.0,2941.16,2937.82,2939.77,685.25357
2021-08-09 01:38:00,1628473080.0,2939.64,2941.35,2938.59,2940.6,684.9851
2021-08-09 01:39:00,1628473140.0,2940.6,2940.99,2935.23,2937.05,451.63019
2021-08-09 01:40:00,1628473200.0,2937.05,2937.05,2928.63,2930.0,584.82742
2021-08-09 01:41:00,1628473260.0,2930.0,2930.01,2922.81,2923.04,826.01317
2021-08-09 01:42:00,1628473320.0,2923.51,2934.14,2923.0,2932.45,592.18362
2021-08-09 01:43:00,1628473380.0,2932.45,2932.96,2926.05,2927.13,363.34581
2021-08-09 01:44:00,1628473440.0,2927.43,2930.93,2926.8,2928.88,258.6231
2021-08-09 01:45:00,1628473500.0,2928.88,2928.89,2924.38,2924.77,209.92089
2021-08-09 01:46:00,1628473560.0,2924.76,2927.96,2924.36,2926.49,270.14565
2021-08-09 01:47:00,1628473620.0,2926.41,2927.26,2925.65,2926.0,416.15228
2021-08-09 01:48:00,1628473680.0,2926.01,2933.58,2924.76,2931.78,654.97359
2021-08-09 01:49:00,1628473740.0,2931.5,2934.0,2929.84,2933.99,209.04663
2021-08-09 01:50:00,1628473800.0,2934.0,2934.72,2928.44,2930.64,276.60591
2021-08-09 01:51:00,1628473860.0,2930.64,2930.64,2928.0,2928.61,194.59368
2021-08-09 01:52:00,1628473920.0,2928.45,2929.8,2925.19,2925.62,376.93061
2021-08-09 01:53:00,1628473980.0,2925.63,2927.71,2924.34,2924.6,294.19083
2021-08-09 01:54:00,1628474040.0,2924.59,2924.6,2917.43,2918.72,499.547
2021-08-09 01:55:00,1628474100.0,2918.89,2921.12,2917.0,2917.17,276.26292
2021-08-09 01:56:00,1628474160.0,2917.16,2917.17,2913.49,2913.49,314.99803
2021-08-09 01:57:00,1628474220.0,2913.48,2921.1,2911.78,2920.17,384.82759
2021-08-09 01:58:00,1628474280.0,2920.21,2923.39,2918.68,2920.1,212.94126
2021-08-09 01:59:00,1628474340.0,2920.02,2920.02,2915.01,2916.11,481.75693
2021-08-09 02:00:00,1628474400.0,2916.11,2917.54,2911.88,2917.53,1110.3652
2021-08-09 02:01:00,1628474460.0,2917.53,2926.0,2917.08,2925.17,809.28256
2021-08-09 02:02:00,1628474520.0,2925.16,2927.8,2924.25,2926.01,349.05425
2021-08-09 02:03:00,1628474580.0,2926.31,2926.52,2921.35,2925.24,164.34414
2021-08-09 02:04:00,1628474640.0,2925.24,2931.46,2925.22,2929.28,414.40319
2021-08-09 02:05:00,1628474700.0,2929.28,2929.66,2920.0,2920.0,311.9274
2021-08-09 02:06:00,1628474760.0,2920.0,2923.2,2917.39,2918.0,282.92169
2021-08-09 02:07:00,1628474820.0,2918.0,2918.93,2915.52,2916.06,301.05144
2021-08-09 02:08:00,1628474880.0,2916.2,2921.95,2916.2,2921.95,239.75489
2021-08-09 02:09:00,1628474940.0,2921.95,2924.43,2921.59,2923.82,367.18708
2021-08-09 02:10:00,1628475000.0,2923.82,2925.0,2920.35,2925.0,306.74954
2021-08-09 02:11:00,1628475060.0,2925.0,2931.1,2924.02,2930.79,444.43773
2021-08-09 02:12:00,1628475120.0,2930.8,2931.02,2928.06,2930.58,630.22397
2021-08-09 02:13:00,1628475180.0,2930.57,2930.75,2928.23,2930.35,307.65354
2021-08-09 02:14:00,1628475240.0,2930.35,2935.0,2930.04,2934.31,346.85963
2021-08-09 02:15:00,1628475300.0,2934.31,2934.57,2928.9,2931.0,220.77944
2021-08-09 02:16:00,1628475360.0,2931.0,2931.0,2925.22,2927.87,418.09991
2021-08-09 02:17:00,1628475420.0,2927.27,2927.75,2920.9,2923.33,872.34385
2021-08-09 02:18:00,1628475480.0,2923.2,2928.23,2922.63,2926.13,270.95454
2021-08-09 02:19:00,1628475540.0,2926.14,2926.44,2923.2,2924.69,288.31009
2021-08-09 02:20:00,1628475600.0,2924.95,2930.0,2923.98,2929.42,209.31636
2021-08-09 02:21:00,1628475660.0,2929.42,2931.83,2928.93,2931.83,310.12984
2021-08-09 02:22:00,1628475720.0,2931.82,2934.5,2930.74,2933.7,330.5324
2021-08-09 02:23:00,1628475780.0,2933.72,2936.22,2933.44,2935.98,604.57948
2021-08-09 02:24:00,1628475840.0,2935.98,2937.22,2934.4,2937.22,403.90861
2021-08-09 02:25:00,1628475900.0,2937.22,2938.08,2932.54,2933.55,397.6714
2021-08-09 02:26:00,1628475960.0,2933.56,2935.0,2929.11,2929.23,458.41852
2021-08-09 02:27:00,1628476020.0,2929.23,2934.09,2929.04,2934.09,183.82531
2021-08-09 02:28:00,1628476080.0,2934.1,2934.57,2928.78,2928.82,308.42111
2021-08-09 02:29:00,1628476140.0,2928.8,2931.37,2928.8,2929.24,152.85537
2021-08-09 02:30:00,1628476200.0,2929.25,2930.47,2924.63,2924.63,233.56442
2021-08-09 02:31:00,1628476260.0,2924.63,2927.26,2923.21,2923.57,171.66613
2021-08-09 02:32:00,1628476320.0,2923.58,2926.0,2923.28,2925.82,140.58856
2021-08-09 02:33:00,1628476380.0,2925.68,2930.34,2925.68,2929.4,242.47104
2021-08-09 02:34:00,1628476440.0,2929.62,2933.82,2929.62,2933.16,104.72374
2021-08-09 02:35:00,1628476500.0,2933.15,2933.16,2930.1,2931.35,346.79159
2021-08-09 02:36:00,1628476560.0,2931.43,2933.81,2931.26,2933.81,189.60048
2021-08-09 02:37:00,1628476620.0,2933.81,2934.55,2932.14,2933.73,216.96974
2021-08-09 02:38:00,1628476680.0,2933.73,2937.86,2933.32,2937.67,534.17562
2021-08-09 02:39:00,1628476740.0,2937.44,2939.4,2935.63,2935.63,436.55393
2021-08-09 02:40:00,1628476800.0,2935.63,2936.1,2932.43,2933.41,170.60272
2021-08-09 02:41:00,1628476860.0,2933.38,2933.38,2930.21,2930.58,219.48399
2021-08-09 02:42:00,1628476920.0,2930.59,2931.15,2928.14,2928.15,77.93539
2021-08-09 02:43:00,1628476980.0,2928.15,2934.56,2928.15,2933.6,234.32199
2021-08-09 02:44:00,1628477040.0,2933.61,2938.16,2932.3,2937.18,265.31458
2021-08-09 02:45:00,1628477100.0,2937.17,2937.38,2935.0,2936.46,273.89182
2021-08-09 02:46:00,1628477160.0,2936.45,2940.98,2936.26,2940.5,302.38371
2021-08-09 02:47:00,1628477220.0,2940.51,2942.55,2939.39,2941.86,362.80517
2021-08-09 02:48:00,1628477280.0,2941.87,2945.78,2941.86,2945.78,990.65913
2021-08-09 02:49:00,1628477340.0,2945.78,2946.0,2943.85,2945.17,1148.28575
2021-08-09 02:50:00,1628477400.0,2945.18,2946.0,2940.68,2940.82,3255.2025
2021-08-09 02:51:00,1628477460.0,2940.82,2945.9,2940.81,2942.49,488.56378
2021-08-09 02:52:00,1628477520.0,2942.49,2947.0,2942.14,2946.94,618.93081
2021-08-09 02:53:00,1628477580.0,2946.95,2946.95,2942.3,2944.83,845.11754
2021-08-09 02:54:00,1628477640.0,2944.82,2946.78,2944.37,2946.74,185.202
2021-08-09 02:55:00,1628477700.0,2946.73,2947.21,2944.03,2944.64,456.45254
2021-08-09 02:56:00,1628477760.0,2944.65,2944.65,2941.68,2941.87,428.45457
2021-08-09 02:57:00,1628477820.0,2941.87,2946.7,2941.87,2943.19,420.58844
2021-08-09 02:58:00,1628477880.0,2943.19,2945.0,2943.18,2943.56,242.79273
2021-08-09 02:59:00,1628477940.0,2943.57,2946.16,2942.92,2945.18,321.66843
2021-08-09 03:00:00,1628478000.0,2945.18,2945.18,2940.2,2940.2,627.69987
2021-08-09 03:01:00,1628478060.0,2940.21,2940.87,2939.79,2939.79,263.96146
2021-08-09 03:02:00,1628478120.0,2939.79,2939.79,2935.24,2936.02,455.05786
2021-08-09 03:03:00,1628478180.0,2936.03,2938.87,2935.24,2936.77,324.8807
2021-08-09 03:04:00,1628478240.0,2936.76,2938.88,2935.69,2938.87,228.11601
2021-08-09 03:05:00,1628478300.0,2938.87,2939.36,2934.79,2935.44,354.61572
2021-08-09 03:06:00,1628478360.0,2935.58,2935.58,2933.05,2934.62,255.11879
2021-08-09 03:07:00,1628478420.0,2933.97,2937.86,2933.0,2936.77,422.0626
2021-08-09 03:08:00,1628478480.0,2936.78,2937.3,2934.58,2937.29,294.23728
2021-08-09 03:09:00,1628478540.0,2937.3,2939.72,2936.99,2939.0,86.17936
2021-08-09 03:10:00,1628478600.0,2939.01,2939.32,2936.38,2936.53,108.92564
2021-08-09 03:11:00,1628478660.0,2936.65,2936.94,2933.87,2935.53,104.93088
2021-08-09 03:12:00,1628478720.0,2935.7,2936.39,2933.0,2933.68,145.16363
2021-08-09 03:13:00,1628478780.0,2933.88,2935.04,2933.0,2933.61,151.05798
2021-08-09 03:14:00,1628478840.0,2933.61,2933.61,2927.49,2928.04,726.99815
2021-08-09 03:15:00,1628478900.0,2928.01,2931.72,2927.44,2927.45,410.03687
2021-08-09 03:16:00,1628478960.0,2927.45,2933.0,2926.41,2933.0,539.23889
2021-08-09 03:17:00,1628479020.0,2933.08,2934.93,2932.81,2934.93,136.42033
2021-08-09 03:18:00,1628479080.0,2934.92,2936.78,2934.19,2935.79,173.31403
2021-08-09 03:19:00,1628479140.0,2935.79,2935.79,2931.99,2933.97,123.64613
2021-08-09 03:20:00,1628479200.0,2933.98,2935.5,2933.5,2933.6,145.5742
2021-08-09 03:21:00,1628479260.0,2933.6,2939.04,2933.6,2938.68,194.51303
2021-08-09 03:22:00,1628479320.0,2938.7,2939.9,2936.9,2937.3,253.49006
2021-08-09 03:23:00,1628479380.0,2937.31,2937.31,2935.0,2935.55,189.85636
2021-08-09 03:24:00,1628479440.0,2935.55,2935.74,2932.36,2932.66,176.16112
2021-08-09 03:25:00,1628479500.0,2932.66,2938.72,2932.63,2938.45,142.654
2021-08-09 03:26:00,1628479560.0,2938.44,2940.0,2937.32,2939.84,340.6068
2021-08-09 03:27:00,1628479620.0,2939.83,2940.0,2938.67,2939.83,133.41841
2021-08-09 03:28:00,1628479680.0,2939.79,2940.15,2938.32,2939.23,151.89093
2021-08-09 03:29:00,1628479740.0,2939.23,2940.67,2939.22,2939.77,95.84771
2021-08-09 03:30:00,1628479800.0,2939.77,2944.0,2939.77,2943.75,334.60021
2021-08-09 03:31:00,1628479860.0,2943.74,2946.0,2943.74,2945.4,271.3036
2021-08-09 03:32:00,1628479920.0,2945.39,2945.4,2942.65,2944.36,324.49596
2021-08-09 03:33:00,1628479980.0,2944.36,2949.38,2943.09,2946.59,1457.40655
2021-08-09 03:34:00,1628480040.0,2946.59,2950.63,2945.99,2948.02,1092.82533
2021-08-09 03:35:00,1628480100.0,2948.02,2949.35,2944.0,2945.01,376.11552
2021-08-09 03:36:00,1628480160.0,2945.01,2945.47,2942.54,2942.55,417.95285
2021-08-09 03:37:00,1628480220.0,2942.55,2942.99,2939.23,2942.99,325.77444
2021-08-09 03:38:00,1628480280.0,2942.75,2946.24,2942.16,2946.24,112.94173
2021-08-09 03:39:00,1628480340.0,2946.23,2948.42,2946.08,2948.0,237.32391
2021-08-09 03:40:00,1628480400.0,2948.01,2948.08,2941.91,2947.69,437.70818
2021-08-09 03:41:00,1628480460.0,2947.69,2948.42,2946.01,2946.4,423.92154
2021-08-09 03:42:00,1628480520.0,2946.41,2952.65,2946.41,2951.9,393.90079
2021-08-09 03:43:00,1628480580.0,2951.9,2956.0,2951.27,2953.5,245.96126
2021-08-09 03:44:00,1628480640.0,2953.49,2956.0,2953.28,2953.58,584.81616
2021-08-09 03:45:00,1628480700.0,2953.57,2962.0,2953.57,2958.12,980.42647
2021-08-09 03:46:00,1628480760.0,2958.11,2963.0,2958.1,2960.01,577.0955
2021-08-09 03:47:00,1628480820.0,2960.0,2960.0,2957.0,2957.01,178.97885
2021-08-09 03:48:00,1628480880.0,2957.0,2959.2,2954.24,2958.04,468.21924
2021-08-09 03:49:00,1628480940.0,2958.04,2958.04,2951.22,2952.27,299.33777
2021-08-09 03:50:00,1628481000.0,2952.27,2953.73,2948.7,2948.7,520.81815
2021-08-09 03:51:00,1628481060.0,2948.71,2953.0,2948.7,2951.59,356.64758
2021-08-09 03:52:00,1628481120.0,2951.62,2956.18,2951.33,2955.99,297.81246
2021-08-09 03:53:00,1628481180.0,2955.99,2956.55,2953.17,2955.3,348.37281
2021-08-09 03:54:00,1628481240.0,2955.29,2955.56,2952.37,2952.37,262.58062
2021-08-09 03:55:00,1628481300.0,2952.37,2952.42,2948.63,2949.51,350.58665
2021-08-09 03:56:00,1628481360.0,2949.52,2951.93,2948.12,2950.87,265.41758
2021-08-09 03:57:00,1628481420.0,2950.87,2952.22,2950.16,2952.22,237.82516
2021-08-09 03:58:00,1628481480.0,2952.21,2952.22,2948.2,2948.26,150.69984
2021-08-09 03:59:00,1628481540.0,2948.2,2949.02,2948.0,2948.31,217.90863
2021-08-09 04:00:00,1628481600.0,2948.3,2951.52,2945.05,2950.28,579.79893
2021-08-09 04:01:00,1628481660.0,2950.71,2953.33,2949.87,2953.33,275.66688
2021-08-09 04:02:00,1628481720.0,2953.32,2954.57,2950.22,2950.77,128.08122
2021-08-09 04:03:00,1628481780.0,2950.76,2952.21,2946.97,2947.06,593.24853
2021-08-09 04:04:00,1628481840.0,2947.43,2947.94,2942.76,2944.99,400.68095
2021-08-09 04:05:00,1628481900.0,2944.99,2945.62,2939.04,2941.32,918.7413
2021-08-09 04:06:00,1628481960.0,2941.63,2943.57,2936.0,2936.86,472.13978
2021-08-09 04:07:00,1628482020.0,2936.85,2939.77,2933.11,2933.88,854.26974
2021-08-09 04:08:00,1628482080.0,2933.88,2937.0,2932.0,2933.99,508.63713
2021-08-09 04:09:00,1628482140.0,2933.96,2937.5,2933.63,2936.48,432.4577
2021-08-09 04:10:00,1628482200.0,2936.53,2937.98,2934.79,2934.98,140.93874
2021-08-09 04:11:00,1628482260.0,2935.18,2937.7,2934.19,2936.77,242.41641
2021-08-09 04:12:00,1628482320.0,2936.77,2937.93,2933.12,2933.2,289.34835
2021-08-09 04:13:00,1628482380.0,2933.35,2935.46,2933.35,2935.44,366.79138
2021-08-09 04:14:00,1628482440.0,2935.55,2935.73,2933.62,2933.62,299.66386
2021-08-09 04:15:00,1628482500.0,2933.62,2939.96,2933.11,2939.35,433.98873
2021-08-09 04:16:00,1628482560.0,2939.36,2939.36,2932.11,2932.69,542.20432
2021-08-09 04:17:00,1628482620.0,2932.7,2935.39,2932.7,2935.38,192.14664
2021-08-09 04:18:00,1628482680.0,2935.38,2937.65,2934.47,2936.83,180.57117
2021-08-09 04:19:00,1628482740.0,2936.83,2936.98,2929.22,2929.22,523.24337
2021-08-09 04:20:00,1628482800.0,2929.13,2932.26,2928.13,2928.85,454.89229
2021-08-09 04:21:00,1628482860.0,2928.85,2933.0,2928.1,2933.0,359.83661
2021-08-09 04:22:00,1628482920.0,2932.99,2933.0,2928.23,2928.84,264.29724
2021-08-09 04:23:00,1628482980.0,2928.57,2930.0,2924.91,2928.23,1189.31846
2021-08-09 04:24:00,1628483040.0,2928.24,2931.34,2928.17,2931.34,300.56215
2021-08-09 04:25:00,1628483100.0,2931.34,2932.51,2930.67,2930.68,245.90963
2021-08-09 04:26:00,1628483160.0,2930.67,2938.49,2930.66,2938.25,371.20126
2021-08-09 04:27:00,1628483220.0,2938.23,2939.55,2937.65,2938.56,280.3374
2021-08-09 04:28:00,1628483280.0,2938.55,2943.17,2938.55,2942.94,408.80346
2021-08-09 04:29:00,1628483340.0,2942.94,2943.19,2940.96,2941.9,202.68682
2021-08-09 04:30:00,1628483400.0,2941.9,2946.0,2941.17,2946.0,370.88253
2021-08-09 04:31:00,1628483460.0,2945.99,2953.77,2945.99,2953.76,806.40211
2021-08-09 04:32:00,1628483520.0,2953.76,2956.89,2951.32,2956.89,355.94213
2021-08-09 04:33:00,1628483580.0,2956.89,2959.58,2955.36,2955.36,570.63814
2021-08-09 04:34:00,1628483640.0,2955.9,2956.43,2948.05,2956.42,517.76197
2021-08-09 04:35:00,1628483700.0,2956.43,2959.96,2952.83,2952.83,616.29942
2021-08-09 04:36:00,1628483760.0,2952.61,2958.32,2952.58,2958.31,433.1452
2021-08-09 04:37:00,1628483820.0,2958.31,2958.82,2952.75,2953.49,223.82039
2021-08-09 04:38:00,1628483880.0,2953.32,2953.73,2950.02,2952.87,475.35025
2021-08-09 04:39:00,1628483940.0,2952.88,2954.0,2950.07,2950.07,515.42903
2021-08-09 04:40:00,1628484000.0,2950.57,2953.56,2950.15,2952.06,316.50991
2021-08-09 04:41:00,1628484060.0,2952.06,2954.59,2951.92,2953.24,175.06303
2021-08-09 04:42:00,1628484120.0,2953.25,2955.47,2951.01,2955.47,236.38498
2021-08-09 04:43:00,1628484180.0,2955.46,2956.99,2954.43,2955.96,170.10097
2021-08-09 04:44:00,1628484240.0,2956.1,2957.61,2954.0,2956.5,180.71484
2021-08-09 04:45:00,1628484300.0,2956.45,2958.0,2956.35,2956.65,197.91164
2021-08-09 04:46:00,1628484360.0,2956.67,2957.53,2953.02,2955.92,185.82756
2021-08-09 04:47:00,1628484420.0,2955.92,2956.17,2953.4,2954.29,208.08732
2021-08-09 04:48:00,1628484480.0,2954.29,2961.0,2953.39,2959.0,733.75267
2021-08-09 04:49:00,1628484540.0,2959.0,2961.0,2957.3,2957.65,192.54842
2021-08-09 04:50:00,1628484600.0,2957.66,2958.33,2955.0,2955.66,135.02578
2021-08-09 04:51:00,1628484660.0,2955.74,2956.69,2953.82,2954.63,108.90515
2021-08-09 04:52:00,1628484720.0,2954.64,2956.0,2953.41,2954.07,198.02287
2021-08-09 04:53:00,1628484780.0,2954.08,2955.69,2948.73,2949.88,532.02085
2021-08-09 04:54:00,1628484840.0,2949.79,2950.44,2945.35,2950.01,323.56171
2021-08-09 04:55:00,1628484900.0,2950.0,2951.37,2949.25,2950.51,121.83555
2021-08-09 04:56:00,1628484960.0,2950.58,2951.45,2950.0,2950.0,204.47318
2021-08-09 04:57:00,1628485020.0,2950.0,2950.9,2949.65,2950.88,80.53922
2021-08-09 04:58:00,1628485080.0,2950.87,2954.81,2950.5,2952.2,376.11788
2021-08-09 04:59:00,1628485140.0,2952.2,2955.88,2950.63,2954.47,178.89203
2021-08-09 05:00:00,1628485200.0,2954.47,2958.32,2952.18,2957.01,279.32857
2021-08-09 05:01:00,1628485260.0,2957.01,2959.98,2952.47,2952.47,443.06592
2021-08-09 05:02:00,1628485320.0,2952.48,2955.83,2952.42,2954.02,136.70666
2021-08-09 05:03:00,1628485380.0,2954.08,2956.64,2952.23,2952.35,165.37237
2021-08-09 05:04:00,1628485440.0,2952.35,2953.06,2950.51,2952.11,133.62433
2021-08-09 05:05:00,1628485500.0,2951.65,2959.79,2951.65,2959.69,587.1034
2021-08-09 05:06:00,1628485560.0,2959.57,2962.92,2957.89,2961.9,317.69118
2021-08-09 05:07:00,1628485620.0,2961.86,2964.9,2959.3,2961.55,643.62773
2021-08-09 05:08:00,1628485680.0,2961.48,2963.03,2957.33,2957.84,366.09793
2021-08-09 05:09:00,1628485740.0,2957.84,2960.0,2957.83,2960.0,94.19397
2021-08-09 05:10:00,1628485800.0,2960.0,2960.0,2956.54,2957.92,193.24174
2021-08-09 05:11:00,1628485860.0,2957.92,2958.98,2956.43,2958.28,124.74356
2021-08-09 05:12:00,1628485920.0,2958.28,2958.81,2956.49,2958.46,143.55347
2021-08-09 05:13:00,1628485980.0,2958.17,2958.62,2956.5,2958.39,119.22013
2021-08-09 05:14:00,1628486040.0,2958.39,2958.39,2957.06,2957.23,74.128
2021-08-09 05:15:00,1628486100.0,2957.22,2959.3,2953.48,2953.56,287.36159
2021-08-09 05:16:00,1628486160.0,2953.56,2955.3,2953.23,2954.62,131.2617
2021-08-09 05:17:00,1628486220.0,2954.62,2956.0,2953.42,2954.39,137.72636
2021-08-09 05:18:00,1628486280.0,2954.36,2955.75,2953.78,2953.78,81.76597
2021-08-09 05:19:00,1628486340.0,2953.57,2954.04,2952.5,2953.97,139.98304
2021-08-09 05:20:00,1628486400.0,2953.97,2955.8,2953.97,2955.38,126.51922
2021-08-09 05:21:00,1628486460.0,2955.38,2956.98,2955.38,2956.78,113.98131
2021-08-09 05:22:00,1628486520.0,2956.77,2959.55,2956.61,2958.88,197.14587
2021-08-09 05:23:00,1628486580.0,2958.89,2960.68,2958.07,2960.01,145.14618
2021-08-09 05:24:00,1628486640.0,2960.01,2961.18,2956.89,2957.05,188.20334
2021-08-09 05:25:00,1628486700.0,2957.04,2957.04,2953.0,2954.75,171.73603
2021-08-09 05:26:00,1628486760.0,2954.75,2957.18,2952.58,2953.93,217.75186
2021-08-09 05:27:00,1628486820.0,2953.92,2956.0,2953.06,2953.32,302.59173
2021-08-09 05:28:00,1628486880.0,2953.31,2955.38,2953.31,2955.37,109.12448
2021-08-09 05:29:00,1628486940.0,2955.36,2957.58,2954.0,2957.27,194.08992
2021-08-09 05:30:00,1628487000.0,2957.27,2960.22,2957.2,2959.16,214.58594
2021-08-09 05:31:00,1628487060.0,2959.16,2959.97,2958.03,2958.89,134.62694
2021-08-09 05:32:00,1628487120.0,2958.88,2958.89,2957.0,2957.01,186.63124
2021-08-09 05:33:00,1628487180.0,2957.01,2957.01,2953.35,2953.56,179.99962
2021-08-09 05:34:00,1628487240.0,2953.57,2955.41,2952.0,2952.36,268.5266
2021-08-09 05:35:00,1628487300.0,2952.53,2953.92,2949.05,2951.54,546.82601
2021-08-09 05:36:00,1628487360.0,2951.55,2951.86,2943.28,2947.0,891.52092
2021-08-09 05:37:00,1628487420.0,2947.0,2947.87,2943.25,2943.46,320.79044
2021-08-09 05:38:00,1628487480.0,2943.54,2947.23,2943.53,2945.69,332.56958
2021-08-09 05:39:00,1628487540.0,2945.69,2946.03,2940.87,2941.43,456.0337
2021-08-09 05:40:00,1628487600.0,2941.31,2944.91,2940.01,2944.21,333.37365
2021-08-09 05:41:00,1628487660.0,2944.21,2944.42,2940.67,2943.26,167.42184
2021-08-09 05:42:00,1628487720.0,2943.25,2944.19,2941.28,2942.25,147.35227
2021-08-09 05:43:00,1628487780.0,2942.25,2943.0,2942.25,2942.41,78.82352
2021-08-09 05:44:00,1628487840.0,2942.59,2942.97,2939.26,2939.26,298.45272
2021-08-09 05:45:00,1628487900.0,2939.26,2944.1,2938.24,2939.03,701.93668
2021-08-09 05:46:00,1628487960.0,2939.03,2939.03,2932.0,2933.3,1248.88115
2021-08-09 05:47:00,1628488020.0,2933.29,2934.8,2927.87,2930.7,1230.02662
2021-08-09 05:48:00,1628488080.0,2930.32,2933.93,2924.58,2932.9,1676.65599
2021-08-09 05:49:00,1628488140.0,2932.9,2933.95,2927.01,2927.01,308.08602
2021-08-09 05:50:00,1628488200.0,2927.02,2929.15,2917.63,2925.74,1727.92524
2021-08-09 05:51:00,1628488260.0,2925.73,2926.98,2923.83,2924.99,290.53962
2021-08-09 05:52:00,1628488320.0,2925.0,2928.22,2920.18,2927.81,512.01873
2021-08-09 05:53:00,1628488380.0,2927.8,2930.0,2927.0,2928.01,226.55209
2021-08-09 05:54:00,1628488440.0,2928.0,2930.57,2928.0,2929.0,147.4497
2021-08-09 05:55:00,1628488500.0,2929.01,2931.52,2927.74,2931.43,448.1106
2021-08-09 05:56:00,1628488560.0,2931.43,2931.74,2931.1,2931.73,115.7168
2021-08-09 05:57:00,1628488620.0,2931.74,2935.59,2931.73,2934.91,424.72767
2021-08-09 05:58:00,1628488680.0,2934.91,2937.2,2934.7,2935.59,482.64633
2021-08-09 05:59:00,1628488740.0,2935.6,2936.2,2934.87,2935.34,255.17508
2021-08-09 06:00:00,1628488800.0,2935.34,2941.25,2933.79,2939.34,771.74089
2021-08-09 06:01:00,1628488860.0,2939.35,2940.19,2938.61,2939.6,241.00856
2021-08-09 06:02:00,1628488920.0,2939.59,2939.89,2935.0,2937.87,334.00444
2021-08-09 06:03:00,1628488980.0,2937.87,2937.95,2932.81,2932.93,229.40094
2021-08-09 06:04:00,1628489040.0,2932.82,2934.08,2925.0,2926.02,1146.2002
2021-08-09 06:05:00,1628489100.0,2926.84,2929.72,2924.52,2926.23,647.92937
2021-08-09 06:06:00,1628489160.0,2926.23,2928.26,2922.13,2922.38,530.69044
2021-08-09 06:07:00,1628489220.0,2922.39,2922.39,2915.82,2917.98,1027.26899
2021-08-09 06:08:00,1628489280.0,2917.54,2922.87,2917.54,2921.99,554.911
2021-08-09 06:09:00,1628489340.0,2921.99,2924.57,2916.66,2923.9,665.73668
2021-08-09 06:10:00,1628489400.0,2923.89,2928.28,2922.85,2927.74,418.25008
2021-08-09 06:11:00,1628489460.0,2927.74,2929.38,2926.46,2927.44,187.40542
2021-08-09 06:12:00,1628489520.0,2927.43,2927.7,2921.48,2922.1,226.05555
2021-08-09 06:13:00,1628489580.0,2922.02,2923.0,2919.75,2920.45,222.95081
2021-08-09 06:14:00,1628489640.0,2920.46,2922.4,2914.0,2917.99,917.91846
2021-08-09 06:15:00,1628489700.0,2918.0,2921.43,2909.9,2910.54,1417.04258
2021-08-09 06:16:00,1628489760.0,2910.53,2912.4,2905.52,2910.94,1823.0748
2021-08-09 06:17:00,1628489820.0,2910.97,2911.41,2907.81,2909.02,473.54476
2021-08-09 06:18:00,1628489880.0,2909.01,2909.01,2893.23,2899.76,7740.81633
2021-08-09 06:19:00,1628489940.0,2899.76,2908.58,2898.57,2908.15,1458.28077
2021-08-09 06:20:00,1628490000.0,2908.14,2909.6,2900.0,2900.0,756.42492
2021-08-09 06:21:00,1628490060.0,2900.01,2903.27,2896.92,2901.98,1186.52491
2021-08-09 06:22:00,1628490120.0,2901.97,2907.13,2901.97,2905.0,539.5991
2021-08-09 06:23:00,1628490180.0,2905.01,2907.69,2904.57,2906.61,442.01871
2021-08-09 06:24:00,1628490240.0,2906.25,2913.9,2906.25,2912.59,721.0466
2021-08-09 06:25:00,1628490300.0,2912.58,2915.68,2911.9,2914.84,487.63683
2021-08-09 06:26:00,1628490360.0,2914.84,2915.35,2907.0,2908.78,574.53575
2021-08-09 06:27:00,1628490420.0,2908.78,2909.55,2907.09,2909.18,220.21469
2021-08-09 06:28:00,1628490480.0,2909.18,2910.0,2907.78,2908.23,2131.37772
2021-08-09 06:29:00,1628490540.0,2908.24,2910.0,2903.43,2903.43,601.79492
2021-08-09 06:30:00,1628490600.0,2903.43,2908.49,2901.11,2908.31,508.94093
2021-08-09 06:31:00,1628490660.0,2908.38,2912.22,2906.04,2909.02,766.6182
2021-08-09 06:32:00,1628490720.0,2909.02,2910.33,2906.41,2907.68,221.43297
2021-08-09 06:33:00,1628490780.0,2907.69,2911.39,2907.68,2911.38,331.92139
2021-08-09 06:34:00,1628490840.0,2911.38,2913.43,2910.0,2912.0,302.27839
2021-08-09 06:35:00,1628490900.0,2911.99,2915.99,2911.99,2915.24,251.10899
2021-08-09 06:36:00,1628490960.0,2915.24,2916.39,2914.23,2916.21,199.0601
2021-08-09 06:37:00,1628491020.0,2915.89,2922.74,2915.88,2922.73,511.45011
2021-08-09 06:38:00,1628491080.0,2922.73,2924.3,2921.19,2923.15,266.58588
2021-08-09 06:39:00,1628491140.0,2923.15,2934.8,2923.15,2932.45,1710.48737
2021-08-09 06:40:00,1628491200.0,2932.38,2932.42,2925.07,2929.95,423.58186
2021-08-09 06:41:00,1628491260.0,2929.94,2929.94,2924.52,2925.8,381.40159
2021-08-09 06:42:00,1628491320.0,2926.05,2928.47,2922.53,2922.9,317.82183
2021-08-09 06:43:00,1628491380.0,2922.69,2923.89,2920.02,2920.22,300.88284
2021-08-09 06:44:00,1628491440.0,2920.23,2921.13,2916.46,2917.67,327.68773
2021-08-09 06:45:00,1628491500.0,2917.59,2924.73,2917.42,2921.86,356.54144
2021-08-09 06:46:00,1628491560.0,2921.87,2921.87,2917.5,2917.81,165.06383
2021-08-09 06:47:00,1628491620.0,2917.83,2917.83,2910.46,2910.57,447.71631
2021-08-09 06:48:00,1628491680.0,2910.56,2914.25,2910.24,2913.18,191.13772
2021-08-09 06:49:00,1628491740.0,2913.01,2920.0,2911.86,2919.72,266.32957
2021-08-09 06:50:00,1628491800.0,2919.72,2926.38,2919.71,2924.14,351.53082
2021-08-09 06:51:00,1628491860.0,2924.14,2926.4,2918.87,2918.87,698.26435
2021-08-09 06:52:00,1628491920.0,2918.88,2923.72,2917.44,2923.34,288.45828
2021-08-09 06:53:00,1628491980.0,2923.22,2926.57,2923.22,2925.99,393.46269
2021-08-09 06:54:00,1628492040.0,2926.26,2927.44,2924.01,2926.73,339.20811
2021-08-09 06:55:00,1628492100.0,2926.83,2928.59,2923.99,2927.81,374.485
2021-08-09 06:56:00,1628492160.0,2927.8,2929.48,2925.76,2927.0,366.38663
2021-08-09 06:57:00,1628492220.0,2927.03,2927.03,2924.0,2925.15,161.31372
2021-08-09 06:58:00,1628492280.0,2925.16,2928.3,2921.6,2922.98,563.40671
2021-08-09 06:59:00,1628492340.0,2922.98,2923.83,2921.43,2922.71,179.12171
2021-08-09 07:00:00,1628492400.0,2922.69,2927.8,2922.58,2927.4,169.18895
2021-08-09 07:01:00,1628492460.0,2927.41,2932.01,2927.4,2931.0,393.04145
2021-08-09 07:02:00,1628492520.0,2931.0,2932.07,2929.0,2929.79,410.52415
2021-08-09 07:03:00,1628492580.0,2929.78,2933.59,2929.65,2933.55,367.01605
2021-08-09 07:04:00,1628492640.0,2933.55,2934.0,2931.0,2933.13,233.5881
2021-08-09 07:05:00,1628492700.0,2933.13,2935.0,2930.42,2930.42,381.64651
2021-08-09 07:06:00,1628492760.0,2930.42,2934.49,2930.41,2933.02,353.58776
2021-08-09 07:07:00,1628492820.0,2933.01,2933.27,2929.06,2929.67,289.41038
2021-08-09 07:08:00,1628492880.0,2929.69,2931.2,2927.27,2927.33,247.76227
2021-08-09 07:09:00,1628492940.0,2927.33,2929.01,2925.77,2925.77,221.47558
2021-08-09 07:10:00,1628493000.0,2925.77,2931.7,2925.14,2931.48,215.79418
2021-08-09 07:11:00,1628493060.0,2931.49,2934.49,2928.99,2930.97,269.73932
2021-08-09 07:12:00,1628493120.0,2930.48,2930.97,2927.01,2927.03,155.3821
2021-08-09 07:13:00,1628493180.0,2927.03,2930.59,2927.02,2928.11,110.53229
2021-08-09 07:14:00,1628493240.0,2928.12,2928.89,2923.42,2923.42,200.44178
2021-08-09 07:15:00,1628493300.0,2923.41,2928.05,2922.1,2922.8,1240.93023
2021-08-09 07:16:00,1628493360.0,2922.8,2923.26,2918.71,2918.71,340.78475
2021-08-09 07:17:00,1628493420.0,2918.72,2921.71,2918.06,2920.39,729.71004
2021-08-09 07:18:00,1628493480.0,2920.46,2920.99,2915.86,2916.15,296.52418
2021-08-09 07:19:00,1628493540.0,2916.39,2917.5,2914.12,2914.54,189.94685
2021-08-09 07:20:00,1628493600.0,2914.62,2915.72,2910.49,2913.3,660.97313
2021-08-09 07:21:00,1628493660.0,2913.11,2918.99,2913.1,2917.57,238.99695
2021-08-09 07:22:00,1628493720.0,2917.57,2920.0,2915.57,2918.99,211.08978
2021-08-09 07:23:00,1628493780.0,2918.99,2922.09,2918.95,2920.36,288.64038
2021-08-09 07:24:00,1628493840.0,2920.35,2922.36,2915.27,2915.55,271.65272
2021-08-09 07:25:00,1628493900.0,2915.56,2918.73,2915.0,2916.41,231.79838
2021-08-09 07:26:00,1628493960.0,2916.42,2921.39,2915.57,2919.08,471.57248
2021-08-09 07:27:00,1628494020.0,2919.08,2921.99,2918.73,2920.1,99.25575
2021-08-09 07:28:00,1628494080.0,2920.11,2923.61,2920.0,2922.0,405.85755
2021-08-09 07:29:00,1628494140.0,2921.79,2922.55,2918.32,2919.19,196.75895
2021-08-09 07:30:00,1628494200.0,2919.19,2919.94,2915.78,2918.89,190.86679
2021-08-09 07:31:00,1628494260.0,2918.89,2919.56,2914.99,2915.13,155.90963
2021-08-09 07:32:00,1628494320.0,2915.12,2916.54,2913.38,2916.06,310.35362
2021-08-09 07:33:00,1628494380.0,2916.05,2922.8,2915.96,2922.8,241.91543
2021-08-09 07:34:00,1628494440.0,2922.79,2926.0,2921.86,2926.0,235.63053
2021-08-09 07:35:00,1628494500.0,2925.99,2929.0,2925.99,2928.09,228.34314
2021-08-09 07:36:00,1628494560.0,2928.1,2929.09,2925.14,2926.11,296.23495
2021-08-09 07:37:00,1628494620.0,2926.1,2928.26,2925.01,2926.79,236.69244
2021-08-09 07:38:00,1628494680.0,2926.49,2931.0,2926.45,2930.48,756.40272
2021-08-09 07:39:00,1628494740.0,2930.48,2931.49,2930.0,2931.38,1162.61724
2021-08-09 07:40:00,1628494800.0,2931.39,2932.0,2930.23,2931.85,227.18464
2021-08-09 07:41:00,1628494860.0,2931.84,2932.75,2930.46,2931.6,315.5897
2021-08-09 07:42:00,1628494920.0,2931.6,2950.0,2931.6,2949.15,4121.69867
2021-08-09 07:43:00,1628494980.0,2949.37,2953.74,2945.11,2950.67,2161.48363
2021-08-09 07:44:00,1628495040.0,2950.67,2950.68,2944.67,2945.21,439.29777
2021-08-09 07:45:00,1628495100.0,2945.21,2955.18,2945.12,2953.6,1308.78448
2021-08-09 07:46:00,1628495160.0,2953.87,2953.87,2948.46,2949.99,746.27581
2021-08-09 07:47:00,1628495220.0,2950.0,2952.78,2949.27,2952.78,522.72093
2021-08-09 07:48:00,1628495280.0,2952.78,2954.67,2940.46,2941.45,983.87451
2021-08-09 07:49:00,1628495340.0,2941.31,2943.31,2935.95,2940.31,911.77653
2021-08-09 07:50:00,1628495400.0,2940.3,2943.61,2934.31,2935.03,914.06796
2021-08-09 07:51:00,1628495460.0,2935.04,2938.15,2932.83,2934.51,539.6089
2021-08-09 07:52:00,1628495520.0,2934.62,2940.45,2934.42,2938.91,410.90284
2021-08-09 07:53:00,1628495580.0,2939.08,2945.0,2936.39,2942.87,562.74409
2021-08-09 07:54:00,1628495640.0,2942.65,2948.15,2941.55,2942.33,635.44355
2021-08-09 07:55:00,1628495700.0,2942.33,2946.59,2942.21,2943.47,603.27674
2021-08-09 07:56:00,1628495760.0,2943.46,2944.71,2941.63,2943.72,293.18331
2021-08-09 07:57:00,1628495820.0,2943.71,2947.67,2942.18,2946.32,307.48686
2021-08-09 07:58:00,1628495880.0,2946.14,2946.5,2942.69,2944.21,202.47825
2021-08-09 07:59:00,1628495940.0,2944.21,2946.06,2941.0,2944.11,676.74557
2021-08-09 08:00:00,1628496000.0,2944.11,2949.0,2940.66,2949.0,1003.21555
2021-08-09 08:01:00,1628496060.0,2948.76,2948.99,2943.68,2946.62,795.02058
2021-08-09 08:02:00,1628496120.0,2946.46,2949.9,2942.67,2943.91,553.94738
2021-08-09 08:03:00,1628496180.0,2943.91,2945.84,2941.22,2945.28,333.88012
2021-08-09 08:04:00,1628496240.0,2945.0,2950.0,2944.68,2949.78,441.30405
2021-08-09 08:05:00,1628496300.0,2949.77,2957.0,2949.49,2952.45,2530.48811
2021-08-09 08:06:00,1628496360.0,2952.45,2952.91,2948.58,2948.58,445.60752
2021-08-09 08:07:00,1628496420.0,2948.75,2948.76,2945.0,2945.01,420.1903
2021-08-09 08:08:00,1628496480.0,2945.01,2947.45,2944.5,2946.54,335.38054
2021-08-09 08:09:00,1628496540.0,2946.54,2946.61,2942.02,2944.0,399.56696
2021-08-09 08:10:00,1628496600.0,2944.0,2944.01,2940.01,2940.65,403.99573
2021-08-09 08:11:00,1628496660.0,2940.55,2940.88,2938.0,2938.01,383.76284
2021-08-09 08:12:00,1628496720.0,2938.01,2941.41,2937.5,2937.51,377.65098
2021-08-09 08:13:00,1628496780.0,2937.51,2940.98,2937.51,2938.5,300.90164
2021-08-09 08:14:00,1628496840.0,2938.64,2939.87,2937.96,2939.83,202.83437
2021-08-09 08:15:00,1628496900.0,2939.83,2940.0,2937.62,2938.51,312.23834
2021-08-09 08:16:00,1628496960.0,2938.51,2939.13,2937.64,2937.84,260.89299
2021-08-09 08:17:00,1628497020.0,2937.84,2938.87,2937.0,2937.01,270.77365
2021-08-09 08:18:00,1628497080.0,2937.01,2938.62,2936.42,2937.64,272.09362
2021-08-09 08:19:00,1628497140.0,2937.64,2938.86,2936.84,2938.16,304.20354
2021-08-09 08:20:00,1628497200.0,2938.16,2943.0,2938.16,2941.0,591.06639
2021-08-09 08:21:00,1628497260.0,2941.01,2941.42,2936.14,2936.48,704.63078
2021-08-09 08:22:00,1628497320.0,2936.48,2937.04,2932.55,2933.73,420.0239
2021-08-09 08:23:00,1628497380.0,2933.73,2934.98,2932.11,2933.88,263.4318
2021-08-09 08:24:00,1628497440.0,2933.89,2937.91,2932.58,2934.13,262.10953
2021-08-09 08:25:00,1628497500.0,2934.13,2937.44,2933.89,2935.9,295.4
2021-08-09 08:26:00,1628497560.0,2935.9,2937.04,2934.01,2934.5,223.74695
2021-08-09 08:27:00,1628497620.0,2934.5,2939.36,2934.21,2938.63,218.07219
2021-08-09 08:28:00,1628497680.0,2938.63,2940.98,2938.33,2939.88,315.94238
2021-08-09 08:29:00,1628497740.0,2939.88,2939.89,2937.2,2939.68,381.06986
2021-08-09 08:30:00,1628497800.0,2939.67,2943.71,2939.3,2942.64,397.95068
2021-08-09 08:31:00,1628497860.0,2942.64,2943.31,2941.32,2941.95,231.36174
2021-08-09 08:32:00,1628497920.0,2941.95,2945.56,2941.95,2943.63,615.78557
2021-08-09 08:33:00,1628497980.0,2943.64,2946.0,2943.64,2945.7,249.09865
2021-08-09 08:34:00,1628498040.0,2945.71,2946.83,2944.19,2945.16,427.51671
2021-08-09 08:35:00,1628498100.0,2945.17,2947.46,2944.45,2946.13,361.60501
2021-08-09 08:36:00,1628498160.0,2946.24,2946.62,2943.74,2946.61,339.06891
2021-08-09 08:37:00,1628498220.0,2946.55,2948.8,2946.33,2948.8,170.14655
2021-08-09 08:38:00,1628498280.0,2948.77,2952.0,2948.77,2951.55,475.10595
2021-08-09 08:39:00,1628498340.0,2951.55,2953.21,2946.55,2947.63,581.70827
2021-08-09 08:40:00,1628498400.0,2947.64,2952.79,2947.3,2951.51,503.4659
2021-08-09 08:41:00,1628498460.0,2951.6,2952.87,2949.11,2950.18,226.18846
2021-08-09 08:42:00,1628498520.0,2950.45,2951.94,2949.82,2951.38,149.79214
2021-08-09 08:43:00,1628498580.0,2951.38,2952.0,2949.13,2949.73,357.99176
2021-08-09 08:44:00,1628498640.0,2949.7,2951.98,2948.55,2950.72,279.37207
2021-08-09 08:45:00,1628498700.0,2950.72,2955.47,2950.72,2955.0,362.56303
2021-08-09 08:46:00,1628498760.0,2955.0,2957.84,2954.48,2957.27,306.50932
2021-08-09 08:47:00,1628498820.0,2957.38,2957.51,2953.06,2954.98,319.65623
2021-08-09 08:48:00,1628498880.0,2954.98,2960.58,2954.6,2958.66,692.39832
2021-08-09 08:49:00,1628498940.0,2958.66,2959.98,2956.88,2959.05,579.92149
2021-08-09 08:50:00,1628499000.0,2958.47,2960.83,2957.53,2958.0,675.56621
2021-08-09 08:51:00,1628499060.0,2957.99,2960.1,2957.97,2959.41,384.37136
2021-08-09 08:52:00,1628499120.0,2959.62,2961.48,2958.81,2961.0,531.75527
2021-08-09 08:53:00,1628499180.0,2961.0,2974.38,2961.0,2971.11,1751.54599
2021-08-09 08:54:00,1628499240.0,2971.11,2971.11,2963.33,2965.04,572.73749
2021-08-09 08:55:00,1628499300.0,2964.92,2966.29,2962.1,2963.22,734.07394
2021-08-09 08:56:00,1628499360.0,2963.22,2963.93,2960.02,2960.42,452.51001
2021-08-09 08:57:00,1628499420.0,2960.41,2962.53,2957.29,2958.67,485.40163
2021-08-09 08:58:00,1628499480.0,2958.67,2959.96,2957.7,2958.96,279.56812
2021-08-09 08:59:00,1628499540.0,2958.95,2959.52,2956.38,2957.71,384.28248
2021-08-09 09:00:00,1628499600.0,2958.0,2961.37,2956.0,2956.72,382.5305
2021-08-09 09:01:00,1628499660.0,2956.72,2956.72,2952.12,2952.35,421.14088
2021-08-09 09:02:00,1628499720.0,2952.35,2953.5,2951.67,2953.29,246.96869
2021-08-09 09:03:00,1628499780.0,2953.29,2953.96,2950.2,2951.21,379.01261
2021-08-09 09:04:00,1628499840.0,2951.21,2953.37,2951.0,2951.0,212.91203
2021-08-09 09:05:00,1628499900.0,2951.0,2952.82,2950.64,2951.1,225.48957
2021-08-09 09:06:00,1628499960.0,2951.1,2954.12,2951.09,2954.05,212.41552
2021-08-09 09:07:00,1628500020.0,2954.05,2954.26,2951.23,2952.33,191.96492
2021-08-09 09:08:00,1628500080.0,2952.4,2952.99,2951.75,2952.66,86.55355
2021-08-09 09:09:00,1628500140.0,2952.67,2953.94,2951.09,2953.22,411.79223
2021-08-09 09:10:00,1628500200.0,2953.22,2958.73,2952.68,2958.6,232.45338
2021-08-09 09:11:00,1628500260.0,2958.61,2967.96,2957.4,2966.49,872.17633
2021-08-09 09:12:00,1628500320.0,2966.48,2974.53,2965.0,2974.53,1174.82429
2021-08-09 09:13:00,1628500380.0,2974.53,2982.29,2971.99,2976.68,2919.52276
2021-08-09 09:14:00,1628500440.0,2976.73,2984.73,2974.0,2984.73,1497.21303
2021-08-09 09:15:00,1628500500.0,2984.33,2984.85,2974.51,2978.73,1827.27436
2021-08-09 09:16:00,1628500560.0,2978.72,2995.18,2978.01,2994.23,2345.7015
2021-08-09 09:17:00,1628500620.0,2994.23,3001.78,2990.87,2993.58,2980.65337
2021-08-09 09:18:00,1628500680.0,2993.57,2997.21,2987.05,2995.01,1563.11887
2021-08-09 09:19:00,1628500740.0,2995.27,3000.88,2992.75,2997.68,2064.56026
2021-08-09 09:20:00,1628500800.0,2997.47,3001.02,2996.0,2998.32,1658.03892
2021-08-09 09:21:00,1628500860.0,2998.35,3000.0,2996.67,2997.32,1514.16433
2021-08-09 09:22:00,1628500920.0,2997.51,2998.99,2995.22,2997.36,1334.70179
2021-08-09 09:23:00,1628500980.0,2997.36,3016.27,2997.33,3014.36,2547.9334
2021-08-09 09:24:00,1628501040.0,3014.35,3016.89,3008.07,3013.95,2116.86611
2021-08-09 09:25:00,1628501100.0,3014.13,3019.13,3010.12,3014.88,1726.91089
2021-08-09 09:26:00,1628501160.0,3014.88,3023.66,3013.41,3022.48,2038.81944
2021-08-09 09:27:00,1628501220.0,3022.48,3065.0,3021.0,3030.36,8910.10195
2021-08-09 09:28:00,1628501280.0,3029.29,3031.48,3023.43,3023.43,2235.86321
2021-08-09 09:29:00,1628501340.0,3023.5,3030.0,3022.63,3027.81,1222.97661
2021-08-09 09:30:00,1628501400.0,3027.81,3030.11,3020.24,3023.73,1293.21489
2021-08-09 09:31:00,1628501460.0,3023.88,3023.88,3018.51,3020.42,1207.47628
2021-08-09 09:32:00,1628501520.0,3020.42,3023.02,3016.59,3020.84,1125.91082
2021-08-09 09:33:00,1628501580.0,3020.84,3025.88,3018.72,3024.96,545.16
2021-08-09 09:34:00,1628501640.0,3025.0,3031.33,3023.92,3027.43,1282.55929
2021-08-09 09:35:00,1628501700.0,3027.45,3030.19,3026.3,3027.35,975.00554
2021-08-09 09:36:00,1628501760.0,3027.35,3029.0,3021.6,3027.64,868.70786
2021-08-09 09:37:00,1628501820.0,3027.64,3040.0,3027.15,3035.95,1458.98878
2021-08-09 09:38:00,1628501880.0,3035.81,3042.65,3034.48,3041.31,1309.2876
2021-08-09 09:39:00,1628501940.0,3040.9,3042.46,3033.46,3040.01,1635.31651
2021-08-09 09:40:00,1628502000.0,3040.0,3040.67,3031.9,3034.4,1085.90204
2021-08-09 09:41:00,1628502060.0,3034.62,3035.85,3030.9,3033.88,789.61149
2021-08-09 09:42:00,1628502120.0,3033.88,3040.7,3033.71,3039.42,601.63168
2021-08-09 09:43:00,1628502180.0,3040.0,3040.94,3035.26,3039.69,718.90129
2021-08-09 09:44:00,1628502240.0,3039.7,3040.0,3036.0,3038.03,608.08664
2021-08-09 09:45:00,1628502300.0,3038.02,3041.61,3035.0,3035.8,791.81951
2021-08-09 09:46:00,1628502360.0,3035.8,3035.8,3030.0,3031.18,816.56432
2021-08-09 09:47:00,1628502420.0,3031.19,3035.95,3031.18,3033.36,407.24721
2021-08-09 09:48:00,1628502480.0,3033.4,3044.1,3031.49,3043.04,5700.75926
2021-08-09 09:49:00,1628502540.0,3043.03,3047.0,3040.39,3043.55,2365.07578
2021-08-09 09:50:00,1628502600.0,3043.45,3048.8,3041.31,3048.8,834.13438
2021-08-09 09:51:00,1628502660.0,3048.79,3049.09,3043.0,3047.4,1444.63698
2021-08-09 09:52:00,1628502720.0,3047.39,3048.98,3044.0,3045.76,961.10013
2021-08-09 09:53:00,1628502780.0,3045.58,3046.01,3038.76,3040.01,1104.34173
2021-08-09 09:54:00,1628502840.0,3040.0,3043.01,3036.38,3039.34,738.98838
2021-08-09 09:55:00,1628502900.0,3039.36,3046.26,3037.51,3044.6,1012.15405
2021-08-09 09:56:00,1628502960.0,3044.59,3045.25,3038.95,3038.96,778.41326
2021-08-09 09:57:00,1628503020.0,3038.96,3042.84,3038.38,3041.95,569.80732
2021-08-09 09:58:00,1628503080.0,3042.11,3042.66,3040.0,3041.0,474.13915
2021-08-09 09:59:00,1628503140.0,3040.99,3041.88,3039.64,3040.38,341.06296
2021-08-09 10:00:00,1628503200.0,3040.45,3052.2,3040.45,3051.3,1975.17483
2021-08-09 10:01:00,1628503260.0,3051.3,3055.0,3045.5,3047.45,1613.18336
2021-08-09 10:02:00,1628503320.0,3048.54,3050.78,3042.88,3050.62,1586.80801
2021-08-09 10:03:00,1628503380.0,3050.29,3064.0,3048.98,3063.22,2037.73643
2021-08-09 10:04:00,1628503440.0,3063.23,3071.42,3059.65,3070.48,3088.20858
2021-08-09 10:05:00,1628503500.0,3070.09,3071.53,3066.02,3066.79,1544.53078
2021-08-09 10:06:00,1628503560.0,3066.79,3071.08,3066.03,3067.2,1424.60998
2021-08-09 10:07:00,1628503620.0,3067.01,3073.79,3066.11,3073.78,1350.96668
2021-08-09 10:08:00,1628503680.0,3073.62,3079.87,3070.57,3076.38,2047.57045
2021-08-09 10:09:00,1628503740.0,3076.25,3078.24,3070.0,3071.18,1450.56285
2021-08-09 10:10:00,1628503800.0,3071.19,3074.53,3067.42,3073.32,1461.38471
2021-08-09 10:11:00,1628503860.0,3073.32,3075.56,3072.77,3073.58,1437.55113
2021-08-09 10:12:00,1628503920.0,3073.58,3075.56,3069.35,3070.74,3051.70695
2021-08-09 10:13:00,1628503980.0,3070.2,3071.7,3066.04,3067.53,1218.84665
2021-08-09 10:14:00,1628504040.0,3067.54,3070.92,3066.11,3066.57,828.56059
2021-08-09 10:15:00,1628504100.0,3066.58,3075.0,3065.0,3074.67,1005.93869
2021-08-09 10:16:00,1628504160.0,3074.5,3075.0,3066.5,3067.41,1146.91326
2021-08-09 10:17:00,1628504220.0,3067.42,3067.78,3058.01,3060.13,1797.53285
2021-08-09 10:18:00,1628504280.0,3060.14,3060.17,3053.19,3056.36,1357.0013
2021-08-09 10:19:00,1628504340.0,3056.47,3062.95,3054.5,3062.02,728.33428
2021-08-09 10:20:00,1628504400.0,3062.01,3062.79,3054.13,3055.6,852.74885
2021-08-09 10:21:00,1628504460.0,3055.57,3058.0,3053.86,3054.93,583.41675
2021-08-09 10:22:00,1628504520.0,3054.93,3057.84,3052.16,3055.51,724.73986
2021-08-09 10:23:00,1628504580.0,3055.51,3057.6,3050.02,3057.3,731.04587
2021-08-09 10:24:00,1628504640.0,3057.3,3058.69,3053.94,3054.59,579.92978
2021-08-09 10:25:00,1628504700.0,3054.59,3059.85,3054.59,3058.46,795.50515
2021-08-09 10:26:00,1628504760.0,3058.16,3061.8,3058.15,3061.47,595.49521
2021-08-09 10:27:00,1628504820.0,3061.28,3061.29,3057.98,3060.0,462.26272
2021-08-09 10:28:00,1628504880.0,3059.99,3062.89,3058.89,3062.88,640.81964
2021-08-09 10:29:00,1628504940.0,3062.89,3064.34,3060.47,3063.21,412.8628
2021-08-09 10:30:00,1628505000.0,3063.21,3069.27,3063.21,3064.24,714.56993
2021-08-09 10:31:00,1628505060.0,3064.24,3067.34,3061.8,3063.63,553.69309
2021-08-09 10:32:00,1628505120.0,3063.64,3064.98,3060.74,3064.98,513.14264
2021-08-09 10:33:00,1628505180.0,3064.98,3070.0,3063.95,3068.99,1032.1692
2021-08-09 10:34:00,1628505240.0,3068.98,3070.39,3065.27,3068.37,1007.64587
2021-08-09 10:35:00,1628505300.0,3068.58,3075.0,3068.58,3074.63,861.01887
2021-08-09 10:36:00,1628505360.0,3074.62,3075.0,3070.1,3072.49,1054.80628
2021-08-09 10:37:00,1628505420.0,3072.49,3075.56,3072.25,3075.53,1554.54812
2021-08-09 10:38:00,1628505480.0,3075.52,3075.56,3072.0,3072.94,995.64394
2021-08-09 10:39:00,1628505540.0,3072.95,3073.29,3069.14,3069.15,811.59486
2021-08-09 10:40:00,1628505600.0,3069.28,3072.72,3069.28,3072.2,568.67639
2021-08-09 10:41:00,1628505660.0,3072.2,3084.32,3072.0,3084.32,1644.32303
2021-08-09 10:42:00,1628505720.0,3084.31,3100.0,3081.93,3093.69,3858.27935
2021-08-09 10:43:00,1628505780.0,3093.69,3099.67,3088.0,3098.81,1840.42696
2021-08-09 10:44:00,1628505840.0,3098.82,3101.72,3093.78,3097.76,2448.01408
2021-08-09 10:45:00,1628505900.0,3098.18,3100.0,3086.73,3092.32,2201.13797
2021-08-09 10:46:00,1628505960.0,3092.22,3094.66,3089.67,3090.88,791.36432
2021-08-09 10:47:00,1628506020.0,3091.24,3091.26,3089.39,3089.93,2639.99985
2021-08-09 10:48:00,1628506080.0,3089.93,3092.7,3089.39,3089.62,1627.15043
2021-08-09 10:49:00,1628506140.0,3089.63,3093.93,3089.59,3092.55,921.26558
2021-08-09 10:50:00,1628506200.0,3092.55,3098.81,3091.01,3097.24,647.72514
2021-08-09 10:51:00,1628506260.0,3097.24,3106.99,3097.24,3100.2,1520.47228
2021-08-09 10:52:00,1628506320.0,3100.19,3100.7,3094.03,3098.47,1272.57814
2021-08-09 10:53:00,1628506380.0,3098.48,3099.33,3095.0,3095.63,649.74812
2021-08-09 10:54:00,1628506440.0,3095.63,3108.0,3095.6,3106.81,1165.54134
2021-08-09 10:55:00,1628506500.0,3106.82,3108.74,3100.0,3101.25,1373.00045
2021-08-09 10:56:00,1628506560.0,3100.89,3101.41,3097.42,3097.91,946.51653
2021-08-09 10:57:00,1628506620.0,3097.91,3101.61,3096.6,3101.02,947.56264
2021-08-09 10:58:00,1628506680.0,3100.96,3104.93,3097.47,3097.54,1181.65407
2021-08-09 10:59:00,1628506740.0,3097.54,3101.69,3096.04,3101.69,747.97094
2021-08-09 11:00:00,1628506800.0,3101.23,3111.24,3101.22,3108.81,1594.49616
2021-08-09 11:01:00,1628506860.0,3109.16,3113.0,3100.02,3100.19,1587.9985
2021-08-09 11:02:00,1628506920.0,3100.19,3105.57,3100.04,3103.3,957.38579
2021-08-09 11:03:00,1628506980.0,3103.48,3103.48,3093.92,3093.93,1897.3123
2021-08-09 11:04:00,1628507040.0,3094.22,3098.62,3090.5,3091.18,1323.29755
2021-08-09 11:05:00,1628507100.0,3091.08,3094.57,3089.39,3094.03,1073.56136
2021-08-09 11:06:00,1628507160.0,3094.03,3097.0,3089.39,3093.57,2213.17267
2021-08-09 11:07:00,1628507220.0,3093.85,3103.87,3092.39,3103.28,1297.15506
2021-08-09 11:08:00,1628507280.0,3103.3,3105.62,3100.89,3101.77,988.3621
2021-08-09 11:09:00,1628507340.0,3101.78,3124.56,3101.77,3117.34,4074.77457
2021-08-09 11:10:00,1628507400.0,3117.35,3129.79,3115.71,3126.21,2029.25371
2021-08-09 11:11:00,1628507460.0,3126.01,3131.83,3121.97,3127.39,1665.33992
2021-08-09 11:12:00,1628507520.0,3127.39,3131.83,3121.75,3122.42,1156.79804
2021-08-09 11:13:00,1628507580.0,3122.41,3132.9,3121.92,3132.75,805.14163
2021-08-09 11:14:00,1628507640.0,3132.75,3133.64,3128.73,3132.16,1221.05212
2021-08-09 11:15:00,1628507700.0,3132.17,3136.21,3122.0,3124.27,2075.44261
2021-08-09 11:16:00,1628507760.0,3124.64,3132.49,3120.01,3131.28,933.38435
2021-08-09 11:17:00,1628507820.0,3131.27,3131.27,3124.03,3126.01,1230.99325
2021-08-09 11:18:00,1628507880.0,3126.01,3131.0,3123.04,3130.53,1799.59631
2021-08-09 11:19:00,1628507940.0,3130.53,3134.0,3129.99,3130.0,2194.39381
2021-08-09 11:20:00,1628508000.0,3130.01,3131.0,3125.01,3126.72,1013.9301
2021-08-09 11:21:00,1628508060.0,3126.72,3128.16,3120.03,3123.56,1254.04647
2021-08-09 11:22:00,1628508120.0,3123.56,3129.83,3123.56,3129.04,470.7738
2021-08-09 11:23:00,1628508180.0,3129.04,3129.88,3126.0,3127.32,467.28098
2021-08-09 11:24:00,1628508240.0,3127.32,3137.0,3126.71,3135.25,1693.32607
2021-08-09 11:25:00,1628508300.0,3135.58,3139.0,3132.91,3138.45,734.68133
2021-08-09 11:26:00,1628508360.0,3138.44,3140.0,3136.28,3139.2,1496.28139
2021-08-09 11:27:00,1628508420.0,3139.21,3139.21,3131.72,3138.03,715.51123
2021-08-09 11:28:00,1628508480.0,3138.03,3140.0,3137.02,3139.99,830.03148
2021-08-09 11:29:00,1628508540.0,3139.99,3141.64,3123.64,3124.3,2707.07898
2021-08-09 11:30:00,1628508600.0,3124.17,3129.59,3123.0,3123.95,1044.92607
2021-08-09 11:31:00,1628508660.0,3123.95,3127.86,3123.33,3124.27,511.72111
2021-08-09 11:32:00,1628508720.0,3124.27,3125.74,3111.01,3117.19,1555.21975
2021-08-09 11:33:00,1628508780.0,3117.19,3120.54,3114.39,3115.02,1007.54856
2021-08-09 11:34:00,1628508840.0,3115.01,3115.9,3106.99,3109.81,1852.05776
2021-08-09 11:35:00,1628508900.0,3109.81,3117.0,3109.44,3109.66,1523.64289
2021-08-09 11:36:00,1628508960.0,3109.67,3115.86,3108.64,3114.41,823.25615
2021-08-09 11:37:00,1628509020.0,3114.41,3118.09,3111.31,3118.08,630.86771
2021-08-09 11:38:00,1628509080.0,3118.09,3119.9,3115.0,3115.92,383.75648
2021-08-09 11:39:00,1628509140.0,3115.61,3121.65,3115.14,3117.74,563.75678
2021-08-09 11:40:00,1628509200.0,3118.28,3122.84,3118.08,3122.73,471.99435
2021-08-09 11:41:00,1628509260.0,3122.73,3126.12,3122.16,3123.61,525.42889
2021-08-09 11:42:00,1628509320.0,3123.61,3124.53,3119.91,3122.93,382.15876
2021-08-09 11:43:00,1628509380.0,3123.22,3128.45,3122.57,3126.84,533.77486
2021-08-09 11:44:00,1628509440.0,3126.84,3129.88,3126.46,3128.29,456.49481
2021-08-09 11:45:00,1628509500.0,3128.08,3130.61,3122.88,3127.4,782.21792
2021-08-09 11:46:00,1628509560.0,3127.39,3130.79,3126.29,3127.85,366.84307
2021-08-09 11:47:00,1628509620.0,3127.83,3128.68,3120.14,3120.7,548.12277
2021-08-09 11:48:00,1628509680.0,3120.67,3122.92,3116.15,3119.76,567.09389
2021-08-09 11:49:00,1628509740.0,3119.75,3122.37,3119.0,3120.57,377.86964
2021-08-09 11:50:00,1628509800.0,3120.57,3130.57,3120.0,3130.08,651.76281
2021-08-09 11:51:00,1628509860.0,3130.09,3134.13,3128.63,3130.7,1009.92979
2021-08-09 11:52:00,1628509920.0,3130.7,3135.0,3130.37,3130.99,635.28835
2021-08-09 11:53:00,1628509980.0,3130.99,3136.0,3130.99,3131.73,1235.31445
2021-08-09 11:54:00,1628510040.0,3131.74,3136.56,3131.73,3135.57,781.20256
2021-08-09 11:55:00,1628510100.0,3135.56,3135.57,3122.69,3125.56,1809.52412
2021-08-09 11:56:00,1628510160.0,3125.55,3127.79,3121.48,3125.65,821.23328
2021-08-09 11:57:00,1628510220.0,3125.65,3129.0,3125.65,3128.7,858.04303
2021-08-09 11:58:00,1628510280.0,3128.77,3129.21,3125.02,3128.7,609.27842
2021-08-09 11:59:00,1628510340.0,3128.71,3134.56,3128.1,3133.42,646.47992
2021-08-09 12:00:00,1628510400.0,3133.41,3139.0,3123.0,3124.21,2645.21752
2021-08-09 12:01:00,1628510460.0,3124.2,3125.94,3119.05,3125.68,1301.21109
2021-08-09 12:02:00,1628510520.0,3125.67,3130.95,3120.26,3128.15,712.98421
2021-08-09 12:03:00,1628510580.0,3127.65,3130.59,3125.71,3128.94,607.48924
2021-08-09 12:04:00,1628510640.0,3128.94,3130.0,3122.18,3122.18,525.07228
2021-08-09 12:05:00,1628510700.0,3122.54,3124.78,3119.23,3119.24,1111.30457
2021-08-09 12:06:00,1628510760.0,3119.24,3121.0,3112.16,3112.99,985.51182
2021-08-09 12:07:00,1628510820.0,3112.96,3114.56,3108.0,3111.41,1267.79257
2021-08-09 12:08:00,1628510880.0,3111.41,3116.62,3108.88,3112.36,977.61229
2021-08-09 12:09:00,1628510940.0,3112.45,3114.45,3107.1,3107.1,801.38361
2021-08-09 12:10:00,1628511000.0,3107.11,3112.55,3100.0,3110.42,2241.47964
2021-08-09 12:11:00,1628511060.0,3110.42,3115.0,3109.18,3114.99,747.94851
2021-08-09 12:12:00,1628511120.0,3115.0,3120.0,3110.86,3119.38,1235.89224
2021-08-09 12:13:00,1628511180.0,3119.38,3122.01,3115.61,3119.86,1248.37739
2021-08-09 12:14:00,1628511240.0,3120.05,3120.06,3116.68,3119.09,324.36522
2021-08-09 12:15:00,1628511300.0,3119.08,3119.9,3110.0,3111.19,487.60297
2021-08-09 12:16:00,1628511360.0,3111.19,3112.85,3107.21,3109.45,630.58734
2021-08-09 12:17:00,1628511420.0,3109.46,3113.0,3108.91,3110.83,780.48303
2021-08-09 12:18:00,1628511480.0,3110.84,3111.85,3105.84,3106.57,909.92254
2021-08-09 12:19:00,1628511540.0,3106.57,3106.57,3101.15,3104.37,1309.68654
2021-08-09 12:20:00,1628511600.0,3104.37,3111.4,3104.23,3110.97,811.72346
2021-08-09 12:21:00,1628511660.0,3110.97,3113.85,3108.34,3113.31,564.79458
2021-08-09 12:22:00,1628511720.0,3113.31,3116.09,3112.43,3115.98,422.179
2021-08-09 12:23:00,1628511780.0,3116.07,3116.45,3113.78,3115.34,292.13606
2021-08-09 12:24:00,1628511840.0,3115.34,3115.67,3110.04,3110.66,500.69647
2021-08-09 12:25:00,1628511900.0,3110.66,3116.52,3110.0,3115.73,570.50651
2021-08-09 12:26:00,1628511960.0,3115.76,3122.0,3115.53,3121.99,694.39768
2021-08-09 12:27:00,1628512020.0,3122.0,3122.67,3117.32,3118.44,430.45013
2021-08-09 12:28:00,1628512080.0,3118.45,3120.89,3115.8,3116.43,425.13521
2021-08-09 12:29:00,1628512140.0,3116.43,3120.0,3116.29,3117.52,322.42758
2021-08-09 12:30:00,1628512200.0,3117.52,3123.0,3116.52,3122.99,539.03938
2021-08-09 12:31:00,1628512260.0,3122.99,3129.89,3122.05,3129.39,1296.93023
2021-08-09 12:32:00,1628512320.0,3129.39,3129.47,3122.78,3125.24,375.63985
2021-08-09 12:33:00,1628512380.0,3125.24,3126.0,3115.0,3116.0,505.32926
2021-08-09 12:34:00,1628512440.0,3116.0,3116.49,3110.04,3113.9,520.86046
2021-08-09 12:35:00,1628512500.0,3113.89,3121.17,3113.59,3115.45,554.44816
2021-08-09 12:36:00,1628512560.0,3115.44,3115.45,3109.29,3112.86,404.86765
2021-08-09 12:37:00,1628512620.0,3112.87,3114.67,3111.72,3113.24,295.78352
2021-08-09 12:38:00,1628512680.0,3113.25,3114.81,3111.14,3114.16,238.55286
2021-08-09 12:39:00,1628512740.0,3113.72,3116.9,3113.72,3116.42,391.6102
2021-08-09 12:40:00,1628512800.0,3116.42,3120.63,3115.8,3120.06,465.1276
2021-08-09 12:41:00,1628512860.0,3120.05,3123.42,3116.08,3116.63,506.04589
2021-08-09 12:42:00,1628512920.0,3117.05,3119.38,3116.19,3117.2,296.39041
2021-08-09 12:43:00,1628512980.0,3117.2,3122.56,3117.0,3119.13,691.42563
2021-08-09 12:44:00,1628513040.0,3119.13,3119.13,3115.81,3116.68,396.92781
2021-08-09 12:45:00,1628513100.0,3116.68,3121.74,3116.0,3120.49,355.52944
2021-08-09 12:46:00,1628513160.0,3120.49,3120.83,3116.77,3120.08,307.10502
2021-08-09 12:47:00,1628513220.0,3120.08,3124.49,3117.0,3121.89,849.62359
2021-08-09 12:48:00,1628513280.0,3121.89,3123.3,3120.67,3122.15,186.55663
2021-08-09 12:49:00,1628513340.0,3122.15,3122.15,3116.37,3117.62,285.31887
2021-08-09 12:50:00,1628513400.0,3117.61,3118.51,3116.34,3116.94,1175.35088
2021-08-09 12:51:00,1628513460.0,3117.0,3119.34,3115.36,3116.96,464.58328
2021-08-09 12:52:00,1628513520.0,3116.96,3118.26,3115.3,3115.65,309.87876
2021-08-09 12:53:00,1628513580.0,3115.65,3119.73,3115.65,3117.7,353.9747
2021-08-09 12:54:00,1628513640.0,3117.7,3118.17,3114.33,3115.15,262.0366
2021-08-09 12:55:00,1628513700.0,3115.14,3119.89,3114.79,3119.48,312.85309
2021-08-09 12:56:00,1628513760.0,3119.81,3124.23,3119.0,3122.64,790.73047
2021-08-09 12:57:00,1628513820.0,3122.64,3125.23,3122.08,3125.0,514.46436
2021-08-09 12:58:00,1628513880.0,3125.0,3126.23,3122.11,3125.97,501.6272
2021-08-09 12:59:00,1628513940.0,3125.97,3133.58,3124.03,3131.32,1972.39907
2021-08-09 13:00:00,1628514000.0,3131.52,3148.0,3131.51,3143.69,3854.83655
2021-08-09 13:01:00,1628514060.0,3143.69,3150.0,3139.0,3141.06,2827.17814
2021-08-09 13:02:00,1628514120.0,3141.07,3147.82,3138.01,3140.28,1451.45109
2021-08-09 13:03:00,1628514180.0,3140.27,3142.95,3138.7,3142.02,843.87812
2021-08-09 13:04:00,1628514240.0,3142.02,3142.02,3130.55,3131.48,1248.29766
2021-08-09 13:05:00,1628514300.0,3131.48,3131.48,3123.87,3124.57,988.86707
2021-08-09 13:06:00,1628514360.0,3124.57,3126.74,3118.8,3120.46,1445.8774
2021-08-09 13:07:00,1628514420.0,3120.46,3125.99,3114.36,3118.0,1179.9283
2021-08-09 13:08:00,1628514480.0,3118.0,3120.64,3113.0,3120.32,986.13684
2021-08-09 13:09:00,1628514540.0,3120.36,3122.56,3116.89,3118.7,549.0922
2021-08-09 13:10:00,1628514600.0,3118.7,3119.0,3114.18,3116.48,448.06376
2021-08-09 13:11:00,1628514660.0,3116.48,3121.26,3115.85,3120.37,234.21899
2021-08-09 13:12:00,1628514720.0,3120.37,3121.77,3117.24,3120.54,289.69024
2021-08-09 13:13:00,1628514780.0,3120.65,3126.58,3120.0,3125.02,538.57284
2021-08-09 13:14:00,1628514840.0,3125.04,3129.66,3124.02,3128.4,843.7621
2021-08-09 13:15:00,1628514900.0,3128.42,3128.87,3120.23,3122.44,394.06702
2021-08-09 13:16:00,1628514960.0,3122.44,3123.22,3118.0,3121.49,548.55167
2021-08-09 13:17:00,1628515020.0,3121.49,3122.35,3118.0,3118.44,338.20704
2021-08-09 13:18:00,1628515080.0,3118.28,3120.14,3117.06,3120.14,821.51555
2021-08-09 13:19:00,1628515140.0,3120.22,3121.91,3117.65,3121.91,246.48021
2021-08-09 13:20:00,1628515200.0,3121.91,3130.0,3121.9,3126.68,650.58648
2021-08-09 13:21:00,1628515260.0,3126.48,3131.0,3124.61,3128.97,393.59876
2021-08-09 13:22:00,1628515320.0,3128.96,3136.98,3128.0,3132.74,515.43646
2021-08-09 13:23:00,1628515380.0,3132.76,3136.11,3130.77,3132.12,508.98074
2021-08-09 13:24:00,1628515440.0,3132.14,3133.13,3127.52,3129.98,247.07719
2021-08-09 13:25:00,1628515500.0,3129.98,3130.31,3127.54,3128.48,269.81354
2021-08-09 13:26:00,1628515560.0,3128.48,3131.29,3126.57,3129.29,410.1617
2021-08-09 13:27:00,1628515620.0,3129.28,3131.99,3128.26,3131.93,292.32287
2021-08-09 13:28:00,1628515680.0,3131.93,3136.0,3131.47,3133.77,421.61122
2021-08-09 13:29:00,1628515740.0,3133.76,3135.93,3131.0,3135.92,215.0248
2021-08-09 13:30:00,1628515800.0,3135.92,3142.34,3133.1,3139.54,1251.75183
2021-08-09 13:31:00,1628515860.0,3139.54,3139.9,3133.48,3139.1,587.0142
2021-08-09 13:32:00,1628515920.0,3139.11,3140.24,3137.03,3137.08,606.48348
2021-08-09 13:33:00,1628515980.0,3137.08,3139.4,3134.19,3138.1,515.29238
2021-08-09 13:34:00,1628516040.0,3138.34,3138.34,3134.19,3134.36,457.83638
2021-08-09 13:35:00,1628516100.0,3134.37,3135.61,3128.9,3132.23,799.87143
2021-08-09 13:36:00,1628516160.0,3132.23,3135.88,3130.45,3132.21,283.64331
2021-08-09 13:37:00,1628516220.0,3132.21,3132.92,3129.37,3130.74,318.21871
2021-08-09 13:38:00,1628516280.0,3130.52,3135.9,3129.23,3133.05,313.20669
2021-08-09 13:39:00,1628516340.0,3133.05,3138.0,3131.31,3137.62,269.57671
2021-08-09 13:40:00,1628516400.0,3137.59,3140.0,3135.44,3135.45,539.8101
2021-08-09 13:41:00,1628516460.0,3135.44,3135.71,3129.65,3130.27,433.52745
2021-08-09 13:42:00,1628516520.0,3130.27,3133.3,3130.0,3130.56,494.82741
2021-08-09 13:43:00,1628516580.0,3130.55,3130.9,3127.96,3127.97,530.67766
2021-08-09 13:44:00,1628516640.0,3127.96,3132.09,3127.96,3130.42,231.47555
2021-08-09 13:45:00,1628516700.0,3130.25,3133.4,3129.3,3129.31,351.85346
2021-08-09 13:46:00,1628516760.0,3129.31,3129.78,3125.77,3125.86,534.80617
2021-08-09 13:47:00,1628516820.0,3125.86,3126.77,3122.48,3123.08,595.48819
2021-08-09 13:48:00,1628516880.0,3123.07,3124.3,3118.83,3120.29,843.47578
2021-08-09 13:49:00,1628516940.0,3120.0,3124.82,3119.2,3124.5,523.58152
2021-08-09 13:50:00,1628517000.0,3124.85,3126.0,3121.89,3122.95,640.44853
2021-08-09 13:51:00,1628517060.0,3122.95,3124.65,3115.01,3116.93,713.46479
2021-08-09 13:52:00,1628517120.0,3116.94,3120.88,3113.72,3115.98,923.1813
2021-08-09 13:53:00,1628517180.0,3115.97,3117.68,3109.44,3112.17,2372.5806
2021-08-09 13:54:00,1628517240.0,3112.32,3112.8,3100.0,3100.01,2722.11944
2021-08-09 13:55:00,1628517300.0,3100.0,3110.66,3100.0,3107.85,1531.46453
2021-08-09 13:56:00,1628517360.0,3107.84,3107.84,3080.16,3090.7,5957.87014
2021-08-09 13:57:00,1628517420.0,3091.2,3098.45,3090.33,3096.31,1021.56705
2021-08-09 13:58:00,1628517480.0,3096.75,3103.87,3096.75,3103.74,1036.93053
2021-08-09 13:59:00,1628517540.0,3103.73,3105.0,3094.23,3095.52,1210.92625
2021-08-09 14:00:00,1628517600.0,3095.86,3104.33,3095.05,3101.39,766.96438
2021-08-09 14:01:00,1628517660.0,3101.39,3107.74,3101.16,3107.73,515.48302
2021-08-09 14:02:00,1628517720.0,3107.73,3110.49,3104.3,3109.28,1013.49401
2021-08-09 14:03:00,1628517780.0,3109.44,3109.85,3103.71,3106.44,911.00286
2021-08-09 14:04:00,1628517840.0,3106.44,3108.0,3100.01,3103.27,586.96413
2021-08-09 14:05:00,1628517900.0,3103.18,3109.28,3100.36,3109.11,643.86864
2021-08-09 14:06:00,1628517960.0,3108.71,3150.0,3107.3,3147.77,8922.09046
2021-08-09 14:07:00,1628518020.0,3147.06,3150.0,3130.44,3143.31,5705.49793
2021-08-09 14:08:00,1628518080.0,3142.4,3142.4,3132.06,3136.66,2059.59867
2021-08-09 14:09:00,1628518140.0,3136.32,3142.71,3130.02,3137.67,1447.73177
2021-08-09 14:10:00,1628518200.0,3137.1,3144.94,3136.01,3140.62,1752.27736
2021-08-09 14:11:00,1628518260.0,3140.62,3145.0,3139.51,3143.78,1217.51474
2021-08-09 14:12:00,1628518320.0,3143.69,3145.84,3132.2,3133.29,1239.39303
2021-08-09 14:13:00,1628518380.0,3133.1,3135.0,3125.35,3134.27,1271.08416
2021-08-09 14:14:00,1628518440.0,3134.27,3139.37,3131.43,3133.24,729.82146
2021-08-09 14:15:00,1628518500.0,3133.25,3139.56,3133.25,3138.99,665.3557
2021-08-09 14:16:00,1628518560.0,3138.8,3141.42,3130.0,3130.41,975.82537
2021-08-09 14:17:00,1628518620.0,3130.61,3140.0,3130.61,3137.0,352.36595
2021-08-09 14:18:00,1628518680.0,3137.0,3137.54,3134.21,3135.4,537.27305
2021-08-09 14:19:00,1628518740.0,3135.4,3143.67,3133.71,3143.66,558.8662
2021-08-09 14:20:00,1628518800.0,3143.66,3145.85,3139.22,3144.63,921.59669
2021-08-09 14:21:00,1628518860.0,3144.63,3152.2,3143.15,3150.75,2768.34344
2021-08-09 14:22:00,1628518920.0,3150.91,3151.93,3143.31,3143.82,780.50767
2021-08-09 14:23:00,1628518980.0,3143.82,3146.51,3138.94,3143.09,652.08909
2021-08-09 14:24:00,1628519040.0,3143.08,3143.09,3137.53,3140.34,507.2442
2021-08-09 14:25:00,1628519100.0,3140.34,3140.99,3129.34,3129.79,951.77613
2021-08-09 14:26:00,1628519160.0,3129.79,3134.42,3128.18,3130.71,627.19587
2021-08-09 14:27:00,1628519220.0,3131.05,3132.78,3127.52,3129.59,2937.37595
2021-08-09 14:28:00,1628519280.0,3129.24,3129.87,3120.73,3120.86,729.25624
2021-08-09 14:29:00,1628519340.0,3120.86,3124.0,3120.39,3122.93,792.06601
2021-08-09 14:30:00,1628519400.0,3122.94,3127.6,3114.48,3115.18,1494.52379
2021-08-09 14:31:00,1628519460.0,3115.18,3119.66,3111.0,3116.66,1439.70402
2021-08-09 14:32:00,1628519520.0,3116.67,3120.06,3114.41,3115.83,646.79785
2021-08-09 14:33:00,1628519580.0,3115.09,3117.25,3111.0,3113.61,893.77892
2021-08-09 14:34:00,1628519640.0,3113.6,3118.7,3113.1,3115.18,609.36322
2021-08-09 14:35:00,1628519700.0,3115.18,3118.22,3112.23,3115.47,470.92975
2021-08-09 14:36:00,1628519760.0,3115.47,3118.09,3113.44,3116.36,480.36064
2021-08-09 14:37:00,1628519820.0,3116.37,3124.16,3116.36,3120.29,566.81266
2021-08-09 14:38:00,1628519880.0,3120.28,3124.43,3120.28,3123.04,342.5282
2021-08-09 14:39:00,1628519940.0,3123.33,3127.14,3122.66,3125.23,376.95165
2021-08-09 14:40:00,1628520000.0,3125.22,3129.89,3125.01,3127.22,321.56985
2021-08-09 14:41:00,1628520060.0,3126.72,3130.9,3126.44,3128.2,633.05488
2021-08-09 14:42:00,1628520120.0,3128.0,3130.5,3127.36,3129.0,310.35615
2021-08-09 14:43:00,1628520180.0,3129.01,3133.97,3128.01,3128.22,451.21035
2021-08-09 14:44:00,1628520240.0,3128.51,3129.7,3119.18,3120.01,636.34049
2021-08-09 14:45:00,1628520300.0,3120.72,3128.01,3120.09,3125.59,409.02563
2021-08-09 14:46:00,1628520360.0,3125.59,3126.65,3116.69,3120.09,434.69517
2021-08-09 14:47:00,1628520420.0,3120.08,3121.89,3117.35,3119.87,256.43451
2021-08-09 14:48:00,1628520480.0,3119.99,3121.38,3118.0,3119.51,715.88279
2021-08-09 14:49:00,1628520540.0,3119.51,3121.22,3113.08,3113.81,1531.08667
2021-08-09 14:50:00,1628520600.0,3113.8,3113.85,3103.93,3104.99,2931.18983
2021-08-09 14:51:00,1628520660.0,3105.11,3113.0,3104.3,3112.0,1463.64364
2021-08-09 14:52:00,1628520720.0,3112.0,3112.28,3106.5,3111.09,1387.99684
2021-08-09 14:53:00,1628520780.0,3111.08,3117.0,3111.08,3117.0,473.66947
2021-08-09 14:54:00,1628520840.0,3117.0,3119.19,3114.37,3118.34,788.89397
2021-08-09 14:55:00,1628520900.0,3118.35,3121.82,3117.83,3121.24,527.70638
2021-08-09 14:56:00,1628520960.0,3120.95,3123.45,3118.85,3118.86,724.83558
2021-08-09 14:57:00,1628521020.0,3118.86,3118.86,3111.47,3114.44,1039.30196
2021-08-09 14:58:00,1628521080.0,3114.46,3118.01,3111.47,3112.62,653.00159
2021-08-09 14:59:00,1628521140.0,3112.61,3114.97,3107.07,3110.81,769.84408
2021-08-09 15:00:00,1628521200.0,3110.81,3119.2,3110.01,3116.36,741.01838
2021-08-09 15:01:00,1628521260.0,3116.35,3119.95,3113.29,3114.42,363.07256
2021-08-09 15:02:00,1628521320.0,3114.45,3119.65,3114.45,3119.05,291.41793
2021-08-09 15:03:00,1628521380.0,3119.03,3125.0,3116.82,3124.1,480.24554
2021-08-09 15:04:00,1628521440.0,3124.25,3124.38,3118.55,3121.32,506.4827
2021-08-09 15:05:00,1628521500.0,3121.33,3121.5,3119.37,3120.77,223.21258
2021-08-09 15:06:00,1628521560.0,3120.4,3124.35,3116.94,3124.24,472.33434
2021-08-09 15:07:00,1628521620.0,3124.25,3125.13,3121.72,3122.74,278.40603
2021-08-09 15:08:00,1628521680.0,3122.73,3125.28,3122.73,3124.11,246.48193
2021-08-09 15:09:00,1628521740.0,3124.1,3125.68,3122.22,3125.68,208.27078
2021-08-09 15:10:00,1628521800.0,3125.18,3127.0,3123.77,3125.59,207.54327
2021-08-09 15:11:00,1628521860.0,3125.31,3132.13,3125.31,3131.0,934.84044
2021-08-09 15:12:00,1628521920.0,3131.0,3133.59,3130.03,3132.0,384.11963
2021-08-09 15:13:00,1628521980.0,3131.96,3136.0,3130.0,3130.0,792.33625
2021-08-09 15:14:00,1628522040.0,3130.02,3135.99,3130.02,3133.25,389.27202
2021-08-09 15:15:00,1628522100.0,3133.25,3140.0,3133.24,3139.83,567.23237
2021-08-09 15:16:00,1628522160.0,3139.82,3141.34,3135.14,3139.24,630.48638
2021-08-09 15:17:00,1628522220.0,3139.25,3140.65,3136.5,3138.74,358.47557
2021-08-09 15:18:00,1628522280.0,3138.74,3139.99,3136.5,3136.51,331.47692
2021-08-09 15:19:00,1628522340.0,3136.52,3138.28,3135.53,3137.97,283.03811
2021-08-09 15:20:00,1628522400.0,3137.81,3138.28,3131.1,3132.57,467.37737
2021-08-09 15:21:00,1628522460.0,3132.56,3135.88,3131.78,3135.84,288.18739
2021-08-09 15:22:00,1628522520.0,3135.83,3138.42,3135.65,3137.99,224.63788
2021-08-09 15:23:00,1628522580.0,3137.98,3137.98,3134.16,3134.31,227.64362
2021-08-09 15:24:00,1628522640.0,3134.12,3136.0,3134.01,3135.32,231.75975
2021-08-09 15:25:00,1628522700.0,3135.31,3135.91,3132.34,3135.15,208.16614
2021-08-09 15:26:00,1628522760.0,3135.14,3136.8,3133.46,3135.55,288.61938
2021-08-09 15:27:00,1628522820.0,3135.55,3138.5,3135.55,3136.61,373.29984
2021-08-09 15:28:00,1628522880.0,3136.58,3138.91,3136.19,3138.34,360.51264
2021-08-09 15:29:00,1628522940.0,3138.33,3140.0,3138.04,3139.48,573.12394
2021-08-09 15:30:00,1628523000.0,3139.48,3141.0,3138.0,3140.04,436.70094
2021-08-09 15:31:00,1628523060.0,3140.04,3140.19,3133.66,3135.55,558.03724
2021-08-09 15:32:00,1628523120.0,3135.56,3137.99,3132.9,3135.26,344.00358
2021-08-09 15:33:00,1628523180.0,3135.26,3135.26,3132.51,3133.74,418.52647
2021-08-09 15:34:00,1628523240.0,3133.74,3145.0,3133.41,3143.99,1568.98905
2021-08-09 15:35:00,1628523300.0,3144.0,3147.99,3143.7,3146.86,970.23222
2021-08-09 15:36:00,1628523360.0,3146.86,3169.29,3146.0,3162.75,12546.05521
2021-08-09 15:37:00,1628523420.0,3162.76,3169.29,3155.71,3164.42,2825.50784
2021-08-09 15:38:00,1628523480.0,3164.43,3170.0,3159.25,3162.81,3032.7286
2021-08-09 15:39:00,1628523540.0,3162.81,3163.9,3153.73,3155.11,1350.17071
2021-08-09 15:40:00,1628523600.0,3155.11,3163.75,3155.1,3159.01,3017.37524
2021-08-09 15:41:00,1628523660.0,3159.0,3162.0,3155.98,3156.74,1915.59866
2021-08-09 15:42:00,1628523720.0,3156.74,3160.62,3154.07,3158.2,1720.01019
2021-08-09 15:43:00,1628523780.0,3158.2,3160.0,3151.23,3155.01,1367.32596
2021-08-09 15:44:00,1628523840.0,3155.15,3155.15,3149.29,3151.47,771.29199
2021-08-09 15:45:00,1628523900.0,3151.47,3156.42,3143.58,3156.41,1221.64559
2021-08-09 15:46:00,1628523960.0,3156.41,3157.15,3153.32,3153.7,672.68663
2021-08-09 15:47:00,1628524020.0,3153.76,3155.18,3149.3,3153.0,474.45427
2021-08-09 15:48:00,1628524080.0,3153.0,3157.62,3151.43,3155.44,455.84248
2021-08-09 15:49:00,1628524140.0,3155.44,3162.93,3155.43,3160.34,1517.59502
2021-08-09 15:50:00,1628524200.0,3160.01,3164.0,3160.01,3162.55,791.77728
2021-08-09 15:51:00,1628524260.0,3162.8,3169.95,3162.8,3167.55,1583.40033
2021-08-09 15:52:00,1628524320.0,3167.56,3170.0,3159.12,3162.67,1358.70064
2021-08-09 15:53:00,1628524380.0,3162.67,3167.55,3162.14,3165.5,771.54941
2021-08-09 15:54:00,1628524440.0,3165.49,3172.0,3165.0,3170.72,1886.5634
2021-08-09 15:55:00,1628524500.0,3170.72,3170.73,3160.51,3162.5,4735.21897
2021-08-09 15:56:00,1628524560.0,3162.5,3167.99,3162.03,3162.88,964.46228
2021-08-09 15:57:00,1628524620.0,3162.79,3166.0,3162.24,3165.17,799.90151
2021-08-09 15:58:00,1628524680.0,3165.23,3169.6,3165.23,3168.83,747.86381
2021-08-09 15:59:00,1628524740.0,3168.82,3170.88,3166.22,3166.61,1008.62395
2021-08-09 16:00:00,1628524800.0,3166.62,3174.78,3164.12,3165.24,2222.16714
2021-08-09 16:01:00,1628524860.0,3165.01,3165.98,3155.63,3159.4,1827.01445
2021-08-09 16:02:00,1628524920.0,3159.74,3166.0,3156.04,3157.54,955.29869
2021-08-09 16:03:00,1628524980.0,3157.53,3158.53,3150.09,3155.7,886.8065
2021-08-09 16:04:00,1628525040.0,3155.7,3169.64,3155.48,3166.81,1467.06488
2021-08-09 16:05:00,1628525100.0,3166.8,3167.44,3159.86,3162.56,548.3089
2021-08-09 16:06:00,1628525160.0,3162.57,3169.06,3162.56,3166.99,631.12912
2021-08-09 16:07:00,1628525220.0,3166.63,3170.0,3162.41,3169.98,1252.48363
2021-08-09 16:08:00,1628525280.0,3169.98,3171.78,3165.78,3166.83,977.63717
2021-08-09 16:09:00,1628525340.0,3166.94,3168.95,3161.5,3161.5,860.89364
2021-08-09 16:10:00,1628525400.0,3161.51,3161.52,3153.0,3153.34,958.48584
2021-08-09 16:11:00,1628525460.0,3153.49,3156.73,3134.0,3138.44,2749.57854
2021-08-09 16:12:00,1628525520.0,3138.44,3146.52,3138.44,3145.87,1496.18154
2021-08-09 16:13:00,1628525580.0,3145.87,3149.66,3142.28,3143.51,746.93199
2021-08-09 16:14:00,1628525640.0,3143.5,3150.0,3143.0,3147.94,823.68404
2021-08-09 16:15:00,1628525700.0,3147.93,3151.98,3143.5,3150.66,1598.71687
2021-08-09 16:16:00,1628525760.0,3150.67,3155.99,3149.17,3153.61,558.3043
2021-08-09 16:17:00,1628525820.0,3153.61,3158.0,3152.7,3153.38,664.39505
2021-08-09 16:18:00,1628525880.0,3153.81,3157.34,3152.77,3156.54,422.38147
2021-08-09 16:19:00,1628525940.0,3156.54,3157.22,3151.92,3153.2,532.87521
2021-08-09 16:20:00,1628526000.0,3153.2,3161.17,3153.2,3159.37,693.86145
2021-08-09 16:21:00,1628526060.0,3159.37,3162.66,3159.37,3159.71,343.92577
2021-08-09 16:22:00,1628526120.0,3159.7,3162.16,3158.49,3161.14,338.72074
2021-08-09 16:23:00,1628526180.0,3161.15,3162.0,3152.57,3152.58,592.39774
2021-08-09 16:24:00,1628526240.0,3152.57,3156.68,3145.46,3148.65,753.10339
2021-08-09 16:25:00,1628526300.0,3148.65,3153.26,3147.85,3149.26,308.21048
2021-08-09 16:26:00,1628526360.0,3149.27,3152.69,3149.27,3152.37,419.69551
2021-08-09 16:27:00,1628526420.0,3152.37,3152.61,3149.03,3151.32,206.58782
2021-08-09 16:28:00,1628526480.0,3151.33,3152.0,3143.24,3144.01,465.22963
2021-08-09 16:29:00,1628526540.0,3144.01,3144.01,3134.86,3137.39,1105.58301
2021-08-09 16:30:00,1628526600.0,3137.99,3146.21,3137.49,3145.59,620.4455
2021-08-09 16:31:00,1628526660.0,3145.54,3150.0,3144.3,3148.79,383.78428
2021-08-09 16:32:00,1628526720.0,3149.29,3150.0,3147.38,3148.87,338.49446
2021-08-09 16:33:00,1628526780.0,3148.87,3152.0,3147.76,3149.01,673.67675
2021-08-09 16:34:00,1628526840.0,3149.01,3152.54,3147.56,3148.14,285.19087
2021-08-09 16:35:00,1628526900.0,3148.3,3149.76,3141.13,3141.13,636.79639
2021-08-09 16:36:00,1628526960.0,3141.26,3145.0,3138.84,3144.38,455.70422
2021-08-09 16:37:00,1628527020.0,3144.38,3147.11,3143.94,3144.66,220.06645
2021-08-09 16:38:00,1628527080.0,3144.65,3146.22,3136.44,3137.58,402.44572
2021-08-09 16:39:00,1628527140.0,3137.59,3140.72,3135.23,3137.0,602.91229
2021-08-09 16:40:00,1628527200.0,3137.01,3139.15,3128.08,3139.15,1581.45655
2021-08-09 16:41:00,1628527260.0,3139.14,3143.79,3137.53,3139.19,546.88421
2021-08-09 16:42:00,1628527320.0,3139.87,3142.07,3138.52,3138.89,376.15316
2021-08-09 16:43:00,1628527380.0,3138.89,3141.4,3138.89,3141.39,173.55086
2021-08-09 16:44:00,1628527440.0,3141.4,3143.82,3141.4,3143.48,207.67156
2021-08-09 16:45:00,1628527500.0,3143.47,3148.27,3143.47,3146.78,361.33085
2021-08-09 16:46:00,1628527560.0,3146.77,3152.5,3146.21,3151.18,497.37536
2021-08-09 16:47:00,1628527620.0,3151.18,3154.89,3147.08,3153.01,457.68522
2021-08-09 16:48:00,1628527680.0,3153.01,3153.68,3148.18,3149.25,588.0288
2021-08-09 16:49:00,1628527740.0,3149.35,3153.0,3149.35,3152.87,155.73796
2021-08-09 16:50:00,1628527800.0,3152.87,3157.81,3152.87,3156.03,795.90192
2021-08-09 16:51:00,1628527860.0,3156.03,3156.03,3152.23,3154.8,262.53074
2021-08-09 16:52:00,1628527920.0,3154.8,3157.0,3154.79,3156.23,314.95557
2021-08-09 16:53:00,1628527980.0,3156.23,3157.55,3154.37,3157.34,1406.31629
2021-08-09 16:54:00,1628528040.0,3157.33,3159.67,3156.27,3158.13,499.22094
2021-08-09 16:55:00,1628528100.0,3158.13,3158.13,3151.91,3152.88,918.43677
2021-08-09 16:56:00,1628528160.0,3152.29,3157.66,3151.69,3154.13,258.5326
2021-08-09 16:57:00,1628528220.0,3154.13,3156.38,3151.67,3156.12,205.74758
2021-08-09 16:58:00,1628528280.0,3156.13,3157.41,3154.78,3156.36,175.71125
2021-08-09 16:59:00,1628528340.0,3156.35,3157.65,3155.95,3157.32,283.18673
2021-08-09 17:00:00,1628528400.0,3157.33,3159.0,3154.0,3155.99,447.51398
2021-08-09 17:01:00,1628528460.0,3155.99,3156.3,3151.05,3152.05,393.46427
2021-08-09 17:02:00,1628528520.0,3152.05,3153.1,3150.0,3152.82,1621.55099
2021-08-09 17:03:00,1628528580.0,3152.82,3159.0,3152.82,3157.61,522.58585
2021-08-09 17:04:00,1628528640.0,3157.61,3170.96,3157.6,3165.92,4818.58281
2021-08-09 17:05:00,1628528700.0,3165.92,3166.32,3158.45,3161.99,939.19547
2021-08-09 17:06:00,1628528760.0,3162.01,3162.57,3158.79,3160.6,264.98209
2021-08-09 17:07:00,1628528820.0,3160.6,3161.97,3155.0,3155.01,229.50429
2021-08-09 17:08:00,1628528880.0,3155.11,3156.97,3150.31,3152.39,508.28839
2021-08-09 17:09:00,1628528940.0,3152.39,3153.67,3144.5,3145.3,885.30131
2021-08-09 17:10:00,1628529000.0,3145.33,3147.0,3142.19,3144.88,1004.70534
2021-08-09 17:11:00,1628529060.0,3144.86,3146.51,3143.25,3144.55,297.40297
2021-08-09 17:12:00,1628529120.0,3144.67,3148.37,3144.67,3146.55,234.74666
2021-08-09 17:13:00,1628529180.0,3146.56,3148.71,3140.16,3141.6,477.11685
2021-08-09 17:14:00,1628529240.0,3141.51,3145.73,3141.17,3143.59,222.49711
2021-08-09 17:15:00,1628529300.0,3143.87,3145.0,3142.75,3143.27,261.06521
2021-08-09 17:16:00,1628529360.0,3143.27,3147.16,3142.32,3146.31,386.50931
2021-08-09 17:17:00,1628529420.0,3146.31,3148.35,3145.5,3148.34,191.47691
2021-08-09 17:18:00,1628529480.0,3148.34,3153.93,3148.34,3153.92,548.19033
2021-08-09 17:19:00,1628529540.0,3153.93,3155.8,3153.86,3154.0,167.39751
2021-08-09 17:20:00,1628529600.0,3154.0,3156.58,3151.49,3153.14,289.19196
2021-08-09 17:21:00,1628529660.0,3153.13,3154.39,3150.03,3150.58,181.47564
2021-08-09 17:22:00,1628529720.0,3150.58,3152.21,3150.1,3150.57,156.13612
2021-08-09 17:23:00,1628529780.0,3150.58,3150.83,3143.55,3145.21,541.09984
2021-08-09 17:24:00,1628529840.0,3145.13,3151.52,3145.12,3149.71,217.68443
2021-08-09 17:25:00,1628529900.0,3149.71,3150.69,3146.15,3148.3,190.3653
2021-08-09 17:26:00,1628529960.0,3148.15,3151.85,3148.15,3150.54,201.03414
2021-08-09 17:27:00,1628530020.0,3150.54,3150.84,3146.76,3148.55,192.62544
2021-08-09 17:28:00,1628530080.0,3148.57,3150.1,3148.21,3149.39,104.22549
2021-08-09 17:29:00,1628530140.0,3149.4,3153.51,3148.56,3152.73,402.68964
2021-08-09 17:30:00,1628530200.0,3152.71,3152.83,3146.1,3147.33,155.95872
2021-08-09 17:31:00,1628530260.0,3146.8,3148.45,3144.78,3145.82,355.15942
2021-08-09 17:32:00,1628530320.0,3145.83,3148.0,3145.16,3147.42,139.92633
2021-08-09 17:33:00,1628530380.0,3147.42,3151.6,3147.27,3149.61,177.94129
2021-08-09 17:34:00,1628530440.0,3149.61,3150.22,3145.69,3146.08,240.00287
2021-08-09 17:35:00,1628530500.0,3146.09,3146.51,3142.65,3143.79,241.40942
2021-08-09 17:36:00,1628530560.0,3143.8,3145.97,3140.05,3145.61,433.29315
2021-08-09 17:37:00,1628530620.0,3145.61,3151.65,3145.37,3149.07,432.16889
2021-08-09 17:38:00,1628530680.0,3149.08,3150.99,3146.84,3148.62,228.63473
2021-08-09 17:39:00,1628530740.0,3148.58,3148.58,3145.21,3146.0,195.71666
2021-08-09 17:40:00,1628530800.0,3146.0,3149.54,3145.0,3149.54,194.73992
2021-08-09 17:41:00,1628530860.0,3149.54,3153.71,3147.99,3151.76,539.62315
2021-08-09 17:42:00,1628530920.0,3151.76,3151.76,3146.5,3147.26,155.64366
2021-08-09 17:43:00,1628530980.0,3147.13,3150.87,3144.0,3144.18,456.11565
2021-08-09 17:44:00,1628531040.0,3144.18,3146.0,3137.44,3140.22,574.78937
2021-08-09 17:45:00,1628531100.0,3140.27,3141.95,3138.38,3138.96,592.63396
2021-08-09 17:46:00,1628531160.0,3138.96,3141.82,3138.11,3141.81,324.98038
2021-08-09 17:47:00,1628531220.0,3141.82,3143.0,3141.0,3142.7,280.58511
2021-08-09 17:48:00,1628531280.0,3142.7,3145.0,3142.69,3144.28,279.24189
2021-08-09 17:49:00,1628531340.0,3144.28,3147.85,3144.0,3144.33,255.28449
2021-08-09 17:50:00,1628531400.0,3144.34,3145.88,3142.74,3142.92,121.83552
2021-08-09 17:51:00,1628531460.0,3142.92,3145.99,3142.7,3143.5,431.25823
2021-08-09 17:52:00,1628531520.0,3143.5,3146.99,3143.5,3146.85,174.04611
2021-08-09 17:53:00,1628531580.0,3146.85,3147.65,3145.68,3147.25,124.90426
2021-08-09 17:54:00,1628531640.0,3147.25,3147.25,3144.47,3146.13,160.92478
2021-08-09 17:55:00,1628531700.0,3146.13,3147.0,3139.97,3141.77,908.81445
2021-08-09 17:56:00,1628531760.0,3141.69,3142.11,3138.8,3141.38,215.57595
2021-08-09 17:57:00,1628531820.0,3141.74,3145.0,3137.44,3144.24,430.82118
2021-08-09 17:58:00,1628531880.0,3144.32,3144.8,3141.0,3141.57,204.56837
2021-08-09 17:59:00,1628531940.0,3141.58,3141.68,3137.52,3138.97,289.89574
2021-08-09 18:00:00,1628532000.0,3138.98,3142.92,3138.97,3142.45,232.16322
2021-08-09 18:01:00,1628532060.0,3142.55,3144.43,3142.45,3143.53,189.10337
2021-08-09 18:02:00,1628532120.0,3143.52,3145.79,3143.01,3145.53,209.4675
2021-08-09 18:03:00,1628532180.0,3145.53,3145.7,3143.05,3145.0,128.09647
2021-08-09 18:04:00,1628532240.0,3144.99,3151.8,3144.69,3149.67,628.30828
2021-08-09 18:05:00,1628532300.0,3149.67,3150.0,3145.01,3145.75,238.26328
2021-08-09 18:06:00,1628532360.0,3145.75,3148.8,3145.0,3146.0,943.62495
2021-08-09 18:07:00,1628532420.0,3146.01,3147.1,3142.77,3143.14,250.40489
2021-08-09 18:08:00,1628532480.0,3143.15,3147.84,3142.48,3146.38,215.03453
2021-08-09 18:09:00,1628532540.0,3146.38,3149.75,3145.85,3148.55,789.10236
2021-08-09 18:10:00,1628532600.0,3148.55,3149.16,3146.12,3147.17,180.30612
2021-08-09 18:11:00,1628532660.0,3147.18,3147.99,3145.65,3147.6,154.4018
2021-08-09 18:12:00,1628532720.0,3147.6,3147.75,3145.6,3147.15,85.9568
2021-08-09 18:13:00,1628532780.0,3147.15,3148.06,3145.87,3146.51,189.29516
2021-08-09 18:14:00,1628532840.0,3146.6,3148.44,3146.02,3147.6,160.74321
2021-08-09 18:15:00,1628532900.0,3147.78,3150.12,3145.0,3145.02,435.35274
2021-08-09 18:16:00,1628532960.0,3145.39,3147.0,3145.03,3145.99,115.45627
2021-08-09 18:17:00,1628533020.0,3146.28,3149.26,3146.28,3148.49,190.37093
2021-08-09 18:18:00,1628533080.0,3148.49,3152.48,3147.54,3151.99,317.36328
2021-08-09 18:19:00,1628533140.0,3152.0,3155.0,3149.08,3153.99,413.43298
2021-08-09 18:20:00,1628533200.0,3153.99,3155.83,3151.37,3152.95,295.18509
2021-08-09 18:21:00,1628533260.0,3152.96,3153.4,3146.62,3149.47,374.07725
2021-08-09 18:22:00,1628533320.0,3149.83,3150.67,3148.75,3149.41,184.74873
2021-08-09 18:23:00,1628533380.0,3149.4,3150.0,3147.41,3149.73,562.40458
2021-08-09 18:24:00,1628533440.0,3149.73,3154.0,3148.25,3153.99,206.59489
2021-08-09 18:25:00,1628533500.0,3153.99,3154.0,3150.5,3151.28,153.55819
2021-08-09 18:26:00,1628533560.0,3151.28,3153.34,3148.04,3149.37,192.08819
2021-08-09 18:27:00,1628533620.0,3149.49,3149.95,3147.0,3148.54,218.35813
2021-08-09 18:28:00,1628533680.0,3148.43,3152.52,3147.35,3151.68,278.20135
2021-08-09 18:29:00,1628533740.0,3152.04,3153.99,3151.34,3152.84,177.58754
2021-08-09 18:30:00,1628533800.0,3152.48,3152.98,3147.41,3152.25,253.50391
2021-08-09 18:31:00,1628533860.0,3152.2,3154.0,3151.48,3152.31,151.33068
2021-08-09 18:32:00,1628533920.0,3152.31,3157.93,3152.28,3154.25,622.12816
2021-08-09 18:33:00,1628533980.0,3154.25,3158.88,3154.25,3157.87,368.21364
2021-08-09 18:34:00,1628534040.0,3157.86,3162.95,3157.31,3162.27,805.48767
2021-08-09 18:35:00,1628534100.0,3162.26,3163.4,3158.25,3160.74,414.42017
2021-08-09 18:36:00,1628534160.0,3160.48,3162.32,3158.97,3161.47,534.0218
2021-08-09 18:37:00,1628534220.0,3161.1,3162.66,3160.8,3161.79,350.05791
2021-08-09 18:38:00,1628534280.0,3161.67,3165.0,3160.8,3164.29,528.64702
2021-08-09 18:39:00,1628534340.0,3164.29,3169.9,3162.62,3166.51,1727.61217
2021-08-09 18:40:00,1628534400.0,3166.5,3179.5,3165.73,3179.49,3506.29645
2021-08-09 18:41:00,1628534460.0,3178.86,3179.98,3171.14,3177.8,1660.35965
2021-08-09 18:42:00,1628534520.0,3177.79,3185.0,3177.35,3184.78,2535.64753
2021-08-09 18:43:00,1628534580.0,3184.78,3186.0,3179.08,3183.28,1581.40261
2021-08-09 18:44:00,1628534640.0,3183.27,3183.27,3174.0,3176.98,835.35737
2021-08-09 18:45:00,1628534700.0,3176.99,3177.72,3170.98,3175.79,1127.35225
2021-08-09 18:46:00,1628534760.0,3175.79,3183.51,3175.0,3179.3,1084.88363
2021-08-09 18:47:00,1628534820.0,3179.19,3182.0,3176.31,3179.3,632.13174
2021-08-09 18:48:00,1628534880.0,3179.65,3182.94,3178.27,3179.76,696.4536
2021-08-09 18:49:00,1628534940.0,3179.75,3181.95,3175.78,3175.98,785.23543
2021-08-09 18:50:00,1628535000.0,3175.97,3177.45,3164.99,3167.43,1091.53278
2021-08-09 18:51:00,1628535060.0,3167.44,3172.49,3164.0,3165.44,515.40476
2021-08-09 18:52:00,1628535120.0,3165.44,3169.0,3165.44,3168.5,535.70616
2021-08-09 18:53:00,1628535180.0,3168.5,3171.69,3167.47,3167.93,252.12634
2021-08-09 18:54:00,1628535240.0,3167.94,3170.81,3167.93,3168.99,360.42006
2021-08-09 18:55:00,1628535300.0,3168.99,3170.3,3164.03,3164.98,479.39221
2021-08-09 18:56:00,1628535360.0,3164.98,3166.33,3151.09,3162.98,1748.12119
2021-08-09 18:57:00,1628535420.0,3163.01,3166.4,3162.33,3164.28,318.2052
2021-08-09 18:58:00,1628535480.0,3164.29,3166.62,3160.34,3161.42,540.28291
2021-08-09 18:59:00,1628535540.0,3161.52,3162.64,3160.0,3162.63,213.31509
2021-08-09 19:00:00,1628535600.0,3162.64,3163.47,3155.61,3157.89,742.48189
2021-08-09 19:01:00,1628535660.0,3157.52,3158.08,3154.07,3156.37,550.15986
2021-08-09 19:02:00,1628535720.0,3156.38,3160.69,3155.97,3158.87,351.02851
2021-08-09 19:03:00,1628535780.0,3158.88,3165.95,3158.76,3165.12,370.58289
2021-08-09 19:04:00,1628535840.0,3164.6,3167.0,3160.81,3166.98,544.6665
2021-08-09 19:05:00,1628535900.0,3166.98,3167.4,3164.67,3167.36,240.83683
2021-08-09 19:06:00,1628535960.0,3167.4,3168.31,3167.0,3168.13,223.36804
2021-08-09 19:07:00,1628536020.0,3168.13,3173.71,3167.0,3173.63,668.80815
2021-08-09 19:08:00,1628536080.0,3173.63,3174.59,3167.13,3168.29,722.09172
2021-08-09 19:09:00,1628536140.0,3168.29,3173.58,3167.13,3172.14,474.99863
2021-08-09 19:10:00,1628536200.0,3172.7,3172.7,3168.69,3170.0,577.83856
2021-08-09 19:11:00,1628536260.0,3170.01,3173.17,3170.0,3172.51,337.66419
2021-08-09 19:12:00,1628536320.0,3172.51,3174.44,3170.51,3171.36,446.06601
2021-08-09 19:13:00,1628536380.0,3171.73,3175.98,3170.0,3173.01,480.61916
2021-08-09 19:14:00,1628536440.0,3173.0,3177.74,3173.0,3177.28,496.70426
2021-08-09 19:15:00,1628536500.0,3177.29,3178.12,3175.59,3177.09,490.92902
2021-08-09 19:16:00,1628536560.0,3177.09,3177.09,3173.31,3176.0,377.49256
2021-08-09 19:17:00,1628536620.0,3176.0,3177.44,3174.09,3175.99,334.29594
2021-08-09 19:18:00,1628536680.0,3176.0,3176.91,3174.61,3176.81,329.7087
2021-08-09 19:19:00,1628536740.0,3176.79,3177.34,3169.14,3172.17,540.99033
2021-08-09 19:20:00,1628536800.0,3172.13,3173.16,3165.57,3167.89,539.38061
2021-08-09 19:21:00,1628536860.0,3167.88,3173.63,3167.51,3173.25,182.73436
2021-08-09 19:22:00,1628536920.0,3173.25,3174.06,3168.94,3170.37,297.18269
2021-08-09 19:23:00,1628536980.0,3170.37,3172.7,3170.08,3170.19,189.78292
2021-08-09 19:24:00,1628537040.0,3170.19,3174.0,3170.18,3172.65,370.10859
2021-08-09 19:25:00,1628537100.0,3172.65,3172.65,3170.54,3170.94,182.78589
2021-08-09 19:26:00,1628537160.0,3170.94,3171.95,3169.16,3170.02,342.6793
2021-08-09 19:27:00,1628537220.0,3170.02,3173.5,3167.39,3172.37,490.16533
2021-08-09 19:28:00,1628537280.0,3172.38,3173.5,3171.24,3171.75,111.42045
2021-08-09 19:29:00,1628537340.0,3171.76,3171.76,3169.06,3169.74,219.71617
2021-08-09 19:30:00,1628537400.0,3169.74,3169.74,3165.29,3165.93,418.0228
2021-08-09 19:31:00,1628537460.0,3165.94,3167.26,3163.48,3164.15,440.74232
2021-08-09 19:32:00,1628537520.0,3164.15,3164.86,3163.0,3163.37,326.93886
2021-08-09 19:33:00,1628537580.0,3163.38,3165.28,3162.41,3163.3,496.1105
2021-08-09 19:34:00,1628537640.0,3163.3,3163.82,3160.72,3160.73,341.89837
2021-08-09 19:35:00,1628537700.0,3160.7,3163.23,3159.29,3159.84,419.90609
2021-08-09 19:36:00,1628537760.0,3159.74,3165.31,3158.0,3159.56,386.48944
2021-08-09 19:37:00,1628537820.0,3159.56,3163.33,3158.56,3159.27,259.41392
2021-08-09 19:38:00,1628537880.0,3159.27,3160.51,3154.04,3155.24,579.34533
2021-08-09 19:39:00,1628537940.0,3155.32,3159.9,3155.0,3158.58,344.61642
2021-08-09 19:40:00,1628538000.0,3158.58,3160.51,3156.08,3156.95,413.19121
2021-08-09 19:41:00,1628538060.0,3157.32,3161.0,3157.32,3160.99,175.14879
2021-08-09 19:42:00,1628538120.0,3161.0,3161.38,3158.14,3159.68,330.65183
2021-08-09 19:43:00,1628538180.0,3159.73,3161.0,3157.81,3159.12,313.08542
2021-08-09 19:44:00,1628538240.0,3159.12,3160.53,3156.65,3158.12,281.52187
2021-08-09 19:45:00,1628538300.0,3158.12,3159.76,3157.2,3158.98,164.65471
2021-08-09 19:46:00,1628538360.0,3158.93,3160.67,3158.48,3160.32,180.26262
2021-08-09 19:47:00,1628538420.0,3160.32,3163.96,3159.84,3163.74,253.63772
2021-08-09 19:48:00,1628538480.0,3163.73,3163.78,3160.0,3160.32,204.97503
2021-08-09 19:49:00,1628538540.0,3160.32,3161.68,3159.09,3160.84,187.73499
2021-08-09 19:50:00,1628538600.0,3161.28,3162.32,3154.11,3154.78,292.77908
2021-08-09 19:51:00,1628538660.0,3154.78,3155.18,3150.34,3151.72,588.70655
2021-08-09 19:52:00,1628538720.0,3151.72,3155.99,3141.0,3146.0,1444.34249
2021-08-09 19:53:00,1628538780.0,3146.0,3146.77,3142.93,3146.13,837.91744
2021-08-09 19:54:00,1628538840.0,3146.38,3148.77,3135.0,3136.16,1629.04852
2021-08-09 19:55:00,1628538900.0,3136.16,3142.48,3135.0,3140.61,1184.53236
2021-08-09 19:56:00,1628538960.0,3140.61,3144.0,3138.82,3142.86,729.455
2021-08-09 19:57:00,1628539020.0,3142.85,3145.0,3140.39,3143.49,383.04546
2021-08-09 19:58:00,1628539080.0,3143.49,3146.23,3142.01,3146.23,431.5517
2021-08-09 19:59:00,1628539140.0,3146.24,3149.09,3141.01,3147.74,574.04075
2021-08-09 20:00:00,1628539200.0,3147.74,3154.0,3147.74,3152.0,474.40824
2021-08-09 20:01:00,1628539260.0,3151.99,3160.0,3151.0,3159.4,608.79284
2021-08-09 20:02:00,1628539320.0,3159.42,3161.83,3156.27,3161.69,430.29213
2021-08-09 20:03:00,1628539380.0,3161.43,3162.84,3159.49,3162.07,435.51859
2021-08-09 20:04:00,1628539440.0,3162.07,3163.01,3156.01,3156.67,394.48297
2021-08-09 20:05:00,1628539500.0,3157.38,3162.0,3156.84,3161.59,239.43588
2021-08-09 20:06:00,1628539560.0,3161.46,3163.7,3158.89,3158.89,192.26827
2021-08-09 20:07:00,1628539620.0,3158.8,3158.8,3152.89,3154.54,368.86458
2021-08-09 20:08:00,1628539680.0,3154.83,3157.92,3154.83,3155.28,179.69744
2021-08-09 20:09:00,1628539740.0,3155.36,3158.57,3155.3,3157.2,264.03639
2021-08-09 20:10:00,1628539800.0,3157.21,3159.83,3156.12,3157.88,350.08585
2021-08-09 20:11:00,1628539860.0,3158.06,3159.82,3150.56,3151.36,459.2268
2021-08-09 20:12:00,1628539920.0,3151.64,3153.85,3145.9,3153.51,635.09047
2021-08-09 20:13:00,1628539980.0,3153.51,3153.52,3147.06,3151.64,242.38653
2021-08-09 20:14:00,1628540040.0,3151.65,3152.29,3146.9,3148.83,349.14808
2021-08-09 20:15:00,1628540100.0,3148.83,3153.82,3147.86,3152.69,646.49196
2021-08-09 20:16:00,1628540160.0,3152.68,3156.27,3151.93,3155.18,417.48022
2021-08-09 20:17:00,1628540220.0,3155.28,3157.88,3153.83,3156.28,308.70513
2021-08-09 20:18:00,1628540280.0,3156.29,3156.29,3153.92,3155.22,179.16751
2021-08-09 20:19:00,1628540340.0,3155.21,3156.58,3151.81,3155.27,429.84899
2021-08-09 20:20:00,1628540400.0,3155.26,3160.46,3155.26,3160.46,268.38534
2021-08-09 20:21:00,1628540460.0,3160.63,3164.0,3159.74,3163.52,289.95907
2021-08-09 20:22:00,1628540520.0,3163.52,3164.27,3158.96,3160.75,275.53863
2021-08-09 20:23:00,1628540580.0,3160.74,3163.9,3160.27,3162.99,362.17217
2021-08-09 20:24:00,1628540640.0,3162.99,3164.0,3160.82,3162.43,256.1254
2021-08-09 20:25:00,1628540700.0,3162.43,3162.81,3160.55,3161.1,133.76861
2021-08-09 20:26:00,1628540760.0,3161.1,3162.46,3160.23,3161.54,156.45622
2021-08-09 20:27:00,1628540820.0,3161.53,3162.0,3157.86,3159.01,288.028
2021-08-09 20:28:00,1628540880.0,3159.0,3159.01,3153.95,3156.57,267.4266
2021-08-09 20:29:00,1628540940.0,3156.54,3157.02,3149.33,3150.93,351.58235
2021-08-09 20:30:00,1628541000.0,3150.94,3150.94,3126.31,3130.85,2873.94841
2021-08-09 20:31:00,1628541060.0,3130.86,3132.35,3112.21,3112.98,4322.36292
2021-08-09 20:32:00,1628541120.0,3112.98,3114.71,3100.0,3108.92,4323.79662
2021-08-09 20:33:00,1628541180.0,3108.93,3114.5,3100.0,3104.17,1808.04865
2021-08-09 20:34:00,1628541240.0,3104.39,3108.41,3091.0,3108.15,7301.95406
2021-08-09 20:35:00,1628541300.0,3107.68,3111.8,3092.92,3100.24,1654.45321
2021-08-09 20:36:00,1628541360.0,3100.25,3108.5,3099.05,3106.52,1324.4195
2021-08-09 20:37:00,1628541420.0,3106.9,3114.97,3105.34,3112.58,1316.96987
2021-08-09 20:38:00,1628541480.0,3112.57,3118.62,3112.05,3114.56,1253.18622
2021-08-09 20:39:00,1628541540.0,3114.39,3114.39,3100.72,3107.05,1641.57067
2021-08-09 20:40:00,1628541600.0,3107.24,3118.76,3106.6,3117.25,1096.73905
2021-08-09 20:41:00,1628541660.0,3117.46,3150.0,3114.61,3118.09,6503.85188
2021-08-09 20:42:00,1628541720.0,3118.09,3118.96,3107.11,3107.95,1966.79297
2021-08-09 20:43:00,1628541780.0,3107.95,3114.27,3107.94,3113.13,667.98784
2021-08-09 20:44:00,1628541840.0,3112.61,3113.14,3105.03,3105.65,580.82121
2021-08-09 20:45:00,1628541900.0,3105.66,3107.07,3100.65,3104.18,996.56846
2021-08-09 20:46:00,1628541960.0,3104.17,3107.46,3095.51,3096.73,3512.19412
2021-08-09 20:47:00,1628542020.0,3096.72,3099.3,3090.0,3092.23,1822.6557
2021-08-09 20:48:00,1628542080.0,3092.25,3094.11,3081.72,3084.28,1908.65976
2021-08-09 20:49:00,1628542140.0,3084.27,3091.23,3080.0,3090.92,1379.01998
2021-08-09 20:50:00,1628542200.0,3090.4,3091.48,3084.64,3088.7,994.86255
2021-08-09 20:51:00,1628542260.0,3089.33,3095.02,3088.27,3094.53,894.28136
2021-08-09 20:52:00,1628542320.0,3094.53,3098.57,3086.12,3087.36,822.63393
2021-08-09 20:53:00,1628542380.0,3087.09,3093.92,3086.68,3093.92,738.47931
2021-08-09 20:54:00,1628542440.0,3093.91,3096.0,3087.01,3087.01,507.19546
2021-08-09 20:55:00,1628542500.0,3087.59,3094.62,3083.72,3090.77,700.66208
2021-08-09 20:56:00,1628542560.0,3091.26,3091.99,3084.15,3084.27,590.18575
2021-08-09 20:57:00,1628542620.0,3084.48,3087.59,3081.5,3081.5,804.23185
2021-08-09 20:58:00,1628542680.0,3081.5,3086.95,3072.19,3072.2,1767.19505
2021-08-09 20:59:00,1628542740.0,3072.19,3073.65,3067.0,3070.58,1872.40801
2021-08-09 21:00:00,1628542800.0,3070.58,3084.81,3070.17,3082.71,1684.16672
2021-08-09 21:01:00,1628542860.0,3082.22,3090.74,3081.02,3089.45,1222.00975
2021-08-09 21:02:00,1628542920.0,3089.45,3096.2,3078.91,3079.62,1822.74042
2021-08-09 21:03:00,1628542980.0,3079.63,3080.0,3073.0,3076.95,1015.02826
2021-08-09 21:04:00,1628543040.0,3075.28,3077.67,3072.1,3075.28,656.63508
2021-08-09 21:05:00,1628543100.0,3075.24,3082.13,3075.24,3078.36,549.09988
2021-08-09 21:06:00,1628543160.0,3078.35,3085.0,3077.98,3084.01,401.29737
2021-08-09 21:07:00,1628543220.0,3084.18,3085.37,3083.3,3084.46,404.83776
2021-08-09 21:08:00,1628543280.0,3084.64,3084.84,3073.15,3075.5,407.83625
2021-08-09 21:09:00,1628543340.0,3075.49,3079.12,3073.74,3076.42,475.92349
2021-08-09 21:10:00,1628543400.0,3076.41,3077.32,3072.03,3073.74,356.6488
2021-08-09 21:11:00,1628543460.0,3073.74,3077.62,3073.18,3075.39,326.34306
2021-08-09 21:12:00,1628543520.0,3075.38,3076.02,3070.0,3070.7,493.99989
2021-08-09 21:13:00,1628543580.0,3070.7,3072.33,3052.0,3052.29,3169.95106
2021-08-09 21:14:00,1628543640.0,3053.07,3055.43,3045.22,3052.13,4737.27257
2021-08-09 21:15:00,1628543700.0,3052.13,3061.99,3050.5,3055.53,1163.06154
2021-08-09 21:16:00,1628543760.0,3055.88,3058.68,3047.63,3048.45,1370.97108
2021-08-09 21:17:00,1628543820.0,3048.44,3051.62,3036.25,3043.76,3737.28723
2021-08-09 21:18:00,1628543880.0,3042.97,3046.59,3038.36,3046.59,1396.1912
2021-08-09 21:19:00,1628543940.0,3046.59,3062.8,3045.79,3050.76,2165.38046
2021-08-09 21:20:00,1628544000.0,3050.22,3059.58,3048.64,3057.59,524.78435
2021-08-09 21:21:00,1628544060.0,3057.59,3059.71,3056.03,3059.71,300.59161
2021-08-09 21:22:00,1628544120.0,3059.48,3059.7,3050.0,3050.67,363.83413
2021-08-09 21:23:00,1628544180.0,3050.67,3052.32,3048.0,3048.67,647.32626
2021-08-09 21:24:00,1628544240.0,3048.67,3051.99,3046.41,3051.99,542.13019
2021-08-09 21:25:00,1628544300.0,3050.91,3059.5,3049.23,3056.72,1335.9428
2021-08-09 21:26:00,1628544360.0,3056.85,3063.7,3056.58,3061.18,510.89964
2021-08-09 21:27:00,1628544420.0,3061.18,3065.14,3058.34,3064.97,577.26171
2021-08-09 21:28:00,1628544480.0,3064.98,3065.42,3060.67,3060.67,459.1649
2021-08-09 21:29:00,1628544540.0,3060.68,3060.68,3056.64,3057.23,241.87144
2021-08-09 21:30:00,1628544600.0,3057.0,3064.09,3056.91,3063.31,267.36875
2021-08-09 21:31:00,1628544660.0,3063.31,3067.82,3063.29,3066.96,494.96924
2021-08-09 21:32:00,1628544720.0,3066.96,3073.95,3066.28,3073.71,1200.09995
2021-08-09 21:33:00,1628544780.0,3073.72,3077.0,3072.01,3073.0,947.13955
2021-08-09 21:34:00,1628544840.0,3073.0,3076.32,3072.58,3074.43,480.8217
2021-08-09 21:35:00,1628544900.0,3075.0,3075.87,3071.02,3072.88,396.91888
2021-08-09 21:36:00,1628544960.0,3072.88,3082.0,3069.7,3081.4,618.2964
2021-08-09 21:37:00,1628545020.0,3081.4,3091.07,3080.49,3087.53,1468.47409
2021-08-09 21:38:00,1628545080.0,3087.77,3101.0,3087.29,3098.82,1697.9232
2021-08-09 21:39:00,1628545140.0,3098.83,3101.18,3094.0,3097.0,869.39225
2021-08-09 21:40:00,1628545200.0,3097.0,3112.61,3096.14,3112.0,1222.75345
2021-08-09 21:41:00,1628545260.0,3112.01,3113.15,3104.03,3110.49,1984.58462
2021-08-09 21:42:00,1628545320.0,3110.5,3110.98,3102.25,3102.25,613.80233
2021-08-09 21:43:00,1628545380.0,3102.25,3105.36,3100.01,3104.44,338.98571
2021-08-09 21:44:00,1628545440.0,3104.49,3109.0,3104.11,3108.41,362.29922
2021-08-09 21:45:00,1628545500.0,3108.37,3109.0,3104.39,3105.62,329.63705
2021-08-09 21:46:00,1628545560.0,3106.12,3107.96,3101.61,3101.62,387.91447
2021-08-09 21:47:00,1628545620.0,3101.62,3103.0,3093.54,3094.37,525.13202
2021-08-09 21:48:00,1628545680.0,3094.6,3103.49,3094.32,3098.76,510.00413
2021-08-09 21:49:00,1628545740.0,3098.76,3100.0,3096.76,3099.77,209.77729
2021-08-09 21:50:00,1628545800.0,3099.78,3106.87,3099.18,3101.39,1566.50333
2021-08-09 21:51:00,1628545860.0,3101.43,3102.92,3092.78,3092.99,439.03321
2021-08-09 21:52:00,1628545920.0,3092.99,3096.51,3092.65,3094.12,391.7508
2021-08-09 21:53:00,1628545980.0,3094.11,3098.44,3093.67,3096.09,312.32659
2021-08-09 21:54:00,1628546040.0,3096.09,3097.89,3095.86,3096.92,230.88672
2021-08-09 21:55:00,1628546100.0,3096.58,3099.04,3095.03,3099.04,182.0796
2021-08-09 21:56:00,1628546160.0,3098.76,3098.77,3092.77,3094.01,321.36163
2021-08-09 21:57:00,1628546220.0,3094.0,3097.54,3093.21,3095.08,196.31917
2021-08-09 21:58:00,1628546280.0,3095.08,3096.99,3094.01,3094.28,269.09883
2021-08-09 21:59:00,1628546340.0,3094.28,3098.0,3094.28,3097.48,199.77543
2021-08-09 22:00:00,1628546400.0,3097.96,3106.97,3095.74,3106.24,537.94895
2021-08-09 22:01:00,1628546460.0,3106.24,3126.0,3105.74,3113.45,2149.20875
2021-08-09 22:02:00,1628546520.0,3113.46,3114.79,3104.99,3104.99,716.61999
2021-08-09 22:03:00,1628546580.0,3104.98,3109.28,3102.29,3103.99,423.16727
2021-08-09 22:04:00,1628546640.0,3103.99,3106.04,3093.21,3097.85,818.45493
2021-08-09 22:05:00,1628546700.0,3097.84,3100.81,3088.22,3092.97,757.66788
2021-08-09 22:06:00,1628546760.0,3092.97,3097.25,3089.97,3093.88,437.17893
2021-08-09 22:07:00,1628546820.0,3093.27,3094.14,3090.0,3090.56,238.03203
2021-08-09 22:08:00,1628546880.0,3090.82,3095.85,3089.59,3095.01,205.00175
2021-08-09 22:09:00,1628546940.0,3094.78,3099.32,3093.7,3094.61,456.19423
2021-08-09 22:10:00,1628547000.0,3094.61,3096.46,3093.48,3096.08,121.03997
2021-08-09 22:11:00,1628547060.0,3096.08,3098.19,3093.1,3097.51,198.31802
2021-08-09 22:12:00,1628547120.0,3097.39,3107.0,3097.22,3105.96,343.51191
2021-08-09 22:13:00,1628547180.0,3105.96,3106.11,3097.42,3098.26,486.74965
2021-08-09 22:14:00,1628547240.0,3098.26,3101.3,3095.4,3100.56,340.13094
2021-08-09 22:15:00,1628547300.0,3100.56,3106.69,3100.56,3104.28,1046.23547
2021-08-09 22:16:00,1628547360.0,3104.28,3107.0,3101.13,3106.19,215.72817
2021-08-09 22:17:00,1628547420.0,3106.19,3108.7,3105.07,3105.26,259.25312
2021-08-09 22:18:00,1628547480.0,3105.55,3106.73,3103.17,3105.46,315.67849
2021-08-09 22:19:00,1628547540.0,3105.16,3105.84,3103.27,3105.02,121.07274
2021-08-09 22:20:00,1628547600.0,3104.99,3112.0,3104.22,3107.45,411.59338
2021-08-09 22:21:00,1628547660.0,3107.46,3113.71,3107.25,3111.13,369.27708
2021-08-09 22:22:00,1628547720.0,3111.14,3112.49,3108.14,3109.62,230.72292
2021-08-09 22:23:00,1628547780.0,3109.62,3110.27,3108.53,3109.68,124.62816
2021-08-09 22:24:00,1628547840.0,3109.68,3111.0,3109.19,3110.62,153.52021
2021-08-09 22:25:00,1628547900.0,3110.17,3111.0,3108.0,3108.17,200.11034
2021-08-09 22:26:00,1628547960.0,3108.17,3108.58,3101.53,3106.35,374.41934
2021-08-09 22:27:00,1628548020.0,3106.37,3108.99,3104.63,3106.31,207.79303
2021-08-09 22:28:00,1628548080.0,3106.31,3106.92,3103.88,3104.28,244.95672
2021-08-09 22:29:00,1628548140.0,3104.27,3105.4,3103.52,3105.03,161.62482
2021-08-09 22:30:00,1628548200.0,3105.03,3110.79,3105.03,3110.79,219.81578
2021-08-09 22:31:00,1628548260.0,3110.18,3116.46,3110.18,3114.68,463.70336
2021-08-09 22:32:00,1628548320.0,3114.48,3119.0,3114.35,3118.42,663.30877
2021-08-09 22:33:00,1628548380.0,3118.43,3123.71,3117.56,3119.52,530.86858
2021-08-09 22:34:00,1628548440.0,3119.52,3121.62,3117.33,3121.07,185.35998
2021-08-09 22:35:00,1628548500.0,3121.07,3121.08,3113.87,3114.77,422.77515
2021-08-09 22:36:00,1628548560.0,3114.77,3116.0,3113.3,3115.37,213.51019
2021-08-09 22:37:00,1628548620.0,3115.37,3117.37,3114.0,3114.45,191.50485
2021-08-09 22:38:00,1628548680.0,3114.43,3121.3,3113.51,3121.29,391.82243
2021-08-09 22:39:00,1628548740.0,3121.39,3124.63,3117.98,3121.59,714.62116
2021-08-09 22:40:00,1628548800.0,3121.25,3122.4,3116.86,3122.4,389.09653
2021-08-09 22:41:00,1628548860.0,3122.4,3123.09,3120.16,3120.98,176.99792
2021-08-09 22:42:00,1628548920.0,3120.89,3121.77,3120.0,3121.27,81.43164
2021-08-09 22:43:00,1628548980.0,3121.27,3130.0,3120.81,3129.58,603.95125
2021-08-09 22:44:00,1628549040.0,3129.68,3133.41,3127.03,3128.38,796.46439
2021-08-09 22:45:00,1628549100.0,3128.37,3128.74,3124.26,3125.46,443.03028
2021-08-09 22:46:00,1628549160.0,3125.44,3139.31,3125.43,3135.86,1009.57652
2021-08-09 22:47:00,1628549220.0,3136.06,3138.53,3133.0,3134.51,475.07757
2021-08-09 22:48:00,1628549280.0,3134.51,3140.18,3134.1,3140.18,470.10783
2021-08-09 22:49:00,1628549340.0,3140.19,3148.0,3139.67,3146.31,1267.16015
2021-08-09 22:50:00,1628549400.0,3146.31,3149.98,3143.3,3145.14,1104.54154
2021-08-09 22:51:00,1628549460.0,3145.38,3146.92,3142.74,3146.31,518.39501
2021-08-09 22:52:00,1628549520.0,3146.32,3148.0,3143.02,3145.68,477.38267
2021-08-09 22:53:00,1628549580.0,3145.68,3147.0,3143.0,3143.98,312.7499
2021-08-09 22:54:00,1628549640.0,3143.97,3145.0,3142.07,3143.91,285.22311
2021-08-09 22:55:00,1628549700.0,3143.91,3143.92,3138.82,3139.24,594.00864
2021-08-09 22:56:00,1628549760.0,3139.24,3144.0,3137.23,3140.27,650.08005
2021-08-09 22:57:00,1628549820.0,3140.55,3143.76,3138.07,3141.41,366.18068
2021-08-09 22:58:00,1628549880.0,3141.41,3144.73,3141.41,3142.82,297.48962
2021-08-09 22:59:00,1628549940.0,3142.81,3146.53,3142.01,3146.5,453.95164
2021-08-09 23:00:00,1628550000.0,3146.01,3147.0,3140.08,3145.14,699.63846
2021-08-09 23:01:00,1628550060.0,3144.99,3148.63,3143.59,3147.25,455.99679
2021-08-09 23:02:00,1628550120.0,3147.25,3149.0,3146.83,3148.7,299.42039
2021-08-09 23:03:00,1628550180.0,3148.71,3150.0,3148.01,3149.52,762.20458
2021-08-09 23:04:00,1628550240.0,3149.53,3150.0,3148.84,3149.76,586.24327
2021-08-09 23:05:00,1628550300.0,3149.75,3150.0,3143.0,3143.96,1346.46109
2021-08-09 23:06:00,1628550360.0,3143.97,3145.57,3140.56,3141.53,421.39443
2021-08-09 23:07:00,1628550420.0,3141.53,3142.72,3140.07,3142.6,325.95353
2021-08-09 23:08:00,1628550480.0,3142.6,3145.85,3141.37,3145.85,576.74054
2021-08-09 23:09:00,1628550540.0,3145.85,3149.56,3141.25,3149.56,589.90319
2021-08-09 23:10:00,1628550600.0,3149.55,3157.0,3148.25,3150.68,4317.37931
2021-08-09 23:11:00,1628550660.0,3150.68,3168.0,3150.0,3168.0,3166.80721
2021-08-09 23:12:00,1628550720.0,3167.99,3169.8,3162.53,3168.83,1752.36537
2021-08-09 23:13:00,1628550780.0,3168.84,3169.73,3161.63,3164.93,607.20276
2021-08-09 23:14:00,1628550840.0,3164.93,3165.22,3157.88,3164.14,708.26071
2021-08-09 23:15:00,1628550900.0,3164.13,3174.29,3163.69,3174.28,2033.38635
2021-08-09 23:16:00,1628550960.0,3174.29,3178.97,3172.4,3177.57,1720.87979
2021-08-09 23:17:00,1628551020.0,3177.22,3177.22,3172.78,3173.18,1092.84011
2021-08-09 23:18:00,1628551080.0,3173.34,3175.55,3170.28,3171.54,571.6519
2021-08-09 23:19:00,1628551140.0,3171.55,3171.55,3163.32,3168.26,1032.35236
2021-08-09 23:20:00,1628551200.0,3168.26,3170.02,3165.79,3166.57,504.88387
2021-08-09 23:21:00,1628551260.0,3166.57,3169.0,3162.54,3169.0,580.26507
2021-08-09 23:22:00,1628551320.0,3168.99,3171.1,3167.73,3169.7,384.51221
2021-08-09 23:23:00,1628551380.0,3169.7,3170.74,3168.03,3168.72,208.34188
2021-08-09 23:24:00,1628551440.0,3168.71,3168.72,3165.12,3168.38,304.97391
2021-08-09 23:25:00,1628551500.0,3168.37,3168.38,3165.39,3165.98,496.36171
2021-08-09 23:26:00,1628551560.0,3165.64,3167.34,3160.24,3161.1,639.3412
2021-08-09 23:27:00,1628551620.0,3161.1,3161.24,3150.39,3157.84,1064.40757
2021-08-09 23:28:00,1628551680.0,3157.83,3157.83,3152.02,3156.48,360.32304
2021-08-09 23:29:00,1628551740.0,3156.53,3159.24,3156.47,3158.31,182.66114
2021-08-09 23:30:00,1628551800.0,3158.31,3158.99,3149.17,3149.76,559.15923
2021-08-09 23:31:00,1628551860.0,3149.97,3154.42,3148.27,3151.17,493.58591
2021-08-09 23:32:00,1628551920.0,3151.16,3152.5,3143.0,3146.97,679.04311
2021-08-09 23:33:00,1628551980.0,3146.97,3151.85,3146.79,3151.27,344.0871
2021-08-09 23:34:00,1628552040.0,3151.27,3156.94,3151.26,3154.29,552.50482
2021-08-09 23:35:00,1628552100.0,3154.28,3156.03,3148.62,3149.0,243.44475
2021-08-09 23:36:00,1628552160.0,3149.0,3149.7,3143.55,3149.29,489.88262
2021-08-09 23:37:00,1628552220.0,3149.3,3150.6,3145.5,3145.5,361.78768
2021-08-09 23:38:00,1628552280.0,3145.21,3152.0,3145.15,3151.81,332.86274
2021-08-09 23:39:00,1628552340.0,3151.25,3154.4,3149.98,3149.99,283.52865
2021-08-09 23:40:00,1628552400.0,3150.0,3152.63,3145.91,3146.2,278.61797
2021-08-09 23:41:00,1628552460.0,3146.2,3150.44,3144.4,3149.03,341.12522
2021-08-09 23:42:00,1628552520.0,3149.03,3151.32,3147.24,3149.49,229.71713
2021-08-09 23:43:00,1628552580.0,3149.48,3150.59,3146.78,3146.88,400.30987
2021-08-09 23:44:00,1628552640.0,3147.32,3147.32,3139.63,3141.66,797.80873
2021-08-09 23:45:00,1628552700.0,3141.2,3148.9,3138.29,3146.81,556.43709
2021-08-09 23:46:00,1628552760.0,3146.82,3150.83,3145.62,3150.56,304.64053
2021-08-09 23:47:00,1628552820.0,3150.55,3153.0,3146.48,3149.82,365.25401
2021-08-09 23:48:00,1628552880.0,3149.82,3150.01,3143.01,3148.72,396.50907
2021-08-09 23:49:00,1628552940.0,3148.72,3150.73,3147.53,3150.59,246.85466
2021-08-09 23:50:00,1628553000.0,3150.59,3153.0,3148.5,3152.52,200.2525
2021-08-09 23:51:00,1628553060.0,3152.52,3156.92,3151.05,3155.69,415.31621
2021-08-09 23:52:00,1628553120.0,3155.72,3162.51,3154.1,3161.24,535.84094
2021-08-09 23:53:00,1628553180.0,3161.24,3163.16,3156.96,3159.0,447.83457
2021-08-09 23:54:00,1628553240.0,3158.83,3164.93,3158.83,3164.62,483.92917
2021-08-09 23:55:00,1628553300.0,3164.62,3166.67,3162.55,3163.41,338.16347
2021-08-09 23:56:00,1628553360.0,3163.4,3163.4,3161.03,3161.57,238.22568
2021-08-09 23:57:00,1628553420.0,3161.57,3165.74,3161.42,3165.01,458.29873
2021-08-09 23:58:00,1628553480.0,3165.2,3170.0,3164.46,3164.58,502.40869
2021-08-09 23:59:00,1628553540.0,3164.57,3164.94,3160.51,3160.52,643.00575
