Universal Time,Unix Time,Open,High,Low,Close,Volume
2024-10-17 00:00:00,1729123200.0,154.28,154.52,154.28,154.46,1525.707
2024-10-17 00:01:00,1729123260.0,154.45,154.54,154.45,154.52,1015.595
2024-10-17 00:02:00,1729123320.0,154.52,154.68,154.52,154.67,646.634
2024-10-17 00:03:00,1729123380.0,154.68,154.84,154.66,154.82,1092.706
2024-10-17 00:04:00,1729123440.0,154.83,154.93,154.82,154.93,661.171
2024-10-17 00:05:00,1729123500.0,154.92,155.1,154.92,155.08,5915.718
2024-10-17 00:06:00,1729123560.0,155.09,155.09,154.91,154.99,1800.811
2024-10-17 00:07:00,1729123620.0,154.99,155.13,154.97,154.97,1840.95
2024-10-17 00:08:00,1729123680.0,154.98,154.99,154.78,154.78,373.141
2024-10-17 00:09:00,1729123740.0,154.77,154.95,154.77,154.9,461.869
2024-10-17 00:10:00,1729123800.0,154.9,154.9,154.79,154.86,818.92
2024-10-17 00:11:00,1729123860.0,154.86,154.91,154.77,154.9,729.657
2024-10-17 00:12:00,1729123920.0,154.91,154.91,154.75,154.76,389.963
2024-10-17 00:13:00,1729123980.0,154.75,154.96,154.75,154.95,574.297
2024-10-17 00:14:00,1729124040.0,154.96,155.04,154.9,155.03,705.033
2024-10-17 00:15:00,1729124100.0,155.03,155.08,154.92,154.93,874.741
2024-10-17 00:16:00,1729124160.0,154.93,154.95,154.62,154.67,1030.975
2024-10-17 00:17:00,1729124220.0,154.67,154.73,154.53,154.71,1866.95
2024-10-17 00:18:00,1729124280.0,154.71,155.04,154.71,154.97,1470.789
2024-10-17 00:19:00,1729124340.0,154.97,154.97,154.82,154.92,1561.428
2024-10-17 00:20:00,1729124400.0,154.93,155.18,154.93,155.16,2093.763
2024-10-17 00:21:00,1729124460.0,155.16,155.19,155.06,155.19,1219.905
2024-10-17 00:22:00,1729124520.0,155.18,155.26,155.13,155.14,2961.729
2024-10-17 00:23:00,1729124580.0,155.15,155.19,155.11,155.15,885.281
2024-10-17 00:24:00,1729124640.0,155.14,155.14,154.82,154.87,2013.737
2024-10-17 00:25:00,1729124700.0,154.87,155.04,154.86,155.04,710.155
2024-10-17 00:26:00,1729124760.0,155.04,155.04,154.82,154.83,1251.981
2024-10-17 00:27:00,1729124820.0,154.84,155.14,154.84,155.1,985.956
2024-10-17 00:28:00,1729124880.0,155.1,155.24,155.06,155.23,692.166
2024-10-17 00:29:00,1729124940.0,155.23,155.34,155.23,155.33,1536.399
2024-10-17 00:30:00,1729125000.0,155.33,155.44,155.3,155.3,2356.014
2024-10-17 00:31:00,1729125060.0,155.31,155.48,155.31,155.41,1252.519
2024-10-17 00:32:00,1729125120.0,155.42,155.53,155.34,155.4,1805.439
2024-10-17 00:33:00,1729125180.0,155.39,155.55,155.38,155.55,856.273
2024-10-17 00:34:00,1729125240.0,155.54,155.54,155.36,155.41,1979.4
2024-10-17 00:35:00,1729125300.0,155.41,155.47,155.34,155.45,1947.317
2024-10-17 00:36:00,1729125360.0,155.45,155.53,155.35,155.53,1114.784
2024-10-17 00:37:00,1729125420.0,155.53,155.55,155.45,155.53,1335.12
2024-10-17 00:38:00,1729125480.0,155.52,155.54,155.27,155.48,948.265
2024-10-17 00:39:00,1729125540.0,155.48,155.48,155.43,155.44,854.055
2024-10-17 00:40:00,1729125600.0,155.43,155.43,155.27,155.3,1130.784
2024-10-17 00:41:00,1729125660.0,155.29,155.36,155.26,155.3,499.522
2024-10-17 00:42:00,1729125720.0,155.29,155.38,155.26,155.35,1025.988
2024-10-17 00:43:00,1729125780.0,155.34,155.36,155.26,155.34,393.403
2024-10-17 00:44:00,1729125840.0,155.34,155.43,155.28,155.43,644.695
2024-10-17 00:45:00,1729125900.0,155.42,155.43,155.27,155.29,1003.085
2024-10-17 00:46:00,1729125960.0,155.28,155.28,155.1,155.11,1261.801
2024-10-17 00:47:00,1729126020.0,155.11,155.16,155.07,155.07,620.12
2024-10-17 00:48:00,1729126080.0,155.07,155.16,155.04,155.08,1016.519
2024-10-17 00:49:00,1729126140.0,155.08,155.16,155.05,155.15,528.91
2024-10-17 00:50:00,1729126200.0,155.16,155.17,155.09,155.17,231.95
2024-10-17 00:51:00,1729126260.0,155.16,155.19,154.88,154.92,1595.264
2024-10-17 00:52:00,1729126320.0,154.92,154.92,154.84,154.85,542.923
2024-10-17 00:53:00,1729126380.0,154.86,154.87,154.77,154.82,1030.886
2024-10-17 00:54:00,1729126440.0,154.81,154.85,154.78,154.79,572.519
2024-10-17 00:55:00,1729126500.0,154.78,154.83,154.72,154.82,1742.697
2024-10-17 00:56:00,1729126560.0,154.83,154.91,154.79,154.91,579.604
2024-10-17 00:57:00,1729126620.0,154.91,154.92,154.88,154.9,233.049
2024-10-17 00:58:00,1729126680.0,154.9,154.9,154.81,154.82,314.431
2024-10-17 00:59:00,1729126740.0,154.82,154.91,154.82,154.9,310.858
2024-10-17 01:00:00,1729126800.0,154.9,154.99,154.8,154.81,953.827
2024-10-17 01:01:00,1729126860.0,154.81,154.95,154.81,154.91,2026.626
2024-10-17 01:02:00,1729126920.0,154.91,155.09,154.89,155.09,667.402
2024-10-17 01:03:00,1729126980.0,155.09,155.35,155.09,155.24,1137.29
2024-10-17 01:04:00,1729127040.0,155.24,155.46,155.24,155.44,1973.77
2024-10-17 01:05:00,1729127100.0,155.44,155.46,155.34,155.46,1099.926
2024-10-17 01:06:00,1729127160.0,155.46,155.48,155.38,155.4,521.155
2024-10-17 01:07:00,1729127220.0,155.4,155.45,155.15,155.2,2545.085
2024-10-17 01:08:00,1729127280.0,155.2,155.23,155.13,155.15,477.442
2024-10-17 01:09:00,1729127340.0,155.16,155.2,155.1,155.19,472.005
2024-10-17 01:10:00,1729127400.0,155.2,155.2,155.04,155.04,585.968
2024-10-17 01:11:00,1729127460.0,155.04,155.08,155.0,155.03,814.245
2024-10-17 01:12:00,1729127520.0,155.04,155.04,154.94,155.01,1704.247
2024-10-17 01:13:00,1729127580.0,155.01,155.16,154.97,155.13,2369.79
2024-10-17 01:14:00,1729127640.0,155.13,155.14,155.0,155.0,510.45
2024-10-17 01:15:00,1729127700.0,155.01,155.08,154.86,154.89,2037.046
2024-10-17 01:16:00,1729127760.0,154.89,154.92,154.82,154.91,667.606
2024-10-17 01:17:00,1729127820.0,154.92,154.98,154.83,154.85,957.228
2024-10-17 01:18:00,1729127880.0,154.84,154.99,154.84,154.9,706.258
2024-10-17 01:19:00,1729127940.0,154.9,154.98,154.78,154.96,881.38
2024-10-17 01:20:00,1729128000.0,154.97,155.03,154.8,154.92,577.906
2024-10-17 01:21:00,1729128060.0,154.92,154.92,154.74,154.78,469.035
2024-10-17 01:22:00,1729128120.0,154.77,154.77,154.68,154.71,717.516
2024-10-17 01:23:00,1729128180.0,154.71,154.72,154.68,154.69,294.772
2024-10-17 01:24:00,1729128240.0,154.69,154.77,154.68,154.76,428.135
2024-10-17 01:25:00,1729128300.0,154.77,154.8,154.73,154.73,311.238
2024-10-17 01:26:00,1729128360.0,154.73,154.81,154.69,154.81,594.564
2024-10-17 01:27:00,1729128420.0,154.81,154.82,154.75,154.76,682.591
2024-10-17 01:28:00,1729128480.0,154.77,154.79,154.71,154.74,893.171
2024-10-17 01:29:00,1729128540.0,154.74,154.79,154.7,154.74,613.226
2024-10-17 01:30:00,1729128600.0,154.73,154.73,154.52,154.52,748.07
2024-10-17 01:31:00,1729128660.0,154.52,154.52,154.3,154.34,2704.479
2024-10-17 01:32:00,1729128720.0,154.34,154.41,154.28,154.39,2796.539
2024-10-17 01:33:00,1729128780.0,154.38,154.38,154.22,154.25,1282.859
2024-10-17 01:34:00,1729128840.0,154.26,154.36,154.26,154.31,412.151
2024-10-17 01:35:00,1729128900.0,154.31,154.46,154.28,154.33,1034.596
2024-10-17 01:36:00,1729128960.0,154.32,154.46,154.3,154.31,1349.026
2024-10-17 01:37:00,1729129020.0,154.31,154.55,154.31,154.47,897.23
2024-10-17 01:38:00,1729129080.0,154.47,154.63,154.46,154.63,676.29
2024-10-17 01:39:00,1729129140.0,154.62,154.63,154.49,154.61,688.909
2024-10-17 01:40:00,1729129200.0,154.6,154.67,154.46,154.46,266.8
2024-10-17 01:41:00,1729129260.0,154.47,154.63,154.47,154.58,447.804
2024-10-17 01:42:00,1729129320.0,154.58,154.58,154.13,154.15,28333.557
2024-10-17 01:43:00,1729129380.0,154.16,154.2,154.09,154.2,1995.619
2024-10-17 01:44:00,1729129440.0,154.2,154.42,154.18,154.4,1034.841
2024-10-17 01:45:00,1729129500.0,154.41,154.49,154.4,154.4,1434.285
2024-10-17 01:46:00,1729129560.0,154.4,154.49,154.36,154.44,2354.689
2024-10-17 01:47:00,1729129620.0,154.44,154.53,154.3,154.53,2918.056
2024-10-17 01:48:00,1729129680.0,154.52,154.68,154.49,154.68,1440.01
2024-10-17 01:49:00,1729129740.0,154.69,155.53,154.69,155.4,10233.78
2024-10-17 01:50:00,1729129800.0,155.39,155.58,155.29,155.51,4616.43
2024-10-17 01:51:00,1729129860.0,155.51,155.67,155.44,155.64,2902.71
2024-10-17 01:52:00,1729129920.0,155.63,155.63,155.2,155.28,4159.897
2024-10-17 01:53:00,1729129980.0,155.28,155.4,155.22,155.24,1005.773
2024-10-17 01:54:00,1729130040.0,155.24,155.31,155.16,155.31,1159.02
2024-10-17 01:55:00,1729130100.0,155.3,155.4,155.23,155.28,869.102
2024-10-17 01:56:00,1729130160.0,155.29,155.5,155.28,155.5,2891.858
2024-10-17 01:57:00,1729130220.0,155.49,155.61,155.48,155.49,1955.149
2024-10-17 01:58:00,1729130280.0,155.5,155.59,155.43,155.46,1646.825
2024-10-17 01:59:00,1729130340.0,155.46,155.67,155.45,155.59,3621.228
2024-10-17 02:00:00,1729130400.0,155.6,155.69,155.46,155.69,4534.769
2024-10-17 02:01:00,1729130460.0,155.69,155.73,155.42,155.45,2190.295
2024-10-17 02:02:00,1729130520.0,155.45,155.68,155.45,155.52,1868.47
2024-10-17 02:03:00,1729130580.0,155.52,155.64,155.42,155.48,1057.819
2024-10-17 02:04:00,1729130640.0,155.48,155.52,155.34,155.39,927.249
2024-10-17 02:05:00,1729130700.0,155.4,155.47,155.31,155.4,1425.252
2024-10-17 02:06:00,1729130760.0,155.4,155.44,155.27,155.31,984.672
2024-10-17 02:07:00,1729130820.0,155.3,155.38,155.23,155.34,1153.124
2024-10-17 02:08:00,1729130880.0,155.33,155.45,155.31,155.42,1172.896
2024-10-17 02:09:00,1729130940.0,155.43,155.6,155.43,155.51,1363.45
2024-10-17 02:10:00,1729131000.0,155.51,155.53,155.2,155.28,930.141
2024-10-17 02:11:00,1729131060.0,155.28,155.35,155.27,155.33,973.499
2024-10-17 02:12:00,1729131120.0,155.32,155.35,155.28,155.35,1041.637
2024-10-17 02:13:00,1729131180.0,155.35,155.38,155.2,155.24,950.964
2024-10-17 02:14:00,1729131240.0,155.24,155.24,155.09,155.16,2949.616
2024-10-17 02:15:00,1729131300.0,155.16,155.21,155.1,155.11,1152.578
2024-10-17 02:16:00,1729131360.0,155.1,155.1,154.88,154.98,1805.674
2024-10-17 02:17:00,1729131420.0,154.98,155.04,154.87,154.87,446.127
2024-10-17 02:18:00,1729131480.0,154.87,154.87,154.77,154.8,713.775
2024-10-17 02:19:00,1729131540.0,154.8,154.8,154.62,154.66,2101.548
2024-10-17 02:20:00,1729131600.0,154.67,154.69,154.62,154.65,345.825
2024-10-17 02:21:00,1729131660.0,154.65,154.87,154.63,154.85,880.87
2024-10-17 02:22:00,1729131720.0,154.85,154.85,154.72,154.79,434.84
2024-10-17 02:23:00,1729131780.0,154.8,154.87,154.73,154.77,858.376
2024-10-17 02:24:00,1729131840.0,154.76,154.78,154.68,154.77,624.106
2024-10-17 02:25:00,1729131900.0,154.78,154.88,154.68,154.79,760.754
2024-10-17 02:26:00,1729131960.0,154.79,154.79,154.61,154.62,375.623
2024-10-17 02:27:00,1729132020.0,154.63,154.76,154.63,154.74,913.655
2024-10-17 02:28:00,1729132080.0,154.74,154.75,154.7,154.75,1098.448
2024-10-17 02:29:00,1729132140.0,154.75,154.77,154.68,154.69,425.299
2024-10-17 02:30:00,1729132200.0,154.68,154.83,154.68,154.69,668.932
2024-10-17 02:31:00,1729132260.0,154.69,154.73,154.57,154.57,583.232
2024-10-17 02:32:00,1729132320.0,154.58,154.65,154.54,154.57,455.296
2024-10-17 02:33:00,1729132380.0,154.56,154.74,154.51,154.72,978.513
2024-10-17 02:34:00,1729132440.0,154.73,154.84,154.73,154.79,932.086
2024-10-17 02:35:00,1729132500.0,154.79,154.81,154.66,154.66,697.67
2024-10-17 02:36:00,1729132560.0,154.66,154.67,154.53,154.54,494.195
2024-10-17 02:37:00,1729132620.0,154.54,154.54,154.45,154.45,1439.133
2024-10-17 02:38:00,1729132680.0,154.46,154.46,154.28,154.28,2173.585
2024-10-17 02:39:00,1729132740.0,154.27,154.29,154.21,154.22,1375.355
2024-10-17 02:40:00,1729132800.0,154.22,154.23,154.0,154.01,2839.72
2024-10-17 02:41:00,1729132860.0,154.0,154.13,153.85,154.1,3099.102
2024-10-17 02:42:00,1729132920.0,154.09,154.28,154.04,154.27,1307.184
2024-10-17 02:43:00,1729132980.0,154.26,154.26,154.13,154.14,1118.297
2024-10-17 02:44:00,1729133040.0,154.14,154.26,154.14,154.21,778.199
2024-10-17 02:45:00,1729133100.0,154.21,154.21,154.1,154.12,1341.649
2024-10-17 02:46:00,1729133160.0,154.13,154.23,154.12,154.17,1012.296
2024-10-17 02:47:00,1729133220.0,154.16,154.2,154.08,154.19,1561.024
2024-10-17 02:48:00,1729133280.0,154.19,154.22,154.06,154.12,1461.581
2024-10-17 02:49:00,1729133340.0,154.12,154.15,154.01,154.02,924.982
2024-10-17 02:50:00,1729133400.0,154.02,154.12,153.96,153.98,3322.271
2024-10-17 02:51:00,1729133460.0,153.98,154.1,153.94,154.05,5188.688
2024-10-17 02:52:00,1729133520.0,154.06,154.13,154.06,154.1,1044.996
2024-10-17 02:53:00,1729133580.0,154.11,154.2,154.08,154.1,1510.177
2024-10-17 02:54:00,1729133640.0,154.1,154.1,154.02,154.03,927.874
2024-10-17 02:55:00,1729133700.0,154.03,154.04,153.87,153.95,2372.056
2024-10-17 02:56:00,1729133760.0,153.94,153.97,153.93,153.94,239.27
2024-10-17 02:57:00,1729133820.0,153.94,154.06,153.94,154.0,495.792
2024-10-17 02:58:00,1729133880.0,153.99,153.99,153.92,153.92,316.68
2024-10-17 02:59:00,1729133940.0,153.93,153.95,153.91,153.91,361.875
2024-10-17 03:00:00,1729134000.0,153.91,153.94,153.81,153.89,1631.812
2024-10-17 03:01:00,1729134060.0,153.9,153.98,153.56,153.76,9702.815
2024-10-17 03:02:00,1729134120.0,153.77,154.05,153.77,154.05,2022.407
2024-10-17 03:03:00,1729134180.0,154.05,154.09,153.99,154.0,538.121
2024-10-17 03:04:00,1729134240.0,153.99,153.99,153.91,153.92,829.51
2024-10-17 03:05:00,1729134300.0,153.92,153.92,153.78,153.84,1022.945
2024-10-17 03:06:00,1729134360.0,153.84,153.87,153.82,153.83,294.878
2024-10-17 03:07:00,1729134420.0,153.84,153.93,153.84,153.91,252.479
2024-10-17 03:08:00,1729134480.0,153.9,154.03,153.9,154.03,703.699
2024-10-17 03:09:00,1729134540.0,154.03,154.03,153.95,153.98,1037.024
2024-10-17 03:10:00,1729134600.0,153.99,154.09,153.97,154.0,1431.71
2024-10-17 03:11:00,1729134660.0,154.0,154.07,154.0,154.06,190.599
2024-10-17 03:12:00,1729134720.0,154.07,154.21,154.01,154.21,936.126
2024-10-17 03:13:00,1729134780.0,154.2,154.27,154.19,154.24,1768.148
2024-10-17 03:14:00,1729134840.0,154.24,154.33,154.24,154.26,1263.534
2024-10-17 03:15:00,1729134900.0,154.26,154.32,154.24,154.26,353.47
2024-10-17 03:16:00,1729134960.0,154.26,154.28,154.19,154.2,896.681
2024-10-17 03:17:00,1729135020.0,154.2,154.21,154.11,154.17,952.094
2024-10-17 03:18:00,1729135080.0,154.17,154.24,154.16,154.22,1605.918
2024-10-17 03:19:00,1729135140.0,154.22,154.29,154.22,154.29,450.603
2024-10-17 03:20:00,1729135200.0,154.29,154.41,154.28,154.4,2875.342
2024-10-17 03:21:00,1729135260.0,154.41,154.5,154.4,154.48,3779.638
2024-10-17 03:22:00,1729135320.0,154.48,154.5,154.47,154.49,734.341
2024-10-17 03:23:00,1729135380.0,154.49,154.5,154.35,154.37,549.651
2024-10-17 03:24:00,1729135440.0,154.36,154.47,154.36,154.46,697.531
2024-10-17 03:25:00,1729135500.0,154.47,154.47,154.3,154.33,1158.312
2024-10-17 03:26:00,1729135560.0,154.33,154.34,154.29,154.33,137.289
2024-10-17 03:27:00,1729135620.0,154.33,154.48,154.3,154.48,442.721
2024-10-17 03:28:00,1729135680.0,154.47,154.55,154.42,154.5,1899.001
2024-10-17 03:29:00,1729135740.0,154.49,154.55,154.47,154.54,382.683
2024-10-17 03:30:00,1729135800.0,154.55,154.56,154.41,154.42,370.024
2024-10-17 03:31:00,1729135860.0,154.43,154.53,154.41,154.44,764.651
2024-10-17 03:32:00,1729135920.0,154.43,154.5,154.31,154.31,831.755
2024-10-17 03:33:00,1729135980.0,154.31,154.38,154.27,154.35,563.711
2024-10-17 03:34:00,1729136040.0,154.35,154.35,154.26,154.27,801.693
2024-10-17 03:35:00,1729136100.0,154.27,154.49,154.27,154.43,578.261
2024-10-17 03:36:00,1729136160.0,154.43,154.43,154.39,154.41,348.405
2024-10-17 03:37:00,1729136220.0,154.41,154.5,154.4,154.5,402.19
2024-10-17 03:38:00,1729136280.0,154.5,154.57,154.42,154.49,1186.114
2024-10-17 03:39:00,1729136340.0,154.49,154.54,154.48,154.53,135.9
2024-10-17 03:40:00,1729136400.0,154.54,154.54,154.47,154.48,848.433
2024-10-17 03:41:00,1729136460.0,154.47,154.52,154.44,154.48,308.955
2024-10-17 03:42:00,1729136520.0,154.48,154.59,154.48,154.53,478.518
2024-10-17 03:43:00,1729136580.0,154.52,154.52,154.43,154.44,409.867
2024-10-17 03:44:00,1729136640.0,154.43,154.43,154.37,154.43,769.579
2024-10-17 03:45:00,1729136700.0,154.44,154.69,154.44,154.64,3480.746
2024-10-17 03:46:00,1729136760.0,154.65,154.7,154.63,154.64,567.789
2024-10-17 03:47:00,1729136820.0,154.64,154.77,154.63,154.72,715.212
2024-10-17 03:48:00,1729136880.0,154.71,154.73,154.63,154.73,1347.075
2024-10-17 03:49:00,1729136940.0,154.72,154.76,154.71,154.73,445.876
2024-10-17 03:50:00,1729137000.0,154.74,154.74,154.67,154.69,583.722
2024-10-17 03:51:00,1729137060.0,154.7,154.73,154.68,154.72,333.565
2024-10-17 03:52:00,1729137120.0,154.72,154.78,154.68,154.77,656.545
2024-10-17 03:53:00,1729137180.0,154.77,154.77,154.67,154.67,334.927
2024-10-17 03:54:00,1729137240.0,154.67,154.68,154.62,154.67,615.356
2024-10-17 03:55:00,1729137300.0,154.67,154.7,154.62,154.67,1077.433
2024-10-17 03:56:00,1729137360.0,154.67,154.7,154.62,154.68,694.887
2024-10-17 03:57:00,1729137420.0,154.68,154.69,154.65,154.69,678.367
2024-10-17 03:58:00,1729137480.0,154.69,154.69,154.62,154.63,328.415
2024-10-17 03:59:00,1729137540.0,154.64,154.65,154.61,154.62,227.945
2024-10-17 04:00:00,1729137600.0,154.62,154.66,154.58,154.63,635.452
2024-10-17 04:01:00,1729137660.0,154.62,154.62,154.48,154.48,579.25
2024-10-17 04:02:00,1729137720.0,154.48,154.6,154.4,154.55,2985.264
2024-10-17 04:03:00,1729137780.0,154.56,154.64,154.56,154.61,552.561
2024-10-17 04:04:00,1729137840.0,154.6,154.73,154.54,154.72,1395.838
2024-10-17 04:05:00,1729137900.0,154.73,154.73,154.62,154.62,1195.235
2024-10-17 04:06:00,1729137960.0,154.62,154.63,154.59,154.6,231.463
2024-10-17 04:07:00,1729138020.0,154.6,154.78,154.59,154.71,1407.978
2024-10-17 04:08:00,1729138080.0,154.71,154.77,154.7,154.77,287.837
2024-10-17 04:09:00,1729138140.0,154.77,154.78,154.73,154.74,384.502
2024-10-17 04:10:00,1729138200.0,154.74,154.77,154.71,154.76,636.033
2024-10-17 04:11:00,1729138260.0,154.77,154.77,154.61,154.62,701.284
2024-10-17 04:12:00,1729138320.0,154.62,154.65,154.58,154.64,436.998
2024-10-17 04:13:00,1729138380.0,154.64,154.64,154.54,154.55,2347.214
2024-10-17 04:14:00,1729138440.0,154.55,154.57,154.5,154.52,802.551
2024-10-17 04:15:00,1729138500.0,154.53,154.67,154.52,154.65,1498.469
2024-10-17 04:16:00,1729138560.0,154.65,154.66,154.49,154.53,613.603
2024-10-17 04:17:00,1729138620.0,154.54,154.59,154.52,154.52,738.512
2024-10-17 04:18:00,1729138680.0,154.52,154.55,154.5,154.54,168.842
2024-10-17 04:19:00,1729138740.0,154.55,154.6,154.52,154.59,244.034
2024-10-17 04:20:00,1729138800.0,154.58,154.7,154.58,154.65,716.974
2024-10-17 04:21:00,1729138860.0,154.65,154.65,154.6,154.64,525.704
2024-10-17 04:22:00,1729138920.0,154.63,154.67,154.6,154.6,792.471
2024-10-17 04:23:00,1729138980.0,154.61,154.61,154.46,154.46,472.604
2024-10-17 04:24:00,1729139040.0,154.46,154.46,154.31,154.32,1645.913
2024-10-17 04:25:00,1729139100.0,154.32,154.34,154.25,154.26,1532.855
2024-10-17 04:26:00,1729139160.0,154.26,154.28,154.12,154.13,4212.385
2024-10-17 04:27:00,1729139220.0,154.12,154.22,154.12,154.16,2059.663
2024-10-17 04:28:00,1729139280.0,154.17,154.18,154.13,154.16,1124.026
2024-10-17 04:29:00,1729139340.0,154.15,154.16,154.11,154.14,2294.817
2024-10-17 04:30:00,1729139400.0,154.15,154.23,154.15,154.2,1463.711
2024-10-17 04:31:00,1729139460.0,154.21,154.24,154.14,154.14,625.635
2024-10-17 04:32:00,1729139520.0,154.15,154.15,154.0,154.01,2449.342
2024-10-17 04:33:00,1729139580.0,154.0,154.01,153.94,153.95,689.066
2024-10-17 04:34:00,1729139640.0,153.95,154.1,153.93,154.07,2132.134
2024-10-17 04:35:00,1729139700.0,154.06,154.12,154.03,154.12,663.772
2024-10-17 04:36:00,1729139760.0,154.11,154.11,154.0,154.1,985.108
2024-10-17 04:37:00,1729139820.0,154.1,154.14,154.05,154.05,1237.774
2024-10-17 04:38:00,1729139880.0,154.04,154.09,154.03,154.06,473.437
2024-10-17 04:39:00,1729139940.0,154.06,154.07,154.0,154.03,294.057
2024-10-17 04:40:00,1729140000.0,154.03,154.04,153.98,153.98,336.994
2024-10-17 04:41:00,1729140060.0,153.99,153.99,153.22,153.25,42670.444
2024-10-17 04:42:00,1729140120.0,153.24,153.25,153.2,153.24,12344.896
2024-10-17 04:43:00,1729140180.0,153.25,153.25,153.18,153.24,5138.61
2024-10-17 04:44:00,1729140240.0,153.24,153.48,153.22,153.48,2424.445
2024-10-17 04:45:00,1729140300.0,153.48,153.54,153.47,153.48,2085.438
2024-10-17 04:46:00,1729140360.0,153.48,153.58,153.43,153.46,1899.64
2024-10-17 04:47:00,1729140420.0,153.47,153.48,153.31,153.32,1929.588
2024-10-17 04:48:00,1729140480.0,153.32,153.49,153.3,153.46,2950.844
2024-10-17 04:49:00,1729140540.0,153.46,153.47,153.35,153.43,1763.15
2024-10-17 04:50:00,1729140600.0,153.43,153.43,152.99,153.16,20417.762
2024-10-17 04:51:00,1729140660.0,153.16,153.29,153.12,153.28,2960.75
2024-10-17 04:52:00,1729140720.0,153.28,153.33,153.21,153.22,1612.482
2024-10-17 04:53:00,1729140780.0,153.22,153.31,153.2,153.2,1323.461
2024-10-17 04:54:00,1729140840.0,153.21,153.28,153.17,153.27,1119.438
2024-10-17 04:55:00,1729140900.0,153.28,153.39,153.21,153.38,831.517
2024-10-17 04:56:00,1729140960.0,153.39,153.48,153.39,153.42,567.464
2024-10-17 04:57:00,1729141020.0,153.42,153.43,153.34,153.35,1154.307
2024-10-17 04:58:00,1729141080.0,153.36,153.4,153.21,153.21,3550.267
2024-10-17 04:59:00,1729141140.0,153.22,153.26,153.22,153.24,953.981
2024-10-17 05:00:00,1729141200.0,153.25,153.35,153.22,153.35,2539.339
2024-10-17 05:01:00,1729141260.0,153.35,153.45,153.3,153.31,2496.789
2024-10-17 05:02:00,1729141320.0,153.3,153.42,153.29,153.34,982.571
2024-10-17 05:03:00,1729141380.0,153.33,153.43,153.33,153.42,348.752
2024-10-17 05:04:00,1729141440.0,153.42,153.5,153.41,153.5,311.222
2024-10-17 05:05:00,1729141500.0,153.49,153.54,153.48,153.5,1205.755
2024-10-17 05:06:00,1729141560.0,153.5,153.52,153.4,153.48,1464.718
2024-10-17 05:07:00,1729141620.0,153.48,153.49,153.41,153.43,380.642
2024-10-17 05:08:00,1729141680.0,153.44,153.45,153.41,153.43,545.406
2024-10-17 05:09:00,1729141740.0,153.43,153.47,153.4,153.46,372.988
2024-10-17 05:10:00,1729141800.0,153.47,153.48,153.08,153.11,2095.524
2024-10-17 05:11:00,1729141860.0,153.1,153.24,153.1,153.21,1263.151
2024-10-17 05:12:00,1729141920.0,153.21,153.22,153.11,153.14,1722.172
2024-10-17 05:13:00,1729141980.0,153.14,153.22,153.11,153.22,761.917
2024-10-17 05:14:00,1729142040.0,153.22,153.48,153.17,153.48,1669.488
2024-10-17 05:15:00,1729142100.0,153.47,153.52,153.41,153.47,2383.891
2024-10-17 05:16:00,1729142160.0,153.48,153.66,153.48,153.62,1456.576
2024-10-17 05:17:00,1729142220.0,153.62,153.64,153.58,153.63,624.206
2024-10-17 05:18:00,1729142280.0,153.63,153.63,153.2,153.34,15962.933
2024-10-17 05:19:00,1729142340.0,153.34,153.43,153.33,153.34,566.283
2024-10-17 05:20:00,1729142400.0,153.35,153.37,153.25,153.25,570.261
2024-10-17 05:21:00,1729142460.0,153.24,153.36,153.22,153.22,300.072
2024-10-17 05:22:00,1729142520.0,153.22,153.23,153.11,153.17,639.237
2024-10-17 05:23:00,1729142580.0,153.17,153.25,153.16,153.17,2969.937
2024-10-17 05:24:00,1729142640.0,153.17,153.32,153.17,153.27,501.805
2024-10-17 05:25:00,1729142700.0,153.27,153.27,153.16,153.17,738.909
2024-10-17 05:26:00,1729142760.0,153.17,153.26,153.16,153.19,1195.312
2024-10-17 05:27:00,1729142820.0,153.19,153.2,153.16,153.18,424.044
2024-10-17 05:28:00,1729142880.0,153.18,153.24,153.17,153.18,582.126
2024-10-17 05:29:00,1729142940.0,153.19,153.23,153.16,153.16,1125.599
2024-10-17 05:30:00,1729143000.0,153.17,153.17,152.59,152.99,21091.905
2024-10-17 05:31:00,1729143060.0,152.99,153.27,152.99,153.27,2882.119
2024-10-17 05:32:00,1729143120.0,153.26,153.42,153.21,153.41,2305.055
2024-10-17 05:33:00,1729143180.0,153.41,153.45,153.34,153.37,628.11
2024-10-17 05:34:00,1729143240.0,153.37,153.46,153.37,153.44,446.93
2024-10-17 05:35:00,1729143300.0,153.44,153.52,153.37,153.4,2992.179
2024-10-17 05:36:00,1729143360.0,153.41,153.46,153.37,153.46,2665.351
2024-10-17 05:37:00,1729143420.0,153.46,153.52,153.42,153.52,936.791
2024-10-17 05:38:00,1729143480.0,153.52,153.57,153.45,153.5,1770.975
2024-10-17 05:39:00,1729143540.0,153.49,153.5,153.33,153.34,656.938
2024-10-17 05:40:00,1729143600.0,153.33,153.37,153.26,153.36,1338.905
2024-10-17 05:41:00,1729143660.0,153.36,153.36,153.26,153.33,540.007
2024-10-17 05:42:00,1729143720.0,153.32,153.35,153.22,153.22,657.395
2024-10-17 05:43:00,1729143780.0,153.23,153.31,153.21,153.29,442.992
2024-10-17 05:44:00,1729143840.0,153.28,153.3,153.21,153.21,329.345
2024-10-17 05:45:00,1729143900.0,153.22,153.3,153.16,153.25,818.51
2024-10-17 05:46:00,1729143960.0,153.24,153.25,153.19,153.25,177.078
2024-10-17 05:47:00,1729144020.0,153.25,153.3,153.17,153.25,529.653
2024-10-17 05:48:00,1729144080.0,153.25,153.36,153.24,153.31,1667.393
2024-10-17 05:49:00,1729144140.0,153.3,153.32,153.05,153.1,1746.721
2024-10-17 05:50:00,1729144200.0,153.1,153.15,153.0,153.01,2206.382
2024-10-17 05:51:00,1729144260.0,153.0,153.0,152.83,152.87,792.974
2024-10-17 05:52:00,1729144320.0,152.87,152.99,152.87,152.93,516.234
2024-10-17 05:53:00,1729144380.0,152.93,153.03,152.9,152.98,595.673
2024-10-17 05:54:00,1729144440.0,152.98,152.98,152.72,152.72,2195.016
2024-10-17 05:55:00,1729144500.0,152.72,152.79,152.38,152.44,11915.785
2024-10-17 05:56:00,1729144560.0,152.44,152.55,152.38,152.55,4022.936
2024-10-17 05:57:00,1729144620.0,152.55,152.83,152.55,152.8,1259.063
2024-10-17 05:58:00,1729144680.0,152.8,152.81,152.63,152.69,1257.674
2024-10-17 05:59:00,1729144740.0,152.68,152.72,152.61,152.68,1025.102
2024-10-17 06:00:00,1729144800.0,152.68,152.68,152.53,152.66,1892.924
2024-10-17 06:01:00,1729144860.0,152.66,152.83,152.61,152.82,1040.857
2024-10-17 06:02:00,1729144920.0,152.82,152.92,152.77,152.81,710.095
2024-10-17 06:03:00,1729144980.0,152.82,152.94,152.56,152.56,1566.953
2024-10-17 06:04:00,1729145040.0,152.55,152.55,152.41,152.46,1769.707
2024-10-17 06:05:00,1729145100.0,152.47,152.51,152.35,152.37,1843.584
2024-10-17 06:06:00,1729145160.0,152.37,152.45,152.28,152.43,2690.607
2024-10-17 06:07:00,1729145220.0,152.44,152.67,152.41,152.54,1542.819
2024-10-17 06:08:00,1729145280.0,152.54,152.55,152.37,152.38,1561.003
2024-10-17 06:09:00,1729145340.0,152.37,152.44,152.35,152.41,771.207
2024-10-17 06:10:00,1729145400.0,152.41,152.55,152.39,152.44,1102.265
2024-10-17 06:11:00,1729145460.0,152.44,152.5,152.35,152.5,1187.305
2024-10-17 06:12:00,1729145520.0,152.5,152.66,152.5,152.65,771.541
2024-10-17 06:13:00,1729145580.0,152.65,152.65,152.34,152.48,3945.01
2024-10-17 06:14:00,1729145640.0,152.49,152.54,152.41,152.52,1176.162
2024-10-17 06:15:00,1729145700.0,152.52,152.79,152.51,152.79,1131.976
2024-10-17 06:16:00,1729145760.0,152.79,153.28,152.79,153.17,9911.088
2024-10-17 06:17:00,1729145820.0,153.17,153.18,153.04,153.17,1159.084
2024-10-17 06:18:00,1729145880.0,153.17,153.21,153.06,153.07,1105.957
2024-10-17 06:19:00,1729145940.0,153.07,153.17,153.03,153.07,886.925
2024-10-17 06:20:00,1729146000.0,153.06,153.18,152.94,153.1,5825.969
2024-10-17 06:21:00,1729146060.0,153.11,153.22,153.09,153.12,890.883
2024-10-17 06:22:00,1729146120.0,153.13,153.13,152.98,152.98,1611.274
2024-10-17 06:23:00,1729146180.0,152.99,153.1,152.9,152.91,1000.41
2024-10-17 06:24:00,1729146240.0,152.91,153.0,152.87,152.89,3071.92
2024-10-17 06:25:00,1729146300.0,152.9,152.98,152.87,152.92,5240.728
2024-10-17 06:26:00,1729146360.0,152.92,152.96,152.85,152.95,894.645
2024-10-17 06:27:00,1729146420.0,152.96,153.07,152.95,153.01,1909.701
2024-10-17 06:28:00,1729146480.0,153.01,153.03,152.94,153.01,754.37
2024-10-17 06:29:00,1729146540.0,153.01,153.02,152.98,153.01,201.298
2024-10-17 06:30:00,1729146600.0,153.02,153.18,153.01,153.11,574.533
2024-10-17 06:31:00,1729146660.0,153.11,153.13,153.0,153.01,1500.034
2024-10-17 06:32:00,1729146720.0,153.02,153.09,153.02,153.06,1709.47
2024-10-17 06:33:00,1729146780.0,153.06,153.2,153.05,153.14,5105.679
2024-10-17 06:34:00,1729146840.0,153.14,153.14,152.86,152.89,1328.248
2024-10-17 06:35:00,1729146900.0,152.89,153.01,152.88,152.91,806.806
2024-10-17 06:36:00,1729146960.0,152.91,152.99,152.78,152.78,1267.164
2024-10-17 06:37:00,1729147020.0,152.78,152.96,152.53,152.95,14609.919
2024-10-17 06:38:00,1729147080.0,152.96,153.31,152.94,153.29,9600.541
2024-10-17 06:39:00,1729147140.0,153.29,153.29,153.07,153.08,2323.697
2024-10-17 06:40:00,1729147200.0,153.09,153.14,152.96,153.04,3834.155
2024-10-17 06:41:00,1729147260.0,153.03,153.09,153.01,153.06,1173.939
2024-10-17 06:42:00,1729147320.0,153.06,153.07,152.94,153.01,967.325
2024-10-17 06:43:00,1729147380.0,153.01,153.09,153.01,153.03,283.041
2024-10-17 06:44:00,1729147440.0,153.04,153.07,152.98,153.05,1566.098
2024-10-17 06:45:00,1729147500.0,153.05,153.12,153.0,153.09,685.32
2024-10-17 06:46:00,1729147560.0,153.09,153.14,152.99,153.07,698.431
2024-10-17 06:47:00,1729147620.0,153.06,153.11,152.94,153.06,1071.947
2024-10-17 06:48:00,1729147680.0,153.05,153.1,152.95,153.01,959.508
2024-10-17 06:49:00,1729147740.0,153.0,153.04,152.9,153.03,806.201
2024-10-17 06:50:00,1729147800.0,153.04,153.04,152.94,152.95,673.974
2024-10-17 06:51:00,1729147860.0,152.94,152.94,152.85,152.89,694.294
2024-10-17 06:52:00,1729147920.0,152.89,152.93,152.81,152.89,1674.721
2024-10-17 06:53:00,1729147980.0,152.89,152.91,152.85,152.91,347.811
2024-10-17 06:54:00,1729148040.0,152.9,152.92,152.8,152.81,775.971
2024-10-17 06:55:00,1729148100.0,152.8,152.86,152.75,152.82,1596.298
2024-10-17 06:56:00,1729148160.0,152.82,152.83,152.76,152.78,427.007
2024-10-17 06:57:00,1729148220.0,152.78,152.87,152.75,152.84,1079.355
2024-10-17 06:58:00,1729148280.0,152.85,152.87,152.63,152.65,1207.521
2024-10-17 06:59:00,1729148340.0,152.64,152.64,152.09,152.33,9934.097
2024-10-17 07:00:00,1729148400.0,152.34,152.36,152.15,152.18,3348.035
2024-10-17 07:01:00,1729148460.0,152.17,152.41,152.15,152.3,3855.285
2024-10-17 07:02:00,1729148520.0,152.3,152.46,152.26,152.44,1224.659
2024-10-17 07:03:00,1729148580.0,152.44,152.6,152.41,152.41,4423.19
2024-10-17 07:04:00,1729148640.0,152.41,152.46,152.26,152.43,2045.917
2024-10-17 07:05:00,1729148700.0,152.43,152.57,152.4,152.5,2290.903
2024-10-17 07:06:00,1729148760.0,152.5,152.5,152.22,152.24,2122.513
2024-10-17 07:07:00,1729148820.0,152.23,152.31,152.2,152.26,1339.907
2024-10-17 07:08:00,1729148880.0,152.26,152.28,152.18,152.19,2587.424
2024-10-17 07:09:00,1729148940.0,152.18,152.18,151.91,152.0,16564.088
2024-10-17 07:10:00,1729149000.0,152.0,152.38,151.99,152.31,4609.135
2024-10-17 07:11:00,1729149060.0,152.31,152.4,152.26,152.39,734.413
2024-10-17 07:12:00,1729149120.0,152.39,152.44,152.27,152.28,819.83
2024-10-17 07:13:00,1729149180.0,152.27,152.47,152.27,152.33,851.661
2024-10-17 07:14:00,1729149240.0,152.34,152.34,152.2,152.21,1198.372
2024-10-17 07:15:00,1729149300.0,152.21,152.3,152.12,152.15,3246.92
2024-10-17 07:16:00,1729149360.0,152.14,152.14,152.0,152.01,1940.046
2024-10-17 07:17:00,1729149420.0,152.0,152.19,151.91,152.15,2528.387
2024-10-17 07:18:00,1729149480.0,152.15,152.19,151.97,151.97,1640.177
2024-10-17 07:19:00,1729149540.0,151.98,151.98,151.7,151.75,6775.276
2024-10-17 07:20:00,1729149600.0,151.75,151.92,151.6,151.83,4291.582
2024-10-17 07:21:00,1729149660.0,151.83,151.98,151.81,151.98,1056.875
2024-10-17 07:22:00,1729149720.0,151.99,152.14,151.94,152.13,3123.31
2024-10-17 07:23:00,1729149780.0,152.12,152.2,152.03,152.15,2063.628
2024-10-17 07:24:00,1729149840.0,152.16,152.16,151.98,151.98,1009.802
2024-10-17 07:25:00,1729149900.0,151.98,152.01,151.86,151.92,2317.432
2024-10-17 07:26:00,1729149960.0,151.91,152.08,151.8,152.05,1457.76
2024-10-17 07:27:00,1729150020.0,152.06,152.13,151.93,151.96,1266.628
2024-10-17 07:28:00,1729150080.0,151.96,151.96,151.84,151.9,1421.246
2024-10-17 07:29:00,1729150140.0,151.89,151.94,151.86,151.94,1790.287
2024-10-17 07:30:00,1729150200.0,151.94,151.97,151.81,151.88,1493.533
2024-10-17 07:31:00,1729150260.0,151.87,151.97,151.83,151.84,738.313
2024-10-17 07:32:00,1729150320.0,151.83,152.18,151.83,152.18,1509.715
2024-10-17 07:33:00,1729150380.0,152.17,152.23,152.11,152.21,1003.182
2024-10-17 07:34:00,1729150440.0,152.2,152.28,152.16,152.17,1330.969
2024-10-17 07:35:00,1729150500.0,152.16,152.25,152.15,152.22,693.239
2024-10-17 07:36:00,1729150560.0,152.22,152.24,152.05,152.07,2702.656
2024-10-17 07:37:00,1729150620.0,152.07,152.2,152.07,152.18,3397.845
2024-10-17 07:38:00,1729150680.0,152.17,152.25,152.16,152.25,523.733
2024-10-17 07:39:00,1729150740.0,152.25,152.26,152.15,152.18,489.12
2024-10-17 07:40:00,1729150800.0,152.18,152.2,152.04,152.06,735.505
2024-10-17 07:41:00,1729150860.0,152.05,152.18,152.0,152.18,511.308
2024-10-17 07:42:00,1729150920.0,152.17,152.21,152.12,152.2,770.851
2024-10-17 07:43:00,1729150980.0,152.2,152.3,152.2,152.29,692.512
2024-10-17 07:44:00,1729151040.0,152.3,152.3,152.2,152.26,609.957
2024-10-17 07:45:00,1729151100.0,152.26,152.33,152.21,152.21,1523.855
2024-10-17 07:46:00,1729151160.0,152.21,152.24,152.17,152.2,773.17
2024-10-17 07:47:00,1729151220.0,152.19,152.31,152.19,152.31,290.233
2024-10-17 07:48:00,1729151280.0,152.3,152.51,152.3,152.51,773.675
2024-10-17 07:49:00,1729151340.0,152.5,152.5,152.44,152.46,1162.171
2024-10-17 07:50:00,1729151400.0,152.45,152.45,152.34,152.37,503.177
2024-10-17 07:51:00,1729151460.0,152.38,152.43,152.33,152.42,1215.017
2024-10-17 07:52:00,1729151520.0,152.41,152.42,152.28,152.31,748.718
2024-10-17 07:53:00,1729151580.0,152.32,152.48,152.31,152.47,1471.771
2024-10-17 07:54:00,1729151640.0,152.47,152.47,152.42,152.44,573.783
2024-10-17 07:55:00,1729151700.0,152.44,152.46,152.38,152.46,793.032
2024-10-17 07:56:00,1729151760.0,152.46,152.56,152.45,152.54,1380.177
2024-10-17 07:57:00,1729151820.0,152.54,152.64,152.53,152.64,833.78
2024-10-17 07:58:00,1729151880.0,152.64,152.68,152.6,152.6,1338.601
2024-10-17 07:59:00,1729151940.0,152.61,152.63,152.6,152.61,266.016
2024-10-17 08:00:00,1729152000.0,152.61,152.63,152.54,152.6,2336.946
2024-10-17 08:01:00,1729152060.0,152.61,152.79,152.6,152.69,3502.306
2024-10-17 08:02:00,1729152120.0,152.69,152.9,152.69,152.85,12038.367
2024-10-17 08:03:00,1729152180.0,152.85,152.91,152.76,152.79,3809.792
2024-10-17 08:04:00,1729152240.0,152.8,152.86,152.67,152.68,963.45
2024-10-17 08:05:00,1729152300.0,152.68,152.77,152.65,152.75,992.343
2024-10-17 08:06:00,1729152360.0,152.75,152.75,152.61,152.69,1174.555
2024-10-17 08:07:00,1729152420.0,152.68,152.68,152.5,152.5,917.649
2024-10-17 08:08:00,1729152480.0,152.51,152.51,152.47,152.5,343.333
2024-10-17 08:09:00,1729152540.0,152.49,152.54,152.4,152.41,684.505
2024-10-17 08:10:00,1729152600.0,152.41,152.46,152.24,152.25,1370.187
2024-10-17 08:11:00,1729152660.0,152.26,152.4,152.22,152.38,975.975
2024-10-17 08:12:00,1729152720.0,152.38,152.38,152.2,152.21,1473.32
2024-10-17 08:13:00,1729152780.0,152.21,152.27,152.2,152.21,2262.24
2024-10-17 08:14:00,1729152840.0,152.22,152.23,152.15,152.2,2317.033
2024-10-17 08:15:00,1729152900.0,152.2,152.29,152.18,152.23,1368.455
2024-10-17 08:16:00,1729152960.0,152.23,152.48,152.14,152.48,1075.633
2024-10-17 08:17:00,1729153020.0,152.49,152.59,152.43,152.56,1339.927
2024-10-17 08:18:00,1729153080.0,152.57,152.63,152.37,152.45,3746.786
2024-10-17 08:19:00,1729153140.0,152.45,152.46,152.31,152.4,1748.236
2024-10-17 08:20:00,1729153200.0,152.41,152.45,152.33,152.38,746.865
2024-10-17 08:21:00,1729153260.0,152.37,152.53,152.34,152.49,1575.26
2024-10-17 08:22:00,1729153320.0,152.49,152.49,152.17,152.21,2319.99
2024-10-17 08:23:00,1729153380.0,152.2,152.32,152.14,152.32,2211.206
2024-10-17 08:24:00,1729153440.0,152.32,152.42,152.31,152.42,1209.857
2024-10-17 08:25:00,1729153500.0,152.41,152.49,152.37,152.45,619.788
2024-10-17 08:26:00,1729153560.0,152.45,152.48,152.38,152.44,509.99
2024-10-17 08:27:00,1729153620.0,152.43,152.5,152.35,152.5,594.663
2024-10-17 08:28:00,1729153680.0,152.49,152.56,152.47,152.51,3050.88
2024-10-17 08:29:00,1729153740.0,152.51,152.55,152.5,152.53,794.918
2024-10-17 08:30:00,1729153800.0,152.54,152.58,152.5,152.56,419.892
2024-10-17 08:31:00,1729153860.0,152.56,152.6,152.49,152.54,1001.081
2024-10-17 08:32:00,1729153920.0,152.55,152.65,152.55,152.61,1224.243
2024-10-17 08:33:00,1729153980.0,152.6,152.64,152.59,152.63,392.822
2024-10-17 08:34:00,1729154040.0,152.64,152.66,152.6,152.66,665.743
2024-10-17 08:35:00,1729154100.0,152.66,152.66,152.47,152.5,1177.279
2024-10-17 08:36:00,1729154160.0,152.5,152.56,152.46,152.56,1057.938
2024-10-17 08:37:00,1729154220.0,152.55,152.83,152.5,152.72,4564.654
2024-10-17 08:38:00,1729154280.0,152.72,152.81,152.72,152.73,1039.42
2024-10-17 08:39:00,1729154340.0,152.73,152.76,152.61,152.61,1642.553
2024-10-17 08:40:00,1729154400.0,152.62,152.7,152.57,152.7,1547.62
2024-10-17 08:41:00,1729154460.0,152.7,152.7,152.61,152.66,925.395
2024-10-17 08:42:00,1729154520.0,152.67,152.71,152.67,152.68,254.314
2024-10-17 08:43:00,1729154580.0,152.68,152.68,152.6,152.63,690.695
2024-10-17 08:44:00,1729154640.0,152.62,152.7,152.62,152.7,366.693
2024-10-17 08:45:00,1729154700.0,152.7,152.84,152.7,152.84,1467.349
2024-10-17 08:46:00,1729154760.0,152.83,152.91,152.81,152.9,832.846
2024-10-17 08:47:00,1729154820.0,152.89,153.16,152.82,153.13,4064.128
2024-10-17 08:48:00,1729154880.0,153.14,153.17,153.03,153.09,2582.789
2024-10-17 08:49:00,1729154940.0,153.09,153.12,153.01,153.04,1268.844
2024-10-17 08:50:00,1729155000.0,153.03,153.06,152.99,153.05,617.709
2024-10-17 08:51:00,1729155060.0,153.05,153.1,153.05,153.06,229.542
2024-10-17 08:52:00,1729155120.0,153.07,153.14,153.05,153.13,1260.179
2024-10-17 08:53:00,1729155180.0,153.13,153.18,153.09,153.17,1498.408
2024-10-17 08:54:00,1729155240.0,153.17,153.17,153.11,153.15,647.878
2024-10-17 08:55:00,1729155300.0,153.14,153.19,153.04,153.18,1779.38
2024-10-17 08:56:00,1729155360.0,153.18,153.2,153.06,153.07,417.259
2024-10-17 08:57:00,1729155420.0,153.07,153.26,153.07,153.24,2978.414
2024-10-17 08:58:00,1729155480.0,153.24,153.28,153.22,153.24,1385.687
2024-10-17 08:59:00,1729155540.0,153.24,153.28,153.22,153.23,1590.029
2024-10-17 09:00:00,1729155600.0,153.23,153.26,153.13,153.13,2082.531
2024-10-17 09:01:00,1729155660.0,153.13,153.28,153.12,153.25,1228.313
2024-10-17 09:02:00,1729155720.0,153.25,153.4,153.24,153.35,4393.129
2024-10-17 09:03:00,1729155780.0,153.35,153.42,153.33,153.38,9615.501
2024-10-17 09:04:00,1729155840.0,153.39,153.45,153.35,153.39,2401.876
2024-10-17 09:05:00,1729155900.0,153.38,153.47,153.36,153.38,1553.893
2024-10-17 09:06:00,1729155960.0,153.38,153.39,153.3,153.3,796.454
2024-10-17 09:07:00,1729156020.0,153.31,153.41,153.25,153.25,438.029
2024-10-17 09:08:00,1729156080.0,153.25,153.25,153.14,153.14,517.086
2024-10-17 09:09:00,1729156140.0,153.14,153.17,153.11,153.12,1048.422
2024-10-17 09:10:00,1729156200.0,153.12,153.3,153.11,153.23,9527.504
2024-10-17 09:11:00,1729156260.0,153.23,153.29,153.21,153.23,1282.312
2024-10-17 09:12:00,1729156320.0,153.22,153.28,153.22,153.23,395.215
2024-10-17 09:13:00,1729156380.0,153.22,153.22,153.16,153.16,410.194
2024-10-17 09:14:00,1729156440.0,153.16,153.23,153.16,153.19,374.36
2024-10-17 09:15:00,1729156500.0,153.2,153.29,153.15,153.16,871.855
2024-10-17 09:16:00,1729156560.0,153.16,153.32,153.16,153.32,578.129
2024-10-17 09:17:00,1729156620.0,153.32,153.4,153.25,153.26,744.037
2024-10-17 09:18:00,1729156680.0,153.27,153.37,153.23,153.26,1124.294
2024-10-17 09:19:00,1729156740.0,153.25,153.28,153.21,153.24,274.973
2024-10-17 09:20:00,1729156800.0,153.24,153.3,153.23,153.29,379.141
2024-10-17 09:21:00,1729156860.0,153.29,153.35,153.19,153.19,1355.621
2024-10-17 09:22:00,1729156920.0,153.2,153.24,153.15,153.24,904.701
2024-10-17 09:23:00,1729156980.0,153.24,153.25,153.2,153.22,430.384
2024-10-17 09:24:00,1729157040.0,153.23,153.24,153.13,153.14,562.461
2024-10-17 09:25:00,1729157100.0,153.14,153.24,153.13,153.19,2002.651
2024-10-17 09:26:00,1729157160.0,153.2,153.21,153.11,153.12,301.501
2024-10-17 09:27:00,1729157220.0,153.11,153.12,153.03,153.03,577.589
2024-10-17 09:28:00,1729157280.0,153.03,153.19,153.03,153.12,1071.91
2024-10-17 09:29:00,1729157340.0,153.12,153.21,153.09,153.14,1479.386
2024-10-17 09:30:00,1729157400.0,153.15,153.15,152.86,153.03,14033.254
2024-10-17 09:31:00,1729157460.0,153.02,153.02,152.87,152.92,2347.486
2024-10-17 09:32:00,1729157520.0,152.91,153.02,152.91,153.0,468.261
2024-10-17 09:33:00,1729157580.0,153.0,153.11,152.96,152.97,1336.397
2024-10-17 09:34:00,1729157640.0,152.97,152.97,152.85,152.86,516.849
2024-10-17 09:35:00,1729157700.0,152.86,152.96,152.84,152.93,1697.449
2024-10-17 09:36:00,1729157760.0,152.93,152.99,152.92,152.96,1071.539
2024-10-17 09:37:00,1729157820.0,152.96,152.96,152.87,152.87,569.769
2024-10-17 09:38:00,1729157880.0,152.86,152.86,152.81,152.85,1903.656
2024-10-17 09:39:00,1729157940.0,152.85,152.94,152.83,152.93,1451.468
2024-10-17 09:40:00,1729158000.0,152.93,153.04,152.92,152.98,956.277
2024-10-17 09:41:00,1729158060.0,152.99,152.99,152.93,152.93,346.331
2024-10-17 09:42:00,1729158120.0,152.93,152.94,152.88,152.91,695.834
2024-10-17 09:43:00,1729158180.0,152.92,153.06,152.9,153.05,380.894
2024-10-17 09:44:00,1729158240.0,153.06,153.08,153.05,153.07,787.488
2024-10-17 09:45:00,1729158300.0,153.08,153.13,153.04,153.13,1461.884
2024-10-17 09:46:00,1729158360.0,153.13,153.17,153.07,153.07,1319.372
2024-10-17 09:47:00,1729158420.0,153.07,153.07,153.01,153.03,499.484
2024-10-17 09:48:00,1729158480.0,153.03,153.09,153.02,153.06,858.86
2024-10-17 09:49:00,1729158540.0,153.06,153.12,153.05,153.11,366.645
2024-10-17 09:50:00,1729158600.0,153.12,153.12,153.0,153.0,957.264
2024-10-17 09:51:00,1729158660.0,153.0,153.01,152.89,152.99,2091.765
2024-10-17 09:52:00,1729158720.0,153.0,153.0,152.97,152.97,153.894
2024-10-17 09:53:00,1729158780.0,152.98,153.13,152.97,153.13,961.948
2024-10-17 09:54:00,1729158840.0,153.13,153.17,153.06,153.16,756.708
2024-10-17 09:55:00,1729158900.0,153.17,153.18,153.11,153.14,522.925
2024-10-17 09:56:00,1729158960.0,153.14,153.14,153.09,153.13,966.136
2024-10-17 09:57:00,1729159020.0,153.12,153.14,153.05,153.05,817.492
2024-10-17 09:58:00,1729159080.0,153.05,153.09,153.05,153.06,223.167
2024-10-17 09:59:00,1729159140.0,153.05,153.07,153.04,153.05,297.491
2024-10-17 10:00:00,1729159200.0,153.06,153.11,153.01,153.11,1547.143
2024-10-17 10:01:00,1729159260.0,153.1,153.2,153.06,153.19,1800.923
2024-10-17 10:02:00,1729159320.0,153.19,153.27,153.14,153.26,1587.078
2024-10-17 10:03:00,1729159380.0,153.25,153.27,153.19,153.27,573.971
2024-10-17 10:04:00,1729159440.0,153.28,153.32,153.16,153.17,2279.903
2024-10-17 10:05:00,1729159500.0,153.17,153.2,153.11,153.12,803.121
2024-10-17 10:06:00,1729159560.0,153.12,153.16,153.0,153.03,2594.648
2024-10-17 10:07:00,1729159620.0,153.04,153.1,153.04,153.07,736.691
2024-10-17 10:08:00,1729159680.0,153.08,153.11,153.03,153.05,577.03
2024-10-17 10:09:00,1729159740.0,153.04,153.05,153.0,153.02,1049.548
2024-10-17 10:10:00,1729159800.0,153.02,153.02,152.87,152.87,796.579
2024-10-17 10:11:00,1729159860.0,152.87,152.87,152.76,152.78,1597.03
2024-10-17 10:12:00,1729159920.0,152.77,152.84,152.73,152.75,1132.594
2024-10-17 10:13:00,1729159980.0,152.75,152.82,152.74,152.76,765.293
2024-10-17 10:14:00,1729160040.0,152.77,152.77,152.72,152.73,513.727
2024-10-17 10:15:00,1729160100.0,152.73,152.74,152.66,152.74,1229.183
2024-10-17 10:16:00,1729160160.0,152.74,152.74,152.57,152.59,2194.624
2024-10-17 10:17:00,1729160220.0,152.58,152.59,152.41,152.5,5264.16
2024-10-17 10:18:00,1729160280.0,152.51,152.52,152.41,152.43,1205.301
2024-10-17 10:19:00,1729160340.0,152.43,152.78,152.43,152.78,1311.317
2024-10-17 10:20:00,1729160400.0,152.77,152.81,152.7,152.8,917.358
2024-10-17 10:21:00,1729160460.0,152.81,152.91,152.76,152.76,2047.385
2024-10-17 10:22:00,1729160520.0,152.77,152.78,152.68,152.68,663.757
2024-10-17 10:23:00,1729160580.0,152.69,152.73,152.6,152.61,544.955
2024-10-17 10:24:00,1729160640.0,152.61,152.64,152.58,152.64,294.283
2024-10-17 10:25:00,1729160700.0,152.63,152.65,152.41,152.46,3546.138
2024-10-17 10:26:00,1729160760.0,152.46,152.46,152.38,152.38,2394.47
2024-10-17 10:27:00,1729160820.0,152.38,152.39,152.2,152.21,1369.555
2024-10-17 10:28:00,1729160880.0,152.22,152.27,152.19,152.25,2128.656
2024-10-17 10:29:00,1729160940.0,152.24,152.27,152.18,152.21,948.15
2024-10-17 10:30:00,1729161000.0,152.21,152.28,152.21,152.22,1753.192
2024-10-17 10:31:00,1729161060.0,152.22,152.22,151.89,152.02,7042.705
2024-10-17 10:32:00,1729161120.0,152.01,152.01,151.74,151.79,4102.479
2024-10-17 10:33:00,1729161180.0,151.79,151.88,151.65,151.65,3979.603
2024-10-17 10:34:00,1729161240.0,151.65,151.73,151.4,151.55,7684.05
2024-10-17 10:35:00,1729161300.0,151.55,151.66,151.3,151.5,7006.599
2024-10-17 10:36:00,1729161360.0,151.5,151.72,151.49,151.63,2960.825
2024-10-17 10:37:00,1729161420.0,151.62,151.76,151.51,151.64,3175.349
2024-10-17 10:38:00,1729161480.0,151.64,151.85,151.63,151.78,3400.136
2024-10-17 10:39:00,1729161540.0,151.77,151.84,151.68,151.68,1045.896
2024-10-17 10:40:00,1729161600.0,151.69,151.81,151.69,151.72,1229.825
2024-10-17 10:41:00,1729161660.0,151.73,151.85,151.7,151.84,793.315
2024-10-17 10:42:00,1729161720.0,151.85,151.96,151.84,151.95,1378.472
2024-10-17 10:43:00,1729161780.0,151.96,152.04,151.87,151.87,1978.535
2024-10-17 10:44:00,1729161840.0,151.87,151.91,151.8,151.89,1786.161
2024-10-17 10:45:00,1729161900.0,151.89,151.92,151.76,151.92,1721.463
2024-10-17 10:46:00,1729161960.0,151.92,152.22,151.92,152.22,1391.308
2024-10-17 10:47:00,1729162020.0,152.22,152.33,152.21,152.25,2068.343
2024-10-17 10:48:00,1729162080.0,152.25,152.31,152.2,152.25,5876.624
2024-10-17 10:49:00,1729162140.0,152.24,152.37,152.24,152.29,1000.795
2024-10-17 10:50:00,1729162200.0,152.29,152.35,152.22,152.28,701.2
2024-10-17 10:51:00,1729162260.0,152.28,152.32,152.13,152.15,948.456
2024-10-17 10:52:00,1729162320.0,152.15,152.15,152.04,152.11,857.245
2024-10-17 10:53:00,1729162380.0,152.11,152.2,152.1,152.2,929.56
2024-10-17 10:54:00,1729162440.0,152.2,152.39,152.2,152.38,3453.419
2024-10-17 10:55:00,1729162500.0,152.39,152.44,152.38,152.43,610.193
2024-10-17 10:56:00,1729162560.0,152.43,152.44,152.38,152.38,493.162
2024-10-17 10:57:00,1729162620.0,152.38,152.47,152.35,152.46,1006.917
2024-10-17 10:58:00,1729162680.0,152.46,152.53,152.45,152.53,983.549
2024-10-17 10:59:00,1729162740.0,152.53,152.55,152.4,152.41,567.672
2024-10-17 11:00:00,1729162800.0,152.42,152.49,152.37,152.46,505.29
2024-10-17 11:01:00,1729162860.0,152.47,152.59,152.45,152.51,649.04
2024-10-17 11:02:00,1729162920.0,152.51,152.53,152.35,152.38,1143.163
2024-10-17 11:03:00,1729162980.0,152.37,152.37,152.25,152.26,814.725
2024-10-17 11:04:00,1729163040.0,152.25,152.29,152.18,152.29,1211.478
2024-10-17 11:05:00,1729163100.0,152.29,152.33,152.25,152.3,330.699
2024-10-17 11:06:00,1729163160.0,152.3,152.43,152.3,152.4,1045.972
2024-10-17 11:07:00,1729163220.0,152.41,152.45,152.31,152.35,775.083
2024-10-17 11:08:00,1729163280.0,152.35,152.35,152.18,152.19,608.178
2024-10-17 11:09:00,1729163340.0,152.18,152.26,152.18,152.25,2470.211
2024-10-17 11:10:00,1729163400.0,152.25,152.3,152.24,152.24,546.59
2024-10-17 11:11:00,1729163460.0,152.24,152.27,152.2,152.21,639.574
2024-10-17 11:12:00,1729163520.0,152.22,152.3,152.2,152.21,577.497
2024-10-17 11:13:00,1729163580.0,152.2,152.28,152.17,152.27,546.426
2024-10-17 11:14:00,1729163640.0,152.27,152.27,152.14,152.2,650.741
2024-10-17 11:15:00,1729163700.0,152.19,152.19,151.95,151.95,1476.816
2024-10-17 11:16:00,1729163760.0,151.94,152.02,151.82,151.83,2239.856
2024-10-17 11:17:00,1729163820.0,151.83,151.83,151.5,151.66,8310.912
2024-10-17 11:18:00,1729163880.0,151.65,151.72,151.58,151.59,1026.884
2024-10-17 11:19:00,1729163940.0,151.6,151.69,151.58,151.66,1227.851
2024-10-17 11:20:00,1729164000.0,151.66,151.81,151.58,151.75,2806.172
2024-10-17 11:21:00,1729164060.0,151.74,151.77,151.68,151.72,1689.427
2024-10-17 11:22:00,1729164120.0,151.72,151.72,151.62,151.66,1553.843
2024-10-17 11:23:00,1729164180.0,151.66,151.66,151.55,151.65,1039.753
2024-10-17 11:24:00,1729164240.0,151.65,151.79,151.62,151.63,1434.417
2024-10-17 11:25:00,1729164300.0,151.63,151.68,151.58,151.61,1598.487
2024-10-17 11:26:00,1729164360.0,151.61,151.67,151.57,151.6,1899.212
2024-10-17 11:27:00,1729164420.0,151.6,151.73,151.52,151.68,8101.423
2024-10-17 11:28:00,1729164480.0,151.67,151.72,151.56,151.57,2101.74
2024-10-17 11:29:00,1729164540.0,151.56,151.67,151.53,151.64,1752.324
2024-10-17 11:30:00,1729164600.0,151.64,151.72,151.61,151.7,2670.421
2024-10-17 11:31:00,1729164660.0,151.7,151.7,151.59,151.6,975.861
2024-10-17 11:32:00,1729164720.0,151.59,151.89,151.39,151.88,4281.796
2024-10-17 11:33:00,1729164780.0,151.88,151.96,151.78,151.79,2575.376
2024-10-17 11:34:00,1729164840.0,151.79,151.93,151.79,151.83,771.12
2024-10-17 11:35:00,1729164900.0,151.82,151.95,151.78,151.83,568.172
2024-10-17 11:36:00,1729164960.0,151.83,152.04,151.8,152.03,1066.669
2024-10-17 11:37:00,1729165020.0,152.03,152.04,151.83,151.85,1024.174
2024-10-17 11:38:00,1729165080.0,151.84,151.87,151.79,151.87,1214.109
2024-10-17 11:39:00,1729165140.0,151.87,151.87,151.77,151.84,1142.721
2024-10-17 11:40:00,1729165200.0,151.83,151.86,151.79,151.79,878.769
2024-10-17 11:41:00,1729165260.0,151.79,151.83,151.55,151.58,1286.914
2024-10-17 11:42:00,1729165320.0,151.57,151.57,151.37,151.37,2443.471
2024-10-17 11:43:00,1729165380.0,151.38,151.39,151.24,151.35,2409.605
2024-10-17 11:44:00,1729165440.0,151.34,151.36,151.2,151.3,2880.038
2024-10-17 11:45:00,1729165500.0,151.3,151.4,151.27,151.37,1082.493
2024-10-17 11:46:00,1729165560.0,151.38,151.42,151.3,151.34,860.54
2024-10-17 11:47:00,1729165620.0,151.34,151.49,151.34,151.36,728.832
2024-10-17 11:48:00,1729165680.0,151.36,151.41,151.33,151.33,644.598
2024-10-17 11:49:00,1729165740.0,151.34,151.34,151.12,151.16,2508.082
2024-10-17 11:50:00,1729165800.0,151.15,151.23,151.11,151.22,1492.077
2024-10-17 11:51:00,1729165860.0,151.23,151.49,151.23,151.46,1443.947
2024-10-17 11:52:00,1729165920.0,151.46,151.46,151.25,151.31,507.763
2024-10-17 11:53:00,1729165980.0,151.31,151.44,151.18,151.19,1545.382
2024-10-17 11:54:00,1729166040.0,151.19,151.23,151.15,151.21,2438.68
2024-10-17 11:55:00,1729166100.0,151.21,151.42,151.21,151.39,2562.313
2024-10-17 11:56:00,1729166160.0,151.4,151.43,151.35,151.4,1000.915
2024-10-17 11:57:00,1729166220.0,151.4,151.41,151.36,151.41,2008.939
2024-10-17 11:58:00,1729166280.0,151.41,151.44,151.36,151.38,790.48
2024-10-17 11:59:00,1729166340.0,151.37,151.38,151.28,151.31,751.946
2024-10-17 12:00:00,1729166400.0,151.31,151.37,151.12,151.16,3997.374
2024-10-17 12:01:00,1729166460.0,151.15,151.21,151.03,151.17,2856.262
2024-10-17 12:02:00,1729166520.0,151.17,151.6,151.14,151.6,2706.007
2024-10-17 12:03:00,1729166580.0,151.6,151.68,151.5,151.58,1825.863
2024-10-17 12:04:00,1729166640.0,151.57,151.66,151.56,151.61,1133.8
2024-10-17 12:05:00,1729166700.0,151.6,151.76,151.58,151.65,1224.655
2024-10-17 12:06:00,1729166760.0,151.64,151.77,151.61,151.76,1375.842
2024-10-17 12:07:00,1729166820.0,151.77,151.77,151.63,151.63,741.727
2024-10-17 12:08:00,1729166880.0,151.64,151.73,151.63,151.69,1508.06
2024-10-17 12:09:00,1729166940.0,151.69,151.72,151.6,151.63,1036.387
2024-10-17 12:10:00,1729167000.0,151.64,151.68,151.57,151.62,2000.727
2024-10-17 12:11:00,1729167060.0,151.62,151.64,151.55,151.55,482.28
2024-10-17 12:12:00,1729167120.0,151.55,151.67,151.55,151.61,635.776
2024-10-17 12:13:00,1729167180.0,151.61,151.63,151.51,151.61,1109.339
2024-10-17 12:14:00,1729167240.0,151.6,151.61,151.51,151.52,276.451
2024-10-17 12:15:00,1729167300.0,151.52,151.6,151.23,151.6,2608.183
2024-10-17 12:16:00,1729167360.0,151.59,151.82,151.58,151.58,1863.607
2024-10-17 12:17:00,1729167420.0,151.58,151.65,151.5,151.51,882.859
2024-10-17 12:18:00,1729167480.0,151.51,151.63,151.51,151.63,1130.069
2024-10-17 12:19:00,1729167540.0,151.63,151.85,151.63,151.76,1456.893
2024-10-17 12:20:00,1729167600.0,151.76,151.96,151.72,151.96,1573.304
2024-10-17 12:21:00,1729167660.0,151.96,152.0,151.85,151.9,3123.541
2024-10-17 12:22:00,1729167720.0,151.9,151.9,151.75,151.77,2167.476
2024-10-17 12:23:00,1729167780.0,151.78,151.91,151.77,151.78,1484.305
2024-10-17 12:24:00,1729167840.0,151.79,151.79,151.61,151.65,1463.444
2024-10-17 12:25:00,1729167900.0,151.65,151.9,151.6,151.89,985.29
2024-10-17 12:26:00,1729167960.0,151.9,151.92,151.76,151.76,906.177
2024-10-17 12:27:00,1729168020.0,151.77,151.86,151.77,151.8,2085.513
2024-10-17 12:28:00,1729168080.0,151.8,151.86,151.7,151.76,1674.146
2024-10-17 12:29:00,1729168140.0,151.77,151.85,151.76,151.78,1065.201
2024-10-17 12:30:00,1729168200.0,151.79,151.92,151.7,151.8,2562.955
2024-10-17 12:31:00,1729168260.0,151.8,152.09,151.77,152.08,1581.222
2024-10-17 12:32:00,1729168320.0,152.07,152.27,152.07,152.22,6053.501
2024-10-17 12:33:00,1729168380.0,152.21,152.25,152.08,152.19,1171.263
2024-10-17 12:34:00,1729168440.0,152.2,152.3,152.17,152.25,5182.763
2024-10-17 12:35:00,1729168500.0,152.24,152.24,151.75,151.8,2045.294
2024-10-17 12:36:00,1729168560.0,151.81,152.07,151.79,152.07,1405.066
2024-10-17 12:37:00,1729168620.0,152.07,152.18,152.02,152.17,1216.011
2024-10-17 12:38:00,1729168680.0,152.18,152.32,152.18,152.26,6513.089
2024-10-17 12:39:00,1729168740.0,152.27,152.42,152.26,152.35,2111.733
2024-10-17 12:40:00,1729168800.0,152.34,152.39,152.09,152.21,1602.176
2024-10-17 12:41:00,1729168860.0,152.22,152.3,152.2,152.3,904.662
2024-10-17 12:42:00,1729168920.0,152.3,152.4,152.29,152.36,597.522
2024-10-17 12:43:00,1729168980.0,152.36,152.36,152.24,152.33,809.888
2024-10-17 12:44:00,1729169040.0,152.32,152.32,152.28,152.29,721.341
2024-10-17 12:45:00,1729169100.0,152.29,152.34,152.15,152.22,840.709
2024-10-17 12:46:00,1729169160.0,152.21,152.38,152.2,152.31,1236.692
2024-10-17 12:47:00,1729169220.0,152.3,152.33,152.21,152.21,803.499
2024-10-17 12:48:00,1729169280.0,152.21,152.28,152.1,152.1,674.484
2024-10-17 12:49:00,1729169340.0,152.11,152.22,152.08,152.13,973.2
2024-10-17 12:50:00,1729169400.0,152.14,152.22,152.07,152.09,1089.738
2024-10-17 12:51:00,1729169460.0,152.09,152.1,151.96,151.99,913.994
2024-10-17 12:52:00,1729169520.0,151.99,152.03,151.96,151.97,567.829
2024-10-17 12:53:00,1729169580.0,151.98,152.09,151.98,152.03,895.917
2024-10-17 12:54:00,1729169640.0,152.03,152.11,152.02,152.11,465.633
2024-10-17 12:55:00,1729169700.0,152.1,152.27,152.1,152.15,1250.185
2024-10-17 12:56:00,1729169760.0,152.15,152.25,152.12,152.18,815.65
2024-10-17 12:57:00,1729169820.0,152.19,152.29,152.11,152.29,1763.609
2024-10-17 12:58:00,1729169880.0,152.3,152.43,152.3,152.42,1062.383
2024-10-17 12:59:00,1729169940.0,152.43,152.54,152.43,152.53,1901.025
2024-10-17 13:00:00,1729170000.0,152.53,152.64,152.51,152.64,1197.41
2024-10-17 13:01:00,1729170060.0,152.65,152.77,152.61,152.62,4061.14
2024-10-17 13:02:00,1729170120.0,152.61,152.73,152.61,152.65,1190.529
2024-10-17 13:03:00,1729170180.0,152.65,152.66,152.45,152.46,2218.458
2024-10-17 13:04:00,1729170240.0,152.46,152.48,152.34,152.34,2043.672
2024-10-17 13:05:00,1729170300.0,152.35,152.35,152.27,152.29,1215.29
2024-10-17 13:06:00,1729170360.0,152.29,152.6,152.28,152.6,1041.933
2024-10-17 13:07:00,1729170420.0,152.59,152.69,152.5,152.62,1345.395
2024-10-17 13:08:00,1729170480.0,152.62,152.68,152.43,152.63,2085.98
2024-10-17 13:09:00,1729170540.0,152.64,152.64,152.57,152.64,1351.068
2024-10-17 13:10:00,1729170600.0,152.64,152.64,152.48,152.5,574.178
2024-10-17 13:11:00,1729170660.0,152.5,152.56,152.46,152.54,939.794
2024-10-17 13:12:00,1729170720.0,152.54,152.54,152.42,152.44,600.344
2024-10-17 13:13:00,1729170780.0,152.44,152.49,152.42,152.43,375.595
2024-10-17 13:14:00,1729170840.0,152.43,152.53,152.42,152.48,429.412
2024-10-17 13:15:00,1729170900.0,152.47,152.54,152.45,152.48,419.831
2024-10-17 13:16:00,1729170960.0,152.48,152.51,152.25,152.25,943.492
2024-10-17 13:17:00,1729171020.0,152.25,152.25,152.05,152.05,1519.014
2024-10-17 13:18:00,1729171080.0,152.06,152.13,152.05,152.09,572.788
2024-10-17 13:19:00,1729171140.0,152.1,152.25,152.08,152.2,683.455
2024-10-17 13:20:00,1729171200.0,152.21,152.27,152.18,152.21,627.982
2024-10-17 13:21:00,1729171260.0,152.22,152.43,152.22,152.34,330.583
2024-10-17 13:22:00,1729171320.0,152.35,152.36,152.26,152.34,791.58
2024-10-17 13:23:00,1729171380.0,152.35,152.39,152.32,152.35,1111.74
2024-10-17 13:24:00,1729171440.0,152.34,152.4,152.3,152.37,414.907
2024-10-17 13:25:00,1729171500.0,152.37,152.43,152.3,152.3,594.046
2024-10-17 13:26:00,1729171560.0,152.3,152.41,152.28,152.41,780.308
2024-10-17 13:27:00,1729171620.0,152.41,152.57,152.41,152.54,1020.406
2024-10-17 13:28:00,1729171680.0,152.54,152.56,152.48,152.49,564.789
2024-10-17 13:29:00,1729171740.0,152.48,152.55,152.47,152.51,383.771
2024-10-17 13:30:00,1729171800.0,152.5,152.5,152.21,152.21,1382.185
2024-10-17 13:31:00,1729171860.0,152.2,152.44,152.17,152.32,1261.727
2024-10-17 13:32:00,1729171920.0,152.33,152.37,152.23,152.34,732.229
2024-10-17 13:33:00,1729171980.0,152.33,152.33,151.98,151.98,1376.554
2024-10-17 13:34:00,1729172040.0,151.98,152.05,151.87,152.04,3623.239
2024-10-17 13:35:00,1729172100.0,152.03,152.03,151.71,151.71,3065.445
2024-10-17 13:36:00,1729172160.0,151.71,151.75,151.35,151.43,6929.259
2024-10-17 13:37:00,1729172220.0,151.43,151.78,151.41,151.78,1974.735
2024-10-17 13:38:00,1729172280.0,151.78,151.8,151.57,151.7,1853.323
2024-10-17 13:39:00,1729172340.0,151.69,152.0,151.63,151.96,1783.274
2024-10-17 13:40:00,1729172400.0,151.95,152.55,151.93,152.43,4347.121
2024-10-17 13:41:00,1729172460.0,152.42,152.62,152.31,152.31,6230.894
2024-10-17 13:42:00,1729172520.0,152.3,152.65,152.25,152.55,2781.023
2024-10-17 13:43:00,1729172580.0,152.56,153.0,152.56,152.81,6979.234
2024-10-17 13:44:00,1729172640.0,152.8,152.96,152.74,152.87,1913.961
2024-10-17 13:45:00,1729172700.0,152.87,153.25,152.76,153.24,4095.361
2024-10-17 13:46:00,1729172760.0,153.24,153.24,152.89,153.04,4845.16
2024-10-17 13:47:00,1729172820.0,153.05,153.19,153.0,153.18,3965.478
2024-10-17 13:48:00,1729172880.0,153.19,153.23,153.07,153.15,1896.897
2024-10-17 13:49:00,1729172940.0,153.15,153.19,153.02,153.05,1173.647
2024-10-17 13:50:00,1729173000.0,153.04,153.07,152.81,152.81,1559.072
2024-10-17 13:51:00,1729173060.0,152.8,152.87,152.45,152.48,3101.106
2024-10-17 13:52:00,1729173120.0,152.48,152.75,152.45,152.73,2242.075
2024-10-17 13:53:00,1729173180.0,152.74,152.86,152.54,152.71,1158.263
2024-10-17 13:54:00,1729173240.0,152.71,152.75,152.6,152.7,1125.107
2024-10-17 13:55:00,1729173300.0,152.69,152.78,152.61,152.65,688.187
2024-10-17 13:56:00,1729173360.0,152.64,152.71,152.3,152.34,1780.003
2024-10-17 13:57:00,1729173420.0,152.33,152.41,152.27,152.38,1681.807
2024-10-17 13:58:00,1729173480.0,152.39,152.42,152.2,152.25,3565.296
2024-10-17 13:59:00,1729173540.0,152.25,152.25,152.0,152.12,1820.679
2024-10-17 14:00:00,1729173600.0,152.12,152.28,151.99,152.11,1818.488
2024-10-17 14:01:00,1729173660.0,152.11,152.11,151.69,151.71,2680.613
2024-10-17 14:02:00,1729173720.0,151.71,151.8,151.52,151.75,4558.318
2024-10-17 14:03:00,1729173780.0,151.75,152.07,151.75,151.79,3902.482
2024-10-17 14:04:00,1729173840.0,151.79,151.95,151.6,151.6,2968.302
2024-10-17 14:05:00,1729173900.0,151.6,151.63,151.27,151.49,6553.491
2024-10-17 14:06:00,1729173960.0,151.49,151.59,151.27,151.44,4528.304
2024-10-17 14:07:00,1729174020.0,151.44,151.54,151.19,151.2,7521.285
2024-10-17 14:08:00,1729174080.0,151.2,151.57,151.2,151.52,3683.554
2024-10-17 14:09:00,1729174140.0,151.52,151.66,151.43,151.49,2788.226
2024-10-17 14:10:00,1729174200.0,151.49,151.51,151.27,151.35,1523.653
2024-10-17 14:11:00,1729174260.0,151.34,151.6,151.32,151.51,1581.953
2024-10-17 14:12:00,1729174320.0,151.52,151.76,151.5,151.74,3406.092
2024-10-17 14:13:00,1729174380.0,151.75,151.94,151.64,151.66,3226.691
2024-10-17 14:14:00,1729174440.0,151.66,152.01,151.66,152.0,1382.304
2024-10-17 14:15:00,1729174500.0,151.99,151.99,151.77,151.86,1580.216
2024-10-17 14:16:00,1729174560.0,151.86,152.0,151.71,151.72,1535.974
2024-10-17 14:17:00,1729174620.0,151.72,151.97,151.71,151.97,1220.398
2024-10-17 14:18:00,1729174680.0,151.96,151.96,151.78,151.85,1540.105
2024-10-17 14:19:00,1729174740.0,151.84,151.86,151.7,151.75,1547.386
2024-10-17 14:20:00,1729174800.0,151.75,152.12,151.71,152.12,2053.261
2024-10-17 14:21:00,1729174860.0,152.12,152.3,152.07,152.29,1342.206
2024-10-17 14:22:00,1729174920.0,152.28,152.34,152.16,152.33,1351.792
2024-10-17 14:23:00,1729174980.0,152.33,152.33,152.17,152.24,920.349
2024-10-17 14:24:00,1729175040.0,152.25,152.28,152.0,152.05,1830.441
2024-10-17 14:25:00,1729175100.0,152.05,152.05,151.8,151.88,3188.359
2024-10-17 14:26:00,1729175160.0,151.87,151.96,151.74,151.75,965.472
2024-10-17 14:27:00,1729175220.0,151.74,151.74,151.37,151.37,2294.176
2024-10-17 14:28:00,1729175280.0,151.37,151.44,151.22,151.34,3085.838
2024-10-17 14:29:00,1729175340.0,151.34,151.66,151.34,151.58,10681.068
2024-10-17 14:30:00,1729175400.0,151.58,151.84,151.41,151.41,2692.681
2024-10-17 14:31:00,1729175460.0,151.41,151.69,151.32,151.61,4052.84
2024-10-17 14:32:00,1729175520.0,151.61,151.7,151.5,151.67,1687.055
2024-10-17 14:33:00,1729175580.0,151.68,151.79,151.51,151.65,2703.166
2024-10-17 14:34:00,1729175640.0,151.64,151.7,151.31,151.31,1557.353
2024-10-17 14:35:00,1729175700.0,151.3,151.31,151.09,151.09,3565.198
2024-10-17 14:36:00,1729175760.0,151.09,151.09,150.77,151.0,23810.133
2024-10-17 14:37:00,1729175820.0,151.0,151.07,150.9,151.06,6244.624
2024-10-17 14:38:00,1729175880.0,151.06,151.28,150.92,151.27,2155.709
2024-10-17 14:39:00,1729175940.0,151.28,151.48,151.27,151.43,3319.564
2024-10-17 14:40:00,1729176000.0,151.42,151.6,151.42,151.53,6788.009
2024-10-17 14:41:00,1729176060.0,151.52,151.8,151.52,151.8,1391.917
2024-10-17 14:42:00,1729176120.0,151.8,151.85,151.52,151.63,1822.018
2024-10-17 14:43:00,1729176180.0,151.63,151.63,151.44,151.45,1175.093
2024-10-17 14:44:00,1729176240.0,151.45,151.45,151.19,151.39,1214.087
2024-10-17 14:45:00,1729176300.0,151.4,151.49,151.2,151.28,2251.461
2024-10-17 14:46:00,1729176360.0,151.28,151.63,151.16,151.6,3131.541
2024-10-17 14:47:00,1729176420.0,151.6,151.63,151.25,151.36,3664.015
2024-10-17 14:48:00,1729176480.0,151.35,151.42,151.25,151.37,5526.022
2024-10-17 14:49:00,1729176540.0,151.38,151.67,151.34,151.66,5748.682
2024-10-17 14:50:00,1729176600.0,151.67,151.7,151.58,151.69,2277.552
2024-10-17 14:51:00,1729176660.0,151.7,151.85,151.68,151.72,1876.854
2024-10-17 14:52:00,1729176720.0,151.73,151.96,151.73,151.77,3307.305
2024-10-17 14:53:00,1729176780.0,151.78,152.05,151.77,152.02,3267.256
2024-10-17 14:54:00,1729176840.0,152.03,152.1,151.96,152.01,1948.181
2024-10-17 14:55:00,1729176900.0,152.0,152.19,151.9,152.17,2448.333
2024-10-17 14:56:00,1729176960.0,152.16,152.16,151.81,151.91,3302.553
2024-10-17 14:57:00,1729177020.0,151.91,151.97,151.85,151.93,1566.251
2024-10-17 14:58:00,1729177080.0,151.93,152.04,151.83,151.92,1845.06
2024-10-17 14:59:00,1729177140.0,151.92,152.0,151.86,151.99,1763.925
2024-10-17 15:00:00,1729177200.0,151.99,152.0,151.7,151.75,1554.871
2024-10-17 15:01:00,1729177260.0,151.75,151.94,151.68,151.91,5825.773
2024-10-17 15:02:00,1729177320.0,151.91,151.99,151.65,151.71,2624.81
2024-10-17 15:03:00,1729177380.0,151.72,152.0,151.57,151.97,2178.617
2024-10-17 15:04:00,1729177440.0,151.98,152.07,151.73,151.74,1585.27
2024-10-17 15:05:00,1729177500.0,151.73,151.73,151.42,151.48,4164.845
2024-10-17 15:06:00,1729177560.0,151.47,151.69,151.45,151.67,3056.836
2024-10-17 15:07:00,1729177620.0,151.67,151.73,151.55,151.68,5533.337
2024-10-17 15:08:00,1729177680.0,151.68,151.81,151.63,151.81,6968.959
2024-10-17 15:09:00,1729177740.0,151.82,151.96,151.81,151.95,1552.86
2024-10-17 15:10:00,1729177800.0,151.96,151.98,151.77,151.8,1516.624
2024-10-17 15:11:00,1729177860.0,151.81,151.81,151.59,151.6,1365.197
2024-10-17 15:12:00,1729177920.0,151.6,151.68,151.47,151.49,1745.309
2024-10-17 15:13:00,1729177980.0,151.48,151.48,151.21,151.21,1192.708
2024-10-17 15:14:00,1729178040.0,151.22,151.34,151.17,151.34,1928.566
2024-10-17 15:15:00,1729178100.0,151.33,151.47,151.32,151.42,1387.032
2024-10-17 15:16:00,1729178160.0,151.42,151.7,151.42,151.69,1987.97
2024-10-17 15:17:00,1729178220.0,151.69,151.77,151.48,151.68,4515.891
2024-10-17 15:18:00,1729178280.0,151.68,151.7,151.51,151.51,727.288
2024-10-17 15:19:00,1729178340.0,151.5,151.5,151.28,151.41,1064.361
2024-10-17 15:20:00,1729178400.0,151.4,151.54,151.31,151.37,846.02
2024-10-17 15:21:00,1729178460.0,151.36,151.62,151.35,151.61,747.529
2024-10-17 15:22:00,1729178520.0,151.61,151.91,151.57,151.82,7042.477
2024-10-17 15:23:00,1729178580.0,151.83,152.01,151.8,151.92,5646.879
2024-10-17 15:24:00,1729178640.0,151.92,152.0,151.9,152.0,1089.184
2024-10-17 15:25:00,1729178700.0,151.99,152.1,151.97,152.09,3409.981
2024-10-17 15:26:00,1729178760.0,152.09,152.11,151.85,151.91,1687.179
2024-10-17 15:27:00,1729178820.0,151.92,152.14,151.9,152.03,6463.866
2024-10-17 15:28:00,1729178880.0,152.04,152.1,151.99,152.07,1540.202
2024-10-17 15:29:00,1729178940.0,152.06,152.19,152.06,152.15,1496.922
2024-10-17 15:30:00,1729179000.0,152.14,152.23,151.98,151.98,1705.657
2024-10-17 15:31:00,1729179060.0,151.99,152.07,151.93,152.04,1491.001
2024-10-17 15:32:00,1729179120.0,152.04,152.12,151.89,151.96,1637.686
2024-10-17 15:33:00,1729179180.0,151.96,152.14,151.85,152.1,1545.686
2024-10-17 15:34:00,1729179240.0,152.1,152.37,152.09,152.31,2605.5
2024-10-17 15:35:00,1729179300.0,152.31,152.35,152.22,152.31,3471.891
2024-10-17 15:36:00,1729179360.0,152.3,153.0,152.26,152.99,11572.916
2024-10-17 15:37:00,1729179420.0,152.98,153.12,152.85,152.92,9297.383
2024-10-17 15:38:00,1729179480.0,152.91,152.99,152.79,152.99,2309.434
2024-10-17 15:39:00,1729179540.0,152.98,153.12,152.79,152.84,3496.267
2024-10-17 15:40:00,1729179600.0,152.85,152.89,152.71,152.83,1874.336
2024-10-17 15:41:00,1729179660.0,152.82,152.91,152.64,152.9,2077.718
2024-10-17 15:42:00,1729179720.0,152.89,152.97,152.68,152.7,1654.596
2024-10-17 15:43:00,1729179780.0,152.69,152.82,152.6,152.79,1495.046
2024-10-17 15:44:00,1729179840.0,152.79,152.79,152.61,152.66,1215.749
2024-10-17 15:45:00,1729179900.0,152.66,152.81,152.41,152.63,1842.208
2024-10-17 15:46:00,1729179960.0,152.63,152.85,152.63,152.84,1393.291
2024-10-17 15:47:00,1729180020.0,152.83,152.93,152.7,152.88,1613.34
2024-10-17 15:48:00,1729180080.0,152.88,152.9,152.75,152.76,1630.133
2024-10-17 15:49:00,1729180140.0,152.76,152.78,152.62,152.69,1277.924
2024-10-17 15:50:00,1729180200.0,152.69,152.72,152.58,152.67,1249.67
2024-10-17 15:51:00,1729180260.0,152.66,152.87,152.61,152.81,1880.276
2024-10-17 15:52:00,1729180320.0,152.8,152.94,152.71,152.9,1198.443
2024-10-17 15:53:00,1729180380.0,152.91,153.0,152.79,152.99,1196.212
2024-10-17 15:54:00,1729180440.0,153.0,153.0,152.89,152.95,6556.075
2024-10-17 15:55:00,1729180500.0,152.94,153.09,152.89,152.94,2882.536
2024-10-17 15:56:00,1729180560.0,152.94,152.96,152.82,152.87,1407.341
2024-10-17 15:57:00,1729180620.0,152.86,152.99,152.69,152.99,948.843
2024-10-17 15:58:00,1729180680.0,152.98,152.98,152.78,152.85,1169.786
2024-10-17 15:59:00,1729180740.0,152.84,152.91,152.8,152.89,1106.21
2024-10-17 16:00:00,1729180800.0,152.89,152.92,152.74,152.75,2402.625
2024-10-17 16:01:00,1729180860.0,152.74,152.82,152.59,152.7,1366.998
2024-10-17 16:02:00,1729180920.0,152.7,152.83,152.63,152.66,1857.271
2024-10-17 16:03:00,1729180980.0,152.66,152.66,152.42,152.45,1431.933
2024-10-17 16:04:00,1729181040.0,152.45,152.46,152.3,152.37,2106.191
2024-10-17 16:05:00,1729181100.0,152.37,152.52,152.34,152.46,2249.124
2024-10-17 16:06:00,1729181160.0,152.46,152.59,152.44,152.54,3180.625
2024-10-17 16:07:00,1729181220.0,152.53,152.53,152.26,152.29,1676.726
2024-10-17 16:08:00,1729181280.0,152.28,152.3,152.04,152.07,4535.599
2024-10-17 16:09:00,1729181340.0,152.06,152.09,152.0,152.06,2125.8
2024-10-17 16:10:00,1729181400.0,152.07,152.08,151.95,152.01,2338.175
2024-10-17 16:11:00,1729181460.0,152.0,152.0,151.65,151.7,3249.135
2024-10-17 16:12:00,1729181520.0,151.69,151.74,151.59,151.64,2070.213
2024-10-17 16:13:00,1729181580.0,151.64,151.64,151.35,151.5,9615.01
2024-10-17 16:14:00,1729181640.0,151.51,151.69,151.46,151.68,931.249
2024-10-17 16:15:00,1729181700.0,151.68,151.69,151.44,151.47,3813.055
2024-10-17 16:16:00,1729181760.0,151.47,151.68,151.28,151.68,2517.457
2024-10-17 16:17:00,1729181820.0,151.68,151.74,151.59,151.72,5056.946
2024-10-17 16:18:00,1729181880.0,151.71,151.81,151.67,151.76,1298.59
2024-10-17 16:19:00,1729181940.0,151.76,151.77,151.69,151.72,1549.539
2024-10-17 16:20:00,1729182000.0,151.72,151.75,151.52,151.6,2371.303
2024-10-17 16:21:00,1729182060.0,151.59,151.68,151.47,151.53,1570.627
2024-10-17 16:22:00,1729182120.0,151.52,151.65,151.42,151.58,736.193
2024-10-17 16:23:00,1729182180.0,151.57,151.8,151.56,151.69,759.869
2024-10-17 16:24:00,1729182240.0,151.7,151.7,151.59,151.61,510.326
2024-10-17 16:25:00,1729182300.0,151.62,151.68,151.52,151.52,1315.355
2024-10-17 16:26:00,1729182360.0,151.51,151.53,151.41,151.49,913.663
2024-10-17 16:27:00,1729182420.0,151.48,151.57,151.4,151.53,940.65
2024-10-17 16:28:00,1729182480.0,151.54,151.66,151.52,151.64,1081.762
2024-10-17 16:29:00,1729182540.0,151.63,151.65,151.59,151.62,1249.796
2024-10-17 16:30:00,1729182600.0,151.61,151.61,151.42,151.43,2376.173
2024-10-17 16:31:00,1729182660.0,151.43,151.57,151.25,151.25,3632.4
2024-10-17 16:32:00,1729182720.0,151.26,151.3,151.2,151.21,4348.989
2024-10-17 16:33:00,1729182780.0,151.21,151.21,150.68,150.88,12546.657
2024-10-17 16:34:00,1729182840.0,150.89,150.94,150.74,150.77,6310.958
2024-10-17 16:35:00,1729182900.0,150.77,151.0,150.68,150.93,3689.975
2024-10-17 16:36:00,1729182960.0,150.93,151.04,150.88,150.96,3610.612
2024-10-17 16:37:00,1729183020.0,150.97,151.09,150.92,151.0,3373.385
2024-10-17 16:38:00,1729183080.0,151.0,151.25,151.0,151.13,2915.162
2024-10-17 16:39:00,1729183140.0,151.14,151.27,151.1,151.14,2173.624
2024-10-17 16:40:00,1729183200.0,151.15,151.17,151.0,151.16,1324.08
2024-10-17 16:41:00,1729183260.0,151.15,151.21,151.01,151.13,1273.243
2024-10-17 16:42:00,1729183320.0,151.13,151.37,151.12,151.36,1304.666
2024-10-17 16:43:00,1729183380.0,151.36,151.41,151.26,151.39,1173.29
2024-10-17 16:44:00,1729183440.0,151.39,151.49,151.3,151.33,3521.446
2024-10-17 16:45:00,1729183500.0,151.34,151.42,151.26,151.31,3118.185
2024-10-17 16:46:00,1729183560.0,151.32,151.36,151.18,151.32,1366.354
2024-10-17 16:47:00,1729183620.0,151.31,151.31,151.24,151.26,795.261
2024-10-17 16:48:00,1729183680.0,151.27,151.31,151.17,151.29,6210.071
2024-10-17 16:49:00,1729183740.0,151.29,151.51,151.29,151.38,1860.159
2024-10-17 16:50:00,1729183800.0,151.38,151.43,151.25,151.26,5351.928
2024-10-17 16:51:00,1729183860.0,151.26,151.46,151.26,151.4,3374.351
2024-10-17 16:52:00,1729183920.0,151.4,151.4,151.25,151.25,1222.245
2024-10-17 16:53:00,1729183980.0,151.26,151.28,151.01,151.03,958.217
2024-10-17 16:54:00,1729184040.0,151.04,151.27,151.04,151.24,582.725
2024-10-17 16:55:00,1729184100.0,151.24,151.3,151.14,151.22,545.866
2024-10-17 16:56:00,1729184160.0,151.23,151.32,151.22,151.29,1971.254
2024-10-17 16:57:00,1729184220.0,151.29,151.46,151.29,151.43,3119.498
2024-10-17 16:58:00,1729184280.0,151.43,151.44,151.24,151.33,1184.496
2024-10-17 16:59:00,1729184340.0,151.33,151.33,151.2,151.29,372.513
2024-10-17 17:00:00,1729184400.0,151.3,151.45,151.2,151.44,2691.534
2024-10-17 17:01:00,1729184460.0,151.45,151.49,151.17,151.23,2952.911
2024-10-17 17:02:00,1729184520.0,151.23,151.45,151.18,151.2,1905.877
2024-10-17 17:03:00,1729184580.0,151.21,151.4,151.18,151.23,2648.866
2024-10-17 17:04:00,1729184640.0,151.23,151.24,150.92,150.98,3761.417
2024-10-17 17:05:00,1729184700.0,150.98,151.25,150.97,151.25,2142.896
2024-10-17 17:06:00,1729184760.0,151.25,151.35,151.19,151.35,7410.113
2024-10-17 17:07:00,1729184820.0,151.34,151.4,151.16,151.19,1912.139
2024-10-17 17:08:00,1729184880.0,151.19,151.2,151.0,151.05,2075.89
2024-10-17 17:09:00,1729184940.0,151.05,151.14,150.95,151.1,1257.14
2024-10-17 17:10:00,1729185000.0,151.09,151.13,150.94,151.13,3452.584
2024-10-17 17:11:00,1729185060.0,151.12,151.23,151.02,151.07,1095.012
2024-10-17 17:12:00,1729185120.0,151.08,151.3,151.08,151.17,1706.904
2024-10-17 17:13:00,1729185180.0,151.18,151.2,151.09,151.19,860.8
2024-10-17 17:14:00,1729185240.0,151.19,151.25,151.17,151.18,922.109
2024-10-17 17:15:00,1729185300.0,151.18,151.21,151.09,151.09,1585.583
2024-10-17 17:16:00,1729185360.0,151.1,151.18,150.9,150.91,2165.725
2024-10-17 17:17:00,1729185420.0,150.91,151.05,150.85,150.98,1734.513
2024-10-17 17:18:00,1729185480.0,150.99,151.13,150.9,151.09,594.523
2024-10-17 17:19:00,1729185540.0,151.08,151.14,151.01,151.02,600.156
2024-10-17 17:20:00,1729185600.0,151.03,151.13,150.95,150.95,1139.568
2024-10-17 17:21:00,1729185660.0,150.96,151.01,150.8,150.85,966.869
2024-10-17 17:22:00,1729185720.0,150.84,150.84,150.53,150.53,3132.064
2024-10-17 17:23:00,1729185780.0,150.53,150.56,150.4,150.45,4833.584
2024-10-17 17:24:00,1729185840.0,150.46,150.46,150.12,150.12,7122.091
2024-10-17 17:25:00,1729185900.0,150.11,150.17,149.42,149.87,31101.2
2024-10-17 17:26:00,1729185960.0,149.87,150.08,149.85,149.9,4798.117
2024-10-17 17:27:00,1729186020.0,149.9,149.91,149.42,149.51,9427.047
2024-10-17 17:28:00,1729186080.0,149.5,149.91,149.5,149.8,3771.233
2024-10-17 17:29:00,1729186140.0,149.8,149.92,149.74,149.9,2549.632
2024-10-17 17:30:00,1729186200.0,149.9,149.9,149.61,149.63,5955.991
2024-10-17 17:31:00,1729186260.0,149.63,150.02,149.56,150.0,5666.769
2024-10-17 17:32:00,1729186320.0,149.99,150.16,149.97,150.01,6287.819
2024-10-17 17:33:00,1729186380.0,150.02,150.02,149.81,149.82,2958.056
2024-10-17 17:34:00,1729186440.0,149.83,149.92,149.71,149.73,2816.991
2024-10-17 17:35:00,1729186500.0,149.72,149.78,149.23,149.56,10633.035
2024-10-17 17:36:00,1729186560.0,149.56,149.71,149.51,149.69,3764.256
2024-10-17 17:37:00,1729186620.0,149.68,149.69,149.31,149.39,2053.19
2024-10-17 17:38:00,1729186680.0,149.39,149.47,149.33,149.44,2345.977
2024-10-17 17:39:00,1729186740.0,149.44,149.78,149.44,149.76,2157.794
2024-10-17 17:40:00,1729186800.0,149.76,149.76,149.41,149.47,4281.939
2024-10-17 17:41:00,1729186860.0,149.47,149.6,149.42,149.58,1661.899
2024-10-17 17:42:00,1729186920.0,149.58,149.7,149.55,149.63,2053.54
2024-10-17 17:43:00,1729186980.0,149.63,149.78,149.62,149.73,967.754
2024-10-17 17:44:00,1729187040.0,149.74,149.8,149.68,149.8,1431.571
2024-10-17 17:45:00,1729187100.0,149.8,150.11,149.77,150.11,2140.435
2024-10-17 17:46:00,1729187160.0,150.11,150.24,150.08,150.23,3057.034
2024-10-17 17:47:00,1729187220.0,150.24,150.25,149.95,150.0,853.181
2024-10-17 17:48:00,1729187280.0,150.0,150.12,149.99,150.06,1401.284
2024-10-17 17:49:00,1729187340.0,150.06,150.18,150.06,150.09,611.69
2024-10-17 17:50:00,1729187400.0,150.09,150.14,149.94,149.98,1444.417
2024-10-17 17:51:00,1729187460.0,149.98,149.98,149.64,149.69,2058.422
2024-10-17 17:52:00,1729187520.0,149.68,149.9,149.65,149.87,1783.448
2024-10-17 17:53:00,1729187580.0,149.88,149.89,149.77,149.81,1509.216
2024-10-17 17:54:00,1729187640.0,149.81,149.9,149.79,149.79,843.907
2024-10-17 17:55:00,1729187700.0,149.79,149.79,149.53,149.54,3470.718
2024-10-17 17:56:00,1729187760.0,149.54,149.59,149.42,149.42,1684.452
2024-10-17 17:57:00,1729187820.0,149.42,149.52,149.34,149.5,2116.109
2024-10-17 17:58:00,1729187880.0,149.5,149.56,149.43,149.43,1117.784
2024-10-17 17:59:00,1729187940.0,149.44,149.52,149.43,149.47,879.143
2024-10-17 18:00:00,1729188000.0,149.47,149.52,149.3,149.3,1957.842
2024-10-17 18:01:00,1729188060.0,149.3,149.5,149.28,149.43,9307.0
2024-10-17 18:02:00,1729188120.0,149.42,149.54,149.24,149.26,4784.201
2024-10-17 18:03:00,1729188180.0,149.25,149.27,148.8,149.05,12813.808
2024-10-17 18:04:00,1729188240.0,149.06,149.21,148.77,148.81,6361.995
2024-10-17 18:05:00,1729188300.0,148.81,148.97,148.65,148.76,6423.392
2024-10-17 18:06:00,1729188360.0,148.77,148.81,148.48,148.54,5343.247
2024-10-17 18:07:00,1729188420.0,148.54,148.58,148.28,148.52,10656.083
2024-10-17 18:08:00,1729188480.0,148.52,148.67,148.31,148.36,5114.046
2024-10-17 18:09:00,1729188540.0,148.36,148.55,148.32,148.35,3684.707
2024-10-17 18:10:00,1729188600.0,148.34,148.63,148.28,148.4,6104.785
2024-10-17 18:11:00,1729188660.0,148.39,148.55,148.32,148.44,3528.01
2024-10-17 18:12:00,1729188720.0,148.43,148.43,148.15,148.2,5579.273
2024-10-17 18:13:00,1729188780.0,148.19,148.27,147.89,148.0,16842.789
2024-10-17 18:14:00,1729188840.0,148.0,148.16,147.98,148.03,9554.271
2024-10-17 18:15:00,1729188900.0,148.03,148.18,147.98,148.05,7798.388
2024-10-17 18:16:00,1729188960.0,148.05,148.13,147.91,148.04,3900.629
2024-10-17 18:17:00,1729189020.0,148.03,148.3,148.01,148.3,5114.854
2024-10-17 18:18:00,1729189080.0,148.3,148.44,148.18,148.39,6296.448
2024-10-17 18:19:00,1729189140.0,148.38,148.55,148.35,148.44,4635.512
2024-10-17 18:20:00,1729189200.0,148.44,148.49,148.18,148.39,1692.839
2024-10-17 18:21:00,1729189260.0,148.4,148.56,148.37,148.5,2427.459
2024-10-17 18:22:00,1729189320.0,148.5,148.59,148.37,148.45,4757.583
2024-10-17 18:23:00,1729189380.0,148.45,148.48,148.34,148.43,2284.017
2024-10-17 18:24:00,1729189440.0,148.43,148.53,148.42,148.44,1567.252
2024-10-17 18:25:00,1729189500.0,148.45,148.54,148.33,148.37,6595.355
2024-10-17 18:26:00,1729189560.0,148.38,148.6,148.37,148.53,2857.232
2024-10-17 18:27:00,1729189620.0,148.53,148.59,148.2,148.21,1301.91
2024-10-17 18:28:00,1729189680.0,148.21,148.27,148.16,148.24,1339.235
2024-10-17 18:29:00,1729189740.0,148.23,148.45,148.16,148.27,7802.863
2024-10-17 18:30:00,1729189800.0,148.27,148.29,148.09,148.27,2509.701
2024-10-17 18:31:00,1729189860.0,148.27,148.32,148.05,148.21,1895.069
2024-10-17 18:32:00,1729189920.0,148.21,148.23,147.96,148.0,2018.749
2024-10-17 18:33:00,1729189980.0,148.0,148.07,147.88,147.94,1991.034
2024-10-17 18:34:00,1729190040.0,147.93,147.99,147.77,147.78,3108.132
2024-10-17 18:35:00,1729190100.0,147.78,148.06,147.66,148.04,4561.658
2024-10-17 18:36:00,1729190160.0,148.04,148.15,147.88,148.13,2753.527
2024-10-17 18:37:00,1729190220.0,148.14,148.26,148.13,148.2,1374.474
2024-10-17 18:38:00,1729190280.0,148.2,148.29,148.19,148.23,990.611
2024-10-17 18:39:00,1729190340.0,148.23,148.35,148.23,148.32,792.865
2024-10-17 18:40:00,1729190400.0,148.33,148.52,148.32,148.52,3042.993
2024-10-17 18:41:00,1729190460.0,148.52,148.86,148.51,148.86,2358.875
2024-10-17 18:42:00,1729190520.0,148.86,148.88,148.77,148.81,4229.143
2024-10-17 18:43:00,1729190580.0,148.81,148.81,148.68,148.74,717.537
2024-10-17 18:44:00,1729190640.0,148.73,148.74,148.61,148.7,913.315
2024-10-17 18:45:00,1729190700.0,148.7,148.79,148.57,148.59,622.984
2024-10-17 18:46:00,1729190760.0,148.59,148.76,148.56,148.64,850.665
2024-10-17 18:47:00,1729190820.0,148.63,148.76,148.53,148.76,1422.95
2024-10-17 18:48:00,1729190880.0,148.76,148.85,148.72,148.76,952.96
2024-10-17 18:49:00,1729190940.0,148.77,148.77,148.66,148.76,565.59
2024-10-17 18:50:00,1729191000.0,148.76,148.82,148.54,148.56,2427.42
2024-10-17 18:51:00,1729191060.0,148.56,148.62,148.4,148.42,2709.387
2024-10-17 18:52:00,1729191120.0,148.43,148.61,148.43,148.5,1348.549
2024-10-17 18:53:00,1729191180.0,148.49,148.56,148.39,148.47,1374.073
2024-10-17 18:54:00,1729191240.0,148.47,148.49,148.35,148.45,480.116
2024-10-17 18:55:00,1729191300.0,148.46,148.54,148.42,148.52,1311.996
2024-10-17 18:56:00,1729191360.0,148.52,148.6,148.46,148.59,256.292
2024-10-17 18:57:00,1729191420.0,148.59,148.62,148.52,148.52,456.931
2024-10-17 18:58:00,1729191480.0,148.53,148.6,148.48,148.56,898.071
2024-10-17 18:59:00,1729191540.0,148.56,148.63,148.52,148.52,1102.207
2024-10-17 19:00:00,1729191600.0,148.53,148.71,148.52,148.67,1223.281
2024-10-17 19:01:00,1729191660.0,148.67,148.67,148.42,148.46,4596.195
2024-10-17 19:02:00,1729191720.0,148.46,148.62,148.37,148.62,4540.874
2024-10-17 19:03:00,1729191780.0,148.63,148.69,148.43,148.52,3589.913
2024-10-17 19:04:00,1729191840.0,148.53,148.58,148.33,148.39,1234.213
2024-10-17 19:05:00,1729191900.0,148.39,148.55,148.34,148.53,1822.175
2024-10-17 19:06:00,1729191960.0,148.53,148.74,148.5,148.7,643.033
2024-10-17 19:07:00,1729192020.0,148.69,148.83,148.64,148.65,3384.238
2024-10-17 19:08:00,1729192080.0,148.65,148.84,148.65,148.81,831.828
2024-10-17 19:09:00,1729192140.0,148.82,148.88,148.75,148.82,5092.553
2024-10-17 19:10:00,1729192200.0,148.82,148.86,148.76,148.78,632.296
2024-10-17 19:11:00,1729192260.0,148.78,148.89,148.78,148.82,516.214
2024-10-17 19:12:00,1729192320.0,148.81,148.92,148.81,148.81,1144.903
2024-10-17 19:13:00,1729192380.0,148.81,148.89,148.8,148.86,863.557
2024-10-17 19:14:00,1729192440.0,148.87,148.98,148.86,148.93,1019.816
2024-10-17 19:15:00,1729192500.0,148.94,148.99,148.87,148.99,3456.777
2024-10-17 19:16:00,1729192560.0,148.99,149.0,148.86,148.98,1639.615
2024-10-17 19:17:00,1729192620.0,148.98,148.98,148.86,148.9,2095.455
2024-10-17 19:18:00,1729192680.0,148.91,149.0,148.9,148.94,911.101
2024-10-17 19:19:00,1729192740.0,148.94,149.0,148.94,148.97,896.891
2024-10-17 19:20:00,1729192800.0,148.98,149.03,148.94,149.01,1090.229
2024-10-17 19:21:00,1729192860.0,149.01,149.09,148.98,149.09,2133.783
2024-10-17 19:22:00,1729192920.0,149.1,149.15,149.04,149.14,1392.986
2024-10-17 19:23:00,1729192980.0,149.13,149.36,149.13,149.32,5788.21
2024-10-17 19:24:00,1729193040.0,149.33,149.38,149.26,149.37,1348.532
2024-10-17 19:25:00,1729193100.0,149.37,149.38,149.11,149.12,1264.357
2024-10-17 19:26:00,1729193160.0,149.11,149.28,149.11,149.25,840.504
2024-10-17 19:27:00,1729193220.0,149.25,149.29,149.21,149.23,1282.263
2024-10-17 19:28:00,1729193280.0,149.23,149.26,149.16,149.17,737.417
2024-10-17 19:29:00,1729193340.0,149.17,149.21,149.11,149.12,506.439
2024-10-17 19:30:00,1729193400.0,149.12,149.2,149.11,149.19,5176.391
2024-10-17 19:31:00,1729193460.0,149.19,149.26,149.11,149.23,1730.818
2024-10-17 19:32:00,1729193520.0,149.22,149.27,149.14,149.21,388.199
2024-10-17 19:33:00,1729193580.0,149.22,149.32,149.21,149.31,732.306
2024-10-17 19:34:00,1729193640.0,149.32,149.42,149.27,149.34,1980.151
2024-10-17 19:35:00,1729193700.0,149.34,149.39,149.18,149.19,843.959
2024-10-17 19:36:00,1729193760.0,149.19,149.21,149.09,149.1,606.942
2024-10-17 19:37:00,1729193820.0,149.1,149.18,149.1,149.11,882.142
2024-10-17 19:38:00,1729193880.0,149.12,149.12,149.06,149.08,1233.312
2024-10-17 19:39:00,1729193940.0,149.08,149.17,149.08,149.17,1548.687
2024-10-17 19:40:00,1729194000.0,149.16,149.34,149.16,149.33,747.3
2024-10-17 19:41:00,1729194060.0,149.33,149.44,149.33,149.41,896.482
2024-10-17 19:42:00,1729194120.0,149.4,149.41,149.23,149.23,706.692
2024-10-17 19:43:00,1729194180.0,149.24,149.35,149.23,149.34,441.135
2024-10-17 19:44:00,1729194240.0,149.33,149.4,149.33,149.4,380.875
2024-10-17 19:45:00,1729194300.0,149.4,149.46,149.37,149.4,804.152
2024-10-17 19:46:00,1729194360.0,149.4,149.48,149.38,149.45,1125.18
2024-10-17 19:47:00,1729194420.0,149.46,149.51,149.45,149.51,360.318
2024-10-17 19:48:00,1729194480.0,149.51,149.62,149.51,149.55,3360.644
2024-10-17 19:49:00,1729194540.0,149.55,149.67,149.55,149.6,8103.163
2024-10-17 19:50:00,1729194600.0,149.6,149.6,149.42,149.44,1973.764
2024-10-17 19:51:00,1729194660.0,149.44,149.54,149.41,149.44,806.581
2024-10-17 19:52:00,1729194720.0,149.45,149.51,149.42,149.46,804.215
2024-10-17 19:53:00,1729194780.0,149.47,149.51,149.43,149.5,381.907
2024-10-17 19:54:00,1729194840.0,149.51,149.63,149.51,149.57,713.524
2024-10-17 19:55:00,1729194900.0,149.57,149.58,149.5,149.57,458.408
2024-10-17 19:56:00,1729194960.0,149.57,149.59,149.56,149.57,209.666
2024-10-17 19:57:00,1729195020.0,149.58,149.62,149.53,149.56,529.452
2024-10-17 19:58:00,1729195080.0,149.55,149.56,149.5,149.51,89.766
2024-10-17 19:59:00,1729195140.0,149.51,149.52,149.34,149.38,1436.162
2024-10-17 20:00:00,1729195200.0,149.39,149.5,149.27,149.5,1964.03
2024-10-17 20:01:00,1729195260.0,149.5,149.54,149.43,149.54,1409.308
2024-10-17 20:02:00,1729195320.0,149.53,149.69,149.52,149.67,1379.922
2024-10-17 20:03:00,1729195380.0,149.67,149.85,149.63,149.82,2061.965
2024-10-17 20:04:00,1729195440.0,149.82,149.84,149.67,149.69,757.299
2024-10-17 20:05:00,1729195500.0,149.7,149.76,149.57,149.58,430.05
2024-10-17 20:06:00,1729195560.0,149.57,149.61,149.42,149.43,1991.237
2024-10-17 20:07:00,1729195620.0,149.42,149.61,149.41,149.57,391.61
2024-10-17 20:08:00,1729195680.0,149.57,149.73,149.47,149.73,1470.553
2024-10-17 20:09:00,1729195740.0,149.73,149.73,149.63,149.67,547.799
2024-10-17 20:10:00,1729195800.0,149.67,149.7,149.62,149.67,649.053
2024-10-17 20:11:00,1729195860.0,149.66,149.79,149.66,149.77,617.889
2024-10-17 20:12:00,1729195920.0,149.78,149.81,149.72,149.8,424.957
2024-10-17 20:13:00,1729195980.0,149.81,149.88,149.79,149.8,1791.497
2024-10-17 20:14:00,1729196040.0,149.79,149.85,149.75,149.84,1370.461
2024-10-17 20:15:00,1729196100.0,149.84,149.91,149.83,149.91,1000.806
2024-10-17 20:16:00,1729196160.0,149.91,149.91,149.86,149.87,307.33
2024-10-17 20:17:00,1729196220.0,149.87,149.91,149.87,149.91,1307.895
2024-10-17 20:18:00,1729196280.0,149.91,149.92,149.87,149.88,421.506
2024-10-17 20:19:00,1729196340.0,149.87,149.93,149.87,149.91,216.426
2024-10-17 20:20:00,1729196400.0,149.92,150.0,149.86,150.0,1159.155
2024-10-17 20:21:00,1729196460.0,150.0,150.07,149.98,149.99,1110.01
2024-10-17 20:22:00,1729196520.0,149.99,150.07,149.99,150.06,1275.086
2024-10-17 20:23:00,1729196580.0,150.07,150.14,150.07,150.14,528.711
2024-10-17 20:24:00,1729196640.0,150.14,150.15,150.12,150.13,759.249
2024-10-17 20:25:00,1729196700.0,150.14,150.14,150.1,150.11,569.65
2024-10-17 20:26:00,1729196760.0,150.1,150.12,150.04,150.11,4968.576
2024-10-17 20:27:00,1729196820.0,150.12,150.17,149.95,150.15,1228.555
2024-10-17 20:28:00,1729196880.0,150.15,150.24,150.15,150.24,1481.06
2024-10-17 20:29:00,1729196940.0,150.24,150.33,150.23,150.32,1749.458
2024-10-17 20:30:00,1729197000.0,150.32,150.46,150.32,150.35,4723.858
2024-10-17 20:31:00,1729197060.0,150.35,150.35,150.11,150.13,2647.409
2024-10-17 20:32:00,1729197120.0,150.13,150.18,149.93,149.96,1925.577
2024-10-17 20:33:00,1729197180.0,149.97,149.97,149.86,149.87,803.376
2024-10-17 20:34:00,1729197240.0,149.87,149.99,149.86,149.94,1023.58
2024-10-17 20:35:00,1729197300.0,149.94,150.04,149.94,149.99,671.276
2024-10-17 20:36:00,1729197360.0,149.98,150.12,149.98,150.07,1227.249
2024-10-17 20:37:00,1729197420.0,150.07,150.15,150.04,150.1,1053.149
2024-10-17 20:38:00,1729197480.0,150.11,150.14,149.88,149.89,593.028
2024-10-17 20:39:00,1729197540.0,149.89,149.97,149.88,149.93,464.761
2024-10-17 20:40:00,1729197600.0,149.93,149.98,149.87,149.94,691.434
2024-10-17 20:41:00,1729197660.0,149.94,150.0,149.93,149.94,632.635
2024-10-17 20:42:00,1729197720.0,149.93,149.98,149.93,149.96,796.814
2024-10-17 20:43:00,1729197780.0,149.95,149.98,149.88,149.92,396.864
2024-10-17 20:44:00,1729197840.0,149.92,149.98,149.91,149.95,796.148
2024-10-17 20:45:00,1729197900.0,149.95,149.97,149.82,149.92,926.992
2024-10-17 20:46:00,1729197960.0,149.92,150.03,149.9,150.02,379.184
2024-10-17 20:47:00,1729198020.0,150.03,150.04,149.97,150.03,242.165
2024-10-17 20:48:00,1729198080.0,150.04,150.08,149.99,150.02,701.521
2024-10-17 20:49:00,1729198140.0,150.01,150.1,150.0,150.08,437.477
2024-10-17 20:50:00,1729198200.0,150.08,150.08,149.98,149.98,726.024
2024-10-17 20:51:00,1729198260.0,149.98,150.01,149.71,149.8,4945.605
2024-10-17 20:52:00,1729198320.0,149.8,149.81,149.77,149.78,1514.773
2024-10-17 20:53:00,1729198380.0,149.78,149.81,149.74,149.81,815.649
2024-10-17 20:54:00,1729198440.0,149.81,149.82,149.74,149.75,715.263
2024-10-17 20:55:00,1729198500.0,149.74,149.74,149.59,149.61,2092.556
2024-10-17 20:56:00,1729198560.0,149.62,149.72,149.61,149.72,515.033
2024-10-17 20:57:00,1729198620.0,149.72,149.77,149.71,149.77,490.579
2024-10-17 20:58:00,1729198680.0,149.76,149.77,149.66,149.66,501.643
2024-10-17 20:59:00,1729198740.0,149.66,149.66,149.61,149.64,570.914
2024-10-17 21:00:00,1729198800.0,149.63,149.74,149.63,149.68,1061.251
2024-10-17 21:01:00,1729198860.0,149.68,149.75,149.67,149.75,1272.868
2024-10-17 21:02:00,1729198920.0,149.76,149.93,149.76,149.81,992.16
2024-10-17 21:03:00,1729198980.0,149.8,149.93,149.8,149.93,470.969
2024-10-17 21:04:00,1729199040.0,149.94,149.96,149.85,149.86,938.711
2024-10-17 21:05:00,1729199100.0,149.86,149.99,149.84,149.86,755.451
2024-10-17 21:06:00,1729199160.0,149.86,149.9,149.85,149.9,264.926
2024-10-17 21:07:00,1729199220.0,149.9,150.0,149.89,149.99,551.507
2024-10-17 21:08:00,1729199280.0,149.99,149.99,149.93,149.94,465.5
2024-10-17 21:09:00,1729199340.0,149.94,149.95,149.92,149.95,356.363
2024-10-17 21:10:00,1729199400.0,149.95,150.0,149.94,149.94,477.839
2024-10-17 21:11:00,1729199460.0,149.95,150.0,149.9,149.91,433.816
2024-10-17 21:12:00,1729199520.0,149.91,149.94,149.91,149.91,127.387
2024-10-17 21:13:00,1729199580.0,149.92,150.0,149.89,149.96,345.033
2024-10-17 21:14:00,1729199640.0,149.97,149.99,149.93,149.96,376.398
2024-10-17 21:15:00,1729199700.0,149.96,149.96,149.82,149.89,425.131
2024-10-17 21:16:00,1729199760.0,149.89,149.91,149.8,149.85,508.869
2024-10-17 21:17:00,1729199820.0,149.85,149.99,149.85,149.98,2111.944
2024-10-17 21:18:00,1729199880.0,149.98,150.04,149.98,150.04,273.303
2024-10-17 21:19:00,1729199940.0,150.04,150.04,150.03,150.03,117.785
2024-10-17 21:20:00,1729200000.0,150.04,150.15,150.03,150.14,1363.84
2024-10-17 21:21:00,1729200060.0,150.13,150.13,150.05,150.05,749.142
2024-10-17 21:22:00,1729200120.0,150.05,150.06,150.05,150.06,70.659
2024-10-17 21:23:00,1729200180.0,150.06,150.12,150.05,150.12,456.679
2024-10-17 21:24:00,1729200240.0,150.11,150.18,150.11,150.15,522.231
2024-10-17 21:25:00,1729200300.0,150.15,150.15,150.04,150.1,841.738
2024-10-17 21:26:00,1729200360.0,150.1,150.11,150.08,150.1,976.191
2024-10-17 21:27:00,1729200420.0,150.1,150.1,149.97,150.09,1327.192
2024-10-17 21:28:00,1729200480.0,150.08,150.08,150.0,150.01,1058.524
2024-10-17 21:29:00,1729200540.0,150.02,150.09,150.0,150.0,685.389
2024-10-17 21:30:00,1729200600.0,150.0,150.03,149.98,150.03,364.13
2024-10-17 21:31:00,1729200660.0,150.03,150.09,150.03,150.09,248.943
2024-10-17 21:32:00,1729200720.0,150.09,150.1,150.05,150.05,671.717
2024-10-17 21:33:00,1729200780.0,150.05,150.06,150.04,150.06,308.625
2024-10-17 21:34:00,1729200840.0,150.06,150.09,150.03,150.03,2453.419
2024-10-17 21:35:00,1729200900.0,150.03,150.03,149.99,150.0,386.817
2024-10-17 21:36:00,1729200960.0,150.0,150.0,149.95,149.98,867.616
2024-10-17 21:37:00,1729201020.0,149.98,150.1,149.98,150.1,292.031
2024-10-17 21:38:00,1729201080.0,150.1,150.1,150.09,150.09,150.767
2024-10-17 21:39:00,1729201140.0,150.1,150.12,150.09,150.12,98.245
2024-10-17 21:40:00,1729201200.0,150.11,150.11,150.0,150.01,616.505
2024-10-17 21:41:00,1729201260.0,150.01,150.01,149.97,149.97,192.745
2024-10-17 21:42:00,1729201320.0,149.98,149.98,149.93,149.97,306.89
2024-10-17 21:43:00,1729201380.0,149.98,150.0,149.96,149.99,498.673
2024-10-17 21:44:00,1729201440.0,150.0,150.0,149.92,149.93,660.06
2024-10-17 21:45:00,1729201500.0,149.92,149.93,149.88,149.88,353.739
2024-10-17 21:46:00,1729201560.0,149.89,150.05,149.89,150.04,1026.626
2024-10-17 21:47:00,1729201620.0,150.04,150.13,150.03,150.13,699.368
2024-10-17 21:48:00,1729201680.0,150.13,150.13,150.1,150.12,279.071
2024-10-17 21:49:00,1729201740.0,150.12,150.12,150.02,150.02,402.768
2024-10-17 21:50:00,1729201800.0,150.03,150.04,150.02,150.04,324.313
2024-10-17 21:51:00,1729201860.0,150.04,150.05,150.03,150.05,296.897
2024-10-17 21:52:00,1729201920.0,150.05,150.05,150.04,150.04,173.915
2024-10-17 21:53:00,1729201980.0,150.04,150.05,150.04,150.05,374.518
2024-10-17 21:54:00,1729202040.0,150.05,150.09,150.04,150.09,3052.609
2024-10-17 21:55:00,1729202100.0,150.09,150.15,150.08,150.12,238.28
2024-10-17 21:56:00,1729202160.0,150.12,150.22,150.12,150.15,2021.782
2024-10-17 21:57:00,1729202220.0,150.15,150.25,150.15,150.24,182.141
2024-10-17 21:58:00,1729202280.0,150.24,150.25,150.16,150.17,436.011
2024-10-17 21:59:00,1729202340.0,150.16,150.17,150.11,150.12,327.016
2024-10-17 22:00:00,1729202400.0,150.11,150.28,150.11,150.25,772.487
2024-10-17 22:01:00,1729202460.0,150.26,150.39,150.25,150.39,500.054
2024-10-17 22:02:00,1729202520.0,150.38,150.39,150.26,150.33,1615.67
2024-10-17 22:03:00,1729202580.0,150.33,150.49,150.23,150.46,2909.427
2024-10-17 22:04:00,1729202640.0,150.46,150.52,150.39,150.49,3427.161
2024-10-17 22:05:00,1729202700.0,150.49,150.55,150.41,150.41,1593.446
2024-10-17 22:06:00,1729202760.0,150.4,150.56,150.37,150.44,960.622
2024-10-17 22:07:00,1729202820.0,150.43,150.54,150.42,150.42,613.434
2024-10-17 22:08:00,1729202880.0,150.42,150.53,150.39,150.52,657.466
2024-10-17 22:09:00,1729202940.0,150.52,150.64,150.46,150.62,4090.458
2024-10-17 22:10:00,1729203000.0,150.63,150.64,150.4,150.49,2455.69
2024-10-17 22:11:00,1729203060.0,150.48,150.63,150.48,150.6,1318.033
2024-10-17 22:12:00,1729203120.0,150.59,150.6,150.46,150.56,660.327
2024-10-17 22:13:00,1729203180.0,150.57,150.64,150.57,150.61,1263.898
2024-10-17 22:14:00,1729203240.0,150.61,150.64,150.53,150.6,770.302
2024-10-17 22:15:00,1729203300.0,150.6,150.6,150.48,150.55,838.512
2024-10-17 22:16:00,1729203360.0,150.54,150.55,150.31,150.33,1045.583
2024-10-17 22:17:00,1729203420.0,150.33,150.41,150.3,150.41,1159.323
2024-10-17 22:18:00,1729203480.0,150.4,150.41,150.24,150.28,695.253
2024-10-17 22:19:00,1729203540.0,150.27,150.31,150.2,150.31,990.407
2024-10-17 22:20:00,1729203600.0,150.31,150.32,150.23,150.29,1168.06
2024-10-17 22:21:00,1729203660.0,150.29,150.3,150.25,150.29,614.473
2024-10-17 22:22:00,1729203720.0,150.29,150.43,150.28,150.37,387.052
2024-10-17 22:23:00,1729203780.0,150.38,150.41,150.29,150.39,673.872
2024-10-17 22:24:00,1729203840.0,150.39,150.44,150.33,150.33,655.475
2024-10-17 22:25:00,1729203900.0,150.34,150.42,150.3,150.41,535.103
2024-10-17 22:26:00,1729203960.0,150.41,150.48,150.38,150.47,567.65
2024-10-17 22:27:00,1729204020.0,150.46,150.5,150.37,150.44,270.326
2024-10-17 22:28:00,1729204080.0,150.44,150.46,150.43,150.44,147.639
2024-10-17 22:29:00,1729204140.0,150.45,150.47,150.45,150.46,155.328
2024-10-17 22:30:00,1729204200.0,150.47,150.49,150.43,150.49,397.734
2024-10-17 22:31:00,1729204260.0,150.49,150.52,150.46,150.51,142.737
2024-10-17 22:32:00,1729204320.0,150.51,150.54,150.47,150.54,338.863
2024-10-17 22:33:00,1729204380.0,150.54,150.62,150.53,150.54,1188.834
2024-10-17 22:34:00,1729204440.0,150.54,150.62,150.54,150.62,238.492
2024-10-17 22:35:00,1729204500.0,150.62,150.65,150.59,150.61,1335.871
2024-10-17 22:36:00,1729204560.0,150.61,150.68,150.61,150.66,1130.137
2024-10-17 22:37:00,1729204620.0,150.66,150.66,150.62,150.65,402.153
2024-10-17 22:38:00,1729204680.0,150.65,150.68,150.65,150.66,236.092
2024-10-17 22:39:00,1729204740.0,150.65,150.66,150.57,150.62,435.872
2024-10-17 22:40:00,1729204800.0,150.62,150.7,150.6,150.7,619.871
2024-10-17 22:41:00,1729204860.0,150.7,150.71,150.69,150.71,690.491
2024-10-17 22:42:00,1729204920.0,150.71,150.77,150.71,150.74,367.442
2024-10-17 22:43:00,1729204980.0,150.75,150.81,150.74,150.8,1063.473
2024-10-17 22:44:00,1729205040.0,150.8,150.82,150.77,150.78,705.377
2024-10-17 22:45:00,1729205100.0,150.79,150.79,150.68,150.71,834.272
2024-10-17 22:46:00,1729205160.0,150.72,150.75,150.64,150.7,1723.666
2024-10-17 22:47:00,1729205220.0,150.71,150.73,150.65,150.66,1062.958
2024-10-17 22:48:00,1729205280.0,150.67,150.73,150.67,150.73,2118.572
2024-10-17 22:49:00,1729205340.0,150.72,150.8,150.7,150.8,915.274
2024-10-17 22:50:00,1729205400.0,150.8,150.85,150.79,150.84,306.911
2024-10-17 22:51:00,1729205460.0,150.83,150.93,150.76,150.91,1873.761
2024-10-17 22:52:00,1729205520.0,150.91,150.92,150.86,150.91,585.153
2024-10-17 22:53:00,1729205580.0,150.9,150.9,150.82,150.83,623.789
2024-10-17 22:54:00,1729205640.0,150.83,150.88,150.82,150.87,465.249
2024-10-17 22:55:00,1729205700.0,150.88,150.9,150.76,150.82,452.05
2024-10-17 22:56:00,1729205760.0,150.82,150.88,150.81,150.83,389.613
2024-10-17 22:57:00,1729205820.0,150.82,150.9,150.81,150.84,443.642
2024-10-17 22:58:00,1729205880.0,150.84,150.96,150.84,150.92,1201.956
2024-10-17 22:59:00,1729205940.0,150.93,150.98,150.92,150.93,1167.499
2024-10-17 23:00:00,1729206000.0,150.92,150.93,150.79,150.79,1036.871
2024-10-17 23:01:00,1729206060.0,150.8,150.8,150.71,150.71,664.821
2024-10-17 23:02:00,1729206120.0,150.71,150.76,150.67,150.74,1343.209
2024-10-17 23:03:00,1729206180.0,150.73,150.74,150.63,150.64,340.493
2024-10-17 23:04:00,1729206240.0,150.63,150.63,150.55,150.55,279.664
2024-10-17 23:05:00,1729206300.0,150.55,150.56,150.45,150.49,3615.548
2024-10-17 23:06:00,1729206360.0,150.49,150.55,150.49,150.54,1318.649
2024-10-17 23:07:00,1729206420.0,150.55,150.55,150.5,150.5,281.74
2024-10-17 23:08:00,1729206480.0,150.5,150.51,150.4,150.42,1494.495
2024-10-17 23:09:00,1729206540.0,150.42,150.42,150.4,150.4,303.347
2024-10-17 23:10:00,1729206600.0,150.4,150.41,150.39,150.4,175.133
2024-10-17 23:11:00,1729206660.0,150.4,150.4,150.38,150.39,323.459
2024-10-17 23:12:00,1729206720.0,150.39,150.45,150.39,150.44,156.831
2024-10-17 23:13:00,1729206780.0,150.44,150.45,150.31,150.31,760.552
2024-10-17 23:14:00,1729206840.0,150.31,150.34,150.28,150.34,1029.999
2024-10-17 23:15:00,1729206900.0,150.34,150.42,150.33,150.42,780.953
2024-10-17 23:16:00,1729206960.0,150.42,150.42,150.36,150.42,360.998
2024-10-17 23:17:00,1729207020.0,150.41,150.57,150.41,150.57,794.314
2024-10-17 23:18:00,1729207080.0,150.58,150.59,150.37,150.38,1196.306
2024-10-17 23:19:00,1729207140.0,150.37,150.46,150.37,150.46,194.594
2024-10-17 23:20:00,1729207200.0,150.46,150.49,150.39,150.4,481.901
2024-10-17 23:21:00,1729207260.0,150.4,150.49,150.4,150.47,652.465
2024-10-17 23:22:00,1729207320.0,150.46,150.49,150.44,150.48,411.212
2024-10-17 23:23:00,1729207380.0,150.48,150.49,150.38,150.45,378.255
2024-10-17 23:24:00,1729207440.0,150.45,150.45,150.36,150.39,588.02
2024-10-17 23:25:00,1729207500.0,150.38,150.4,150.31,150.37,1804.105
2024-10-17 23:26:00,1729207560.0,150.37,150.37,150.3,150.36,1468.664
2024-10-17 23:27:00,1729207620.0,150.36,150.49,150.36,150.49,217.939
2024-10-17 23:28:00,1729207680.0,150.49,150.49,150.46,150.46,422.615
2024-10-17 23:29:00,1729207740.0,150.46,150.47,150.41,150.42,330.104
2024-10-17 23:30:00,1729207800.0,150.43,150.45,150.37,150.44,236.6
2024-10-17 23:31:00,1729207860.0,150.44,150.45,150.35,150.44,526.787
2024-10-17 23:32:00,1729207920.0,150.44,150.48,150.41,150.41,1176.026
2024-10-17 23:33:00,1729207980.0,150.42,150.42,150.35,150.37,343.879
2024-10-17 23:34:00,1729208040.0,150.37,150.38,150.33,150.37,538.833
2024-10-17 23:35:00,1729208100.0,150.37,150.37,150.22,150.25,487.757
2024-10-17 23:36:00,1729208160.0,150.25,150.33,150.25,150.33,492.801
2024-10-17 23:37:00,1729208220.0,150.32,150.38,150.31,150.37,791.591
2024-10-17 23:38:00,1729208280.0,150.37,150.4,150.33,150.4,528.862
2024-10-17 23:39:00,1729208340.0,150.39,150.39,150.34,150.36,1178.877
2024-10-17 23:40:00,1729208400.0,150.36,150.37,150.36,150.36,69.436
2024-10-17 23:41:00,1729208460.0,150.37,150.38,150.3,150.37,633.775
2024-10-17 23:42:00,1729208520.0,150.37,150.45,150.37,150.44,522.185
2024-10-17 23:43:00,1729208580.0,150.44,150.45,150.44,150.45,370.959
2024-10-17 23:44:00,1729208640.0,150.45,150.45,150.38,150.39,1369.097
2024-10-17 23:45:00,1729208700.0,150.39,150.39,150.34,150.34,197.8
2024-10-17 23:46:00,1729208760.0,150.34,150.35,150.3,150.31,773.903
2024-10-17 23:47:00,1729208820.0,150.3,150.38,150.29,150.37,690.947
2024-10-17 23:48:00,1729208880.0,150.37,150.38,150.31,150.31,142.815
2024-10-17 23:49:00,1729208940.0,150.32,150.35,150.31,150.31,348.602
2024-10-17 23:50:00,1729209000.0,150.32,150.35,150.27,150.28,281.69
2024-10-17 23:51:00,1729209060.0,150.27,150.28,150.24,150.25,105.566
2024-10-17 23:52:00,1729209120.0,150.26,150.3,150.25,150.29,188.373
2024-10-17 23:53:00,1729209180.0,150.3,150.3,150.29,150.3,71.318
2024-10-17 23:54:00,1729209240.0,150.29,150.37,150.26,150.36,616.36
2024-10-17 23:55:00,1729209300.0,150.36,150.36,150.3,150.35,637.637
2024-10-17 23:56:00,1729209360.0,150.36,150.37,150.32,150.37,230.808
2024-10-17 23:57:00,1729209420.0,150.36,150.37,150.31,150.35,378.835
2024-10-17 23:58:00,1729209480.0,150.35,150.55,150.35,150.51,1099.054
2024-10-17 23:59:00,1729209540.0,150.51,150.51,150.47,150.5,348.111
