Universal Time,Unix Time,Open,High,Low,Close,Volume
2019-10-24 00:00:00,1571875200.0,0.2,0.2004,0.2,0.2004,5017.84
2019-10-24 00:01:00,1571875260.0,0.2004,0.2004,0.2004,0.2004,0.0
2019-10-24 00:02:00,1571875320.0,0.2,0.2,0.2,0.2,108.5
2019-10-24 00:03:00,1571875380.0,0.2,0.2,0.2,0.2,4861.18
2019-10-24 00:04:00,1571875440.0,0.2,0.2002,0.2,0.2002,11271.19
2019-10-24 00:05:00,1571875500.0,0.2002,0.2002,0.2001,0.2001,5132.63
2019-10-24 00:06:00,1571875560.0,0.2001,0.2001,0.2001,0.2001,0.0
2019-10-24 00:07:00,1571875620.0,0.2001,0.2001,0.2001,0.2001,106.48
2019-10-24 00:08:00,1571875680.0,0.2,0.2,0.2,0.2,150.0
2019-10-24 00:09:00,1571875740.0,0.2002,0.2002,0.2002,0.2002,3220.6
2019-10-24 00:10:00,1571875800.0,0.2004,0.201,0.2004,0.2007,41660.45
2019-10-24 00:11:00,1571875860.0,0.201,0.2011,0.2008,0.2008,973.99
2019-10-24 00:12:00,1571875920.0,0.2007,0.2007,0.2007,0.2007,10371.0
2019-10-24 00:13:00,1571875980.0,0.2007,0.2007,0.2007,0.2007,0.0
2019-10-24 00:14:00,1571876040.0,0.2007,0.2007,0.2007,0.2007,0.0
2019-10-24 00:15:00,1571876100.0,0.2007,0.2007,0.2007,0.2007,8068.56
2019-10-24 00:16:00,1571876160.0,0.2007,0.2007,0.2006,0.2006,56266.01
2019-10-24 00:17:00,1571876220.0,0.2004,0.2004,0.2001,0.2001,346.66
2019-10-24 00:18:00,1571876280.0,0.2001,0.2001,0.2,0.2,199.94
2019-10-24 00:19:00,1571876340.0,0.2,0.2,0.2,0.2,196.49
2019-10-24 00:20:00,1571876400.0,0.2,0.2,0.2,0.2,0.0
2019-10-24 00:21:00,1571876460.0,0.2002,0.201,0.2002,0.2002,1650.0
2019-10-24 00:22:00,1571876520.0,0.2002,0.2002,0.2002,0.2002,210.54
2019-10-24 00:23:00,1571876580.0,0.2002,0.2002,0.2002,0.2002,210.25
2019-10-24 00:24:00,1571876640.0,0.2001,0.2001,0.2001,0.2001,211.09
2019-10-24 00:25:00,1571876700.0,0.2002,0.2003,0.2002,0.2003,200.0
2019-10-24 00:26:00,1571876760.0,0.2001,0.2001,0.2,0.2,300.73
2019-10-24 00:27:00,1571876820.0,0.2,0.2,0.1999,0.1999,850.23
2019-10-24 00:28:00,1571876880.0,0.1999,0.1999,0.1999,0.1999,0.0
2019-10-24 00:29:00,1571876940.0,0.2,0.2,0.2,0.2,201.0
2019-10-24 00:30:00,1571877000.0,0.2,0.2,0.2,0.2,0.0
2019-10-24 00:31:00,1571877060.0,0.2002,0.2002,0.2002,0.2002,100.0
2019-10-24 00:32:00,1571877120.0,0.2,0.2,0.2,0.2,214.16
2019-10-24 00:33:00,1571877180.0,0.2003,0.2003,0.2,0.2,326.63
2019-10-24 00:34:00,1571877240.0,0.2,0.2,0.2,0.2,0.0
2019-10-24 00:35:00,1571877300.0,0.1999,0.1999,0.1999,0.1999,1182.0
2019-10-24 00:36:00,1571877360.0,0.2001,0.2001,0.2001,0.2001,100.0
2019-10-24 00:37:00,1571877420.0,0.2,0.2002,0.2,0.2002,259.38
2019-10-24 00:38:00,1571877480.0,0.2002,0.2002,0.2002,0.2002,0.0
2019-10-24 00:39:00,1571877540.0,0.2002,0.2002,0.2002,0.2002,0.0
2019-10-24 00:40:00,1571877600.0,0.2002,0.2002,0.2002,0.2002,0.0
2019-10-24 00:41:00,1571877660.0,0.2002,0.2002,0.2002,0.2002,0.0
2019-10-24 00:42:00,1571877720.0,0.2002,0.2004,0.2002,0.2004,534.66
2019-10-24 00:43:00,1571877780.0,0.2008,0.2008,0.1999,0.1999,2060.86
2019-10-24 00:44:00,1571877840.0,0.2,0.2004,0.2,0.2004,656.9
2019-10-24 00:45:00,1571877900.0,0.2003,0.2003,0.2003,0.2003,194.31
2019-10-24 00:46:00,1571877960.0,0.2003,0.2003,0.2003,0.2003,225.73
2019-10-24 00:47:00,1571878020.0,0.2003,0.2005,0.2,0.2004,17352.17
2019-10-24 00:48:00,1571878080.0,0.2003,0.2003,0.2001,0.2001,5310.64
2019-10-24 00:49:00,1571878140.0,0.2,0.2,0.1999,0.1999,7824.43
2019-10-24 00:50:00,1571878200.0,0.1999,0.1999,0.1999,0.1999,0.0
2019-10-24 00:51:00,1571878260.0,0.1999,0.1999,0.1999,0.1999,0.0
2019-10-24 00:52:00,1571878320.0,0.2002,0.2004,0.2001,0.2004,546.45
2019-10-24 00:53:00,1571878380.0,0.2002,0.2002,0.2001,0.2001,297.0
2019-10-24 00:54:00,1571878440.0,0.2001,0.2001,0.2001,0.2001,53.0
2019-10-24 00:55:00,1571878500.0,0.2003,0.2003,0.2001,0.2001,2424.5
2019-10-24 00:56:00,1571878560.0,0.2,0.2,0.2,0.2,216.9
2019-10-24 00:57:00,1571878620.0,0.2003,0.2003,0.2,0.2,316.12
2019-10-24 00:58:00,1571878680.0,0.2,0.2,0.2,0.2,461.35
2019-10-24 00:59:00,1571878740.0,0.2,0.2,0.2,0.2,0.0
2019-10-24 01:00:00,1571878800.0,0.2,0.2,0.2,0.2,195.31
2019-10-24 01:01:00,1571878860.0,0.2,0.2,0.2,0.2,0.0
2019-10-24 01:02:00,1571878920.0,0.2,0.2,0.2,0.2,0.0
2019-10-24 01:03:00,1571878980.0,0.2001,0.2004,0.2001,0.2004,350.0
2019-10-24 01:04:00,1571879040.0,0.2005,0.2005,0.2001,0.2001,6107.9
2019-10-24 01:05:00,1571879100.0,0.2001,0.2001,0.2001,0.2001,0.0
2019-10-24 01:06:00,1571879160.0,0.2,0.2011,0.2,0.2008,26101.09
2019-10-24 01:07:00,1571879220.0,0.2011,0.202,0.2011,0.2015,43122.18
2019-10-24 01:08:00,1571879280.0,0.2016,0.2016,0.2011,0.2011,1087.91
2019-10-24 01:09:00,1571879340.0,0.2017,0.2021,0.2016,0.2019,4991.38
2019-10-24 01:10:00,1571879400.0,0.2019,0.2019,0.2019,0.2019,0.0
2019-10-24 01:11:00,1571879460.0,0.2017,0.2017,0.2017,0.2017,223.82
2019-10-24 01:12:00,1571879520.0,0.2018,0.2021,0.2018,0.2021,333.62
2019-10-24 01:13:00,1571879580.0,0.2018,0.2018,0.2017,0.2017,238.04
2019-10-24 01:14:00,1571879640.0,0.2021,0.2022,0.2017,0.2017,384.19
2019-10-24 01:15:00,1571879700.0,0.2021,0.2025,0.2021,0.2022,13185.37
2019-10-24 01:16:00,1571879760.0,0.2022,0.2025,0.2022,0.2025,376.85
2019-10-24 01:17:00,1571879820.0,0.2022,0.2022,0.2022,0.2022,232.15
2019-10-24 01:18:00,1571879880.0,0.2022,0.2022,0.2022,0.2022,221.41
2019-10-24 01:19:00,1571879940.0,0.2025,0.2025,0.2021,0.2021,16893.77
2019-10-24 01:20:00,1571880000.0,0.2018,0.2019,0.2018,0.2019,23051.28
2019-10-24 01:21:00,1571880060.0,0.2019,0.2019,0.2019,0.2019,5772.71
2019-10-24 01:22:00,1571880120.0,0.2019,0.2019,0.2019,0.2019,200.86
2019-10-24 01:23:00,1571880180.0,0.2019,0.2024,0.2019,0.2024,5057.44
2019-10-24 01:24:00,1571880240.0,0.2021,0.2021,0.2021,0.2021,224.83
2019-10-24 01:25:00,1571880300.0,0.202,0.202,0.2019,0.2019,6653.6
2019-10-24 01:26:00,1571880360.0,0.202,0.2022,0.202,0.2022,1851.12
2019-10-24 01:27:00,1571880420.0,0.2018,0.2022,0.2018,0.2018,2584.6
2019-10-24 01:28:00,1571880480.0,0.2017,0.2023,0.2017,0.2023,7278.09
2019-10-24 01:29:00,1571880540.0,0.202,0.2022,0.202,0.2022,377.97
2019-10-24 01:30:00,1571880600.0,0.2021,0.2021,0.2017,0.2017,3208.92
2019-10-24 01:31:00,1571880660.0,0.202,0.202,0.2018,0.2018,319.18
2019-10-24 01:32:00,1571880720.0,0.2018,0.2018,0.2018,0.2018,0.0
2019-10-24 01:33:00,1571880780.0,0.2019,0.2019,0.2018,0.2018,301.14
2019-10-24 01:34:00,1571880840.0,0.2019,0.2019,0.2017,0.2017,14584.5
2019-10-24 01:35:00,1571880900.0,0.2016,0.2016,0.201,0.2014,24886.42
2019-10-24 01:36:00,1571880960.0,0.2013,0.2013,0.2012,0.2012,1098.48
2019-10-24 01:37:00,1571881020.0,0.2015,0.2015,0.2013,0.2013,328.62
2019-10-24 01:38:00,1571881080.0,0.2013,0.2013,0.2013,0.2013,0.0
2019-10-24 01:39:00,1571881140.0,0.2011,0.2014,0.2011,0.2014,315.73
2019-10-24 01:40:00,1571881200.0,0.2013,0.2013,0.2012,0.2012,317.08
2019-10-24 01:41:00,1571881260.0,0.2012,0.2013,0.2012,0.2013,1120.99
2019-10-24 01:42:00,1571881320.0,0.2012,0.2012,0.2007,0.2011,28093.47
2019-10-24 01:43:00,1571881380.0,0.201,0.2011,0.201,0.2011,200.0
2019-10-24 01:44:00,1571881440.0,0.2007,0.2014,0.2007,0.2014,522.47
2019-10-24 01:45:00,1571881500.0,0.201,0.2011,0.2008,0.2008,445.05
2019-10-24 01:46:00,1571881560.0,0.2008,0.2014,0.2008,0.201,2617.33
2019-10-24 01:47:00,1571881620.0,0.2009,0.2012,0.2006,0.2006,4218.53
2019-10-24 01:48:00,1571881680.0,0.201,0.201,0.2007,0.2007,466.85
2019-10-24 01:49:00,1571881740.0,0.201,0.201,0.2009,0.2009,373.18
2019-10-24 01:50:00,1571881800.0,0.2006,0.201,0.2006,0.201,1326.45
2019-10-24 01:51:00,1571881860.0,0.2009,0.2009,0.2005,0.2005,353.33
2019-10-24 01:52:00,1571881920.0,0.2005,0.2005,0.2005,0.2005,196.69
2019-10-24 01:53:00,1571881980.0,0.2005,0.2005,0.2005,0.2005,229.57
2019-10-24 01:54:00,1571882040.0,0.2005,0.2005,0.2005,0.2005,0.0
2019-10-24 01:55:00,1571882100.0,0.2005,0.2005,0.2005,0.2005,229.27
2019-10-24 01:56:00,1571882160.0,0.2005,0.2005,0.2005,0.2005,200.46
2019-10-24 01:57:00,1571882220.0,0.2005,0.2005,0.2005,0.2005,226.35
2019-10-24 01:58:00,1571882280.0,0.2009,0.2009,0.2005,0.2005,244.32
2019-10-24 01:59:00,1571882340.0,0.2009,0.2016,0.2009,0.2015,10237.52
2019-10-24 02:00:00,1571882400.0,0.2015,0.2015,0.2015,0.2015,0.0
2019-10-24 02:01:00,1571882460.0,0.2009,0.2009,0.2008,0.2008,214.92
2019-10-24 02:02:00,1571882520.0,0.201,0.201,0.2006,0.2006,510.83
2019-10-24 02:03:00,1571882580.0,0.2006,0.2006,0.2006,0.2006,205.72
2019-10-24 02:04:00,1571882640.0,0.2006,0.2006,0.2006,0.2006,225.74
2019-10-24 02:05:00,1571882700.0,0.2006,0.2006,0.2006,0.2006,205.49
2019-10-24 02:06:00,1571882760.0,0.2006,0.2006,0.2006,0.2006,0.0
2019-10-24 02:07:00,1571882820.0,0.2006,0.2012,0.2006,0.2007,525.49
2019-10-24 02:08:00,1571882880.0,0.2006,0.2006,0.2006,0.2006,227.97
2019-10-24 02:09:00,1571882940.0,0.201,0.2012,0.2006,0.201,1621.91
2019-10-24 02:10:00,1571883000.0,0.201,0.201,0.201,0.201,151.0
2019-10-24 02:11:00,1571883060.0,0.201,0.201,0.201,0.201,0.0
2019-10-24 02:12:00,1571883120.0,0.201,0.201,0.201,0.201,0.0
2019-10-24 02:13:00,1571883180.0,0.201,0.201,0.201,0.201,0.0
2019-10-24 02:14:00,1571883240.0,0.201,0.201,0.201,0.201,0.0
2019-10-24 02:15:00,1571883300.0,0.201,0.201,0.201,0.201,115.66
2019-10-24 02:16:00,1571883360.0,0.2009,0.2009,0.2006,0.2009,350.0
2019-10-24 02:17:00,1571883420.0,0.2009,0.2009,0.2009,0.2009,0.0
2019-10-24 02:18:00,1571883480.0,0.2008,0.2008,0.2007,0.2007,526.43
2019-10-24 02:19:00,1571883540.0,0.2007,0.2007,0.2007,0.2007,0.0
2019-10-24 02:20:00,1571883600.0,0.2006,0.2006,0.2004,0.2005,4780.27
2019-10-24 02:21:00,1571883660.0,0.2006,0.2008,0.2006,0.2008,3906.0
2019-10-24 02:22:00,1571883720.0,0.2006,0.2006,0.2004,0.2004,4336.0
2019-10-24 02:23:00,1571883780.0,0.2004,0.2004,0.2004,0.2004,0.0
2019-10-24 02:24:00,1571883840.0,0.2004,0.2004,0.2004,0.2004,0.0
2019-10-24 02:25:00,1571883900.0,0.2004,0.2004,0.2004,0.2004,0.0
2019-10-24 02:26:00,1571883960.0,0.2007,0.2008,0.2007,0.2008,529.71
2019-10-24 02:27:00,1571884020.0,0.2009,0.2009,0.2008,0.2008,350.0
2019-10-24 02:28:00,1571884080.0,0.2008,0.2008,0.2008,0.2008,0.0
2019-10-24 02:29:00,1571884140.0,0.2006,0.2006,0.2006,0.2006,199.6
2019-10-24 02:30:00,1571884200.0,0.2008,0.2008,0.2007,0.2008,1606.86
2019-10-24 02:31:00,1571884260.0,0.2008,0.2008,0.2008,0.2008,100.0
2019-10-24 02:32:00,1571884320.0,0.2007,0.2007,0.2007,0.2007,164.0
2019-10-24 02:33:00,1571884380.0,0.2007,0.2007,0.2007,0.2007,0.0
2019-10-24 02:34:00,1571884440.0,0.2009,0.2009,0.2009,0.2009,200.0
2019-10-24 02:35:00,1571884500.0,0.2009,0.2009,0.2009,0.2009,0.0
2019-10-24 02:36:00,1571884560.0,0.2009,0.2009,0.2009,0.2009,0.0
2019-10-24 02:37:00,1571884620.0,0.2009,0.2009,0.2009,0.2009,0.0
2019-10-24 02:38:00,1571884680.0,0.2009,0.2009,0.2009,0.2009,0.0
2019-10-24 02:39:00,1571884740.0,0.2009,0.2009,0.2009,0.2009,0.0
2019-10-24 02:40:00,1571884800.0,0.2009,0.2009,0.2009,0.2009,100.0
2019-10-24 02:41:00,1571884860.0,0.2009,0.2009,0.2009,0.2009,0.0
2019-10-24 02:42:00,1571884920.0,0.2009,0.2009,0.2009,0.2009,72.0
2019-10-24 02:43:00,1571884980.0,0.2009,0.2009,0.2009,0.2009,75.0
2019-10-24 02:44:00,1571885040.0,0.2009,0.2009,0.2009,0.2009,0.0
2019-10-24 02:45:00,1571885100.0,0.2009,0.2009,0.2009,0.2009,0.53
2019-10-24 02:46:00,1571885160.0,0.2009,0.2009,0.2009,0.2009,100.0
2019-10-24 02:47:00,1571885220.0,0.2008,0.2009,0.2006,0.2006,1739.75
2019-10-24 02:48:00,1571885280.0,0.2008,0.2008,0.2008,0.2008,120.0
2019-10-24 02:49:00,1571885340.0,0.2009,0.2009,0.2009,0.2009,200.0
2019-10-24 02:50:00,1571885400.0,0.2009,0.2009,0.2009,0.2009,0.0
2019-10-24 02:51:00,1571885460.0,0.2009,0.2009,0.2009,0.2009,0.0
2019-10-24 02:52:00,1571885520.0,0.2009,0.2009,0.2009,0.2009,0.0
2019-10-24 02:53:00,1571885580.0,0.2015,0.2015,0.2015,0.2015,1744.0
2019-10-24 02:54:00,1571885640.0,0.2015,0.202,0.201,0.202,29729.51
2019-10-24 02:55:00,1571885700.0,0.2016,0.2018,0.2015,0.2018,450.63
2019-10-24 02:56:00,1571885760.0,0.2015,0.2015,0.2015,0.2015,2052.99
2019-10-24 02:57:00,1571885820.0,0.2015,0.2015,0.2015,0.2015,0.0
2019-10-24 02:58:00,1571885880.0,0.2014,0.2014,0.2014,0.2014,128.0
2019-10-24 02:59:00,1571885940.0,0.2015,0.2015,0.2015,0.2015,641.79
2019-10-24 03:00:00,1571886000.0,0.2015,0.2015,0.2015,0.2015,7169.87
2019-10-24 03:01:00,1571886060.0,0.2015,0.2015,0.2015,0.2015,5956.54
2019-10-24 03:02:00,1571886120.0,0.2015,0.2015,0.2015,0.2015,0.0
2019-10-24 03:03:00,1571886180.0,0.2015,0.2015,0.2015,0.2015,3580.98
2019-10-24 03:04:00,1571886240.0,0.2015,0.2015,0.2015,0.2015,0.0
2019-10-24 03:05:00,1571886300.0,0.2014,0.2014,0.2009,0.2009,30959.52
2019-10-24 03:06:00,1571886360.0,0.2009,0.2009,0.2007,0.2007,14718.48
2019-10-24 03:07:00,1571886420.0,0.2007,0.2007,0.2007,0.2007,0.0
2019-10-24 03:08:00,1571886480.0,0.2012,0.2014,0.2012,0.2014,386.0
2019-10-24 03:09:00,1571886540.0,0.2013,0.2017,0.2005,0.2013,14210.27
2019-10-24 03:10:00,1571886600.0,0.2011,0.2011,0.2009,0.2009,625.0
2019-10-24 03:11:00,1571886660.0,0.2008,0.201,0.2008,0.201,1901.23
2019-10-24 03:12:00,1571886720.0,0.201,0.201,0.201,0.201,0.0
2019-10-24 03:13:00,1571886780.0,0.201,0.201,0.201,0.201,0.0
2019-10-24 03:14:00,1571886840.0,0.201,0.201,0.201,0.201,0.0
2019-10-24 03:15:00,1571886900.0,0.201,0.201,0.201,0.201,0.0
2019-10-24 03:16:00,1571886960.0,0.201,0.201,0.201,0.201,0.0
2019-10-24 03:17:00,1571887020.0,0.2005,0.2005,0.1996,0.1999,41650.05
2019-10-24 03:18:00,1571887080.0,0.1999,0.1999,0.1997,0.1999,29113.69
2019-10-24 03:19:00,1571887140.0,0.1999,0.2004,0.1998,0.2003,35446.41
2019-10-24 03:20:00,1571887200.0,0.2004,0.2005,0.2004,0.2005,250.0
2019-10-24 03:21:00,1571887260.0,0.2006,0.2012,0.2005,0.2011,13772.52
2019-10-24 03:22:00,1571887320.0,0.2013,0.2014,0.2012,0.2014,2547.1
2019-10-24 03:23:00,1571887380.0,0.2013,0.2014,0.201,0.2014,9964.76
2019-10-24 03:24:00,1571887440.0,0.2014,0.2014,0.2014,0.2014,0.0
2019-10-24 03:25:00,1571887500.0,0.2015,0.2019,0.2015,0.2018,16820.29
2019-10-24 03:26:00,1571887560.0,0.2018,0.2019,0.2018,0.2019,4228.0
2019-10-24 03:27:00,1571887620.0,0.2018,0.2018,0.2018,0.2018,115.0
2019-10-24 03:28:00,1571887680.0,0.2019,0.2019,0.2013,0.2013,916.0
2019-10-24 03:29:00,1571887740.0,0.2014,0.2014,0.2009,0.2009,14807.28
2019-10-24 03:30:00,1571887800.0,0.2013,0.2013,0.2013,0.2013,200.0
2019-10-24 03:31:00,1571887860.0,0.2014,0.2018,0.2014,0.2018,4258.96
2019-10-24 03:32:00,1571887920.0,0.2018,0.2019,0.2018,0.2019,12126.96
2019-10-24 03:33:00,1571887980.0,0.202,0.202,0.202,0.202,590.01
2019-10-24 03:34:00,1571888040.0,0.202,0.202,0.202,0.202,500.0
2019-10-24 03:35:00,1571888100.0,0.202,0.202,0.202,0.202,0.0
2019-10-24 03:36:00,1571888160.0,0.202,0.202,0.202,0.202,5009.68
2019-10-24 03:37:00,1571888220.0,0.2021,0.2021,0.2021,0.2021,54.42
2019-10-24 03:38:00,1571888280.0,0.2021,0.2021,0.2021,0.2021,3444.0
2019-10-24 03:39:00,1571888340.0,0.2021,0.2021,0.2021,0.2021,0.0
2019-10-24 03:40:00,1571888400.0,0.2021,0.2021,0.2021,0.2021,0.0
2019-10-24 03:41:00,1571888460.0,0.2021,0.2021,0.2021,0.2021,0.0
2019-10-24 03:42:00,1571888520.0,0.2024,0.2024,0.2024,0.2024,100.0
2019-10-24 03:43:00,1571888580.0,0.2024,0.2024,0.2024,0.2024,16.75
2019-10-24 03:44:00,1571888640.0,0.2024,0.2024,0.2024,0.2024,0.0
2019-10-24 03:45:00,1571888700.0,0.2024,0.2024,0.2024,0.2024,1200.58
2019-10-24 03:46:00,1571888760.0,0.2024,0.2024,0.2024,0.2024,0.0
2019-10-24 03:47:00,1571888820.0,0.2021,0.2021,0.2021,0.2021,239.56
2019-10-24 03:48:00,1571888880.0,0.2021,0.2021,0.2021,0.2021,4674.45
2019-10-24 03:49:00,1571888940.0,0.2023,0.2023,0.2023,0.2023,1880.0
2019-10-24 03:50:00,1571889000.0,0.2023,0.2023,0.2023,0.2023,0.0
2019-10-24 03:51:00,1571889060.0,0.2022,0.2029,0.2022,0.2029,5048.12
2019-10-24 03:52:00,1571889120.0,0.2029,0.2029,0.2029,0.2029,0.0
2019-10-24 03:53:00,1571889180.0,0.203,0.203,0.203,0.203,50.0
2019-10-24 03:54:00,1571889240.0,0.203,0.203,0.203,0.203,0.0
2019-10-24 03:55:00,1571889300.0,0.2026,0.2026,0.2026,0.2026,200.0
2019-10-24 03:56:00,1571889360.0,0.2026,0.2026,0.2026,0.2026,0.0
2019-10-24 03:57:00,1571889420.0,0.203,0.203,0.203,0.203,16.29
2019-10-24 03:58:00,1571889480.0,0.203,0.203,0.203,0.203,0.0
2019-10-24 03:59:00,1571889540.0,0.203,0.203,0.203,0.203,1830.0
2019-10-24 04:00:00,1571889600.0,0.2026,0.2027,0.2026,0.2026,781.47
2019-10-24 04:01:00,1571889660.0,0.2027,0.203,0.2027,0.203,3893.27
2019-10-24 04:02:00,1571889720.0,0.203,0.203,0.2028,0.2028,4443.0
2019-10-24 04:03:00,1571889780.0,0.203,0.203,0.203,0.203,7800.85
2019-10-24 04:04:00,1571889840.0,0.203,0.203,0.203,0.203,0.0
2019-10-24 04:05:00,1571889900.0,0.203,0.203,0.203,0.203,0.0
2019-10-24 04:06:00,1571889960.0,0.2026,0.2026,0.202,0.202,35252.47
2019-10-24 04:07:00,1571890020.0,0.202,0.202,0.202,0.202,0.0
2019-10-24 04:08:00,1571890080.0,0.202,0.202,0.202,0.202,0.0
2019-10-24 04:09:00,1571890140.0,0.202,0.202,0.202,0.202,0.0
2019-10-24 04:10:00,1571890200.0,0.2025,0.2029,0.2025,0.2025,600.0
2019-10-24 04:11:00,1571890260.0,0.2021,0.2025,0.2019,0.2023,8752.12
2019-10-24 04:12:00,1571890320.0,0.2019,0.2019,0.2019,0.2019,150.0
2019-10-24 04:13:00,1571890380.0,0.2021,0.2021,0.202,0.2021,339.42
2019-10-24 04:14:00,1571890440.0,0.2018,0.2018,0.2016,0.2016,3994.0
2019-10-24 04:15:00,1571890500.0,0.2016,0.2016,0.2016,0.2016,0.0
2019-10-24 04:16:00,1571890560.0,0.2019,0.202,0.2018,0.2018,2372.0
2019-10-24 04:17:00,1571890620.0,0.2017,0.2018,0.2016,0.2016,205.12
2019-10-24 04:18:00,1571890680.0,0.2016,0.2016,0.2016,0.2016,0.0
2019-10-24 04:19:00,1571890740.0,0.2016,0.2016,0.2016,0.2016,0.0
2019-10-24 04:20:00,1571890800.0,0.2019,0.2019,0.2018,0.2018,300.0
2019-10-24 04:21:00,1571890860.0,0.2018,0.2018,0.2018,0.2018,0.0
2019-10-24 04:22:00,1571890920.0,0.2018,0.2018,0.2018,0.2018,0.0
2019-10-24 04:23:00,1571890980.0,0.202,0.202,0.202,0.202,1594.0
2019-10-24 04:24:00,1571891040.0,0.202,0.2021,0.202,0.202,942.47
2019-10-24 04:25:00,1571891100.0,0.2024,0.2024,0.2021,0.2021,208.68
2019-10-24 04:26:00,1571891160.0,0.2021,0.2021,0.2021,0.2021,0.0
2019-10-24 04:27:00,1571891220.0,0.2021,0.2021,0.2021,0.2021,0.0
2019-10-24 04:28:00,1571891280.0,0.202,0.202,0.202,0.202,2210.1
2019-10-24 04:29:00,1571891340.0,0.202,0.202,0.202,0.202,14.15
2019-10-24 04:30:00,1571891400.0,0.202,0.202,0.202,0.202,0.0
2019-10-24 04:31:00,1571891460.0,0.202,0.202,0.202,0.202,54.45
2019-10-24 04:32:00,1571891520.0,0.202,0.202,0.202,0.202,54.45
2019-10-24 04:33:00,1571891580.0,0.202,0.202,0.202,0.202,0.0
2019-10-24 04:34:00,1571891640.0,0.2017,0.2017,0.2017,0.2017,100.0
2019-10-24 04:35:00,1571891700.0,0.2015,0.2015,0.2015,0.2015,3444.0
2019-10-24 04:36:00,1571891760.0,0.2013,0.2013,0.2013,0.2013,3444.0
2019-10-24 04:37:00,1571891820.0,0.2011,0.2011,0.2011,0.2011,200.0
2019-10-24 04:38:00,1571891880.0,0.2011,0.2011,0.2011,0.2011,0.0
2019-10-24 04:39:00,1571891940.0,0.2011,0.2011,0.2011,0.2011,0.0
2019-10-24 04:40:00,1571892000.0,0.201,0.201,0.201,0.201,3743.5
2019-10-24 04:41:00,1571892060.0,0.201,0.201,0.201,0.201,0.0
2019-10-24 04:42:00,1571892120.0,0.2012,0.2012,0.2012,0.2012,150.0
2019-10-24 04:43:00,1571892180.0,0.2008,0.2009,0.2007,0.2009,2444.92
2019-10-24 04:44:00,1571892240.0,0.2007,0.2008,0.2007,0.2008,2730.12
2019-10-24 04:45:00,1571892300.0,0.2007,0.2007,0.2007,0.2007,98.7
2019-10-24 04:46:00,1571892360.0,0.2008,0.2008,0.2008,0.2008,1360.55
2019-10-24 04:47:00,1571892420.0,0.2009,0.201,0.2009,0.201,282.52
2019-10-24 04:48:00,1571892480.0,0.201,0.201,0.201,0.201,0.0
2019-10-24 04:49:00,1571892540.0,0.2006,0.2006,0.2006,0.2006,1493.0
2019-10-24 04:50:00,1571892600.0,0.2006,0.2006,0.2006,0.2006,2680.0
2019-10-24 04:51:00,1571892660.0,0.2006,0.2006,0.2006,0.2006,337.0
2019-10-24 04:52:00,1571892720.0,0.2006,0.2006,0.2006,0.2006,0.0
2019-10-24 04:53:00,1571892780.0,0.2006,0.2006,0.2006,0.2006,843.0
2019-10-24 04:54:00,1571892840.0,0.2006,0.2006,0.2006,0.2006,421.88
2019-10-24 04:55:00,1571892900.0,0.2004,0.2004,0.1997,0.2,28892.64
2019-10-24 04:56:00,1571892960.0,0.2002,0.2002,0.2002,0.2002,82.0
2019-10-24 04:57:00,1571893020.0,0.2002,0.2002,0.2002,0.2002,0.0
2019-10-24 04:58:00,1571893080.0,0.2002,0.2002,0.2002,0.2002,0.0
2019-10-24 04:59:00,1571893140.0,0.2002,0.2002,0.2002,0.2002,0.0
2019-10-24 05:00:00,1571893200.0,0.2002,0.2002,0.2002,0.2002,0.0
2019-10-24 05:01:00,1571893260.0,0.2002,0.2002,0.2002,0.2002,0.0
2019-10-24 05:02:00,1571893320.0,0.2004,0.2006,0.2004,0.2006,5872.12
2019-10-24 05:03:00,1571893380.0,0.2006,0.2006,0.2006,0.2006,407.25
2019-10-24 05:04:00,1571893440.0,0.2006,0.201,0.2006,0.201,3549.7
2019-10-24 05:05:00,1571893500.0,0.201,0.201,0.201,0.201,607.9
2019-10-24 05:06:00,1571893560.0,0.201,0.2011,0.201,0.201,4474.57
2019-10-24 05:07:00,1571893620.0,0.2013,0.2014,0.2013,0.2014,5643.46
2019-10-24 05:08:00,1571893680.0,0.2014,0.2014,0.2014,0.2014,0.0
2019-10-24 05:09:00,1571893740.0,0.2013,0.2014,0.2013,0.2014,5869.03
2019-10-24 05:10:00,1571893800.0,0.2014,0.2014,0.2014,0.2014,0.0
2019-10-24 05:11:00,1571893860.0,0.2014,0.2014,0.2014,0.2014,0.0
2019-10-24 05:12:00,1571893920.0,0.2014,0.2014,0.2014,0.2014,0.0
2019-10-24 05:13:00,1571893980.0,0.2014,0.2014,0.2014,0.2014,0.0
2019-10-24 05:14:00,1571894040.0,0.2014,0.2014,0.2014,0.2014,0.0
2019-10-24 05:15:00,1571894100.0,0.2014,0.2014,0.2014,0.2014,0.0
2019-10-24 05:16:00,1571894160.0,0.2014,0.2014,0.2014,0.2014,0.0
2019-10-24 05:17:00,1571894220.0,0.2015,0.2015,0.2015,0.2015,71.0
2019-10-24 05:18:00,1571894280.0,0.2015,0.2015,0.2015,0.2015,267.39
2019-10-24 05:19:00,1571894340.0,0.2015,0.2015,0.2015,0.2015,0.0
2019-10-24 05:20:00,1571894400.0,0.2015,0.2015,0.2015,0.2015,0.0
2019-10-24 05:21:00,1571894460.0,0.2015,0.2015,0.2015,0.2015,0.0
2019-10-24 05:22:00,1571894520.0,0.2015,0.2015,0.2015,0.2015,0.0
2019-10-24 05:23:00,1571894580.0,0.2015,0.2015,0.2015,0.2015,5984.59
2019-10-24 05:24:00,1571894640.0,0.2016,0.2017,0.2011,0.2011,9926.64
2019-10-24 05:25:00,1571894700.0,0.2015,0.2015,0.2015,0.2015,150.0
2019-10-24 05:26:00,1571894760.0,0.2015,0.2015,0.2015,0.2015,0.0
2019-10-24 05:27:00,1571894820.0,0.2016,0.2016,0.2015,0.2015,74.89
2019-10-24 05:28:00,1571894880.0,0.2015,0.2015,0.2015,0.2015,0.0
2019-10-24 05:29:00,1571894940.0,0.2015,0.2015,0.2015,0.2015,0.0
2019-10-24 05:30:00,1571895000.0,0.2015,0.202,0.2015,0.202,7396.52
2019-10-24 05:31:00,1571895060.0,0.202,0.202,0.202,0.202,0.0
2019-10-24 05:32:00,1571895120.0,0.2021,0.2021,0.2021,0.2021,100.0
2019-10-24 05:33:00,1571895180.0,0.2021,0.2021,0.2021,0.2021,0.0
2019-10-24 05:34:00,1571895240.0,0.2021,0.2021,0.2021,0.2021,311.22
2019-10-24 05:35:00,1571895300.0,0.2022,0.2022,0.2021,0.2021,1164.0
2019-10-24 05:36:00,1571895360.0,0.2021,0.2021,0.2021,0.2021,2238.0
2019-10-24 05:37:00,1571895420.0,0.2021,0.2021,0.2021,0.2021,5109.06
2019-10-24 05:38:00,1571895480.0,0.2022,0.2022,0.2022,0.2022,169.76
2019-10-24 05:39:00,1571895540.0,0.2022,0.2022,0.2022,0.2022,0.0
2019-10-24 05:40:00,1571895600.0,0.2022,0.2022,0.2022,0.2022,0.0
2019-10-24 05:41:00,1571895660.0,0.2022,0.2022,0.2022,0.2022,0.0
2019-10-24 05:42:00,1571895720.0,0.2022,0.2022,0.2022,0.2022,0.0
2019-10-24 05:43:00,1571895780.0,0.2022,0.2022,0.2022,0.2022,0.0
2019-10-24 05:44:00,1571895840.0,0.2019,0.2019,0.2019,0.2019,4985.09
2019-10-24 05:45:00,1571895900.0,0.2019,0.2019,0.2019,0.2019,0.0
2019-10-24 05:46:00,1571895960.0,0.2019,0.2019,0.2019,0.2019,0.0
2019-10-24 05:47:00,1571896020.0,0.2019,0.2019,0.2019,0.2019,0.0
2019-10-24 05:48:00,1571896080.0,0.2019,0.2019,0.2017,0.2019,3193.1
2019-10-24 05:49:00,1571896140.0,0.2019,0.2019,0.2019,0.2019,0.0
2019-10-24 05:50:00,1571896200.0,0.2019,0.2019,0.2019,0.2019,17.92
2019-10-24 05:51:00,1571896260.0,0.2017,0.2017,0.2017,0.2017,4979.08
2019-10-24 05:52:00,1571896320.0,0.2017,0.2017,0.2017,0.2017,0.0
2019-10-24 05:53:00,1571896380.0,0.2016,0.2016,0.201,0.201,20160.63
2019-10-24 05:54:00,1571896440.0,0.2011,0.2017,0.2011,0.2015,6061.32
2019-10-24 05:55:00,1571896500.0,0.2017,0.2017,0.2017,0.2017,49.58
2019-10-24 05:56:00,1571896560.0,0.2017,0.2017,0.2017,0.2017,16.63
2019-10-24 05:57:00,1571896620.0,0.2017,0.2017,0.2017,0.2017,0.0
2019-10-24 05:58:00,1571896680.0,0.2013,0.2013,0.2013,0.2013,100.0
2019-10-24 05:59:00,1571896740.0,0.2013,0.2013,0.2013,0.2013,0.0
2019-10-24 06:00:00,1571896800.0,0.2013,0.2013,0.2013,0.2013,0.0
2019-10-24 06:01:00,1571896860.0,0.2016,0.2016,0.2016,0.2016,72.48
2019-10-24 06:02:00,1571896920.0,0.2012,0.2012,0.201,0.201,710.82
2019-10-24 06:03:00,1571896980.0,0.201,0.201,0.201,0.201,0.0
2019-10-24 06:04:00,1571897040.0,0.201,0.201,0.201,0.201,0.0
2019-10-24 06:05:00,1571897100.0,0.2017,0.2017,0.2017,0.2017,17.31
2019-10-24 06:06:00,1571897160.0,0.2016,0.2016,0.2016,0.2016,100.0
2019-10-24 06:07:00,1571897220.0,0.2016,0.2016,0.2016,0.2016,0.0
2019-10-24 06:08:00,1571897280.0,0.2016,0.2016,0.2016,0.2016,0.0
2019-10-24 06:09:00,1571897340.0,0.2017,0.2017,0.2017,0.2017,58.41
2019-10-24 06:10:00,1571897400.0,0.2017,0.2017,0.2017,0.2017,0.0
2019-10-24 06:11:00,1571897460.0,0.2017,0.2017,0.2017,0.2017,0.0
2019-10-24 06:12:00,1571897520.0,0.2017,0.2017,0.2017,0.2017,0.0
2019-10-24 06:13:00,1571897580.0,0.2017,0.2017,0.2017,0.2017,17.81
2019-10-24 06:14:00,1571897640.0,0.2017,0.2017,0.2017,0.2017,0.0
2019-10-24 06:15:00,1571897700.0,0.2016,0.2016,0.2016,0.2016,3664.12
2019-10-24 06:16:00,1571897760.0,0.2015,0.2015,0.2011,0.2011,200.0
2019-10-24 06:17:00,1571897820.0,0.2011,0.2013,0.2006,0.2013,11393.33
2019-10-24 06:18:00,1571897880.0,0.2013,0.2013,0.2013,0.2013,17.95
2019-10-24 06:19:00,1571897940.0,0.2012,0.2012,0.2012,0.2012,55.7
2019-10-24 06:20:00,1571898000.0,0.2008,0.2008,0.2005,0.2005,12357.53
2019-10-24 06:21:00,1571898060.0,0.2007,0.2007,0.2004,0.2004,3746.1
2019-10-24 06:22:00,1571898120.0,0.2004,0.2004,0.1999,0.1999,10822.72
2019-10-24 06:23:00,1571898180.0,0.2001,0.2004,0.2001,0.2004,166.85
2019-10-24 06:24:00,1571898240.0,0.2004,0.2004,0.2004,0.2004,0.0
2019-10-24 06:25:00,1571898300.0,0.2004,0.2004,0.2004,0.2004,0.0
2019-10-24 06:26:00,1571898360.0,0.2004,0.2004,0.2004,0.2004,0.0
2019-10-24 06:27:00,1571898420.0,0.1997,0.1999,0.1997,0.1998,6017.55
2019-10-24 06:28:00,1571898480.0,0.1998,0.1998,0.1992,0.1996,7938.8
2019-10-24 06:29:00,1571898540.0,0.1997,0.1999,0.1997,0.1999,166.78
2019-10-24 06:30:00,1571898600.0,0.1999,0.1999,0.1999,0.1999,0.0
2019-10-24 06:31:00,1571898660.0,0.1999,0.1999,0.1999,0.1999,72.89
2019-10-24 06:32:00,1571898720.0,0.1999,0.1999,0.1999,0.1999,0.0
2019-10-24 06:33:00,1571898780.0,0.1999,0.1999,0.1999,0.1999,5830.05
2019-10-24 06:34:00,1571898840.0,0.1996,0.1997,0.1995,0.1997,1312.2
2019-10-24 06:35:00,1571898900.0,0.1997,0.1997,0.1997,0.1997,0.0
2019-10-24 06:36:00,1571898960.0,0.1993,0.1993,0.1993,0.1993,2848.71
2019-10-24 06:37:00,1571899020.0,0.1995,0.1995,0.1995,0.1995,988.36
2019-10-24 06:38:00,1571899080.0,0.1995,0.1995,0.1995,0.1995,0.0
2019-10-24 06:39:00,1571899140.0,0.1995,0.1995,0.1995,0.1995,0.0
2019-10-24 06:40:00,1571899200.0,0.1994,0.1999,0.1994,0.1999,8950.62
2019-10-24 06:41:00,1571899260.0,0.1999,0.1999,0.1999,0.1999,0.0
2019-10-24 06:42:00,1571899320.0,0.1998,0.1998,0.1998,0.1998,594.46
2019-10-24 06:43:00,1571899380.0,0.1996,0.1996,0.1995,0.1995,330.4
2019-10-24 06:44:00,1571899440.0,0.1995,0.1995,0.1995,0.1995,1148.33
2019-10-24 06:45:00,1571899500.0,0.1995,0.1995,0.1995,0.1995,1456.11
2019-10-24 06:46:00,1571899560.0,0.1994,0.1994,0.1992,0.1992,952.86
2019-10-24 06:47:00,1571899620.0,0.1992,0.1992,0.1992,0.1992,150.0
2019-10-24 06:48:00,1571899680.0,0.1994,0.1994,0.1994,0.1994,250.0
2019-10-24 06:49:00,1571899740.0,0.1993,0.1993,0.1993,0.1993,324.46
2019-10-24 06:50:00,1571899800.0,0.1994,0.1996,0.1994,0.1996,168.54
2019-10-24 06:51:00,1571899860.0,0.1995,0.1996,0.1993,0.1993,3952.0
2019-10-24 06:52:00,1571899920.0,0.1993,0.1993,0.1993,0.1993,0.0
2019-10-24 06:53:00,1571899980.0,0.1993,0.1993,0.1993,0.1993,0.0
2019-10-24 06:54:00,1571900040.0,0.1992,0.1992,0.1992,0.1992,250.25
2019-10-24 06:55:00,1571900100.0,0.1992,0.1992,0.1992,0.1992,0.0
2019-10-24 06:56:00,1571900160.0,0.1992,0.1992,0.1992,0.1992,150.0
2019-10-24 06:57:00,1571900220.0,0.1992,0.1992,0.1992,0.1992,200.0
2019-10-24 06:58:00,1571900280.0,0.1992,0.1992,0.1992,0.1992,0.0
2019-10-24 06:59:00,1571900340.0,0.1992,0.1992,0.1991,0.1992,6530.91
2019-10-24 07:00:00,1571900400.0,0.1991,0.1992,0.199,0.199,831.66
2019-10-24 07:01:00,1571900460.0,0.1992,0.1992,0.1992,0.1992,1911.0
2019-10-24 07:02:00,1571900520.0,0.1991,0.1994,0.1991,0.1992,13407.01
2019-10-24 07:03:00,1571900580.0,0.1993,0.1994,0.1993,0.1994,10150.0
2019-10-24 07:04:00,1571900640.0,0.1994,0.2,0.1994,0.2,5685.24
2019-10-24 07:05:00,1571900700.0,0.2001,0.2003,0.2001,0.2003,3804.57
2019-10-24 07:06:00,1571900760.0,0.2004,0.2005,0.2003,0.2003,5544.85
2019-10-24 07:07:00,1571900820.0,0.2002,0.2002,0.2002,0.2002,200.0
2019-10-24 07:08:00,1571900880.0,0.2002,0.2002,0.2002,0.2002,0.0
2019-10-24 07:09:00,1571900940.0,0.2002,0.2002,0.2002,0.2002,0.0
2019-10-24 07:10:00,1571901000.0,0.2004,0.2006,0.2004,0.2006,164.91
2019-10-24 07:11:00,1571901060.0,0.2006,0.2006,0.2006,0.2006,0.0
2019-10-24 07:12:00,1571901120.0,0.2006,0.2006,0.2006,0.2006,0.0
2019-10-24 07:13:00,1571901180.0,0.2006,0.2006,0.2006,0.2006,0.0
2019-10-24 07:14:00,1571901240.0,0.2006,0.2006,0.2006,0.2006,0.0
2019-10-24 07:15:00,1571901300.0,0.2006,0.2022,0.2006,0.2016,53310.61
2019-10-24 07:16:00,1571901360.0,0.2016,0.2016,0.2016,0.2016,0.0
2019-10-24 07:17:00,1571901420.0,0.2016,0.2016,0.2016,0.2016,0.0
2019-10-24 07:18:00,1571901480.0,0.2016,0.2016,0.2016,0.2016,0.0
2019-10-24 07:19:00,1571901540.0,0.2019,0.2019,0.2019,0.2019,200.0
2019-10-24 07:20:00,1571901600.0,0.2019,0.2019,0.2019,0.2019,0.0
2019-10-24 07:21:00,1571901660.0,0.2023,0.2023,0.2023,0.2023,510.15
2019-10-24 07:22:00,1571901720.0,0.2022,0.2022,0.2022,0.2022,4065.62
2019-10-24 07:23:00,1571901780.0,0.2022,0.2022,0.2022,0.2022,0.0
2019-10-24 07:24:00,1571901840.0,0.202,0.202,0.202,0.202,150.0
2019-10-24 07:25:00,1571901900.0,0.202,0.202,0.202,0.202,0.0
2019-10-24 07:26:00,1571901960.0,0.202,0.202,0.202,0.202,0.0
2019-10-24 07:27:00,1571902020.0,0.2019,0.2019,0.2016,0.2016,208.17
2019-10-24 07:28:00,1571902080.0,0.2016,0.2016,0.2016,0.2016,97.63
2019-10-24 07:29:00,1571902140.0,0.2016,0.2016,0.2016,0.2016,0.0
2019-10-24 07:30:00,1571902200.0,0.2016,0.2016,0.2014,0.2015,5021.0
2019-10-24 07:31:00,1571902260.0,0.2013,0.2013,0.2013,0.2013,195.78
2019-10-24 07:32:00,1571902320.0,0.2013,0.2013,0.2013,0.2013,0.0
2019-10-24 07:33:00,1571902380.0,0.2015,0.2018,0.2015,0.2018,475.0
2019-10-24 07:34:00,1571902440.0,0.2015,0.2015,0.2015,0.2015,100.0
2019-10-24 07:35:00,1571902500.0,0.2015,0.2015,0.2015,0.2015,116.0
2019-10-24 07:36:00,1571902560.0,0.2014,0.2014,0.2013,0.2013,513.79
2019-10-24 07:37:00,1571902620.0,0.2013,0.2013,0.2013,0.2013,0.0
2019-10-24 07:38:00,1571902680.0,0.2013,0.2013,0.2013,0.2013,0.0
2019-10-24 07:39:00,1571902740.0,0.2013,0.2013,0.2012,0.2012,2700.29
2019-10-24 07:40:00,1571902800.0,0.2012,0.2014,0.2012,0.2012,2925.71
2019-10-24 07:41:00,1571902860.0,0.2012,0.2012,0.2012,0.2012,0.0
2019-10-24 07:42:00,1571902920.0,0.2012,0.2012,0.2012,0.2012,0.0
2019-10-24 07:43:00,1571902980.0,0.2013,0.2016,0.2013,0.2016,849.2
2019-10-24 07:44:00,1571903040.0,0.2016,0.2016,0.2016,0.2016,0.0
2019-10-24 07:45:00,1571903100.0,0.2016,0.2016,0.2016,0.2016,0.0
2019-10-24 07:46:00,1571903160.0,0.2015,0.2015,0.2015,0.2015,100.0
2019-10-24 07:47:00,1571903220.0,0.2014,0.2014,0.2014,0.2014,100.0
2019-10-24 07:48:00,1571903280.0,0.2014,0.2014,0.2014,0.2014,0.0
2019-10-24 07:49:00,1571903340.0,0.2016,0.2017,0.2015,0.2017,1157.39
2019-10-24 07:50:00,1571903400.0,0.2015,0.2015,0.2015,0.2015,100.0
2019-10-24 07:51:00,1571903460.0,0.2015,0.2015,0.2015,0.2015,249.85
2019-10-24 07:52:00,1571903520.0,0.2014,0.2015,0.2014,0.2015,267.01
2019-10-24 07:53:00,1571903580.0,0.2014,0.2014,0.2004,0.2008,44630.23
2019-10-24 07:54:00,1571903640.0,0.2008,0.2009,0.2006,0.2006,2611.67
2019-10-24 07:55:00,1571903700.0,0.2005,0.2007,0.2005,0.2007,2806.46
2019-10-24 07:56:00,1571903760.0,0.2007,0.2007,0.2007,0.2007,0.0
2019-10-24 07:57:00,1571903820.0,0.2007,0.2007,0.2007,0.2007,0.0
2019-10-24 07:58:00,1571903880.0,0.2007,0.2007,0.2007,0.2007,0.0
2019-10-24 07:59:00,1571903940.0,0.2007,0.2007,0.2007,0.2007,0.0
2019-10-24 08:00:00,1571904000.0,0.2007,0.2007,0.2007,0.2007,0.0
2019-10-24 08:01:00,1571904060.0,0.2007,0.2007,0.2007,0.2007,0.0
2019-10-24 08:02:00,1571904120.0,0.2008,0.2009,0.2008,0.2009,145.8
2019-10-24 08:03:00,1571904180.0,0.2009,0.2009,0.2009,0.2009,0.0
2019-10-24 08:04:00,1571904240.0,0.2009,0.2009,0.2009,0.2009,0.0
2019-10-24 08:05:00,1571904300.0,0.2009,0.2009,0.2009,0.2009,0.0
2019-10-24 08:06:00,1571904360.0,0.2009,0.2009,0.2009,0.2009,0.0
2019-10-24 08:07:00,1571904420.0,0.2009,0.2009,0.2009,0.2009,0.0
2019-10-24 08:08:00,1571904480.0,0.2009,0.2009,0.2009,0.2009,0.0
2019-10-24 08:09:00,1571904540.0,0.2009,0.2009,0.2009,0.2009,0.0
2019-10-24 08:10:00,1571904600.0,0.2009,0.2009,0.2009,0.2009,0.0
2019-10-24 08:11:00,1571904660.0,0.2006,0.2006,0.2005,0.2005,936.59
2019-10-24 08:12:00,1571904720.0,0.2005,0.2005,0.2005,0.2005,0.0
2019-10-24 08:13:00,1571904780.0,0.2005,0.2005,0.2005,0.2005,0.0
2019-10-24 08:14:00,1571904840.0,0.2005,0.2005,0.2005,0.2005,0.0
2019-10-24 08:15:00,1571904900.0,0.2005,0.2005,0.2005,0.2005,0.0
2019-10-24 08:16:00,1571904960.0,0.2005,0.2005,0.2005,0.2005,0.0
2019-10-24 08:17:00,1571905020.0,0.2005,0.2005,0.2005,0.2005,0.0
2019-10-24 08:18:00,1571905080.0,0.2008,0.2008,0.2004,0.2004,469.19
2019-10-24 08:19:00,1571905140.0,0.2004,0.2004,0.2004,0.2004,0.0
2019-10-24 08:20:00,1571905200.0,0.2004,0.2004,0.2004,0.2004,0.0
2019-10-24 08:21:00,1571905260.0,0.2007,0.2008,0.2007,0.2008,1758.08
2019-10-24 08:22:00,1571905320.0,0.2008,0.2008,0.2006,0.2006,115.14
2019-10-24 08:23:00,1571905380.0,0.2006,0.2006,0.2006,0.2006,0.0
2019-10-24 08:24:00,1571905440.0,0.2006,0.2006,0.2006,0.2006,0.0
2019-10-24 08:25:00,1571905500.0,0.2006,0.2006,0.2006,0.2006,0.0
2019-10-24 08:26:00,1571905560.0,0.2007,0.2007,0.2007,0.2007,414.31
2019-10-24 08:27:00,1571905620.0,0.2007,0.2007,0.2007,0.2007,0.0
2019-10-24 08:28:00,1571905680.0,0.2007,0.2007,0.2007,0.2007,0.0
2019-10-24 08:29:00,1571905740.0,0.2008,0.201,0.2008,0.201,6010.1
2019-10-24 08:30:00,1571905800.0,0.201,0.201,0.201,0.201,0.0
2019-10-24 08:31:00,1571905860.0,0.2008,0.2008,0.2008,0.2008,85.4
2019-10-24 08:32:00,1571905920.0,0.2008,0.2008,0.2008,0.2008,0.0
2019-10-24 08:33:00,1571905980.0,0.2008,0.2008,0.2008,0.2008,0.0
2019-10-24 08:34:00,1571906040.0,0.2008,0.2008,0.2008,0.2008,0.0
2019-10-24 08:35:00,1571906100.0,0.2011,0.2011,0.2011,0.2011,150.0
2019-10-24 08:36:00,1571906160.0,0.2011,0.2011,0.2011,0.2011,0.0
2019-10-24 08:37:00,1571906220.0,0.2011,0.2011,0.2011,0.2011,0.0
2019-10-24 08:38:00,1571906280.0,0.2012,0.2016,0.201,0.2011,12752.35
2019-10-24 08:39:00,1571906340.0,0.2011,0.2013,0.2011,0.2013,10081.89
2019-10-24 08:40:00,1571906400.0,0.2012,0.2012,0.2012,0.2012,5267.57
2019-10-24 08:41:00,1571906460.0,0.2012,0.2012,0.2012,0.2012,0.0
2019-10-24 08:42:00,1571906520.0,0.2013,0.2013,0.2013,0.2013,150.0
2019-10-24 08:43:00,1571906580.0,0.2013,0.2013,0.2013,0.2013,0.0
2019-10-24 08:44:00,1571906640.0,0.2013,0.2013,0.2013,0.2013,0.0
2019-10-24 08:45:00,1571906700.0,0.2013,0.2013,0.2013,0.2013,0.0
2019-10-24 08:46:00,1571906760.0,0.2013,0.2013,0.2013,0.2013,0.0
2019-10-24 08:47:00,1571906820.0,0.2013,0.2013,0.2012,0.2012,4499.99
2019-10-24 08:48:00,1571906880.0,0.2012,0.2012,0.2012,0.2012,0.0
2019-10-24 08:49:00,1571906940.0,0.2013,0.2013,0.2013,0.2013,467.0
2019-10-24 08:50:00,1571907000.0,0.2012,0.2012,0.2012,0.2012,100.0
2019-10-24 08:51:00,1571907060.0,0.2012,0.2012,0.2012,0.2012,0.0
2019-10-24 08:52:00,1571907120.0,0.2012,0.2012,0.2012,0.2012,3135.96
2019-10-24 08:53:00,1571907180.0,0.2014,0.2014,0.2014,0.2014,150.0
2019-10-24 08:54:00,1571907240.0,0.2014,0.2014,0.2014,0.2014,0.0
2019-10-24 08:55:00,1571907300.0,0.2014,0.2014,0.2014,0.2014,0.0
2019-10-24 08:56:00,1571907360.0,0.2013,0.2013,0.2013,0.2013,100.0
2019-10-24 08:57:00,1571907420.0,0.2013,0.2013,0.2013,0.2013,0.0
2019-10-24 08:58:00,1571907480.0,0.2016,0.2016,0.2016,0.2016,54.56
2019-10-24 08:59:00,1571907540.0,0.2016,0.2016,0.2016,0.2016,0.0
2019-10-24 09:00:00,1571907600.0,0.2017,0.2017,0.2017,0.2017,3543.15
2019-10-24 09:01:00,1571907660.0,0.2017,0.2017,0.2017,0.2017,0.0
2019-10-24 09:02:00,1571907720.0,0.2016,0.2016,0.2016,0.2016,100.0
2019-10-24 09:03:00,1571907780.0,0.2017,0.2017,0.2017,0.2017,150.0
2019-10-24 09:04:00,1571907840.0,0.2017,0.2017,0.2017,0.2017,0.0
2019-10-24 09:05:00,1571907900.0,0.2016,0.2019,0.2014,0.2015,3834.84
2019-10-24 09:06:00,1571907960.0,0.2018,0.2018,0.2018,0.2018,122.52
2019-10-24 09:07:00,1571908020.0,0.2014,0.2018,0.2014,0.2018,3696.24
2019-10-24 09:08:00,1571908080.0,0.2018,0.2018,0.2018,0.2018,0.0
2019-10-24 09:09:00,1571908140.0,0.2014,0.2014,0.2014,0.2014,200.0
2019-10-24 09:10:00,1571908200.0,0.2014,0.2014,0.2014,0.2014,0.0
2019-10-24 09:11:00,1571908260.0,0.2014,0.2014,0.2014,0.2014,577.0
2019-10-24 09:12:00,1571908320.0,0.2014,0.2014,0.2014,0.2014,0.0
2019-10-24 09:13:00,1571908380.0,0.2016,0.2016,0.2016,0.2016,4480.08
2019-10-24 09:14:00,1571908440.0,0.2016,0.2016,0.2014,0.2014,780.3
2019-10-24 09:15:00,1571908500.0,0.2014,0.2014,0.2014,0.2014,177.75
2019-10-24 09:16:00,1571908560.0,0.2017,0.2017,0.2017,0.2017,108.0
2019-10-24 09:17:00,1571908620.0,0.2016,0.2016,0.2016,0.2016,100.0
2019-10-24 09:18:00,1571908680.0,0.2016,0.2016,0.2016,0.2016,0.0
2019-10-24 09:19:00,1571908740.0,0.2014,0.2014,0.2014,0.2014,500.0
2019-10-24 09:20:00,1571908800.0,0.2014,0.2014,0.2014,0.2014,0.0
2019-10-24 09:21:00,1571908860.0,0.2014,0.2014,0.2014,0.2014,0.0
2019-10-24 09:22:00,1571908920.0,0.2014,0.2014,0.2014,0.2014,0.0
2019-10-24 09:23:00,1571908980.0,0.2014,0.2014,0.2014,0.2014,0.0
2019-10-24 09:24:00,1571909040.0,0.2014,0.2014,0.2014,0.2014,0.0
2019-10-24 09:25:00,1571909100.0,0.2015,0.2017,0.2015,0.2017,793.0
2019-10-24 09:26:00,1571909160.0,0.2017,0.2017,0.2017,0.2017,0.0
2019-10-24 09:27:00,1571909220.0,0.2019,0.2019,0.2019,0.2019,3628.3
2019-10-24 09:28:00,1571909280.0,0.2018,0.2018,0.2018,0.2018,70.0
2019-10-24 09:29:00,1571909340.0,0.2018,0.2018,0.2018,0.2018,0.0
2019-10-24 09:30:00,1571909400.0,0.2019,0.2019,0.2018,0.2018,211.13
2019-10-24 09:31:00,1571909460.0,0.2018,0.2018,0.2018,0.2018,0.0
2019-10-24 09:32:00,1571909520.0,0.2018,0.2018,0.2018,0.2018,0.0
2019-10-24 09:33:00,1571909580.0,0.2018,0.2018,0.2018,0.2018,0.0
2019-10-24 09:34:00,1571909640.0,0.2018,0.2018,0.2018,0.2018,0.0
2019-10-24 09:35:00,1571909700.0,0.2018,0.2018,0.2018,0.2018,100.0
2019-10-24 09:36:00,1571909760.0,0.2019,0.2019,0.2018,0.2018,542.05
2019-10-24 09:37:00,1571909820.0,0.2019,0.2022,0.2019,0.2022,4002.67
2019-10-24 09:38:00,1571909880.0,0.2022,0.2022,0.2022,0.2022,1031.84
2019-10-24 09:39:00,1571909940.0,0.2022,0.2022,0.2022,0.2022,0.0
2019-10-24 09:40:00,1571910000.0,0.2021,0.2021,0.2021,0.2021,200.0
2019-10-24 09:41:00,1571910060.0,0.2021,0.2021,0.2021,0.2021,0.0
2019-10-24 09:42:00,1571910120.0,0.202,0.202,0.2017,0.202,1806.85
2019-10-24 09:43:00,1571910180.0,0.202,0.202,0.2017,0.2017,450.0
2019-10-24 09:44:00,1571910240.0,0.2017,0.2017,0.2017,0.2017,0.0
2019-10-24 09:45:00,1571910300.0,0.2017,0.2017,0.2017,0.2017,0.0
2019-10-24 09:46:00,1571910360.0,0.2018,0.2018,0.2018,0.2018,100.0
2019-10-24 09:47:00,1571910420.0,0.2017,0.2017,0.2017,0.2017,576.0
2019-10-24 09:48:00,1571910480.0,0.2016,0.2016,0.2014,0.2014,789.9
2019-10-24 09:49:00,1571910540.0,0.2014,0.2014,0.2014,0.2014,0.0
2019-10-24 09:50:00,1571910600.0,0.2014,0.2014,0.2014,0.2014,0.0
2019-10-24 09:51:00,1571910660.0,0.2014,0.2014,0.2014,0.2014,0.0
2019-10-24 09:52:00,1571910720.0,0.2014,0.2014,0.2014,0.2014,0.0
2019-10-24 09:53:00,1571910780.0,0.2014,0.2014,0.2014,0.2014,0.0
2019-10-24 09:54:00,1571910840.0,0.2014,0.2014,0.2014,0.2014,123.4
2019-10-24 09:55:00,1571910900.0,0.2014,0.2014,0.2014,0.2014,0.0
2019-10-24 09:56:00,1571910960.0,0.2014,0.2014,0.2014,0.2014,0.0
2019-10-24 09:57:00,1571911020.0,0.2017,0.2017,0.2017,0.2017,91.11
2019-10-24 09:58:00,1571911080.0,0.2017,0.2017,0.2017,0.2017,141.93
2019-10-24 09:59:00,1571911140.0,0.2014,0.2014,0.2014,0.2014,696.0
2019-10-24 10:00:00,1571911200.0,0.2014,0.2014,0.2014,0.2014,1183.0
2019-10-24 10:01:00,1571911260.0,0.2014,0.2014,0.2014,0.2014,0.0
2019-10-24 10:02:00,1571911320.0,0.2014,0.2014,0.2014,0.2014,5078.68
2019-10-24 10:03:00,1571911380.0,0.2014,0.2014,0.2014,0.2014,0.0
2019-10-24 10:04:00,1571911440.0,0.2012,0.2012,0.2011,0.2011,3539.0
2019-10-24 10:05:00,1571911500.0,0.2011,0.2011,0.2011,0.2011,5.0
2019-10-24 10:06:00,1571911560.0,0.2011,0.2014,0.2011,0.2014,636.37
2019-10-24 10:07:00,1571911620.0,0.2014,0.2015,0.2014,0.2015,1107.69
2019-10-24 10:08:00,1571911680.0,0.2015,0.2015,0.2015,0.2015,0.0
2019-10-24 10:09:00,1571911740.0,0.2015,0.2015,0.2015,0.2015,0.0
2019-10-24 10:10:00,1571911800.0,0.2015,0.2015,0.2015,0.2015,1430.76
2019-10-24 10:11:00,1571911860.0,0.2014,0.2014,0.2011,0.2011,300.16
2019-10-24 10:12:00,1571911920.0,0.2011,0.2011,0.2011,0.2011,0.0
2019-10-24 10:13:00,1571911980.0,0.2013,0.2014,0.2011,0.2011,500.95
2019-10-24 10:14:00,1571912040.0,0.2014,0.2014,0.2011,0.2011,510.86
2019-10-24 10:15:00,1571912100.0,0.2013,0.2013,0.2013,0.2013,100.0
2019-10-24 10:16:00,1571912160.0,0.2013,0.2013,0.2013,0.2013,0.0
2019-10-24 10:17:00,1571912220.0,0.2013,0.2013,0.2013,0.2013,871.44
2019-10-24 10:18:00,1571912280.0,0.2011,0.2011,0.2011,0.2011,200.0
2019-10-24 10:19:00,1571912340.0,0.201,0.201,0.2009,0.2009,1665.41
2019-10-24 10:20:00,1571912400.0,0.2012,0.2012,0.2012,0.2012,100.0
2019-10-24 10:21:00,1571912460.0,0.2012,0.2012,0.2012,0.2012,555.59
2019-10-24 10:22:00,1571912520.0,0.2011,0.2011,0.2011,0.2011,100.0
2019-10-24 10:23:00,1571912580.0,0.2011,0.2011,0.2011,0.2011,0.0
2019-10-24 10:24:00,1571912640.0,0.2011,0.2011,0.2011,0.2011,0.0
2019-10-24 10:25:00,1571912700.0,0.2011,0.2011,0.2011,0.2011,0.0
2019-10-24 10:26:00,1571912760.0,0.2011,0.2011,0.2011,0.2011,0.0
2019-10-24 10:27:00,1571912820.0,0.2011,0.2011,0.2011,0.2011,0.0
2019-10-24 10:28:00,1571912880.0,0.2011,0.2011,0.2011,0.2011,0.0
2019-10-24 10:29:00,1571912940.0,0.2011,0.2011,0.2011,0.2011,0.0
2019-10-24 10:30:00,1571913000.0,0.2013,0.2013,0.2013,0.2013,100.0
2019-10-24 10:31:00,1571913060.0,0.2013,0.2013,0.2013,0.2013,0.0
2019-10-24 10:32:00,1571913120.0,0.2013,0.2013,0.2013,0.2013,0.0
2019-10-24 10:33:00,1571913180.0,0.2013,0.2013,0.2013,0.2013,0.0
2019-10-24 10:34:00,1571913240.0,0.2013,0.2013,0.2013,0.2013,0.0
2019-10-24 10:35:00,1571913300.0,0.2013,0.2013,0.2013,0.2013,0.0
2019-10-24 10:36:00,1571913360.0,0.2013,0.2013,0.2013,0.2013,0.0
2019-10-24 10:37:00,1571913420.0,0.2013,0.2013,0.2013,0.2013,207.0
2019-10-24 10:38:00,1571913480.0,0.2013,0.2013,0.2013,0.2013,368.0
2019-10-24 10:39:00,1571913540.0,0.2012,0.2012,0.2012,0.2012,100.0
2019-10-24 10:40:00,1571913600.0,0.2015,0.2016,0.2014,0.2014,1673.0
2019-10-24 10:41:00,1571913660.0,0.2014,0.2014,0.2014,0.2014,0.0
2019-10-24 10:42:00,1571913720.0,0.2014,0.2014,0.2014,0.2014,100.0
2019-10-24 10:43:00,1571913780.0,0.2014,0.2014,0.2014,0.2014,0.0
2019-10-24 10:44:00,1571913840.0,0.2011,0.2011,0.2011,0.2011,9127.09
2019-10-24 10:45:00,1571913900.0,0.2013,0.2013,0.2013,0.2013,150.0
2019-10-24 10:46:00,1571913960.0,0.2013,0.2013,0.2013,0.2013,0.0
2019-10-24 10:47:00,1571914020.0,0.2013,0.2013,0.2013,0.2013,0.0
2019-10-24 10:48:00,1571914080.0,0.2013,0.2013,0.2013,0.2013,0.0
2019-10-24 10:49:00,1571914140.0,0.2013,0.2013,0.2013,0.2013,7395.44
2019-10-24 10:50:00,1571914200.0,0.2013,0.2013,0.2013,0.2013,0.0
2019-10-24 10:51:00,1571914260.0,0.2013,0.2013,0.2013,0.2013,0.0
2019-10-24 10:52:00,1571914320.0,0.2013,0.2013,0.2013,0.2013,0.0
2019-10-24 10:53:00,1571914380.0,0.2013,0.2013,0.2013,0.2013,211.0
2019-10-24 10:54:00,1571914440.0,0.2013,0.2013,0.2013,0.2013,0.0
2019-10-24 10:55:00,1571914500.0,0.2014,0.2014,0.2014,0.2014,200.0
2019-10-24 10:56:00,1571914560.0,0.2011,0.2011,0.2011,0.2011,200.0
2019-10-24 10:57:00,1571914620.0,0.201,0.201,0.201,0.201,718.0
2019-10-24 10:58:00,1571914680.0,0.201,0.201,0.201,0.201,1625.17
2019-10-24 10:59:00,1571914740.0,0.2014,0.2014,0.2014,0.2014,150.0
2019-10-24 11:00:00,1571914800.0,0.2014,0.2014,0.2014,0.2014,0.0
2019-10-24 11:01:00,1571914860.0,0.201,0.2016,0.201,0.2016,306.48
2019-10-24 11:02:00,1571914920.0,0.2015,0.2015,0.2015,0.2015,100.0
2019-10-24 11:03:00,1571914980.0,0.2015,0.2015,0.2015,0.2015,0.0
2019-10-24 11:04:00,1571915040.0,0.2014,0.2014,0.2014,0.2014,100.0
2019-10-24 11:05:00,1571915100.0,0.2014,0.2014,0.2014,0.2014,0.0
2019-10-24 11:06:00,1571915160.0,0.2013,0.2013,0.2012,0.2012,200.0
2019-10-24 11:07:00,1571915220.0,0.2012,0.2012,0.2012,0.2012,0.0
2019-10-24 11:08:00,1571915280.0,0.2012,0.2012,0.2012,0.2012,0.0
2019-10-24 11:09:00,1571915340.0,0.2013,0.2013,0.2013,0.2013,72.0
2019-10-24 11:10:00,1571915400.0,0.2013,0.2013,0.201,0.201,5565.83
2019-10-24 11:11:00,1571915460.0,0.2012,0.2012,0.2012,0.2012,150.0
2019-10-24 11:12:00,1571915520.0,0.2011,0.2011,0.2009,0.2009,4096.1
2019-10-24 11:13:00,1571915580.0,0.201,0.201,0.2009,0.2009,250.0
2019-10-24 11:14:00,1571915640.0,0.2011,0.2011,0.2011,0.2011,150.0
2019-10-24 11:15:00,1571915700.0,0.2011,0.2011,0.2011,0.2011,0.0
2019-10-24 11:16:00,1571915760.0,0.2011,0.2011,0.2011,0.2011,0.0
2019-10-24 11:17:00,1571915820.0,0.2009,0.2009,0.2007,0.2007,5179.0
2019-10-24 11:18:00,1571915880.0,0.2007,0.2007,0.2006,0.2006,11894.0
2019-10-24 11:19:00,1571915940.0,0.2007,0.2008,0.2007,0.2008,855.87
2019-10-24 11:20:00,1571916000.0,0.2007,0.2007,0.2006,0.2006,4932.25
2019-10-24 11:21:00,1571916060.0,0.2006,0.2006,0.2006,0.2006,0.0
2019-10-24 11:22:00,1571916120.0,0.2006,0.2006,0.2004,0.2004,74.51
2019-10-24 11:23:00,1571916180.0,0.2004,0.2004,0.2004,0.2004,0.0
2019-10-24 11:24:00,1571916240.0,0.2004,0.2004,0.2004,0.2004,0.0
2019-10-24 11:25:00,1571916300.0,0.2004,0.2004,0.2004,0.2004,0.0
2019-10-24 11:26:00,1571916360.0,0.2004,0.2004,0.2004,0.2004,0.0
2019-10-24 11:27:00,1571916420.0,0.2004,0.2004,0.2004,0.2004,0.0
2019-10-24 11:28:00,1571916480.0,0.2004,0.2004,0.2004,0.2004,0.0
2019-10-24 11:29:00,1571916540.0,0.2004,0.2004,0.2004,0.2004,497.75
2019-10-24 11:30:00,1571916600.0,0.2004,0.2004,0.2004,0.2004,670.0
2019-10-24 11:31:00,1571916660.0,0.2004,0.2004,0.2001,0.2001,8434.66
2019-10-24 11:32:00,1571916720.0,0.2001,0.2001,0.2001,0.2001,0.0
2019-10-24 11:33:00,1571916780.0,0.2001,0.2001,0.2001,0.2001,0.0
2019-10-24 11:34:00,1571916840.0,0.2004,0.2004,0.2004,0.2004,100.0
2019-10-24 11:35:00,1571916900.0,0.2004,0.2004,0.2004,0.2004,0.0
2019-10-24 11:36:00,1571916960.0,0.2004,0.2004,0.2004,0.2004,0.0
2019-10-24 11:37:00,1571917020.0,0.2003,0.2003,0.2,0.2,10731.36
2019-10-24 11:38:00,1571917080.0,0.2,0.2,0.2,0.2,0.0
2019-10-24 11:39:00,1571917140.0,0.2,0.2,0.2,0.2,0.0
2019-10-24 11:40:00,1571917200.0,0.2002,0.2002,0.2,0.2001,516.0
2019-10-24 11:41:00,1571917260.0,0.2001,0.2001,0.2001,0.2001,233.39
2019-10-24 11:42:00,1571917320.0,0.2,0.2,0.2,0.2,578.5
2019-10-24 11:43:00,1571917380.0,0.2,0.2,0.2,0.2,4767.97
2019-10-24 11:44:00,1571917440.0,0.2,0.2,0.2,0.2,0.0
2019-10-24 11:45:00,1571917500.0,0.2,0.2,0.2,0.2,0.0
2019-10-24 11:46:00,1571917560.0,0.2004,0.2005,0.2004,0.2005,2965.21
2019-10-24 11:47:00,1571917620.0,0.2005,0.2005,0.2005,0.2005,374.06
2019-10-24 11:48:00,1571917680.0,0.2005,0.2005,0.2005,0.2005,0.0
2019-10-24 11:49:00,1571917740.0,0.2,0.2,0.2,0.2,206.99
2019-10-24 11:50:00,1571917800.0,0.2,0.2,0.2,0.2,0.0
2019-10-24 11:51:00,1571917860.0,0.2,0.2,0.2,0.2,0.0
2019-10-24 11:52:00,1571917920.0,0.2,0.2,0.2,0.2,0.0
2019-10-24 11:53:00,1571917980.0,0.2,0.2,0.2,0.2,0.0
2019-10-24 11:54:00,1571918040.0,0.2,0.2,0.2,0.2,0.0
2019-10-24 11:55:00,1571918100.0,0.2004,0.2004,0.2003,0.2003,250.0
2019-10-24 11:56:00,1571918160.0,0.2003,0.2003,0.2003,0.2003,0.0
2019-10-24 11:57:00,1571918220.0,0.2003,0.2003,0.2003,0.2003,0.0
2019-10-24 11:58:00,1571918280.0,0.2003,0.2003,0.2003,0.2003,0.0
2019-10-24 11:59:00,1571918340.0,0.2003,0.2003,0.2001,0.2001,371.0
2019-10-24 12:00:00,1571918400.0,0.2001,0.2001,0.2001,0.2001,351.2
2019-10-24 12:01:00,1571918460.0,0.2001,0.2001,0.2001,0.2001,0.0
2019-10-24 12:02:00,1571918520.0,0.2002,0.2002,0.2002,0.2002,254.94
2019-10-24 12:03:00,1571918580.0,0.2002,0.2002,0.2002,0.2002,0.0
2019-10-24 12:04:00,1571918640.0,0.2002,0.2002,0.2002,0.2002,0.0
2019-10-24 12:05:00,1571918700.0,0.2002,0.2002,0.2002,0.2002,0.0
2019-10-24 12:06:00,1571918760.0,0.2004,0.2004,0.2004,0.2004,112.39
2019-10-24 12:07:00,1571918820.0,0.2004,0.2004,0.2002,0.2002,261.31
2019-10-24 12:08:00,1571918880.0,0.2002,0.2002,0.2002,0.2002,0.0
2019-10-24 12:09:00,1571918940.0,0.2002,0.2002,0.2002,0.2002,0.0
2019-10-24 12:10:00,1571919000.0,0.2002,0.2002,0.2002,0.2002,0.0
2019-10-24 12:11:00,1571919060.0,0.2002,0.2002,0.2002,0.2002,0.0
2019-10-24 12:12:00,1571919120.0,0.2002,0.2002,0.2002,0.2002,0.0
2019-10-24 12:13:00,1571919180.0,0.2002,0.2002,0.2002,0.2002,0.0
2019-10-24 12:14:00,1571919240.0,0.2005,0.2005,0.2005,0.2005,150.0
2019-10-24 12:15:00,1571919300.0,0.2005,0.2005,0.2005,0.2005,0.0
2019-10-24 12:16:00,1571919360.0,0.2005,0.2005,0.2005,0.2005,2000.0
2019-10-24 12:17:00,1571919420.0,0.2004,0.2007,0.2004,0.2007,3739.06
2019-10-24 12:18:00,1571919480.0,0.2007,0.2007,0.2006,0.2006,4700.0
2019-10-24 12:19:00,1571919540.0,0.2006,0.2006,0.2006,0.2006,0.0
2019-10-24 12:20:00,1571919600.0,0.2009,0.201,0.2007,0.2007,9986.51
2019-10-24 12:21:00,1571919660.0,0.2007,0.2007,0.2007,0.2007,0.0
2019-10-24 12:22:00,1571919720.0,0.2008,0.2008,0.2008,0.2008,150.0
2019-10-24 12:23:00,1571919780.0,0.2008,0.2008,0.2008,0.2008,0.0
2019-10-24 12:24:00,1571919840.0,0.2008,0.2008,0.2008,0.2008,0.0
2019-10-24 12:25:00,1571919900.0,0.2009,0.2009,0.2009,0.2009,150.0
2019-10-24 12:26:00,1571919960.0,0.2007,0.2007,0.2006,0.2006,2539.46
2019-10-24 12:27:00,1571920020.0,0.2008,0.2008,0.2008,0.2008,150.0
2019-10-24 12:28:00,1571920080.0,0.2008,0.2008,0.2008,0.2008,0.0
2019-10-24 12:29:00,1571920140.0,0.2008,0.2008,0.2008,0.2008,0.0
2019-10-24 12:30:00,1571920200.0,0.2009,0.2009,0.2009,0.2009,57.22
2019-10-24 12:31:00,1571920260.0,0.2009,0.2009,0.2009,0.2009,0.0
2019-10-24 12:32:00,1571920320.0,0.2009,0.2009,0.2009,0.2009,0.0
2019-10-24 12:33:00,1571920380.0,0.2009,0.2009,0.2009,0.2009,0.0
2019-10-24 12:34:00,1571920440.0,0.2009,0.2009,0.2009,0.2009,2822.0
2019-10-24 12:35:00,1571920500.0,0.2009,0.2009,0.2009,0.2009,0.0
2019-10-24 12:36:00,1571920560.0,0.2009,0.2009,0.2009,0.2009,0.0
2019-10-24 12:37:00,1571920620.0,0.2009,0.2009,0.2009,0.2009,0.0
2019-10-24 12:38:00,1571920680.0,0.2009,0.2009,0.2009,0.2009,0.0
2019-10-24 12:39:00,1571920740.0,0.2009,0.2009,0.2009,0.2009,0.0
2019-10-24 12:40:00,1571920800.0,0.201,0.201,0.201,0.201,106.94
2019-10-24 12:41:00,1571920860.0,0.201,0.2014,0.201,0.2014,11023.2
2019-10-24 12:42:00,1571920920.0,0.2015,0.2015,0.2015,0.2015,1622.39
2019-10-24 12:43:00,1571920980.0,0.2015,0.2015,0.2015,0.2015,1821.61
2019-10-24 12:44:00,1571921040.0,0.2014,0.2014,0.2014,0.2014,149.55
2019-10-24 12:45:00,1571921100.0,0.2014,0.2014,0.2014,0.2014,0.0
2019-10-24 12:46:00,1571921160.0,0.2014,0.2014,0.2014,0.2014,0.0
2019-10-24 12:47:00,1571921220.0,0.2014,0.2014,0.2014,0.2014,0.0
2019-10-24 12:48:00,1571921280.0,0.2014,0.2014,0.2014,0.2014,0.0
2019-10-24 12:49:00,1571921340.0,0.2014,0.2014,0.2014,0.2014,0.0
2019-10-24 12:50:00,1571921400.0,0.2014,0.2014,0.2014,0.2014,247.0
2019-10-24 12:51:00,1571921460.0,0.2014,0.2014,0.2014,0.2014,18518.0
2019-10-24 12:52:00,1571921520.0,0.2014,0.2014,0.2013,0.2013,8944.46
2019-10-24 12:53:00,1571921580.0,0.2014,0.2014,0.2014,0.2014,338.58
2019-10-24 12:54:00,1571921640.0,0.2014,0.2014,0.2014,0.2014,0.0
2019-10-24 12:55:00,1571921700.0,0.2014,0.2014,0.2013,0.2013,169.21
2019-10-24 12:56:00,1571921760.0,0.2013,0.2013,0.2013,0.2013,0.0
2019-10-24 12:57:00,1571921820.0,0.2013,0.2013,0.2013,0.2013,0.0
2019-10-24 12:58:00,1571921880.0,0.2013,0.2013,0.2013,0.2013,0.0
2019-10-24 12:59:00,1571921940.0,0.2013,0.2013,0.2013,0.2013,0.0
2019-10-24 13:00:00,1571922000.0,0.2013,0.2013,0.2013,0.2013,0.0
2019-10-24 13:01:00,1571922060.0,0.2013,0.2014,0.2013,0.2014,1875.54
2019-10-24 13:02:00,1571922120.0,0.2014,0.2014,0.2014,0.2014,2270.97
2019-10-24 13:03:00,1571922180.0,0.2014,0.2014,0.2014,0.2014,57.16
2019-10-24 13:04:00,1571922240.0,0.2014,0.2014,0.2014,0.2014,0.0
2019-10-24 13:05:00,1571922300.0,0.2019,0.2019,0.2014,0.2014,7496.16
2019-10-24 13:06:00,1571922360.0,0.2014,0.2014,0.2013,0.2014,1062.43
2019-10-24 13:07:00,1571922420.0,0.2014,0.2014,0.2014,0.2014,0.0
2019-10-24 13:08:00,1571922480.0,0.2014,0.2014,0.2014,0.2014,0.0
2019-10-24 13:09:00,1571922540.0,0.2015,0.2015,0.2015,0.2015,105.0
2019-10-24 13:10:00,1571922600.0,0.2015,0.2015,0.2015,0.2015,0.0
2019-10-24 13:11:00,1571922660.0,0.2015,0.2015,0.2015,0.2015,0.0
2019-10-24 13:12:00,1571922720.0,0.2015,0.2015,0.2015,0.2015,1530.66
2019-10-24 13:13:00,1571922780.0,0.2015,0.2015,0.2015,0.2015,0.0
2019-10-24 13:14:00,1571922840.0,0.2015,0.2015,0.2015,0.2015,0.0
2019-10-24 13:15:00,1571922900.0,0.2015,0.2015,0.2015,0.2015,4277.0
2019-10-24 13:16:00,1571922960.0,0.2015,0.2015,0.2015,0.2015,366.0
2019-10-24 13:17:00,1571923020.0,0.2015,0.2015,0.2015,0.2015,4229.42
2019-10-24 13:18:00,1571923080.0,0.2015,0.2015,0.2015,0.2015,59.36
2019-10-24 13:19:00,1571923140.0,0.2015,0.2015,0.2015,0.2015,0.0
2019-10-24 13:20:00,1571923200.0,0.2015,0.2015,0.2015,0.2015,0.0
2019-10-24 13:21:00,1571923260.0,0.2015,0.2015,0.2015,0.2015,0.0
2019-10-24 13:22:00,1571923320.0,0.2018,0.2018,0.2018,0.2018,2612.17
2019-10-24 13:23:00,1571923380.0,0.2018,0.2018,0.2018,0.2018,0.0
2019-10-24 13:24:00,1571923440.0,0.2018,0.2019,0.2018,0.2019,10101.45
2019-10-24 13:25:00,1571923500.0,0.2019,0.2019,0.2019,0.2019,0.0
2019-10-24 13:26:00,1571923560.0,0.2016,0.2016,0.2016,0.2016,67.3
2019-10-24 13:27:00,1571923620.0,0.2016,0.2016,0.2016,0.2016,4949.0
2019-10-24 13:28:00,1571923680.0,0.2016,0.2016,0.2016,0.2016,421.14
2019-10-24 13:29:00,1571923740.0,0.2016,0.2016,0.2016,0.2016,0.0
2019-10-24 13:30:00,1571923800.0,0.2019,0.2019,0.2016,0.2016,1297.31
2019-10-24 13:31:00,1571923860.0,0.2016,0.2016,0.2016,0.2016,0.0
2019-10-24 13:32:00,1571923920.0,0.2017,0.2017,0.2016,0.2016,4832.0
2019-10-24 13:33:00,1571923980.0,0.2015,0.2015,0.201,0.2013,5354.64
2019-10-24 13:34:00,1571924040.0,0.2015,0.2015,0.2015,0.2015,110.27
2019-10-24 13:35:00,1571924100.0,0.2013,0.2013,0.2009,0.2009,20031.32
2019-10-24 13:36:00,1571924160.0,0.2009,0.2009,0.2009,0.2009,0.0
2019-10-24 13:37:00,1571924220.0,0.2009,0.2009,0.2009,0.2009,0.0
2019-10-24 13:38:00,1571924280.0,0.2009,0.2009,0.2009,0.2009,0.0
2019-10-24 13:39:00,1571924340.0,0.201,0.2014,0.201,0.2014,663.67
2019-10-24 13:40:00,1571924400.0,0.2014,0.2014,0.2014,0.2014,0.0
2019-10-24 13:41:00,1571924460.0,0.2017,0.2017,0.2017,0.2017,304.0
2019-10-24 13:42:00,1571924520.0,0.2018,0.2018,0.2017,0.2018,1469.61
2019-10-24 13:43:00,1571924580.0,0.2017,0.2017,0.2017,0.2017,79.15
2019-10-24 13:44:00,1571924640.0,0.2017,0.2017,0.2017,0.2017,1092.8
2019-10-24 13:45:00,1571924700.0,0.2017,0.2017,0.2017,0.2017,0.0
2019-10-24 13:46:00,1571924760.0,0.2018,0.2018,0.2018,0.2018,1404.0
2019-10-24 13:47:00,1571924820.0,0.2018,0.2018,0.2018,0.2018,0.0
2019-10-24 13:48:00,1571924880.0,0.2018,0.2018,0.2018,0.2018,0.0
2019-10-24 13:49:00,1571924940.0,0.2018,0.2018,0.2018,0.2018,0.0
2019-10-24 13:50:00,1571925000.0,0.2018,0.2018,0.2018,0.2018,0.0
2019-10-24 13:51:00,1571925060.0,0.2018,0.2018,0.2018,0.2018,0.0
2019-10-24 13:52:00,1571925120.0,0.2018,0.2018,0.2018,0.2018,0.0
2019-10-24 13:53:00,1571925180.0,0.2018,0.2018,0.2018,0.2018,0.0
2019-10-24 13:54:00,1571925240.0,0.2018,0.2018,0.2018,0.2018,0.0
2019-10-24 13:55:00,1571925300.0,0.2018,0.2018,0.2018,0.2018,0.0
2019-10-24 13:56:00,1571925360.0,0.2018,0.2018,0.2018,0.2018,0.0
2019-10-24 13:57:00,1571925420.0,0.2018,0.2018,0.2018,0.2018,0.0
2019-10-24 13:58:00,1571925480.0,0.2018,0.2018,0.2018,0.2018,0.0
2019-10-24 13:59:00,1571925540.0,0.2018,0.2018,0.2018,0.2018,0.0
2019-10-24 14:00:00,1571925600.0,0.2016,0.2023,0.2016,0.2023,18317.18
2019-10-24 14:01:00,1571925660.0,0.2024,0.2025,0.2024,0.2024,32090.11
2019-10-24 14:02:00,1571925720.0,0.2024,0.2024,0.2024,0.2024,0.0
2019-10-24 14:03:00,1571925780.0,0.2024,0.2024,0.2024,0.2024,0.0
2019-10-24 14:04:00,1571925840.0,0.2024,0.2024,0.2024,0.2024,0.0
2019-10-24 14:05:00,1571925900.0,0.2024,0.2024,0.2024,0.2024,1246.57
2019-10-24 14:06:00,1571925960.0,0.2024,0.2028,0.2024,0.2028,12053.06
2019-10-24 14:07:00,1571926020.0,0.2028,0.2028,0.2027,0.2028,8300.2
2019-10-24 14:08:00,1571926080.0,0.2028,0.2028,0.2028,0.2028,1665.84
2019-10-24 14:09:00,1571926140.0,0.2029,0.2029,0.2029,0.2029,265.67
2019-10-24 14:10:00,1571926200.0,0.203,0.203,0.203,0.203,853.01
2019-10-24 14:11:00,1571926260.0,0.2031,0.2031,0.2031,0.2031,1544.52
2019-10-24 14:12:00,1571926320.0,0.2031,0.2032,0.2031,0.2032,3073.0
2019-10-24 14:13:00,1571926380.0,0.2032,0.2034,0.2032,0.2034,1600.0
2019-10-24 14:14:00,1571926440.0,0.2034,0.2036,0.2034,0.2034,4346.39
2019-10-24 14:15:00,1571926500.0,0.2034,0.2034,0.2034,0.2034,0.0
2019-10-24 14:16:00,1571926560.0,0.2036,0.2036,0.2036,0.2036,17.73
2019-10-24 14:17:00,1571926620.0,0.2036,0.2036,0.2034,0.2036,7521.2
2019-10-24 14:18:00,1571926680.0,0.2036,0.2039,0.2035,0.2039,14161.62
2019-10-24 14:19:00,1571926740.0,0.2039,0.205,0.2039,0.205,37958.14
2019-10-24 14:20:00,1571926800.0,0.205,0.2053,0.205,0.205,5949.26
2019-10-24 14:21:00,1571926860.0,0.205,0.2055,0.205,0.2055,18652.1
2019-10-24 14:22:00,1571926920.0,0.2053,0.2057,0.2052,0.2057,10450.24
2019-10-24 14:23:00,1571926980.0,0.2051,0.2056,0.205,0.205,1014.7
2019-10-24 14:24:00,1571927040.0,0.2049,0.2049,0.2044,0.2047,4147.89
2019-10-24 14:25:00,1571927100.0,0.2047,0.2049,0.2046,0.2049,11170.64
2019-10-24 14:26:00,1571927160.0,0.2052,0.2052,0.2052,0.2052,549.96
2019-10-24 14:27:00,1571927220.0,0.2052,0.2055,0.2052,0.2054,10350.71
2019-10-24 14:28:00,1571927280.0,0.2057,0.2058,0.2057,0.2058,1009.95
2019-10-24 14:29:00,1571927340.0,0.2058,0.2058,0.2058,0.2058,268.2
2019-10-24 14:30:00,1571927400.0,0.2058,0.2059,0.2057,0.2059,5891.67
2019-10-24 14:31:00,1571927460.0,0.2059,0.2059,0.2059,0.2059,0.0
2019-10-24 14:32:00,1571927520.0,0.2059,0.2059,0.2049,0.2054,65350.06
2019-10-24 14:33:00,1571927580.0,0.205,0.2054,0.205,0.205,4072.55
2019-10-24 14:34:00,1571927640.0,0.2049,0.2049,0.2048,0.2048,3771.73
2019-10-24 14:35:00,1571927700.0,0.2048,0.2054,0.2047,0.205,16013.16
2019-10-24 14:36:00,1571927760.0,0.2049,0.2055,0.2049,0.2055,4051.55
2019-10-24 14:37:00,1571927820.0,0.2052,0.2053,0.2051,0.2051,618.0
2019-10-24 14:38:00,1571927880.0,0.2051,0.2051,0.2051,0.2051,0.0
2019-10-24 14:39:00,1571927940.0,0.2051,0.2051,0.2051,0.2051,0.0
2019-10-24 14:40:00,1571928000.0,0.205,0.2051,0.205,0.2051,5870.9
2019-10-24 14:41:00,1571928060.0,0.2051,0.2051,0.2051,0.2051,0.0
2019-10-24 14:42:00,1571928120.0,0.2051,0.2051,0.2051,0.2051,0.0
2019-10-24 14:43:00,1571928180.0,0.2051,0.2051,0.2051,0.2051,0.0
2019-10-24 14:44:00,1571928240.0,0.2051,0.2051,0.2051,0.2051,0.0
2019-10-24 14:45:00,1571928300.0,0.2049,0.2049,0.2049,0.2049,100.0
2019-10-24 14:46:00,1571928360.0,0.205,0.205,0.205,0.205,267.32
2019-10-24 14:47:00,1571928420.0,0.2051,0.2051,0.2051,0.2051,0.19
2019-10-24 14:48:00,1571928480.0,0.205,0.2055,0.205,0.2055,782.69
2019-10-24 14:49:00,1571928540.0,0.2058,0.2058,0.2058,0.2058,3444.0
2019-10-24 14:50:00,1571928600.0,0.2059,0.2061,0.2059,0.206,4542.92
2019-10-24 14:51:00,1571928660.0,0.2061,0.2061,0.2057,0.2057,165.44
2019-10-24 14:52:00,1571928720.0,0.2056,0.2056,0.2056,0.2056,200.0
2019-10-24 14:53:00,1571928780.0,0.2056,0.2056,0.2056,0.2056,0.0
2019-10-24 14:54:00,1571928840.0,0.2056,0.2056,0.2056,0.2056,3532.4
2019-10-24 14:55:00,1571928900.0,0.2052,0.2056,0.2052,0.2056,8129.38
2019-10-24 14:56:00,1571928960.0,0.2054,0.206,0.2054,0.2054,13406.56
2019-10-24 14:57:00,1571929020.0,0.2054,0.2054,0.2054,0.2054,0.0
2019-10-24 14:58:00,1571929080.0,0.2054,0.2054,0.2054,0.2054,0.0
2019-10-24 14:59:00,1571929140.0,0.2054,0.2054,0.2054,0.2054,0.0
2019-10-24 15:00:00,1571929200.0,0.2054,0.2054,0.2054,0.2054,0.0
2019-10-24 15:01:00,1571929260.0,0.2057,0.2057,0.2057,0.2057,53.47
2019-10-24 15:02:00,1571929320.0,0.2053,0.2053,0.2053,0.2053,150.0
2019-10-24 15:03:00,1571929380.0,0.2051,0.2051,0.205,0.205,2383.57
2019-10-24 15:04:00,1571929440.0,0.2049,0.2049,0.2049,0.2049,512.13
2019-10-24 15:05:00,1571929500.0,0.2054,0.2054,0.2054,0.2054,1526.86
2019-10-24 15:06:00,1571929560.0,0.205,0.205,0.2048,0.205,5282.99
2019-10-24 15:07:00,1571929620.0,0.205,0.205,0.205,0.205,0.0
2019-10-24 15:08:00,1571929680.0,0.205,0.205,0.205,0.205,0.0
2019-10-24 15:09:00,1571929740.0,0.2046,0.2046,0.2038,0.2042,35768.42
2019-10-24 15:10:00,1571929800.0,0.2038,0.2041,0.2038,0.2041,102.2
2019-10-24 15:11:00,1571929860.0,0.2039,0.2039,0.2039,0.2039,2250.0
2019-10-24 15:12:00,1571929920.0,0.2038,0.2039,0.2035,0.2039,8718.37
2019-10-24 15:13:00,1571929980.0,0.2039,0.2039,0.2039,0.2039,0.0
2019-10-24 15:14:00,1571930040.0,0.2038,0.2038,0.2036,0.2037,450.0
2019-10-24 15:15:00,1571930100.0,0.2037,0.204,0.2033,0.2038,15038.05
2019-10-24 15:16:00,1571930160.0,0.2032,0.2039,0.2032,0.2037,8583.83
2019-10-24 15:17:00,1571930220.0,0.2037,0.2037,0.2037,0.2037,133.5
2019-10-24 15:18:00,1571930280.0,0.2039,0.204,0.2039,0.204,700.0
2019-10-24 15:19:00,1571930340.0,0.204,0.204,0.204,0.204,0.0
2019-10-24 15:20:00,1571930400.0,0.2032,0.2032,0.2032,0.2032,80.86
2019-10-24 15:21:00,1571930460.0,0.2039,0.2041,0.2039,0.2041,6997.45
2019-10-24 15:22:00,1571930520.0,0.204,0.2043,0.2032,0.2032,34022.64
2019-10-24 15:23:00,1571930580.0,0.2031,0.2033,0.2029,0.203,16379.62
2019-10-24 15:24:00,1571930640.0,0.2031,0.2038,0.2031,0.2038,9260.02
2019-10-24 15:25:00,1571930700.0,0.2038,0.2038,0.2038,0.2038,0.0
2019-10-24 15:26:00,1571930760.0,0.2037,0.2038,0.2037,0.2038,6889.76
2019-10-24 15:27:00,1571930820.0,0.2038,0.2038,0.2038,0.2038,0.0
2019-10-24 15:28:00,1571930880.0,0.2038,0.2038,0.2038,0.2038,0.0
2019-10-24 15:29:00,1571930940.0,0.2038,0.2038,0.2038,0.2038,0.0
2019-10-24 15:30:00,1571931000.0,0.204,0.204,0.2039,0.2039,130.72
2019-10-24 15:31:00,1571931060.0,0.2039,0.2039,0.2039,0.2039,14.93
2019-10-24 15:32:00,1571931120.0,0.2039,0.2039,0.2039,0.2039,0.0
2019-10-24 15:33:00,1571931180.0,0.2039,0.2039,0.2039,0.2039,3648.63
2019-10-24 15:34:00,1571931240.0,0.2039,0.2039,0.2039,0.2039,0.0
2019-10-24 15:35:00,1571931300.0,0.2039,0.2039,0.2039,0.2039,0.0
2019-10-24 15:36:00,1571931360.0,0.2038,0.2038,0.2031,0.2031,10015.3
2019-10-24 15:37:00,1571931420.0,0.2031,0.2031,0.2031,0.2031,0.0
2019-10-24 15:38:00,1571931480.0,0.2035,0.2035,0.2035,0.2035,94.75
2019-10-24 15:39:00,1571931540.0,0.2035,0.2035,0.2035,0.2035,3357.94
2019-10-24 15:40:00,1571931600.0,0.2031,0.2032,0.203,0.2032,750.0
2019-10-24 15:41:00,1571931660.0,0.203,0.203,0.203,0.203,100.0
2019-10-24 15:42:00,1571931720.0,0.2032,0.2034,0.2032,0.2034,8566.87
2019-10-24 15:43:00,1571931780.0,0.2035,0.2035,0.2035,0.2035,1692.87
2019-10-24 15:44:00,1571931840.0,0.2035,0.2035,0.2035,0.2035,16487.0
2019-10-24 15:45:00,1571931900.0,0.2035,0.2035,0.2035,0.2035,0.0
2019-10-24 15:46:00,1571931960.0,0.2035,0.2035,0.2035,0.2035,0.0
2019-10-24 15:47:00,1571932020.0,0.2035,0.2035,0.2035,0.2035,0.0
2019-10-24 15:48:00,1571932080.0,0.2035,0.2035,0.2035,0.2035,300.0
2019-10-24 15:49:00,1571932140.0,0.2035,0.2035,0.2035,0.2035,0.0
2019-10-24 15:50:00,1571932200.0,0.2035,0.2035,0.2035,0.2035,99.17
2019-10-24 15:51:00,1571932260.0,0.2035,0.2035,0.2035,0.2035,0.0
2019-10-24 15:52:00,1571932320.0,0.2035,0.2035,0.2035,0.2035,0.0
2019-10-24 15:53:00,1571932380.0,0.2035,0.2035,0.2035,0.2035,0.0
2019-10-24 15:54:00,1571932440.0,0.2035,0.2035,0.2035,0.2035,0.0
2019-10-24 15:55:00,1571932500.0,0.2035,0.2035,0.2035,0.2035,0.0
2019-10-24 15:56:00,1571932560.0,0.2035,0.2035,0.2035,0.2035,0.0
2019-10-24 15:57:00,1571932620.0,0.2035,0.2035,0.2035,0.2035,181.44
2019-10-24 15:58:00,1571932680.0,0.2035,0.2035,0.2035,0.2035,1677.79
2019-10-24 15:59:00,1571932740.0,0.2035,0.2035,0.2035,0.2035,1901.18
2019-10-24 16:00:00,1571932800.0,0.2035,0.2035,0.2035,0.2035,0.0
2019-10-24 16:01:00,1571932860.0,0.2034,0.2039,0.2034,0.2037,1001.76
2019-10-24 16:02:00,1571932920.0,0.2039,0.204,0.2039,0.204,204.42
2019-10-24 16:03:00,1571932980.0,0.204,0.204,0.204,0.204,98.23
2019-10-24 16:04:00,1571933040.0,0.204,0.204,0.204,0.204,69.7
2019-10-24 16:05:00,1571933100.0,0.2041,0.2041,0.2041,0.2041,100.0
2019-10-24 16:06:00,1571933160.0,0.2042,0.2042,0.2042,0.2042,1895.74
2019-10-24 16:07:00,1571933220.0,0.2042,0.2042,0.2042,0.2042,0.0
2019-10-24 16:08:00,1571933280.0,0.2041,0.2041,0.204,0.204,531.3
2019-10-24 16:09:00,1571933340.0,0.204,0.204,0.204,0.204,0.0
2019-10-24 16:10:00,1571933400.0,0.204,0.204,0.204,0.204,0.0
2019-10-24 16:11:00,1571933460.0,0.204,0.204,0.204,0.204,68.7
2019-10-24 16:12:00,1571933520.0,0.204,0.204,0.204,0.204,0.0
2019-10-24 16:13:00,1571933580.0,0.2038,0.2038,0.2035,0.2035,1247.32
2019-10-24 16:14:00,1571933640.0,0.2035,0.2035,0.2035,0.2035,0.0
2019-10-24 16:15:00,1571933700.0,0.2035,0.2035,0.2035,0.2035,0.0
2019-10-24 16:16:00,1571933760.0,0.2038,0.2039,0.2038,0.2039,1447.61
2019-10-24 16:17:00,1571933820.0,0.2038,0.2038,0.2038,0.2038,99.39
2019-10-24 16:18:00,1571933880.0,0.2038,0.2038,0.2038,0.2038,0.0
2019-10-24 16:19:00,1571933940.0,0.2038,0.2038,0.2038,0.2038,0.0
2019-10-24 16:20:00,1571934000.0,0.2038,0.2038,0.2038,0.2038,0.0
2019-10-24 16:21:00,1571934060.0,0.2039,0.2039,0.2039,0.2039,100.0
2019-10-24 16:22:00,1571934120.0,0.2039,0.2039,0.2039,0.2039,0.0
2019-10-24 16:23:00,1571934180.0,0.204,0.204,0.204,0.204,200.0
2019-10-24 16:24:00,1571934240.0,0.204,0.204,0.204,0.204,0.0
2019-10-24 16:25:00,1571934300.0,0.2043,0.2043,0.2043,0.2043,16.42
2019-10-24 16:26:00,1571934360.0,0.2041,0.2041,0.204,0.204,2326.38
2019-10-24 16:27:00,1571934420.0,0.2041,0.2041,0.2041,0.2041,100.0
2019-10-24 16:28:00,1571934480.0,0.2041,0.2041,0.2039,0.2039,126.16
2019-10-24 16:29:00,1571934540.0,0.2039,0.2039,0.2039,0.2039,0.0
2019-10-24 16:30:00,1571934600.0,0.2039,0.2039,0.2038,0.2038,2499.0
2019-10-24 16:31:00,1571934660.0,0.2036,0.2036,0.2036,0.2036,200.0
2019-10-24 16:32:00,1571934720.0,0.2036,0.2036,0.2036,0.2036,0.0
2019-10-24 16:33:00,1571934780.0,0.2037,0.2037,0.2037,0.2037,85.66
2019-10-24 16:34:00,1571934840.0,0.2036,0.2036,0.2036,0.2036,1252.08
2019-10-24 16:35:00,1571934900.0,0.2036,0.2036,0.2036,0.2036,0.0
2019-10-24 16:36:00,1571934960.0,0.2037,0.2037,0.2037,0.2037,50.04
2019-10-24 16:37:00,1571935020.0,0.2032,0.2037,0.2032,0.2037,3528.82
2019-10-24 16:38:00,1571935080.0,0.2038,0.2041,0.2038,0.2041,864.39
2019-10-24 16:39:00,1571935140.0,0.2041,0.2041,0.2041,0.2041,113.87
2019-10-24 16:40:00,1571935200.0,0.2041,0.2041,0.2041,0.2041,0.0
2019-10-24 16:41:00,1571935260.0,0.2041,0.2041,0.2041,0.2041,0.0
2019-10-24 16:42:00,1571935320.0,0.2041,0.2041,0.2041,0.2041,0.0
2019-10-24 16:43:00,1571935380.0,0.2041,0.2041,0.2041,0.2041,0.0
2019-10-24 16:44:00,1571935440.0,0.2041,0.2041,0.2041,0.2041,0.0
2019-10-24 16:45:00,1571935500.0,0.2041,0.2041,0.2041,0.2041,0.0
2019-10-24 16:46:00,1571935560.0,0.2041,0.2041,0.2041,0.2041,0.0
2019-10-24 16:47:00,1571935620.0,0.2041,0.2041,0.2041,0.2041,0.0
2019-10-24 16:48:00,1571935680.0,0.2041,0.2041,0.2041,0.2041,0.0
2019-10-24 16:49:00,1571935740.0,0.2041,0.2041,0.2041,0.2041,0.0
2019-10-24 16:50:00,1571935800.0,0.2043,0.2043,0.2043,0.2043,138.0
2019-10-24 16:51:00,1571935860.0,0.2043,0.2043,0.2043,0.2043,0.0
2019-10-24 16:52:00,1571935920.0,0.2043,0.2043,0.2043,0.2043,0.0
2019-10-24 16:53:00,1571935980.0,0.2043,0.2043,0.2043,0.2043,0.0
2019-10-24 16:54:00,1571936040.0,0.2043,0.2043,0.2043,0.2043,0.0
2019-10-24 16:55:00,1571936100.0,0.2043,0.2043,0.2043,0.2043,0.0
2019-10-24 16:56:00,1571936160.0,0.2043,0.2043,0.2043,0.2043,150.0
2019-10-24 16:57:00,1571936220.0,0.2043,0.2043,0.2043,0.2043,0.0
2019-10-24 16:58:00,1571936280.0,0.2043,0.2043,0.2043,0.2043,0.0
2019-10-24 16:59:00,1571936340.0,0.2043,0.2043,0.2043,0.2043,0.0
2019-10-24 17:00:00,1571936400.0,0.2043,0.2043,0.2043,0.2043,0.0
2019-10-24 17:01:00,1571936460.0,0.2043,0.2043,0.2043,0.2043,0.0
2019-10-24 17:02:00,1571936520.0,0.2043,0.2043,0.2043,0.2043,651.58
2019-10-24 17:03:00,1571936580.0,0.2043,0.2043,0.2043,0.2043,1087.01
2019-10-24 17:04:00,1571936640.0,0.2043,0.2043,0.2043,0.2043,2292.79
2019-10-24 17:05:00,1571936700.0,0.2043,0.2043,0.2043,0.2043,6075.83
2019-10-24 17:06:00,1571936760.0,0.2043,0.2043,0.2043,0.2043,0.0
2019-10-24 17:07:00,1571936820.0,0.2043,0.2043,0.204,0.204,1000.0
2019-10-24 17:08:00,1571936880.0,0.204,0.204,0.204,0.204,0.0
2019-10-24 17:09:00,1571936940.0,0.204,0.204,0.204,0.204,0.0
2019-10-24 17:10:00,1571937000.0,0.204,0.204,0.204,0.204,0.0
2019-10-24 17:11:00,1571937060.0,0.204,0.204,0.204,0.204,0.0
2019-10-24 17:12:00,1571937120.0,0.2043,0.2043,0.2043,0.2043,1287.79
2019-10-24 17:13:00,1571937180.0,0.2043,0.2043,0.2043,0.2043,0.0
2019-10-24 17:14:00,1571937240.0,0.2043,0.2043,0.2043,0.2043,75.1
2019-10-24 17:15:00,1571937300.0,0.2043,0.2043,0.2043,0.2043,0.0
2019-10-24 17:16:00,1571937360.0,0.2043,0.2047,0.2043,0.2047,2146.41
2019-10-24 17:17:00,1571937420.0,0.2046,0.2046,0.2046,0.2046,64.49
2019-10-24 17:18:00,1571937480.0,0.2046,0.2046,0.2046,0.2046,0.0
2019-10-24 17:19:00,1571937540.0,0.2046,0.2046,0.2046,0.2046,0.0
2019-10-24 17:20:00,1571937600.0,0.2046,0.2046,0.2046,0.2046,0.0
2019-10-24 17:21:00,1571937660.0,0.2046,0.2046,0.2046,0.2046,0.0
2019-10-24 17:22:00,1571937720.0,0.2043,0.2043,0.2041,0.2041,212.72
2019-10-24 17:23:00,1571937780.0,0.2041,0.2041,0.2041,0.2041,0.0
2019-10-24 17:24:00,1571937840.0,0.2041,0.2041,0.2041,0.2041,0.0
2019-10-24 17:25:00,1571937900.0,0.2041,0.2041,0.2041,0.2041,0.0
2019-10-24 17:26:00,1571937960.0,0.2041,0.2041,0.204,0.204,111.62
2019-10-24 17:27:00,1571938020.0,0.204,0.204,0.204,0.204,1701.32
2019-10-24 17:28:00,1571938080.0,0.2044,0.2045,0.2041,0.2041,3195.74
2019-10-24 17:29:00,1571938140.0,0.2041,0.2041,0.2041,0.2041,0.0
2019-10-24 17:30:00,1571938200.0,0.2041,0.2041,0.2041,0.2041,0.0
2019-10-24 17:31:00,1571938260.0,0.2041,0.2041,0.2041,0.2041,0.0
2019-10-24 17:32:00,1571938320.0,0.2041,0.2041,0.2041,0.2041,0.0
2019-10-24 17:33:00,1571938380.0,0.2041,0.2041,0.2041,0.2041,0.0
2019-10-24 17:34:00,1571938440.0,0.2041,0.2041,0.2041,0.2041,300.0
2019-10-24 17:35:00,1571938500.0,0.2041,0.2041,0.2041,0.2041,0.0
2019-10-24 17:36:00,1571938560.0,0.2041,0.2041,0.2041,0.2041,0.0
2019-10-24 17:37:00,1571938620.0,0.2041,0.2041,0.2041,0.2041,0.0
2019-10-24 17:38:00,1571938680.0,0.2041,0.2041,0.2041,0.2041,0.0
2019-10-24 17:39:00,1571938740.0,0.2041,0.2041,0.2041,0.2041,0.0
2019-10-24 17:40:00,1571938800.0,0.2041,0.2041,0.2041,0.2041,0.0
2019-10-24 17:41:00,1571938860.0,0.2041,0.2041,0.2041,0.2041,0.0
2019-10-24 17:42:00,1571938920.0,0.204,0.2042,0.204,0.2042,167.06
2019-10-24 17:43:00,1571938980.0,0.2042,0.2044,0.204,0.204,362.3
2019-10-24 17:44:00,1571939040.0,0.2044,0.2044,0.2044,0.2044,48.93
2019-10-24 17:45:00,1571939100.0,0.2044,0.2044,0.2044,0.2044,500.0
2019-10-24 17:46:00,1571939160.0,0.2044,0.2044,0.2044,0.2044,0.0
2019-10-24 17:47:00,1571939220.0,0.2044,0.2044,0.2044,0.2044,0.0
2019-10-24 17:48:00,1571939280.0,0.2043,0.2043,0.2043,0.2043,73.2
2019-10-24 17:49:00,1571939340.0,0.2043,0.2043,0.204,0.204,1027.8
2019-10-24 17:50:00,1571939400.0,0.204,0.204,0.204,0.204,0.0
2019-10-24 17:51:00,1571939460.0,0.204,0.204,0.204,0.204,0.0
2019-10-24 17:52:00,1571939520.0,0.204,0.204,0.204,0.204,0.0
2019-10-24 17:53:00,1571939580.0,0.204,0.2042,0.204,0.2042,609.72
2019-10-24 17:54:00,1571939640.0,0.2042,0.2047,0.2042,0.2047,2397.64
2019-10-24 17:55:00,1571939700.0,0.2047,0.2047,0.2047,0.2047,3449.71
2019-10-24 17:56:00,1571939760.0,0.2047,0.2047,0.2047,0.2047,4670.76
2019-10-24 17:57:00,1571939820.0,0.2044,0.2044,0.2044,0.2044,150.0
2019-10-24 17:58:00,1571939880.0,0.2041,0.2041,0.204,0.204,2000.05
2019-10-24 17:59:00,1571939940.0,0.2043,0.2044,0.2043,0.2044,300.0
2019-10-24 18:00:00,1571940000.0,0.2044,0.2044,0.2044,0.2044,0.0
2019-10-24 18:01:00,1571940060.0,0.2044,0.2044,0.2044,0.2044,0.0
2019-10-24 18:02:00,1571940120.0,0.2044,0.2044,0.2044,0.2044,0.0
2019-10-24 18:03:00,1571940180.0,0.2044,0.2044,0.2044,0.2044,0.0
2019-10-24 18:04:00,1571940240.0,0.2047,0.2048,0.2047,0.2048,200.0
2019-10-24 18:05:00,1571940300.0,0.2048,0.2048,0.2048,0.2048,0.0
2019-10-24 18:06:00,1571940360.0,0.2048,0.2048,0.2048,0.2048,0.0
2019-10-24 18:07:00,1571940420.0,0.2048,0.2048,0.2048,0.2048,0.0
2019-10-24 18:08:00,1571940480.0,0.2048,0.2048,0.2048,0.2048,0.0
2019-10-24 18:09:00,1571940540.0,0.2048,0.2048,0.2048,0.2048,0.0
2019-10-24 18:10:00,1571940600.0,0.2048,0.2048,0.2048,0.2048,0.0
2019-10-24 18:11:00,1571940660.0,0.2048,0.2048,0.2048,0.2048,0.0
2019-10-24 18:12:00,1571940720.0,0.2048,0.2048,0.2048,0.2048,0.0
2019-10-24 18:13:00,1571940780.0,0.2048,0.2048,0.2048,0.2048,0.0
2019-10-24 18:14:00,1571940840.0,0.2046,0.2046,0.2046,0.2046,80.3
2019-10-24 18:15:00,1571940900.0,0.2046,0.2046,0.2046,0.2046,0.0
2019-10-24 18:16:00,1571940960.0,0.2046,0.2046,0.2046,0.2046,100.0
2019-10-24 18:17:00,1571941020.0,0.2047,0.2047,0.2047,0.2047,1650.0
2019-10-24 18:18:00,1571941080.0,0.2047,0.2047,0.2047,0.2047,0.0
2019-10-24 18:19:00,1571941140.0,0.2047,0.2047,0.2047,0.2047,101.0
2019-10-24 18:20:00,1571941200.0,0.2047,0.2047,0.2047,0.2047,0.0
2019-10-24 18:21:00,1571941260.0,0.2048,0.2048,0.2048,0.2048,100.0
2019-10-24 18:22:00,1571941320.0,0.2048,0.2048,0.2048,0.2048,0.0
2019-10-24 18:23:00,1571941380.0,0.2048,0.2048,0.2048,0.2048,0.0
2019-10-24 18:24:00,1571941440.0,0.2049,0.2049,0.2049,0.2049,200.0
2019-10-24 18:25:00,1571941500.0,0.205,0.205,0.205,0.205,13.67
2019-10-24 18:26:00,1571941560.0,0.205,0.205,0.205,0.205,0.0
2019-10-24 18:27:00,1571941620.0,0.205,0.205,0.205,0.205,3928.85
2019-10-24 18:28:00,1571941680.0,0.2052,0.2052,0.205,0.205,2408.88
2019-10-24 18:29:00,1571941740.0,0.2046,0.2046,0.2046,0.2046,258.62
2019-10-24 18:30:00,1571941800.0,0.2051,0.2051,0.2051,0.2051,420.0
2019-10-24 18:31:00,1571941860.0,0.2051,0.2053,0.2047,0.2047,14887.19
2019-10-24 18:32:00,1571941920.0,0.2047,0.2047,0.2047,0.2047,0.0
2019-10-24 18:33:00,1571941980.0,0.2047,0.2047,0.2047,0.2047,0.0
2019-10-24 18:34:00,1571942040.0,0.2051,0.2051,0.2051,0.2051,13.71
2019-10-24 18:35:00,1571942100.0,0.205,0.205,0.205,0.205,59.0
2019-10-24 18:36:00,1571942160.0,0.205,0.205,0.205,0.205,0.0
2019-10-24 18:37:00,1571942220.0,0.205,0.205,0.205,0.205,0.0
2019-10-24 18:38:00,1571942280.0,0.205,0.205,0.205,0.205,1736.91
2019-10-24 18:39:00,1571942340.0,0.205,0.205,0.205,0.205,0.0
2019-10-24 18:40:00,1571942400.0,0.2049,0.2049,0.2047,0.2047,870.0
2019-10-24 18:41:00,1571942460.0,0.2047,0.2047,0.2047,0.2047,0.0
2019-10-24 18:42:00,1571942520.0,0.2047,0.2047,0.2047,0.2047,0.0
2019-10-24 18:43:00,1571942580.0,0.2053,0.2053,0.2053,0.2053,14.9
2019-10-24 18:44:00,1571942640.0,0.2053,0.2053,0.2053,0.2053,0.0
2019-10-24 18:45:00,1571942700.0,0.205,0.205,0.205,0.205,150.0
2019-10-24 18:46:00,1571942760.0,0.205,0.205,0.205,0.205,0.0
2019-10-24 18:47:00,1571942820.0,0.205,0.205,0.205,0.205,0.0
2019-10-24 18:48:00,1571942880.0,0.205,0.205,0.205,0.205,0.0
2019-10-24 18:49:00,1571942940.0,0.205,0.205,0.205,0.205,16.93
2019-10-24 18:50:00,1571943000.0,0.2047,0.2047,0.2046,0.2047,3751.12
2019-10-24 18:51:00,1571943060.0,0.2049,0.205,0.2049,0.205,398.0
2019-10-24 18:52:00,1571943120.0,0.205,0.205,0.205,0.205,0.0
2019-10-24 18:53:00,1571943180.0,0.205,0.205,0.205,0.205,0.0
2019-10-24 18:54:00,1571943240.0,0.205,0.205,0.205,0.205,0.0
2019-10-24 18:55:00,1571943300.0,0.205,0.205,0.205,0.205,0.0
2019-10-24 18:56:00,1571943360.0,0.205,0.205,0.2049,0.205,722.0
2019-10-24 18:57:00,1571943420.0,0.205,0.205,0.205,0.205,0.0
2019-10-24 18:58:00,1571943480.0,0.2049,0.2049,0.2049,0.2049,150.0
2019-10-24 18:59:00,1571943540.0,0.2049,0.2049,0.2049,0.2049,0.0
2019-10-24 19:00:00,1571943600.0,0.2049,0.2049,0.2049,0.2049,0.0
2019-10-24 19:01:00,1571943660.0,0.2049,0.2049,0.2049,0.2049,0.0
2019-10-24 19:02:00,1571943720.0,0.2048,0.2049,0.2048,0.2048,5210.0
2019-10-24 19:03:00,1571943780.0,0.2049,0.2049,0.2048,0.2048,5621.2
2019-10-24 19:04:00,1571943840.0,0.2048,0.2048,0.2048,0.2048,0.0
2019-10-24 19:05:00,1571943900.0,0.2048,0.2048,0.2048,0.2048,0.0
2019-10-24 19:06:00,1571943960.0,0.2048,0.2048,0.2048,0.2048,0.0
2019-10-24 19:07:00,1571944020.0,0.2048,0.2048,0.2047,0.2047,3716.73
2019-10-24 19:08:00,1571944080.0,0.2047,0.2047,0.2047,0.2047,0.0
2019-10-24 19:09:00,1571944140.0,0.2047,0.2047,0.2046,0.2046,3465.84
2019-10-24 19:10:00,1571944200.0,0.2043,0.2043,0.2043,0.2043,5000.0
2019-10-24 19:11:00,1571944260.0,0.2043,0.2043,0.2043,0.2043,0.0
2019-10-24 19:12:00,1571944320.0,0.2043,0.2043,0.2043,0.2043,0.0
2019-10-24 19:13:00,1571944380.0,0.2043,0.2043,0.2043,0.2043,0.0
2019-10-24 19:14:00,1571944440.0,0.2046,0.2046,0.2046,0.2046,100.0
2019-10-24 19:15:00,1571944500.0,0.2046,0.2046,0.2046,0.2046,0.0
2019-10-24 19:16:00,1571944560.0,0.2045,0.2045,0.2045,0.2045,200.0
2019-10-24 19:17:00,1571944620.0,0.2045,0.2045,0.2045,0.2045,0.0
2019-10-24 19:18:00,1571944680.0,0.2045,0.2045,0.2045,0.2045,0.0
2019-10-24 19:19:00,1571944740.0,0.2043,0.2043,0.2043,0.2043,410.0
2019-10-24 19:20:00,1571944800.0,0.2043,0.2043,0.2042,0.2042,167.9
2019-10-24 19:21:00,1571944860.0,0.2044,0.2044,0.2044,0.2044,150.0
2019-10-24 19:22:00,1571944920.0,0.2044,0.2044,0.2044,0.2044,0.0
2019-10-24 19:23:00,1571944980.0,0.2045,0.2045,0.2045,0.2045,133.0
2019-10-24 19:24:00,1571945040.0,0.2045,0.2045,0.2045,0.2045,0.0
2019-10-24 19:25:00,1571945100.0,0.2045,0.2045,0.2045,0.2045,0.0
2019-10-24 19:26:00,1571945160.0,0.2042,0.2042,0.2042,0.2042,170.28
2019-10-24 19:27:00,1571945220.0,0.2045,0.2045,0.2045,0.2045,681.8
2019-10-24 19:28:00,1571945280.0,0.2045,0.2045,0.2045,0.2045,0.0
2019-10-24 19:29:00,1571945340.0,0.2042,0.2042,0.2042,0.2042,165.82
2019-10-24 19:30:00,1571945400.0,0.2042,0.2042,0.2042,0.2042,0.0
2019-10-24 19:31:00,1571945460.0,0.2042,0.2042,0.2042,0.2042,326.48
2019-10-24 19:32:00,1571945520.0,0.2042,0.2042,0.2042,0.2042,0.0
2019-10-24 19:33:00,1571945580.0,0.2042,0.2042,0.2042,0.2042,0.0
2019-10-24 19:34:00,1571945640.0,0.2042,0.2042,0.2042,0.2042,0.0
2019-10-24 19:35:00,1571945700.0,0.2044,0.2044,0.2044,0.2044,231.35
2019-10-24 19:36:00,1571945760.0,0.2044,0.2044,0.2044,0.2044,0.0
2019-10-24 19:37:00,1571945820.0,0.2043,0.2046,0.2043,0.2046,1693.41
2019-10-24 19:38:00,1571945880.0,0.2046,0.2046,0.2046,0.2046,0.0
2019-10-24 19:39:00,1571945940.0,0.2046,0.2046,0.2046,0.2046,0.0
2019-10-24 19:40:00,1571946000.0,0.2046,0.2046,0.2046,0.2046,2434.56
2019-10-24 19:41:00,1571946060.0,0.2046,0.2046,0.2046,0.2046,0.0
2019-10-24 19:42:00,1571946120.0,0.2046,0.2046,0.2046,0.2046,0.0
2019-10-24 19:43:00,1571946180.0,0.2046,0.2046,0.2046,0.2046,0.0
2019-10-24 19:44:00,1571946240.0,0.2049,0.2049,0.2049,0.2049,17.88
2019-10-24 19:45:00,1571946300.0,0.2049,0.2049,0.2049,0.2049,0.0
2019-10-24 19:46:00,1571946360.0,0.2049,0.2049,0.2049,0.2049,0.0
2019-10-24 19:47:00,1571946420.0,0.2049,0.2049,0.2049,0.2049,0.0
2019-10-24 19:48:00,1571946480.0,0.2049,0.2049,0.2049,0.2049,0.0
2019-10-24 19:49:00,1571946540.0,0.2049,0.2049,0.2049,0.2049,0.0
2019-10-24 19:50:00,1571946600.0,0.2049,0.2049,0.2049,0.2049,0.0
2019-10-24 19:51:00,1571946660.0,0.2049,0.2049,0.2049,0.2049,4176.7
2019-10-24 19:52:00,1571946720.0,0.2049,0.2049,0.2049,0.2049,0.0
2019-10-24 19:53:00,1571946780.0,0.2052,0.2052,0.2052,0.2052,150.0
2019-10-24 19:54:00,1571946840.0,0.2052,0.2052,0.2052,0.2052,0.0
2019-10-24 19:55:00,1571946900.0,0.2052,0.2052,0.2052,0.2052,0.0
2019-10-24 19:56:00,1571946960.0,0.2052,0.2052,0.2052,0.2052,0.0
2019-10-24 19:57:00,1571947020.0,0.2052,0.2052,0.2052,0.2052,0.0
2019-10-24 19:58:00,1571947080.0,0.2052,0.2052,0.2052,0.2052,0.0
2019-10-24 19:59:00,1571947140.0,0.205,0.205,0.205,0.205,120.02
2019-10-24 20:00:00,1571947200.0,0.205,0.205,0.205,0.205,0.0
2019-10-24 20:01:00,1571947260.0,0.205,0.205,0.205,0.205,0.0
2019-10-24 20:02:00,1571947320.0,0.205,0.205,0.205,0.205,0.0
2019-10-24 20:03:00,1571947380.0,0.205,0.205,0.205,0.205,1357.98
2019-10-24 20:04:00,1571947440.0,0.2047,0.2049,0.2047,0.2049,173.63
2019-10-24 20:05:00,1571947500.0,0.2049,0.2049,0.2049,0.2049,76.0
2019-10-24 20:06:00,1571947560.0,0.2049,0.2049,0.2049,0.2049,0.37
2019-10-24 20:07:00,1571947620.0,0.205,0.205,0.205,0.205,443.0
2019-10-24 20:08:00,1571947680.0,0.205,0.205,0.205,0.205,1495.0
2019-10-24 20:09:00,1571947740.0,0.2047,0.2053,0.2047,0.2053,2592.18
2019-10-24 20:10:00,1571947800.0,0.2053,0.2053,0.2053,0.2053,0.0
2019-10-24 20:11:00,1571947860.0,0.2053,0.2053,0.2053,0.2053,0.0
2019-10-24 20:12:00,1571947920.0,0.2053,0.2053,0.2053,0.2053,0.0
2019-10-24 20:13:00,1571947980.0,0.2053,0.2053,0.2053,0.2053,0.0
2019-10-24 20:14:00,1571948040.0,0.2048,0.2048,0.2043,0.2048,7999.34
2019-10-24 20:15:00,1571948100.0,0.2049,0.2049,0.2049,0.2049,200.0
2019-10-24 20:16:00,1571948160.0,0.2049,0.2049,0.2049,0.2049,0.0
2019-10-24 20:17:00,1571948220.0,0.2049,0.2049,0.2049,0.2049,70.74
2019-10-24 20:18:00,1571948280.0,0.205,0.205,0.204,0.2044,21365.58
2019-10-24 20:19:00,1571948340.0,0.2044,0.2044,0.2044,0.2044,0.0
2019-10-24 20:20:00,1571948400.0,0.2045,0.2045,0.2045,0.2045,150.0
2019-10-24 20:21:00,1571948460.0,0.2039,0.2039,0.2039,0.2039,1364.96
2019-10-24 20:22:00,1571948520.0,0.2038,0.2038,0.2038,0.2038,4906.77
2019-10-24 20:23:00,1571948580.0,0.2044,0.2044,0.2044,0.2044,150.0
2019-10-24 20:24:00,1571948640.0,0.2044,0.2044,0.2044,0.2044,0.0
2019-10-24 20:25:00,1571948700.0,0.2044,0.2044,0.2044,0.2044,0.0
2019-10-24 20:26:00,1571948760.0,0.2044,0.2044,0.2044,0.2044,0.0
2019-10-24 20:27:00,1571948820.0,0.2044,0.2044,0.2044,0.2044,0.0
2019-10-24 20:28:00,1571948880.0,0.2045,0.2045,0.2045,0.2045,1726.2
2019-10-24 20:29:00,1571948940.0,0.2045,0.2045,0.2045,0.2045,0.0
2019-10-24 20:30:00,1571949000.0,0.2045,0.2045,0.2045,0.2045,189.58
2019-10-24 20:31:00,1571949060.0,0.2045,0.2045,0.2045,0.2045,0.0
2019-10-24 20:32:00,1571949120.0,0.2045,0.2045,0.2045,0.2045,0.0
2019-10-24 20:33:00,1571949180.0,0.2045,0.2045,0.2045,0.2045,0.0
2019-10-24 20:34:00,1571949240.0,0.2045,0.2045,0.2045,0.2045,501.0
2019-10-24 20:35:00,1571949300.0,0.2045,0.2045,0.2045,0.2045,0.0
2019-10-24 20:36:00,1571949360.0,0.2045,0.2045,0.2045,0.2045,0.0
2019-10-24 20:37:00,1571949420.0,0.2045,0.2045,0.2045,0.2045,0.0
2019-10-24 20:38:00,1571949480.0,0.2045,0.2045,0.2045,0.2045,0.0
2019-10-24 20:39:00,1571949540.0,0.2045,0.2045,0.2045,0.2045,0.0
2019-10-24 20:40:00,1571949600.0,0.2045,0.2045,0.2045,0.2045,0.0
2019-10-24 20:41:00,1571949660.0,0.2045,0.2045,0.2045,0.2045,0.0
2019-10-24 20:42:00,1571949720.0,0.2045,0.2045,0.2045,0.2045,0.0
2019-10-24 20:43:00,1571949780.0,0.2041,0.2041,0.2041,0.2041,1762.54
2019-10-24 20:44:00,1571949840.0,0.2041,0.2041,0.2041,0.2041,134.18
2019-10-24 20:45:00,1571949900.0,0.2041,0.2041,0.2041,0.2041,0.0
2019-10-24 20:46:00,1571949960.0,0.2041,0.2041,0.2041,0.2041,0.0
2019-10-24 20:47:00,1571950020.0,0.2041,0.2041,0.2041,0.2041,0.0
2019-10-24 20:48:00,1571950080.0,0.2041,0.2041,0.2041,0.2041,0.0
2019-10-24 20:49:00,1571950140.0,0.2041,0.2041,0.2041,0.2041,0.0
2019-10-24 20:50:00,1571950200.0,0.2041,0.2042,0.2041,0.2041,6200.0
2019-10-24 20:51:00,1571950260.0,0.2036,0.2037,0.2036,0.2036,6384.05
2019-10-24 20:52:00,1571950320.0,0.2036,0.2036,0.2036,0.2036,0.0
2019-10-24 20:53:00,1571950380.0,0.2039,0.204,0.2039,0.204,5658.85
2019-10-24 20:54:00,1571950440.0,0.204,0.204,0.204,0.204,0.0
2019-10-24 20:55:00,1571950500.0,0.204,0.204,0.204,0.204,0.0
2019-10-24 20:56:00,1571950560.0,0.204,0.204,0.204,0.204,0.0
2019-10-24 20:57:00,1571950620.0,0.204,0.204,0.204,0.204,0.0
2019-10-24 20:58:00,1571950680.0,0.204,0.204,0.204,0.204,0.0
2019-10-24 20:59:00,1571950740.0,0.2036,0.2036,0.2036,0.2036,96.79
2019-10-24 21:00:00,1571950800.0,0.2041,0.2041,0.2041,0.2041,162.72
2019-10-24 21:01:00,1571950860.0,0.2036,0.2036,0.2036,0.2036,1729.75
2019-10-24 21:02:00,1571950920.0,0.2036,0.2036,0.2036,0.2036,150.42
2019-10-24 21:03:00,1571950980.0,0.2036,0.2036,0.2036,0.2036,0.0
2019-10-24 21:04:00,1571951040.0,0.2036,0.2036,0.2036,0.2036,0.0
2019-10-24 21:05:00,1571951100.0,0.2036,0.2036,0.2036,0.2036,0.0
2019-10-24 21:06:00,1571951160.0,0.2036,0.2036,0.2036,0.2036,0.0
2019-10-24 21:07:00,1571951220.0,0.2036,0.2036,0.2036,0.2036,0.0
2019-10-24 21:08:00,1571951280.0,0.2036,0.2036,0.2036,0.2036,86.1
2019-10-24 21:09:00,1571951340.0,0.2036,0.2036,0.2036,0.2036,0.0
2019-10-24 21:10:00,1571951400.0,0.2038,0.2038,0.2038,0.2038,267.0
2019-10-24 21:11:00,1571951460.0,0.2038,0.2038,0.2038,0.2038,476.0
2019-10-24 21:12:00,1571951520.0,0.2038,0.2038,0.2038,0.2038,0.0
2019-10-24 21:13:00,1571951580.0,0.2038,0.2038,0.2038,0.2038,0.0
2019-10-24 21:14:00,1571951640.0,0.2038,0.2038,0.2038,0.2038,0.0
2019-10-24 21:15:00,1571951700.0,0.2038,0.2038,0.2038,0.2038,0.0
2019-10-24 21:16:00,1571951760.0,0.2038,0.2038,0.2038,0.2038,0.0
2019-10-24 21:17:00,1571951820.0,0.2038,0.2038,0.2038,0.2038,0.0
2019-10-24 21:18:00,1571951880.0,0.2038,0.2038,0.2038,0.2038,0.0
2019-10-24 21:19:00,1571951940.0,0.2038,0.2038,0.2038,0.2038,0.0
2019-10-24 21:20:00,1571952000.0,0.2038,0.2038,0.2038,0.2038,0.0
2019-10-24 21:21:00,1571952060.0,0.2038,0.2038,0.2038,0.2038,0.0
2019-10-24 21:22:00,1571952120.0,0.2038,0.2038,0.2038,0.2038,0.0
2019-10-24 21:23:00,1571952180.0,0.2038,0.2038,0.2038,0.2038,0.0
2019-10-24 21:24:00,1571952240.0,0.2038,0.2038,0.2038,0.2038,0.0
2019-10-24 21:25:00,1571952300.0,0.2038,0.2038,0.2038,0.2038,0.0
2019-10-24 21:26:00,1571952360.0,0.2036,0.2036,0.2036,0.2036,484.49
2019-10-24 21:27:00,1571952420.0,0.2039,0.204,0.2038,0.2038,2370.0
2019-10-24 21:28:00,1571952480.0,0.2038,0.2038,0.2038,0.2038,0.0
2019-10-24 21:29:00,1571952540.0,0.2038,0.2038,0.2038,0.2038,0.0
2019-10-24 21:30:00,1571952600.0,0.2038,0.2038,0.2038,0.2038,0.0
2019-10-24 21:31:00,1571952660.0,0.2038,0.2038,0.2038,0.2038,0.0
2019-10-24 21:32:00,1571952720.0,0.2043,0.2043,0.2043,0.2043,1439.0
2019-10-24 21:33:00,1571952780.0,0.2044,0.2044,0.2044,0.2044,17.3
2019-10-24 21:34:00,1571952840.0,0.2044,0.2044,0.2044,0.2044,16.07
2019-10-24 21:35:00,1571952900.0,0.2044,0.2044,0.2044,0.2044,0.0
2019-10-24 21:36:00,1571952960.0,0.2044,0.2044,0.2044,0.2044,0.0
2019-10-24 21:37:00,1571953020.0,0.2044,0.2044,0.2044,0.2044,0.0
2019-10-24 21:38:00,1571953080.0,0.2044,0.2044,0.2044,0.2044,0.0
2019-10-24 21:39:00,1571953140.0,0.2044,0.2044,0.2044,0.2044,0.0
2019-10-24 21:40:00,1571953200.0,0.2044,0.2044,0.2044,0.2044,0.0
2019-10-24 21:41:00,1571953260.0,0.2041,0.2041,0.2041,0.2041,201.0
2019-10-24 21:42:00,1571953320.0,0.204,0.204,0.204,0.204,549.0
2019-10-24 21:43:00,1571953380.0,0.204,0.204,0.204,0.204,0.0
2019-10-24 21:44:00,1571953440.0,0.2041,0.2041,0.2041,0.2041,2859.0
2019-10-24 21:45:00,1571953500.0,0.2041,0.2041,0.2041,0.2041,0.0
2019-10-24 21:46:00,1571953560.0,0.2041,0.2041,0.2041,0.2041,0.0
2019-10-24 21:47:00,1571953620.0,0.2041,0.2041,0.2041,0.2041,0.0
2019-10-24 21:48:00,1571953680.0,0.2039,0.2039,0.2034,0.2034,9433.17
2019-10-24 21:49:00,1571953740.0,0.2034,0.2034,0.2031,0.2033,4806.52
2019-10-24 21:50:00,1571953800.0,0.2033,0.2033,0.2033,0.2033,0.0
2019-10-24 21:51:00,1571953860.0,0.2031,0.2032,0.203,0.203,13135.93
2019-10-24 21:52:00,1571953920.0,0.203,0.203,0.2029,0.2029,319.0
2019-10-24 21:53:00,1571953980.0,0.2029,0.2029,0.2029,0.2029,0.0
2019-10-24 21:54:00,1571954040.0,0.2029,0.2029,0.2029,0.2029,0.0
2019-10-24 21:55:00,1571954100.0,0.2029,0.2029,0.2029,0.2029,0.0
2019-10-24 21:56:00,1571954160.0,0.2029,0.2029,0.2029,0.2029,0.0
2019-10-24 21:57:00,1571954220.0,0.2029,0.2029,0.2029,0.2029,0.0
2019-10-24 21:58:00,1571954280.0,0.2029,0.2029,0.2028,0.2028,488.1
2019-10-24 21:59:00,1571954340.0,0.2028,0.2028,0.2028,0.2028,0.0
2019-10-24 22:00:00,1571954400.0,0.203,0.2034,0.203,0.2034,222.52
2019-10-24 22:01:00,1571954460.0,0.2034,0.2034,0.2034,0.2034,13.65
2019-10-24 22:02:00,1571954520.0,0.2034,0.2034,0.2034,0.2034,0.0
2019-10-24 22:03:00,1571954580.0,0.2034,0.2034,0.2034,0.2034,0.0
2019-10-24 22:04:00,1571954640.0,0.2034,0.2034,0.2034,0.2034,0.0
2019-10-24 22:05:00,1571954700.0,0.2033,0.2033,0.2033,0.2033,81.52
2019-10-24 22:06:00,1571954760.0,0.2033,0.2033,0.2033,0.2033,0.0
2019-10-24 22:07:00,1571954820.0,0.2033,0.2033,0.2033,0.2033,0.0
2019-10-24 22:08:00,1571954880.0,0.203,0.2033,0.203,0.2033,85.55
2019-10-24 22:09:00,1571954940.0,0.2032,0.2032,0.2032,0.2032,483.0
2019-10-24 22:10:00,1571955000.0,0.2032,0.2032,0.2032,0.2032,952.0
2019-10-24 22:11:00,1571955060.0,0.2032,0.2032,0.2032,0.2032,0.0
2019-10-24 22:12:00,1571955120.0,0.2032,0.2032,0.2032,0.2032,0.0
2019-10-24 22:13:00,1571955180.0,0.203,0.203,0.203,0.203,187.2
2019-10-24 22:14:00,1571955240.0,0.203,0.203,0.203,0.203,0.0
2019-10-24 22:15:00,1571955300.0,0.203,0.203,0.203,0.203,0.0
2019-10-24 22:16:00,1571955360.0,0.203,0.203,0.203,0.203,0.0
2019-10-24 22:17:00,1571955420.0,0.2033,0.2033,0.2032,0.2032,863.77
2019-10-24 22:18:00,1571955480.0,0.2032,0.2032,0.2032,0.2032,0.0
2019-10-24 22:19:00,1571955540.0,0.2033,0.2033,0.2033,0.2033,598.46
2019-10-24 22:20:00,1571955600.0,0.2034,0.2035,0.2034,0.2035,1654.51
2019-10-24 22:21:00,1571955660.0,0.2035,0.2035,0.2035,0.2035,0.0
2019-10-24 22:22:00,1571955720.0,0.2031,0.2031,0.2031,0.2031,102.15
2019-10-24 22:23:00,1571955780.0,0.2031,0.2031,0.2031,0.2031,97.85
2019-10-24 22:24:00,1571955840.0,0.2031,0.2031,0.2031,0.2031,0.0
2019-10-24 22:25:00,1571955900.0,0.2031,0.2031,0.2031,0.2031,0.0
2019-10-24 22:26:00,1571955960.0,0.2031,0.2031,0.2031,0.2031,0.0
2019-10-24 22:27:00,1571956020.0,0.2031,0.2031,0.2031,0.2031,0.0
2019-10-24 22:28:00,1571956080.0,0.2031,0.2031,0.2031,0.2031,0.0
2019-10-24 22:29:00,1571956140.0,0.2031,0.2031,0.2031,0.2031,0.0
2019-10-24 22:30:00,1571956200.0,0.2031,0.2031,0.2031,0.2031,0.0
2019-10-24 22:31:00,1571956260.0,0.2032,0.2032,0.2032,0.2032,150.0
2019-10-24 22:32:00,1571956320.0,0.2032,0.2032,0.2032,0.2032,0.0
2019-10-24 22:33:00,1571956380.0,0.2032,0.2032,0.2032,0.2032,0.0
2019-10-24 22:34:00,1571956440.0,0.2033,0.2034,0.2033,0.2034,300.0
2019-10-24 22:35:00,1571956500.0,0.2034,0.2034,0.2034,0.2034,0.0
2019-10-24 22:36:00,1571956560.0,0.2034,0.2034,0.2034,0.2034,1337.81
2019-10-24 22:37:00,1571956620.0,0.2034,0.2034,0.2034,0.2034,0.0
2019-10-24 22:38:00,1571956680.0,0.2034,0.2034,0.2034,0.2034,0.0
2019-10-24 22:39:00,1571956740.0,0.2032,0.2032,0.203,0.203,4566.76
2019-10-24 22:40:00,1571956800.0,0.203,0.203,0.203,0.203,0.0
2019-10-24 22:41:00,1571956860.0,0.203,0.203,0.203,0.203,0.0
2019-10-24 22:42:00,1571956920.0,0.203,0.203,0.203,0.203,0.0
2019-10-24 22:43:00,1571956980.0,0.203,0.203,0.203,0.203,0.0
2019-10-24 22:44:00,1571957040.0,0.203,0.203,0.203,0.203,0.0
2019-10-24 22:45:00,1571957100.0,0.2031,0.2031,0.2031,0.2031,492.36
2019-10-24 22:46:00,1571957160.0,0.2031,0.2031,0.2031,0.2031,0.0
2019-10-24 22:47:00,1571957220.0,0.2032,0.2032,0.2031,0.2031,263.74
2019-10-24 22:48:00,1571957280.0,0.2031,0.2031,0.2031,0.2031,2518.26
2019-10-24 22:49:00,1571957340.0,0.2031,0.2031,0.2031,0.2031,0.74
2019-10-24 22:50:00,1571957400.0,0.2031,0.2031,0.2031,0.2031,0.0
2019-10-24 22:51:00,1571957460.0,0.2031,0.2031,0.203,0.203,104.61
2019-10-24 22:52:00,1571957520.0,0.203,0.203,0.203,0.203,389.84
2019-10-24 22:53:00,1571957580.0,0.2033,0.2034,0.2033,0.2034,240.0
2019-10-24 22:54:00,1571957640.0,0.2031,0.2031,0.2031,0.2031,56.09
2019-10-24 22:55:00,1571957700.0,0.2031,0.2031,0.2031,0.2031,0.0
2019-10-24 22:56:00,1571957760.0,0.2032,0.2032,0.2032,0.2032,187.34
2019-10-24 22:57:00,1571957820.0,0.2032,0.2032,0.2032,0.2032,0.0
2019-10-24 22:58:00,1571957880.0,0.2032,0.2032,0.2032,0.2032,0.0
2019-10-24 22:59:00,1571957940.0,0.2032,0.2032,0.2032,0.2032,0.0
2019-10-24 23:00:00,1571958000.0,0.2032,0.2032,0.2032,0.2032,330.0
2019-10-24 23:01:00,1571958060.0,0.2032,0.2032,0.2029,0.2029,3860.62
2019-10-24 23:02:00,1571958120.0,0.2029,0.2029,0.2029,0.2029,0.0
2019-10-24 23:03:00,1571958180.0,0.2029,0.2029,0.2029,0.2029,0.0
2019-10-24 23:04:00,1571958240.0,0.2029,0.2038,0.2029,0.2038,9631.13
2019-10-24 23:05:00,1571958300.0,0.2038,0.2038,0.2038,0.2038,0.0
2019-10-24 23:06:00,1571958360.0,0.2039,0.2039,0.2039,0.2039,100.0
2019-10-24 23:07:00,1571958420.0,0.2033,0.2033,0.2031,0.2031,3818.36
2019-10-24 23:08:00,1571958480.0,0.2031,0.2031,0.2031,0.2031,0.0
2019-10-24 23:09:00,1571958540.0,0.2031,0.2031,0.2031,0.2031,0.0
2019-10-24 23:10:00,1571958600.0,0.2031,0.2031,0.2031,0.2031,0.0
2019-10-24 23:11:00,1571958660.0,0.2032,0.2032,0.2032,0.2032,150.0
2019-10-24 23:12:00,1571958720.0,0.2032,0.2032,0.2032,0.2032,0.0
2019-10-24 23:13:00,1571958780.0,0.2032,0.2032,0.2032,0.2032,0.0
2019-10-24 23:14:00,1571958840.0,0.2032,0.2032,0.2032,0.2032,0.0
2019-10-24 23:15:00,1571958900.0,0.2031,0.2031,0.2031,0.2031,100.0
2019-10-24 23:16:00,1571958960.0,0.2031,0.2031,0.2031,0.2031,0.0
2019-10-24 23:17:00,1571959020.0,0.2031,0.2031,0.2031,0.2031,0.0
2019-10-24 23:18:00,1571959080.0,0.2031,0.2031,0.2031,0.2031,0.0
2019-10-24 23:19:00,1571959140.0,0.2031,0.2031,0.2031,0.2031,0.0
2019-10-24 23:20:00,1571959200.0,0.2031,0.2031,0.2031,0.2031,0.0
2019-10-24 23:21:00,1571959260.0,0.203,0.203,0.2028,0.2028,7461.9
2019-10-24 23:22:00,1571959320.0,0.2028,0.2028,0.2028,0.2028,0.0
2019-10-24 23:23:00,1571959380.0,0.2032,0.2032,0.2032,0.2032,150.0
2019-10-24 23:24:00,1571959440.0,0.2031,0.2031,0.2031,0.2031,125.19
2019-10-24 23:25:00,1571959500.0,0.2031,0.2031,0.2031,0.2031,0.0
2019-10-24 23:26:00,1571959560.0,0.2031,0.2031,0.2031,0.2031,0.0
2019-10-24 23:27:00,1571959620.0,0.2031,0.2031,0.2031,0.2031,0.0
2019-10-24 23:28:00,1571959680.0,0.2031,0.2031,0.2031,0.2031,492.0
2019-10-24 23:29:00,1571959740.0,0.2031,0.2031,0.2031,0.2031,0.36
2019-10-24 23:30:00,1571959800.0,0.2031,0.2031,0.2031,0.2031,0.0
2019-10-24 23:31:00,1571959860.0,0.2031,0.2031,0.2031,0.2031,0.0
2019-10-24 23:32:00,1571959920.0,0.2031,0.2031,0.2031,0.2031,0.0
2019-10-24 23:33:00,1571959980.0,0.2031,0.2031,0.2031,0.2031,0.0
2019-10-24 23:34:00,1571960040.0,0.2027,0.2027,0.2027,0.2027,1541.0
2019-10-24 23:35:00,1571960100.0,0.2027,0.2027,0.2027,0.2027,0.0
2019-10-24 23:36:00,1571960160.0,0.2027,0.2027,0.2027,0.2027,110.42
2019-10-24 23:37:00,1571960220.0,0.2027,0.2027,0.2027,0.2027,7339.71
2019-10-24 23:38:00,1571960280.0,0.2027,0.2027,0.2027,0.2027,0.0
2019-10-24 23:39:00,1571960340.0,0.2027,0.2027,0.2027,0.2027,0.0
2019-10-24 23:40:00,1571960400.0,0.2027,0.2027,0.2027,0.2027,0.0
2019-10-24 23:41:00,1571960460.0,0.2027,0.2027,0.2027,0.2027,246.19
2019-10-24 23:42:00,1571960520.0,0.2027,0.2027,0.2027,0.2027,0.0
2019-10-24 23:43:00,1571960580.0,0.2027,0.2027,0.2027,0.2027,0.0
2019-10-24 23:44:00,1571960640.0,0.2027,0.2027,0.2027,0.2027,0.0
2019-10-24 23:45:00,1571960700.0,0.2027,0.2027,0.2027,0.2027,0.0
2019-10-24 23:46:00,1571960760.0,0.2027,0.2027,0.2025,0.2025,11599.96
2019-10-24 23:47:00,1571960820.0,0.2026,0.2026,0.2024,0.2024,3703.71
2019-10-24 23:48:00,1571960880.0,0.2024,0.2024,0.2024,0.2024,185.1
2019-10-24 23:49:00,1571960940.0,0.2023,0.2024,0.2023,0.2024,3509.83
2019-10-24 23:50:00,1571961000.0,0.2024,0.2024,0.2024,0.2024,161.0
2019-10-24 23:51:00,1571961060.0,0.2024,0.2024,0.2022,0.2022,2328.4
2019-10-24 23:52:00,1571961120.0,0.2022,0.2022,0.2008,0.2008,26063.69
2019-10-24 23:53:00,1571961180.0,0.2007,0.201,0.2006,0.2006,4606.74
2019-10-24 23:54:00,1571961240.0,0.2006,0.2006,0.2006,0.2006,0.0
2019-10-24 23:55:00,1571961300.0,0.2008,0.201,0.2008,0.201,569.77
2019-10-24 23:56:00,1571961360.0,0.2014,0.2015,0.2014,0.2015,404.47
2019-10-24 23:57:00,1571961420.0,0.201,0.201,0.201,0.201,65.0
2019-10-24 23:58:00,1571961480.0,0.201,0.201,0.201,0.201,1320.46
2019-10-24 23:59:00,1571961540.0,0.201,0.201,0.201,0.201,1039.1
