Universal Time,Unix Time,Open,High,Low,Close,Volume
2020-11-16 00:00:00,1605484800.0,114.62,114.63,114.19,114.21,321.703
2020-11-16 00:01:00,1605484860.0,114.22,114.25,114.0,114.07,166.24029
2020-11-16 00:02:00,1605484920.0,114.07,114.15,113.99,114.01,67.84198
2020-11-16 00:03:00,1605484980.0,114.09,114.17,114.04,114.05,31.32691
2020-11-16 00:04:00,1605485040.0,114.08,114.18,114.08,114.18,17.58558
2020-11-16 00:05:00,1605485100.0,114.25,114.26,114.04,114.04,3.98821
2020-11-16 00:06:00,1605485160.0,114.08,114.08,114.07,114.07,3.54207
2020-11-16 00:07:00,1605485220.0,114.06,114.06,114.02,114.05,1.11714
2020-11-16 00:08:00,1605485280.0,114.04,114.04,114.01,114.01,0.23514
2020-11-16 00:09:00,1605485340.0,114.0,114.0,113.95,113.95,0.89714
2020-11-16 00:10:00,1605485400.0,113.98,114.03,113.98,114.03,25.87343
2020-11-16 00:11:00,1605485460.0,114.04,114.06,114.0,114.03,9.85585
2020-11-16 00:12:00,1605485520.0,114.0,114.0,113.99,113.99,3.70363
2020-11-16 00:13:00,1605485580.0,113.94,113.94,113.92,113.92,2.25
2020-11-16 00:14:00,1605485640.0,113.94,113.96,113.94,113.96,0.28161
2020-11-16 00:15:00,1605485700.0,113.93,113.93,113.88,113.89,4.8441
2020-11-16 00:16:00,1605485760.0,113.89,113.9,113.89,113.9,0.898
2020-11-16 00:17:00,1605485820.0,113.88,113.88,113.88,113.88,0.2
2020-11-16 00:18:00,1605485880.0,113.88,113.92,113.88,113.92,0.89605
2020-11-16 00:19:00,1605485940.0,113.87,113.87,113.87,113.87,0.129
2020-11-16 00:20:00,1605486000.0,113.87,113.9,113.84,113.88,18.43839
2020-11-16 00:21:00,1605486060.0,113.9,113.9,113.85,113.88,2.16135
2020-11-16 00:22:00,1605486120.0,113.88,113.88,113.74,113.75,64.90967
2020-11-16 00:23:00,1605486180.0,113.7,113.74,113.69,113.74,0.82854
2020-11-16 00:24:00,1605486240.0,113.66,113.78,113.63,113.78,35.92208
2020-11-16 00:25:00,1605486300.0,113.85,113.9,113.84,113.86,62.88991
2020-11-16 00:26:00,1605486360.0,113.86,113.87,113.86,113.87,3.87567
2020-11-16 00:27:00,1605486420.0,113.87,113.91,113.86,113.91,2.84807
2020-11-16 00:28:00,1605486480.0,113.9,113.9,113.9,113.9,4.49893
2020-11-16 00:29:00,1605486540.0,113.84,113.85,113.79,113.79,16.61187
2020-11-16 00:30:00,1605486600.0,113.72,113.75,113.64,113.64,14.20373
2020-11-16 00:31:00,1605486660.0,113.64,113.64,113.56,113.56,8.23916
2020-11-16 00:32:00,1605486720.0,113.55,113.56,113.5,113.52,76.92817
2020-11-16 00:33:00,1605486780.0,113.5,113.5,113.49,113.49,2.087
2020-11-16 00:34:00,1605486840.0,113.51,113.51,113.49,113.49,5.52753
2020-11-16 00:35:00,1605486900.0,113.55,113.67,113.55,113.67,16.08703
2020-11-16 00:36:00,1605486960.0,113.68,113.73,113.68,113.7,26.9977
2020-11-16 00:37:00,1605487020.0,113.73,113.74,113.73,113.74,4.14082
2020-11-16 00:38:00,1605487080.0,113.81,113.86,113.79,113.8,21.7296
2020-11-16 00:39:00,1605487140.0,113.85,113.98,113.85,113.98,12.1298
2020-11-16 00:40:00,1605487200.0,114.0,114.11,114.0,114.1,19.44499
2020-11-16 00:41:00,1605487260.0,114.09,114.2,114.04,114.17,25.26039
2020-11-16 00:42:00,1605487320.0,114.21,114.28,114.21,114.28,3.47817
2020-11-16 00:43:00,1605487380.0,114.2,114.26,114.18,114.26,1.42218
2020-11-16 00:44:00,1605487440.0,114.26,114.26,114.15,114.15,1.25927
2020-11-16 00:45:00,1605487500.0,114.26,114.29,114.26,114.29,4.11135
2020-11-16 00:46:00,1605487560.0,114.28,114.31,114.28,114.31,0.68033
2020-11-16 00:47:00,1605487620.0,114.26,114.28,114.14,114.14,9.27457
2020-11-16 00:48:00,1605487680.0,114.17,114.23,114.17,114.21,3.14949
2020-11-16 00:49:00,1605487740.0,114.19,114.19,114.1,114.1,1.22736
2020-11-16 00:50:00,1605487800.0,114.09,114.18,114.09,114.16,4.3147
2020-11-16 00:51:00,1605487860.0,114.19,114.24,114.19,114.24,15.16646
2020-11-16 00:52:00,1605487920.0,114.24,114.31,114.21,114.21,24.9475
2020-11-16 00:53:00,1605487980.0,114.17,114.17,114.17,114.17,2.46
2020-11-16 00:54:00,1605488040.0,114.17,114.17,114.17,114.17,0.0
2020-11-16 00:55:00,1605488100.0,114.21,114.29,114.17,114.29,21.19509
2020-11-16 00:56:00,1605488160.0,114.29,114.37,114.29,114.37,10.55384
2020-11-16 00:57:00,1605488220.0,114.35,114.43,114.32,114.37,31.30093
2020-11-16 00:58:00,1605488280.0,114.41,114.44,114.33,114.33,58.8274
2020-11-16 00:59:00,1605488340.0,114.34,114.37,114.33,114.33,5.04104
2020-11-16 01:00:00,1605488400.0,114.35,114.42,114.35,114.38,2.35151
2020-11-16 01:01:00,1605488460.0,114.38,114.38,114.38,114.38,2.165
2020-11-16 01:02:00,1605488520.0,114.4,114.45,114.4,114.45,1.59591
2020-11-16 01:03:00,1605488580.0,114.48,114.48,114.4,114.47,35.05458
2020-11-16 01:04:00,1605488640.0,114.43,114.44,114.42,114.42,4.413
2020-11-16 01:05:00,1605488700.0,114.47,114.48,114.46,114.48,8.73939
2020-11-16 01:06:00,1605488760.0,114.45,114.55,114.45,114.53,48.68993
2020-11-16 01:07:00,1605488820.0,114.54,114.58,114.5,114.5,9.31036
2020-11-16 01:08:00,1605488880.0,114.51,114.59,114.5,114.59,11.74666
2020-11-16 01:09:00,1605488940.0,114.6,114.67,114.52,114.64,54.17777
2020-11-16 01:10:00,1605489000.0,114.64,114.64,114.53,114.54,10.9836
2020-11-16 01:11:00,1605489060.0,114.57,114.67,114.51,114.62,30.9645
2020-11-16 01:12:00,1605489120.0,114.62,114.7,114.59,114.67,22.27069
2020-11-16 01:13:00,1605489180.0,114.69,114.7,114.47,114.5,16.09623
2020-11-16 01:14:00,1605489240.0,114.62,114.62,114.62,114.62,0.749
2020-11-16 01:15:00,1605489300.0,114.66,114.7,114.6,114.7,10.74779
2020-11-16 01:16:00,1605489360.0,114.74,114.75,114.62,114.62,19.28844
2020-11-16 01:17:00,1605489420.0,114.67,114.78,114.67,114.7,15.89541
2020-11-16 01:18:00,1605489480.0,114.76,114.79,114.75,114.78,7.30491
2020-11-16 01:19:00,1605489540.0,114.8,114.82,114.8,114.82,0.33813
2020-11-16 01:20:00,1605489600.0,114.82,114.89,114.75,114.81,41.62285
2020-11-16 01:21:00,1605489660.0,114.81,114.99,114.81,114.93,288.00673
2020-11-16 01:22:00,1605489720.0,114.92,114.99,114.88,114.94,36.72146
2020-11-16 01:23:00,1605489780.0,114.89,114.89,114.76,114.77,17.545
2020-11-16 01:24:00,1605489840.0,114.77,114.9,114.77,114.85,44.31993
2020-11-16 01:25:00,1605489900.0,114.84,114.87,114.83,114.87,28.10174
2020-11-16 01:26:00,1605489960.0,114.91,114.93,114.89,114.93,40.5706
2020-11-16 01:27:00,1605490020.0,114.91,114.93,114.82,114.85,42.784
2020-11-16 01:28:00,1605490080.0,114.87,114.88,114.81,114.86,82.196
2020-11-16 01:29:00,1605490140.0,114.86,114.86,114.79,114.83,6.55717
2020-11-16 01:30:00,1605490200.0,114.83,114.85,114.81,114.85,28.53611
2020-11-16 01:31:00,1605490260.0,114.81,114.81,114.74,114.77,16.071
2020-11-16 01:32:00,1605490320.0,114.73,114.83,114.73,114.83,26.714
2020-11-16 01:33:00,1605490380.0,114.84,114.89,114.8,114.85,20.0291
2020-11-16 01:34:00,1605490440.0,114.83,114.83,114.76,114.77,3.91327
2020-11-16 01:35:00,1605490500.0,114.84,114.85,114.81,114.81,6.14422
2020-11-16 01:36:00,1605490560.0,114.83,114.83,114.76,114.76,2.364
2020-11-16 01:37:00,1605490620.0,114.81,114.81,114.81,114.81,2.331
2020-11-16 01:38:00,1605490680.0,114.81,114.91,114.81,114.91,3.39408
2020-11-16 01:39:00,1605490740.0,115.0,115.01,114.9,114.9,11.41948
2020-11-16 01:40:00,1605490800.0,114.83,114.87,114.76,114.8,1.20649
2020-11-16 01:41:00,1605490860.0,114.77,114.77,114.76,114.76,0.99
2020-11-16 01:42:00,1605490920.0,114.75,114.75,114.75,114.75,0.67
2020-11-16 01:43:00,1605490980.0,114.73,114.79,114.71,114.71,7.14049
2020-11-16 01:44:00,1605491040.0,114.76,114.78,114.76,114.78,8.71307
2020-11-16 01:45:00,1605491100.0,114.74,114.74,114.71,114.71,50.7172
2020-11-16 01:46:00,1605491160.0,114.61,114.61,114.61,114.61,1.763
2020-11-16 01:47:00,1605491220.0,114.58,114.58,114.58,114.58,0.81
2020-11-16 01:48:00,1605491280.0,114.58,114.58,114.5,114.5,15.74112
2020-11-16 01:49:00,1605491340.0,114.5,114.5,114.5,114.5,0.0
2020-11-16 01:50:00,1605491400.0,114.45,114.45,114.42,114.42,8.05
2020-11-16 01:51:00,1605491460.0,114.47,114.47,114.43,114.43,4.16791
2020-11-16 01:52:00,1605491520.0,114.43,114.43,114.43,114.43,0.0
2020-11-16 01:53:00,1605491580.0,114.39,114.45,114.39,114.45,5.92062
2020-11-16 01:54:00,1605491640.0,114.45,114.45,114.45,114.45,0.0
2020-11-16 01:55:00,1605491700.0,114.51,114.52,114.48,114.48,4.26797
2020-11-16 01:56:00,1605491760.0,114.52,114.56,114.48,114.55,11.64061
2020-11-16 01:57:00,1605491820.0,114.5,114.55,114.5,114.5,9.62072
2020-11-16 01:58:00,1605491880.0,114.53,114.53,114.46,114.49,28.42505
2020-11-16 01:59:00,1605491940.0,114.52,114.55,114.52,114.55,8.39461
2020-11-16 02:00:00,1605492000.0,114.56,114.56,114.56,114.56,1.32067
2020-11-16 02:01:00,1605492060.0,114.58,114.75,114.58,114.75,29.63178
2020-11-16 02:02:00,1605492120.0,114.76,114.81,114.76,114.81,6.00573
2020-11-16 02:03:00,1605492180.0,114.86,114.89,114.82,114.89,6.73637
2020-11-16 02:04:00,1605492240.0,114.85,114.85,114.85,114.85,2.37064
2020-11-16 02:05:00,1605492300.0,114.83,114.83,114.82,114.82,2.0
2020-11-16 02:06:00,1605492360.0,114.77,114.78,114.73,114.73,24.75625
2020-11-16 02:07:00,1605492420.0,114.74,114.76,114.62,114.62,20.51011
2020-11-16 02:08:00,1605492480.0,114.62,114.62,114.62,114.62,0.0
2020-11-16 02:09:00,1605492540.0,114.48,114.48,114.43,114.43,5.10035
2020-11-16 02:10:00,1605492600.0,114.43,114.47,114.4,114.47,7.2062
2020-11-16 02:11:00,1605492660.0,114.45,114.45,114.41,114.41,3.24983
2020-11-16 02:12:00,1605492720.0,114.42,114.52,114.42,114.51,26.03606
2020-11-16 02:13:00,1605492780.0,114.51,114.51,114.45,114.45,4.388
2020-11-16 02:14:00,1605492840.0,114.5,114.5,114.5,114.5,4.04149
2020-11-16 02:15:00,1605492900.0,114.51,114.52,114.51,114.52,2.767
2020-11-16 02:16:00,1605492960.0,114.52,114.52,114.52,114.52,0.0
2020-11-16 02:17:00,1605493020.0,114.54,114.55,114.54,114.55,14.34631
2020-11-16 02:18:00,1605493080.0,114.58,114.66,114.58,114.63,8.52203
2020-11-16 02:19:00,1605493140.0,114.63,114.66,114.63,114.66,6.45749
2020-11-16 02:20:00,1605493200.0,114.69,114.74,114.66,114.66,30.95869
2020-11-16 02:21:00,1605493260.0,114.67,114.67,114.62,114.62,17.2507
2020-11-16 02:22:00,1605493320.0,114.66,114.67,114.66,114.67,3.70072
2020-11-16 02:23:00,1605493380.0,114.62,114.62,114.62,114.62,2.479
2020-11-16 02:24:00,1605493440.0,114.62,114.62,114.52,114.54,44.03922
2020-11-16 02:25:00,1605493500.0,114.55,114.59,114.54,114.54,9.47939
2020-11-16 02:26:00,1605493560.0,114.54,114.54,114.42,114.43,11.03826
2020-11-16 02:27:00,1605493620.0,114.45,114.5,114.44,114.44,18.384
2020-11-16 02:28:00,1605493680.0,114.47,114.47,114.41,114.41,2.65075
2020-11-16 02:29:00,1605493740.0,114.37,114.37,114.32,114.32,26.37729
2020-11-16 02:30:00,1605493800.0,114.35,114.38,114.32,114.36,9.73587
2020-11-16 02:31:00,1605493860.0,114.38,114.41,114.37,114.37,12.28158
2020-11-16 02:32:00,1605493920.0,114.37,114.42,114.36,114.42,2.211
2020-11-16 02:33:00,1605493980.0,114.47,114.55,114.47,114.54,3.511
2020-11-16 02:34:00,1605494040.0,114.49,114.52,114.45,114.47,13.76232
2020-11-16 02:35:00,1605494100.0,114.39,114.41,114.39,114.41,2.95872
2020-11-16 02:36:00,1605494160.0,114.44,114.53,114.44,114.53,97.17951
2020-11-16 02:37:00,1605494220.0,114.53,114.53,114.44,114.46,9.03515
2020-11-16 02:38:00,1605494280.0,114.47,114.59,114.47,114.59,10.40239
2020-11-16 02:39:00,1605494340.0,114.57,114.57,114.44,114.44,28.74466
2020-11-16 02:40:00,1605494400.0,114.43,114.48,114.43,114.45,10.33216
2020-11-16 02:41:00,1605494460.0,114.39,114.42,114.31,114.35,45.42362
2020-11-16 02:42:00,1605494520.0,114.4,114.42,114.4,114.42,7.51
2020-11-16 02:43:00,1605494580.0,114.47,114.53,114.44,114.53,19.038
2020-11-16 02:44:00,1605494640.0,114.58,114.67,114.58,114.67,21.22382
2020-11-16 02:45:00,1605494700.0,114.7,114.71,114.51,114.54,29.73912
2020-11-16 02:46:00,1605494760.0,114.5,114.5,114.5,114.5,0.28589
2020-11-16 02:47:00,1605494820.0,114.48,114.48,114.48,114.48,2.0
2020-11-16 02:48:00,1605494880.0,114.5,114.58,114.5,114.58,4.485
2020-11-16 02:49:00,1605494940.0,114.58,114.58,114.58,114.58,0.0
2020-11-16 02:50:00,1605495000.0,114.6,114.62,114.6,114.62,5.833
2020-11-16 02:51:00,1605495060.0,114.62,114.63,114.62,114.62,3.84753
2020-11-16 02:52:00,1605495120.0,114.56,114.61,114.56,114.58,7.03244
2020-11-16 02:53:00,1605495180.0,114.57,114.57,114.55,114.56,94.33927
2020-11-16 02:54:00,1605495240.0,114.53,114.53,114.43,114.44,43.18926
2020-11-16 02:55:00,1605495300.0,114.43,114.51,114.43,114.51,22.84103
2020-11-16 02:56:00,1605495360.0,114.54,114.54,114.49,114.51,10.23899
2020-11-16 02:57:00,1605495420.0,114.5,114.5,114.48,114.48,4.5
2020-11-16 02:58:00,1605495480.0,114.47,114.47,114.47,114.47,3.224
2020-11-16 02:59:00,1605495540.0,114.48,114.48,114.48,114.48,7.637
2020-11-16 03:00:00,1605495600.0,114.46,114.5,114.44,114.48,27.39458
2020-11-16 03:01:00,1605495660.0,114.49,114.49,114.49,114.49,1.529
2020-11-16 03:02:00,1605495720.0,114.54,114.54,114.5,114.5,4.799
2020-11-16 03:03:00,1605495780.0,114.49,114.49,114.49,114.49,17.65527
2020-11-16 03:04:00,1605495840.0,114.49,114.57,114.49,114.55,15.42234
2020-11-16 03:05:00,1605495900.0,114.55,114.57,114.55,114.55,17.32245
2020-11-16 03:06:00,1605495960.0,114.56,114.56,114.56,114.56,0.507
2020-11-16 03:07:00,1605496020.0,114.57,114.57,114.54,114.54,24.674
2020-11-16 03:08:00,1605496080.0,114.55,114.57,114.55,114.57,23.24
2020-11-16 03:09:00,1605496140.0,114.59,114.64,114.59,114.64,24.605
2020-11-16 03:10:00,1605496200.0,114.62,114.66,114.61,114.66,14.035
2020-11-16 03:11:00,1605496260.0,114.64,114.66,114.63,114.66,3.545
2020-11-16 03:12:00,1605496320.0,114.63,114.66,114.63,114.65,30.89804
2020-11-16 03:13:00,1605496380.0,114.65,114.65,114.46,114.54,212.37074
2020-11-16 03:14:00,1605496440.0,114.53,114.61,114.53,114.61,16.62522
2020-11-16 03:15:00,1605496500.0,114.65,114.71,114.65,114.71,10.995
2020-11-16 03:16:00,1605496560.0,114.74,114.77,114.74,114.77,5.17684
2020-11-16 03:17:00,1605496620.0,114.75,114.75,114.68,114.68,7.50115
2020-11-16 03:18:00,1605496680.0,114.63,114.63,114.6,114.61,12.98189
2020-11-16 03:19:00,1605496740.0,114.57,114.57,114.54,114.55,8.15168
2020-11-16 03:20:00,1605496800.0,114.63,114.63,114.55,114.61,4.199
2020-11-16 03:21:00,1605496860.0,114.68,114.68,114.68,114.68,6.677
2020-11-16 03:22:00,1605496920.0,114.68,114.75,114.68,114.75,15.66059
2020-11-16 03:23:00,1605496980.0,114.75,114.85,114.75,114.85,5.86874
2020-11-16 03:24:00,1605497040.0,114.85,114.85,114.85,114.85,0.0
2020-11-16 03:25:00,1605497100.0,114.82,114.87,114.82,114.87,17.41325
2020-11-16 03:26:00,1605497160.0,114.87,114.87,114.87,114.87,0.0
2020-11-16 03:27:00,1605497220.0,114.87,114.9,114.83,114.83,17.67328
2020-11-16 03:28:00,1605497280.0,114.9,114.9,114.87,114.87,3.0
2020-11-16 03:29:00,1605497340.0,114.94,114.94,114.94,114.94,4.583
2020-11-16 03:30:00,1605497400.0,114.94,115.21,114.93,115.17,49.4168
2020-11-16 03:31:00,1605497460.0,115.23,115.23,115.15,115.18,7.34362
2020-11-16 03:32:00,1605497520.0,115.17,115.26,115.17,115.26,24.42963
2020-11-16 03:33:00,1605497580.0,115.18,115.26,115.18,115.21,17.54461
2020-11-16 03:34:00,1605497640.0,115.05,115.05,115.05,115.05,0.09715
2020-11-16 03:35:00,1605497700.0,115.05,115.14,115.05,115.13,4.05546
2020-11-16 03:36:00,1605497760.0,115.13,115.13,115.13,115.13,0.0
2020-11-16 03:37:00,1605497820.0,115.21,115.21,115.13,115.13,2.39649
2020-11-16 03:38:00,1605497880.0,115.09,115.17,115.09,115.17,4.52012
2020-11-16 03:39:00,1605497940.0,115.19,115.19,115.19,115.19,0.115
2020-11-16 03:40:00,1605498000.0,115.25,115.31,115.25,115.28,21.58484
2020-11-16 03:41:00,1605498060.0,115.31,115.36,115.24,115.33,27.57226
2020-11-16 03:42:00,1605498120.0,115.35,115.35,115.29,115.31,32.79257
2020-11-16 03:43:00,1605498180.0,115.35,115.42,115.35,115.42,6.94581
2020-11-16 03:44:00,1605498240.0,115.4,115.46,115.4,115.46,9.05089
2020-11-16 03:45:00,1605498300.0,115.46,115.46,115.43,115.46,16.67469
2020-11-16 03:46:00,1605498360.0,115.46,115.53,115.43,115.48,40.59901
2020-11-16 03:47:00,1605498420.0,115.45,115.47,115.37,115.37,15.30196
2020-11-16 03:48:00,1605498480.0,115.35,115.35,115.35,115.35,0.0968
2020-11-16 03:49:00,1605498540.0,115.31,115.31,115.31,115.31,1.08347
2020-11-16 03:50:00,1605498600.0,115.35,115.35,115.32,115.32,3.7667
2020-11-16 03:51:00,1605498660.0,115.32,115.32,115.32,115.32,0.0
2020-11-16 03:52:00,1605498720.0,115.32,115.39,115.3,115.39,7.1345
2020-11-16 03:53:00,1605498780.0,115.4,115.4,115.4,115.4,0.779
2020-11-16 03:54:00,1605498840.0,115.38,115.38,115.38,115.38,0.45597
2020-11-16 03:55:00,1605498900.0,115.43,115.43,115.33,115.35,27.146
2020-11-16 03:56:00,1605498960.0,115.32,115.39,115.32,115.39,5.8611
2020-11-16 03:57:00,1605499020.0,115.39,115.39,115.39,115.39,0.0
2020-11-16 03:58:00,1605499080.0,115.37,115.37,115.37,115.37,2.01
2020-11-16 03:59:00,1605499140.0,115.36,115.36,115.32,115.32,2.12352
2020-11-16 04:00:00,1605499200.0,115.38,115.41,115.38,115.41,0.776
2020-11-16 04:01:00,1605499260.0,115.42,115.46,115.38,115.38,9.27394
2020-11-16 04:02:00,1605499320.0,115.4,115.43,115.37,115.43,11.025
2020-11-16 04:03:00,1605499380.0,115.43,115.43,115.36,115.36,14.09282
2020-11-16 04:04:00,1605499440.0,115.4,115.4,115.4,115.4,1.62207
2020-11-16 04:05:00,1605499500.0,115.36,115.36,115.35,115.36,10.23748
2020-11-16 04:06:00,1605499560.0,115.37,115.44,115.3,115.37,37.32525
2020-11-16 04:07:00,1605499620.0,115.3,115.36,115.3,115.33,3.13236
2020-11-16 04:08:00,1605499680.0,115.3,115.34,115.3,115.34,9.5963
2020-11-16 04:09:00,1605499740.0,115.34,115.44,115.34,115.44,27.45481
2020-11-16 04:10:00,1605499800.0,115.49,115.53,115.46,115.5,6.75979
2020-11-16 04:11:00,1605499860.0,115.48,115.48,115.42,115.42,28.158
2020-11-16 04:12:00,1605499920.0,115.45,115.47,115.43,115.43,1.48944
2020-11-16 04:13:00,1605499980.0,115.41,115.41,115.36,115.41,29.45245
2020-11-16 04:14:00,1605500040.0,115.42,115.46,115.42,115.46,26.06486
2020-11-16 04:15:00,1605500100.0,115.46,115.46,115.46,115.46,0.0
2020-11-16 04:16:00,1605500160.0,115.49,115.52,115.47,115.47,7.82463
2020-11-16 04:17:00,1605500220.0,115.47,115.47,115.47,115.47,0.0
2020-11-16 04:18:00,1605500280.0,115.47,115.47,115.47,115.47,0.0
2020-11-16 04:19:00,1605500340.0,115.5,115.52,115.48,115.5,14.5046
2020-11-16 04:20:00,1605500400.0,115.54,115.54,115.52,115.52,12.977
2020-11-16 04:21:00,1605500460.0,115.54,115.59,115.54,115.58,5.39246
2020-11-16 04:22:00,1605500520.0,115.6,115.61,115.6,115.6,0.77084
2020-11-16 04:23:00,1605500580.0,115.6,115.6,115.6,115.6,0.55716
2020-11-16 04:24:00,1605500640.0,115.55,115.55,115.52,115.52,6.799
2020-11-16 04:25:00,1605500700.0,115.57,115.6,115.55,115.6,4.51301
2020-11-16 04:26:00,1605500760.0,115.58,115.62,115.57,115.62,3.11
2020-11-16 04:27:00,1605500820.0,115.58,115.58,115.58,115.58,2.0764
2020-11-16 04:28:00,1605500880.0,115.54,115.54,115.47,115.48,10.12329
2020-11-16 04:29:00,1605500940.0,115.57,115.57,115.57,115.57,5.0
2020-11-16 04:30:00,1605501000.0,115.57,115.57,115.57,115.57,0.0
2020-11-16 04:31:00,1605501060.0,115.59,115.64,115.56,115.56,5.4823
2020-11-16 04:32:00,1605501120.0,115.64,115.65,115.64,115.65,5.527
2020-11-16 04:33:00,1605501180.0,115.63,115.63,115.6,115.6,0.493
2020-11-16 04:34:00,1605501240.0,115.64,115.64,115.64,115.64,2.619
2020-11-16 04:35:00,1605501300.0,115.62,115.62,115.54,115.54,31.56082
2020-11-16 04:36:00,1605501360.0,115.6,115.61,115.6,115.61,1.08746
2020-11-16 04:37:00,1605501420.0,115.63,115.66,115.63,115.66,4.646
2020-11-16 04:38:00,1605501480.0,115.61,115.66,115.59,115.59,3.05158
2020-11-16 04:39:00,1605501540.0,115.56,115.56,115.56,115.56,0.74185
2020-11-16 04:40:00,1605501600.0,115.56,115.56,115.56,115.56,0.0
2020-11-16 04:41:00,1605501660.0,115.56,115.56,115.56,115.56,0.0
2020-11-16 04:42:00,1605501720.0,115.58,115.6,115.58,115.6,10.1
2020-11-16 04:43:00,1605501780.0,115.54,115.54,115.54,115.54,2.0
2020-11-16 04:44:00,1605501840.0,115.62,115.66,115.62,115.66,52.9511
2020-11-16 04:45:00,1605501900.0,115.66,115.66,115.66,115.66,8.982
2020-11-16 04:46:00,1605501960.0,115.66,115.66,115.66,115.66,0.0
2020-11-16 04:47:00,1605502020.0,115.65,115.65,115.65,115.65,1.0
2020-11-16 04:48:00,1605502080.0,115.61,115.61,115.6,115.6,2.01239
2020-11-16 04:49:00,1605502140.0,115.63,115.64,115.57,115.57,6.56719
2020-11-16 04:50:00,1605502200.0,115.61,115.61,115.58,115.58,3.005
2020-11-16 04:51:00,1605502260.0,115.58,115.58,115.37,115.42,60.82037
2020-11-16 04:52:00,1605502320.0,115.39,115.53,115.38,115.53,2.74566
2020-11-16 04:53:00,1605502380.0,115.53,115.53,115.53,115.53,0.0
2020-11-16 04:54:00,1605502440.0,115.56,115.62,115.56,115.6,23.72024
2020-11-16 04:55:00,1605502500.0,115.64,115.67,115.64,115.67,4.5974
2020-11-16 04:56:00,1605502560.0,115.67,115.7,115.67,115.7,12.43127
2020-11-16 04:57:00,1605502620.0,115.7,115.75,115.7,115.75,30.49022
2020-11-16 04:58:00,1605502680.0,115.75,115.8,115.75,115.78,7.69732
2020-11-16 04:59:00,1605502740.0,115.79,115.79,115.77,115.79,2.96937
2020-11-16 05:00:00,1605502800.0,115.8,115.89,115.73,115.86,133.21274
2020-11-16 05:01:00,1605502860.0,115.86,115.86,115.79,115.79,15.15477
2020-11-16 05:02:00,1605502920.0,115.79,115.84,115.79,115.84,3.44271
2020-11-16 05:03:00,1605502980.0,115.86,115.86,115.76,115.76,17.21644
2020-11-16 05:04:00,1605503040.0,115.76,115.76,115.76,115.76,0.0
2020-11-16 05:05:00,1605503100.0,115.81,115.81,115.81,115.81,0.482
2020-11-16 05:06:00,1605503160.0,115.81,115.83,115.81,115.83,4.399
2020-11-16 05:07:00,1605503220.0,115.81,115.82,115.8,115.82,4.70486
2020-11-16 05:08:00,1605503280.0,115.82,115.82,115.76,115.82,4.94967
2020-11-16 05:09:00,1605503340.0,115.85,115.88,115.8,115.85,30.697
2020-11-16 05:10:00,1605503400.0,115.85,115.89,115.81,115.82,35.51049
2020-11-16 05:11:00,1605503460.0,115.79,115.83,115.78,115.83,7.09623
2020-11-16 05:12:00,1605503520.0,115.8,115.85,115.78,115.78,3.61097
2020-11-16 05:13:00,1605503580.0,115.82,115.82,115.78,115.78,2.30147
2020-11-16 05:14:00,1605503640.0,115.79,115.81,115.71,115.76,13.28642
2020-11-16 05:15:00,1605503700.0,115.76,115.76,115.76,115.76,6e-05
2020-11-16 05:16:00,1605503760.0,115.85,115.85,115.78,115.78,15.70494
2020-11-16 05:17:00,1605503820.0,115.82,115.83,115.82,115.83,4.64232
2020-11-16 05:18:00,1605503880.0,115.76,115.83,115.76,115.83,5.24559
2020-11-16 05:19:00,1605503940.0,115.85,115.87,115.82,115.82,0.40672
2020-11-16 05:20:00,1605504000.0,115.87,115.9,115.85,115.9,14.64753
2020-11-16 05:21:00,1605504060.0,115.9,115.91,115.9,115.9,25.767
2020-11-16 05:22:00,1605504120.0,115.9,115.92,115.87,115.89,8.66299
2020-11-16 05:23:00,1605504180.0,115.92,115.94,115.89,115.94,3.23267
2020-11-16 05:24:00,1605504240.0,115.96,115.98,115.93,115.98,31.83499
2020-11-16 05:25:00,1605504300.0,115.97,116.35,115.97,116.33,331.23584
2020-11-16 05:26:00,1605504360.0,116.33,116.37,116.33,116.36,13.58695
2020-11-16 05:27:00,1605504420.0,116.37,116.37,116.36,116.36,1.83
2020-11-16 05:28:00,1605504480.0,116.35,116.39,116.35,116.39,4.09869
2020-11-16 05:29:00,1605504540.0,116.38,116.4,116.37,116.37,16.37249
2020-11-16 05:30:00,1605504600.0,116.35,116.35,116.3,116.3,58.57226
2020-11-16 05:31:00,1605504660.0,116.35,116.36,116.35,116.36,3.719
2020-11-16 05:32:00,1605504720.0,116.38,116.38,116.26,116.32,19.09462
2020-11-16 05:33:00,1605504780.0,116.34,116.39,116.34,116.39,4.014
2020-11-16 05:34:00,1605504840.0,116.34,116.39,116.34,116.37,2.36835
2020-11-16 05:35:00,1605504900.0,116.37,116.37,116.24,116.24,33.85898
2020-11-16 05:36:00,1605504960.0,116.27,116.34,116.26,116.3,4.19499
2020-11-16 05:37:00,1605505020.0,116.33,116.33,116.28,116.28,4.30912
2020-11-16 05:38:00,1605505080.0,116.34,116.38,116.34,116.38,4.18449
2020-11-16 05:39:00,1605505140.0,116.36,116.4,116.35,116.4,3.527
2020-11-16 05:40:00,1605505200.0,116.4,116.4,116.4,116.4,2.077
2020-11-16 05:41:00,1605505260.0,116.36,116.4,116.35,116.4,4.76115
2020-11-16 05:42:00,1605505320.0,116.41,116.43,116.31,116.31,53.68637
2020-11-16 05:43:00,1605505380.0,116.38,116.38,116.37,116.37,9.046
2020-11-16 05:44:00,1605505440.0,116.37,116.37,116.37,116.37,0.0
2020-11-16 05:45:00,1605505500.0,116.42,116.43,116.42,116.42,5.0
2020-11-16 05:46:00,1605505560.0,116.42,116.46,116.37,116.45,92.10856
2020-11-16 05:47:00,1605505620.0,116.47,116.49,116.41,116.41,7.75494
2020-11-16 05:48:00,1605505680.0,116.42,116.43,116.4,116.4,8.72761
2020-11-16 05:49:00,1605505740.0,116.4,116.41,116.4,116.41,2.83705
2020-11-16 05:50:00,1605505800.0,116.42,116.42,116.4,116.42,27.507
2020-11-16 05:51:00,1605505860.0,116.4,116.45,116.4,116.44,41.13819
2020-11-16 05:52:00,1605505920.0,116.5,116.5,116.5,116.5,3.53698
2020-11-16 05:53:00,1605505980.0,116.47,116.56,116.47,116.56,29.82374
2020-11-16 05:54:00,1605506040.0,116.56,116.82,116.56,116.64,538.67854
2020-11-16 05:55:00,1605506100.0,116.63,116.69,116.62,116.67,3.90835
2020-11-16 05:56:00,1605506160.0,116.65,116.71,116.65,116.68,39.81789
2020-11-16 05:57:00,1605506220.0,116.68,116.68,116.63,116.65,1.07631
2020-11-16 05:58:00,1605506280.0,116.63,116.92,116.6,116.76,444.05167
2020-11-16 05:59:00,1605506340.0,116.75,116.79,116.72,116.79,4.64895
2020-11-16 06:00:00,1605506400.0,116.76,116.81,116.76,116.81,24.64626
2020-11-16 06:01:00,1605506460.0,116.81,116.86,116.81,116.86,3.0797
2020-11-16 06:02:00,1605506520.0,116.88,116.88,116.85,116.85,2.59447
2020-11-16 06:03:00,1605506580.0,116.88,116.88,116.86,116.86,1.35932
2020-11-16 06:04:00,1605506640.0,116.88,116.95,116.88,116.95,6.9788
2020-11-16 06:05:00,1605506700.0,116.92,116.98,116.89,116.96,86.48109
2020-11-16 06:06:00,1605506760.0,116.91,116.96,116.9,116.96,9.66005
2020-11-16 06:07:00,1605506820.0,116.93,116.93,116.89,116.89,8.47835
2020-11-16 06:08:00,1605506880.0,116.95,116.96,116.93,116.93,6.32717
2020-11-16 06:09:00,1605506940.0,116.94,117.0,116.94,116.96,84.78663
2020-11-16 06:10:00,1605507000.0,116.96,117.07,116.96,117.0,173.63867
2020-11-16 06:11:00,1605507060.0,117.02,117.05,117.02,117.05,15.76677
2020-11-16 06:12:00,1605507120.0,117.05,117.09,117.01,117.01,62.70795
2020-11-16 06:13:00,1605507180.0,117.04,117.23,117.0,117.23,142.46021
2020-11-16 06:14:00,1605507240.0,117.23,117.26,117.16,117.16,148.82389
2020-11-16 06:15:00,1605507300.0,117.2,117.24,117.19,117.22,3.26799
2020-11-16 06:16:00,1605507360.0,117.24,117.35,117.19,117.21,208.30239
2020-11-16 06:17:00,1605507420.0,117.21,117.23,117.15,117.22,49.90216
2020-11-16 06:18:00,1605507480.0,117.2,117.25,117.18,117.2,37.47543
2020-11-16 06:19:00,1605507540.0,117.17,117.21,117.14,117.21,3.09998
2020-11-16 06:20:00,1605507600.0,117.22,117.27,117.2,117.23,10.38953
2020-11-16 06:21:00,1605507660.0,117.2,117.2,117.2,117.2,4.9925
2020-11-16 06:22:00,1605507720.0,117.24,117.28,117.24,117.28,6.84432
2020-11-16 06:23:00,1605507780.0,117.29,117.41,117.27,117.32,71.708
2020-11-16 06:24:00,1605507840.0,117.35,117.35,117.29,117.29,4.72651
2020-11-16 06:25:00,1605507900.0,117.32,117.38,117.32,117.37,29.73361
2020-11-16 06:26:00,1605507960.0,117.32,117.32,117.24,117.24,23.36832
2020-11-16 06:27:00,1605508020.0,117.24,117.29,117.22,117.29,51.95596
2020-11-16 06:28:00,1605508080.0,117.29,117.36,117.28,117.34,53.11838
2020-11-16 06:29:00,1605508140.0,117.34,117.35,117.34,117.35,1.0
2020-11-16 06:30:00,1605508200.0,117.37,117.46,117.33,117.45,181.05945
2020-11-16 06:31:00,1605508260.0,117.44,117.45,117.34,117.43,72.63882
2020-11-16 06:32:00,1605508320.0,117.39,117.43,117.37,117.37,48.07632
2020-11-16 06:33:00,1605508380.0,117.37,117.39,117.28,117.33,77.30579
2020-11-16 06:34:00,1605508440.0,117.31,117.31,117.31,117.31,2.61984
2020-11-16 06:35:00,1605508500.0,117.31,117.32,117.22,117.22,11.80957
2020-11-16 06:36:00,1605508560.0,117.21,117.21,117.1,117.11,56.03268
2020-11-16 06:37:00,1605508620.0,117.09,117.09,117.0,117.02,17.75778
2020-11-16 06:38:00,1605508680.0,117.01,117.01,116.9,116.92,9.35636
2020-11-16 06:39:00,1605508740.0,116.95,116.96,116.9,116.95,40.68713
2020-11-16 06:40:00,1605508800.0,116.96,116.96,116.96,116.96,9.37199
2020-11-16 06:41:00,1605508860.0,116.94,116.96,116.9,116.96,30.43616
2020-11-16 06:42:00,1605508920.0,116.91,116.96,116.88,116.96,5.12158
2020-11-16 06:43:00,1605508980.0,116.97,117.07,116.97,117.02,24.509
2020-11-16 06:44:00,1605509040.0,117.03,117.1,117.03,117.04,57.238
2020-11-16 06:45:00,1605509100.0,117.08,117.11,117.03,117.11,45.84795
2020-11-16 06:46:00,1605509160.0,117.15,117.28,117.15,117.25,28.05475
2020-11-16 06:47:00,1605509220.0,117.28,117.41,117.28,117.36,23.85885
2020-11-16 06:48:00,1605509280.0,117.38,117.38,117.36,117.36,2.391
2020-11-16 06:49:00,1605509340.0,117.4,117.41,117.36,117.39,19.90329
2020-11-16 06:50:00,1605509400.0,117.4,117.4,117.38,117.39,2.36888
2020-11-16 06:51:00,1605509460.0,117.4,117.41,117.4,117.41,0.47
2020-11-16 06:52:00,1605509520.0,117.41,117.42,117.4,117.42,15.0939
2020-11-16 06:53:00,1605509580.0,117.41,117.42,117.39,117.39,20.75
2020-11-16 06:54:00,1605509640.0,117.41,117.41,117.36,117.39,29.99989
2020-11-16 06:55:00,1605509700.0,117.4,117.74,117.4,117.7,671.80588
2020-11-16 06:56:00,1605509760.0,117.74,117.85,117.71,117.84,97.4381
2020-11-16 06:57:00,1605509820.0,117.83,118.0,117.83,117.96,559.41215
2020-11-16 06:58:00,1605509880.0,117.95,117.95,117.88,117.88,70.50416
2020-11-16 06:59:00,1605509940.0,117.87,118.0,117.87,117.99,137.54496
2020-11-16 07:00:00,1605510000.0,118.0,118.0,117.91,117.91,64.14953
2020-11-16 07:01:00,1605510060.0,117.95,118.0,117.95,117.96,303.19341
2020-11-16 07:02:00,1605510120.0,117.95,117.98,117.87,117.93,50.61826
2020-11-16 07:03:00,1605510180.0,117.93,117.96,117.89,117.95,61.49656
2020-11-16 07:04:00,1605510240.0,117.9,117.91,117.88,117.88,3.01652
2020-11-16 07:05:00,1605510300.0,117.88,117.88,117.8,117.86,102.5157
2020-11-16 07:06:00,1605510360.0,117.86,117.9,117.83,117.85,77.23538
2020-11-16 07:07:00,1605510420.0,117.85,117.89,117.84,117.84,48.4161
2020-11-16 07:08:00,1605510480.0,117.85,117.87,117.82,117.84,50.98134
2020-11-16 07:09:00,1605510540.0,117.85,117.89,117.82,117.86,31.26853
2020-11-16 07:10:00,1605510600.0,117.88,117.91,117.88,117.9,9.68981
2020-11-16 07:11:00,1605510660.0,117.89,117.97,117.86,117.91,13.17306
2020-11-16 07:12:00,1605510720.0,117.92,117.92,117.88,117.88,1.37851
2020-11-16 07:13:00,1605510780.0,117.87,117.92,117.87,117.88,9.95296
2020-11-16 07:14:00,1605510840.0,117.88,117.89,117.88,117.89,3.487
2020-11-16 07:15:00,1605510900.0,117.88,117.91,117.88,117.91,7.28026
2020-11-16 07:16:00,1605510960.0,117.9,117.91,117.89,117.89,4.98594
2020-11-16 07:17:00,1605511020.0,117.89,117.94,117.89,117.94,2.5522
2020-11-16 07:18:00,1605511080.0,117.95,118.0,117.88,117.94,173.02554
2020-11-16 07:19:00,1605511140.0,117.9,117.99,117.88,117.92,104.15724
2020-11-16 07:20:00,1605511200.0,117.9,117.91,117.9,117.9,9.88772
2020-11-16 07:21:00,1605511260.0,117.9,117.9,117.9,117.9,4.175
2020-11-16 07:22:00,1605511320.0,117.9,117.9,117.88,117.88,2.458
2020-11-16 07:23:00,1605511380.0,117.89,117.89,117.87,117.87,10.177
2020-11-16 07:24:00,1605511440.0,117.87,117.87,117.87,117.87,0.0
2020-11-16 07:25:00,1605511500.0,117.9,117.9,117.9,117.9,0.18742
2020-11-16 07:26:00,1605511560.0,117.94,117.94,117.9,117.9,1.23358
2020-11-16 07:27:00,1605511620.0,117.9,117.97,117.9,117.96,6.9228
2020-11-16 07:28:00,1605511680.0,117.96,117.96,117.96,117.96,0.0
2020-11-16 07:29:00,1605511740.0,117.88,117.88,117.88,117.88,1.9175
2020-11-16 07:30:00,1605511800.0,117.9,117.92,117.88,117.92,9.53609
2020-11-16 07:31:00,1605511860.0,117.91,118.0,117.91,117.96,39.159
2020-11-16 07:32:00,1605511920.0,117.97,118.0,117.96,117.98,97.44118
2020-11-16 07:33:00,1605511980.0,118.0,118.0,117.98,118.0,159.48492
2020-11-16 07:34:00,1605512040.0,118.0,118.0,117.95,117.95,12.06779
2020-11-16 07:35:00,1605512100.0,117.93,117.93,117.89,117.92,15.35708
2020-11-16 07:36:00,1605512160.0,117.88,117.96,117.87,117.93,34.975
2020-11-16 07:37:00,1605512220.0,117.99,118.0,117.96,117.99,23.91688
2020-11-16 07:38:00,1605512280.0,117.98,118.0,117.98,118.0,6.554
2020-11-16 07:39:00,1605512340.0,118.0,118.0,117.94,117.94,94.62271
2020-11-16 07:40:00,1605512400.0,117.94,117.94,117.82,117.9,67.03818
2020-11-16 07:41:00,1605512460.0,117.88,117.91,117.85,117.89,22.646
2020-11-16 07:42:00,1605512520.0,117.9,117.9,117.86,117.86,7.40055
2020-11-16 07:43:00,1605512580.0,117.86,117.91,117.82,117.91,60.14732
2020-11-16 07:44:00,1605512640.0,117.91,117.91,117.86,117.87,6.87567
2020-11-16 07:45:00,1605512700.0,117.88,117.9,117.82,117.83,86.54245
2020-11-16 07:46:00,1605512760.0,117.88,117.89,117.88,117.89,5.4842
2020-11-16 07:47:00,1605512820.0,117.87,117.87,117.84,117.84,2.10146
2020-11-16 07:48:00,1605512880.0,117.86,117.86,117.81,117.85,33.01368
2020-11-16 07:49:00,1605512940.0,117.89,117.91,117.88,117.88,12.04237
2020-11-16 07:50:00,1605513000.0,117.88,117.89,117.88,117.89,7.916
2020-11-16 07:51:00,1605513060.0,117.88,117.88,117.64,117.65,567.9788
2020-11-16 07:52:00,1605513120.0,117.67,117.83,117.64,117.82,120.9408
2020-11-16 07:53:00,1605513180.0,117.84,117.89,117.84,117.89,38.26063
2020-11-16 07:54:00,1605513240.0,117.89,117.89,117.87,117.88,16.41197
2020-11-16 07:55:00,1605513300.0,117.82,117.86,117.8,117.81,150.37781
2020-11-16 07:56:00,1605513360.0,117.83,117.88,117.8,117.87,153.7243
2020-11-16 07:57:00,1605513420.0,117.84,117.96,117.71,117.96,390.99896
2020-11-16 07:58:00,1605513480.0,117.97,117.97,117.95,117.96,10.196
2020-11-16 07:59:00,1605513540.0,117.97,117.97,117.9,117.96,8.274
2020-11-16 08:00:00,1605513600.0,117.96,118.24,117.95,118.21,1022.2327
2020-11-16 08:01:00,1605513660.0,118.19,118.25,118.01,118.01,196.46033
2020-11-16 08:02:00,1605513720.0,118.02,118.29,118.02,118.26,526.82165
2020-11-16 08:03:00,1605513780.0,118.25,118.25,118.09,118.13,17.72427
2020-11-16 08:04:00,1605513840.0,118.1,118.14,118.03,118.03,28.65393
2020-11-16 08:05:00,1605513900.0,118.05,118.11,118.05,118.07,27.06312
2020-11-16 08:06:00,1605513960.0,118.08,118.27,118.05,118.23,134.78093
2020-11-16 08:07:00,1605514020.0,118.23,118.32,118.23,118.32,97.49766
2020-11-16 08:08:00,1605514080.0,118.3,118.37,118.24,118.35,74.19028
2020-11-16 08:09:00,1605514140.0,118.34,118.38,118.07,118.1,357.88126
2020-11-16 08:10:00,1605514200.0,118.09,118.17,118.03,118.03,82.89107
2020-11-16 08:11:00,1605514260.0,118.04,118.21,117.95,118.0,291.61775
2020-11-16 08:12:00,1605514320.0,118.0,118.11,117.98,118.04,30.68063
2020-11-16 08:13:00,1605514380.0,118.06,118.12,118.06,118.07,86.18907
2020-11-16 08:14:00,1605514440.0,118.09,118.14,118.04,118.04,73.42647
2020-11-16 08:15:00,1605514500.0,118.05,118.07,118.05,118.07,10.17742
2020-11-16 08:16:00,1605514560.0,118.07,118.15,118.07,118.12,79.95987
2020-11-16 08:17:00,1605514620.0,118.12,118.12,117.95,117.97,93.77464
2020-11-16 08:18:00,1605514680.0,117.97,118.01,117.97,117.98,33.43142
2020-11-16 08:19:00,1605514740.0,117.97,118.04,117.9,118.03,27.95245
2020-11-16 08:20:00,1605514800.0,118.04,118.04,118.04,118.04,0.58945
2020-11-16 08:21:00,1605514860.0,118.08,118.09,118.08,118.09,5.07
2020-11-16 08:22:00,1605514920.0,118.09,118.09,118.02,118.02,2.0007
2020-11-16 08:23:00,1605514980.0,118.02,118.06,117.98,118.0,25.41835
2020-11-16 08:24:00,1605515040.0,118.0,118.0,118.0,118.0,0.0
2020-11-16 08:25:00,1605515100.0,118.02,118.21,118.02,118.15,392.1164
2020-11-16 08:26:00,1605515160.0,118.18,118.36,118.17,118.21,170.72015
2020-11-16 08:27:00,1605515220.0,118.21,118.21,118.15,118.15,5.05042
2020-11-16 08:28:00,1605515280.0,118.2,118.34,118.19,118.25,73.62416
2020-11-16 08:29:00,1605515340.0,118.24,118.24,118.23,118.23,2.0
2020-11-16 08:30:00,1605515400.0,118.21,118.25,118.17,118.24,86.89356
2020-11-16 08:31:00,1605515460.0,118.25,118.29,118.25,118.29,35.88913
2020-11-16 08:32:00,1605515520.0,118.28,118.28,118.23,118.26,22.54755
2020-11-16 08:33:00,1605515580.0,118.29,118.32,118.22,118.32,121.94731
2020-11-16 08:34:00,1605515640.0,118.35,118.35,118.26,118.31,23.81247
2020-11-16 08:35:00,1605515700.0,118.26,118.36,118.26,118.27,211.25139
2020-11-16 08:36:00,1605515760.0,118.29,118.4,118.29,118.38,77.62591
2020-11-16 08:37:00,1605515820.0,118.4,118.4,118.34,118.34,38.19829
2020-11-16 08:38:00,1605515880.0,118.38,118.41,118.36,118.39,10.23241
2020-11-16 08:39:00,1605515940.0,118.39,118.41,118.39,118.41,7.09627
2020-11-16 08:40:00,1605516000.0,118.4,118.4,118.3,118.39,38.10416
2020-11-16 08:41:00,1605516060.0,118.41,118.41,118.31,118.31,72.2244
2020-11-16 08:42:00,1605516120.0,118.33,118.34,118.3,118.31,9.305
2020-11-16 08:43:00,1605516180.0,118.3,118.42,118.3,118.42,11.55753
2020-11-16 08:44:00,1605516240.0,118.41,118.41,118.41,118.41,0.23941
2020-11-16 08:45:00,1605516300.0,118.42,118.45,118.42,118.45,22.78686
2020-11-16 08:46:00,1605516360.0,118.45,118.45,118.44,118.45,16.97469
2020-11-16 08:47:00,1605516420.0,118.43,118.43,118.38,118.4,19.27859
2020-11-16 08:48:00,1605516480.0,118.44,118.57,118.44,118.45,267.26942
2020-11-16 08:49:00,1605516540.0,118.43,118.43,118.29,118.32,374.95608
2020-11-16 08:50:00,1605516600.0,118.31,118.34,118.31,118.34,22.66544
2020-11-16 08:51:00,1605516660.0,118.35,118.38,118.35,118.38,3.0
2020-11-16 08:52:00,1605516720.0,118.38,118.38,118.31,118.31,32.73981
2020-11-16 08:53:00,1605516780.0,118.28,118.32,118.28,118.32,2.83256
2020-11-16 08:54:00,1605516840.0,118.32,118.39,118.28,118.28,5.93155
2020-11-16 08:55:00,1605516900.0,118.28,118.28,118.28,118.28,0.0
2020-11-16 08:56:00,1605516960.0,118.28,118.28,118.17,118.17,7.20804
2020-11-16 08:57:00,1605517020.0,118.17,118.22,118.16,118.22,11.61212
2020-11-16 08:58:00,1605517080.0,118.23,118.28,118.22,118.26,34.40435
2020-11-16 08:59:00,1605517140.0,118.24,118.26,118.22,118.26,10.59405
2020-11-16 09:00:00,1605517200.0,118.21,118.27,118.18,118.27,35.88066
2020-11-16 09:01:00,1605517260.0,118.26,118.27,118.25,118.25,4.33341
2020-11-16 09:02:00,1605517320.0,118.2,118.28,118.19,118.26,21.41058
2020-11-16 09:03:00,1605517380.0,118.3,118.35,118.3,118.33,20.5522
2020-11-16 09:04:00,1605517440.0,118.4,118.46,118.4,118.45,17.97089
2020-11-16 09:05:00,1605517500.0,118.42,118.54,118.42,118.54,34.06983
2020-11-16 09:06:00,1605517560.0,118.53,118.58,118.47,118.47,14.61522
2020-11-16 09:07:00,1605517620.0,118.41,118.43,118.4,118.43,9.00501
2020-11-16 09:08:00,1605517680.0,118.4,118.4,118.35,118.36,12.43958
2020-11-16 09:09:00,1605517740.0,118.33,118.33,118.28,118.28,7.23921
2020-11-16 09:10:00,1605517800.0,118.29,118.29,118.2,118.2,5.93711
2020-11-16 09:11:00,1605517860.0,118.24,118.24,118.17,118.17,3.64121
2020-11-16 09:12:00,1605517920.0,118.18,118.18,118.05,118.05,22.48544
2020-11-16 09:13:00,1605517980.0,118.05,118.05,117.93,117.99,104.08715
2020-11-16 09:14:00,1605518040.0,118.03,118.03,118.03,118.03,0.10166
2020-11-16 09:15:00,1605518100.0,118.02,118.02,118.02,118.02,1.863
2020-11-16 09:16:00,1605518160.0,118.02,118.02,117.94,117.96,12.08451
2020-11-16 09:17:00,1605518220.0,118.01,118.01,117.93,118.0,3.70354
2020-11-16 09:18:00,1605518280.0,118.02,118.05,118.02,118.02,12.071
2020-11-16 09:19:00,1605518340.0,118.0,118.03,118.0,118.03,15.6589
2020-11-16 09:20:00,1605518400.0,118.03,118.03,117.96,117.96,26.024
2020-11-16 09:21:00,1605518460.0,118.02,118.04,117.96,117.98,17.47268
2020-11-16 09:22:00,1605518520.0,118.0,118.04,118.0,118.0,51.14103
2020-11-16 09:23:00,1605518580.0,117.99,118.1,117.99,118.07,83.92157
2020-11-16 09:24:00,1605518640.0,118.09,118.2,118.08,118.18,23.19225
2020-11-16 09:25:00,1605518700.0,118.14,118.14,118.14,118.14,0.1253
2020-11-16 09:26:00,1605518760.0,118.13,118.49,118.13,118.23,560.49128
2020-11-16 09:27:00,1605518820.0,118.25,118.25,117.91,117.91,486.6548
2020-11-16 09:28:00,1605518880.0,117.92,117.92,117.88,117.9,59.42861
2020-11-16 09:29:00,1605518940.0,117.9,117.94,117.89,117.89,16.48232
2020-11-16 09:30:00,1605519000.0,117.89,117.93,117.84,117.85,64.63131
2020-11-16 09:31:00,1605519060.0,117.85,117.85,117.85,117.85,0.0
2020-11-16 09:32:00,1605519120.0,117.9,117.96,117.9,117.92,7.7175
2020-11-16 09:33:00,1605519180.0,117.95,117.95,117.93,117.93,9.1998
2020-11-16 09:34:00,1605519240.0,117.98,118.06,117.98,118.01,7.99859
2020-11-16 09:35:00,1605519300.0,118.06,118.14,118.02,118.02,12.12881
2020-11-16 09:36:00,1605519360.0,118.03,118.25,118.03,118.25,117.98364
2020-11-16 09:37:00,1605519420.0,118.25,118.25,117.99,117.99,115.85095
2020-11-16 09:38:00,1605519480.0,117.95,118.0,117.95,118.0,35.8983
2020-11-16 09:39:00,1605519540.0,117.94,118.0,117.93,118.0,31.31438
2020-11-16 09:40:00,1605519600.0,118.0,118.1,117.98,118.03,149.09017
2020-11-16 09:41:00,1605519660.0,118.03,118.04,117.95,118.0,35.42762
2020-11-16 09:42:00,1605519720.0,118.02,118.05,117.94,118.0,71.70858
2020-11-16 09:43:00,1605519780.0,118.04,118.04,118.04,118.04,1.59
2020-11-16 09:44:00,1605519840.0,118.05,118.06,118.0,118.0,11.56372
2020-11-16 09:45:00,1605519900.0,118.04,118.07,117.95,117.95,13.7343
2020-11-16 09:46:00,1605519960.0,117.95,118.01,117.9,117.9,80.10282
2020-11-16 09:47:00,1605520020.0,117.94,117.94,117.94,117.94,0.999
2020-11-16 09:48:00,1605520080.0,118.01,118.02,117.97,118.0,12.13758
2020-11-16 09:49:00,1605520140.0,117.99,117.99,117.96,117.96,6.71634
2020-11-16 09:50:00,1605520200.0,117.99,118.04,117.98,117.98,37.59959
2020-11-16 09:51:00,1605520260.0,117.96,117.98,117.93,117.93,14.05102
2020-11-16 09:52:00,1605520320.0,117.98,118.03,117.88,118.03,29.9185
2020-11-16 09:53:00,1605520380.0,117.99,118.01,117.99,118.01,3.20534
2020-11-16 09:54:00,1605520440.0,118.0,118.0,117.98,117.98,2.12267
2020-11-16 09:55:00,1605520500.0,118.0,118.04,117.99,118.03,30.32722
2020-11-16 09:56:00,1605520560.0,118.05,118.1,118.05,118.08,51.21552
2020-11-16 09:57:00,1605520620.0,118.09,118.49,118.08,118.43,235.11749
2020-11-16 09:58:00,1605520680.0,118.41,118.43,118.35,118.35,27.09409
2020-11-16 09:59:00,1605520740.0,118.38,118.5,118.38,118.47,52.99859
2020-11-16 10:00:00,1605520800.0,118.5,118.59,118.5,118.58,17.46931
2020-11-16 10:01:00,1605520860.0,118.58,118.67,118.58,118.65,47.43596
2020-11-16 10:02:00,1605520920.0,118.64,118.74,118.64,118.71,44.87928
2020-11-16 10:03:00,1605520980.0,118.71,118.89,118.71,118.89,91.64919
2020-11-16 10:04:00,1605521040.0,118.89,118.89,118.76,118.77,42.23292
2020-11-16 10:05:00,1605521100.0,118.79,118.86,118.66,118.76,212.10809
2020-11-16 10:06:00,1605521160.0,118.79,118.79,118.73,118.74,10.72194
2020-11-16 10:07:00,1605521220.0,118.69,118.76,118.68,118.76,26.12968
2020-11-16 10:08:00,1605521280.0,118.72,118.75,118.6,118.69,133.34784
2020-11-16 10:09:00,1605521340.0,118.74,118.76,118.71,118.76,9.66869
2020-11-16 10:10:00,1605521400.0,118.76,118.78,118.69,118.69,9.40013
2020-11-16 10:11:00,1605521460.0,118.76,118.78,118.72,118.78,19.16075
2020-11-16 10:12:00,1605521520.0,118.76,118.78,118.72,118.72,12.62197
2020-11-16 10:13:00,1605521580.0,118.75,118.78,118.75,118.78,1.77577
2020-11-16 10:14:00,1605521640.0,118.79,118.79,118.75,118.75,4.67221
2020-11-16 10:15:00,1605521700.0,118.76,118.79,118.76,118.79,9.49
2020-11-16 10:16:00,1605521760.0,118.78,118.83,118.47,118.49,159.1669
2020-11-16 10:17:00,1605521820.0,118.48,118.48,118.32,118.35,50.93923
2020-11-16 10:18:00,1605521880.0,118.4,118.44,118.35,118.42,48.41873
2020-11-16 10:19:00,1605521940.0,118.44,118.45,118.39,118.42,10.38021
2020-11-16 10:20:00,1605522000.0,118.42,118.71,118.42,118.71,26.60976
2020-11-16 10:21:00,1605522060.0,118.68,118.75,118.63,118.72,22.84044
2020-11-16 10:22:00,1605522120.0,118.75,118.76,118.63,118.63,27.08558
2020-11-16 10:23:00,1605522180.0,118.64,118.65,118.5,118.5,56.05439
2020-11-16 10:24:00,1605522240.0,118.46,118.51,118.46,118.47,15.27259
2020-11-16 10:25:00,1605522300.0,118.47,118.55,118.47,118.55,52.3726
2020-11-16 10:26:00,1605522360.0,118.56,118.59,118.51,118.53,41.93023
2020-11-16 10:27:00,1605522420.0,118.53,118.56,118.52,118.55,8.33191
2020-11-16 10:28:00,1605522480.0,118.56,118.59,118.53,118.58,31.15193
2020-11-16 10:29:00,1605522540.0,118.56,118.58,118.56,118.58,5.2166
2020-11-16 10:30:00,1605522600.0,118.59,118.65,118.58,118.65,208.10158
2020-11-16 10:31:00,1605522660.0,118.65,118.65,118.58,118.58,16.42022
2020-11-16 10:32:00,1605522720.0,118.58,118.59,118.58,118.59,3.64537
2020-11-16 10:33:00,1605522780.0,118.59,118.63,118.57,118.57,7.56637
2020-11-16 10:34:00,1605522840.0,118.58,118.68,118.57,118.68,4.8368
2020-11-16 10:35:00,1605522900.0,118.67,118.7,118.64,118.66,13.53592
2020-11-16 10:36:00,1605522960.0,118.63,118.69,118.62,118.66,14.6999
2020-11-16 10:37:00,1605523020.0,118.61,118.78,118.57,118.7,21.81451
2020-11-16 10:38:00,1605523080.0,118.69,118.73,118.67,118.67,4.72828
2020-11-16 10:39:00,1605523140.0,118.66,118.71,118.65,118.71,5.71504
2020-11-16 10:40:00,1605523200.0,118.73,118.77,118.73,118.77,13.68509
2020-11-16 10:41:00,1605523260.0,118.72,118.75,118.67,118.75,17.13941
2020-11-16 10:42:00,1605523320.0,118.76,118.77,118.75,118.76,2.11417
2020-11-16 10:43:00,1605523380.0,118.77,118.77,118.69,118.69,14.33834
2020-11-16 10:44:00,1605523440.0,118.68,118.72,118.65,118.66,38.63038
2020-11-16 10:45:00,1605523500.0,118.66,118.75,118.66,118.67,4.9545
2020-11-16 10:46:00,1605523560.0,118.67,118.67,118.67,118.67,0.09269
2020-11-16 10:47:00,1605523620.0,118.65,118.65,118.58,118.58,4.23738
2020-11-16 10:48:00,1605523680.0,118.6,118.63,118.59,118.6,7.55211
2020-11-16 10:49:00,1605523740.0,118.61,118.66,118.61,118.66,1.24186
2020-11-16 10:50:00,1605523800.0,118.64,118.72,118.64,118.72,16.67214
2020-11-16 10:51:00,1605523860.0,118.74,118.81,118.62,118.8,64.10726
2020-11-16 10:52:00,1605523920.0,118.79,118.82,118.7,118.72,27.55924
2020-11-16 10:53:00,1605523980.0,118.72,118.78,118.72,118.78,2.32802
2020-11-16 10:54:00,1605524040.0,118.75,118.83,118.75,118.83,0.67503
2020-11-16 10:55:00,1605524100.0,118.75,118.75,118.66,118.68,6.29627
2020-11-16 10:56:00,1605524160.0,118.72,118.76,118.71,118.76,1.83353
2020-11-16 10:57:00,1605524220.0,118.82,118.85,118.74,118.79,4.93726
2020-11-16 10:58:00,1605524280.0,118.82,118.93,118.77,118.86,157.81618
2020-11-16 10:59:00,1605524340.0,118.87,118.96,118.79,118.8,228.94808
2020-11-16 11:00:00,1605524400.0,118.82,118.9,118.73,118.73,46.41832
2020-11-16 11:01:00,1605524460.0,118.74,118.98,118.61,118.92,555.87658
2020-11-16 11:02:00,1605524520.0,118.92,119.0,118.42,118.46,800.35132
2020-11-16 11:03:00,1605524580.0,118.44,118.53,118.29,118.32,214.35849
2020-11-16 11:04:00,1605524640.0,118.33,118.33,117.79,117.79,571.91638
2020-11-16 11:05:00,1605524700.0,117.79,117.79,117.71,117.73,117.79185
2020-11-16 11:06:00,1605524760.0,117.73,117.73,117.64,117.67,189.24245
2020-11-16 11:07:00,1605524820.0,117.68,117.78,117.68,117.74,77.61697
2020-11-16 11:08:00,1605524880.0,117.74,117.91,117.71,117.91,132.96478
2020-11-16 11:09:00,1605524940.0,117.88,117.93,117.79,117.88,92.68591
2020-11-16 11:10:00,1605525000.0,117.87,118.01,117.82,117.96,140.80972
2020-11-16 11:11:00,1605525060.0,117.96,118.01,117.96,118.0,13.52153
2020-11-16 11:12:00,1605525120.0,118.0,118.08,118.0,118.07,49.51922
2020-11-16 11:13:00,1605525180.0,118.1,118.1,118.08,118.09,29.171
2020-11-16 11:14:00,1605525240.0,118.09,118.09,118.09,118.09,0.08891
2020-11-16 11:15:00,1605525300.0,118.09,118.09,118.01,118.02,20.0134
2020-11-16 11:16:00,1605525360.0,118.01,118.03,117.98,118.03,46.72604
2020-11-16 11:17:00,1605525420.0,118.05,118.08,118.0,118.01,25.82715
2020-11-16 11:18:00,1605525480.0,118.01,118.01,118.01,118.01,0.93698
2020-11-16 11:19:00,1605525540.0,118.0,118.02,117.9,117.9,9.5389
2020-11-16 11:20:00,1605525600.0,118.03,118.03,117.97,117.97,18.67715
2020-11-16 11:21:00,1605525660.0,117.97,117.97,117.86,117.94,55.79394
2020-11-16 11:22:00,1605525720.0,117.96,118.01,117.9,117.99,39.82745
2020-11-16 11:23:00,1605525780.0,117.98,118.01,117.98,118.0,12.83371
2020-11-16 11:24:00,1605525840.0,118.0,118.0,118.0,118.0,1.70339
2020-11-16 11:25:00,1605525900.0,117.99,117.99,117.99,117.99,11.0
2020-11-16 11:26:00,1605525960.0,117.96,117.98,117.85,117.85,98.17924
2020-11-16 11:27:00,1605526020.0,117.91,117.92,117.89,117.92,17.91925
2020-11-16 11:28:00,1605526080.0,117.93,117.98,117.91,117.98,72.23011
2020-11-16 11:29:00,1605526140.0,117.97,118.1,117.97,118.03,245.11194
2020-11-16 11:30:00,1605526200.0,118.03,118.17,118.03,118.17,133.53607
2020-11-16 11:31:00,1605526260.0,118.16,118.16,118.03,118.13,63.19767
2020-11-16 11:32:00,1605526320.0,118.15,118.15,118.11,118.11,44.34153
2020-11-16 11:33:00,1605526380.0,118.13,118.14,118.04,118.06,44.74548
2020-11-16 11:34:00,1605526440.0,118.1,118.16,118.1,118.15,32.62044
2020-11-16 11:35:00,1605526500.0,118.12,118.12,118.12,118.12,0.536
2020-11-16 11:36:00,1605526560.0,118.13,118.15,118.13,118.14,5.63858
2020-11-16 11:37:00,1605526620.0,118.15,118.22,118.15,118.22,25.64376
2020-11-16 11:38:00,1605526680.0,118.2,118.2,118.12,118.15,29.155
2020-11-16 11:39:00,1605526740.0,118.22,118.23,118.22,118.23,5.43493
2020-11-16 11:40:00,1605526800.0,118.23,118.23,118.17,118.18,15.61868
2020-11-16 11:41:00,1605526860.0,118.19,118.19,118.1,118.1,28.949
2020-11-16 11:42:00,1605526920.0,118.17,118.17,118.11,118.15,42.13344
2020-11-16 11:43:00,1605526980.0,118.15,118.25,118.15,118.24,20.35564
2020-11-16 11:44:00,1605527040.0,118.25,118.26,118.15,118.17,54.57569
2020-11-16 11:45:00,1605527100.0,118.15,118.26,118.15,118.26,32.28883
2020-11-16 11:46:00,1605527160.0,118.24,118.24,118.15,118.16,84.21244
2020-11-16 11:47:00,1605527220.0,118.16,118.19,118.07,118.07,59.85992
2020-11-16 11:48:00,1605527280.0,118.13,118.19,118.13,118.14,5.89465
2020-11-16 11:49:00,1605527340.0,118.15,118.2,118.15,118.2,28.31609
2020-11-16 11:50:00,1605527400.0,118.21,118.24,118.21,118.22,21.6524
2020-11-16 11:51:00,1605527460.0,118.17,118.22,118.17,118.22,2.87064
2020-11-16 11:52:00,1605527520.0,118.16,118.28,118.16,118.2,74.23616
2020-11-16 11:53:00,1605527580.0,118.21,118.26,118.05,118.05,87.73759
2020-11-16 11:54:00,1605527640.0,118.1,118.11,118.04,118.1,101.99984
2020-11-16 11:55:00,1605527700.0,118.1,118.1,117.94,118.05,105.19999
2020-11-16 11:56:00,1605527760.0,118.1,118.1,117.95,118.0,35.0176
2020-11-16 11:57:00,1605527820.0,118.01,118.11,117.95,118.11,48.52461
2020-11-16 11:58:00,1605527880.0,118.07,118.07,117.94,117.95,45.77314
2020-11-16 11:59:00,1605527940.0,117.97,118.04,117.83,117.89,198.01537
2020-11-16 12:00:00,1605528000.0,117.92,118.25,117.84,118.21,222.2277
2020-11-16 12:01:00,1605528060.0,118.21,118.25,117.94,118.0,156.28031
2020-11-16 12:02:00,1605528120.0,118.05,118.18,118.05,118.16,46.70426
2020-11-16 12:03:00,1605528180.0,118.23,118.25,118.11,118.11,55.41899
2020-11-16 12:04:00,1605528240.0,118.18,118.2,118.07,118.07,98.30077
2020-11-16 12:05:00,1605528300.0,118.1,118.25,118.1,118.24,54.73964
2020-11-16 12:06:00,1605528360.0,118.24,118.3,118.15,118.29,96.43528
2020-11-16 12:07:00,1605528420.0,118.29,118.34,118.22,118.22,55.97101
2020-11-16 12:08:00,1605528480.0,118.3,118.31,118.26,118.31,58.69719
2020-11-16 12:09:00,1605528540.0,118.3,118.43,118.3,118.34,286.25326
2020-11-16 12:10:00,1605528600.0,118.34,118.37,118.34,118.37,13.88944
2020-11-16 12:11:00,1605528660.0,118.42,118.42,118.35,118.4,51.38037
2020-11-16 12:12:00,1605528720.0,118.36,118.44,118.28,118.28,92.8772
2020-11-16 12:13:00,1605528780.0,118.3,118.35,118.24,118.27,24.13822
2020-11-16 12:14:00,1605528840.0,118.28,118.28,118.16,118.16,83.97357
2020-11-16 12:15:00,1605528900.0,118.16,118.17,118.11,118.15,73.50441
2020-11-16 12:16:00,1605528960.0,118.15,118.23,118.15,118.23,103.26432
2020-11-16 12:17:00,1605529020.0,118.27,118.27,118.09,118.14,134.40881
2020-11-16 12:18:00,1605529080.0,118.14,118.22,118.14,118.18,37.21771
2020-11-16 12:19:00,1605529140.0,118.19,118.25,118.18,118.25,97.25829
2020-11-16 12:20:00,1605529200.0,118.29,118.34,118.29,118.31,47.62417
2020-11-16 12:21:00,1605529260.0,118.34,118.39,118.3,118.3,23.09972
2020-11-16 12:22:00,1605529320.0,118.36,118.36,118.24,118.3,49.20947
2020-11-16 12:23:00,1605529380.0,118.37,118.37,118.16,118.2,99.55262
2020-11-16 12:24:00,1605529440.0,118.2,118.24,118.17,118.2,63.92237
2020-11-16 12:25:00,1605529500.0,118.23,118.39,118.23,118.31,41.48927
2020-11-16 12:26:00,1605529560.0,118.32,118.32,118.18,118.27,132.28321
2020-11-16 12:27:00,1605529620.0,118.26,118.26,118.12,118.19,173.74888
2020-11-16 12:28:00,1605529680.0,118.18,118.21,118.12,118.19,145.87019
2020-11-16 12:29:00,1605529740.0,118.18,118.22,118.17,118.22,52.31501
2020-11-16 12:30:00,1605529800.0,118.23,118.29,118.23,118.29,3.55229
2020-11-16 12:31:00,1605529860.0,118.33,118.35,118.22,118.22,55.33042
2020-11-16 12:32:00,1605529920.0,118.28,118.35,118.25,118.26,43.77784
2020-11-16 12:33:00,1605529980.0,118.27,118.28,118.2,118.25,33.27525
2020-11-16 12:34:00,1605530040.0,118.26,118.27,118.19,118.23,33.5762
2020-11-16 12:35:00,1605530100.0,118.27,118.3,118.23,118.23,41.73994
2020-11-16 12:36:00,1605530160.0,118.23,118.33,118.23,118.31,19.31498
2020-11-16 12:37:00,1605530220.0,118.32,118.34,118.21,118.21,39.63989
2020-11-16 12:38:00,1605530280.0,118.19,118.26,118.18,118.25,9.703
2020-11-16 12:39:00,1605530340.0,118.3,118.31,118.15,118.16,75.51159
2020-11-16 12:40:00,1605530400.0,118.16,118.19,118.11,118.19,22.46811
2020-11-16 12:41:00,1605530460.0,118.22,118.22,118.11,118.11,15.96352
2020-11-16 12:42:00,1605530520.0,118.17,118.17,118.11,118.16,12.7208
2020-11-16 12:43:00,1605530580.0,118.17,118.21,118.17,118.21,6.963
2020-11-16 12:44:00,1605530640.0,118.25,118.26,118.16,118.25,54.63428
2020-11-16 12:45:00,1605530700.0,118.26,118.26,118.26,118.26,1.97547
2020-11-16 12:46:00,1605530760.0,118.26,118.28,118.2,118.21,37.31297
2020-11-16 12:47:00,1605530820.0,118.21,118.3,118.21,118.22,34.50986
2020-11-16 12:48:00,1605530880.0,118.26,118.3,118.25,118.29,116.4603
2020-11-16 12:49:00,1605530940.0,118.27,118.31,118.18,118.31,273.08825
2020-11-16 12:50:00,1605531000.0,118.32,118.32,118.14,118.14,626.96976
2020-11-16 12:51:00,1605531060.0,118.14,118.2,118.0,118.2,180.26727
2020-11-16 12:52:00,1605531120.0,118.24,118.3,118.11,118.13,304.91239
2020-11-16 12:53:00,1605531180.0,118.13,118.29,118.13,118.29,64.49707
2020-11-16 12:54:00,1605531240.0,118.24,118.26,118.21,118.21,1.99153
2020-11-16 12:55:00,1605531300.0,118.15,118.3,118.15,118.3,71.92981
2020-11-16 12:56:00,1605531360.0,118.31,118.31,118.3,118.31,1.78023
2020-11-16 12:57:00,1605531420.0,118.31,118.33,118.27,118.33,26.92445
2020-11-16 12:58:00,1605531480.0,118.34,118.4,118.26,118.27,304.87705
2020-11-16 12:59:00,1605531540.0,118.32,118.34,118.28,118.28,46.95693
2020-11-16 13:00:00,1605531600.0,118.29,118.63,118.29,118.56,555.58586
2020-11-16 13:01:00,1605531660.0,118.52,118.65,118.52,118.65,87.90727
2020-11-16 13:02:00,1605531720.0,118.64,118.64,118.52,118.56,154.67642
2020-11-16 13:03:00,1605531780.0,118.56,118.61,118.37,118.54,181.23494
2020-11-16 13:04:00,1605531840.0,118.56,118.57,118.45,118.53,35.09128
2020-11-16 13:05:00,1605531900.0,118.55,118.56,118.49,118.52,13.26113
2020-11-16 13:06:00,1605531960.0,118.53,118.53,118.52,118.53,29.74788
2020-11-16 13:07:00,1605532020.0,118.53,118.55,118.53,118.53,7.74724
2020-11-16 13:08:00,1605532080.0,118.54,118.56,118.54,118.56,29.97922
2020-11-16 13:09:00,1605532140.0,118.57,118.58,118.54,118.58,156.56237
2020-11-16 13:10:00,1605532200.0,118.56,118.56,118.45,118.54,183.41377
2020-11-16 13:11:00,1605532260.0,118.53,118.54,118.49,118.49,39.082
2020-11-16 13:12:00,1605532320.0,118.51,118.51,118.45,118.49,14.4204
2020-11-16 13:13:00,1605532380.0,118.47,118.5,118.46,118.49,72.2775
2020-11-16 13:14:00,1605532440.0,118.49,118.53,118.49,118.53,59.16623
2020-11-16 13:15:00,1605532500.0,118.53,118.57,118.34,118.48,295.75929
2020-11-16 13:16:00,1605532560.0,118.48,118.5,118.46,118.5,79.3402
2020-11-16 13:17:00,1605532620.0,118.48,118.57,118.44,118.54,132.49335
2020-11-16 13:18:00,1605532680.0,118.55,118.55,118.38,118.5,245.8536
2020-11-16 13:19:00,1605532740.0,118.52,118.55,118.52,118.55,3.2
2020-11-16 13:20:00,1605532800.0,118.58,118.6,118.52,118.54,208.75144
2020-11-16 13:21:00,1605532860.0,118.54,118.54,118.5,118.53,106.50203
2020-11-16 13:22:00,1605532920.0,118.55,118.6,118.55,118.6,27.82251
2020-11-16 13:23:00,1605532980.0,118.59,118.62,118.56,118.58,67.41831
2020-11-16 13:24:00,1605533040.0,118.61,118.73,118.61,118.72,201.33523
2020-11-16 13:25:00,1605533100.0,118.74,118.79,118.66,118.67,217.83047
2020-11-16 13:26:00,1605533160.0,118.66,118.78,118.66,118.75,41.28371
2020-11-16 13:27:00,1605533220.0,118.77,118.78,118.71,118.71,114.02192
2020-11-16 13:28:00,1605533280.0,118.75,118.8,118.75,118.8,13.82849
2020-11-16 13:29:00,1605533340.0,118.82,118.84,118.8,118.84,88.04437
2020-11-16 13:30:00,1605533400.0,118.84,118.9,118.84,118.88,68.34954
2020-11-16 13:31:00,1605533460.0,118.91,118.96,118.72,118.72,157.00874
2020-11-16 13:32:00,1605533520.0,118.78,118.9,118.78,118.9,53.57764
2020-11-16 13:33:00,1605533580.0,118.89,118.97,118.89,118.94,38.93089
2020-11-16 13:34:00,1605533640.0,118.94,118.97,118.94,118.96,17.32514
2020-11-16 13:35:00,1605533700.0,118.96,119.03,118.96,119.03,95.96225
2020-11-16 13:36:00,1605533760.0,119.0,119.14,119.0,119.1,186.59555
2020-11-16 13:37:00,1605533820.0,119.1,119.14,119.1,119.1,146.8699
2020-11-16 13:38:00,1605533880.0,119.13,119.13,119.07,119.12,39.02201
2020-11-16 13:39:00,1605533940.0,119.12,119.12,119.1,119.11,33.9597
2020-11-16 13:40:00,1605534000.0,119.13,119.15,119.13,119.15,16.05196
2020-11-16 13:41:00,1605534060.0,119.15,119.29,119.15,119.24,169.70197
2020-11-16 13:42:00,1605534120.0,119.22,119.31,119.21,119.31,38.99138
2020-11-16 13:43:00,1605534180.0,119.32,119.39,119.22,119.38,296.45586
2020-11-16 13:44:00,1605534240.0,119.4,119.44,119.22,119.31,300.40872
2020-11-16 13:45:00,1605534300.0,119.36,119.36,119.33,119.34,8.32831
2020-11-16 13:46:00,1605534360.0,119.34,119.38,119.27,119.36,188.44455
2020-11-16 13:47:00,1605534420.0,119.4,119.5,119.4,119.49,76.86823
2020-11-16 13:48:00,1605534480.0,119.48,119.48,119.01,119.01,539.62893
2020-11-16 13:49:00,1605534540.0,119.03,119.04,118.89,118.9,180.63559
2020-11-16 13:50:00,1605534600.0,118.88,118.96,118.81,118.96,74.0159
2020-11-16 13:51:00,1605534660.0,118.96,119.01,118.96,119.0,21.35734
2020-11-16 13:52:00,1605534720.0,119.09,119.21,119.09,119.21,10.53974
2020-11-16 13:53:00,1605534780.0,119.18,119.22,119.16,119.16,61.44711
2020-11-16 13:54:00,1605534840.0,119.17,119.25,119.15,119.22,26.52496
2020-11-16 13:55:00,1605534900.0,119.26,119.28,119.21,119.23,5.76387
2020-11-16 13:56:00,1605534960.0,119.28,119.36,119.22,119.31,140.92034
2020-11-16 13:57:00,1605535020.0,119.34,119.39,119.26,119.37,121.42307
2020-11-16 13:58:00,1605535080.0,119.37,119.38,119.21,119.21,165.95956
2020-11-16 13:59:00,1605535140.0,119.16,119.25,119.12,119.25,34.73763
2020-11-16 14:00:00,1605535200.0,119.29,119.38,119.29,119.32,60.71589
2020-11-16 14:01:00,1605535260.0,119.36,119.42,119.32,119.42,22.47577
2020-11-16 14:02:00,1605535320.0,119.43,119.53,119.43,119.48,144.65726
2020-11-16 14:03:00,1605535380.0,119.49,119.63,119.46,119.62,293.5989
2020-11-16 14:04:00,1605535440.0,119.61,119.75,119.51,119.54,266.36185
2020-11-16 14:05:00,1605535500.0,119.54,119.68,119.51,119.68,128.69343
2020-11-16 14:06:00,1605535560.0,119.69,119.73,119.52,119.57,191.73939
2020-11-16 14:07:00,1605535620.0,119.51,119.57,119.4,119.57,38.11317
2020-11-16 14:08:00,1605535680.0,119.58,119.76,119.58,119.75,141.35848
2020-11-16 14:09:00,1605535740.0,119.74,119.74,119.62,119.64,76.8812
2020-11-16 14:10:00,1605535800.0,119.66,119.75,119.57,119.7,229.00176
2020-11-16 14:11:00,1605535860.0,119.66,119.78,119.54,119.58,236.99322
2020-11-16 14:12:00,1605535920.0,119.57,119.57,119.42,119.55,100.6982
2020-11-16 14:13:00,1605535980.0,119.55,119.74,119.55,119.74,197.59462
2020-11-16 14:14:00,1605536040.0,119.65,119.72,119.63,119.72,31.23
2020-11-16 14:15:00,1605536100.0,119.71,119.71,119.45,119.45,619.52361
2020-11-16 14:16:00,1605536160.0,119.45,119.53,119.34,119.34,112.20197
2020-11-16 14:17:00,1605536220.0,119.34,119.34,119.28,119.33,67.15896
2020-11-16 14:18:00,1605536280.0,119.34,119.53,119.33,119.5,103.52364
2020-11-16 14:19:00,1605536340.0,119.5,119.67,119.48,119.52,115.33027
2020-11-16 14:20:00,1605536400.0,119.52,119.54,119.34,119.41,146.52201
2020-11-16 14:21:00,1605536460.0,119.39,119.4,119.27,119.34,55.4299
2020-11-16 14:22:00,1605536520.0,119.34,119.45,119.31,119.4,65.48647
2020-11-16 14:23:00,1605536580.0,119.4,119.56,119.39,119.56,23.0765
2020-11-16 14:24:00,1605536640.0,119.58,119.71,119.57,119.62,135.2273
2020-11-16 14:25:00,1605536700.0,119.68,119.68,119.64,119.64,9.49877
2020-11-16 14:26:00,1605536760.0,119.66,119.71,119.55,119.55,34.72374
2020-11-16 14:27:00,1605536820.0,119.69,119.77,119.67,119.77,105.42943
2020-11-16 14:28:00,1605536880.0,119.77,119.77,119.58,119.58,35.27923
2020-11-16 14:29:00,1605536940.0,119.57,119.58,119.5,119.55,24.28452
2020-11-16 14:30:00,1605537000.0,119.61,119.68,119.61,119.68,32.76772
2020-11-16 14:31:00,1605537060.0,119.68,119.72,119.63,119.69,15.54794
2020-11-16 14:32:00,1605537120.0,119.64,119.69,119.64,119.69,16.27914
2020-11-16 14:33:00,1605537180.0,119.64,119.64,119.39,119.46,78.98842
2020-11-16 14:34:00,1605537240.0,119.39,119.5,119.39,119.44,47.3314
2020-11-16 14:35:00,1605537300.0,119.46,119.52,119.33,119.35,56.6382
2020-11-16 14:36:00,1605537360.0,119.38,119.42,119.38,119.42,64.338
2020-11-16 14:37:00,1605537420.0,119.42,119.45,119.29,119.38,123.93554
2020-11-16 14:38:00,1605537480.0,119.36,119.4,119.34,119.38,5.13169
2020-11-16 14:39:00,1605537540.0,119.4,119.44,119.35,119.39,70.63106
2020-11-16 14:40:00,1605537600.0,119.37,119.38,119.37,119.38,2.36611
2020-11-16 14:41:00,1605537660.0,119.38,119.38,119.25,119.38,146.00848
2020-11-16 14:42:00,1605537720.0,119.34,119.61,119.34,119.58,67.32061
2020-11-16 14:43:00,1605537780.0,119.58,119.66,119.55,119.65,133.65895
2020-11-16 14:44:00,1605537840.0,119.66,119.8,119.63,119.69,87.15416
2020-11-16 14:45:00,1605537900.0,119.69,119.74,119.69,119.7,19.25698
2020-11-16 14:46:00,1605537960.0,119.7,119.76,119.64,119.64,37.20579
2020-11-16 14:47:00,1605538020.0,119.63,119.63,119.57,119.6,22.87022
2020-11-16 14:48:00,1605538080.0,119.55,119.55,119.34,119.41,75.90767
2020-11-16 14:49:00,1605538140.0,119.42,119.51,119.41,119.51,28.01669
2020-11-16 14:50:00,1605538200.0,119.48,119.61,119.45,119.47,254.10604
2020-11-16 14:51:00,1605538260.0,119.39,119.63,119.39,119.61,192.72687
2020-11-16 14:52:00,1605538320.0,119.6,119.74,119.6,119.73,22.88458
2020-11-16 14:53:00,1605538380.0,119.77,119.77,119.68,119.68,13.06684
2020-11-16 14:54:00,1605538440.0,119.7,119.77,119.66,119.77,5.9321
2020-11-16 14:55:00,1605538500.0,119.77,119.85,119.75,119.84,73.80633
2020-11-16 14:56:00,1605538560.0,119.81,119.83,119.81,119.83,2.915
2020-11-16 14:57:00,1605538620.0,119.84,119.84,119.84,119.84,9.57671
2020-11-16 14:58:00,1605538680.0,119.84,119.84,119.79,119.79,27.22744
2020-11-16 14:59:00,1605538740.0,119.77,119.77,119.72,119.74,13.45401
2020-11-16 15:00:00,1605538800.0,119.84,119.86,119.83,119.83,31.12127
2020-11-16 15:01:00,1605538860.0,119.82,119.86,119.82,119.83,57.89903
2020-11-16 15:02:00,1605538920.0,119.79,119.79,119.75,119.75,3.89231
2020-11-16 15:03:00,1605538980.0,119.76,119.84,119.76,119.81,19.90365
2020-11-16 15:04:00,1605539040.0,119.84,119.86,119.83,119.86,132.62847
2020-11-16 15:05:00,1605539100.0,119.82,119.88,119.79,119.88,225.67799
2020-11-16 15:06:00,1605539160.0,119.86,119.88,119.8,119.85,54.58645
2020-11-16 15:07:00,1605539220.0,119.85,119.91,119.82,119.87,219.03945
2020-11-16 15:08:00,1605539280.0,119.87,119.88,119.8,119.87,164.75762
2020-11-16 15:09:00,1605539340.0,119.86,119.89,119.82,119.82,40.8886
2020-11-16 15:10:00,1605539400.0,119.82,119.97,119.82,119.83,232.63713
2020-11-16 15:11:00,1605539460.0,119.84,119.87,119.84,119.84,17.96576
2020-11-16 15:12:00,1605539520.0,119.84,119.84,119.75,119.75,62.26002
2020-11-16 15:13:00,1605539580.0,119.75,119.77,119.65,119.65,39.65836
2020-11-16 15:14:00,1605539640.0,119.72,119.72,119.41,119.41,134.96141
2020-11-16 15:15:00,1605539700.0,119.41,119.53,119.4,119.49,33.7792
2020-11-16 15:16:00,1605539760.0,119.49,119.68,119.48,119.61,34.20547
2020-11-16 15:17:00,1605539820.0,119.64,119.65,119.48,119.49,18.76085
2020-11-16 15:18:00,1605539880.0,119.52,119.66,119.52,119.63,19.34405
2020-11-16 15:19:00,1605539940.0,119.58,119.61,119.51,119.51,3.0285
2020-11-16 15:20:00,1605540000.0,119.51,119.51,119.51,119.51,0.0
2020-11-16 15:21:00,1605540060.0,119.53,119.6,119.53,119.53,6.17492
2020-11-16 15:22:00,1605540120.0,119.54,119.59,119.51,119.57,4.85601
2020-11-16 15:23:00,1605540180.0,119.54,119.57,119.49,119.53,12.30652
2020-11-16 15:24:00,1605540240.0,119.5,119.5,119.48,119.5,11.74786
2020-11-16 15:25:00,1605540300.0,119.52,119.53,119.36,119.47,233.53839
2020-11-16 15:26:00,1605540360.0,119.38,119.38,119.3,119.35,39.62449
2020-11-16 15:27:00,1605540420.0,119.3,119.31,119.24,119.27,38.31409
2020-11-16 15:28:00,1605540480.0,119.28,119.29,119.26,119.28,15.90307
2020-11-16 15:29:00,1605540540.0,119.3,119.3,119.29,119.29,6.195
2020-11-16 15:30:00,1605540600.0,119.31,119.44,119.31,119.41,59.71799
2020-11-16 15:31:00,1605540660.0,119.45,119.59,119.45,119.58,35.69151
2020-11-16 15:32:00,1605540720.0,119.58,119.68,119.57,119.67,80.8846
2020-11-16 15:33:00,1605540780.0,119.68,119.68,119.65,119.66,42.9438
2020-11-16 15:34:00,1605540840.0,119.64,119.68,119.39,119.53,591.1149
2020-11-16 15:35:00,1605540900.0,119.53,119.67,119.52,119.64,58.13229
2020-11-16 15:36:00,1605540960.0,119.69,119.78,119.61,119.75,68.61597
2020-11-16 15:37:00,1605541020.0,119.74,119.82,119.72,119.77,41.81454
2020-11-16 15:38:00,1605541080.0,119.76,119.76,119.61,119.67,140.55672
2020-11-16 15:39:00,1605541140.0,119.66,119.66,119.52,119.57,55.50543
2020-11-16 15:40:00,1605541200.0,119.6,119.73,119.58,119.73,21.3439
2020-11-16 15:41:00,1605541260.0,119.68,119.7,119.64,119.66,4.79947
2020-11-16 15:42:00,1605541320.0,119.63,119.64,119.58,119.64,16.99965
2020-11-16 15:43:00,1605541380.0,119.64,119.73,119.62,119.67,23.17423
2020-11-16 15:44:00,1605541440.0,119.65,119.65,119.53,119.55,31.45634
2020-11-16 15:45:00,1605541500.0,119.56,119.59,119.45,119.46,132.94466
2020-11-16 15:46:00,1605541560.0,119.47,119.49,119.44,119.44,4.88658
2020-11-16 15:47:00,1605541620.0,119.44,119.44,119.4,119.42,23.86648
2020-11-16 15:48:00,1605541680.0,119.4,119.4,119.29,119.29,8.85874
2020-11-16 15:49:00,1605541740.0,119.33,119.37,119.25,119.25,17.26504
2020-11-16 15:50:00,1605541800.0,119.3,119.38,119.3,119.38,86.38919
2020-11-16 15:51:00,1605541860.0,119.37,119.41,119.37,119.39,125.52075
2020-11-16 15:52:00,1605541920.0,119.4,119.43,119.4,119.43,8.2566
2020-11-16 15:53:00,1605541980.0,119.45,119.5,119.45,119.47,210.6045
2020-11-16 15:54:00,1605542040.0,119.46,119.51,119.46,119.51,56.41498
2020-11-16 15:55:00,1605542100.0,119.49,119.49,119.49,119.49,0.2731
2020-11-16 15:56:00,1605542160.0,119.44,119.45,119.42,119.45,3.45016
2020-11-16 15:57:00,1605542220.0,119.44,119.44,119.22,119.22,207.52015
2020-11-16 15:58:00,1605542280.0,119.23,119.46,119.22,119.41,75.73421
2020-11-16 15:59:00,1605542340.0,119.42,119.46,119.41,119.42,15.71697
2020-11-16 16:00:00,1605542400.0,119.44,119.64,119.44,119.56,100.8152
2020-11-16 16:01:00,1605542460.0,119.56,119.58,119.56,119.58,44.63466
2020-11-16 16:02:00,1605542520.0,119.58,119.58,119.5,119.53,11.26278
2020-11-16 16:03:00,1605542580.0,119.46,119.59,119.46,119.59,14.67954
2020-11-16 16:04:00,1605542640.0,119.58,119.67,119.52,119.63,476.65607
2020-11-16 16:05:00,1605542700.0,119.64,119.77,119.49,119.55,355.35361
2020-11-16 16:06:00,1605542760.0,119.51,119.51,119.26,119.43,550.16257
2020-11-16 16:07:00,1605542820.0,119.4,119.44,118.92,118.98,225.09425
2020-11-16 16:08:00,1605542880.0,119.03,119.03,118.62,118.68,159.9761
2020-11-16 16:09:00,1605542940.0,118.64,118.75,118.58,118.58,259.95351
2020-11-16 16:10:00,1605543000.0,118.6,118.8,118.58,118.8,394.39424
2020-11-16 16:11:00,1605543060.0,118.8,118.85,118.73,118.83,147.16113
2020-11-16 16:12:00,1605543120.0,118.8,119.0,118.8,118.99,241.0012
2020-11-16 16:13:00,1605543180.0,118.99,118.99,118.87,118.94,19.51735
2020-11-16 16:14:00,1605543240.0,118.93,119.12,118.83,118.84,158.04247
2020-11-16 16:15:00,1605543300.0,118.87,119.13,118.85,119.04,407.854
2020-11-16 16:16:00,1605543360.0,119.04,119.33,118.99,119.13,356.86971
2020-11-16 16:17:00,1605543420.0,119.18,119.29,119.06,119.25,375.81224
2020-11-16 16:18:00,1605543480.0,119.25,119.27,119.12,119.27,148.27885
2020-11-16 16:19:00,1605543540.0,119.29,119.43,119.29,119.38,58.3579
2020-11-16 16:20:00,1605543600.0,119.37,119.52,119.36,119.4,78.8675
2020-11-16 16:21:00,1605543660.0,119.36,119.45,119.23,119.34,64.97921
2020-11-16 16:22:00,1605543720.0,119.37,119.39,118.94,119.03,106.40189
2020-11-16 16:23:00,1605543780.0,119.06,119.2,119.06,119.2,56.89672
2020-11-16 16:24:00,1605543840.0,119.21,119.35,119.21,119.26,82.50421
2020-11-16 16:25:00,1605543900.0,119.25,119.25,119.1,119.16,89.5191
2020-11-16 16:26:00,1605543960.0,119.17,119.17,119.02,119.06,26.74944
2020-11-16 16:27:00,1605544020.0,119.05,119.19,119.05,119.19,17.8916
2020-11-16 16:28:00,1605544080.0,119.2,119.29,119.2,119.29,10.94
2020-11-16 16:29:00,1605544140.0,119.34,119.42,119.2,119.21,36.7261
2020-11-16 16:30:00,1605544200.0,119.29,119.38,119.21,119.21,48.47949
2020-11-16 16:31:00,1605544260.0,119.27,119.35,119.24,119.3,37.85586
2020-11-16 16:32:00,1605544320.0,119.29,119.39,119.29,119.38,72.11712
2020-11-16 16:33:00,1605544380.0,119.34,119.43,119.22,119.24,39.2824
2020-11-16 16:34:00,1605544440.0,119.2,119.2,118.94,118.96,35.34234
2020-11-16 16:35:00,1605544500.0,118.98,119.06,118.98,119.03,5.38809
2020-11-16 16:36:00,1605544560.0,118.99,119.0,118.72,118.79,143.74757
2020-11-16 16:37:00,1605544620.0,118.83,118.84,118.72,118.73,28.86026
2020-11-16 16:38:00,1605544680.0,118.79,118.79,118.63,118.63,51.07707
2020-11-16 16:39:00,1605544740.0,118.73,118.74,118.6,118.62,136.42511
2020-11-16 16:40:00,1605544800.0,118.62,118.71,118.62,118.67,231.86522
2020-11-16 16:41:00,1605544860.0,118.67,118.71,118.59,118.61,73.05841
2020-11-16 16:42:00,1605544920.0,118.6,118.7,118.55,118.57,141.63744
2020-11-16 16:43:00,1605544980.0,118.6,118.62,118.46,118.58,93.5122
2020-11-16 16:44:00,1605545040.0,118.58,118.62,118.54,118.62,69.39299
2020-11-16 16:45:00,1605545100.0,118.65,118.71,118.65,118.71,190.84917
2020-11-16 16:46:00,1605545160.0,118.67,118.71,118.67,118.71,179.87706
2020-11-16 16:47:00,1605545220.0,118.71,118.71,118.63,118.71,162.3706
2020-11-16 16:48:00,1605545280.0,118.71,118.71,118.64,118.64,18.63651
2020-11-16 16:49:00,1605545340.0,118.64,118.64,118.64,118.64,0.0
2020-11-16 16:50:00,1605545400.0,118.71,118.71,118.58,118.58,1175.80222
2020-11-16 16:51:00,1605545460.0,118.57,118.63,118.48,118.53,90.77861
2020-11-16 16:52:00,1605545520.0,118.59,118.65,118.51,118.51,88.40048
2020-11-16 16:53:00,1605545580.0,118.56,118.62,118.52,118.55,193.14327
2020-11-16 16:54:00,1605545640.0,118.55,118.58,118.48,118.56,60.3123
2020-11-16 16:55:00,1605545700.0,118.55,118.55,118.53,118.55,25.24292
2020-11-16 16:56:00,1605545760.0,118.55,118.63,118.55,118.6,27.46278
2020-11-16 16:57:00,1605545820.0,118.6,118.6,118.43,118.46,11.25658
2020-11-16 16:58:00,1605545880.0,118.53,118.69,118.51,118.69,78.29976
2020-11-16 16:59:00,1605545940.0,118.62,118.67,118.6,118.61,13.21581
2020-11-16 17:00:00,1605546000.0,118.65,118.68,118.62,118.68,4.97798
2020-11-16 17:01:00,1605546060.0,118.65,118.71,118.63,118.71,68.46599
2020-11-16 17:02:00,1605546120.0,118.71,118.9,118.68,118.9,583.67867
2020-11-16 17:03:00,1605546180.0,118.93,118.95,118.82,118.82,69.84048
2020-11-16 17:04:00,1605546240.0,118.8,118.85,118.72,118.72,49.5464
2020-11-16 17:05:00,1605546300.0,118.72,118.72,118.64,118.65,46.92759
2020-11-16 17:06:00,1605546360.0,118.66,118.67,118.61,118.66,12.59685
2020-11-16 17:07:00,1605546420.0,118.68,118.82,118.68,118.8,131.86033
2020-11-16 17:08:00,1605546480.0,118.81,118.89,118.79,118.89,80.00381
2020-11-16 17:09:00,1605546540.0,118.9,119.0,118.9,118.95,17.07833
2020-11-16 17:10:00,1605546600.0,118.97,119.05,118.89,118.98,186.30774
2020-11-16 17:11:00,1605546660.0,118.97,119.05,118.96,119.04,60.47823
2020-11-16 17:12:00,1605546720.0,118.99,119.08,118.96,119.01,186.84238
2020-11-16 17:13:00,1605546780.0,119.0,119.04,118.94,119.04,33.58593
2020-11-16 17:14:00,1605546840.0,119.04,119.09,118.95,119.09,43.8169
2020-11-16 17:15:00,1605546900.0,119.04,119.13,119.02,119.07,198.10248
2020-11-16 17:16:00,1605546960.0,119.06,119.13,118.95,118.97,88.08264
2020-11-16 17:17:00,1605547020.0,118.93,119.06,118.91,118.99,137.25279
2020-11-16 17:18:00,1605547080.0,119.04,119.04,118.9,119.0,119.71627
2020-11-16 17:19:00,1605547140.0,118.98,119.01,118.9,118.93,72.42127
2020-11-16 17:20:00,1605547200.0,118.95,118.98,118.86,118.97,26.54464
2020-11-16 17:21:00,1605547260.0,118.97,119.05,118.93,119.05,6.71329
2020-11-16 17:22:00,1605547320.0,119.05,119.05,118.97,118.97,17.63258
2020-11-16 17:23:00,1605547380.0,118.95,118.98,118.85,118.88,68.68909
2020-11-16 17:24:00,1605547440.0,118.94,118.96,118.88,118.9,55.45472
2020-11-16 17:25:00,1605547500.0,118.93,119.02,118.83,118.94,200.66474
2020-11-16 17:26:00,1605547560.0,118.94,118.94,118.88,118.9,31.8083
2020-11-16 17:27:00,1605547620.0,118.86,119.06,118.84,118.98,164.80542
2020-11-16 17:28:00,1605547680.0,119.02,119.15,118.99,118.99,33.78519
2020-11-16 17:29:00,1605547740.0,119.09,119.09,119.09,119.09,3.475
2020-11-16 17:30:00,1605547800.0,119.12,119.14,119.06,119.06,27.19935
2020-11-16 17:31:00,1605547860.0,119.05,119.15,119.01,119.01,122.63433
2020-11-16 17:32:00,1605547920.0,119.06,119.14,119.06,119.14,38.66017
2020-11-16 17:33:00,1605547980.0,119.15,119.2,119.1,119.2,112.16559
2020-11-16 17:34:00,1605548040.0,119.19,119.19,119.09,119.19,227.08587
2020-11-16 17:35:00,1605548100.0,119.15,119.28,119.15,119.28,59.51447
2020-11-16 17:36:00,1605548160.0,119.29,119.3,119.23,119.24,6.99971
2020-11-16 17:37:00,1605548220.0,119.31,119.31,119.22,119.22,2.00895
2020-11-16 17:38:00,1605548280.0,119.21,119.21,118.93,118.93,93.65986
2020-11-16 17:39:00,1605548340.0,118.92,118.97,118.91,118.97,7.539
2020-11-16 17:40:00,1605548400.0,118.95,118.96,118.9,118.96,49.30299
2020-11-16 17:41:00,1605548460.0,119.0,119.08,119.0,119.04,85.95144
2020-11-16 17:42:00,1605548520.0,119.04,119.04,118.96,118.96,3.97127
2020-11-16 17:43:00,1605548580.0,118.94,119.05,118.93,118.99,21.09614
2020-11-16 17:44:00,1605548640.0,118.98,119.05,118.98,119.04,9.86972
2020-11-16 17:45:00,1605548700.0,119.0,119.11,118.95,119.08,67.29178
2020-11-16 17:46:00,1605548760.0,119.12,119.18,119.06,119.06,54.2762
2020-11-16 17:47:00,1605548820.0,119.04,119.08,119.04,119.08,25.09052
2020-11-16 17:48:00,1605548880.0,119.13,119.13,119.13,119.13,0.38532
2020-11-16 17:49:00,1605548940.0,119.11,119.18,119.11,119.18,6.7314
2020-11-16 17:50:00,1605549000.0,119.25,119.26,119.2,119.25,122.62222
2020-11-16 17:51:00,1605549060.0,119.25,119.25,119.23,119.24,202.60286
2020-11-16 17:52:00,1605549120.0,119.28,119.34,119.27,119.34,212.65311
2020-11-16 17:53:00,1605549180.0,119.35,119.44,119.22,119.22,277.5971
2020-11-16 17:54:00,1605549240.0,119.21,119.31,119.2,119.31,166.92924
2020-11-16 17:55:00,1605549300.0,119.25,119.35,119.21,119.35,55.34128
2020-11-16 17:56:00,1605549360.0,119.36,119.36,119.23,119.33,85.87634
2020-11-16 17:57:00,1605549420.0,119.35,119.38,119.26,119.26,132.67915
2020-11-16 17:58:00,1605549480.0,119.25,119.25,119.21,119.21,77.81572
2020-11-16 17:59:00,1605549540.0,119.25,119.25,119.23,119.24,115.59769
2020-11-16 18:00:00,1605549600.0,119.26,119.48,119.26,119.48,10.05376
2020-11-16 18:01:00,1605549660.0,119.49,119.53,119.39,119.39,21.42752
2020-11-16 18:02:00,1605549720.0,119.4,119.54,119.34,119.37,305.91204
2020-11-16 18:03:00,1605549780.0,119.32,119.34,119.2,119.27,91.12661
2020-11-16 18:04:00,1605549840.0,119.3,119.31,119.19,119.19,11.17746
2020-11-16 18:05:00,1605549900.0,119.27,119.28,119.22,119.28,2.81781
2020-11-16 18:06:00,1605549960.0,119.25,119.34,119.24,119.24,25.91749
2020-11-16 18:07:00,1605550020.0,119.3,119.33,119.29,119.32,63.87264
2020-11-16 18:08:00,1605550080.0,119.32,119.32,119.23,119.31,139.52672
2020-11-16 18:09:00,1605550140.0,119.31,119.32,119.31,119.32,98.53965
2020-11-16 18:10:00,1605550200.0,119.32,119.51,119.31,119.5,204.01735
2020-11-16 18:11:00,1605550260.0,119.54,119.6,119.53,119.59,41.44012
2020-11-16 18:12:00,1605550320.0,119.48,119.54,119.48,119.5,204.37239
2020-11-16 18:13:00,1605550380.0,119.42,119.42,119.26,119.37,23.89764
2020-11-16 18:14:00,1605550440.0,119.37,119.37,119.37,119.37,0.0
2020-11-16 18:15:00,1605550500.0,119.44,119.49,119.39,119.39,10.84847
2020-11-16 18:16:00,1605550560.0,119.36,119.4,119.29,119.4,9.48985
2020-11-16 18:17:00,1605550620.0,119.47,119.63,119.45,119.63,75.56667
2020-11-16 18:18:00,1605550680.0,119.6,119.67,119.6,119.6,39.2558
2020-11-16 18:19:00,1605550740.0,119.62,119.64,119.52,119.52,27.97242
2020-11-16 18:20:00,1605550800.0,119.48,119.48,119.42,119.42,7.7878
2020-11-16 18:21:00,1605550860.0,119.39,119.4,119.37,119.4,7.85361
2020-11-16 18:22:00,1605550920.0,119.37,119.37,119.28,119.35,15.82793
2020-11-16 18:23:00,1605550980.0,119.36,119.59,119.36,119.57,28.7683
2020-11-16 18:24:00,1605551040.0,119.57,119.58,119.51,119.58,4.92458
2020-11-16 18:25:00,1605551100.0,119.55,119.55,119.42,119.48,19.35569
2020-11-16 18:26:00,1605551160.0,119.48,119.5,119.41,119.41,12.00898
2020-11-16 18:27:00,1605551220.0,119.4,119.4,119.13,119.13,44.28449
2020-11-16 18:28:00,1605551280.0,119.11,119.11,118.91,119.07,261.37264
2020-11-16 18:29:00,1605551340.0,119.11,119.2,119.11,119.2,19.77476
2020-11-16 18:30:00,1605551400.0,119.19,119.21,119.15,119.17,100.55214
2020-11-16 18:31:00,1605551460.0,119.17,119.18,119.09,119.18,31.28835
2020-11-16 18:32:00,1605551520.0,119.11,119.13,119.04,119.12,70.7444
2020-11-16 18:33:00,1605551580.0,119.06,119.08,119.0,119.05,66.11954
2020-11-16 18:34:00,1605551640.0,119.04,119.14,119.04,119.08,39.05321
2020-11-16 18:35:00,1605551700.0,119.08,119.09,118.95,118.95,52.67204
2020-11-16 18:36:00,1605551760.0,118.94,118.94,118.82,118.82,242.736
2020-11-16 18:37:00,1605551820.0,118.84,118.96,118.82,118.87,129.93788
2020-11-16 18:38:00,1605551880.0,118.86,118.96,118.82,118.95,99.31123
2020-11-16 18:39:00,1605551940.0,118.97,118.99,118.94,118.99,7.30001
2020-11-16 18:40:00,1605552000.0,118.98,118.98,118.82,118.82,27.85324
2020-11-16 18:41:00,1605552060.0,118.8,118.8,118.64,118.7,70.97148
2020-11-16 18:42:00,1605552120.0,118.69,118.81,118.67,118.81,69.29069
2020-11-16 18:43:00,1605552180.0,118.82,118.84,118.65,118.65,137.3155
2020-11-16 18:44:00,1605552240.0,118.68,118.73,118.67,118.73,34.45773
2020-11-16 18:45:00,1605552300.0,118.69,118.69,118.33,118.35,1499.67213
2020-11-16 18:46:00,1605552360.0,118.37,118.4,118.31,118.34,104.11585
2020-11-16 18:47:00,1605552420.0,118.37,118.59,118.36,118.59,160.90157
2020-11-16 18:48:00,1605552480.0,118.58,118.6,118.38,118.4,313.72676
2020-11-16 18:49:00,1605552540.0,118.42,118.54,118.24,118.24,788.24038
2020-11-16 18:50:00,1605552600.0,118.3,118.41,118.02,118.11,1182.22331
2020-11-16 18:51:00,1605552660.0,118.11,118.13,117.79,117.9,191.45095
2020-11-16 18:52:00,1605552720.0,117.91,117.92,117.81,117.82,51.54003
2020-11-16 18:53:00,1605552780.0,117.83,117.91,117.78,117.82,36.99895
2020-11-16 18:54:00,1605552840.0,117.84,117.91,117.78,117.82,42.76416
2020-11-16 18:55:00,1605552900.0,117.8,117.88,117.8,117.84,16.64498
2020-11-16 18:56:00,1605552960.0,117.86,118.05,117.84,117.97,156.86954
2020-11-16 18:57:00,1605553020.0,118.03,118.04,117.83,117.83,19.24306
2020-11-16 18:58:00,1605553080.0,117.86,118.0,117.86,118.0,78.21329
2020-11-16 18:59:00,1605553140.0,118.03,118.07,117.95,118.04,72.34095
2020-11-16 19:00:00,1605553200.0,118.04,118.11,117.98,117.98,68.981
2020-11-16 19:01:00,1605553260.0,118.02,118.06,118.01,118.05,35.71559
2020-11-16 19:02:00,1605553320.0,118.04,118.05,117.89,117.89,50.38377
2020-11-16 19:03:00,1605553380.0,117.89,117.93,117.79,117.86,21.00388
2020-11-16 19:04:00,1605553440.0,117.86,117.89,117.79,117.89,24.56132
2020-11-16 19:05:00,1605553500.0,117.81,117.94,117.81,117.89,25.71777
2020-11-16 19:06:00,1605553560.0,117.86,117.91,117.81,117.82,7.27405
2020-11-16 19:07:00,1605553620.0,117.89,117.89,117.88,117.88,1.355
2020-11-16 19:08:00,1605553680.0,117.84,117.91,117.84,117.91,2.32079
2020-11-16 19:09:00,1605553740.0,117.88,117.9,117.8,117.9,21.09506
2020-11-16 19:10:00,1605553800.0,117.85,118.11,117.85,118.11,65.68226
2020-11-16 19:11:00,1605553860.0,118.06,118.06,117.96,117.99,9.57737
2020-11-16 19:12:00,1605553920.0,118.01,118.04,117.99,118.02,16.704
2020-11-16 19:13:00,1605553980.0,118.09,118.11,117.99,118.01,13.3944
2020-11-16 19:14:00,1605554040.0,118.04,118.16,118.03,118.15,18.62703
2020-11-16 19:15:00,1605554100.0,118.14,118.18,118.0,118.08,96.73101
2020-11-16 19:16:00,1605554160.0,118.05,118.11,118.05,118.11,16.29618
2020-11-16 19:17:00,1605554220.0,118.08,118.08,118.0,118.08,14.1729
2020-11-16 19:18:00,1605554280.0,118.1,118.18,118.05,118.14,54.41636
2020-11-16 19:19:00,1605554340.0,118.11,118.11,118.0,118.06,17.9189
2020-11-16 19:20:00,1605554400.0,118.08,118.2,118.08,118.2,10.8255
2020-11-16 19:21:00,1605554460.0,118.17,118.25,118.12,118.12,35.9673
2020-11-16 19:22:00,1605554520.0,118.16,118.28,118.16,118.28,31.68926
2020-11-16 19:23:00,1605554580.0,118.21,118.21,118.16,118.19,7.45714
2020-11-16 19:24:00,1605554640.0,118.13,118.13,118.04,118.08,86.49527
2020-11-16 19:25:00,1605554700.0,118.01,118.06,118.01,118.06,1.862
2020-11-16 19:26:00,1605554760.0,118.01,118.01,118.0,118.0,11.31599
2020-11-16 19:27:00,1605554820.0,118.05,118.13,117.91,117.91,79.75548
2020-11-16 19:28:00,1605554880.0,117.92,117.99,117.88,117.88,67.69489
2020-11-16 19:29:00,1605554940.0,117.87,117.87,117.51,117.58,390.27015
2020-11-16 19:30:00,1605555000.0,117.6,117.65,117.44,117.51,119.67943
2020-11-16 19:31:00,1605555060.0,117.51,117.54,117.47,117.54,56.41891
2020-11-16 19:32:00,1605555120.0,117.59,117.72,117.59,117.64,37.78862
2020-11-16 19:33:00,1605555180.0,117.64,117.82,117.64,117.81,96.21984
2020-11-16 19:34:00,1605555240.0,117.81,117.86,117.8,117.86,20.40953
2020-11-16 19:35:00,1605555300.0,117.79,117.86,117.76,117.76,13.588
2020-11-16 19:36:00,1605555360.0,117.75,117.85,117.68,117.82,33.93235
2020-11-16 19:37:00,1605555420.0,117.84,117.85,117.73,117.73,25.64488
2020-11-16 19:38:00,1605555480.0,117.73,117.73,117.73,117.73,0.46379
2020-11-16 19:39:00,1605555540.0,117.73,117.78,117.65,117.65,23.79227
2020-11-16 19:40:00,1605555600.0,117.65,117.65,117.59,117.65,58.40581
2020-11-16 19:41:00,1605555660.0,117.57,117.6,117.52,117.55,27.92919
2020-11-16 19:42:00,1605555720.0,117.55,117.58,117.49,117.58,75.70193
2020-11-16 19:43:00,1605555780.0,117.58,117.62,117.58,117.62,5.09176
2020-11-16 19:44:00,1605555840.0,117.61,117.75,117.61,117.75,24.77647
2020-11-16 19:45:00,1605555900.0,117.75,117.78,117.71,117.73,34.70474
2020-11-16 19:46:00,1605555960.0,117.67,117.72,117.67,117.72,4.61
2020-11-16 19:47:00,1605556020.0,117.72,117.8,117.72,117.79,26.052
2020-11-16 19:48:00,1605556080.0,117.79,117.8,117.79,117.8,2.839
2020-11-16 19:49:00,1605556140.0,117.78,117.88,117.78,117.86,15.88258
2020-11-16 19:50:00,1605556200.0,117.85,117.87,117.85,117.87,2.30839
2020-11-16 19:51:00,1605556260.0,117.9,117.9,117.85,117.89,1.94965
2020-11-16 19:52:00,1605556320.0,117.89,117.92,117.89,117.92,8.84307
2020-11-16 19:53:00,1605556380.0,117.92,117.95,117.86,117.86,14.27624
2020-11-16 19:54:00,1605556440.0,117.86,117.86,117.83,117.83,13.25282
2020-11-16 19:55:00,1605556500.0,117.78,117.87,117.78,117.78,7.0005
2020-11-16 19:56:00,1605556560.0,117.84,117.84,117.76,117.76,7.00594
2020-11-16 19:57:00,1605556620.0,117.73,117.87,117.67,117.87,22.75204
2020-11-16 19:58:00,1605556680.0,117.81,117.84,117.79,117.79,6.89962
2020-11-16 19:59:00,1605556740.0,117.76,117.76,117.7,117.72,5.02421
2020-11-16 20:00:00,1605556800.0,117.72,117.92,117.72,117.86,44.49461
2020-11-16 20:01:00,1605556860.0,117.8,117.87,117.8,117.86,9.09258
2020-11-16 20:02:00,1605556920.0,117.86,117.86,117.8,117.8,22.97047
2020-11-16 20:03:00,1605556980.0,117.77,117.79,117.73,117.79,10.37272
2020-11-16 20:04:00,1605557040.0,117.74,117.74,117.74,117.74,0.3201
2020-11-16 20:05:00,1605557100.0,117.74,117.77,117.68,117.68,8.1049
2020-11-16 20:06:00,1605557160.0,117.68,117.68,117.68,117.68,0.0
2020-11-16 20:07:00,1605557220.0,117.72,117.72,117.72,117.72,1.198
2020-11-16 20:08:00,1605557280.0,117.73,117.73,117.58,117.63,155.44396
2020-11-16 20:09:00,1605557340.0,117.57,117.57,117.56,117.56,2.51885
2020-11-16 20:10:00,1605557400.0,117.61,117.62,117.61,117.61,3.06693
2020-11-16 20:11:00,1605557460.0,117.61,117.62,117.54,117.57,35.62323
2020-11-16 20:12:00,1605557520.0,117.57,117.57,117.52,117.54,17.65751
2020-11-16 20:13:00,1605557580.0,117.58,117.62,117.55,117.62,5.19059
2020-11-16 20:14:00,1605557640.0,117.65,117.65,117.53,117.53,15.53989
2020-11-16 20:15:00,1605557700.0,117.62,117.62,117.6,117.61,4.83282
2020-11-16 20:16:00,1605557760.0,117.61,117.63,117.61,117.61,8.40339
2020-11-16 20:17:00,1605557820.0,117.62,117.68,117.56,117.58,40.80504
2020-11-16 20:18:00,1605557880.0,117.61,117.65,117.57,117.65,51.91809
2020-11-16 20:19:00,1605557940.0,117.65,117.65,117.65,117.65,0.54202
2020-11-16 20:20:00,1605558000.0,117.62,117.62,117.62,117.62,3.389
2020-11-16 20:21:00,1605558060.0,117.67,117.67,117.67,117.67,2.29156
2020-11-16 20:22:00,1605558120.0,117.71,117.71,117.68,117.68,13.25999
2020-11-16 20:23:00,1605558180.0,117.69,117.69,117.65,117.65,7.69532
2020-11-16 20:24:00,1605558240.0,117.67,117.7,117.66,117.66,42.855
2020-11-16 20:25:00,1605558300.0,117.7,117.7,117.68,117.7,5.17078
2020-11-16 20:26:00,1605558360.0,117.7,117.7,117.7,117.7,0.0
2020-11-16 20:27:00,1605558420.0,117.67,117.67,117.67,117.67,0.183
2020-11-16 20:28:00,1605558480.0,117.7,117.77,117.7,117.76,4.93951
2020-11-16 20:29:00,1605558540.0,117.76,117.8,117.74,117.79,27.61871
2020-11-16 20:30:00,1605558600.0,117.79,117.8,117.75,117.75,18.05768
2020-11-16 20:31:00,1605558660.0,117.76,117.79,117.76,117.79,27.818
2020-11-16 20:32:00,1605558720.0,117.91,118.05,117.91,118.03,84.87609
2020-11-16 20:33:00,1605558780.0,118.01,118.01,117.97,117.98,20.90687
2020-11-16 20:34:00,1605558840.0,117.92,117.92,117.82,117.82,16.43963
2020-11-16 20:35:00,1605558900.0,117.89,117.89,117.87,117.87,0.98926
2020-11-16 20:36:00,1605558960.0,117.79,117.79,117.73,117.77,25.08695
2020-11-16 20:37:00,1605559020.0,117.8,117.8,117.73,117.79,7.67266
2020-11-16 20:38:00,1605559080.0,117.79,117.83,117.75,117.83,35.64893
2020-11-16 20:39:00,1605559140.0,117.88,117.88,117.88,117.88,0.84832
2020-11-16 20:40:00,1605559200.0,117.86,117.95,117.86,117.95,50.86971
2020-11-16 20:41:00,1605559260.0,117.95,118.04,117.95,118.02,25.23815
2020-11-16 20:42:00,1605559320.0,118.02,118.02,117.76,117.96,325.96846
2020-11-16 20:43:00,1605559380.0,117.95,117.95,117.76,117.84,155.41901
2020-11-16 20:44:00,1605559440.0,117.87,117.87,117.84,117.84,101.59572
2020-11-16 20:45:00,1605559500.0,117.8,117.82,117.74,117.82,14.78337
2020-11-16 20:46:00,1605559560.0,117.82,117.82,117.7,117.74,119.345
2020-11-16 20:47:00,1605559620.0,117.74,117.86,117.65,117.7,193.14986
2020-11-16 20:48:00,1605559680.0,117.72,117.77,117.65,117.69,73.59528
2020-11-16 20:49:00,1605559740.0,117.73,117.73,117.59,117.64,223.74155
2020-11-16 20:50:00,1605559800.0,117.65,117.77,117.62,117.71,222.44368
2020-11-16 20:51:00,1605559860.0,117.7,117.7,117.57,117.59,116.11271
2020-11-16 20:52:00,1605559920.0,117.62,117.72,117.62,117.72,106.01189
2020-11-16 20:53:00,1605559980.0,117.7,117.82,117.7,117.75,203.45591
2020-11-16 20:54:00,1605560040.0,117.72,117.75,117.72,117.72,5.126
2020-11-16 20:55:00,1605560100.0,117.72,117.84,117.72,117.83,118.10984
2020-11-16 20:56:00,1605560160.0,117.83,117.88,117.83,117.87,27.4797
2020-11-16 20:57:00,1605560220.0,117.92,118.03,117.92,118.0,146.49405
2020-11-16 20:58:00,1605560280.0,117.92,118.06,117.9,118.03,281.57485
2020-11-16 20:59:00,1605560340.0,118.06,118.08,117.89,117.9,546.43635
2020-11-16 21:00:00,1605560400.0,117.9,117.95,117.9,117.92,8.65173
2020-11-16 21:01:00,1605560460.0,117.9,117.96,117.9,117.96,38.16018
2020-11-16 21:02:00,1605560520.0,117.96,117.96,117.95,117.95,66.49026
2020-11-16 21:03:00,1605560580.0,117.95,117.98,117.74,117.98,476.18676
2020-11-16 21:04:00,1605560640.0,117.98,118.05,117.9,117.96,267.2031
2020-11-16 21:05:00,1605560700.0,117.94,117.94,117.94,117.94,0.41516
2020-11-16 21:06:00,1605560760.0,117.95,117.95,117.84,117.87,125.50931
2020-11-16 21:07:00,1605560820.0,117.88,118.05,117.88,118.05,123.70553
2020-11-16 21:08:00,1605560880.0,118.09,118.19,118.05,118.16,172.52167
2020-11-16 21:09:00,1605560940.0,118.15,118.27,118.1,118.15,217.12429
2020-11-16 21:10:00,1605561000.0,118.18,118.21,117.89,117.91,187.11497
2020-11-16 21:11:00,1605561060.0,117.85,118.07,117.66,117.79,588.37584
2020-11-16 21:12:00,1605561120.0,117.79,117.89,117.72,117.84,200.34333
2020-11-16 21:13:00,1605561180.0,117.87,117.87,117.77,117.83,139.02037
2020-11-16 21:14:00,1605561240.0,117.84,117.85,117.84,117.85,19.84292
2020-11-16 21:15:00,1605561300.0,117.85,118.09,117.85,118.09,119.30963
2020-11-16 21:16:00,1605561360.0,118.09,118.16,117.75,118.16,537.65647
2020-11-16 21:17:00,1605561420.0,118.09,118.09,117.73,117.95,535.55979
2020-11-16 21:18:00,1605561480.0,117.97,118.1,117.96,117.98,128.6809
2020-11-16 21:19:00,1605561540.0,117.99,118.17,117.93,117.93,328.14975
2020-11-16 21:20:00,1605561600.0,117.95,118.17,117.73,118.16,669.16124
2020-11-16 21:21:00,1605561660.0,118.14,118.14,117.66,117.88,342.30556
2020-11-16 21:22:00,1605561720.0,117.83,117.98,117.75,117.77,167.37888
2020-11-16 21:23:00,1605561780.0,117.88,118.04,117.87,118.02,29.42006
2020-11-16 21:24:00,1605561840.0,117.9,117.99,117.9,117.99,4.27599
2020-11-16 21:25:00,1605561900.0,117.91,118.01,117.8,117.8,279.27296
2020-11-16 21:26:00,1605561960.0,117.75,117.76,117.72,117.74,10.6749
2020-11-16 21:27:00,1605562020.0,117.75,117.75,117.68,117.72,3.88091
2020-11-16 21:28:00,1605562080.0,117.72,117.85,117.72,117.85,12.32448
2020-11-16 21:29:00,1605562140.0,117.88,117.88,117.77,117.82,43.80271
2020-11-16 21:30:00,1605562200.0,117.8,117.83,117.77,117.79,19.70758
2020-11-16 21:31:00,1605562260.0,117.8,117.8,117.62,117.66,265.57231
2020-11-16 21:32:00,1605562320.0,117.66,117.73,117.66,117.73,81.65832
2020-11-16 21:33:00,1605562380.0,117.74,117.89,117.74,117.89,29.237
2020-11-16 21:34:00,1605562440.0,117.9,117.9,117.78,117.78,7.23901
2020-11-16 21:35:00,1605562500.0,117.83,117.93,117.83,117.93,6.066
2020-11-16 21:36:00,1605562560.0,117.88,117.88,117.87,117.87,4.16072
2020-11-16 21:37:00,1605562620.0,117.77,117.77,117.66,117.68,25.16476
2020-11-16 21:38:00,1605562680.0,117.73,117.73,117.73,117.73,2.791
2020-11-16 21:39:00,1605562740.0,117.64,117.67,117.64,117.67,1.23678
2020-11-16 21:40:00,1605562800.0,117.64,117.64,117.64,117.64,0.51622
2020-11-16 21:41:00,1605562860.0,117.69,117.69,117.59,117.62,18.25132
2020-11-16 21:42:00,1605562920.0,117.65,117.67,117.62,117.67,31.67152
2020-11-16 21:43:00,1605562980.0,117.67,117.67,117.66,117.66,34.75787
2020-11-16 21:44:00,1605563040.0,117.67,117.81,117.67,117.81,15.80523
2020-11-16 21:45:00,1605563100.0,117.85,117.86,117.81,117.81,29.2011
2020-11-16 21:46:00,1605563160.0,117.81,117.81,117.75,117.79,13.07756
2020-11-16 21:47:00,1605563220.0,117.79,117.8,117.33,117.57,483.36665
2020-11-16 21:48:00,1605563280.0,117.57,117.63,117.26,117.52,568.87386
2020-11-16 21:49:00,1605563340.0,117.51,117.51,117.06,117.08,160.2115
2020-11-16 21:50:00,1605563400.0,117.11,117.38,117.0,117.38,390.16944
2020-11-16 21:51:00,1605563460.0,117.37,117.38,117.09,117.26,129.73003
2020-11-16 21:52:00,1605563520.0,117.24,117.39,117.17,117.34,53.17715
2020-11-16 21:53:00,1605563580.0,117.34,117.38,117.25,117.29,18.49947
2020-11-16 21:54:00,1605563640.0,117.34,117.35,117.24,117.24,15.96558
2020-11-16 21:55:00,1605563700.0,117.27,117.47,117.27,117.38,111.86584
2020-11-16 21:56:00,1605563760.0,117.37,117.37,117.14,117.15,65.38702
2020-11-16 21:57:00,1605563820.0,117.24,117.24,117.21,117.21,3.17426
2020-11-16 21:58:00,1605563880.0,117.29,117.39,117.26,117.39,36.75882
2020-11-16 21:59:00,1605563940.0,117.34,117.35,117.28,117.28,9.21281
2020-11-16 22:00:00,1605564000.0,117.25,117.48,117.25,117.48,63.00912
2020-11-16 22:01:00,1605564060.0,117.46,117.53,117.31,117.46,115.26343
2020-11-16 22:02:00,1605564120.0,117.44,117.45,117.42,117.42,5.08577
2020-11-16 22:03:00,1605564180.0,117.43,117.47,117.4,117.47,2.66866
2020-11-16 22:04:00,1605564240.0,117.44,117.44,117.33,117.36,55.63391
2020-11-16 22:05:00,1605564300.0,117.42,117.49,117.42,117.49,6.79015
2020-11-16 22:06:00,1605564360.0,117.48,117.62,117.48,117.51,24.92852
2020-11-16 22:07:00,1605564420.0,117.55,117.55,117.4,117.4,33.00956
2020-11-16 22:08:00,1605564480.0,117.47,117.66,117.47,117.61,110.70524
2020-11-16 22:09:00,1605564540.0,117.63,117.63,117.6,117.63,6.28266
2020-11-16 22:10:00,1605564600.0,117.56,117.56,117.44,117.44,3.76755
2020-11-16 22:11:00,1605564660.0,117.43,117.58,117.4,117.58,36.12661
2020-11-16 22:12:00,1605564720.0,117.59,117.59,117.58,117.58,1.14801
2020-11-16 22:13:00,1605564780.0,117.55,117.57,117.5,117.57,53.40837
2020-11-16 22:14:00,1605564840.0,117.6,117.68,117.6,117.68,51.87049
2020-11-16 22:15:00,1605564900.0,117.67,117.72,117.67,117.72,3.61512
2020-11-16 22:16:00,1605564960.0,117.7,117.73,117.65,117.7,31.36108
2020-11-16 22:17:00,1605565020.0,117.66,117.85,117.64,117.81,50.15074
2020-11-16 22:18:00,1605565080.0,117.81,117.87,117.79,117.86,10.09871
2020-11-16 22:19:00,1605565140.0,117.8,117.8,117.76,117.76,3.79175
2020-11-16 22:20:00,1605565200.0,117.75,117.8,117.75,117.8,19.61542
2020-11-16 22:21:00,1605565260.0,117.83,117.93,117.8,117.93,15.83667
2020-11-16 22:22:00,1605565320.0,117.94,117.98,117.92,117.98,19.30262
2020-11-16 22:23:00,1605565380.0,117.97,118.07,117.97,118.0,63.36416
2020-11-16 22:24:00,1605565440.0,118.01,118.01,117.95,117.96,6.99973
2020-11-16 22:25:00,1605565500.0,118.0,118.0,117.9,117.9,27.84598
2020-11-16 22:26:00,1605565560.0,117.9,117.9,117.9,117.9,0.0
2020-11-16 22:27:00,1605565620.0,117.86,117.86,117.82,117.86,10.60473
2020-11-16 22:28:00,1605565680.0,117.81,117.86,117.77,117.77,50.65158
2020-11-16 22:29:00,1605565740.0,117.72,117.81,117.71,117.81,23.84994
2020-11-16 22:30:00,1605565800.0,117.81,117.84,117.81,117.84,8.955
2020-11-16 22:31:00,1605565860.0,117.84,117.84,117.8,117.83,14.49157
2020-11-16 22:32:00,1605565920.0,117.85,117.88,117.85,117.88,2.921
2020-11-16 22:33:00,1605565980.0,117.88,117.88,117.88,117.88,0.0
2020-11-16 22:34:00,1605566040.0,117.89,117.89,117.84,117.84,4.445
2020-11-16 22:35:00,1605566100.0,117.89,117.97,117.89,117.97,9.53417
2020-11-16 22:36:00,1605566160.0,118.01,118.01,118.0,118.0,1.1574
2020-11-16 22:37:00,1605566220.0,118.04,118.13,118.04,118.04,49.63719
2020-11-16 22:38:00,1605566280.0,118.04,118.08,118.04,118.04,5.07516
2020-11-16 22:39:00,1605566340.0,118.08,118.16,118.08,118.16,22.31743
2020-11-16 22:40:00,1605566400.0,118.17,118.22,118.15,118.2,7.85181
2020-11-16 22:41:00,1605566460.0,118.14,118.24,118.14,118.23,23.72943
2020-11-16 22:42:00,1605566520.0,118.24,118.24,118.24,118.24,0.98845
2020-11-16 22:43:00,1605566580.0,118.26,118.33,118.26,118.32,19.56383
2020-11-16 22:44:00,1605566640.0,118.34,118.37,118.34,118.36,13.74017
2020-11-16 22:45:00,1605566700.0,118.37,118.71,118.2,118.66,948.3063
2020-11-16 22:46:00,1605566760.0,118.65,119.0,118.65,118.66,359.95446
2020-11-16 22:47:00,1605566820.0,118.66,118.7,118.66,118.66,13.86921
2020-11-16 22:48:00,1605566880.0,118.67,118.67,118.67,118.67,3.39
2020-11-16 22:49:00,1605566940.0,118.64,118.64,118.57,118.61,31.72796
2020-11-16 22:50:00,1605567000.0,118.69,118.69,118.52,118.59,199.61878
2020-11-16 22:51:00,1605567060.0,118.59,118.59,118.23,118.25,397.85061
2020-11-16 22:52:00,1605567120.0,118.26,118.26,118.17,118.18,60.27354
2020-11-16 22:53:00,1605567180.0,118.21,118.21,118.15,118.15,4.83412
2020-11-16 22:54:00,1605567240.0,118.16,118.25,118.15,118.19,83.08429
2020-11-16 22:55:00,1605567300.0,118.22,118.22,118.04,118.04,42.89071
2020-11-16 22:56:00,1605567360.0,118.08,118.16,118.08,118.16,26.90191
2020-11-16 22:57:00,1605567420.0,118.14,118.14,118.12,118.12,0.43436
2020-11-16 22:58:00,1605567480.0,118.14,118.18,118.14,118.18,27.04711
2020-11-16 22:59:00,1605567540.0,118.27,118.33,118.23,118.23,24.82972
2020-11-16 23:00:00,1605567600.0,118.26,118.42,118.26,118.42,45.47997
2020-11-16 23:01:00,1605567660.0,118.44,118.52,118.44,118.52,8.01459
2020-11-16 23:02:00,1605567720.0,118.53,118.54,118.5,118.5,5.4573
2020-11-16 23:03:00,1605567780.0,118.48,118.48,118.48,118.48,0.36793
2020-11-16 23:04:00,1605567840.0,118.48,118.49,118.36,118.38,44.96022
2020-11-16 23:05:00,1605567900.0,118.37,118.4,118.34,118.36,17.02576
2020-11-16 23:06:00,1605567960.0,118.29,118.38,118.29,118.38,13.21907
2020-11-16 23:07:00,1605568020.0,118.38,118.39,118.38,118.39,0.76824
2020-11-16 23:08:00,1605568080.0,118.44,118.46,118.4,118.4,1.84403
2020-11-16 23:09:00,1605568140.0,118.41,118.41,118.29,118.29,24.09419
2020-11-16 23:10:00,1605568200.0,118.33,118.33,118.27,118.27,3.0569
2020-11-16 23:11:00,1605568260.0,118.27,118.5,118.27,118.49,33.19447
2020-11-16 23:12:00,1605568320.0,118.5,118.57,118.5,118.57,1.76082
2020-11-16 23:13:00,1605568380.0,118.55,118.64,118.55,118.64,16.55322
2020-11-16 23:14:00,1605568440.0,118.62,118.69,118.59,118.62,7.20707
2020-11-16 23:15:00,1605568500.0,118.72,118.76,118.72,118.76,14.30423
2020-11-16 23:16:00,1605568560.0,118.78,118.79,118.62,118.71,37.53358
2020-11-16 23:17:00,1605568620.0,118.71,118.77,118.66,118.75,28.62871
2020-11-16 23:18:00,1605568680.0,118.67,118.67,118.59,118.64,71.55652
2020-11-16 23:19:00,1605568740.0,118.64,118.64,118.63,118.63,6.26491
2020-11-16 23:20:00,1605568800.0,118.57,118.57,118.37,118.4,336.93538
2020-11-16 23:21:00,1605568860.0,118.4,118.4,118.34,118.34,39.27947
2020-11-16 23:22:00,1605568920.0,118.3,118.34,118.24,118.29,11.95759
2020-11-16 23:23:00,1605568980.0,118.26,118.32,118.26,118.32,3.21
2020-11-16 23:24:00,1605569040.0,118.34,118.34,118.3,118.3,4.88
2020-11-16 23:25:00,1605569100.0,118.33,118.35,118.32,118.35,1.71554
2020-11-16 23:26:00,1605569160.0,118.29,118.29,118.27,118.29,9.38532
2020-11-16 23:27:00,1605569220.0,118.23,118.4,118.23,118.4,51.75599
2020-11-16 23:28:00,1605569280.0,118.34,118.38,118.34,118.38,7.27868
2020-11-16 23:29:00,1605569340.0,118.4,118.45,118.38,118.43,111.14516
2020-11-16 23:30:00,1605569400.0,118.49,118.57,118.46,118.57,31.20515
2020-11-16 23:31:00,1605569460.0,118.57,118.59,118.48,118.54,53.06932
2020-11-16 23:32:00,1605569520.0,118.53,118.6,118.53,118.6,33.52269
2020-11-16 23:33:00,1605569580.0,118.58,118.58,118.46,118.48,49.37217
2020-11-16 23:34:00,1605569640.0,118.48,118.48,118.48,118.48,0.0
2020-11-16 23:35:00,1605569700.0,118.51,118.53,118.51,118.53,4.75715
2020-11-16 23:36:00,1605569760.0,118.52,118.52,118.52,118.52,1.55735
2020-11-16 23:37:00,1605569820.0,118.48,118.48,118.48,118.48,0.8599
2020-11-16 23:38:00,1605569880.0,118.44,118.47,118.44,118.46,3.25124
2020-11-16 23:39:00,1605569940.0,118.48,118.48,118.45,118.48,20.26882
2020-11-16 23:40:00,1605570000.0,118.43,118.43,118.43,118.43,2.0
2020-11-16 23:41:00,1605570060.0,118.41,118.48,118.37,118.46,127.5639
2020-11-16 23:42:00,1605570120.0,118.42,118.58,118.42,118.55,107.12884
2020-11-16 23:43:00,1605570180.0,118.54,118.61,118.52,118.52,56.1128
2020-11-16 23:44:00,1605570240.0,118.47,118.52,118.42,118.42,34.12028
2020-11-16 23:45:00,1605570300.0,118.41,118.41,118.22,118.24,57.9857
2020-11-16 23:46:00,1605570360.0,118.23,118.29,118.18,118.29,31.06609
2020-11-16 23:47:00,1605570420.0,118.28,118.38,118.28,118.38,7.05492
2020-11-16 23:48:00,1605570480.0,118.41,118.41,118.27,118.27,13.06207
2020-11-16 23:49:00,1605570540.0,118.28,118.32,118.24,118.29,28.95377
2020-11-16 23:50:00,1605570600.0,118.25,118.25,118.25,118.25,1.0
2020-11-16 23:51:00,1605570660.0,118.33,118.33,118.23,118.23,2.22763
2020-11-16 23:52:00,1605570720.0,118.28,118.48,118.28,118.44,153.95284
2020-11-16 23:53:00,1605570780.0,118.44,118.49,118.44,118.49,8.30168
2020-11-16 23:54:00,1605570840.0,118.54,118.57,118.54,118.57,8.77
2020-11-16 23:55:00,1605570900.0,118.58,118.6,118.5,118.5,46.64587
2020-11-16 23:56:00,1605570960.0,118.5,118.5,118.5,118.5,0.0
2020-11-16 23:57:00,1605571020.0,118.5,118.5,118.5,118.5,0.0
2020-11-16 23:58:00,1605571080.0,118.51,118.53,118.49,118.53,3.86
2020-11-16 23:59:00,1605571140.0,118.52,118.64,118.49,118.52,73.62294
