Universal Time,Unix Time,Open,High,Low,Close,Volume
2023-01-24 00:00:00,1674518400.0,0.08851,0.08854,0.08845,0.08851,494356.0
2023-01-24 00:01:00,1674518460.0,0.08849,0.0885,0.08835,0.08838,632981.0
2023-01-24 00:02:00,1674518520.0,0.08838,0.08851,0.08824,0.08851,834099.0
2023-01-24 00:03:00,1674518580.0,0.0885,0.08874,0.0885,0.08873,484274.0
2023-01-24 00:04:00,1674518640.0,0.08873,0.08878,0.08861,0.08865,1279820.0
2023-01-24 00:05:00,1674518700.0,0.08864,0.08864,0.08842,0.08847,576028.0
2023-01-24 00:06:00,1674518760.0,0.08845,0.08847,0.0882,0.08822,521892.0
2023-01-24 00:07:00,1674518820.0,0.08823,0.08841,0.08791,0.08841,4980642.0
2023-01-24 00:08:00,1674518880.0,0.08841,0.08849,0.08827,0.08827,1351118.0
2023-01-24 00:09:00,1674518940.0,0.08827,0.08839,0.08826,0.08828,597820.0
2023-01-24 00:10:00,1674519000.0,0.08828,0.08845,0.08821,0.08823,2681358.0
2023-01-24 00:11:00,1674519060.0,0.08823,0.08823,0.08799,0.08811,2003772.0
2023-01-24 00:12:00,1674519120.0,0.08811,0.08828,0.08811,0.08823,562250.0
2023-01-24 00:13:00,1674519180.0,0.08825,0.08828,0.08817,0.08823,533980.0
2023-01-24 00:14:00,1674519240.0,0.08823,0.08833,0.08819,0.08827,410447.0
2023-01-24 00:15:00,1674519300.0,0.08827,0.08833,0.08816,0.0882,836280.0
2023-01-24 00:16:00,1674519360.0,0.08822,0.08822,0.08809,0.0881,530281.0
2023-01-24 00:17:00,1674519420.0,0.08813,0.08823,0.0881,0.08823,400716.0
2023-01-24 00:18:00,1674519480.0,0.08823,0.08837,0.08823,0.08835,126838.0
2023-01-24 00:19:00,1674519540.0,0.08837,0.08843,0.08836,0.08839,201281.0
2023-01-24 00:20:00,1674519600.0,0.0884,0.0885,0.0884,0.0885,786670.0
2023-01-24 00:21:00,1674519660.0,0.08848,0.08855,0.08848,0.08852,241954.0
2023-01-24 00:22:00,1674519720.0,0.08852,0.08853,0.08842,0.08847,376593.0
2023-01-24 00:23:00,1674519780.0,0.08846,0.08857,0.08845,0.08856,251793.0
2023-01-24 00:24:00,1674519840.0,0.08857,0.08864,0.08857,0.0886,302143.0
2023-01-24 00:25:00,1674519900.0,0.08859,0.08867,0.08859,0.08867,176075.0
2023-01-24 00:26:00,1674519960.0,0.08867,0.08875,0.08866,0.08874,277097.0
2023-01-24 00:27:00,1674520020.0,0.08874,0.08932,0.08873,0.08929,9342842.0
2023-01-24 00:28:00,1674520080.0,0.08929,0.08943,0.08919,0.08924,2052123.0
2023-01-24 00:29:00,1674520140.0,0.08922,0.08925,0.08912,0.08915,840864.0
2023-01-24 00:30:00,1674520200.0,0.08917,0.08917,0.08899,0.08899,317770.0
2023-01-24 00:31:00,1674520260.0,0.08899,0.08906,0.08892,0.08904,588742.0
2023-01-24 00:32:00,1674520320.0,0.08904,0.08911,0.089,0.089,129096.0
2023-01-24 00:33:00,1674520380.0,0.089,0.08923,0.089,0.08921,1441017.0
2023-01-24 00:34:00,1674520440.0,0.08919,0.08943,0.08919,0.08935,3153619.0
2023-01-24 00:35:00,1674520500.0,0.08935,0.08935,0.08901,0.08904,1115021.0
2023-01-24 00:36:00,1674520560.0,0.08904,0.08908,0.08896,0.08906,550359.0
2023-01-24 00:37:00,1674520620.0,0.08904,0.08904,0.08895,0.08897,532796.0
2023-01-24 00:38:00,1674520680.0,0.08896,0.08926,0.08891,0.08919,1038255.0
2023-01-24 00:39:00,1674520740.0,0.08921,0.08944,0.0892,0.08929,498949.0
2023-01-24 00:40:00,1674520800.0,0.08929,0.08933,0.08923,0.08927,1630232.0
2023-01-24 00:41:00,1674520860.0,0.08926,0.08926,0.08913,0.08913,263518.0
2023-01-24 00:42:00,1674520920.0,0.08912,0.08913,0.08905,0.08906,192971.0
2023-01-24 00:43:00,1674520980.0,0.08907,0.08908,0.0889,0.08892,1505818.0
2023-01-24 00:44:00,1674521040.0,0.08892,0.08893,0.08874,0.08882,2103260.0
2023-01-24 00:45:00,1674521100.0,0.0888,0.08889,0.08873,0.08889,401985.0
2023-01-24 00:46:00,1674521160.0,0.0889,0.08892,0.08876,0.08879,434909.0
2023-01-24 00:47:00,1674521220.0,0.08879,0.08879,0.08862,0.08873,694849.0
2023-01-24 00:48:00,1674521280.0,0.08873,0.08873,0.08864,0.08864,740434.0
2023-01-24 00:49:00,1674521340.0,0.08864,0.08864,0.08846,0.08851,813450.0
2023-01-24 00:50:00,1674521400.0,0.08851,0.08865,0.08846,0.08864,1525472.0
2023-01-24 00:51:00,1674521460.0,0.08864,0.08864,0.08841,0.08842,970646.0
2023-01-24 00:52:00,1674521520.0,0.08843,0.08846,0.08825,0.08846,1468881.0
2023-01-24 00:53:00,1674521580.0,0.08846,0.08852,0.08831,0.08851,269861.0
2023-01-24 00:54:00,1674521640.0,0.08851,0.08868,0.08851,0.08868,308835.0
2023-01-24 00:55:00,1674521700.0,0.08868,0.08876,0.08864,0.0887,495773.0
2023-01-24 00:56:00,1674521760.0,0.08873,0.08884,0.08872,0.08882,596847.0
2023-01-24 00:57:00,1674521820.0,0.08883,0.08916,0.08881,0.08911,1886487.0
2023-01-24 00:58:00,1674521880.0,0.08911,0.08911,0.089,0.08907,617260.0
2023-01-24 00:59:00,1674521940.0,0.08906,0.08922,0.08894,0.08898,2052892.0
2023-01-24 01:00:00,1674522000.0,0.08895,0.08901,0.08887,0.0889,566645.0
2023-01-24 01:01:00,1674522060.0,0.08892,0.08907,0.0889,0.08907,171437.0
2023-01-24 01:02:00,1674522120.0,0.08908,0.0892,0.08907,0.08911,717831.0
2023-01-24 01:03:00,1674522180.0,0.08909,0.08918,0.08906,0.08907,485815.0
2023-01-24 01:04:00,1674522240.0,0.08908,0.08914,0.08906,0.08908,198288.0
2023-01-24 01:05:00,1674522300.0,0.08909,0.0892,0.08909,0.08909,649795.0
2023-01-24 01:06:00,1674522360.0,0.08908,0.08909,0.08893,0.08894,364086.0
2023-01-24 01:07:00,1674522420.0,0.08895,0.08907,0.08895,0.08907,464433.0
2023-01-24 01:08:00,1674522480.0,0.0891,0.08922,0.08906,0.08916,2358460.0
2023-01-24 01:09:00,1674522540.0,0.08915,0.08916,0.08909,0.08909,1095714.0
2023-01-24 01:10:00,1674522600.0,0.08909,0.08918,0.08909,0.08918,396689.0
2023-01-24 01:11:00,1674522660.0,0.08919,0.08919,0.08902,0.08902,647952.0
2023-01-24 01:12:00,1674522720.0,0.08906,0.08912,0.08904,0.08909,961656.0
2023-01-24 01:13:00,1674522780.0,0.0891,0.0891,0.08899,0.089,549479.0
2023-01-24 01:14:00,1674522840.0,0.08903,0.08903,0.08893,0.08897,175233.0
2023-01-24 01:15:00,1674522900.0,0.08898,0.089,0.08896,0.089,77595.0
2023-01-24 01:16:00,1674522960.0,0.089,0.08909,0.089,0.08907,87623.0
2023-01-24 01:17:00,1674523020.0,0.08906,0.08906,0.08904,0.08906,55074.0
2023-01-24 01:18:00,1674523080.0,0.08906,0.08909,0.08893,0.08894,789260.0
2023-01-24 01:19:00,1674523140.0,0.08894,0.08894,0.08886,0.08887,308409.0
2023-01-24 01:20:00,1674523200.0,0.08886,0.08893,0.08885,0.08891,271321.0
2023-01-24 01:21:00,1674523260.0,0.08892,0.08895,0.0889,0.08893,118963.0
2023-01-24 01:22:00,1674523320.0,0.08893,0.08897,0.08888,0.08897,169283.0
2023-01-24 01:23:00,1674523380.0,0.08897,0.08898,0.0889,0.0889,270231.0
2023-01-24 01:24:00,1674523440.0,0.08889,0.0889,0.08885,0.08888,239218.0
2023-01-24 01:25:00,1674523500.0,0.08886,0.08889,0.08885,0.08889,156289.0
2023-01-24 01:26:00,1674523560.0,0.08888,0.08888,0.08886,0.08886,27033.0
2023-01-24 01:27:00,1674523620.0,0.08886,0.08888,0.08885,0.08885,140253.0
2023-01-24 01:28:00,1674523680.0,0.08884,0.08884,0.08877,0.08878,360956.0
2023-01-24 01:29:00,1674523740.0,0.08879,0.08879,0.08862,0.0887,749176.0
2023-01-24 01:30:00,1674523800.0,0.08871,0.0888,0.08871,0.08877,382531.0
2023-01-24 01:31:00,1674523860.0,0.08877,0.08877,0.08869,0.08871,421836.0
2023-01-24 01:32:00,1674523920.0,0.08871,0.08874,0.08866,0.08866,134332.0
2023-01-24 01:33:00,1674523980.0,0.08867,0.08876,0.08864,0.08876,306746.0
2023-01-24 01:34:00,1674524040.0,0.08876,0.08886,0.08875,0.08886,253111.0
2023-01-24 01:35:00,1674524100.0,0.08887,0.08895,0.08887,0.08893,396623.0
2023-01-24 01:36:00,1674524160.0,0.08893,0.08904,0.08893,0.08896,160524.0
2023-01-24 01:37:00,1674524220.0,0.08896,0.0891,0.08896,0.08903,1066684.0
2023-01-24 01:38:00,1674524280.0,0.08903,0.08907,0.08902,0.08903,663630.0
2023-01-24 01:39:00,1674524340.0,0.08906,0.08911,0.08906,0.08906,170554.0
2023-01-24 01:40:00,1674524400.0,0.08909,0.08916,0.08909,0.08911,218709.0
2023-01-24 01:41:00,1674524460.0,0.0891,0.08914,0.08904,0.08904,77624.0
2023-01-24 01:42:00,1674524520.0,0.08905,0.08913,0.08905,0.08906,331185.0
2023-01-24 01:43:00,1674524580.0,0.08905,0.08905,0.08894,0.08901,171561.0
2023-01-24 01:44:00,1674524640.0,0.08901,0.08904,0.08899,0.08902,997259.0
2023-01-24 01:45:00,1674524700.0,0.08903,0.0892,0.08903,0.08919,348907.0
2023-01-24 01:46:00,1674524760.0,0.08919,0.08919,0.08913,0.08917,137301.0
2023-01-24 01:47:00,1674524820.0,0.08916,0.08925,0.08916,0.08923,280339.0
2023-01-24 01:48:00,1674524880.0,0.08921,0.08923,0.089,0.08915,7049390.0
2023-01-24 01:49:00,1674524940.0,0.08914,0.08928,0.08914,0.08927,1745319.0
2023-01-24 01:50:00,1674525000.0,0.08926,0.08936,0.08926,0.08928,480885.0
2023-01-24 01:51:00,1674525060.0,0.08932,0.08935,0.08922,0.08935,3151270.0
2023-01-24 01:52:00,1674525120.0,0.08935,0.08945,0.08934,0.08944,1909952.0
2023-01-24 01:53:00,1674525180.0,0.08944,0.08975,0.08944,0.0896,7080489.0
2023-01-24 01:54:00,1674525240.0,0.08965,0.0897,0.08944,0.08948,615472.0
2023-01-24 01:55:00,1674525300.0,0.08949,0.08949,0.08935,0.08942,2652811.0
2023-01-24 01:56:00,1674525360.0,0.08943,0.08946,0.08936,0.08941,389268.0
2023-01-24 01:57:00,1674525420.0,0.08941,0.08941,0.08929,0.08938,206468.0
2023-01-24 01:58:00,1674525480.0,0.08938,0.08957,0.08934,0.0895,1410720.0
2023-01-24 01:59:00,1674525540.0,0.08953,0.08956,0.08948,0.08952,678697.0
2023-01-24 02:00:00,1674525600.0,0.08953,0.08954,0.0894,0.08948,638312.0
2023-01-24 02:01:00,1674525660.0,0.08948,0.08962,0.08943,0.08962,648776.0
2023-01-24 02:02:00,1674525720.0,0.08962,0.08973,0.08954,0.08971,850203.0
2023-01-24 02:03:00,1674525780.0,0.08971,0.08993,0.08971,0.08988,1375313.0
2023-01-24 02:04:00,1674525840.0,0.08988,0.08989,0.08972,0.08975,1642646.0
2023-01-24 02:05:00,1674525900.0,0.08976,0.08986,0.08971,0.08982,1006920.0
2023-01-24 02:06:00,1674525960.0,0.08981,0.08984,0.0896,0.0896,637984.0
2023-01-24 02:07:00,1674526020.0,0.0896,0.0896,0.08943,0.08946,1183954.0
2023-01-24 02:08:00,1674526080.0,0.08946,0.08957,0.08943,0.08957,681439.0
2023-01-24 02:09:00,1674526140.0,0.08957,0.08957,0.08947,0.0895,562667.0
2023-01-24 02:10:00,1674526200.0,0.08951,0.08952,0.08948,0.08952,371186.0
2023-01-24 02:11:00,1674526260.0,0.08954,0.08956,0.08948,0.0895,1514614.0
2023-01-24 02:12:00,1674526320.0,0.08951,0.08954,0.08947,0.08947,444450.0
2023-01-24 02:13:00,1674526380.0,0.08947,0.08958,0.08937,0.08958,591085.0
2023-01-24 02:14:00,1674526440.0,0.08957,0.08962,0.08956,0.08958,484276.0
2023-01-24 02:15:00,1674526500.0,0.08959,0.08972,0.08956,0.08972,833705.0
2023-01-24 02:16:00,1674526560.0,0.08973,0.08986,0.08973,0.08974,1030980.0
2023-01-24 02:17:00,1674526620.0,0.08977,0.08983,0.08971,0.08976,305399.0
2023-01-24 02:18:00,1674526680.0,0.08975,0.08987,0.08973,0.08979,600990.0
2023-01-24 02:19:00,1674526740.0,0.08979,0.08988,0.08976,0.08988,213976.0
2023-01-24 02:20:00,1674526800.0,0.08988,0.0899,0.08979,0.08979,956018.0
2023-01-24 02:21:00,1674526860.0,0.08978,0.0899,0.08977,0.08988,359511.0
2023-01-24 02:22:00,1674526920.0,0.08989,0.08991,0.08983,0.08986,439719.0
2023-01-24 02:23:00,1674526980.0,0.08986,0.08999,0.08984,0.0899,2830671.0
2023-01-24 02:24:00,1674527040.0,0.0899,0.09,0.08988,0.08999,1314462.0
2023-01-24 02:25:00,1674527100.0,0.09,0.09006,0.08982,0.08982,2435885.0
2023-01-24 02:26:00,1674527160.0,0.08983,0.08998,0.08977,0.08995,633337.0
2023-01-24 02:27:00,1674527220.0,0.08992,0.09017,0.08989,0.0901,2426345.0
2023-01-24 02:28:00,1674527280.0,0.0901,0.09014,0.08995,0.08997,497857.0
2023-01-24 02:29:00,1674527340.0,0.08997,0.09003,0.08993,0.09002,347641.0
2023-01-24 02:30:00,1674527400.0,0.09002,0.09012,0.09002,0.09005,1163311.0
2023-01-24 02:31:00,1674527460.0,0.09005,0.09005,0.08982,0.08982,503154.0
2023-01-24 02:32:00,1674527520.0,0.08982,0.08982,0.0897,0.08978,661341.0
2023-01-24 02:33:00,1674527580.0,0.08978,0.0899,0.08976,0.08982,793425.0
2023-01-24 02:34:00,1674527640.0,0.08983,0.09024,0.08978,0.09016,2674335.0
2023-01-24 02:35:00,1674527700.0,0.09015,0.09046,0.09011,0.09024,1832667.0
2023-01-24 02:36:00,1674527760.0,0.09028,0.09028,0.09,0.09003,1480312.0
2023-01-24 02:37:00,1674527820.0,0.09005,0.09017,0.09002,0.09006,229105.0
2023-01-24 02:38:00,1674527880.0,0.09006,0.09006,0.08986,0.08986,912385.0
2023-01-24 02:39:00,1674527940.0,0.08987,0.08998,0.08973,0.08997,742112.0
2023-01-24 02:40:00,1674528000.0,0.08997,0.09001,0.08992,0.08999,545145.0
2023-01-24 02:41:00,1674528060.0,0.08998,0.09003,0.08992,0.08992,228902.0
2023-01-24 02:42:00,1674528120.0,0.08992,0.08995,0.08978,0.08979,484108.0
2023-01-24 02:43:00,1674528180.0,0.08979,0.08981,0.08973,0.08981,983718.0
2023-01-24 02:44:00,1674528240.0,0.08981,0.08981,0.08969,0.08973,462534.0
2023-01-24 02:45:00,1674528300.0,0.08973,0.08988,0.08973,0.08983,449793.0
2023-01-24 02:46:00,1674528360.0,0.08984,0.08986,0.08972,0.08977,412999.0
2023-01-24 02:47:00,1674528420.0,0.08975,0.08977,0.08966,0.08968,1187379.0
2023-01-24 02:48:00,1674528480.0,0.08968,0.08985,0.08968,0.08983,1324287.0
2023-01-24 02:49:00,1674528540.0,0.08984,0.08984,0.08979,0.08983,153079.0
2023-01-24 02:50:00,1674528600.0,0.08982,0.08985,0.08978,0.08985,343490.0
2023-01-24 02:51:00,1674528660.0,0.08985,0.08991,0.08985,0.08986,219448.0
2023-01-24 02:52:00,1674528720.0,0.08986,0.08997,0.08986,0.08996,163105.0
2023-01-24 02:53:00,1674528780.0,0.08995,0.08995,0.08983,0.08985,353143.0
2023-01-24 02:54:00,1674528840.0,0.08986,0.0899,0.08982,0.08983,91482.0
2023-01-24 02:55:00,1674528900.0,0.08986,0.0899,0.08984,0.0899,556132.0
2023-01-24 02:56:00,1674528960.0,0.0899,0.08999,0.0899,0.08995,133992.0
2023-01-24 02:57:00,1674529020.0,0.08997,0.09,0.08992,0.08992,290691.0
2023-01-24 02:58:00,1674529080.0,0.08991,0.08996,0.08991,0.08993,441311.0
2023-01-24 02:59:00,1674529140.0,0.08996,0.08996,0.08992,0.08992,249689.0
2023-01-24 03:00:00,1674529200.0,0.0899,0.08994,0.08988,0.08988,254726.0
2023-01-24 03:01:00,1674529260.0,0.08988,0.09002,0.08988,0.08996,390777.0
2023-01-24 03:02:00,1674529320.0,0.08997,0.09004,0.08996,0.08997,420410.0
2023-01-24 03:03:00,1674529380.0,0.08996,0.09008,0.08994,0.09006,459641.0
2023-01-24 03:04:00,1674529440.0,0.09005,0.0901,0.09,0.09002,1652201.0
2023-01-24 03:05:00,1674529500.0,0.09001,0.09001,0.08985,0.08988,630341.0
2023-01-24 03:06:00,1674529560.0,0.08987,0.08998,0.08987,0.08998,355823.0
2023-01-24 03:07:00,1674529620.0,0.08997,0.08998,0.0899,0.0899,131429.0
2023-01-24 03:08:00,1674529680.0,0.08991,0.08993,0.08988,0.08988,264716.0
2023-01-24 03:09:00,1674529740.0,0.08987,0.08992,0.08986,0.08989,287579.0
2023-01-24 03:10:00,1674529800.0,0.08989,0.0899,0.08982,0.08983,196356.0
2023-01-24 03:11:00,1674529860.0,0.08983,0.08985,0.08978,0.08982,629390.0
2023-01-24 03:12:00,1674529920.0,0.08982,0.08982,0.08978,0.08979,51134.0
2023-01-24 03:13:00,1674529980.0,0.08978,0.08983,0.08975,0.08978,374495.0
2023-01-24 03:14:00,1674530040.0,0.0898,0.08981,0.08976,0.08976,3523886.0
2023-01-24 03:15:00,1674530100.0,0.08976,0.08985,0.08976,0.08985,1352354.0
2023-01-24 03:16:00,1674530160.0,0.08987,0.08992,0.08986,0.08992,134348.0
2023-01-24 03:17:00,1674530220.0,0.08991,0.08997,0.08987,0.08995,338815.0
2023-01-24 03:18:00,1674530280.0,0.08994,0.08996,0.08989,0.08989,228053.0
2023-01-24 03:19:00,1674530340.0,0.08988,0.08989,0.08981,0.08982,416827.0
2023-01-24 03:20:00,1674530400.0,0.08982,0.08983,0.08971,0.08971,768735.0
2023-01-24 03:21:00,1674530460.0,0.08971,0.08972,0.08955,0.08959,1132414.0
2023-01-24 03:22:00,1674530520.0,0.0896,0.0896,0.08951,0.0896,267387.0
2023-01-24 03:23:00,1674530580.0,0.0896,0.08971,0.0896,0.0897,320009.0
2023-01-24 03:24:00,1674530640.0,0.0897,0.08975,0.08967,0.08968,478110.0
2023-01-24 03:25:00,1674530700.0,0.08968,0.08981,0.08968,0.08977,654636.0
2023-01-24 03:26:00,1674530760.0,0.08977,0.08981,0.08974,0.08974,558843.0
2023-01-24 03:27:00,1674530820.0,0.08974,0.08979,0.08968,0.08979,607341.0
2023-01-24 03:28:00,1674530880.0,0.08979,0.08982,0.08977,0.08981,396488.0
2023-01-24 03:29:00,1674530940.0,0.08981,0.08984,0.08976,0.08981,591269.0
2023-01-24 03:30:00,1674531000.0,0.08983,0.08984,0.08974,0.08974,302651.0
2023-01-24 03:31:00,1674531060.0,0.08974,0.08977,0.08967,0.0897,381075.0
2023-01-24 03:32:00,1674531120.0,0.08971,0.08983,0.0897,0.0898,382934.0
2023-01-24 03:33:00,1674531180.0,0.0898,0.08985,0.0898,0.08985,245406.0
2023-01-24 03:34:00,1674531240.0,0.08985,0.08986,0.08977,0.08977,1198714.0
2023-01-24 03:35:00,1674531300.0,0.08976,0.08986,0.08973,0.08985,694407.0
2023-01-24 03:36:00,1674531360.0,0.08986,0.08993,0.08986,0.08988,794182.0
2023-01-24 03:37:00,1674531420.0,0.0899,0.0901,0.08989,0.09005,918450.0
2023-01-24 03:38:00,1674531480.0,0.09005,0.09006,0.08993,0.08994,481576.0
2023-01-24 03:39:00,1674531540.0,0.08994,0.09007,0.08994,0.09002,2206510.0
2023-01-24 03:40:00,1674531600.0,0.09001,0.09003,0.08996,0.08998,194796.0
2023-01-24 03:41:00,1674531660.0,0.08997,0.09002,0.08995,0.08996,618741.0
2023-01-24 03:42:00,1674531720.0,0.08998,0.09006,0.08989,0.08991,379719.0
2023-01-24 03:43:00,1674531780.0,0.08991,0.08995,0.08985,0.08992,243311.0
2023-01-24 03:44:00,1674531840.0,0.08991,0.08991,0.08983,0.08983,155905.0
2023-01-24 03:45:00,1674531900.0,0.08983,0.08983,0.08976,0.08981,309122.0
2023-01-24 03:46:00,1674531960.0,0.08983,0.08986,0.08982,0.08985,117152.0
2023-01-24 03:47:00,1674532020.0,0.08985,0.08986,0.08979,0.08983,426472.0
2023-01-24 03:48:00,1674532080.0,0.08983,0.08994,0.08983,0.08992,116266.0
2023-01-24 03:49:00,1674532140.0,0.08992,0.09004,0.08992,0.09,334304.0
2023-01-24 03:50:00,1674532200.0,0.09001,0.09008,0.09001,0.09008,579347.0
2023-01-24 03:51:00,1674532260.0,0.09008,0.09008,0.08997,0.09003,647412.0
2023-01-24 03:52:00,1674532320.0,0.09001,0.09003,0.08991,0.08999,1988399.0
2023-01-24 03:53:00,1674532380.0,0.09001,0.09012,0.08998,0.09,1748933.0
2023-01-24 03:54:00,1674532440.0,0.09001,0.09007,0.08999,0.09007,235642.0
2023-01-24 03:55:00,1674532500.0,0.09008,0.09013,0.09007,0.09011,133771.0
2023-01-24 03:56:00,1674532560.0,0.09013,0.0908,0.09013,0.09057,10876579.0
2023-01-24 03:57:00,1674532620.0,0.09057,0.0906,0.09047,0.09048,2776484.0
2023-01-24 03:58:00,1674532680.0,0.09047,0.09052,0.09032,0.09049,1226002.0
2023-01-24 03:59:00,1674532740.0,0.0905,0.09078,0.0905,0.09071,2826726.0
2023-01-24 04:00:00,1674532800.0,0.09071,0.09075,0.09062,0.09071,1319167.0
2023-01-24 04:01:00,1674532860.0,0.0907,0.0907,0.09053,0.09055,794494.0
2023-01-24 04:02:00,1674532920.0,0.09054,0.09056,0.09042,0.09042,594574.0
2023-01-24 04:03:00,1674532980.0,0.09041,0.09044,0.09025,0.09025,1739053.0
2023-01-24 04:04:00,1674533040.0,0.09025,0.09031,0.09019,0.09024,591556.0
2023-01-24 04:05:00,1674533100.0,0.09021,0.09022,0.09016,0.09016,104139.0
2023-01-24 04:06:00,1674533160.0,0.09016,0.09021,0.09005,0.09016,1248468.0
2023-01-24 04:07:00,1674533220.0,0.09016,0.0902,0.09011,0.09018,327672.0
2023-01-24 04:08:00,1674533280.0,0.09018,0.09025,0.09015,0.09024,456599.0
2023-01-24 04:09:00,1674533340.0,0.09024,0.09029,0.09019,0.09028,368417.0
2023-01-24 04:10:00,1674533400.0,0.09028,0.09028,0.09013,0.09013,469071.0
2023-01-24 04:11:00,1674533460.0,0.09012,0.09016,0.09003,0.0901,2428198.0
2023-01-24 04:12:00,1674533520.0,0.0901,0.09012,0.09008,0.09008,392510.0
2023-01-24 04:13:00,1674533580.0,0.09008,0.09008,0.0899,0.09004,1225385.0
2023-01-24 04:14:00,1674533640.0,0.09004,0.09012,0.09004,0.09007,456266.0
2023-01-24 04:15:00,1674533700.0,0.09006,0.09015,0.09005,0.09013,599163.0
2023-01-24 04:16:00,1674533760.0,0.09013,0.09013,0.09006,0.09007,262772.0
2023-01-24 04:17:00,1674533820.0,0.09007,0.09008,0.08996,0.08997,420447.0
2023-01-24 04:18:00,1674533880.0,0.08996,0.08996,0.08982,0.08996,1070857.0
2023-01-24 04:19:00,1674533940.0,0.08996,0.09,0.08996,0.08999,331077.0
2023-01-24 04:20:00,1674534000.0,0.08999,0.08999,0.08994,0.08995,199128.0
2023-01-24 04:21:00,1674534060.0,0.08996,0.09007,0.08992,0.09004,580733.0
2023-01-24 04:22:00,1674534120.0,0.09004,0.09019,0.08999,0.09017,1153834.0
2023-01-24 04:23:00,1674534180.0,0.09015,0.09025,0.09014,0.09022,405215.0
2023-01-24 04:24:00,1674534240.0,0.09022,0.09028,0.0902,0.09027,133464.0
2023-01-24 04:25:00,1674534300.0,0.09028,0.09034,0.09028,0.09028,482035.0
2023-01-24 04:26:00,1674534360.0,0.09027,0.09027,0.09016,0.09021,225784.0
2023-01-24 04:27:00,1674534420.0,0.0902,0.0902,0.09005,0.09007,328370.0
2023-01-24 04:28:00,1674534480.0,0.09006,0.09006,0.08997,0.09004,234494.0
2023-01-24 04:29:00,1674534540.0,0.09004,0.09013,0.09004,0.0901,195007.0
2023-01-24 04:30:00,1674534600.0,0.09011,0.09015,0.09011,0.09014,212903.0
2023-01-24 04:31:00,1674534660.0,0.09015,0.09015,0.09004,0.09004,254506.0
2023-01-24 04:32:00,1674534720.0,0.09003,0.09003,0.08992,0.08993,542428.0
2023-01-24 04:33:00,1674534780.0,0.08995,0.09006,0.08995,0.09001,306102.0
2023-01-24 04:34:00,1674534840.0,0.08999,0.08999,0.0899,0.08994,727821.0
2023-01-24 04:35:00,1674534900.0,0.08995,0.08995,0.0899,0.0899,175134.0
2023-01-24 04:36:00,1674534960.0,0.0899,0.08994,0.08988,0.08988,291153.0
2023-01-24 04:37:00,1674535020.0,0.08989,0.08999,0.08989,0.08992,452499.0
2023-01-24 04:38:00,1674535080.0,0.08993,0.08993,0.0899,0.08992,206429.0
2023-01-24 04:39:00,1674535140.0,0.08993,0.08994,0.08989,0.08994,91125.0
2023-01-24 04:40:00,1674535200.0,0.08992,0.08995,0.08992,0.08994,32908.0
2023-01-24 04:41:00,1674535260.0,0.08994,0.08995,0.08993,0.08993,22837.0
2023-01-24 04:42:00,1674535320.0,0.08993,0.08994,0.08988,0.08994,157601.0
2023-01-24 04:43:00,1674535380.0,0.08994,0.09,0.08994,0.08999,933460.0
2023-01-24 04:44:00,1674535440.0,0.09001,0.09001,0.08996,0.08998,181411.0
2023-01-24 04:45:00,1674535500.0,0.08997,0.09001,0.08997,0.09001,29392.0
2023-01-24 04:46:00,1674535560.0,0.09001,0.09001,0.08997,0.08997,112815.0
2023-01-24 04:47:00,1674535620.0,0.08998,0.08998,0.0899,0.0899,247153.0
2023-01-24 04:48:00,1674535680.0,0.0899,0.08995,0.08989,0.08995,372145.0
2023-01-24 04:49:00,1674535740.0,0.08995,0.08997,0.08992,0.08996,116877.0
2023-01-24 04:50:00,1674535800.0,0.08996,0.09001,0.08995,0.09,485313.0
2023-01-24 04:51:00,1674535860.0,0.09001,0.09001,0.0899,0.0899,330657.0
2023-01-24 04:52:00,1674535920.0,0.0899,0.08991,0.08989,0.0899,101664.0
2023-01-24 04:53:00,1674535980.0,0.0899,0.0899,0.08983,0.08984,472691.0
2023-01-24 04:54:00,1674536040.0,0.08983,0.08987,0.0898,0.0898,411903.0
2023-01-24 04:55:00,1674536100.0,0.0898,0.08981,0.0897,0.0898,924256.0
2023-01-24 04:56:00,1674536160.0,0.08981,0.08989,0.08977,0.08977,212722.0
2023-01-24 04:57:00,1674536220.0,0.08977,0.08977,0.08964,0.08965,551139.0
2023-01-24 04:58:00,1674536280.0,0.08967,0.08978,0.08967,0.08978,533762.0
2023-01-24 04:59:00,1674536340.0,0.08979,0.08982,0.08979,0.0898,326687.0
2023-01-24 05:00:00,1674536400.0,0.0898,0.08983,0.08977,0.08979,508342.0
2023-01-24 05:01:00,1674536460.0,0.08981,0.08983,0.08967,0.08967,394565.0
2023-01-24 05:02:00,1674536520.0,0.08968,0.08974,0.08964,0.08966,422302.0
2023-01-24 05:03:00,1674536580.0,0.08966,0.08971,0.0896,0.08963,695650.0
2023-01-24 05:04:00,1674536640.0,0.08963,0.0897,0.08963,0.08969,500924.0
2023-01-24 05:05:00,1674536700.0,0.08969,0.08972,0.08967,0.08967,410864.0
2023-01-24 05:06:00,1674536760.0,0.08968,0.08976,0.08968,0.08975,164191.0
2023-01-24 05:07:00,1674536820.0,0.08974,0.08976,0.08971,0.08972,341804.0
2023-01-24 05:08:00,1674536880.0,0.08971,0.08972,0.08962,0.08964,477647.0
2023-01-24 05:09:00,1674536940.0,0.08961,0.08971,0.08961,0.08971,768108.0
2023-01-24 05:10:00,1674537000.0,0.08972,0.08972,0.08965,0.08967,608794.0
2023-01-24 05:11:00,1674537060.0,0.08967,0.08967,0.08961,0.08962,204560.0
2023-01-24 05:12:00,1674537120.0,0.08962,0.08962,0.08952,0.08955,1611110.0
2023-01-24 05:13:00,1674537180.0,0.08955,0.08968,0.08955,0.08968,1201664.0
2023-01-24 05:14:00,1674537240.0,0.08969,0.0897,0.08965,0.08965,278886.0
2023-01-24 05:15:00,1674537300.0,0.08965,0.08965,0.08957,0.08962,255421.0
2023-01-24 05:16:00,1674537360.0,0.08962,0.08965,0.08955,0.08958,270432.0
2023-01-24 05:17:00,1674537420.0,0.08959,0.08968,0.08959,0.08968,242400.0
2023-01-24 05:18:00,1674537480.0,0.08968,0.08972,0.08968,0.08972,149913.0
2023-01-24 05:19:00,1674537540.0,0.08972,0.0898,0.08972,0.08973,2060819.0
2023-01-24 05:20:00,1674537600.0,0.08974,0.08979,0.08972,0.08972,1037080.0
2023-01-24 05:21:00,1674537660.0,0.08973,0.08977,0.08968,0.08968,435714.0
2023-01-24 05:22:00,1674537720.0,0.08968,0.08971,0.08968,0.08971,270440.0
2023-01-24 05:23:00,1674537780.0,0.0897,0.08971,0.08963,0.08964,158828.0
2023-01-24 05:24:00,1674537840.0,0.08964,0.08964,0.08956,0.08957,346494.0
2023-01-24 05:25:00,1674537900.0,0.08958,0.08968,0.08957,0.08966,1092659.0
2023-01-24 05:26:00,1674537960.0,0.08966,0.0897,0.08964,0.08969,388997.0
2023-01-24 05:27:00,1674538020.0,0.08969,0.0897,0.08965,0.08969,309251.0
2023-01-24 05:28:00,1674538080.0,0.08969,0.08977,0.08968,0.08977,288857.0
2023-01-24 05:29:00,1674538140.0,0.08976,0.08976,0.08968,0.08968,1674482.0
2023-01-24 05:30:00,1674538200.0,0.08969,0.08974,0.08968,0.08974,1561588.0
2023-01-24 05:31:00,1674538260.0,0.08974,0.08986,0.08974,0.08983,1162485.0
2023-01-24 05:32:00,1674538320.0,0.08983,0.08987,0.08982,0.08987,339565.0
2023-01-24 05:33:00,1674538380.0,0.08987,0.08999,0.08986,0.0899,915210.0
2023-01-24 05:34:00,1674538440.0,0.0899,0.08998,0.08989,0.08994,858071.0
2023-01-24 05:35:00,1674538500.0,0.08994,0.08999,0.08989,0.08991,439925.0
2023-01-24 05:36:00,1674538560.0,0.08991,0.08992,0.08986,0.08987,219823.0
2023-01-24 05:37:00,1674538620.0,0.08987,0.09,0.08987,0.08999,377735.0
2023-01-24 05:38:00,1674538680.0,0.08999,0.09003,0.08998,0.08999,473203.0
2023-01-24 05:39:00,1674538740.0,0.08999,0.09009,0.08999,0.09006,486456.0
2023-01-24 05:40:00,1674538800.0,0.09006,0.0901,0.08997,0.08999,1272798.0
2023-01-24 05:41:00,1674538860.0,0.08999,0.09003,0.08998,0.09,161420.0
2023-01-24 05:42:00,1674538920.0,0.08999,0.09008,0.08997,0.09003,1206821.0
2023-01-24 05:43:00,1674538980.0,0.09004,0.09008,0.09002,0.09007,198711.0
2023-01-24 05:44:00,1674539040.0,0.09008,0.0901,0.09006,0.09006,428697.0
2023-01-24 05:45:00,1674539100.0,0.09007,0.09008,0.08996,0.08996,320305.0
2023-01-24 05:46:00,1674539160.0,0.08997,0.08998,0.08989,0.0899,559344.0
2023-01-24 05:47:00,1674539220.0,0.0899,0.0899,0.08987,0.08988,215287.0
2023-01-24 05:48:00,1674539280.0,0.08989,0.08991,0.08979,0.08986,1018482.0
2023-01-24 05:49:00,1674539340.0,0.08986,0.0899,0.08982,0.08982,323583.0
2023-01-24 05:50:00,1674539400.0,0.08983,0.08983,0.0898,0.08983,345666.0
2023-01-24 05:51:00,1674539460.0,0.08983,0.08984,0.08982,0.08983,579459.0
2023-01-24 05:52:00,1674539520.0,0.08983,0.08983,0.08973,0.08975,541723.0
2023-01-24 05:53:00,1674539580.0,0.08975,0.08977,0.08959,0.08962,797468.0
2023-01-24 05:54:00,1674539640.0,0.08962,0.08978,0.08962,0.08978,775890.0
2023-01-24 05:55:00,1674539700.0,0.08979,0.08983,0.08977,0.0898,203436.0
2023-01-24 05:56:00,1674539760.0,0.0898,0.08983,0.08979,0.08982,150124.0
2023-01-24 05:57:00,1674539820.0,0.08983,0.08984,0.08983,0.08983,153231.0
2023-01-24 05:58:00,1674539880.0,0.08984,0.08991,0.08983,0.08988,312749.0
2023-01-24 05:59:00,1674539940.0,0.08988,0.08988,0.08982,0.08986,370861.0
2023-01-24 06:00:00,1674540000.0,0.08986,0.08988,0.08983,0.08983,151522.0
2023-01-24 06:01:00,1674540060.0,0.08983,0.08986,0.08982,0.08984,215548.0
2023-01-24 06:02:00,1674540120.0,0.08987,0.08988,0.08986,0.08987,101784.0
2023-01-24 06:03:00,1674540180.0,0.08987,0.08993,0.08983,0.08984,411289.0
2023-01-24 06:04:00,1674540240.0,0.08983,0.08985,0.0898,0.08981,337551.0
2023-01-24 06:05:00,1674540300.0,0.08981,0.08988,0.0898,0.08987,177861.0
2023-01-24 06:06:00,1674540360.0,0.08986,0.08988,0.08981,0.08983,153878.0
2023-01-24 06:07:00,1674540420.0,0.08983,0.08989,0.08983,0.08985,288431.0
2023-01-24 06:08:00,1674540480.0,0.08983,0.08983,0.08975,0.08979,382166.0
2023-01-24 06:09:00,1674540540.0,0.08979,0.08979,0.08964,0.08964,517883.0
2023-01-24 06:10:00,1674540600.0,0.08964,0.08964,0.08958,0.0896,760547.0
2023-01-24 06:11:00,1674540660.0,0.08961,0.08964,0.08958,0.08963,462300.0
2023-01-24 06:12:00,1674540720.0,0.08962,0.08964,0.08956,0.08964,297017.0
2023-01-24 06:13:00,1674540780.0,0.08964,0.08965,0.08958,0.08958,834954.0
2023-01-24 06:14:00,1674540840.0,0.08959,0.0896,0.08952,0.08953,348101.0
2023-01-24 06:15:00,1674540900.0,0.08952,0.08957,0.08945,0.08953,2861983.0
2023-01-24 06:16:00,1674540960.0,0.08953,0.08963,0.08953,0.08963,344861.0
2023-01-24 06:17:00,1674541020.0,0.08962,0.08965,0.08962,0.08963,300474.0
2023-01-24 06:18:00,1674541080.0,0.08962,0.08965,0.0896,0.08965,199669.0
2023-01-24 06:19:00,1674541140.0,0.08964,0.08965,0.08961,0.08964,225539.0
2023-01-24 06:20:00,1674541200.0,0.08964,0.08965,0.0896,0.08963,116238.0
2023-01-24 06:21:00,1674541260.0,0.08964,0.08965,0.08961,0.08962,166367.0
2023-01-24 06:22:00,1674541320.0,0.08963,0.08968,0.08962,0.08968,599828.0
2023-01-24 06:23:00,1674541380.0,0.08967,0.08967,0.08961,0.08962,233166.0
2023-01-24 06:24:00,1674541440.0,0.08962,0.08965,0.08961,0.08962,247935.0
2023-01-24 06:25:00,1674541500.0,0.08962,0.08965,0.08951,0.08957,2692909.0
2023-01-24 06:26:00,1674541560.0,0.08956,0.08956,0.08951,0.08955,417102.0
2023-01-24 06:27:00,1674541620.0,0.08955,0.08962,0.08955,0.08961,259023.0
2023-01-24 06:28:00,1674541680.0,0.08962,0.08962,0.08953,0.0896,462245.0
2023-01-24 06:29:00,1674541740.0,0.0896,0.08961,0.08954,0.08961,140261.0
2023-01-24 06:30:00,1674541800.0,0.0896,0.08962,0.08959,0.08962,95839.0
2023-01-24 06:31:00,1674541860.0,0.08962,0.0897,0.0896,0.08965,1692961.0
2023-01-24 06:32:00,1674541920.0,0.08964,0.08964,0.08951,0.08956,1757587.0
2023-01-24 06:33:00,1674541980.0,0.08955,0.08956,0.0895,0.0895,491579.0
2023-01-24 06:34:00,1674542040.0,0.08951,0.08951,0.08944,0.08945,505997.0
2023-01-24 06:35:00,1674542100.0,0.08944,0.08944,0.08936,0.0894,1076366.0
2023-01-24 06:36:00,1674542160.0,0.0894,0.08959,0.0894,0.08957,853450.0
2023-01-24 06:37:00,1674542220.0,0.08956,0.08961,0.08954,0.0896,617157.0
2023-01-24 06:38:00,1674542280.0,0.08961,0.08971,0.08961,0.08969,536838.0
2023-01-24 06:39:00,1674542340.0,0.08969,0.0897,0.08965,0.08965,557564.0
2023-01-24 06:40:00,1674542400.0,0.08965,0.08971,0.08965,0.08967,139430.0
2023-01-24 06:41:00,1674542460.0,0.08968,0.08971,0.08967,0.0897,244899.0
2023-01-24 06:42:00,1674542520.0,0.08971,0.08972,0.08965,0.08966,410351.0
2023-01-24 06:43:00,1674542580.0,0.08966,0.08971,0.08962,0.08963,256098.0
2023-01-24 06:44:00,1674542640.0,0.08963,0.08963,0.08962,0.08963,29945.0
2023-01-24 06:45:00,1674542700.0,0.08963,0.08966,0.08962,0.08965,27357.0
2023-01-24 06:46:00,1674542760.0,0.08965,0.08969,0.08965,0.08965,905614.0
2023-01-24 06:47:00,1674542820.0,0.08966,0.08967,0.08963,0.08963,307118.0
2023-01-24 06:48:00,1674542880.0,0.08962,0.08963,0.08958,0.08961,89366.0
2023-01-24 06:49:00,1674542940.0,0.08962,0.08962,0.08952,0.08955,2451763.0
2023-01-24 06:50:00,1674543000.0,0.08955,0.08963,0.08955,0.08962,381696.0
2023-01-24 06:51:00,1674543060.0,0.08963,0.08963,0.08955,0.08955,447877.0
2023-01-24 06:52:00,1674543120.0,0.08955,0.08959,0.08955,0.08956,457410.0
2023-01-24 06:53:00,1674543180.0,0.08957,0.08963,0.08955,0.08963,573426.0
2023-01-24 06:54:00,1674543240.0,0.08963,0.08963,0.08959,0.08959,279703.0
2023-01-24 06:55:00,1674543300.0,0.08959,0.08963,0.08959,0.08963,96461.0
2023-01-24 06:56:00,1674543360.0,0.08963,0.08965,0.08959,0.08962,320685.0
2023-01-24 06:57:00,1674543420.0,0.08961,0.08966,0.08955,0.08966,709392.0
2023-01-24 06:58:00,1674543480.0,0.08966,0.08977,0.08964,0.08977,964389.0
2023-01-24 06:59:00,1674543540.0,0.08978,0.0898,0.08977,0.0898,85479.0
2023-01-24 07:00:00,1674543600.0,0.0898,0.08986,0.0898,0.08985,1089381.0
2023-01-24 07:01:00,1674543660.0,0.08985,0.08986,0.08972,0.08974,329117.0
2023-01-24 07:02:00,1674543720.0,0.08974,0.08978,0.08971,0.08971,184866.0
2023-01-24 07:03:00,1674543780.0,0.0897,0.08975,0.08967,0.08975,1015827.0
2023-01-24 07:04:00,1674543840.0,0.08974,0.08977,0.08974,0.08976,94665.0
2023-01-24 07:05:00,1674543900.0,0.08977,0.0898,0.08967,0.08967,232704.0
2023-01-24 07:06:00,1674543960.0,0.08967,0.08968,0.0896,0.0896,145291.0
2023-01-24 07:07:00,1674544020.0,0.0896,0.08961,0.08948,0.08948,1173938.0
2023-01-24 07:08:00,1674544080.0,0.08949,0.08962,0.08948,0.08958,549248.0
2023-01-24 07:09:00,1674544140.0,0.08958,0.08958,0.08949,0.0895,174734.0
2023-01-24 07:10:00,1674544200.0,0.0895,0.0896,0.0895,0.0896,124193.0
2023-01-24 07:11:00,1674544260.0,0.08958,0.08963,0.08958,0.08963,227307.0
2023-01-24 07:12:00,1674544320.0,0.08963,0.08969,0.08961,0.08961,684920.0
2023-01-24 07:13:00,1674544380.0,0.08962,0.08967,0.08961,0.08966,148952.0
2023-01-24 07:14:00,1674544440.0,0.08969,0.08976,0.08968,0.0897,318656.0
2023-01-24 07:15:00,1674544500.0,0.08971,0.08971,0.08962,0.08965,605456.0
2023-01-24 07:16:00,1674544560.0,0.08967,0.08967,0.08964,0.08967,57784.0
2023-01-24 07:17:00,1674544620.0,0.08967,0.08968,0.08952,0.08952,488195.0
2023-01-24 07:18:00,1674544680.0,0.08952,0.08958,0.08949,0.08952,302040.0
2023-01-24 07:19:00,1674544740.0,0.08951,0.08959,0.08951,0.08959,128031.0
2023-01-24 07:20:00,1674544800.0,0.0896,0.08962,0.08956,0.08958,162860.0
2023-01-24 07:21:00,1674544860.0,0.08957,0.0897,0.08953,0.08969,354644.0
2023-01-24 07:22:00,1674544920.0,0.08969,0.08971,0.08958,0.08959,286102.0
2023-01-24 07:23:00,1674544980.0,0.0896,0.08966,0.0896,0.08961,192615.0
2023-01-24 07:24:00,1674545040.0,0.08961,0.08964,0.08959,0.08963,190445.0
2023-01-24 07:25:00,1674545100.0,0.08963,0.08965,0.08962,0.08964,68297.0
2023-01-24 07:26:00,1674545160.0,0.08963,0.08963,0.08958,0.08959,83272.0
2023-01-24 07:27:00,1674545220.0,0.08958,0.08961,0.0895,0.08951,151902.0
2023-01-24 07:28:00,1674545280.0,0.0895,0.08951,0.08941,0.08945,538468.0
2023-01-24 07:29:00,1674545340.0,0.08946,0.08954,0.08946,0.08953,396748.0
2023-01-24 07:30:00,1674545400.0,0.08953,0.08957,0.08952,0.08952,155399.0
2023-01-24 07:31:00,1674545460.0,0.08951,0.08957,0.08951,0.08956,226746.0
2023-01-24 07:32:00,1674545520.0,0.08957,0.08957,0.08951,0.08952,305468.0
2023-01-24 07:33:00,1674545580.0,0.08955,0.0896,0.08954,0.0896,145253.0
2023-01-24 07:34:00,1674545640.0,0.0896,0.08965,0.0896,0.08965,99355.0
2023-01-24 07:35:00,1674545700.0,0.08966,0.08977,0.08966,0.08977,1164662.0
2023-01-24 07:36:00,1674545760.0,0.08977,0.08977,0.0897,0.08972,310111.0
2023-01-24 07:37:00,1674545820.0,0.08971,0.08982,0.08971,0.08982,130398.0
2023-01-24 07:38:00,1674545880.0,0.08982,0.08986,0.08982,0.08985,193371.0
2023-01-24 07:39:00,1674545940.0,0.08986,0.0899,0.08977,0.08977,454913.0
2023-01-24 07:40:00,1674546000.0,0.08977,0.08977,0.08972,0.08973,70130.0
2023-01-24 07:41:00,1674546060.0,0.08972,0.08973,0.08954,0.08973,3721743.0
2023-01-24 07:42:00,1674546120.0,0.08973,0.08977,0.08973,0.08974,239899.0
2023-01-24 07:43:00,1674546180.0,0.08973,0.08977,0.0897,0.08973,282767.0
2023-01-24 07:44:00,1674546240.0,0.08973,0.08973,0.08969,0.08972,176205.0
2023-01-24 07:45:00,1674546300.0,0.08972,0.08973,0.08964,0.08966,1229557.0
2023-01-24 07:46:00,1674546360.0,0.08966,0.08972,0.08966,0.08971,235147.0
2023-01-24 07:47:00,1674546420.0,0.08972,0.08976,0.08971,0.08976,650855.0
2023-01-24 07:48:00,1674546480.0,0.08977,0.08987,0.08974,0.08982,392603.0
2023-01-24 07:49:00,1674546540.0,0.08984,0.08989,0.08983,0.08985,163361.0
2023-01-24 07:50:00,1674546600.0,0.08985,0.08988,0.08982,0.08986,98212.0
2023-01-24 07:51:00,1674546660.0,0.08985,0.08989,0.08977,0.08977,482221.0
2023-01-24 07:52:00,1674546720.0,0.08978,0.08984,0.08977,0.08982,267726.0
2023-01-24 07:53:00,1674546780.0,0.0898,0.08988,0.0898,0.08987,151230.0
2023-01-24 07:54:00,1674546840.0,0.08987,0.09007,0.08987,0.09006,763660.0
2023-01-24 07:55:00,1674546900.0,0.09007,0.09008,0.09004,0.09006,411829.0
2023-01-24 07:56:00,1674546960.0,0.09006,0.09007,0.0899,0.08992,187303.0
2023-01-24 07:57:00,1674547020.0,0.08993,0.09001,0.08992,0.09,155080.0
2023-01-24 07:58:00,1674547080.0,0.09,0.09002,0.08991,0.08994,1759367.0
2023-01-24 07:59:00,1674547140.0,0.08995,0.08996,0.08983,0.08986,490614.0
2023-01-24 08:00:00,1674547200.0,0.08985,0.08994,0.08985,0.08987,189936.0
2023-01-24 08:01:00,1674547260.0,0.08989,0.08991,0.08982,0.08986,487938.0
2023-01-24 08:02:00,1674547320.0,0.08986,0.08993,0.08986,0.08993,47090.0
2023-01-24 08:03:00,1674547380.0,0.08993,0.08993,0.0899,0.08991,38625.0
2023-01-24 08:04:00,1674547440.0,0.08991,0.08991,0.08986,0.08989,375408.0
2023-01-24 08:05:00,1674547500.0,0.08989,0.08989,0.0898,0.08982,183695.0
2023-01-24 08:06:00,1674547560.0,0.08981,0.08981,0.08966,0.0897,335998.0
2023-01-24 08:07:00,1674547620.0,0.0897,0.0898,0.08967,0.08973,253379.0
2023-01-24 08:08:00,1674547680.0,0.08972,0.08982,0.08972,0.08972,437918.0
2023-01-24 08:09:00,1674547740.0,0.08971,0.08972,0.08965,0.08967,286513.0
2023-01-24 08:10:00,1674547800.0,0.08967,0.08969,0.0896,0.08961,670497.0
2023-01-24 08:11:00,1674547860.0,0.08961,0.08973,0.08961,0.08971,505733.0
2023-01-24 08:12:00,1674547920.0,0.08973,0.08974,0.08971,0.08972,288080.0
2023-01-24 08:13:00,1674547980.0,0.08972,0.08976,0.08963,0.08964,167361.0
2023-01-24 08:14:00,1674548040.0,0.08964,0.08967,0.08963,0.08966,85621.0
2023-01-24 08:15:00,1674548100.0,0.08967,0.0897,0.08966,0.08968,212920.0
2023-01-24 08:16:00,1674548160.0,0.08968,0.08979,0.08968,0.08979,125366.0
2023-01-24 08:17:00,1674548220.0,0.0898,0.08982,0.08979,0.08981,524547.0
2023-01-24 08:18:00,1674548280.0,0.08981,0.0899,0.08981,0.08985,408358.0
2023-01-24 08:19:00,1674548340.0,0.08985,0.08989,0.08982,0.08986,237414.0
2023-01-24 08:20:00,1674548400.0,0.08988,0.0899,0.08983,0.08987,241878.0
2023-01-24 08:21:00,1674548460.0,0.08989,0.08991,0.0898,0.08986,643442.0
2023-01-24 08:22:00,1674548520.0,0.08986,0.08991,0.08986,0.08989,77099.0
2023-01-24 08:23:00,1674548580.0,0.08989,0.0899,0.08979,0.08983,211643.0
2023-01-24 08:24:00,1674548640.0,0.08984,0.08988,0.08982,0.08986,158278.0
2023-01-24 08:25:00,1674548700.0,0.08986,0.08992,0.08986,0.08992,86923.0
2023-01-24 08:26:00,1674548760.0,0.08992,0.08994,0.0899,0.08992,189417.0
2023-01-24 08:27:00,1674548820.0,0.08992,0.08996,0.08992,0.08992,348922.0
2023-01-24 08:28:00,1674548880.0,0.08992,0.08993,0.08988,0.08988,165898.0
2023-01-24 08:29:00,1674548940.0,0.08988,0.08989,0.08984,0.08984,207108.0
2023-01-24 08:30:00,1674549000.0,0.08985,0.08985,0.08977,0.08977,231409.0
2023-01-24 08:31:00,1674549060.0,0.08976,0.08988,0.08976,0.08986,186606.0
2023-01-24 08:32:00,1674549120.0,0.08985,0.08985,0.08974,0.08978,260025.0
2023-01-24 08:33:00,1674549180.0,0.08977,0.08977,0.0897,0.08974,273785.0
2023-01-24 08:34:00,1674549240.0,0.08974,0.0898,0.08973,0.08979,145392.0
2023-01-24 08:35:00,1674549300.0,0.08978,0.08989,0.08978,0.08989,264340.0
2023-01-24 08:36:00,1674549360.0,0.08989,0.0899,0.08984,0.08986,161947.0
2023-01-24 08:37:00,1674549420.0,0.08989,0.08995,0.08989,0.08994,556013.0
2023-01-24 08:38:00,1674549480.0,0.08994,0.09001,0.08993,0.09001,644810.0
2023-01-24 08:39:00,1674549540.0,0.09002,0.09007,0.09001,0.09004,277854.0
2023-01-24 08:40:00,1674549600.0,0.09004,0.09017,0.09004,0.09013,675898.0
2023-01-24 08:41:00,1674549660.0,0.09013,0.09013,0.09008,0.09008,309814.0
2023-01-24 08:42:00,1674549720.0,0.09009,0.09009,0.09002,0.09007,364857.0
2023-01-24 08:43:00,1674549780.0,0.09008,0.09012,0.09007,0.0901,365614.0
2023-01-24 08:44:00,1674549840.0,0.09011,0.09011,0.09003,0.09003,97794.0
2023-01-24 08:45:00,1674549900.0,0.09004,0.0901,0.09004,0.09008,219103.0
2023-01-24 08:46:00,1674549960.0,0.09008,0.0901,0.08999,0.08999,183344.0
2023-01-24 08:47:00,1674550020.0,0.09,0.09,0.08992,0.08992,213449.0
2023-01-24 08:48:00,1674550080.0,0.08991,0.08995,0.08989,0.08994,159550.0
2023-01-24 08:49:00,1674550140.0,0.08994,0.08994,0.08991,0.08992,128763.0
2023-01-24 08:50:00,1674550200.0,0.08994,0.09002,0.08993,0.08996,623491.0
2023-01-24 08:51:00,1674550260.0,0.08995,0.08997,0.08991,0.08997,303458.0
2023-01-24 08:52:00,1674550320.0,0.08998,0.09003,0.08998,0.09002,47968.0
2023-01-24 08:53:00,1674550380.0,0.09002,0.09003,0.09,0.09001,320349.0
2023-01-24 08:54:00,1674550440.0,0.09,0.09,0.08989,0.08991,596598.0
2023-01-24 08:55:00,1674550500.0,0.08992,0.08996,0.08988,0.08996,348450.0
2023-01-24 08:56:00,1674550560.0,0.08995,0.08995,0.08977,0.08978,452896.0
2023-01-24 08:57:00,1674550620.0,0.08978,0.08981,0.08974,0.08976,231919.0
2023-01-24 08:58:00,1674550680.0,0.08976,0.08976,0.08971,0.08973,149571.0
2023-01-24 08:59:00,1674550740.0,0.08973,0.08975,0.08971,0.08973,386364.0
2023-01-24 09:00:00,1674550800.0,0.08974,0.08977,0.08973,0.08974,552467.0
2023-01-24 09:01:00,1674550860.0,0.08973,0.08973,0.08959,0.08959,1230111.0
2023-01-24 09:02:00,1674550920.0,0.0896,0.0896,0.08946,0.08949,1041642.0
2023-01-24 09:03:00,1674550980.0,0.0895,0.08951,0.08908,0.08933,7188317.0
2023-01-24 09:04:00,1674551040.0,0.08933,0.08947,0.08853,0.08917,12136603.0
2023-01-24 09:05:00,1674551100.0,0.08917,0.0893,0.08909,0.0892,2049217.0
2023-01-24 09:06:00,1674551160.0,0.08923,0.08933,0.0891,0.08915,2385555.0
2023-01-24 09:07:00,1674551220.0,0.08916,0.08928,0.08916,0.08926,1047541.0
2023-01-24 09:08:00,1674551280.0,0.08926,0.08929,0.0891,0.0891,568293.0
2023-01-24 09:09:00,1674551340.0,0.08913,0.08913,0.08901,0.08904,925124.0
2023-01-24 09:10:00,1674551400.0,0.08904,0.0891,0.089,0.08905,2226197.0
2023-01-24 09:11:00,1674551460.0,0.08905,0.08912,0.08901,0.08902,1461927.0
2023-01-24 09:12:00,1674551520.0,0.08902,0.08907,0.08859,0.08878,8962360.0
2023-01-24 09:13:00,1674551580.0,0.08879,0.08882,0.08848,0.08868,9063841.0
2023-01-24 09:14:00,1674551640.0,0.08868,0.08895,0.08868,0.08889,4565340.0
2023-01-24 09:15:00,1674551700.0,0.08888,0.08904,0.08888,0.08902,847035.0
2023-01-24 09:16:00,1674551760.0,0.08901,0.08901,0.08893,0.08896,536179.0
2023-01-24 09:17:00,1674551820.0,0.08896,0.0891,0.08896,0.08908,472553.0
2023-01-24 09:18:00,1674551880.0,0.08908,0.08918,0.089,0.08904,2307917.0
2023-01-24 09:19:00,1674551940.0,0.08904,0.08915,0.08898,0.08912,419422.0
2023-01-24 09:20:00,1674552000.0,0.08912,0.08913,0.08903,0.08909,612850.0
2023-01-24 09:21:00,1674552060.0,0.08909,0.0892,0.08909,0.08917,1084274.0
2023-01-24 09:22:00,1674552120.0,0.08918,0.08918,0.08905,0.08907,235181.0
2023-01-24 09:23:00,1674552180.0,0.08907,0.0892,0.08907,0.08919,300470.0
2023-01-24 09:24:00,1674552240.0,0.0892,0.08922,0.08916,0.08916,649698.0
2023-01-24 09:25:00,1674552300.0,0.08916,0.08923,0.08915,0.08923,230556.0
2023-01-24 09:26:00,1674552360.0,0.08923,0.08927,0.08917,0.08918,772995.0
2023-01-24 09:27:00,1674552420.0,0.08917,0.08917,0.08896,0.08899,2995895.0
2023-01-24 09:28:00,1674552480.0,0.08899,0.08906,0.08899,0.08899,808544.0
2023-01-24 09:29:00,1674552540.0,0.08899,0.08913,0.08895,0.08907,1854668.0
2023-01-24 09:30:00,1674552600.0,0.08906,0.08926,0.08902,0.08923,1758151.0
2023-01-24 09:31:00,1674552660.0,0.08921,0.08922,0.08908,0.08908,699608.0
2023-01-24 09:32:00,1674552720.0,0.08909,0.08909,0.08897,0.08901,785510.0
2023-01-24 09:33:00,1674552780.0,0.089,0.08903,0.08892,0.08899,1591028.0
2023-01-24 09:34:00,1674552840.0,0.08896,0.08899,0.08884,0.08884,961019.0
2023-01-24 09:35:00,1674552900.0,0.08883,0.08897,0.08878,0.08889,865371.0
2023-01-24 09:36:00,1674552960.0,0.0889,0.0889,0.08872,0.08878,3366400.0
2023-01-24 09:37:00,1674553020.0,0.0888,0.08886,0.08859,0.08867,3527144.0
2023-01-24 09:38:00,1674553080.0,0.08868,0.08878,0.08868,0.08875,641234.0
2023-01-24 09:39:00,1674553140.0,0.08875,0.08878,0.08863,0.08865,1290363.0
2023-01-24 09:40:00,1674553200.0,0.08865,0.08871,0.08859,0.08869,591444.0
2023-01-24 09:41:00,1674553260.0,0.08869,0.08879,0.08853,0.08859,4048341.0
2023-01-24 09:42:00,1674553320.0,0.0886,0.08867,0.08857,0.08866,1316128.0
2023-01-24 09:43:00,1674553380.0,0.08865,0.08871,0.08859,0.08865,556732.0
2023-01-24 09:44:00,1674553440.0,0.08865,0.08872,0.08863,0.08871,754067.0
2023-01-24 09:45:00,1674553500.0,0.08872,0.08885,0.08869,0.08883,1269322.0
2023-01-24 09:46:00,1674553560.0,0.08882,0.08886,0.08882,0.08884,371036.0
2023-01-24 09:47:00,1674553620.0,0.08883,0.08889,0.08879,0.08879,806215.0
2023-01-24 09:48:00,1674553680.0,0.0888,0.08882,0.08877,0.08878,740257.0
2023-01-24 09:49:00,1674553740.0,0.08877,0.08888,0.08877,0.08887,364254.0
2023-01-24 09:50:00,1674553800.0,0.08887,0.08888,0.08884,0.08887,407403.0
2023-01-24 09:51:00,1674553860.0,0.08887,0.08897,0.08887,0.08896,503858.0
2023-01-24 09:52:00,1674553920.0,0.08895,0.08897,0.08889,0.08896,471084.0
2023-01-24 09:53:00,1674553980.0,0.08895,0.08898,0.08889,0.08894,1613908.0
2023-01-24 09:54:00,1674554040.0,0.08894,0.08896,0.08887,0.0889,459399.0
2023-01-24 09:55:00,1674554100.0,0.0889,0.0889,0.0888,0.0888,524316.0
2023-01-24 09:56:00,1674554160.0,0.0888,0.0888,0.08872,0.08874,1581699.0
2023-01-24 09:57:00,1674554220.0,0.08874,0.08881,0.08874,0.08879,640969.0
2023-01-24 09:58:00,1674554280.0,0.08881,0.08884,0.08873,0.08874,429073.0
2023-01-24 09:59:00,1674554340.0,0.08874,0.08878,0.08871,0.08878,334369.0
2023-01-24 10:00:00,1674554400.0,0.08877,0.08878,0.08873,0.08877,738288.0
2023-01-24 10:01:00,1674554460.0,0.08877,0.08888,0.08877,0.08888,346312.0
2023-01-24 10:02:00,1674554520.0,0.08889,0.08895,0.08888,0.08891,646385.0
2023-01-24 10:03:00,1674554580.0,0.0889,0.08897,0.0889,0.08893,797225.0
2023-01-24 10:04:00,1674554640.0,0.08893,0.08893,0.08888,0.08892,335296.0
2023-01-24 10:05:00,1674554700.0,0.08892,0.08895,0.08891,0.08894,458537.0
2023-01-24 10:06:00,1674554760.0,0.08895,0.08896,0.08889,0.08891,487619.0
2023-01-24 10:07:00,1674554820.0,0.0889,0.08896,0.0889,0.08895,363665.0
2023-01-24 10:08:00,1674554880.0,0.08895,0.08895,0.08888,0.08889,307289.0
2023-01-24 10:09:00,1674554940.0,0.08889,0.0889,0.08888,0.08888,319787.0
2023-01-24 10:10:00,1674555000.0,0.08889,0.08889,0.08887,0.08887,116026.0
2023-01-24 10:11:00,1674555060.0,0.08887,0.08891,0.08887,0.08889,169278.0
2023-01-24 10:12:00,1674555120.0,0.08889,0.08898,0.08888,0.08892,959486.0
2023-01-24 10:13:00,1674555180.0,0.08892,0.08892,0.08881,0.08881,432155.0
2023-01-24 10:14:00,1674555240.0,0.08881,0.08881,0.08878,0.08881,296245.0
2023-01-24 10:15:00,1674555300.0,0.08881,0.08881,0.08876,0.08877,188980.0
2023-01-24 10:16:00,1674555360.0,0.08876,0.0888,0.08876,0.0888,242204.0
2023-01-24 10:17:00,1674555420.0,0.08879,0.0888,0.08867,0.08868,273013.0
2023-01-24 10:18:00,1674555480.0,0.08867,0.08868,0.08858,0.0886,819710.0
2023-01-24 10:19:00,1674555540.0,0.0886,0.08863,0.08855,0.08855,252881.0
2023-01-24 10:20:00,1674555600.0,0.08856,0.0886,0.08856,0.08859,425834.0
2023-01-24 10:21:00,1674555660.0,0.0886,0.0887,0.0886,0.08867,268157.0
2023-01-24 10:22:00,1674555720.0,0.08869,0.08881,0.08869,0.0888,1188582.0
2023-01-24 10:23:00,1674555780.0,0.08881,0.08886,0.08881,0.08882,169613.0
2023-01-24 10:24:00,1674555840.0,0.08882,0.08892,0.08882,0.08891,1068016.0
2023-01-24 10:25:00,1674555900.0,0.08891,0.08896,0.08887,0.0889,386193.0
2023-01-24 10:26:00,1674555960.0,0.0889,0.08899,0.0889,0.08899,467650.0
2023-01-24 10:27:00,1674556020.0,0.08899,0.08907,0.08898,0.08905,456610.0
2023-01-24 10:28:00,1674556080.0,0.08906,0.08909,0.08905,0.08907,164683.0
2023-01-24 10:29:00,1674556140.0,0.08907,0.08908,0.08897,0.08898,236670.0
2023-01-24 10:30:00,1674556200.0,0.08898,0.08903,0.08896,0.08903,260273.0
2023-01-24 10:31:00,1674556260.0,0.08902,0.08903,0.08889,0.08889,213736.0
2023-01-24 10:32:00,1674556320.0,0.08888,0.08896,0.08888,0.08894,244351.0
2023-01-24 10:33:00,1674556380.0,0.08895,0.08897,0.0889,0.0889,178763.0
2023-01-24 10:34:00,1674556440.0,0.08889,0.08903,0.08889,0.08902,243489.0
2023-01-24 10:35:00,1674556500.0,0.08903,0.08909,0.08903,0.08904,468580.0
2023-01-24 10:36:00,1674556560.0,0.08903,0.0891,0.08902,0.08908,359273.0
2023-01-24 10:37:00,1674556620.0,0.08908,0.0891,0.08904,0.08907,118138.0
2023-01-24 10:38:00,1674556680.0,0.08906,0.0891,0.08906,0.08909,233275.0
2023-01-24 10:39:00,1674556740.0,0.08909,0.08913,0.08909,0.0891,413533.0
2023-01-24 10:40:00,1674556800.0,0.0891,0.08911,0.08904,0.08906,357123.0
2023-01-24 10:41:00,1674556860.0,0.08907,0.08913,0.08906,0.08911,531516.0
2023-01-24 10:42:00,1674556920.0,0.08912,0.08914,0.08911,0.08912,96801.0
2023-01-24 10:43:00,1674556980.0,0.08911,0.08912,0.08904,0.08912,750336.0
2023-01-24 10:44:00,1674557040.0,0.08911,0.08913,0.0891,0.08911,306326.0
2023-01-24 10:45:00,1674557100.0,0.0891,0.08914,0.08903,0.08903,482188.0
2023-01-24 10:46:00,1674557160.0,0.08903,0.08905,0.08897,0.08897,483818.0
2023-01-24 10:47:00,1674557220.0,0.08897,0.08901,0.08896,0.089,705086.0
2023-01-24 10:48:00,1674557280.0,0.089,0.08901,0.08894,0.08895,439600.0
2023-01-24 10:49:00,1674557340.0,0.08895,0.08903,0.08895,0.08902,379502.0
2023-01-24 10:50:00,1674557400.0,0.08903,0.08903,0.089,0.08901,370945.0
2023-01-24 10:51:00,1674557460.0,0.08901,0.08903,0.08899,0.08901,178945.0
2023-01-24 10:52:00,1674557520.0,0.08901,0.08901,0.08897,0.08898,69020.0
2023-01-24 10:53:00,1674557580.0,0.08898,0.089,0.08897,0.08899,212407.0
2023-01-24 10:54:00,1674557640.0,0.08898,0.08899,0.0889,0.08895,519145.0
2023-01-24 10:55:00,1674557700.0,0.08894,0.08897,0.08892,0.08897,426104.0
2023-01-24 10:56:00,1674557760.0,0.08897,0.08903,0.08897,0.08902,209595.0
2023-01-24 10:57:00,1674557820.0,0.08902,0.08903,0.08898,0.08899,281716.0
2023-01-24 10:58:00,1674557880.0,0.08898,0.089,0.08892,0.08892,174821.0
2023-01-24 10:59:00,1674557940.0,0.08893,0.08893,0.08887,0.08888,150483.0
2023-01-24 11:00:00,1674558000.0,0.08888,0.08893,0.08887,0.08893,388519.0
2023-01-24 11:01:00,1674558060.0,0.08894,0.08899,0.08891,0.08898,271407.0
2023-01-24 11:02:00,1674558120.0,0.08898,0.08901,0.08897,0.08901,194113.0
2023-01-24 11:03:00,1674558180.0,0.08901,0.08903,0.089,0.089,462343.0
2023-01-24 11:04:00,1674558240.0,0.08899,0.08899,0.08891,0.08892,119741.0
2023-01-24 11:05:00,1674558300.0,0.08892,0.08896,0.08882,0.08882,538758.0
2023-01-24 11:06:00,1674558360.0,0.08882,0.08884,0.08872,0.08872,212783.0
2023-01-24 11:07:00,1674558420.0,0.08871,0.08873,0.08869,0.08869,706326.0
2023-01-24 11:08:00,1674558480.0,0.08868,0.0887,0.08856,0.08858,327535.0
2023-01-24 11:09:00,1674558540.0,0.08859,0.08863,0.08857,0.08861,145377.0
2023-01-24 11:10:00,1674558600.0,0.08861,0.0887,0.08857,0.08865,297021.0
2023-01-24 11:11:00,1674558660.0,0.08864,0.08873,0.08864,0.08868,125069.0
2023-01-24 11:12:00,1674558720.0,0.08868,0.08881,0.08868,0.0888,251131.0
2023-01-24 11:13:00,1674558780.0,0.08882,0.08885,0.08881,0.08884,75906.0
2023-01-24 11:14:00,1674558840.0,0.08884,0.08885,0.0888,0.0888,47002.0
2023-01-24 11:15:00,1674558900.0,0.08878,0.08879,0.08874,0.08875,134313.0
2023-01-24 11:16:00,1674558960.0,0.08875,0.08883,0.08873,0.08883,332078.0
2023-01-24 11:17:00,1674559020.0,0.08882,0.08883,0.08879,0.08881,155530.0
2023-01-24 11:18:00,1674559080.0,0.08881,0.08884,0.0888,0.08883,107279.0
2023-01-24 11:19:00,1674559140.0,0.08882,0.08883,0.08867,0.08868,223603.0
2023-01-24 11:20:00,1674559200.0,0.08868,0.0887,0.0886,0.08861,235048.0
2023-01-24 11:21:00,1674559260.0,0.08862,0.08866,0.08862,0.08864,244221.0
2023-01-24 11:22:00,1674559320.0,0.08862,0.08865,0.08862,0.08863,98274.0
2023-01-24 11:23:00,1674559380.0,0.08863,0.08868,0.08861,0.08867,281560.0
2023-01-24 11:24:00,1674559440.0,0.08868,0.08868,0.08862,0.08864,467319.0
2023-01-24 11:25:00,1674559500.0,0.08864,0.08872,0.08861,0.08872,461794.0
2023-01-24 11:26:00,1674559560.0,0.08873,0.08877,0.08872,0.08876,163614.0
2023-01-24 11:27:00,1674559620.0,0.08877,0.08877,0.08874,0.08875,411347.0
2023-01-24 11:28:00,1674559680.0,0.08877,0.08879,0.08871,0.08872,247071.0
2023-01-24 11:29:00,1674559740.0,0.08875,0.08882,0.08875,0.08876,99537.0
2023-01-24 11:30:00,1674559800.0,0.08876,0.0888,0.08873,0.0888,219889.0
2023-01-24 11:31:00,1674559860.0,0.08879,0.08887,0.08879,0.08885,305623.0
2023-01-24 11:32:00,1674559920.0,0.08885,0.08889,0.08885,0.08887,119840.0
2023-01-24 11:33:00,1674559980.0,0.08886,0.08891,0.08886,0.0889,170765.0
2023-01-24 11:34:00,1674560040.0,0.08891,0.08892,0.08886,0.0889,254281.0
2023-01-24 11:35:00,1674560100.0,0.0889,0.08892,0.08886,0.08887,65815.0
2023-01-24 11:36:00,1674560160.0,0.08886,0.08886,0.08881,0.08882,103010.0
2023-01-24 11:37:00,1674560220.0,0.08881,0.08889,0.08881,0.08889,135179.0
2023-01-24 11:38:00,1674560280.0,0.08888,0.08892,0.08882,0.08884,435168.0
2023-01-24 11:39:00,1674560340.0,0.08884,0.08886,0.08883,0.08885,165313.0
2023-01-24 11:40:00,1674560400.0,0.08885,0.08888,0.08884,0.08884,77870.0
2023-01-24 11:41:00,1674560460.0,0.08885,0.08886,0.08882,0.08883,352921.0
2023-01-24 11:42:00,1674560520.0,0.08883,0.08886,0.08877,0.08877,205285.0
2023-01-24 11:43:00,1674560580.0,0.08877,0.0888,0.08872,0.0888,412104.0
2023-01-24 11:44:00,1674560640.0,0.08879,0.08882,0.08877,0.0888,528777.0
2023-01-24 11:45:00,1674560700.0,0.08879,0.08882,0.08878,0.08879,126951.0
2023-01-24 11:46:00,1674560760.0,0.08879,0.08879,0.08864,0.08864,1032932.0
2023-01-24 11:47:00,1674560820.0,0.08865,0.08865,0.08861,0.08862,188664.0
2023-01-24 11:48:00,1674560880.0,0.08862,0.08865,0.08859,0.0886,476173.0
2023-01-24 11:49:00,1674560940.0,0.0886,0.08861,0.08835,0.08854,4313260.0
2023-01-24 11:50:00,1674561000.0,0.08853,0.08856,0.0885,0.08856,1301573.0
2023-01-24 11:51:00,1674561060.0,0.08856,0.08863,0.08854,0.08859,1353008.0
2023-01-24 11:52:00,1674561120.0,0.08862,0.08876,0.08861,0.08874,708958.0
2023-01-24 11:53:00,1674561180.0,0.08874,0.08882,0.08866,0.0887,670511.0
2023-01-24 11:54:00,1674561240.0,0.08869,0.08869,0.08857,0.08859,242345.0
2023-01-24 11:55:00,1674561300.0,0.0886,0.08867,0.08859,0.08865,223819.0
2023-01-24 11:56:00,1674561360.0,0.08864,0.08867,0.0886,0.08861,338317.0
2023-01-24 11:57:00,1674561420.0,0.08861,0.08872,0.08861,0.08872,557584.0
2023-01-24 11:58:00,1674561480.0,0.08872,0.08881,0.08872,0.0888,222428.0
2023-01-24 11:59:00,1674561540.0,0.08878,0.08885,0.08877,0.08884,421781.0
2023-01-24 12:00:00,1674561600.0,0.08885,0.08886,0.08878,0.08886,572553.0
2023-01-24 12:01:00,1674561660.0,0.08886,0.0889,0.08885,0.0889,689329.0
2023-01-24 12:02:00,1674561720.0,0.0889,0.08894,0.08888,0.0889,125309.0
2023-01-24 12:03:00,1674561780.0,0.08891,0.08892,0.08885,0.08886,96585.0
2023-01-24 12:04:00,1674561840.0,0.08887,0.08887,0.08872,0.08875,232736.0
2023-01-24 12:05:00,1674561900.0,0.08876,0.08882,0.08876,0.0888,390953.0
2023-01-24 12:06:00,1674561960.0,0.0888,0.0888,0.08876,0.08876,122061.0
2023-01-24 12:07:00,1674562020.0,0.08877,0.08882,0.08876,0.08882,36178.0
2023-01-24 12:08:00,1674562080.0,0.08882,0.08882,0.08875,0.08875,191410.0
2023-01-24 12:09:00,1674562140.0,0.08875,0.08876,0.08854,0.08855,1378733.0
2023-01-24 12:10:00,1674562200.0,0.08855,0.08857,0.0885,0.0885,391606.0
2023-01-24 12:11:00,1674562260.0,0.08849,0.08849,0.08834,0.08842,1752070.0
2023-01-24 12:12:00,1674562320.0,0.08843,0.0885,0.08823,0.08833,639043.0
2023-01-24 12:13:00,1674562380.0,0.08833,0.08845,0.08832,0.08837,805886.0
2023-01-24 12:14:00,1674562440.0,0.08835,0.08838,0.08827,0.08836,808556.0
2023-01-24 12:15:00,1674562500.0,0.08836,0.08848,0.08833,0.08848,321437.0
2023-01-24 12:16:00,1674562560.0,0.08848,0.08852,0.08846,0.08852,253294.0
2023-01-24 12:17:00,1674562620.0,0.08852,0.08854,0.08851,0.08854,228895.0
2023-01-24 12:18:00,1674562680.0,0.08854,0.08854,0.08845,0.08846,313712.0
2023-01-24 12:19:00,1674562740.0,0.08846,0.08851,0.08846,0.08847,224870.0
2023-01-24 12:20:00,1674562800.0,0.08847,0.08861,0.08847,0.0885,1664972.0
2023-01-24 12:21:00,1674562860.0,0.0885,0.08856,0.0885,0.08851,54279.0
2023-01-24 12:22:00,1674562920.0,0.08852,0.08854,0.08851,0.08853,144743.0
2023-01-24 12:23:00,1674562980.0,0.08853,0.08854,0.08847,0.08848,446294.0
2023-01-24 12:24:00,1674563040.0,0.08847,0.08853,0.08847,0.08853,333978.0
2023-01-24 12:25:00,1674563100.0,0.08853,0.08854,0.08852,0.08854,70534.0
2023-01-24 12:26:00,1674563160.0,0.08854,0.08863,0.08854,0.08863,1054869.0
2023-01-24 12:27:00,1674563220.0,0.08863,0.08873,0.08861,0.08873,1598001.0
2023-01-24 12:28:00,1674563280.0,0.08872,0.0888,0.08871,0.08872,444756.0
2023-01-24 12:29:00,1674563340.0,0.08872,0.08883,0.08872,0.08879,379577.0
2023-01-24 12:30:00,1674563400.0,0.08878,0.08881,0.08863,0.08867,1608440.0
2023-01-24 12:31:00,1674563460.0,0.08868,0.08872,0.08866,0.08866,328817.0
2023-01-24 12:32:00,1674563520.0,0.08867,0.08876,0.08867,0.08876,192386.0
2023-01-24 12:33:00,1674563580.0,0.08876,0.08892,0.08876,0.0889,1005195.0
2023-01-24 12:34:00,1674563640.0,0.0889,0.08893,0.08885,0.08886,407554.0
2023-01-24 12:35:00,1674563700.0,0.08886,0.08887,0.08878,0.08886,184609.0
2023-01-24 12:36:00,1674563760.0,0.08887,0.08887,0.08875,0.08876,176789.0
2023-01-24 12:37:00,1674563820.0,0.08876,0.08881,0.08872,0.08881,160511.0
2023-01-24 12:38:00,1674563880.0,0.08881,0.08883,0.08874,0.08875,114825.0
2023-01-24 12:39:00,1674563940.0,0.08873,0.08875,0.0887,0.08871,120427.0
2023-01-24 12:40:00,1674564000.0,0.08872,0.08876,0.08868,0.08868,169759.0
2023-01-24 12:41:00,1674564060.0,0.08869,0.08874,0.08868,0.08873,595489.0
2023-01-24 12:42:00,1674564120.0,0.08874,0.08876,0.0887,0.08871,198610.0
2023-01-24 12:43:00,1674564180.0,0.08871,0.08876,0.0887,0.08875,52733.0
2023-01-24 12:44:00,1674564240.0,0.08876,0.08882,0.08876,0.0888,79195.0
2023-01-24 12:45:00,1674564300.0,0.0888,0.08881,0.08874,0.08874,145466.0
2023-01-24 12:46:00,1674564360.0,0.08874,0.08874,0.08871,0.08871,39968.0
2023-01-24 12:47:00,1674564420.0,0.08871,0.08871,0.08868,0.0887,57385.0
2023-01-24 12:48:00,1674564480.0,0.0887,0.08875,0.08869,0.08875,126122.0
2023-01-24 12:49:00,1674564540.0,0.08874,0.0888,0.08874,0.0888,35257.0
2023-01-24 12:50:00,1674564600.0,0.0888,0.0888,0.08874,0.08875,94748.0
2023-01-24 12:51:00,1674564660.0,0.08874,0.08878,0.08871,0.08871,431191.0
2023-01-24 12:52:00,1674564720.0,0.08872,0.08879,0.08872,0.08877,131524.0
2023-01-24 12:53:00,1674564780.0,0.08878,0.08883,0.08877,0.08877,164619.0
2023-01-24 12:54:00,1674564840.0,0.08877,0.08878,0.08875,0.08875,89948.0
2023-01-24 12:55:00,1674564900.0,0.08875,0.08876,0.08871,0.08871,153145.0
2023-01-24 12:56:00,1674564960.0,0.08871,0.08882,0.0887,0.08882,166749.0
2023-01-24 12:57:00,1674565020.0,0.08882,0.08887,0.08882,0.08884,269779.0
2023-01-24 12:58:00,1674565080.0,0.08884,0.08884,0.08882,0.08882,17071.0
2023-01-24 12:59:00,1674565140.0,0.08882,0.08882,0.08874,0.08877,138210.0
2023-01-24 13:00:00,1674565200.0,0.08877,0.08877,0.08874,0.08877,44399.0
2023-01-24 13:01:00,1674565260.0,0.08877,0.08878,0.08864,0.08865,421547.0
2023-01-24 13:02:00,1674565320.0,0.08865,0.08867,0.08862,0.08866,168850.0
2023-01-24 13:03:00,1674565380.0,0.08866,0.08878,0.08866,0.08875,290201.0
2023-01-24 13:04:00,1674565440.0,0.08876,0.08879,0.08876,0.08878,91527.0
2023-01-24 13:05:00,1674565500.0,0.08877,0.08878,0.08877,0.08877,79183.0
2023-01-24 13:06:00,1674565560.0,0.08878,0.08886,0.08877,0.08886,155374.0
2023-01-24 13:07:00,1674565620.0,0.08886,0.08897,0.08886,0.08896,1439670.0
2023-01-24 13:08:00,1674565680.0,0.08896,0.089,0.08889,0.08892,443946.0
2023-01-24 13:09:00,1674565740.0,0.08893,0.089,0.08893,0.08899,166777.0
2023-01-24 13:10:00,1674565800.0,0.08897,0.08902,0.08897,0.08898,357756.0
2023-01-24 13:11:00,1674565860.0,0.08898,0.08904,0.08897,0.08903,458371.0
2023-01-24 13:12:00,1674565920.0,0.08904,0.08908,0.08903,0.08904,388898.0
2023-01-24 13:13:00,1674565980.0,0.08904,0.08909,0.08904,0.08907,335760.0
2023-01-24 13:14:00,1674566040.0,0.08907,0.08927,0.08907,0.08918,3902237.0
2023-01-24 13:15:00,1674566100.0,0.08918,0.08922,0.08914,0.08914,473856.0
2023-01-24 13:16:00,1674566160.0,0.08914,0.08927,0.08914,0.08927,519034.0
2023-01-24 13:17:00,1674566220.0,0.08927,0.08933,0.08919,0.08919,1114884.0
2023-01-24 13:18:00,1674566280.0,0.0892,0.08922,0.08914,0.08921,272029.0
2023-01-24 13:19:00,1674566340.0,0.0892,0.08922,0.08913,0.08913,124652.0
2023-01-24 13:20:00,1674566400.0,0.08912,0.08912,0.08909,0.08911,133061.0
2023-01-24 13:21:00,1674566460.0,0.08911,0.08911,0.08906,0.08908,321841.0
2023-01-24 13:22:00,1674566520.0,0.08908,0.08912,0.08907,0.08911,139724.0
2023-01-24 13:23:00,1674566580.0,0.08911,0.08912,0.08908,0.08908,352445.0
2023-01-24 13:24:00,1674566640.0,0.08908,0.08912,0.08907,0.08911,97071.0
2023-01-24 13:25:00,1674566700.0,0.08911,0.08911,0.08904,0.08904,154741.0
2023-01-24 13:26:00,1674566760.0,0.08904,0.08906,0.089,0.08902,629177.0
2023-01-24 13:27:00,1674566820.0,0.08902,0.08907,0.08902,0.08907,1943691.0
2023-01-24 13:28:00,1674566880.0,0.08907,0.08908,0.08904,0.08906,226150.0
2023-01-24 13:29:00,1674566940.0,0.08905,0.08905,0.08899,0.08904,1058523.0
2023-01-24 13:30:00,1674567000.0,0.08904,0.0891,0.08903,0.08907,484687.0
2023-01-24 13:31:00,1674567060.0,0.0891,0.08912,0.08901,0.08901,239161.0
2023-01-24 13:32:00,1674567120.0,0.089,0.08901,0.08886,0.08892,553850.0
2023-01-24 13:33:00,1674567180.0,0.08891,0.08892,0.08882,0.08886,473064.0
2023-01-24 13:34:00,1674567240.0,0.08885,0.08885,0.08862,0.08872,1866961.0
2023-01-24 13:35:00,1674567300.0,0.08872,0.08872,0.08852,0.08853,724955.0
2023-01-24 13:36:00,1674567360.0,0.08852,0.0886,0.08851,0.08859,241094.0
2023-01-24 13:37:00,1674567420.0,0.08856,0.08856,0.0883,0.08847,2174846.0
2023-01-24 13:38:00,1674567480.0,0.08847,0.08855,0.08845,0.0885,207994.0
2023-01-24 13:39:00,1674567540.0,0.08851,0.08852,0.08815,0.08821,1724288.0
2023-01-24 13:40:00,1674567600.0,0.0882,0.08836,0.0881,0.08831,1890660.0
2023-01-24 13:41:00,1674567660.0,0.08831,0.08831,0.0877,0.08798,6692310.0
2023-01-24 13:42:00,1674567720.0,0.08798,0.08814,0.08769,0.08813,2711314.0
2023-01-24 13:43:00,1674567780.0,0.08813,0.08827,0.08805,0.08807,2009858.0
2023-01-24 13:44:00,1674567840.0,0.08806,0.0882,0.08806,0.08814,1613227.0
2023-01-24 13:45:00,1674567900.0,0.08815,0.08825,0.08807,0.08823,916904.0
2023-01-24 13:46:00,1674567960.0,0.08824,0.08831,0.08796,0.08827,5253743.0
2023-01-24 13:47:00,1674568020.0,0.08828,0.08828,0.08818,0.08824,892805.0
2023-01-24 13:48:00,1674568080.0,0.08823,0.08838,0.08823,0.08835,962056.0
2023-01-24 13:49:00,1674568140.0,0.08835,0.08837,0.08825,0.08827,626943.0
2023-01-24 13:50:00,1674568200.0,0.08828,0.08836,0.08822,0.08834,464353.0
2023-01-24 13:51:00,1674568260.0,0.08834,0.0884,0.08833,0.08833,396214.0
2023-01-24 13:52:00,1674568320.0,0.08833,0.0884,0.08825,0.08825,406201.0
2023-01-24 13:53:00,1674568380.0,0.08824,0.0883,0.08817,0.08823,545856.0
2023-01-24 13:54:00,1674568440.0,0.08822,0.0883,0.08817,0.0883,399706.0
2023-01-24 13:55:00,1674568500.0,0.08831,0.08833,0.0882,0.0882,141884.0
2023-01-24 13:56:00,1674568560.0,0.0882,0.08824,0.08816,0.08821,520424.0
2023-01-24 13:57:00,1674568620.0,0.08821,0.08824,0.08815,0.08824,295011.0
2023-01-24 13:58:00,1674568680.0,0.08824,0.08825,0.08815,0.08818,263401.0
2023-01-24 13:59:00,1674568740.0,0.08819,0.08826,0.08819,0.08822,866484.0
2023-01-24 14:00:00,1674568800.0,0.08822,0.08822,0.08806,0.08816,1910537.0
2023-01-24 14:01:00,1674568860.0,0.08815,0.08815,0.08793,0.08797,2422975.0
2023-01-24 14:02:00,1674568920.0,0.08797,0.08834,0.08795,0.0883,1372135.0
2023-01-24 14:03:00,1674568980.0,0.08832,0.08836,0.0883,0.08833,1202016.0
2023-01-24 14:04:00,1674569040.0,0.08835,0.08836,0.0883,0.08835,596695.0
2023-01-24 14:05:00,1674569100.0,0.08835,0.08842,0.08834,0.08841,210824.0
2023-01-24 14:06:00,1674569160.0,0.08842,0.08846,0.08838,0.0884,782361.0
2023-01-24 14:07:00,1674569220.0,0.0884,0.08846,0.08839,0.08842,444660.0
2023-01-24 14:08:00,1674569280.0,0.08845,0.08846,0.0884,0.08843,120408.0
2023-01-24 14:09:00,1674569340.0,0.08843,0.08844,0.08835,0.08836,812522.0
2023-01-24 14:10:00,1674569400.0,0.08834,0.0884,0.08832,0.08836,658858.0
2023-01-24 14:11:00,1674569460.0,0.08836,0.08839,0.08836,0.08838,115574.0
2023-01-24 14:12:00,1674569520.0,0.08838,0.0885,0.08837,0.08842,517940.0
2023-01-24 14:13:00,1674569580.0,0.08842,0.08855,0.08841,0.08853,429992.0
2023-01-24 14:14:00,1674569640.0,0.08854,0.0886,0.08854,0.0886,627644.0
2023-01-24 14:15:00,1674569700.0,0.0886,0.08861,0.08848,0.08849,435622.0
2023-01-24 14:16:00,1674569760.0,0.08849,0.08851,0.08845,0.08849,710671.0
2023-01-24 14:17:00,1674569820.0,0.08849,0.08852,0.08839,0.08839,1203501.0
2023-01-24 14:18:00,1674569880.0,0.08838,0.08838,0.08829,0.08834,330213.0
2023-01-24 14:19:00,1674569940.0,0.08835,0.08835,0.08824,0.08827,314658.0
2023-01-24 14:20:00,1674570000.0,0.08827,0.08834,0.08825,0.08825,556188.0
2023-01-24 14:21:00,1674570060.0,0.08825,0.08827,0.08808,0.08811,1426024.0
2023-01-24 14:22:00,1674570120.0,0.08812,0.08815,0.08804,0.08815,533167.0
2023-01-24 14:23:00,1674570180.0,0.08814,0.08816,0.08813,0.08814,214565.0
2023-01-24 14:24:00,1674570240.0,0.08813,0.08814,0.08797,0.08802,857681.0
2023-01-24 14:25:00,1674570300.0,0.08802,0.08807,0.08786,0.088,1196270.0
2023-01-24 14:26:00,1674570360.0,0.08801,0.08812,0.08798,0.08812,315731.0
2023-01-24 14:27:00,1674570420.0,0.08812,0.08817,0.08803,0.08807,870379.0
2023-01-24 14:28:00,1674570480.0,0.08808,0.08814,0.08808,0.08812,107633.0
2023-01-24 14:29:00,1674570540.0,0.08811,0.08816,0.08807,0.08816,628269.0
2023-01-24 14:30:00,1674570600.0,0.08816,0.08817,0.08799,0.08799,1423890.0
2023-01-24 14:31:00,1674570660.0,0.08798,0.08812,0.08753,0.08799,7771656.0
2023-01-24 14:32:00,1674570720.0,0.08802,0.08831,0.08784,0.0883,1656586.0
2023-01-24 14:33:00,1674570780.0,0.08831,0.08841,0.08828,0.08838,1148813.0
2023-01-24 14:34:00,1674570840.0,0.08837,0.0884,0.08813,0.08814,777155.0
2023-01-24 14:35:00,1674570900.0,0.08814,0.08814,0.08798,0.08806,789531.0
2023-01-24 14:36:00,1674570960.0,0.08802,0.08819,0.088,0.08817,247620.0
2023-01-24 14:37:00,1674571020.0,0.08817,0.0882,0.08793,0.08808,1501760.0
2023-01-24 14:38:00,1674571080.0,0.08807,0.08818,0.088,0.08808,261580.0
2023-01-24 14:39:00,1674571140.0,0.08807,0.0881,0.088,0.088,594163.0
2023-01-24 14:40:00,1674571200.0,0.08799,0.0881,0.08798,0.08807,535971.0
2023-01-24 14:41:00,1674571260.0,0.08807,0.08816,0.08807,0.08816,488376.0
2023-01-24 14:42:00,1674571320.0,0.08817,0.08832,0.08817,0.08824,218905.0
2023-01-24 14:43:00,1674571380.0,0.0882,0.08827,0.08815,0.08826,411581.0
2023-01-24 14:44:00,1674571440.0,0.08826,0.08826,0.08816,0.0882,512043.0
2023-01-24 14:45:00,1674571500.0,0.08821,0.0883,0.08803,0.0882,2225882.0
2023-01-24 14:46:00,1674571560.0,0.0882,0.08833,0.08807,0.08833,291408.0
2023-01-24 14:47:00,1674571620.0,0.08833,0.08845,0.08827,0.0883,774696.0
2023-01-24 14:48:00,1674571680.0,0.0883,0.08843,0.0883,0.08835,651448.0
2023-01-24 14:49:00,1674571740.0,0.08836,0.08843,0.08833,0.08842,948609.0
2023-01-24 14:50:00,1674571800.0,0.08841,0.08842,0.0883,0.08837,1024877.0
2023-01-24 14:51:00,1674571860.0,0.08838,0.08845,0.08837,0.0884,453106.0
2023-01-24 14:52:00,1674571920.0,0.08838,0.0885,0.08838,0.0885,676268.0
2023-01-24 14:53:00,1674571980.0,0.0885,0.08856,0.08846,0.08847,834738.0
2023-01-24 14:54:00,1674572040.0,0.08848,0.0887,0.08848,0.08869,1485144.0
2023-01-24 14:55:00,1674572100.0,0.0887,0.08873,0.08863,0.08865,598963.0
2023-01-24 14:56:00,1674572160.0,0.08865,0.0887,0.08856,0.08857,952934.0
2023-01-24 14:57:00,1674572220.0,0.08856,0.08856,0.08842,0.08852,739334.0
2023-01-24 14:58:00,1674572280.0,0.08852,0.08852,0.08837,0.08849,793353.0
2023-01-24 14:59:00,1674572340.0,0.08848,0.08848,0.08824,0.0883,820350.0
2023-01-24 15:00:00,1674572400.0,0.0883,0.08839,0.08817,0.08817,549211.0
2023-01-24 15:01:00,1674572460.0,0.08816,0.0883,0.08813,0.08827,611786.0
2023-01-24 15:02:00,1674572520.0,0.08826,0.0883,0.08816,0.08818,546725.0
2023-01-24 15:03:00,1674572580.0,0.08817,0.0883,0.08817,0.08827,461351.0
2023-01-24 15:04:00,1674572640.0,0.08825,0.08825,0.0881,0.0881,273760.0
2023-01-24 15:05:00,1674572700.0,0.0881,0.08814,0.08796,0.08797,751555.0
2023-01-24 15:06:00,1674572760.0,0.08796,0.08796,0.08782,0.08792,1472831.0
2023-01-24 15:07:00,1674572820.0,0.08792,0.088,0.08792,0.08792,608390.0
2023-01-24 15:08:00,1674572880.0,0.08792,0.08813,0.08792,0.08813,806727.0
2023-01-24 15:09:00,1674572940.0,0.08814,0.08821,0.08814,0.08818,79067.0
2023-01-24 15:10:00,1674573000.0,0.08817,0.08823,0.08812,0.08823,271510.0
2023-01-24 15:11:00,1674573060.0,0.08822,0.08832,0.08822,0.08829,314490.0
2023-01-24 15:12:00,1674573120.0,0.08829,0.08831,0.08821,0.0883,175132.0
2023-01-24 15:13:00,1674573180.0,0.0883,0.08833,0.08827,0.08832,585394.0
2023-01-24 15:14:00,1674573240.0,0.08832,0.0884,0.08828,0.0884,477301.0
2023-01-24 15:15:00,1674573300.0,0.0884,0.08849,0.08838,0.08843,890855.0
2023-01-24 15:16:00,1674573360.0,0.08842,0.08848,0.08832,0.08834,436058.0
2023-01-24 15:17:00,1674573420.0,0.08836,0.08842,0.08823,0.08825,1825257.0
2023-01-24 15:18:00,1674573480.0,0.08826,0.08832,0.08818,0.08824,275019.0
2023-01-24 15:19:00,1674573540.0,0.08825,0.0883,0.08819,0.08823,499870.0
2023-01-24 15:20:00,1674573600.0,0.08822,0.08831,0.08822,0.0883,165047.0
2023-01-24 15:21:00,1674573660.0,0.08831,0.08834,0.08828,0.08829,174014.0
2023-01-24 15:22:00,1674573720.0,0.08829,0.08829,0.08825,0.08829,168949.0
2023-01-24 15:23:00,1674573780.0,0.08829,0.0883,0.08825,0.0883,167025.0
2023-01-24 15:24:00,1674573840.0,0.08831,0.08831,0.08814,0.08821,572484.0
2023-01-24 15:25:00,1674573900.0,0.08821,0.08829,0.08818,0.08828,189797.0
2023-01-24 15:26:00,1674573960.0,0.08828,0.08838,0.08826,0.08835,463538.0
2023-01-24 15:27:00,1674574020.0,0.08834,0.08838,0.08831,0.08837,252036.0
2023-01-24 15:28:00,1674574080.0,0.08838,0.08838,0.08834,0.08836,240704.0
2023-01-24 15:29:00,1674574140.0,0.08836,0.08845,0.08836,0.08844,333370.0
2023-01-24 15:30:00,1674574200.0,0.08844,0.08844,0.08835,0.08841,299081.0
2023-01-24 15:31:00,1674574260.0,0.08841,0.08843,0.08837,0.08841,207704.0
2023-01-24 15:32:00,1674574320.0,0.08842,0.08845,0.08839,0.08842,516994.0
2023-01-24 15:33:00,1674574380.0,0.08841,0.08843,0.08838,0.08843,139606.0
2023-01-24 15:34:00,1674574440.0,0.08842,0.08845,0.08837,0.08839,83858.0
2023-01-24 15:35:00,1674574500.0,0.08839,0.08839,0.08834,0.08835,159156.0
2023-01-24 15:36:00,1674574560.0,0.08834,0.08835,0.08816,0.0882,483220.0
2023-01-24 15:37:00,1674574620.0,0.0882,0.08825,0.08818,0.08823,122276.0
2023-01-24 15:38:00,1674574680.0,0.08823,0.08829,0.08816,0.08816,617019.0
2023-01-24 15:39:00,1674574740.0,0.08817,0.08817,0.08802,0.08803,356124.0
2023-01-24 15:40:00,1674574800.0,0.08803,0.08807,0.08802,0.08806,309704.0
2023-01-24 15:41:00,1674574860.0,0.08807,0.08813,0.08801,0.08807,469021.0
2023-01-24 15:42:00,1674574920.0,0.08808,0.08819,0.08808,0.08819,344383.0
2023-01-24 15:43:00,1674574980.0,0.08818,0.08824,0.08817,0.08824,126718.0
2023-01-24 15:44:00,1674575040.0,0.08825,0.08832,0.08824,0.08832,267343.0
2023-01-24 15:45:00,1674575100.0,0.08832,0.08832,0.08825,0.0883,96061.0
2023-01-24 15:46:00,1674575160.0,0.08831,0.08839,0.08831,0.08839,478632.0
2023-01-24 15:47:00,1674575220.0,0.08838,0.08841,0.08836,0.08839,395844.0
2023-01-24 15:48:00,1674575280.0,0.0884,0.08843,0.08833,0.08838,1153602.0
2023-01-24 15:49:00,1674575340.0,0.08841,0.08845,0.0884,0.08844,91409.0
2023-01-24 15:50:00,1674575400.0,0.08845,0.0885,0.08843,0.08849,218773.0
2023-01-24 15:51:00,1674575460.0,0.08846,0.08847,0.08841,0.08841,168842.0
2023-01-24 15:52:00,1674575520.0,0.08841,0.08847,0.08839,0.08846,213354.0
2023-01-24 15:53:00,1674575580.0,0.08846,0.08849,0.08845,0.08848,404969.0
2023-01-24 15:54:00,1674575640.0,0.08848,0.08856,0.08842,0.08855,481477.0
2023-01-24 15:55:00,1674575700.0,0.08855,0.0886,0.08851,0.08854,833390.0
2023-01-24 15:56:00,1674575760.0,0.08854,0.08858,0.08854,0.08858,310169.0
2023-01-24 15:57:00,1674575820.0,0.08857,0.08858,0.08855,0.08856,131041.0
2023-01-24 15:58:00,1674575880.0,0.08856,0.0886,0.08855,0.08859,256318.0
2023-01-24 15:59:00,1674575940.0,0.0886,0.08863,0.08856,0.08858,1271421.0
2023-01-24 16:00:00,1674576000.0,0.08859,0.08871,0.08858,0.08861,662226.0
2023-01-24 16:01:00,1674576060.0,0.08861,0.08865,0.08855,0.08856,555732.0
2023-01-24 16:02:00,1674576120.0,0.08857,0.08865,0.08857,0.08865,200778.0
2023-01-24 16:03:00,1674576180.0,0.08866,0.08866,0.08852,0.08852,175878.0
2023-01-24 16:04:00,1674576240.0,0.08853,0.08855,0.08849,0.0885,255450.0
2023-01-24 16:05:00,1674576300.0,0.08849,0.0885,0.08845,0.08848,261300.0
2023-01-24 16:06:00,1674576360.0,0.08847,0.08853,0.08847,0.08847,100821.0
2023-01-24 16:07:00,1674576420.0,0.08847,0.08847,0.08841,0.08843,428905.0
2023-01-24 16:08:00,1674576480.0,0.08843,0.08847,0.0884,0.08841,172593.0
2023-01-24 16:09:00,1674576540.0,0.0884,0.0884,0.0883,0.08833,420061.0
2023-01-24 16:10:00,1674576600.0,0.08833,0.08839,0.08831,0.08839,294142.0
2023-01-24 16:11:00,1674576660.0,0.08839,0.0886,0.08839,0.08851,1659995.0
2023-01-24 16:12:00,1674576720.0,0.08851,0.08854,0.08843,0.08843,697791.0
2023-01-24 16:13:00,1674576780.0,0.0884,0.0884,0.08832,0.08832,209271.0
2023-01-24 16:14:00,1674576840.0,0.08832,0.08836,0.08832,0.08836,219267.0
2023-01-24 16:15:00,1674576900.0,0.08836,0.08843,0.08833,0.0884,749643.0
2023-01-24 16:16:00,1674576960.0,0.08839,0.08842,0.08836,0.08836,121205.0
2023-01-24 16:17:00,1674577020.0,0.08836,0.08845,0.08834,0.08844,139532.0
2023-01-24 16:18:00,1674577080.0,0.08845,0.0885,0.08845,0.08849,335633.0
2023-01-24 16:19:00,1674577140.0,0.08849,0.08862,0.08848,0.08862,511390.0
2023-01-24 16:20:00,1674577200.0,0.08861,0.08862,0.08856,0.08857,471034.0
2023-01-24 16:21:00,1674577260.0,0.08857,0.08858,0.08847,0.0885,554232.0
2023-01-24 16:22:00,1674577320.0,0.08851,0.08862,0.08851,0.08862,242039.0
2023-01-24 16:23:00,1674577380.0,0.08861,0.08865,0.0886,0.08863,84450.0
2023-01-24 16:24:00,1674577440.0,0.08863,0.0887,0.08863,0.08865,270781.0
2023-01-24 16:25:00,1674577500.0,0.08865,0.08868,0.08861,0.08868,299849.0
2023-01-24 16:26:00,1674577560.0,0.08869,0.08875,0.08867,0.08874,747775.0
2023-01-24 16:27:00,1674577620.0,0.08874,0.08879,0.08873,0.08874,411715.0
2023-01-24 16:28:00,1674577680.0,0.08874,0.0888,0.08873,0.08875,220855.0
2023-01-24 16:29:00,1674577740.0,0.08876,0.0888,0.08875,0.08879,209874.0
2023-01-24 16:30:00,1674577800.0,0.0888,0.0888,0.08872,0.08872,711937.0
2023-01-24 16:31:00,1674577860.0,0.08871,0.08872,0.08857,0.08859,513456.0
2023-01-24 16:32:00,1674577920.0,0.08859,0.08861,0.08857,0.08857,497198.0
2023-01-24 16:33:00,1674577980.0,0.08856,0.08856,0.08848,0.08849,258108.0
2023-01-24 16:34:00,1674578040.0,0.08848,0.0885,0.08844,0.08849,199587.0
2023-01-24 16:35:00,1674578100.0,0.08849,0.08854,0.08847,0.08853,197413.0
2023-01-24 16:36:00,1674578160.0,0.08854,0.08857,0.08853,0.08855,68143.0
2023-01-24 16:37:00,1674578220.0,0.08852,0.08852,0.08848,0.08848,61884.0
2023-01-24 16:38:00,1674578280.0,0.08848,0.08848,0.08843,0.08845,83156.0
2023-01-24 16:39:00,1674578340.0,0.08845,0.08849,0.08843,0.08849,86530.0
2023-01-24 16:40:00,1674578400.0,0.08849,0.08851,0.08838,0.08839,292414.0
2023-01-24 16:41:00,1674578460.0,0.08838,0.0884,0.08835,0.08837,291933.0
2023-01-24 16:42:00,1674578520.0,0.08839,0.08845,0.08839,0.08845,60141.0
2023-01-24 16:43:00,1674578580.0,0.08845,0.08845,0.0884,0.08841,89276.0
2023-01-24 16:44:00,1674578640.0,0.08841,0.08843,0.08835,0.0884,546303.0
2023-01-24 16:45:00,1674578700.0,0.08839,0.0884,0.08836,0.0884,56076.0
2023-01-24 16:46:00,1674578760.0,0.08839,0.08845,0.08839,0.08845,111825.0
2023-01-24 16:47:00,1674578820.0,0.08844,0.08844,0.08834,0.08834,287092.0
2023-01-24 16:48:00,1674578880.0,0.08834,0.08834,0.08821,0.08822,312916.0
2023-01-24 16:49:00,1674578940.0,0.08822,0.08822,0.08815,0.08816,410124.0
2023-01-24 16:50:00,1674579000.0,0.08816,0.08825,0.08816,0.08821,293976.0
2023-01-24 16:51:00,1674579060.0,0.08821,0.08821,0.08814,0.08816,455803.0
2023-01-24 16:52:00,1674579120.0,0.08815,0.08816,0.08801,0.08808,636903.0
2023-01-24 16:53:00,1674579180.0,0.08806,0.08808,0.08798,0.08799,1417469.0
2023-01-24 16:54:00,1674579240.0,0.08798,0.08801,0.08789,0.08795,915616.0
2023-01-24 16:55:00,1674579300.0,0.08794,0.08794,0.0878,0.08785,1132924.0
2023-01-24 16:56:00,1674579360.0,0.08785,0.08795,0.08769,0.08793,5495405.0
2023-01-24 16:57:00,1674579420.0,0.08792,0.08799,0.0879,0.08795,1172375.0
2023-01-24 16:58:00,1674579480.0,0.08795,0.08805,0.08792,0.08802,557366.0
2023-01-24 16:59:00,1674579540.0,0.08803,0.08806,0.08802,0.08804,87147.0
2023-01-24 17:00:00,1674579600.0,0.08804,0.08804,0.08793,0.08793,292860.0
2023-01-24 17:01:00,1674579660.0,0.08793,0.08793,0.08767,0.0877,1767297.0
2023-01-24 17:02:00,1674579720.0,0.08769,0.08775,0.08741,0.08755,7766154.0
2023-01-24 17:03:00,1674579780.0,0.08755,0.08769,0.08725,0.08755,8136695.0
2023-01-24 17:04:00,1674579840.0,0.08755,0.08763,0.08748,0.08755,905461.0
2023-01-24 17:05:00,1674579900.0,0.08756,0.08767,0.0874,0.0874,1022594.0
2023-01-24 17:06:00,1674579960.0,0.08741,0.08741,0.08692,0.0872,7128315.0
2023-01-24 17:07:00,1674580020.0,0.08721,0.08756,0.08716,0.08755,1316282.0
2023-01-24 17:08:00,1674580080.0,0.08754,0.08757,0.08738,0.0874,1049081.0
2023-01-24 17:09:00,1674580140.0,0.0874,0.08768,0.08738,0.08765,2037962.0
2023-01-24 17:10:00,1674580200.0,0.08765,0.08772,0.08759,0.08772,593987.0
2023-01-24 17:11:00,1674580260.0,0.08771,0.0878,0.0877,0.0878,277507.0
2023-01-24 17:12:00,1674580320.0,0.08781,0.08784,0.08773,0.08777,919205.0
2023-01-24 17:13:00,1674580380.0,0.08777,0.08787,0.08777,0.08782,863508.0
2023-01-24 17:14:00,1674580440.0,0.08782,0.08784,0.08758,0.08766,4096919.0
2023-01-24 17:15:00,1674580500.0,0.08766,0.08771,0.08759,0.08765,1662613.0
2023-01-24 17:16:00,1674580560.0,0.08764,0.08782,0.08764,0.08782,718972.0
2023-01-24 17:17:00,1674580620.0,0.08785,0.088,0.08785,0.08798,1224531.0
2023-01-24 17:18:00,1674580680.0,0.08798,0.08805,0.08796,0.088,595013.0
2023-01-24 17:19:00,1674580740.0,0.088,0.08808,0.08798,0.08806,579091.0
2023-01-24 17:20:00,1674580800.0,0.08807,0.08807,0.08794,0.088,421730.0
2023-01-24 17:21:00,1674580860.0,0.088,0.08801,0.08792,0.088,346308.0
2023-01-24 17:22:00,1674580920.0,0.088,0.08805,0.088,0.08803,425055.0
2023-01-24 17:23:00,1674580980.0,0.08805,0.08808,0.088,0.08808,180382.0
2023-01-24 17:24:00,1674581040.0,0.08808,0.08809,0.08806,0.08806,91118.0
2023-01-24 17:25:00,1674581100.0,0.08806,0.08809,0.08797,0.08798,441743.0
2023-01-24 17:26:00,1674581160.0,0.08798,0.08798,0.0879,0.0879,283506.0
2023-01-24 17:27:00,1674581220.0,0.08789,0.08793,0.08783,0.08785,550628.0
2023-01-24 17:28:00,1674581280.0,0.08784,0.08788,0.08784,0.08787,206043.0
2023-01-24 17:29:00,1674581340.0,0.08788,0.08793,0.08784,0.08792,228672.0
2023-01-24 17:30:00,1674581400.0,0.08792,0.08792,0.0877,0.08771,718460.0
2023-01-24 17:31:00,1674581460.0,0.08771,0.08774,0.08761,0.08764,623712.0
2023-01-24 17:32:00,1674581520.0,0.08764,0.08775,0.08759,0.08775,518443.0
2023-01-24 17:33:00,1674581580.0,0.08775,0.08786,0.0877,0.08786,1266973.0
2023-01-24 17:34:00,1674581640.0,0.08787,0.08787,0.08777,0.08778,270254.0
2023-01-24 17:35:00,1674581700.0,0.08777,0.08777,0.08766,0.08767,587040.0
2023-01-24 17:36:00,1674581760.0,0.08767,0.08772,0.08766,0.08772,298162.0
2023-01-24 17:37:00,1674581820.0,0.08772,0.0879,0.08772,0.08789,479453.0
2023-01-24 17:38:00,1674581880.0,0.08789,0.08796,0.08789,0.08796,119229.0
2023-01-24 17:39:00,1674581940.0,0.08796,0.088,0.08792,0.08795,906385.0
2023-01-24 17:40:00,1674582000.0,0.08796,0.08802,0.08792,0.08796,668655.0
2023-01-24 17:41:00,1674582060.0,0.08796,0.08799,0.08786,0.08786,504291.0
2023-01-24 17:42:00,1674582120.0,0.08786,0.08786,0.08772,0.08775,424193.0
2023-01-24 17:43:00,1674582180.0,0.08777,0.0878,0.08773,0.0878,336098.0
2023-01-24 17:44:00,1674582240.0,0.0878,0.0878,0.08774,0.08775,135048.0
2023-01-24 17:45:00,1674582300.0,0.08774,0.08781,0.08772,0.08781,275046.0
2023-01-24 17:46:00,1674582360.0,0.0878,0.0879,0.0878,0.0879,216173.0
2023-01-24 17:47:00,1674582420.0,0.08789,0.08791,0.08778,0.08778,592102.0
2023-01-24 17:48:00,1674582480.0,0.08778,0.08778,0.08773,0.08778,366329.0
2023-01-24 17:49:00,1674582540.0,0.08778,0.08778,0.08775,0.08775,100306.0
2023-01-24 17:50:00,1674582600.0,0.08775,0.08778,0.08773,0.08773,232971.0
2023-01-24 17:51:00,1674582660.0,0.08773,0.08781,0.08773,0.08774,189274.0
2023-01-24 17:52:00,1674582720.0,0.08775,0.08776,0.08761,0.08768,1694537.0
2023-01-24 17:53:00,1674582780.0,0.08769,0.08784,0.08769,0.08783,571515.0
2023-01-24 17:54:00,1674582840.0,0.08783,0.0879,0.08783,0.08789,278987.0
2023-01-24 17:55:00,1674582900.0,0.08789,0.0879,0.08775,0.0878,2091055.0
2023-01-24 17:56:00,1674582960.0,0.08783,0.08784,0.0878,0.0878,109885.0
2023-01-24 17:57:00,1674583020.0,0.0878,0.08782,0.08776,0.08779,86872.0
2023-01-24 17:58:00,1674583080.0,0.08779,0.08788,0.08779,0.08788,294944.0
2023-01-24 17:59:00,1674583140.0,0.08788,0.08791,0.08783,0.0879,620324.0
2023-01-24 18:00:00,1674583200.0,0.08791,0.08793,0.08786,0.08789,188775.0
2023-01-24 18:01:00,1674583260.0,0.0879,0.08802,0.0879,0.08797,481877.0
2023-01-24 18:02:00,1674583320.0,0.08798,0.08799,0.08792,0.08799,548370.0
2023-01-24 18:03:00,1674583380.0,0.08799,0.088,0.08793,0.08794,169434.0
2023-01-24 18:04:00,1674583440.0,0.08794,0.08794,0.08774,0.08774,578088.0
2023-01-24 18:05:00,1674583500.0,0.08774,0.08779,0.08771,0.08772,524396.0
2023-01-24 18:06:00,1674583560.0,0.08773,0.08778,0.0877,0.08774,456672.0
2023-01-24 18:07:00,1674583620.0,0.08774,0.08784,0.08774,0.08783,383323.0
2023-01-24 18:08:00,1674583680.0,0.08783,0.08794,0.08783,0.08794,106916.0
2023-01-24 18:09:00,1674583740.0,0.08794,0.08795,0.08791,0.08793,393430.0
2023-01-24 18:10:00,1674583800.0,0.08793,0.08803,0.08793,0.08803,271448.0
2023-01-24 18:11:00,1674583860.0,0.08802,0.08809,0.08801,0.08809,1179858.0
2023-01-24 18:12:00,1674583920.0,0.08809,0.08818,0.08809,0.08815,689952.0
2023-01-24 18:13:00,1674583980.0,0.08815,0.08821,0.08812,0.08818,1169406.0
2023-01-24 18:14:00,1674584040.0,0.08817,0.08818,0.08811,0.08817,446249.0
2023-01-24 18:15:00,1674584100.0,0.08818,0.08819,0.08813,0.08817,986908.0
2023-01-24 18:16:00,1674584160.0,0.08817,0.08827,0.08817,0.08821,702773.0
2023-01-24 18:17:00,1674584220.0,0.08821,0.08829,0.08821,0.08828,334371.0
2023-01-24 18:18:00,1674584280.0,0.08829,0.08835,0.08824,0.08824,971113.0
2023-01-24 18:19:00,1674584340.0,0.08823,0.08829,0.08819,0.08825,628505.0
2023-01-24 18:20:00,1674584400.0,0.08825,0.08831,0.08825,0.08827,95619.0
2023-01-24 18:21:00,1674584460.0,0.08828,0.08828,0.0882,0.08821,201837.0
2023-01-24 18:22:00,1674584520.0,0.08823,0.08823,0.08811,0.08812,396501.0
2023-01-24 18:23:00,1674584580.0,0.08812,0.0882,0.08808,0.0882,173257.0
2023-01-24 18:24:00,1674584640.0,0.0882,0.08826,0.08817,0.08825,260655.0
2023-01-24 18:25:00,1674584700.0,0.08825,0.08826,0.08822,0.08822,171734.0
2023-01-24 18:26:00,1674584760.0,0.08823,0.08823,0.08817,0.08822,381969.0
2023-01-24 18:27:00,1674584820.0,0.08823,0.08825,0.08821,0.08823,735462.0
2023-01-24 18:28:00,1674584880.0,0.08822,0.08823,0.0882,0.0882,162172.0
2023-01-24 18:29:00,1674584940.0,0.08819,0.08819,0.08807,0.08813,1969117.0
2023-01-24 18:30:00,1674585000.0,0.08814,0.08815,0.08806,0.08806,994079.0
2023-01-24 18:31:00,1674585060.0,0.08805,0.08811,0.08804,0.08811,604445.0
2023-01-24 18:32:00,1674585120.0,0.08812,0.08816,0.08809,0.08816,320323.0
2023-01-24 18:33:00,1674585180.0,0.08815,0.08816,0.08811,0.08816,376238.0
2023-01-24 18:34:00,1674585240.0,0.08815,0.08816,0.08811,0.08812,304276.0
2023-01-24 18:35:00,1674585300.0,0.08812,0.08814,0.0881,0.08813,226785.0
2023-01-24 18:36:00,1674585360.0,0.08813,0.08817,0.08813,0.08814,385736.0
2023-01-24 18:37:00,1674585420.0,0.08814,0.08818,0.08813,0.08817,70537.0
2023-01-24 18:38:00,1674585480.0,0.08818,0.08823,0.08818,0.08822,525547.0
2023-01-24 18:39:00,1674585540.0,0.08821,0.08827,0.0882,0.08827,54936.0
2023-01-24 18:40:00,1674585600.0,0.08826,0.0884,0.08826,0.08836,775847.0
2023-01-24 18:41:00,1674585660.0,0.08836,0.08841,0.0883,0.0883,822679.0
2023-01-24 18:42:00,1674585720.0,0.0883,0.0883,0.08819,0.08821,308366.0
2023-01-24 18:43:00,1674585780.0,0.08821,0.08825,0.08821,0.08825,496134.0
2023-01-24 18:44:00,1674585840.0,0.08824,0.08824,0.08816,0.08817,133738.0
2023-01-24 18:45:00,1674585900.0,0.08818,0.0883,0.08818,0.08829,1589450.0
2023-01-24 18:46:00,1674585960.0,0.08829,0.0883,0.08828,0.0883,75099.0
2023-01-24 18:47:00,1674586020.0,0.0883,0.08836,0.0883,0.08832,416389.0
2023-01-24 18:48:00,1674586080.0,0.08832,0.08832,0.08829,0.08832,131512.0
2023-01-24 18:49:00,1674586140.0,0.08832,0.08834,0.08832,0.08834,281544.0
2023-01-24 18:50:00,1674586200.0,0.08834,0.08834,0.08828,0.0883,1206121.0
2023-01-24 18:51:00,1674586260.0,0.08829,0.08829,0.08822,0.08827,278682.0
2023-01-24 18:52:00,1674586320.0,0.08827,0.08837,0.08827,0.08834,214861.0
2023-01-24 18:53:00,1674586380.0,0.08835,0.0884,0.08835,0.08839,190091.0
2023-01-24 18:54:00,1674586440.0,0.08839,0.08839,0.08831,0.08832,429778.0
2023-01-24 18:55:00,1674586500.0,0.08832,0.08835,0.0883,0.08833,295041.0
2023-01-24 18:56:00,1674586560.0,0.08834,0.08837,0.08834,0.08836,110390.0
2023-01-24 18:57:00,1674586620.0,0.08836,0.08838,0.08833,0.08834,515935.0
2023-01-24 18:58:00,1674586680.0,0.08834,0.08834,0.08823,0.08826,444796.0
2023-01-24 18:59:00,1674586740.0,0.08827,0.08835,0.08827,0.08832,331851.0
2023-01-24 19:00:00,1674586800.0,0.08832,0.08839,0.08832,0.08833,737138.0
2023-01-24 19:01:00,1674586860.0,0.08832,0.08832,0.08825,0.08826,316889.0
2023-01-24 19:02:00,1674586920.0,0.08826,0.08832,0.08826,0.08828,158394.0
2023-01-24 19:03:00,1674586980.0,0.08829,0.08836,0.08829,0.08834,176900.0
2023-01-24 19:04:00,1674587040.0,0.08835,0.08837,0.08831,0.08831,241588.0
2023-01-24 19:05:00,1674587100.0,0.08831,0.08836,0.0883,0.08836,90168.0
2023-01-24 19:06:00,1674587160.0,0.08836,0.08838,0.08836,0.08836,93921.0
2023-01-24 19:07:00,1674587220.0,0.08836,0.08837,0.08831,0.08837,96649.0
2023-01-24 19:08:00,1674587280.0,0.08837,0.08839,0.08836,0.08837,72167.0
2023-01-24 19:09:00,1674587340.0,0.08835,0.08836,0.08831,0.08832,85538.0
2023-01-24 19:10:00,1674587400.0,0.08832,0.08837,0.08832,0.08836,37189.0
2023-01-24 19:11:00,1674587460.0,0.08836,0.08836,0.08832,0.08832,110746.0
2023-01-24 19:12:00,1674587520.0,0.08833,0.08839,0.08833,0.08838,110014.0
2023-01-24 19:13:00,1674587580.0,0.08838,0.08842,0.08838,0.08842,83965.0
2023-01-24 19:14:00,1674587640.0,0.08841,0.08849,0.08841,0.08845,217206.0
2023-01-24 19:15:00,1674587700.0,0.08845,0.08852,0.08844,0.08852,326246.0
2023-01-24 19:16:00,1674587760.0,0.08852,0.08854,0.0885,0.08853,250963.0
2023-01-24 19:17:00,1674587820.0,0.08853,0.08853,0.08849,0.0885,178556.0
2023-01-24 19:18:00,1674587880.0,0.0885,0.0885,0.08843,0.08848,273142.0
2023-01-24 19:19:00,1674587940.0,0.08848,0.08848,0.08842,0.08842,268119.0
2023-01-24 19:20:00,1674588000.0,0.08843,0.08843,0.0884,0.08842,76350.0
2023-01-24 19:21:00,1674588060.0,0.08842,0.08846,0.08841,0.08845,255768.0
2023-01-24 19:22:00,1674588120.0,0.08845,0.08846,0.08843,0.08843,190194.0
2023-01-24 19:23:00,1674588180.0,0.08843,0.08851,0.08843,0.08845,238458.0
2023-01-24 19:24:00,1674588240.0,0.08846,0.08848,0.08843,0.08843,202626.0
2023-01-24 19:25:00,1674588300.0,0.08843,0.08848,0.08842,0.08848,34483.0
2023-01-24 19:26:00,1674588360.0,0.08847,0.08848,0.08842,0.08847,235630.0
2023-01-24 19:27:00,1674588420.0,0.08846,0.08847,0.08844,0.08845,34199.0
2023-01-24 19:28:00,1674588480.0,0.08845,0.08845,0.0884,0.0884,126212.0
2023-01-24 19:29:00,1674588540.0,0.0884,0.08842,0.08839,0.08839,144449.0
2023-01-24 19:30:00,1674588600.0,0.08839,0.08839,0.08836,0.08836,281876.0
2023-01-24 19:31:00,1674588660.0,0.08836,0.08845,0.08836,0.08844,283022.0
2023-01-24 19:32:00,1674588720.0,0.08843,0.08844,0.08841,0.08843,195959.0
2023-01-24 19:33:00,1674588780.0,0.08842,0.08849,0.08842,0.08849,96471.0
2023-01-24 19:34:00,1674588840.0,0.08849,0.08849,0.08847,0.08847,169236.0
2023-01-24 19:35:00,1674588900.0,0.08847,0.08847,0.08841,0.08846,389975.0
2023-01-24 19:36:00,1674588960.0,0.08846,0.08848,0.08846,0.08848,43690.0
2023-01-24 19:37:00,1674589020.0,0.08849,0.08849,0.08839,0.08841,124546.0
2023-01-24 19:38:00,1674589080.0,0.0884,0.08844,0.08839,0.08844,100248.0
2023-01-24 19:39:00,1674589140.0,0.08843,0.08844,0.08843,0.08844,31021.0
2023-01-24 19:40:00,1674589200.0,0.08844,0.08844,0.08842,0.08844,149230.0
2023-01-24 19:41:00,1674589260.0,0.08844,0.08845,0.08841,0.08841,48008.0
2023-01-24 19:42:00,1674589320.0,0.0884,0.0885,0.0884,0.08849,1212036.0
2023-01-24 19:43:00,1674589380.0,0.0885,0.08856,0.08849,0.08854,229676.0
2023-01-24 19:44:00,1674589440.0,0.08853,0.08855,0.08851,0.08851,274502.0
2023-01-24 19:45:00,1674589500.0,0.0885,0.08852,0.08846,0.08851,171579.0
2023-01-24 19:46:00,1674589560.0,0.08852,0.08852,0.0885,0.0885,22539.0
2023-01-24 19:47:00,1674589620.0,0.0885,0.08866,0.0885,0.08865,964541.0
2023-01-24 19:48:00,1674589680.0,0.08866,0.08874,0.08865,0.08867,1223802.0
2023-01-24 19:49:00,1674589740.0,0.08868,0.08868,0.08854,0.08854,381174.0
2023-01-24 19:50:00,1674589800.0,0.08853,0.08856,0.0885,0.08856,596290.0
2023-01-24 19:51:00,1674589860.0,0.08855,0.08855,0.08853,0.08854,389807.0
2023-01-24 19:52:00,1674589920.0,0.08853,0.08853,0.0885,0.08852,324023.0
2023-01-24 19:53:00,1674589980.0,0.08853,0.08855,0.08851,0.08853,349975.0
2023-01-24 19:54:00,1674590040.0,0.08854,0.0886,0.08854,0.0886,290957.0
2023-01-24 19:55:00,1674590100.0,0.08859,0.08862,0.08856,0.08862,228907.0
2023-01-24 19:56:00,1674590160.0,0.08862,0.08863,0.0886,0.0886,292911.0
2023-01-24 19:57:00,1674590220.0,0.08859,0.0886,0.08854,0.08855,310999.0
2023-01-24 19:58:00,1674590280.0,0.08855,0.08855,0.08853,0.08854,337494.0
2023-01-24 19:59:00,1674590340.0,0.08855,0.08858,0.08855,0.08858,84175.0
2023-01-24 20:00:00,1674590400.0,0.08857,0.08858,0.08852,0.08852,365613.0
2023-01-24 20:01:00,1674590460.0,0.08852,0.0886,0.0885,0.08859,194307.0
2023-01-24 20:02:00,1674590520.0,0.0886,0.08866,0.0886,0.08864,259664.0
2023-01-24 20:03:00,1674590580.0,0.08865,0.08867,0.08864,0.08867,228270.0
2023-01-24 20:04:00,1674590640.0,0.08866,0.08866,0.08862,0.08863,121119.0
2023-01-24 20:05:00,1674590700.0,0.08862,0.08862,0.08854,0.08854,179172.0
2023-01-24 20:06:00,1674590760.0,0.08855,0.08858,0.08847,0.08849,287127.0
2023-01-24 20:07:00,1674590820.0,0.08849,0.08851,0.08845,0.08846,196363.0
2023-01-24 20:08:00,1674590880.0,0.08845,0.08847,0.08845,0.08846,175499.0
2023-01-24 20:09:00,1674590940.0,0.08847,0.08847,0.08835,0.08837,362166.0
2023-01-24 20:10:00,1674591000.0,0.08836,0.08838,0.08828,0.08833,1112972.0
2023-01-24 20:11:00,1674591060.0,0.08833,0.08834,0.08826,0.08828,365902.0
2023-01-24 20:12:00,1674591120.0,0.08828,0.08831,0.08821,0.08821,186408.0
2023-01-24 20:13:00,1674591180.0,0.08822,0.08826,0.08821,0.08825,270436.0
2023-01-24 20:14:00,1674591240.0,0.08823,0.08826,0.08819,0.08825,822069.0
2023-01-24 20:15:00,1674591300.0,0.08825,0.08825,0.08821,0.08821,320897.0
2023-01-24 20:16:00,1674591360.0,0.0882,0.0882,0.08797,0.08811,1354736.0
2023-01-24 20:17:00,1674591420.0,0.08811,0.08812,0.08799,0.08801,412474.0
2023-01-24 20:18:00,1674591480.0,0.08801,0.08808,0.08801,0.08805,1120450.0
2023-01-24 20:19:00,1674591540.0,0.08805,0.08817,0.08804,0.08814,456009.0
2023-01-24 20:20:00,1674591600.0,0.08814,0.08818,0.08812,0.08816,302148.0
2023-01-24 20:21:00,1674591660.0,0.08817,0.08822,0.08817,0.08818,201405.0
2023-01-24 20:22:00,1674591720.0,0.08818,0.08818,0.08812,0.08812,205968.0
2023-01-24 20:23:00,1674591780.0,0.08813,0.08813,0.08802,0.08806,213617.0
2023-01-24 20:24:00,1674591840.0,0.08805,0.08814,0.08805,0.08814,230971.0
2023-01-24 20:25:00,1674591900.0,0.08811,0.0882,0.08811,0.08815,959525.0
2023-01-24 20:26:00,1674591960.0,0.08818,0.08818,0.08808,0.08811,179010.0
2023-01-24 20:27:00,1674592020.0,0.08815,0.08818,0.08813,0.08818,74980.0
2023-01-24 20:28:00,1674592080.0,0.08818,0.08824,0.08818,0.08824,103722.0
2023-01-24 20:29:00,1674592140.0,0.08823,0.08824,0.08818,0.08822,160414.0
2023-01-24 20:30:00,1674592200.0,0.08822,0.0883,0.08821,0.0883,530117.0
2023-01-24 20:31:00,1674592260.0,0.08829,0.08829,0.08821,0.08823,233890.0
2023-01-24 20:32:00,1674592320.0,0.08823,0.0883,0.08821,0.0883,114066.0
2023-01-24 20:33:00,1674592380.0,0.0883,0.0883,0.08818,0.08818,162779.0
2023-01-24 20:34:00,1674592440.0,0.08819,0.08822,0.08815,0.08815,380425.0
2023-01-24 20:35:00,1674592500.0,0.08815,0.08819,0.08813,0.08817,159351.0
2023-01-24 20:36:00,1674592560.0,0.08818,0.08818,0.08805,0.08805,255394.0
2023-01-24 20:37:00,1674592620.0,0.08805,0.08805,0.08799,0.08802,277916.0
2023-01-24 20:38:00,1674592680.0,0.08803,0.08806,0.08799,0.08799,571132.0
2023-01-24 20:39:00,1674592740.0,0.08799,0.088,0.08784,0.0879,1896020.0
2023-01-24 20:40:00,1674592800.0,0.08789,0.08789,0.0878,0.08787,1141193.0
2023-01-24 20:41:00,1674592860.0,0.08788,0.08794,0.08777,0.08788,1263053.0
2023-01-24 20:42:00,1674592920.0,0.08788,0.08794,0.08771,0.08771,685564.0
2023-01-24 20:43:00,1674592980.0,0.08771,0.08773,0.08741,0.08761,4024922.0
2023-01-24 20:44:00,1674593040.0,0.08757,0.08757,0.08731,0.08746,1796819.0
2023-01-24 20:45:00,1674593100.0,0.08746,0.08749,0.08734,0.08745,1530229.0
2023-01-24 20:46:00,1674593160.0,0.08747,0.08777,0.08747,0.08775,2359104.0
2023-01-24 20:47:00,1674593220.0,0.08775,0.08779,0.08772,0.08776,534064.0
2023-01-24 20:48:00,1674593280.0,0.08774,0.08784,0.08771,0.0878,1053929.0
2023-01-24 20:49:00,1674593340.0,0.08779,0.08784,0.08756,0.08763,2262129.0
2023-01-24 20:50:00,1674593400.0,0.08763,0.08781,0.08763,0.08781,618062.0
2023-01-24 20:51:00,1674593460.0,0.08781,0.08792,0.08781,0.08792,520292.0
2023-01-24 20:52:00,1674593520.0,0.08791,0.08794,0.08786,0.08794,457827.0
2023-01-24 20:53:00,1674593580.0,0.08794,0.08804,0.08791,0.08797,1274594.0
2023-01-24 20:54:00,1674593640.0,0.08797,0.08805,0.08795,0.08801,316209.0
2023-01-24 20:55:00,1674593700.0,0.08801,0.08803,0.08788,0.08789,321410.0
2023-01-24 20:56:00,1674593760.0,0.08788,0.08797,0.08788,0.08795,336668.0
2023-01-24 20:57:00,1674593820.0,0.08795,0.08799,0.0879,0.08794,185790.0
2023-01-24 20:58:00,1674593880.0,0.08794,0.08808,0.08793,0.08806,1797907.0
2023-01-24 20:59:00,1674593940.0,0.08806,0.0881,0.08802,0.08803,622093.0
2023-01-24 21:00:00,1674594000.0,0.08802,0.08807,0.08796,0.08806,882419.0
2023-01-24 21:01:00,1674594060.0,0.08807,0.08832,0.0879,0.0883,3388618.0
2023-01-24 21:02:00,1674594120.0,0.0883,0.08846,0.08827,0.08843,799360.0
2023-01-24 21:03:00,1674594180.0,0.08843,0.08843,0.08822,0.08827,1855128.0
2023-01-24 21:04:00,1674594240.0,0.08829,0.08842,0.08829,0.0884,246913.0
2023-01-24 21:05:00,1674594300.0,0.0884,0.0884,0.08827,0.0883,273147.0
2023-01-24 21:06:00,1674594360.0,0.08829,0.08844,0.08829,0.08837,565930.0
2023-01-24 21:07:00,1674594420.0,0.08839,0.08839,0.08834,0.08837,174713.0
2023-01-24 21:08:00,1674594480.0,0.08837,0.08839,0.08833,0.08839,241034.0
2023-01-24 21:09:00,1674594540.0,0.08838,0.08841,0.08837,0.08838,112474.0
2023-01-24 21:10:00,1674594600.0,0.08838,0.0884,0.08833,0.08838,245868.0
2023-01-24 21:11:00,1674594660.0,0.08837,0.08837,0.08829,0.0883,155233.0
2023-01-24 21:12:00,1674594720.0,0.0883,0.0883,0.08812,0.08812,461145.0
2023-01-24 21:13:00,1674594780.0,0.08812,0.08815,0.08799,0.08801,476355.0
2023-01-24 21:14:00,1674594840.0,0.08802,0.08812,0.08802,0.08807,91326.0
2023-01-24 21:15:00,1674594900.0,0.08808,0.08818,0.08807,0.08818,627738.0
2023-01-24 21:16:00,1674594960.0,0.08818,0.08818,0.08816,0.08818,300737.0
2023-01-24 21:17:00,1674595020.0,0.08818,0.0882,0.08814,0.08817,54519.0
2023-01-24 21:18:00,1674595080.0,0.08818,0.08824,0.08813,0.08817,1075159.0
2023-01-24 21:19:00,1674595140.0,0.08817,0.08819,0.08815,0.08819,80016.0
2023-01-24 21:20:00,1674595200.0,0.0882,0.08822,0.08815,0.08817,766449.0
2023-01-24 21:21:00,1674595260.0,0.08816,0.08816,0.08805,0.08806,256864.0
2023-01-24 21:22:00,1674595320.0,0.08807,0.08829,0.08807,0.08827,1623737.0
2023-01-24 21:23:00,1674595380.0,0.08826,0.08831,0.08826,0.08827,349521.0
2023-01-24 21:24:00,1674595440.0,0.08828,0.08832,0.08828,0.08828,114846.0
2023-01-24 21:25:00,1674595500.0,0.0883,0.0883,0.0882,0.08823,173746.0
2023-01-24 21:26:00,1674595560.0,0.08823,0.08825,0.08813,0.08816,1445327.0
2023-01-24 21:27:00,1674595620.0,0.08816,0.08818,0.08813,0.08818,103837.0
2023-01-24 21:28:00,1674595680.0,0.08818,0.08818,0.08803,0.08803,521029.0
2023-01-24 21:29:00,1674595740.0,0.08802,0.08804,0.08801,0.08803,144624.0
2023-01-24 21:30:00,1674595800.0,0.08803,0.08808,0.088,0.08808,398598.0
2023-01-24 21:31:00,1674595860.0,0.08807,0.08818,0.08805,0.08818,295848.0
2023-01-24 21:32:00,1674595920.0,0.08819,0.08823,0.08815,0.08821,457552.0
2023-01-24 21:33:00,1674595980.0,0.08823,0.08836,0.08823,0.08829,1054876.0
2023-01-24 21:34:00,1674596040.0,0.08828,0.08839,0.08828,0.08836,277354.0
2023-01-24 21:35:00,1674596100.0,0.08835,0.08839,0.08824,0.08828,502030.0
2023-01-24 21:36:00,1674596160.0,0.08828,0.08832,0.08827,0.08829,79660.0
2023-01-24 21:37:00,1674596220.0,0.08831,0.08835,0.08831,0.08833,192751.0
2023-01-24 21:38:00,1674596280.0,0.08834,0.08834,0.08826,0.08826,357885.0
2023-01-24 21:39:00,1674596340.0,0.08826,0.08828,0.08825,0.08826,323071.0
2023-01-24 21:40:00,1674596400.0,0.08826,0.0883,0.08825,0.08826,286383.0
2023-01-24 21:41:00,1674596460.0,0.08825,0.08827,0.08819,0.08827,213822.0
2023-01-24 21:42:00,1674596520.0,0.08826,0.08828,0.08826,0.08827,47273.0
2023-01-24 21:43:00,1674596580.0,0.08827,0.08831,0.08827,0.08831,73991.0
2023-01-24 21:44:00,1674596640.0,0.0883,0.08833,0.08827,0.08832,141892.0
2023-01-24 21:45:00,1674596700.0,0.08831,0.08831,0.08818,0.08818,445530.0
2023-01-24 21:46:00,1674596760.0,0.08818,0.08819,0.08803,0.08804,260729.0
2023-01-24 21:47:00,1674596820.0,0.08803,0.08803,0.08783,0.08785,545397.0
2023-01-24 21:48:00,1674596880.0,0.08785,0.08786,0.08733,0.08752,5256594.0
2023-01-24 21:49:00,1674596940.0,0.08751,0.08752,0.08732,0.08752,1484978.0
2023-01-24 21:50:00,1674597000.0,0.0875,0.08762,0.08749,0.08756,695559.0
2023-01-24 21:51:00,1674597060.0,0.08755,0.08758,0.08751,0.08751,563340.0
2023-01-24 21:52:00,1674597120.0,0.0875,0.0875,0.08707,0.08712,5481605.0
2023-01-24 21:53:00,1674597180.0,0.0871,0.0871,0.0862,0.08644,17456380.0
2023-01-24 21:54:00,1674597240.0,0.08641,0.08641,0.08543,0.08607,21876466.0
2023-01-24 21:55:00,1674597300.0,0.08608,0.08626,0.08587,0.08614,2916335.0
2023-01-24 21:56:00,1674597360.0,0.08614,0.08638,0.08613,0.08623,2819705.0
2023-01-24 21:57:00,1674597420.0,0.08621,0.08648,0.08618,0.08642,1594205.0
2023-01-24 21:58:00,1674597480.0,0.08641,0.08655,0.08635,0.0864,1152997.0
2023-01-24 21:59:00,1674597540.0,0.0864,0.08656,0.0864,0.08647,1184637.0
2023-01-24 22:00:00,1674597600.0,0.08646,0.08651,0.08614,0.0862,1373912.0
2023-01-24 22:01:00,1674597660.0,0.0862,0.08632,0.08597,0.08611,3509653.0
2023-01-24 22:02:00,1674597720.0,0.08611,0.08639,0.08611,0.08637,812187.0
2023-01-24 22:03:00,1674597780.0,0.08638,0.08662,0.08638,0.08652,712434.0
2023-01-24 22:04:00,1674597840.0,0.08651,0.08667,0.0865,0.08665,528109.0
2023-01-24 22:05:00,1674597900.0,0.08665,0.08671,0.08651,0.08651,484957.0
2023-01-24 22:06:00,1674597960.0,0.08653,0.08663,0.08635,0.08639,488915.0
2023-01-24 22:07:00,1674598020.0,0.08638,0.08641,0.08627,0.08635,416093.0
2023-01-24 22:08:00,1674598080.0,0.08635,0.08642,0.0863,0.08642,897091.0
2023-01-24 22:09:00,1674598140.0,0.08642,0.08642,0.08631,0.08633,608176.0
2023-01-24 22:10:00,1674598200.0,0.08633,0.08635,0.08613,0.08617,358583.0
2023-01-24 22:11:00,1674598260.0,0.08616,0.08619,0.08582,0.08602,1792172.0
2023-01-24 22:12:00,1674598320.0,0.08603,0.08605,0.08567,0.08594,2352333.0
2023-01-24 22:13:00,1674598380.0,0.08594,0.08621,0.08591,0.08616,589156.0
2023-01-24 22:14:00,1674598440.0,0.08619,0.08631,0.08618,0.08631,511910.0
2023-01-24 22:15:00,1674598500.0,0.08628,0.08628,0.08606,0.08616,595150.0
2023-01-24 22:16:00,1674598560.0,0.08618,0.08638,0.08618,0.08632,1550588.0
2023-01-24 22:17:00,1674598620.0,0.08634,0.08639,0.08633,0.08633,220977.0
2023-01-24 22:18:00,1674598680.0,0.08633,0.08637,0.08628,0.08632,219984.0
2023-01-24 22:19:00,1674598740.0,0.08631,0.08631,0.08618,0.08619,223219.0
2023-01-24 22:20:00,1674598800.0,0.08619,0.08625,0.08613,0.08624,120380.0
2023-01-24 22:21:00,1674598860.0,0.08625,0.08629,0.08614,0.08614,269079.0
2023-01-24 22:22:00,1674598920.0,0.08614,0.08614,0.0859,0.08592,1789408.0
2023-01-24 22:23:00,1674598980.0,0.08592,0.08593,0.08583,0.08584,1595988.0
2023-01-24 22:24:00,1674599040.0,0.08584,0.08592,0.08579,0.08592,305962.0
2023-01-24 22:25:00,1674599100.0,0.08593,0.08593,0.08563,0.08568,918337.0
2023-01-24 22:26:00,1674599160.0,0.08568,0.08572,0.0843,0.08456,18361840.0
2023-01-24 22:27:00,1674599220.0,0.08451,0.08504,0.08334,0.08355,29741604.0
2023-01-24 22:28:00,1674599280.0,0.08352,0.08396,0.08213,0.08232,21115679.0
2023-01-24 22:29:00,1674599340.0,0.08231,0.08332,0.0821,0.08287,9642303.0
2023-01-24 22:30:00,1674599400.0,0.08285,0.08374,0.08284,0.08366,5469531.0
2023-01-24 22:31:00,1674599460.0,0.08368,0.08379,0.0836,0.08372,1840866.0
2023-01-24 22:32:00,1674599520.0,0.08373,0.08408,0.08368,0.08405,2657008.0
2023-01-24 22:33:00,1674599580.0,0.08405,0.08427,0.084,0.08417,1526607.0
2023-01-24 22:34:00,1674599640.0,0.08417,0.08432,0.08396,0.08406,2119273.0
2023-01-24 22:35:00,1674599700.0,0.08405,0.0844,0.08402,0.08423,1883091.0
2023-01-24 22:36:00,1674599760.0,0.08423,0.0843,0.08407,0.08429,2133143.0
2023-01-24 22:37:00,1674599820.0,0.0843,0.08443,0.08423,0.08425,1074693.0
2023-01-24 22:38:00,1674599880.0,0.08424,0.08425,0.0838,0.08385,1922450.0
2023-01-24 22:39:00,1674599940.0,0.08385,0.08416,0.08383,0.08402,2177883.0
2023-01-24 22:40:00,1674600000.0,0.08403,0.08427,0.08403,0.08427,515165.0
2023-01-24 22:41:00,1674600060.0,0.08427,0.08444,0.08427,0.08443,844220.0
2023-01-24 22:42:00,1674600120.0,0.08444,0.08459,0.0844,0.08441,982207.0
2023-01-24 22:43:00,1674600180.0,0.0844,0.08466,0.0844,0.08462,482612.0
2023-01-24 22:44:00,1674600240.0,0.08463,0.08471,0.0846,0.08467,1257445.0
2023-01-24 22:45:00,1674600300.0,0.08467,0.08468,0.08467,0.08468,228045.0
2023-01-24 22:46:00,1674600360.0,0.08468,0.08493,0.08467,0.08493,884513.0
2023-01-24 22:47:00,1674600420.0,0.08493,0.08503,0.08473,0.08473,1107641.0
2023-01-24 22:48:00,1674600480.0,0.08472,0.08473,0.08459,0.08463,643329.0
2023-01-24 22:49:00,1674600540.0,0.08462,0.08462,0.0844,0.08459,648343.0
2023-01-24 22:50:00,1674600600.0,0.08459,0.08465,0.08458,0.08461,576822.0
2023-01-24 22:51:00,1674600660.0,0.0846,0.08476,0.08455,0.08476,291603.0
2023-01-24 22:52:00,1674600720.0,0.08477,0.08477,0.0847,0.08475,360105.0
2023-01-24 22:53:00,1674600780.0,0.08475,0.08475,0.0845,0.08452,387088.0
2023-01-24 22:54:00,1674600840.0,0.08452,0.08469,0.08451,0.08469,504025.0
2023-01-24 22:55:00,1674600900.0,0.08469,0.08469,0.08457,0.08457,277567.0
2023-01-24 22:56:00,1674600960.0,0.08456,0.08456,0.08438,0.08442,739954.0
2023-01-24 22:57:00,1674601020.0,0.08443,0.08445,0.08433,0.08445,873672.0
2023-01-24 22:58:00,1674601080.0,0.08446,0.08454,0.08441,0.08445,238276.0
2023-01-24 22:59:00,1674601140.0,0.08446,0.08446,0.08433,0.08434,299185.0
2023-01-24 23:00:00,1674601200.0,0.08433,0.08461,0.08423,0.0846,528533.0
2023-01-24 23:01:00,1674601260.0,0.0846,0.0847,0.08439,0.08445,1762671.0
2023-01-24 23:02:00,1674601320.0,0.08443,0.08448,0.08436,0.08447,454301.0
2023-01-24 23:03:00,1674601380.0,0.08446,0.08449,0.08426,0.08427,682752.0
2023-01-24 23:04:00,1674601440.0,0.08427,0.08468,0.08427,0.08465,1113623.0
2023-01-24 23:05:00,1674601500.0,0.08465,0.08467,0.08438,0.08444,1186955.0
2023-01-24 23:06:00,1674601560.0,0.08445,0.0846,0.08437,0.0846,1444326.0
2023-01-24 23:07:00,1674601620.0,0.08462,0.0848,0.08462,0.08477,1238961.0
2023-01-24 23:08:00,1674601680.0,0.08478,0.08478,0.08457,0.08457,1625534.0
2023-01-24 23:09:00,1674601740.0,0.08458,0.08459,0.08429,0.08441,1415525.0
2023-01-24 23:10:00,1674601800.0,0.08442,0.08461,0.0844,0.08459,740361.0
2023-01-24 23:11:00,1674601860.0,0.08459,0.08459,0.08437,0.08439,385650.0
2023-01-24 23:12:00,1674601920.0,0.0844,0.08455,0.08435,0.08443,685294.0
2023-01-24 23:13:00,1674601980.0,0.08444,0.08449,0.08439,0.08439,657824.0
2023-01-24 23:14:00,1674602040.0,0.08438,0.0846,0.08424,0.08458,1761704.0
2023-01-24 23:15:00,1674602100.0,0.08458,0.08466,0.08443,0.0846,1518594.0
2023-01-24 23:16:00,1674602160.0,0.0846,0.08473,0.08446,0.08466,1823523.0
2023-01-24 23:17:00,1674602220.0,0.08466,0.08467,0.08437,0.08455,981175.0
2023-01-24 23:18:00,1674602280.0,0.08456,0.08459,0.08416,0.08431,2713672.0
2023-01-24 23:19:00,1674602340.0,0.08436,0.08445,0.08411,0.08412,1862810.0
2023-01-24 23:20:00,1674602400.0,0.08411,0.08423,0.08362,0.08389,9290307.0
2023-01-24 23:21:00,1674602460.0,0.08388,0.08419,0.08388,0.08408,3678046.0
2023-01-24 23:22:00,1674602520.0,0.08408,0.08408,0.08377,0.08379,2907472.0
2023-01-24 23:23:00,1674602580.0,0.08379,0.08419,0.08379,0.08411,1348246.0
2023-01-24 23:24:00,1674602640.0,0.0841,0.0844,0.08402,0.08426,1889892.0
2023-01-24 23:25:00,1674602700.0,0.08423,0.08445,0.08421,0.08438,966493.0
2023-01-24 23:26:00,1674602760.0,0.08438,0.08451,0.08434,0.08439,807400.0
2023-01-24 23:27:00,1674602820.0,0.08441,0.08456,0.08441,0.08453,642829.0
2023-01-24 23:28:00,1674602880.0,0.08455,0.08466,0.08451,0.08457,758730.0
2023-01-24 23:29:00,1674602940.0,0.08458,0.08469,0.08452,0.08469,486287.0
2023-01-24 23:30:00,1674603000.0,0.0847,0.08477,0.08468,0.08474,885983.0
2023-01-24 23:31:00,1674603060.0,0.08473,0.08473,0.08439,0.0844,817343.0
2023-01-24 23:32:00,1674603120.0,0.08439,0.08458,0.08433,0.08457,435775.0
2023-01-24 23:33:00,1674603180.0,0.08457,0.08459,0.08449,0.0845,566167.0
2023-01-24 23:34:00,1674603240.0,0.08449,0.08449,0.08432,0.08435,496683.0
2023-01-24 23:35:00,1674603300.0,0.08437,0.08443,0.08428,0.08436,963964.0
2023-01-24 23:36:00,1674603360.0,0.08438,0.08441,0.0843,0.0843,191106.0
2023-01-24 23:37:00,1674603420.0,0.08428,0.08428,0.08405,0.08415,549855.0
2023-01-24 23:38:00,1674603480.0,0.08416,0.08416,0.084,0.08406,885316.0
2023-01-24 23:39:00,1674603540.0,0.08406,0.08407,0.08315,0.08336,9367033.0
2023-01-24 23:40:00,1674603600.0,0.08337,0.08364,0.08337,0.08363,906178.0
2023-01-24 23:41:00,1674603660.0,0.08365,0.08376,0.08363,0.08371,265067.0
2023-01-24 23:42:00,1674603720.0,0.08371,0.08379,0.08368,0.08379,1002634.0
2023-01-24 23:43:00,1674603780.0,0.08379,0.08385,0.08377,0.08382,261064.0
2023-01-24 23:44:00,1674603840.0,0.08384,0.08384,0.08366,0.08376,286411.0
2023-01-24 23:45:00,1674603900.0,0.08376,0.08378,0.08348,0.08353,721750.0
2023-01-24 23:46:00,1674603960.0,0.08353,0.08356,0.08328,0.08347,1931146.0
2023-01-24 23:47:00,1674604020.0,0.08349,0.08356,0.0834,0.08356,984192.0
2023-01-24 23:48:00,1674604080.0,0.08356,0.08376,0.08354,0.08374,227479.0
2023-01-24 23:49:00,1674604140.0,0.08375,0.0838,0.08375,0.08378,1072608.0
2023-01-24 23:50:00,1674604200.0,0.0838,0.0838,0.08369,0.08369,237416.0
2023-01-24 23:51:00,1674604260.0,0.08374,0.08381,0.08369,0.08381,433172.0
2023-01-24 23:52:00,1674604320.0,0.0838,0.0838,0.08361,0.08362,325532.0
2023-01-24 23:53:00,1674604380.0,0.08362,0.08381,0.08351,0.08377,935414.0
2023-01-24 23:54:00,1674604440.0,0.08378,0.08381,0.08376,0.08381,986365.0
2023-01-24 23:55:00,1674604500.0,0.08381,0.08384,0.08369,0.08383,1014851.0
2023-01-24 23:56:00,1674604560.0,0.08382,0.08383,0.08376,0.08378,314641.0
2023-01-24 23:57:00,1674604620.0,0.08379,0.08383,0.08372,0.08379,462762.0
2023-01-24 23:58:00,1674604680.0,0.08379,0.08388,0.08379,0.08388,201216.0
2023-01-24 23:59:00,1674604740.0,0.08388,0.08392,0.08385,0.08392,245779.0
