Universal Time,Unix Time,Open,High,Low,Close,Volume
2019-03-30 00:00:00,1553904000.0,143.25,143.31,143.2,143.27,295.33814
2019-03-30 00:01:00,1553904060.0,143.23,143.27,143.18,143.23,184.16792
2019-03-30 00:02:00,1553904120.0,143.24,143.31,143.19,143.29,95.05616
2019-03-30 00:03:00,1553904180.0,143.29,143.45,143.28,143.38,251.60844
2019-03-30 00:04:00,1553904240.0,143.46,143.46,143.36,143.39,209.50796
2019-03-30 00:05:00,1553904300.0,143.39,143.4,143.31,143.31,133.18576
2019-03-30 00:06:00,1553904360.0,143.31,143.34,143.23,143.27,254.19941
2019-03-30 00:07:00,1553904420.0,143.27,143.29,143.23,143.24,172.12049
2019-03-30 00:08:00,1553904480.0,143.24,143.4,143.23,143.36,199.75186
2019-03-30 00:09:00,1553904540.0,143.33,143.38,143.32,143.38,150.44643
2019-03-30 00:10:00,1553904600.0,143.4,143.43,143.3,143.32,144.06246
2019-03-30 00:11:00,1553904660.0,143.35,143.38,143.3,143.33,47.0351
2019-03-30 00:12:00,1553904720.0,143.33,143.5,143.33,143.38,821.83317
2019-03-30 00:13:00,1553904780.0,143.43,143.65,143.43,143.62,698.75205
2019-03-30 00:14:00,1553904840.0,143.65,144.1,143.63,143.99,2082.78901
2019-03-30 00:15:00,1553904900.0,143.96,144.7,143.94,144.36,2558.66852
2019-03-30 00:16:00,1553904960.0,144.36,144.59,144.21,144.41,1286.25614
2019-03-30 00:17:00,1553905020.0,144.44,144.85,144.44,144.83,750.47085
2019-03-30 00:18:00,1553905080.0,144.81,144.82,144.5,144.53,569.06168
2019-03-30 00:19:00,1553905140.0,144.53,144.57,144.38,144.52,910.69284
2019-03-30 00:20:00,1553905200.0,144.52,144.69,144.52,144.62,225.67636
2019-03-30 00:21:00,1553905260.0,144.62,144.89,144.61,144.88,324.84766
2019-03-30 00:22:00,1553905320.0,144.83,145.17,144.8,145.08,2107.76761
2019-03-30 00:23:00,1553905380.0,145.08,145.15,144.92,145.1,1057.45087
2019-03-30 00:24:00,1553905440.0,145.11,145.69,145.11,145.69,1264.85391
2019-03-30 00:25:00,1553905500.0,145.66,145.71,145.23,145.46,1368.47218
2019-03-30 00:26:00,1553905560.0,145.49,145.75,145.49,145.58,725.07389
2019-03-30 00:27:00,1553905620.0,145.58,145.61,145.19,145.31,489.04187
2019-03-30 00:28:00,1553905680.0,145.32,145.32,144.9,145.03,884.5543
2019-03-30 00:29:00,1553905740.0,145.01,145.2,144.92,145.08,495.84963
2019-03-30 00:30:00,1553905800.0,145.1,145.64,145.1,145.55,710.48867
2019-03-30 00:31:00,1553905860.0,145.57,145.7,145.32,145.39,766.00549
2019-03-30 00:32:00,1553905920.0,145.33,145.34,145.1,145.11,256.47379
2019-03-30 00:33:00,1553905980.0,145.11,145.11,144.78,145.01,1401.14808
2019-03-30 00:34:00,1553906040.0,145.04,145.15,144.91,144.91,354.99979
2019-03-30 00:35:00,1553906100.0,144.96,145.04,144.91,144.98,879.70424
2019-03-30 00:36:00,1553906160.0,144.98,145.0,144.92,144.96,203.56873
2019-03-30 00:37:00,1553906220.0,144.97,145.29,144.97,145.26,278.52308
2019-03-30 00:38:00,1553906280.0,145.26,145.36,145.21,145.35,241.53223
2019-03-30 00:39:00,1553906340.0,145.36,145.41,145.32,145.41,522.22432
2019-03-30 00:40:00,1553906400.0,145.41,145.41,145.32,145.38,193.40858
2019-03-30 00:41:00,1553906460.0,145.37,145.44,145.15,145.17,900.61153
2019-03-30 00:42:00,1553906520.0,145.21,145.21,144.97,145.0,253.5837
2019-03-30 00:43:00,1553906580.0,144.99,145.28,144.96,145.22,325.98989
2019-03-30 00:44:00,1553906640.0,145.22,145.29,145.19,145.29,185.83814
2019-03-30 00:45:00,1553906700.0,145.28,145.4,145.25,145.34,205.03969
2019-03-30 00:46:00,1553906760.0,145.33,145.62,145.33,145.36,867.11664
2019-03-30 00:47:00,1553906820.0,145.35,145.69,145.35,145.63,654.81434
2019-03-30 00:48:00,1553906880.0,145.63,145.87,145.63,145.8,339.4367
2019-03-30 00:49:00,1553906940.0,145.8,145.89,145.61,145.62,569.64108
2019-03-30 00:50:00,1553907000.0,145.61,145.65,145.43,145.65,274.94248
2019-03-30 00:51:00,1553907060.0,145.64,145.75,145.45,145.47,274.34302
2019-03-30 00:52:00,1553907120.0,145.45,145.52,145.31,145.32,354.62127
2019-03-30 00:53:00,1553907180.0,145.34,145.35,145.22,145.23,276.09738
2019-03-30 00:54:00,1553907240.0,145.22,145.28,145.06,145.11,771.38456
2019-03-30 00:55:00,1553907300.0,145.15,145.31,145.14,145.22,394.82512
2019-03-30 00:56:00,1553907360.0,145.21,145.27,145.15,145.22,237.94483
2019-03-30 00:57:00,1553907420.0,145.24,145.26,145.12,145.2,240.54252
2019-03-30 00:58:00,1553907480.0,145.2,145.41,145.2,145.38,275.04158
2019-03-30 00:59:00,1553907540.0,145.38,145.43,145.3,145.43,191.97997
2019-03-30 01:00:00,1553907600.0,145.41,145.55,145.32,145.33,314.74591
2019-03-30 01:01:00,1553907660.0,145.32,145.33,145.2,145.33,251.28852
2019-03-30 01:02:00,1553907720.0,145.34,145.34,145.2,145.28,226.94812
2019-03-30 01:03:00,1553907780.0,145.31,145.39,145.28,145.38,210.89254
2019-03-30 01:04:00,1553907840.0,145.37,145.38,145.21,145.22,144.18137
2019-03-30 01:05:00,1553907900.0,145.25,145.27,145.19,145.26,102.53431
2019-03-30 01:06:00,1553907960.0,145.24,145.24,145.05,145.06,203.46317
2019-03-30 01:07:00,1553908020.0,145.05,145.06,145.0,145.03,867.07009
2019-03-30 01:08:00,1553908080.0,145.0,145.04,144.93,144.93,174.82601
2019-03-30 01:09:00,1553908140.0,144.94,145.06,144.94,144.96,191.68643
2019-03-30 01:10:00,1553908200.0,144.94,144.97,144.51,144.7,887.71785
2019-03-30 01:11:00,1553908260.0,144.74,144.75,144.31,144.59,925.04731
2019-03-30 01:12:00,1553908320.0,144.58,144.7,144.56,144.68,315.13789
2019-03-30 01:13:00,1553908380.0,144.69,144.92,144.69,144.79,639.30844
2019-03-30 01:14:00,1553908440.0,144.81,144.95,144.81,144.88,990.79697
2019-03-30 01:15:00,1553908500.0,144.91,145.0,144.88,144.94,277.84641
2019-03-30 01:16:00,1553908560.0,144.96,145.03,144.91,145.03,274.66086
2019-03-30 01:17:00,1553908620.0,145.03,145.18,144.95,145.17,208.0392
2019-03-30 01:18:00,1553908680.0,145.18,145.19,145.08,145.14,266.30187
2019-03-30 01:19:00,1553908740.0,145.11,145.14,145.08,145.1,134.90323
2019-03-30 01:20:00,1553908800.0,145.12,145.16,145.1,145.11,150.21812
2019-03-30 01:21:00,1553908860.0,145.11,145.25,145.1,145.15,272.4985
2019-03-30 01:22:00,1553908920.0,145.13,145.15,145.0,145.12,233.9811
2019-03-30 01:23:00,1553908980.0,145.1,145.27,145.05,145.17,350.67517
2019-03-30 01:24:00,1553909040.0,145.17,145.22,145.15,145.19,147.44256
2019-03-30 01:25:00,1553909100.0,145.23,145.29,145.18,145.25,82.22014
2019-03-30 01:26:00,1553909160.0,145.25,145.34,145.17,145.29,520.76276
2019-03-30 01:27:00,1553909220.0,145.26,145.29,145.14,145.2,137.02562
2019-03-30 01:28:00,1553909280.0,145.21,145.21,145.13,145.2,106.16511
2019-03-30 01:29:00,1553909340.0,145.15,145.24,145.13,145.22,318.38414
2019-03-30 01:30:00,1553909400.0,145.22,145.4,145.22,145.39,192.21879
2019-03-30 01:31:00,1553909460.0,145.4,145.5,145.34,145.34,309.64199
2019-03-30 01:32:00,1553909520.0,145.38,145.41,145.33,145.39,173.64909
2019-03-30 01:33:00,1553909580.0,145.37,145.4,145.36,145.39,53.662
2019-03-30 01:34:00,1553909640.0,145.37,145.38,145.29,145.33,247.75532
2019-03-30 01:35:00,1553909700.0,145.31,145.31,145.15,145.23,180.73021
2019-03-30 01:36:00,1553909760.0,145.23,145.26,145.09,145.2,279.53452
2019-03-30 01:37:00,1553909820.0,145.2,145.21,144.89,144.97,503.12209
2019-03-30 01:38:00,1553909880.0,144.95,145.0,144.83,144.85,191.75331
2019-03-30 01:39:00,1553909940.0,144.88,145.0,144.88,144.94,178.68007
2019-03-30 01:40:00,1553910000.0,144.95,145.04,144.95,145.03,242.21762
2019-03-30 01:41:00,1553910060.0,145.03,145.11,145.0,145.1,117.24826
2019-03-30 01:42:00,1553910120.0,145.1,145.11,144.97,145.04,255.00925
2019-03-30 01:43:00,1553910180.0,145.02,145.04,144.92,144.95,130.38773
2019-03-30 01:44:00,1553910240.0,144.97,145.0,144.94,144.98,68.64208
2019-03-30 01:45:00,1553910300.0,144.98,144.98,144.87,144.91,212.4139
2019-03-30 01:46:00,1553910360.0,144.9,144.95,144.82,144.88,166.16925
2019-03-30 01:47:00,1553910420.0,144.88,144.89,144.78,144.8,191.03932
2019-03-30 01:48:00,1553910480.0,144.84,144.88,144.77,144.87,320.53146
2019-03-30 01:49:00,1553910540.0,144.82,144.92,144.77,144.91,246.0396
2019-03-30 01:50:00,1553910600.0,144.91,145.0,144.89,145.0,490.70608
2019-03-30 01:51:00,1553910660.0,145.0,145.04,144.98,145.02,244.71341
2019-03-30 01:52:00,1553910720.0,145.03,145.09,145.03,145.07,88.01457
2019-03-30 01:53:00,1553910780.0,145.05,145.1,144.93,144.94,146.68258
2019-03-30 01:54:00,1553910840.0,144.95,144.95,144.79,144.82,396.43373
2019-03-30 01:55:00,1553910900.0,144.85,144.94,144.85,144.88,156.88235
2019-03-30 01:56:00,1553910960.0,144.88,144.92,144.87,144.88,279.78571
2019-03-30 01:57:00,1553911020.0,144.91,144.92,144.86,144.9,110.48453
2019-03-30 01:58:00,1553911080.0,144.9,144.92,144.86,144.89,127.96611
2019-03-30 01:59:00,1553911140.0,144.9,144.96,144.85,144.92,79.27587
2019-03-30 02:00:00,1553911200.0,144.92,144.93,144.83,144.83,76.15195
2019-03-30 02:01:00,1553911260.0,144.85,144.96,144.85,144.9,103.8127
2019-03-30 02:02:00,1553911320.0,144.95,145.0,144.84,144.84,227.10881
2019-03-30 02:03:00,1553911380.0,144.84,144.93,144.77,144.88,731.05125
2019-03-30 02:04:00,1553911440.0,144.87,144.88,144.85,144.87,129.20148
2019-03-30 02:05:00,1553911500.0,144.86,144.92,144.85,144.91,130.60317
2019-03-30 02:06:00,1553911560.0,144.9,144.91,144.85,144.87,186.74973
2019-03-30 02:07:00,1553911620.0,144.86,144.87,144.77,144.79,635.94699
2019-03-30 02:08:00,1553911680.0,144.78,144.81,144.75,144.78,64.8882
2019-03-30 02:09:00,1553911740.0,144.78,144.81,144.73,144.78,124.60438
2019-03-30 02:10:00,1553911800.0,144.77,144.78,144.72,144.73,74.85314
2019-03-30 02:11:00,1553911860.0,144.75,144.87,144.73,144.81,171.37547
2019-03-30 02:12:00,1553911920.0,144.79,144.83,144.7,144.76,36.42476
2019-03-30 02:13:00,1553911980.0,144.76,144.84,144.76,144.78,119.68391
2019-03-30 02:14:00,1553912040.0,144.82,144.84,144.77,144.78,84.34571
2019-03-30 02:15:00,1553912100.0,144.79,144.8,144.65,144.7,123.27777
2019-03-30 02:16:00,1553912160.0,144.72,144.73,144.36,144.5,1285.18527
2019-03-30 02:17:00,1553912220.0,144.56,144.65,144.53,144.62,166.0154
2019-03-30 02:18:00,1553912280.0,144.6,144.74,144.6,144.74,162.09002
2019-03-30 02:19:00,1553912340.0,144.74,144.77,144.69,144.7,79.14231
2019-03-30 02:20:00,1553912400.0,144.71,144.75,144.63,144.75,265.89171
2019-03-30 02:21:00,1553912460.0,144.72,144.75,144.7,144.7,211.63637
2019-03-30 02:22:00,1553912520.0,144.7,144.77,144.62,144.69,219.35265
2019-03-30 02:23:00,1553912580.0,144.69,144.76,144.67,144.73,107.54562
2019-03-30 02:24:00,1553912640.0,144.75,144.75,144.64,144.7,125.15942
2019-03-30 02:25:00,1553912700.0,144.72,144.8,144.7,144.77,287.33913
2019-03-30 02:26:00,1553912760.0,144.76,144.86,144.73,144.83,311.00398
2019-03-30 02:27:00,1553912820.0,144.83,144.88,144.83,144.84,112.96355
2019-03-30 02:28:00,1553912880.0,144.85,144.86,144.83,144.85,192.78874
2019-03-30 02:29:00,1553912940.0,144.85,144.9,144.83,144.87,140.30086
2019-03-30 02:30:00,1553913000.0,144.86,144.9,144.86,144.87,166.78843
2019-03-30 02:31:00,1553913060.0,144.88,144.88,144.83,144.88,121.54405
2019-03-30 02:32:00,1553913120.0,144.87,144.89,144.85,144.89,302.84911
2019-03-30 02:33:00,1553913180.0,144.89,144.89,144.85,144.85,134.3372
2019-03-30 02:34:00,1553913240.0,144.89,144.89,144.78,144.79,308.60824
2019-03-30 02:35:00,1553913300.0,144.8,144.84,144.71,144.79,213.20415
2019-03-30 02:36:00,1553913360.0,144.77,144.83,144.77,144.81,74.30408
2019-03-30 02:37:00,1553913420.0,144.82,144.82,144.76,144.76,141.01038
2019-03-30 02:38:00,1553913480.0,144.8,144.8,144.74,144.77,159.58863
2019-03-30 02:39:00,1553913540.0,144.79,144.81,144.75,144.77,105.76442
2019-03-30 02:40:00,1553913600.0,144.76,144.8,144.75,144.77,78.50449
2019-03-30 02:41:00,1553913660.0,144.76,144.8,144.72,144.74,134.43101
2019-03-30 02:42:00,1553913720.0,144.75,144.76,144.68,144.71,363.35981
2019-03-30 02:43:00,1553913780.0,144.71,144.72,144.57,144.62,105.90814
2019-03-30 02:44:00,1553913840.0,144.63,144.63,144.5,144.5,126.84911
2019-03-30 02:45:00,1553913900.0,144.53,144.54,144.49,144.53,155.46572
2019-03-30 02:46:00,1553913960.0,144.54,144.54,144.44,144.54,127.92917
2019-03-30 02:47:00,1553914020.0,144.52,144.57,144.5,144.52,64.77459
2019-03-30 02:48:00,1553914080.0,144.52,144.56,144.48,144.48,170.99252
2019-03-30 02:49:00,1553914140.0,144.52,144.56,144.44,144.5,280.41692
2019-03-30 02:50:00,1553914200.0,144.5,144.53,144.36,144.45,162.23973
2019-03-30 02:51:00,1553914260.0,144.43,144.44,144.14,144.21,751.13655
2019-03-30 02:52:00,1553914320.0,144.21,144.3,144.13,144.18,298.7392
2019-03-30 02:53:00,1553914380.0,144.13,144.2,143.91,144.0,622.84738
2019-03-30 02:54:00,1553914440.0,144.0,144.25,143.98,144.25,570.19677
2019-03-30 02:55:00,1553914500.0,144.25,144.3,144.16,144.27,207.02114
2019-03-30 02:56:00,1553914560.0,144.26,144.29,144.19,144.19,56.17544
2019-03-30 02:57:00,1553914620.0,144.21,144.21,144.06,144.08,130.45539
2019-03-30 02:58:00,1553914680.0,144.07,144.13,144.06,144.11,95.74553
2019-03-30 02:59:00,1553914740.0,144.1,144.26,144.03,144.14,451.84804
2019-03-30 03:00:00,1553914800.0,144.19,144.28,144.13,144.16,250.20082
2019-03-30 03:01:00,1553914860.0,144.17,144.17,144.07,144.08,189.76219
2019-03-30 03:02:00,1553914920.0,144.08,144.11,144.03,144.05,199.44171
2019-03-30 03:03:00,1553914980.0,144.06,144.06,143.99,144.01,158.40032
2019-03-30 03:04:00,1553915040.0,144.0,144.01,143.9,143.96,828.24452
2019-03-30 03:05:00,1553915100.0,143.93,143.96,143.81,143.89,431.83223
2019-03-30 03:06:00,1553915160.0,143.89,144.01,143.67,143.99,1581.08985
2019-03-30 03:07:00,1553915220.0,143.97,144.01,143.68,143.89,1736.42368
2019-03-30 03:08:00,1553915280.0,143.85,143.97,143.7,143.75,561.4803
2019-03-30 03:09:00,1553915340.0,143.75,143.84,143.7,143.75,387.69066
2019-03-30 03:10:00,1553915400.0,143.71,143.75,143.57,143.58,544.7702
2019-03-30 03:11:00,1553915460.0,143.58,143.62,143.31,143.49,838.25512
2019-03-30 03:12:00,1553915520.0,143.51,143.69,143.47,143.63,420.42777
2019-03-30 03:13:00,1553915580.0,143.68,143.77,143.63,143.73,227.89659
2019-03-30 03:14:00,1553915640.0,143.75,143.88,143.64,143.73,480.57536
2019-03-30 03:15:00,1553915700.0,143.77,143.79,143.69,143.7,288.04554
2019-03-30 03:16:00,1553915760.0,143.7,143.72,143.55,143.56,181.13428
2019-03-30 03:17:00,1553915820.0,143.56,143.57,143.4,143.48,244.55626
2019-03-30 03:18:00,1553915880.0,143.46,143.46,143.02,143.05,474.50525
2019-03-30 03:19:00,1553915940.0,143.05,143.12,142.74,143.07,1718.48977
2019-03-30 03:20:00,1553916000.0,143.1,143.35,143.08,143.25,547.44003
2019-03-30 03:21:00,1553916060.0,143.25,143.49,143.24,143.38,1400.32125
2019-03-30 03:22:00,1553916120.0,143.38,143.38,143.26,143.28,167.84549
2019-03-30 03:23:00,1553916180.0,143.32,143.32,143.02,143.06,642.85543
2019-03-30 03:24:00,1553916240.0,143.02,143.2,143.01,143.11,265.49174
2019-03-30 03:25:00,1553916300.0,143.09,143.15,142.94,142.98,463.02461
2019-03-30 03:26:00,1553916360.0,142.95,143.15,142.92,143.05,348.96041
2019-03-30 03:27:00,1553916420.0,143.05,143.25,143.04,143.23,487.65218
2019-03-30 03:28:00,1553916480.0,143.23,143.37,143.18,143.34,254.57556
2019-03-30 03:29:00,1553916540.0,143.36,143.4,143.27,143.27,512.96152
2019-03-30 03:30:00,1553916600.0,143.27,143.34,143.27,143.3,363.82128
2019-03-30 03:31:00,1553916660.0,143.28,143.28,143.2,143.2,165.4421
2019-03-30 03:32:00,1553916720.0,143.21,143.21,143.13,143.15,74.0566
2019-03-30 03:33:00,1553916780.0,143.15,143.27,143.1,143.2,363.44041
2019-03-30 03:34:00,1553916840.0,143.22,143.37,143.21,143.26,214.7458
2019-03-30 03:35:00,1553916900.0,143.25,143.53,143.24,143.53,313.74332
2019-03-30 03:36:00,1553916960.0,143.53,143.73,143.48,143.65,443.58042
2019-03-30 03:37:00,1553917020.0,143.64,143.67,143.57,143.62,224.5345
2019-03-30 03:38:00,1553917080.0,143.64,143.65,143.58,143.58,141.40087
2019-03-30 03:39:00,1553917140.0,143.59,143.65,143.59,143.62,91.08937
2019-03-30 03:40:00,1553917200.0,143.62,143.66,143.56,143.57,84.7059
2019-03-30 03:41:00,1553917260.0,143.57,143.62,143.53,143.54,156.60452
2019-03-30 03:42:00,1553917320.0,143.54,143.61,143.53,143.61,68.72225
2019-03-30 03:43:00,1553917380.0,143.6,143.64,143.57,143.58,103.68903
2019-03-30 03:44:00,1553917440.0,143.54,143.54,143.37,143.39,248.66077
2019-03-30 03:45:00,1553917500.0,143.42,143.51,143.4,143.46,150.52871
2019-03-30 03:46:00,1553917560.0,143.45,143.48,143.43,143.43,64.6874
2019-03-30 03:47:00,1553917620.0,143.45,143.45,143.34,143.36,203.47271
2019-03-30 03:48:00,1553917680.0,143.37,143.37,143.13,143.2,356.69666
2019-03-30 03:49:00,1553917740.0,143.19,143.31,143.18,143.28,120.8618
2019-03-30 03:50:00,1553917800.0,143.3,143.34,143.21,143.26,81.82734
2019-03-30 03:51:00,1553917860.0,143.22,143.26,143.13,143.15,112.6324
2019-03-30 03:52:00,1553917920.0,143.14,143.2,143.1,143.12,280.71842
2019-03-30 03:53:00,1553917980.0,143.13,143.13,143.01,143.01,125.16796
2019-03-30 03:54:00,1553918040.0,143.05,143.14,143.01,143.1,263.16347
2019-03-30 03:55:00,1553918100.0,143.08,143.23,143.08,143.22,314.96207
2019-03-30 03:56:00,1553918160.0,143.23,143.29,143.17,143.29,303.68605
2019-03-30 03:57:00,1553918220.0,143.29,143.33,143.24,143.28,104.66765
2019-03-30 03:58:00,1553918280.0,143.32,143.35,143.21,143.24,156.66866
2019-03-30 03:59:00,1553918340.0,143.25,143.26,143.15,143.17,107.15127
2019-03-30 04:00:00,1553918400.0,143.16,143.2,143.02,143.09,362.26958
2019-03-30 04:01:00,1553918460.0,143.09,143.09,142.93,142.99,414.60844
2019-03-30 04:02:00,1553918520.0,142.99,142.99,142.86,142.9,611.36069
2019-03-30 04:03:00,1553918580.0,142.9,142.91,142.37,142.37,1483.12862
2019-03-30 04:04:00,1553918640.0,142.4,142.79,142.38,142.76,592.13797
2019-03-30 04:05:00,1553918700.0,142.77,142.99,142.76,142.96,436.64223
2019-03-30 04:06:00,1553918760.0,142.92,142.95,142.71,142.72,143.67889
2019-03-30 04:07:00,1553918820.0,142.72,142.74,142.63,142.71,112.99408
2019-03-30 04:08:00,1553918880.0,142.66,142.7,142.6,142.61,529.5002
2019-03-30 04:09:00,1553918940.0,142.61,142.64,142.48,142.53,511.75896
2019-03-30 04:10:00,1553919000.0,142.54,142.54,141.53,141.55,1507.87824
2019-03-30 04:11:00,1553919060.0,141.68,142.13,141.0,141.87,3332.0683
2019-03-30 04:12:00,1553919120.0,141.92,142.02,141.69,141.99,890.87817
2019-03-30 04:13:00,1553919180.0,141.99,142.06,141.83,142.02,616.99143
2019-03-30 04:14:00,1553919240.0,142.07,142.1,141.82,141.96,288.55918
2019-03-30 04:15:00,1553919300.0,141.96,142.06,141.82,141.85,444.05154
2019-03-30 04:16:00,1553919360.0,141.82,141.87,141.52,141.61,519.91141
2019-03-30 04:17:00,1553919420.0,141.64,141.89,141.54,141.74,469.6307
2019-03-30 04:18:00,1553919480.0,141.74,141.92,141.73,141.8,170.87344
2019-03-30 04:19:00,1553919540.0,141.79,141.91,141.78,141.78,146.6779
2019-03-30 04:20:00,1553919600.0,141.79,141.97,141.72,141.92,270.56769
2019-03-30 04:21:00,1553919660.0,141.89,142.05,141.5,141.5,1800.17408
2019-03-30 04:22:00,1553919720.0,141.51,141.75,141.5,141.7,827.52626
2019-03-30 04:23:00,1553919780.0,141.73,141.84,141.65,141.82,432.12635
2019-03-30 04:24:00,1553919840.0,141.81,142.08,141.81,142.02,743.64509
2019-03-30 04:25:00,1553919900.0,142.06,142.25,142.06,142.21,701.16846
2019-03-30 04:26:00,1553919960.0,142.18,142.26,142.15,142.23,361.81736
2019-03-30 04:27:00,1553920020.0,142.23,142.4,142.17,142.33,461.86459
2019-03-30 04:28:00,1553920080.0,142.32,142.37,142.19,142.19,594.77651
2019-03-30 04:29:00,1553920140.0,142.2,142.27,142.17,142.21,303.73441
2019-03-30 04:30:00,1553920200.0,142.18,142.42,142.09,142.2,681.73499
2019-03-30 04:31:00,1553920260.0,142.21,142.46,142.21,142.38,245.64291
2019-03-30 04:32:00,1553920320.0,142.4,142.62,142.38,142.51,417.93697
2019-03-30 04:33:00,1553920380.0,142.52,142.58,142.5,142.53,126.84243
2019-03-30 04:34:00,1553920440.0,142.51,142.68,142.51,142.64,179.49055
2019-03-30 04:35:00,1553920500.0,142.68,142.78,142.55,142.75,437.78807
2019-03-30 04:36:00,1553920560.0,142.76,142.78,142.51,142.6,477.70799
2019-03-30 04:37:00,1553920620.0,142.57,142.62,142.5,142.53,224.27514
2019-03-30 04:38:00,1553920680.0,142.55,142.55,142.37,142.4,269.98816
2019-03-30 04:39:00,1553920740.0,142.4,142.48,142.4,142.43,170.67522
2019-03-30 04:40:00,1553920800.0,142.44,142.5,142.43,142.48,171.65885
2019-03-30 04:41:00,1553920860.0,142.48,142.5,142.44,142.47,157.18109
2019-03-30 04:42:00,1553920920.0,142.46,142.49,142.33,142.38,171.01129
2019-03-30 04:43:00,1553920980.0,142.43,142.44,142.31,142.39,110.14683
2019-03-30 04:44:00,1553921040.0,142.34,142.39,142.28,142.35,185.52801
2019-03-30 04:45:00,1553921100.0,142.33,142.44,142.23,142.4,377.32786
2019-03-30 04:46:00,1553921160.0,142.44,142.61,142.4,142.61,296.07953
2019-03-30 04:47:00,1553921220.0,142.58,142.6,142.52,142.6,382.49671
2019-03-30 04:48:00,1553921280.0,142.57,142.68,142.55,142.61,158.01111
2019-03-30 04:49:00,1553921340.0,142.64,142.73,142.63,142.7,177.09345
2019-03-30 04:50:00,1553921400.0,142.76,142.83,142.71,142.75,266.99178
2019-03-30 04:51:00,1553921460.0,142.73,142.76,142.58,142.7,115.91286
2019-03-30 04:52:00,1553921520.0,142.66,142.75,142.59,142.73,149.56226
2019-03-30 04:53:00,1553921580.0,142.72,142.72,142.64,142.67,73.90187
2019-03-30 04:54:00,1553921640.0,142.68,142.69,142.6,142.62,158.47356
2019-03-30 04:55:00,1553921700.0,142.63,142.66,142.59,142.62,95.96029
2019-03-30 04:56:00,1553921760.0,142.63,142.66,142.6,142.6,73.7658
2019-03-30 04:57:00,1553921820.0,142.63,142.73,142.61,142.68,232.74633
2019-03-30 04:58:00,1553921880.0,142.72,142.78,142.65,142.74,179.67137
2019-03-30 04:59:00,1553921940.0,142.74,142.76,142.62,142.64,208.41113
2019-03-30 05:00:00,1553922000.0,142.64,142.68,142.58,142.6,451.5573
2019-03-30 05:01:00,1553922060.0,142.58,142.63,142.58,142.59,63.24688
2019-03-30 05:02:00,1553922120.0,142.6,142.61,142.52,142.58,77.80774
2019-03-30 05:03:00,1553922180.0,142.58,142.59,142.53,142.54,42.42632
2019-03-30 05:04:00,1553922240.0,142.54,142.72,142.54,142.67,238.94563
2019-03-30 05:05:00,1553922300.0,142.68,142.69,142.63,142.66,80.81638
2019-03-30 05:06:00,1553922360.0,142.69,142.75,142.63,142.72,112.4038
2019-03-30 05:07:00,1553922420.0,142.72,142.84,142.69,142.84,104.66667
2019-03-30 05:08:00,1553922480.0,142.84,142.9,142.83,142.89,98.91112
2019-03-30 05:09:00,1553922540.0,142.85,142.9,142.81,142.86,186.6367
2019-03-30 05:10:00,1553922600.0,142.85,142.98,142.83,142.94,55.42015
2019-03-30 05:11:00,1553922660.0,142.94,143.0,142.94,142.95,93.72551
2019-03-30 05:12:00,1553922720.0,142.95,143.38,142.95,143.32,877.64767
2019-03-30 05:13:00,1553922780.0,143.3,143.34,143.15,143.26,433.42185
2019-03-30 05:14:00,1553922840.0,143.25,143.32,143.21,143.25,240.37825
2019-03-30 05:15:00,1553922900.0,143.25,143.25,143.06,143.07,347.91959
2019-03-30 05:16:00,1553922960.0,143.05,143.13,143.01,143.07,109.65238
2019-03-30 05:17:00,1553923020.0,143.11,143.13,143.05,143.1,97.60718
2019-03-30 05:18:00,1553923080.0,143.1,143.17,143.08,143.12,115.36529
2019-03-30 05:19:00,1553923140.0,143.14,143.2,143.11,143.17,52.46395
2019-03-30 05:20:00,1553923200.0,143.12,143.13,143.03,143.11,146.01017
2019-03-30 05:21:00,1553923260.0,143.12,143.12,143.0,143.0,94.81871
2019-03-30 05:22:00,1553923320.0,143.01,143.06,142.95,143.01,195.70886
2019-03-30 05:23:00,1553923380.0,142.98,143.03,142.95,142.99,54.55074
2019-03-30 05:24:00,1553923440.0,142.98,143.02,142.96,143.0,38.15104
2019-03-30 05:25:00,1553923500.0,143.0,143.1,143.0,143.05,67.62809
2019-03-30 05:26:00,1553923560.0,143.1,143.14,143.07,143.11,110.26719
2019-03-30 05:27:00,1553923620.0,143.1,143.2,143.06,143.17,61.39196
2019-03-30 05:28:00,1553923680.0,143.18,143.21,143.12,143.19,146.79686
2019-03-30 05:29:00,1553923740.0,143.2,143.2,143.16,143.16,44.78684
2019-03-30 05:30:00,1553923800.0,143.15,143.15,142.96,142.99,162.71329
2019-03-30 05:31:00,1553923860.0,142.96,142.99,142.81,142.84,539.80418
2019-03-30 05:32:00,1553923920.0,142.84,142.92,142.84,142.84,156.26133
2019-03-30 05:33:00,1553923980.0,142.82,142.85,142.76,142.81,156.28137
2019-03-30 05:34:00,1553924040.0,142.84,143.08,142.81,143.06,143.17788
2019-03-30 05:35:00,1553924100.0,143.07,143.16,143.06,143.06,88.14072
2019-03-30 05:36:00,1553924160.0,143.06,143.07,142.88,142.88,185.28784
2019-03-30 05:37:00,1553924220.0,142.88,143.01,142.85,142.97,74.26116
2019-03-30 05:38:00,1553924280.0,143.0,143.01,142.93,142.97,62.2939
2019-03-30 05:39:00,1553924340.0,142.95,143.0,142.94,142.94,17.54852
2019-03-30 05:40:00,1553924400.0,142.99,142.99,142.91,142.94,68.03332
2019-03-30 05:41:00,1553924460.0,142.95,142.99,142.9,142.97,121.79056
2019-03-30 05:42:00,1553924520.0,142.95,142.96,142.9,142.91,55.74084
2019-03-30 05:43:00,1553924580.0,142.91,142.93,142.82,142.83,47.65432
2019-03-30 05:44:00,1553924640.0,142.82,142.85,142.76,142.78,94.72714
2019-03-30 05:45:00,1553924700.0,142.81,142.81,142.72,142.75,236.12104
2019-03-30 05:46:00,1553924760.0,142.72,142.76,142.61,142.65,124.73259
2019-03-30 05:47:00,1553924820.0,142.62,142.68,142.61,142.65,44.37725
2019-03-30 05:48:00,1553924880.0,142.65,142.66,142.47,142.51,733.85371
2019-03-30 05:49:00,1553924940.0,142.53,142.54,142.43,142.47,149.66844
2019-03-30 05:50:00,1553925000.0,142.52,142.53,142.47,142.48,42.48753
2019-03-30 05:51:00,1553925060.0,142.53,142.53,142.46,142.53,753.44665
2019-03-30 05:52:00,1553925120.0,142.53,142.58,142.48,142.5,32.76208
2019-03-30 05:53:00,1553925180.0,142.53,142.53,142.42,142.45,78.87124
2019-03-30 05:54:00,1553925240.0,142.44,142.53,142.41,142.52,82.66254
2019-03-30 05:55:00,1553925300.0,142.5,142.57,142.5,142.51,37.43381
2019-03-30 05:56:00,1553925360.0,142.52,142.62,142.52,142.6,56.40439
2019-03-30 05:57:00,1553925420.0,142.59,142.88,142.59,142.87,515.46964
2019-03-30 05:58:00,1553925480.0,142.88,142.93,142.83,142.89,153.10018
2019-03-30 05:59:00,1553925540.0,142.9,143.12,142.9,143.07,199.48097
2019-03-30 06:00:00,1553925600.0,143.12,143.14,142.88,142.93,216.45731
2019-03-30 06:01:00,1553925660.0,142.92,142.97,142.91,142.91,96.07719
2019-03-30 06:02:00,1553925720.0,142.93,142.95,142.87,142.91,95.05279
2019-03-30 06:03:00,1553925780.0,142.91,142.93,142.67,142.76,627.41832
2019-03-30 06:04:00,1553925840.0,142.76,142.78,142.64,142.72,99.94529
2019-03-30 06:05:00,1553925900.0,142.75,142.82,142.7,142.75,70.92757
2019-03-30 06:06:00,1553925960.0,142.76,142.77,142.69,142.74,66.69311
2019-03-30 06:07:00,1553926020.0,142.75,142.86,142.75,142.76,80.16994
2019-03-30 06:08:00,1553926080.0,142.81,142.85,142.7,142.76,63.28394
2019-03-30 06:09:00,1553926140.0,142.76,142.9,142.71,142.85,118.06036
2019-03-30 06:10:00,1553926200.0,142.84,142.89,142.84,142.85,96.45604
2019-03-30 06:11:00,1553926260.0,142.84,142.86,142.72,142.76,111.63773
2019-03-30 06:12:00,1553926320.0,142.73,142.77,142.63,142.64,135.06898
2019-03-30 06:13:00,1553926380.0,142.64,142.66,142.47,142.52,114.42403
2019-03-30 06:14:00,1553926440.0,142.49,142.67,142.46,142.62,78.92629
2019-03-30 06:15:00,1553926500.0,142.65,142.73,142.64,142.66,39.48642
2019-03-30 06:16:00,1553926560.0,142.69,142.69,142.5,142.51,99.15344
2019-03-30 06:17:00,1553926620.0,142.5,142.55,142.5,142.5,44.88916
2019-03-30 06:18:00,1553926680.0,142.5,142.58,142.47,142.48,323.11953
2019-03-30 06:19:00,1553926740.0,142.48,142.54,142.43,142.45,41.50621
2019-03-30 06:20:00,1553926800.0,142.46,142.53,142.44,142.5,85.22593
2019-03-30 06:21:00,1553926860.0,142.5,142.51,142.45,142.49,63.80204
2019-03-30 06:22:00,1553926920.0,142.47,142.47,142.3,142.31,143.57971
2019-03-30 06:23:00,1553926980.0,142.31,142.31,142.21,142.25,100.61406
2019-03-30 06:24:00,1553927040.0,142.23,142.26,142.19,142.24,235.90627
2019-03-30 06:25:00,1553927100.0,142.24,142.38,142.24,142.38,201.38813
2019-03-30 06:26:00,1553927160.0,142.38,142.44,142.31,142.38,82.98907
2019-03-30 06:27:00,1553927220.0,142.38,142.43,142.31,142.31,91.50588
2019-03-30 06:28:00,1553927280.0,142.34,142.34,142.26,142.26,169.09043
2019-03-30 06:29:00,1553927340.0,142.3,142.3,142.19,142.19,188.5381
2019-03-30 06:30:00,1553927400.0,142.21,142.21,142.09,142.17,193.13938
2019-03-30 06:31:00,1553927460.0,142.16,142.28,142.14,142.28,88.4975
2019-03-30 06:32:00,1553927520.0,142.22,142.4,142.21,142.35,112.31655
2019-03-30 06:33:00,1553927580.0,142.37,142.41,142.33,142.38,68.42356
2019-03-30 06:34:00,1553927640.0,142.37,142.4,142.2,142.25,925.62829
2019-03-30 06:35:00,1553927700.0,142.29,142.34,142.2,142.3,115.53907
2019-03-30 06:36:00,1553927760.0,142.32,142.45,142.32,142.35,142.38917
2019-03-30 06:37:00,1553927820.0,142.35,142.35,142.26,142.26,642.35111
2019-03-30 06:38:00,1553927880.0,142.3,142.32,142.2,142.28,232.73399
2019-03-30 06:39:00,1553927940.0,142.23,142.32,142.2,142.32,31.42637
2019-03-30 06:40:00,1553928000.0,142.28,142.32,142.23,142.27,139.81464
2019-03-30 06:41:00,1553928060.0,142.27,142.27,142.19,142.19,197.63916
2019-03-30 06:42:00,1553928120.0,142.19,142.27,142.17,142.23,124.33979
2019-03-30 06:43:00,1553928180.0,142.23,142.33,142.23,142.28,82.2592
2019-03-30 06:44:00,1553928240.0,142.24,142.29,142.2,142.22,47.86739
2019-03-30 06:45:00,1553928300.0,142.25,142.3,142.17,142.26,245.22506
2019-03-30 06:46:00,1553928360.0,142.27,142.4,142.24,142.36,54.44189
2019-03-30 06:47:00,1553928420.0,142.4,142.4,142.25,142.29,85.01752
2019-03-30 06:48:00,1553928480.0,142.26,142.29,142.18,142.23,58.78754
2019-03-30 06:49:00,1553928540.0,142.22,142.27,142.2,142.21,44.80341
2019-03-30 06:50:00,1553928600.0,142.23,142.4,142.21,142.38,216.80156
2019-03-30 06:51:00,1553928660.0,142.38,142.4,142.32,142.35,47.08353
2019-03-30 06:52:00,1553928720.0,142.39,142.43,142.32,142.38,96.19978
2019-03-30 06:53:00,1553928780.0,142.38,142.44,142.31,142.35,139.82175
2019-03-30 06:54:00,1553928840.0,142.32,142.35,142.32,142.32,105.32681
2019-03-30 06:55:00,1553928900.0,142.3,142.33,142.24,142.29,43.13583
2019-03-30 06:56:00,1553928960.0,142.3,142.34,142.26,142.28,67.94845
2019-03-30 06:57:00,1553929020.0,142.32,142.33,142.25,142.27,72.80921
2019-03-30 06:58:00,1553929080.0,142.27,142.34,142.25,142.26,66.41256
2019-03-30 06:59:00,1553929140.0,142.26,142.3,142.26,142.26,99.89042
2019-03-30 07:00:00,1553929200.0,142.26,142.31,142.2,142.2,314.46853
2019-03-30 07:01:00,1553929260.0,142.23,142.26,142.17,142.17,165.25936
2019-03-30 07:02:00,1553929320.0,142.17,142.18,142.05,142.08,231.0165
2019-03-30 07:03:00,1553929380.0,142.06,142.07,142.01,142.02,125.83181
2019-03-30 07:04:00,1553929440.0,142.01,142.05,141.97,142.02,238.71401
2019-03-30 07:05:00,1553929500.0,141.97,142.03,141.96,142.02,79.89937
2019-03-30 07:06:00,1553929560.0,141.99,142.03,141.96,141.99,55.35366
2019-03-30 07:07:00,1553929620.0,141.94,141.99,141.93,141.95,21.87428
2019-03-30 07:08:00,1553929680.0,141.95,142.04,141.93,141.98,93.4571
2019-03-30 07:09:00,1553929740.0,142.02,142.03,141.93,141.95,44.13747
2019-03-30 07:10:00,1553929800.0,141.96,141.97,141.9,141.9,80.389
2019-03-30 07:11:00,1553929860.0,141.94,141.96,141.9,141.92,25.61532
2019-03-30 07:12:00,1553929920.0,141.95,141.95,141.92,141.95,32.02717
2019-03-30 07:13:00,1553929980.0,141.92,141.97,141.92,141.95,40.27858
2019-03-30 07:14:00,1553930040.0,141.94,141.96,141.92,141.92,57.44067
2019-03-30 07:15:00,1553930100.0,141.92,141.95,141.91,141.92,54.35608
2019-03-30 07:16:00,1553930160.0,141.91,141.95,141.87,141.9,172.03207
2019-03-30 07:17:00,1553930220.0,141.9,141.93,141.81,141.84,137.67647
2019-03-30 07:18:00,1553930280.0,141.83,141.85,141.8,141.84,92.00484
2019-03-30 07:19:00,1553930340.0,141.8,141.82,141.75,141.78,136.37026
2019-03-30 07:20:00,1553930400.0,141.75,141.79,141.73,141.74,38.40232
2019-03-30 07:21:00,1553930460.0,141.75,141.78,141.72,141.77,31.21848
2019-03-30 07:22:00,1553930520.0,141.73,141.79,141.73,141.78,48.96307
2019-03-30 07:23:00,1553930580.0,141.78,141.82,141.71,141.77,257.68121
2019-03-30 07:24:00,1553930640.0,141.81,141.83,141.75,141.76,107.37136
2019-03-30 07:25:00,1553930700.0,141.77,141.79,141.76,141.77,42.55256
2019-03-30 07:26:00,1553930760.0,141.79,141.79,141.73,141.74,73.99766
2019-03-30 07:27:00,1553930820.0,141.78,141.86,141.75,141.82,173.92951
2019-03-30 07:28:00,1553930880.0,141.82,141.86,141.8,141.81,59.00588
2019-03-30 07:29:00,1553930940.0,141.83,141.89,141.8,141.85,77.27741
2019-03-30 07:30:00,1553931000.0,141.81,141.94,141.8,141.94,143.71242
2019-03-30 07:31:00,1553931060.0,141.9,142.0,141.88,141.95,172.69002
2019-03-30 07:32:00,1553931120.0,141.98,142.06,141.97,142.06,331.46185
2019-03-30 07:33:00,1553931180.0,142.06,142.06,142.01,142.06,249.87899
2019-03-30 07:34:00,1553931240.0,142.05,142.06,142.01,142.04,47.33895
2019-03-30 07:35:00,1553931300.0,142.01,142.06,142.0,142.06,121.74905
2019-03-30 07:36:00,1553931360.0,142.03,142.06,142.0,142.04,197.51487
2019-03-30 07:37:00,1553931420.0,142.05,142.05,141.98,142.03,233.31064
2019-03-30 07:38:00,1553931480.0,142.03,142.04,142.0,142.0,112.8697
2019-03-30 07:39:00,1553931540.0,142.01,142.04,142.0,142.01,58.719
2019-03-30 07:40:00,1553931600.0,142.04,142.04,142.0,142.02,66.38364
2019-03-30 07:41:00,1553931660.0,142.03,142.05,142.0,142.04,27.08107
2019-03-30 07:42:00,1553931720.0,142.02,142.06,142.01,142.01,60.61074
2019-03-30 07:43:00,1553931780.0,142.02,142.15,142.02,142.13,674.69566
2019-03-30 07:44:00,1553931840.0,142.14,142.17,142.11,142.15,90.84911
2019-03-30 07:45:00,1553931900.0,142.16,142.17,142.02,142.04,80.92166
2019-03-30 07:46:00,1553931960.0,142.02,142.06,142.01,142.03,63.48465
2019-03-30 07:47:00,1553932020.0,142.04,142.14,142.04,142.1,61.74364
2019-03-30 07:48:00,1553932080.0,142.14,142.15,142.04,142.07,67.08467
2019-03-30 07:49:00,1553932140.0,142.08,142.13,142.06,142.1,70.56736
2019-03-30 07:50:00,1553932200.0,142.11,142.17,142.11,142.16,48.41008
2019-03-30 07:51:00,1553932260.0,142.16,142.22,142.16,142.22,39.77188
2019-03-30 07:52:00,1553932320.0,142.18,142.21,142.12,142.21,30.16856
2019-03-30 07:53:00,1553932380.0,142.21,142.24,142.19,142.21,29.6323
2019-03-30 07:54:00,1553932440.0,142.24,142.34,142.19,142.31,115.58609
2019-03-30 07:55:00,1553932500.0,142.29,142.36,142.27,142.31,63.37529
2019-03-30 07:56:00,1553932560.0,142.32,142.36,142.27,142.3,104.28805
2019-03-30 07:57:00,1553932620.0,142.32,142.33,142.27,142.33,44.11369
2019-03-30 07:58:00,1553932680.0,142.3,142.33,142.2,142.23,120.48957
2019-03-30 07:59:00,1553932740.0,142.2,142.29,142.18,142.29,56.06972
2019-03-30 08:00:00,1553932800.0,142.25,142.28,142.15,142.18,66.01198
2019-03-30 08:01:00,1553932860.0,142.17,142.23,142.17,142.23,69.17592
2019-03-30 08:02:00,1553932920.0,142.23,142.25,142.23,142.25,58.64895
2019-03-30 08:03:00,1553932980.0,142.23,142.26,142.14,142.18,101.63564
2019-03-30 08:04:00,1553933040.0,142.18,142.18,142.07,142.12,42.35627
2019-03-30 08:05:00,1553933100.0,142.14,142.14,141.97,141.97,195.66413
2019-03-30 08:06:00,1553933160.0,142.0,142.0,141.89,141.97,76.27937
2019-03-30 08:07:00,1553933220.0,141.96,141.96,141.88,141.94,97.45359
2019-03-30 08:08:00,1553933280.0,141.93,142.0,141.9,141.99,51.92761
2019-03-30 08:09:00,1553933340.0,141.96,142.18,141.96,142.0,204.20095
2019-03-30 08:10:00,1553933400.0,142.02,142.07,141.96,142.02,103.4831
2019-03-30 08:11:00,1553933460.0,142.01,142.02,141.92,141.94,77.81037
2019-03-30 08:12:00,1553933520.0,141.96,142.0,141.89,141.93,73.70849
2019-03-30 08:13:00,1553933580.0,141.94,141.97,141.89,141.92,25.05566
2019-03-30 08:14:00,1553933640.0,141.9,141.9,141.81,141.83,88.43133
2019-03-30 08:15:00,1553933700.0,141.83,141.88,141.8,141.81,82.38422
2019-03-30 08:16:00,1553933760.0,141.8,141.8,141.65,141.72,311.08544
2019-03-30 08:17:00,1553933820.0,141.76,142.0,141.7,141.9,376.35473
2019-03-30 08:18:00,1553933880.0,141.95,141.97,141.89,141.93,164.48597
2019-03-30 08:19:00,1553933940.0,141.93,141.97,141.89,141.92,79.22216
2019-03-30 08:20:00,1553934000.0,141.92,141.97,141.89,141.97,58.5375
2019-03-30 08:21:00,1553934060.0,141.93,141.97,141.88,141.97,44.08669
2019-03-30 08:22:00,1553934120.0,141.92,142.03,141.83,142.03,326.4737
2019-03-30 08:23:00,1553934180.0,142.01,142.04,141.96,142.02,64.68324
2019-03-30 08:24:00,1553934240.0,142.02,142.12,142.01,142.01,457.75004
2019-03-30 08:25:00,1553934300.0,142.01,142.03,141.91,141.92,97.00586
2019-03-30 08:26:00,1553934360.0,141.96,141.97,141.91,141.92,47.45642
2019-03-30 08:27:00,1553934420.0,141.95,141.96,141.9,141.92,51.38893
2019-03-30 08:28:00,1553934480.0,141.92,141.92,141.8,141.87,66.96034
2019-03-30 08:29:00,1553934540.0,141.82,141.87,141.81,141.86,42.78301
2019-03-30 08:30:00,1553934600.0,141.83,141.85,141.8,141.82,235.34438
2019-03-30 08:31:00,1553934660.0,141.8,141.82,141.68,141.75,131.21082
2019-03-30 08:32:00,1553934720.0,141.74,141.76,141.7,141.73,65.57323
2019-03-30 08:33:00,1553934780.0,141.71,141.92,141.67,141.85,133.62466
2019-03-30 08:34:00,1553934840.0,141.85,142.03,141.85,142.0,176.92131
2019-03-30 08:35:00,1553934900.0,141.97,142.0,141.94,141.96,199.96698
2019-03-30 08:36:00,1553934960.0,141.92,141.92,141.79,141.79,99.8985
2019-03-30 08:37:00,1553935020.0,141.8,141.82,141.76,141.77,19.3196
2019-03-30 08:38:00,1553935080.0,141.78,141.88,141.78,141.87,40.38535
2019-03-30 08:39:00,1553935140.0,141.88,141.94,141.85,141.93,89.56325
2019-03-30 08:40:00,1553935200.0,141.93,141.96,141.81,141.81,100.79881
2019-03-30 08:41:00,1553935260.0,141.82,141.83,141.77,141.78,80.35356
2019-03-30 08:42:00,1553935320.0,141.78,141.87,141.76,141.81,179.89456
2019-03-30 08:43:00,1553935380.0,141.81,141.83,141.76,141.77,41.56934
2019-03-30 08:44:00,1553935440.0,141.77,141.84,141.76,141.8,156.30181
2019-03-30 08:45:00,1553935500.0,141.82,141.84,141.77,141.8,163.04544
2019-03-30 08:46:00,1553935560.0,141.81,141.89,141.81,141.88,53.3652
2019-03-30 08:47:00,1553935620.0,141.88,141.94,141.8,141.93,96.33597
2019-03-30 08:48:00,1553935680.0,141.93,141.95,141.89,141.94,64.94335
2019-03-30 08:49:00,1553935740.0,141.95,141.95,141.89,141.89,55.19992
2019-03-30 08:50:00,1553935800.0,141.92,141.98,141.88,141.92,202.30424
2019-03-30 08:51:00,1553935860.0,141.93,142.0,141.93,141.95,91.25184
2019-03-30 08:52:00,1553935920.0,141.98,142.01,141.93,142.0,80.69515
2019-03-30 08:53:00,1553935980.0,141.96,142.0,141.9,141.96,72.11424
2019-03-30 08:54:00,1553936040.0,141.97,142.03,141.97,142.02,55.06028
2019-03-30 08:55:00,1553936100.0,142.03,142.06,142.0,142.06,49.51957
2019-03-30 08:56:00,1553936160.0,142.05,142.06,142.01,142.02,56.8958
2019-03-30 08:57:00,1553936220.0,142.02,142.02,141.98,141.99,88.17021
2019-03-30 08:58:00,1553936280.0,142.01,142.06,142.0,142.05,132.42787
2019-03-30 08:59:00,1553936340.0,142.04,142.06,141.99,141.99,50.13157
2019-03-30 09:00:00,1553936400.0,142.03,142.05,141.99,142.02,51.81598
2019-03-30 09:01:00,1553936460.0,142.04,142.04,141.96,141.98,101.81446
2019-03-30 09:02:00,1553936520.0,141.97,142.02,141.94,141.97,166.63282
2019-03-30 09:03:00,1553936580.0,141.97,142.03,141.94,142.0,177.66179
2019-03-30 09:04:00,1553936640.0,141.97,142.0,141.97,142.0,116.74777
2019-03-30 09:05:00,1553936700.0,142.0,142.17,141.99,142.11,88.95
2019-03-30 09:06:00,1553936760.0,142.15,142.2,142.1,142.17,185.62818
2019-03-30 09:07:00,1553936820.0,142.15,142.17,142.1,142.17,81.88417
2019-03-30 09:08:00,1553936880.0,142.16,142.2,142.14,142.15,76.59807
2019-03-30 09:09:00,1553936940.0,142.18,142.26,142.16,142.26,184.16427
2019-03-30 09:10:00,1553937000.0,142.25,142.36,142.24,142.28,195.15178
2019-03-30 09:11:00,1553937060.0,142.29,142.51,142.27,142.4,403.98237
2019-03-30 09:12:00,1553937120.0,142.41,142.46,142.35,142.39,115.03255
2019-03-30 09:13:00,1553937180.0,142.35,142.44,142.34,142.44,52.43348
2019-03-30 09:14:00,1553937240.0,142.42,142.5,142.4,142.49,35.48205
2019-03-30 09:15:00,1553937300.0,142.49,142.58,142.49,142.56,142.1719
2019-03-30 09:16:00,1553937360.0,142.56,142.61,142.52,142.56,153.58047
2019-03-30 09:17:00,1553937420.0,142.59,142.6,142.5,142.58,105.05277
2019-03-30 09:18:00,1553937480.0,142.58,142.6,142.5,142.55,74.05381
2019-03-30 09:19:00,1553937540.0,142.54,142.55,142.52,142.53,26.02289
2019-03-30 09:20:00,1553937600.0,142.52,142.57,142.5,142.56,96.3876
2019-03-30 09:21:00,1553937660.0,142.56,142.6,142.56,142.6,70.23718
2019-03-30 09:22:00,1553937720.0,142.59,142.61,142.58,142.59,63.8104
2019-03-30 09:23:00,1553937780.0,142.6,142.61,142.57,142.59,183.83304
2019-03-30 09:24:00,1553937840.0,142.6,142.61,142.57,142.6,78.37899
2019-03-30 09:25:00,1553937900.0,142.59,142.6,142.51,142.55,158.6956
2019-03-30 09:26:00,1553937960.0,142.55,142.56,142.45,142.49,76.73428
2019-03-30 09:27:00,1553938020.0,142.51,142.52,142.46,142.47,132.81963
2019-03-30 09:28:00,1553938080.0,142.47,142.53,142.46,142.51,92.26493
2019-03-30 09:29:00,1553938140.0,142.51,142.53,142.49,142.52,75.32738
2019-03-30 09:30:00,1553938200.0,142.53,142.53,142.48,142.51,52.55163
2019-03-30 09:31:00,1553938260.0,142.53,142.55,142.45,142.53,184.47861
2019-03-30 09:32:00,1553938320.0,142.53,142.54,142.47,142.5,152.86143
2019-03-30 09:33:00,1553938380.0,142.5,142.54,142.48,142.54,91.9576
2019-03-30 09:34:00,1553938440.0,142.53,142.59,142.53,142.58,92.76694
2019-03-30 09:35:00,1553938500.0,142.58,142.59,142.57,142.58,56.35499
2019-03-30 09:36:00,1553938560.0,142.58,142.59,142.5,142.5,205.62627
2019-03-30 09:37:00,1553938620.0,142.53,142.58,142.49,142.49,160.24149
2019-03-30 09:38:00,1553938680.0,142.5,142.59,142.5,142.53,135.44006
2019-03-30 09:39:00,1553938740.0,142.56,142.56,142.48,142.51,33.20317
2019-03-30 09:40:00,1553938800.0,142.5,142.51,142.45,142.48,54.65894
2019-03-30 09:41:00,1553938860.0,142.48,142.48,142.43,142.48,35.43367
2019-03-30 09:42:00,1553938920.0,142.46,142.47,142.37,142.44,141.04945
2019-03-30 09:43:00,1553938980.0,142.38,142.43,142.35,142.4,75.32761
2019-03-30 09:44:00,1553939040.0,142.36,142.47,142.36,142.47,145.01387
2019-03-30 09:45:00,1553939100.0,142.42,142.51,142.36,142.49,113.11953
2019-03-30 09:46:00,1553939160.0,142.48,142.52,142.36,142.43,177.95824
2019-03-30 09:47:00,1553939220.0,142.42,142.45,142.39,142.41,35.58825
2019-03-30 09:48:00,1553939280.0,142.42,142.44,142.37,142.37,45.29951
2019-03-30 09:49:00,1553939340.0,142.42,142.44,142.37,142.37,65.39078
2019-03-30 09:50:00,1553939400.0,142.37,142.41,142.37,142.38,123.91772
2019-03-30 09:51:00,1553939460.0,142.38,142.39,142.31,142.34,31.17802
2019-03-30 09:52:00,1553939520.0,142.34,142.36,142.31,142.32,26.34367
2019-03-30 09:53:00,1553939580.0,142.33,142.36,142.26,142.26,222.72261
2019-03-30 09:54:00,1553939640.0,142.29,142.33,142.24,142.27,242.40979
2019-03-30 09:55:00,1553939700.0,142.27,142.28,142.2,142.2,77.71746
2019-03-30 09:56:00,1553939760.0,142.24,142.24,141.99,142.1,2128.66517
2019-03-30 09:57:00,1553939820.0,142.11,142.11,141.98,142.0,324.67283
2019-03-30 09:58:00,1553939880.0,142.01,142.1,141.97,142.04,203.86638
2019-03-30 09:59:00,1553939940.0,142.07,142.08,141.98,142.05,126.59452
2019-03-30 10:00:00,1553940000.0,142.03,142.07,141.97,141.97,116.31972
2019-03-30 10:01:00,1553940060.0,141.97,142.03,141.97,141.99,52.24443
2019-03-30 10:02:00,1553940120.0,141.98,142.11,141.98,142.07,175.06521
2019-03-30 10:03:00,1553940180.0,142.07,142.14,142.04,142.06,69.71574
2019-03-30 10:04:00,1553940240.0,142.03,142.1,142.0,142.06,72.03959
2019-03-30 10:05:00,1553940300.0,142.06,142.13,142.05,142.11,24.25743
2019-03-30 10:06:00,1553940360.0,142.11,142.14,142.03,142.11,50.01521
2019-03-30 10:07:00,1553940420.0,142.1,142.12,142.02,142.08,110.17439
2019-03-30 10:08:00,1553940480.0,142.12,142.15,142.03,142.05,64.20049
2019-03-30 10:09:00,1553940540.0,142.05,142.05,141.94,141.98,66.69192
2019-03-30 10:10:00,1553940600.0,141.98,141.99,141.89,141.91,104.35947
2019-03-30 10:11:00,1553940660.0,141.95,141.95,141.89,141.91,111.63859
2019-03-30 10:12:00,1553940720.0,141.93,141.95,141.89,141.89,200.50937
2019-03-30 10:13:00,1553940780.0,141.9,141.95,141.89,141.89,164.15834
2019-03-30 10:14:00,1553940840.0,141.9,141.98,141.9,141.95,120.77027
2019-03-30 10:15:00,1553940900.0,141.95,141.97,141.9,141.94,95.17435
2019-03-30 10:16:00,1553940960.0,141.94,141.94,141.86,141.88,157.78023
2019-03-30 10:17:00,1553941020.0,141.86,141.86,141.75,141.76,275.36208
2019-03-30 10:18:00,1553941080.0,141.8,141.81,141.75,141.79,93.98433
2019-03-30 10:19:00,1553941140.0,141.76,141.8,141.75,141.78,208.98099
2019-03-30 10:20:00,1553941200.0,141.79,141.8,141.75,141.78,127.28705
2019-03-30 10:21:00,1553941260.0,141.8,141.8,141.75,141.75,204.16921
2019-03-30 10:22:00,1553941320.0,141.77,141.88,141.75,141.85,140.82291
2019-03-30 10:23:00,1553941380.0,141.85,141.9,141.8,141.85,88.99453
2019-03-30 10:24:00,1553941440.0,141.88,142.09,141.86,142.0,576.54857
2019-03-30 10:25:00,1553941500.0,141.97,142.13,141.95,142.08,147.19743
2019-03-30 10:26:00,1553941560.0,142.07,142.12,141.99,142.04,65.94877
2019-03-30 10:27:00,1553941620.0,142.01,142.05,141.97,141.99,104.31746
2019-03-30 10:28:00,1553941680.0,142.0,142.04,141.96,142.02,66.24201
2019-03-30 10:29:00,1553941740.0,141.99,142.04,141.96,141.98,76.75876
2019-03-30 10:30:00,1553941800.0,141.98,142.07,141.96,142.06,154.34995
2019-03-30 10:31:00,1553941860.0,142.1,142.1,141.98,141.99,72.75353
2019-03-30 10:32:00,1553941920.0,141.99,141.99,141.87,141.89,28.40878
2019-03-30 10:33:00,1553941980.0,141.85,141.88,141.76,141.77,183.88405
2019-03-30 10:34:00,1553942040.0,141.77,141.85,141.74,141.81,550.02466
2019-03-30 10:35:00,1553942100.0,141.83,141.93,141.8,141.92,99.29117
2019-03-30 10:36:00,1553942160.0,141.91,141.91,141.85,141.89,58.00048
2019-03-30 10:37:00,1553942220.0,141.9,141.96,141.81,141.9,274.26967
2019-03-30 10:38:00,1553942280.0,141.93,141.98,141.91,141.94,45.75138
2019-03-30 10:39:00,1553942340.0,141.97,142.0,141.92,142.0,26.39884
2019-03-30 10:40:00,1553942400.0,141.99,142.0,141.97,142.0,24.01137
2019-03-30 10:41:00,1553942460.0,141.97,142.0,141.97,142.0,141.89413
2019-03-30 10:42:00,1553942520.0,142.0,142.0,141.8,141.86,276.88834
2019-03-30 10:43:00,1553942580.0,141.89,141.89,141.74,141.83,166.65759
2019-03-30 10:44:00,1553942640.0,141.83,141.84,141.72,141.75,71.50649
2019-03-30 10:45:00,1553942700.0,141.73,141.81,141.71,141.81,134.55984
2019-03-30 10:46:00,1553942760.0,141.81,141.83,141.73,141.75,106.82301
2019-03-30 10:47:00,1553942820.0,141.79,141.84,141.77,141.8,49.24106
2019-03-30 10:48:00,1553942880.0,141.79,141.83,141.71,141.72,220.89442
2019-03-30 10:49:00,1553942940.0,141.71,141.76,141.69,141.69,51.51971
2019-03-30 10:50:00,1553943000.0,141.69,141.7,141.3,141.41,1146.84942
2019-03-30 10:51:00,1553943060.0,141.44,141.45,141.0,141.36,1309.25516
2019-03-30 10:52:00,1553943120.0,141.35,141.41,141.24,141.41,255.97117
2019-03-30 10:53:00,1553943180.0,141.41,141.6,141.36,141.55,1292.07372
2019-03-30 10:54:00,1553943240.0,141.55,141.63,141.54,141.63,178.61118
2019-03-30 10:55:00,1553943300.0,141.6,141.62,141.51,141.53,127.81143
2019-03-30 10:56:00,1553943360.0,141.56,141.56,141.42,141.49,124.26066
2019-03-30 10:57:00,1553943420.0,141.48,141.56,141.46,141.46,72.39597
2019-03-30 10:58:00,1553943480.0,141.47,141.63,141.47,141.63,78.73612
2019-03-30 10:59:00,1553943540.0,141.59,141.68,141.56,141.65,177.24286
2019-03-30 11:00:00,1553943600.0,141.68,141.72,141.64,141.71,262.18956
2019-03-30 11:01:00,1553943660.0,141.72,141.75,141.66,141.73,72.04256
2019-03-30 11:02:00,1553943720.0,141.73,141.76,141.66,141.72,102.37236
2019-03-30 11:03:00,1553943780.0,141.72,141.72,141.59,141.62,132.37814
2019-03-30 11:04:00,1553943840.0,141.61,141.63,141.54,141.59,109.17622
2019-03-30 11:05:00,1553943900.0,141.6,141.61,141.53,141.56,84.10751
2019-03-30 11:06:00,1553943960.0,141.53,141.59,141.49,141.54,182.24619
2019-03-30 11:07:00,1553944020.0,141.56,141.59,141.53,141.55,250.83733
2019-03-30 11:08:00,1553944080.0,141.58,141.63,141.53,141.59,136.54791
2019-03-30 11:09:00,1553944140.0,141.6,141.63,141.55,141.6,98.23844
2019-03-30 11:10:00,1553944200.0,141.55,141.77,141.55,141.73,226.65399
2019-03-30 11:11:00,1553944260.0,141.73,141.76,141.67,141.71,167.85822
2019-03-30 11:12:00,1553944320.0,141.74,141.83,141.68,141.83,286.46667
2019-03-30 11:13:00,1553944380.0,141.83,141.85,141.75,141.84,92.17931
2019-03-30 11:14:00,1553944440.0,141.84,141.87,141.77,141.86,167.27884
2019-03-30 11:15:00,1553944500.0,141.86,141.87,141.82,141.82,57.8175
2019-03-30 11:16:00,1553944560.0,141.82,141.89,141.8,141.84,56.84562
2019-03-30 11:17:00,1553944620.0,141.84,141.9,141.81,141.82,70.32801
2019-03-30 11:18:00,1553944680.0,141.84,141.95,141.81,141.9,77.71226
2019-03-30 11:19:00,1553944740.0,141.92,141.96,141.86,141.96,77.34482
2019-03-30 11:20:00,1553944800.0,141.96,142.0,141.89,141.96,144.10639
2019-03-30 11:21:00,1553944860.0,141.98,141.98,141.9,141.9,66.10342
2019-03-30 11:22:00,1553944920.0,141.95,141.96,141.89,141.94,74.33063
2019-03-30 11:23:00,1553944980.0,141.94,141.99,141.92,141.98,46.35416
2019-03-30 11:24:00,1553945040.0,141.98,142.0,141.92,141.95,60.23999
2019-03-30 11:25:00,1553945100.0,141.97,142.01,141.89,141.96,284.24369
2019-03-30 11:26:00,1553945160.0,141.95,141.97,141.91,141.96,36.21446
2019-03-30 11:27:00,1553945220.0,141.96,142.01,141.96,141.98,98.02816
2019-03-30 11:28:00,1553945280.0,141.99,142.03,141.94,141.99,37.35397
2019-03-30 11:29:00,1553945340.0,141.99,142.06,141.98,142.03,89.18493
2019-03-30 11:30:00,1553945400.0,142.03,142.05,141.98,142.01,66.23584
2019-03-30 11:31:00,1553945460.0,141.99,142.07,141.99,142.04,41.62202
2019-03-30 11:32:00,1553945520.0,142.02,142.05,142.0,142.03,16.18494
2019-03-30 11:33:00,1553945580.0,142.05,142.05,141.99,142.0,36.96334
2019-03-30 11:34:00,1553945640.0,142.0,142.04,141.99,142.03,66.16637
2019-03-30 11:35:00,1553945700.0,142.02,142.04,141.99,142.03,51.71846
2019-03-30 11:36:00,1553945760.0,141.99,142.05,141.91,141.95,149.51469
2019-03-30 11:37:00,1553945820.0,141.95,141.99,141.94,141.96,42.5525
2019-03-30 11:38:00,1553945880.0,141.97,141.97,141.89,141.94,69.51892
2019-03-30 11:39:00,1553945940.0,141.94,142.0,141.93,141.98,41.94158
2019-03-30 11:40:00,1553946000.0,142.01,142.02,141.91,141.98,122.88893
2019-03-30 11:41:00,1553946060.0,141.97,141.97,141.9,141.95,110.67075
2019-03-30 11:42:00,1553946120.0,141.93,141.98,141.88,141.92,71.50706
2019-03-30 11:43:00,1553946180.0,141.9,141.92,141.79,141.83,39.09204
2019-03-30 11:44:00,1553946240.0,141.85,141.85,141.78,141.79,117.34045
2019-03-30 11:45:00,1553946300.0,141.84,141.87,141.8,141.84,22.62082
2019-03-30 11:46:00,1553946360.0,141.85,141.94,141.83,141.91,54.10046
2019-03-30 11:47:00,1553946420.0,141.92,141.98,141.86,141.98,56.06767
2019-03-30 11:48:00,1553946480.0,141.98,142.01,141.89,141.92,78.59002
2019-03-30 11:49:00,1553946540.0,141.93,141.98,141.89,141.97,40.80905
2019-03-30 11:50:00,1553946600.0,141.98,142.01,141.97,141.97,88.71356
2019-03-30 11:51:00,1553946660.0,141.97,142.02,141.97,141.98,38.04188
2019-03-30 11:52:00,1553946720.0,142.02,142.05,141.94,142.03,155.10154
2019-03-30 11:53:00,1553946780.0,142.04,142.05,141.98,142.04,37.42002
2019-03-30 11:54:00,1553946840.0,142.03,142.08,142.0,142.08,119.93236
2019-03-30 11:55:00,1553946900.0,142.08,142.1,142.03,142.03,76.13701
2019-03-30 11:56:00,1553946960.0,142.09,142.1,142.04,142.1,51.42069
2019-03-30 11:57:00,1553947020.0,142.08,142.14,142.08,142.12,42.33648
2019-03-30 11:58:00,1553947080.0,142.13,142.21,142.13,142.2,106.10736
2019-03-30 11:59:00,1553947140.0,142.2,142.23,142.17,142.2,61.37371
2019-03-30 12:00:00,1553947200.0,142.2,142.2,142.03,142.05,397.01088
2019-03-30 12:01:00,1553947260.0,142.01,142.07,141.97,141.97,88.07974
2019-03-30 12:02:00,1553947320.0,141.98,142.1,141.95,142.09,149.58796
2019-03-30 12:03:00,1553947380.0,142.06,142.2,142.05,142.19,393.82808
2019-03-30 12:04:00,1553947440.0,142.2,142.23,142.18,142.23,244.77743
2019-03-30 12:05:00,1553947500.0,142.22,142.29,142.2,142.29,121.02428
2019-03-30 12:06:00,1553947560.0,142.26,142.37,142.26,142.3,136.4972
2019-03-30 12:07:00,1553947620.0,142.3,142.36,142.28,142.34,51.17139
2019-03-30 12:08:00,1553947680.0,142.29,142.38,142.29,142.33,48.11371
2019-03-30 12:09:00,1553947740.0,142.36,142.42,142.33,142.41,54.61158
2019-03-30 12:10:00,1553947800.0,142.41,142.44,142.35,142.44,56.95998
2019-03-30 12:11:00,1553947860.0,142.41,142.57,142.41,142.55,71.31982
2019-03-30 12:12:00,1553947920.0,142.55,142.64,142.55,142.63,118.03077
2019-03-30 12:13:00,1553947980.0,142.62,142.63,142.48,142.57,105.22187
2019-03-30 12:14:00,1553948040.0,142.53,142.55,142.43,142.43,154.84679
2019-03-30 12:15:00,1553948100.0,142.42,142.47,142.36,142.36,99.03685
2019-03-30 12:16:00,1553948160.0,142.37,142.37,142.19,142.19,177.7465
2019-03-30 12:17:00,1553948220.0,142.21,142.34,142.17,142.28,75.35953
2019-03-30 12:18:00,1553948280.0,142.28,142.31,142.24,142.28,22.96175
2019-03-30 12:19:00,1553948340.0,142.26,142.32,142.24,142.3,51.69773
2019-03-30 12:20:00,1553948400.0,142.3,142.35,142.22,142.23,56.72426
2019-03-30 12:21:00,1553948460.0,142.26,142.3,142.23,142.29,28.525
2019-03-30 12:22:00,1553948520.0,142.3,142.39,142.29,142.37,46.97722
2019-03-30 12:23:00,1553948580.0,142.37,142.37,142.26,142.37,58.35551
2019-03-30 12:24:00,1553948640.0,142.3,142.36,142.28,142.33,100.55589
2019-03-30 12:25:00,1553948700.0,142.34,142.35,142.27,142.31,45.67244
2019-03-30 12:26:00,1553948760.0,142.28,142.32,142.25,142.28,80.23125
2019-03-30 12:27:00,1553948820.0,142.27,142.28,142.19,142.23,35.9369
2019-03-30 12:28:00,1553948880.0,142.23,142.23,142.16,142.22,42.79812
2019-03-30 12:29:00,1553948940.0,142.22,142.25,142.18,142.2,75.44097
2019-03-30 12:30:00,1553949000.0,142.23,142.25,142.2,142.24,19.65773
2019-03-30 12:31:00,1553949060.0,142.24,142.24,142.16,142.18,183.04301
2019-03-30 12:32:00,1553949120.0,142.17,142.21,142.15,142.2,205.63169
2019-03-30 12:33:00,1553949180.0,142.18,142.24,142.14,142.22,93.03295
2019-03-30 12:34:00,1553949240.0,142.19,142.22,142.18,142.21,56.26038
2019-03-30 12:35:00,1553949300.0,142.21,142.25,142.2,142.21,77.67995
2019-03-30 12:36:00,1553949360.0,142.21,142.25,142.2,142.23,169.56251
2019-03-30 12:37:00,1553949420.0,142.24,142.29,142.23,142.28,26.91481
2019-03-30 12:38:00,1553949480.0,142.29,142.35,142.28,142.34,97.40105
2019-03-30 12:39:00,1553949540.0,142.34,142.35,142.31,142.32,35.03274
2019-03-30 12:40:00,1553949600.0,142.34,142.35,142.29,142.3,64.16121
2019-03-30 12:41:00,1553949660.0,142.33,142.33,142.21,142.22,164.38957
2019-03-30 12:42:00,1553949720.0,142.22,142.23,142.18,142.2,98.19243
2019-03-30 12:43:00,1553949780.0,142.23,142.26,142.18,142.21,75.30252
2019-03-30 12:44:00,1553949840.0,142.24,142.26,142.19,142.25,95.86739
2019-03-30 12:45:00,1553949900.0,142.25,142.26,142.21,142.24,25.39609
2019-03-30 12:46:00,1553949960.0,142.22,142.24,142.19,142.19,86.32872
2019-03-30 12:47:00,1553950020.0,142.2,142.23,142.18,142.23,59.86188
2019-03-30 12:48:00,1553950080.0,142.2,142.26,142.2,142.25,102.32635
2019-03-30 12:49:00,1553950140.0,142.26,142.3,142.25,142.25,20.03105
2019-03-30 12:50:00,1553950200.0,142.26,142.29,142.25,142.28,41.50324
2019-03-30 12:51:00,1553950260.0,142.28,142.31,142.25,142.31,60.42301
2019-03-30 12:52:00,1553950320.0,142.33,142.35,142.28,142.32,63.54969
2019-03-30 12:53:00,1553950380.0,142.29,142.35,142.26,142.33,77.34325
2019-03-30 12:54:00,1553950440.0,142.32,142.33,142.27,142.3,42.14159
2019-03-30 12:55:00,1553950500.0,142.31,142.33,142.3,142.32,17.1648
2019-03-30 12:56:00,1553950560.0,142.33,142.37,142.32,142.34,36.01494
2019-03-30 12:57:00,1553950620.0,142.34,142.37,142.3,142.32,64.25598
2019-03-30 12:58:00,1553950680.0,142.32,142.39,142.32,142.37,28.21879
2019-03-30 12:59:00,1553950740.0,142.4,142.43,142.34,142.38,128.38897
2019-03-30 13:00:00,1553950800.0,142.37,142.43,142.37,142.42,149.11272
2019-03-30 13:01:00,1553950860.0,142.41,142.43,142.4,142.41,34.35088
2019-03-30 13:02:00,1553950920.0,142.42,142.49,142.41,142.48,115.86815
2019-03-30 13:03:00,1553950980.0,142.47,142.5,142.43,142.5,339.62544
2019-03-30 13:04:00,1553951040.0,142.48,142.49,142.44,142.49,272.10673
2019-03-30 13:05:00,1553951100.0,142.5,142.51,142.41,142.42,133.54582
2019-03-30 13:06:00,1553951160.0,142.44,142.44,142.41,142.42,31.76163
2019-03-30 13:07:00,1553951220.0,142.44,142.44,142.39,142.39,32.2382
2019-03-30 13:08:00,1553951280.0,142.37,142.44,142.37,142.4,35.52785
2019-03-30 13:09:00,1553951340.0,142.4,142.4,142.33,142.34,139.47727
2019-03-30 13:10:00,1553951400.0,142.37,142.43,142.32,142.42,167.94441
2019-03-30 13:11:00,1553951460.0,142.4,142.41,142.3,142.34,250.1924
2019-03-30 13:12:00,1553951520.0,142.31,142.39,142.3,142.39,99.40476
2019-03-30 13:13:00,1553951580.0,142.34,142.41,142.29,142.41,73.58319
2019-03-30 13:14:00,1553951640.0,142.41,142.41,142.25,142.31,85.38315
2019-03-30 13:15:00,1553951700.0,142.33,142.4,142.32,142.37,59.85488
2019-03-30 13:16:00,1553951760.0,142.38,142.38,142.3,142.35,15.35932
2019-03-30 13:17:00,1553951820.0,142.34,142.34,142.25,142.25,38.78153
2019-03-30 13:18:00,1553951880.0,142.3,142.3,142.25,142.27,54.91613
2019-03-30 13:19:00,1553951940.0,142.26,142.27,142.24,142.26,154.32816
2019-03-30 13:20:00,1553952000.0,142.27,142.28,141.95,142.04,2062.54758
2019-03-30 13:21:00,1553952060.0,142.04,142.07,141.9,141.99,141.7205
2019-03-30 13:22:00,1553952120.0,141.96,142.64,141.63,141.99,1425.94032
2019-03-30 13:23:00,1553952180.0,142.0,142.02,141.88,141.89,105.62476
2019-03-30 13:24:00,1553952240.0,141.86,141.93,141.83,141.83,100.21024
2019-03-30 13:25:00,1553952300.0,141.81,141.91,141.76,141.9,82.17934
2019-03-30 13:26:00,1553952360.0,141.92,141.99,141.87,141.99,27.0794
2019-03-30 13:27:00,1553952420.0,141.99,142.12,141.96,142.09,59.37567
2019-03-30 13:28:00,1553952480.0,142.13,142.17,142.03,142.03,91.77263
2019-03-30 13:29:00,1553952540.0,142.03,142.09,141.93,141.95,94.58588
2019-03-30 13:30:00,1553952600.0,141.97,141.97,141.82,141.89,142.8376
2019-03-30 13:31:00,1553952660.0,141.87,142.0,141.8,142.0,499.02542
2019-03-30 13:32:00,1553952720.0,142.0,142.03,141.97,142.03,59.32184
2019-03-30 13:33:00,1553952780.0,142.03,142.12,142.03,142.09,233.57811
2019-03-30 13:34:00,1553952840.0,142.11,142.13,142.07,142.07,39.6561
2019-03-30 13:35:00,1553952900.0,142.1,142.2,142.07,142.16,76.42555
2019-03-30 13:36:00,1553952960.0,142.16,142.16,142.11,142.14,40.17602
2019-03-30 13:37:00,1553953020.0,142.16,142.2,142.01,142.01,143.78744
2019-03-30 13:38:00,1553953080.0,142.03,142.05,141.83,141.88,314.81787
2019-03-30 13:39:00,1553953140.0,141.89,141.98,141.88,141.88,59.97931
2019-03-30 13:40:00,1553953200.0,141.92,141.98,141.91,141.93,41.04898
2019-03-30 13:41:00,1553953260.0,141.97,141.98,141.89,141.94,85.26499
2019-03-30 13:42:00,1553953320.0,141.93,141.99,141.93,141.99,43.06875
2019-03-30 13:43:00,1553953380.0,141.95,141.98,141.93,141.97,69.27706
2019-03-30 13:44:00,1553953440.0,141.98,142.01,141.91,141.91,98.8228
2019-03-30 13:45:00,1553953500.0,141.92,141.93,141.85,141.93,82.39039
2019-03-30 13:46:00,1553953560.0,141.92,141.93,141.83,141.86,45.18864
2019-03-30 13:47:00,1553953620.0,141.88,141.93,141.73,141.79,141.10019
2019-03-30 13:48:00,1553953680.0,141.81,141.82,141.7,141.77,101.14646
2019-03-30 13:49:00,1553953740.0,141.81,141.87,141.77,141.84,64.62257
2019-03-30 13:50:00,1553953800.0,141.84,141.85,141.77,141.79,31.45497
2019-03-30 13:51:00,1553953860.0,141.81,141.87,141.78,141.8,76.9175
2019-03-30 13:52:00,1553953920.0,141.81,141.89,141.81,141.86,43.19142
2019-03-30 13:53:00,1553953980.0,141.87,141.9,141.85,141.89,99.71211
2019-03-30 13:54:00,1553954040.0,141.91,141.93,141.87,141.91,56.65794
2019-03-30 13:55:00,1553954100.0,141.92,141.98,141.9,141.96,318.51761
2019-03-30 13:56:00,1553954160.0,141.97,142.13,141.92,142.12,435.06766
2019-03-30 13:57:00,1553954220.0,142.12,142.18,142.07,142.07,119.89443
2019-03-30 13:58:00,1553954280.0,142.11,142.14,142.03,142.07,49.54668
2019-03-30 13:59:00,1553954340.0,142.03,142.08,141.99,142.04,66.79
2019-03-30 14:00:00,1553954400.0,142.04,142.05,141.92,141.97,172.11648
2019-03-30 14:01:00,1553954460.0,142.0,142.03,141.95,142.02,165.17897
2019-03-30 14:02:00,1553954520.0,141.98,142.05,141.96,142.01,53.00058
2019-03-30 14:03:00,1553954580.0,142.05,142.06,142.02,142.02,47.61613
2019-03-30 14:04:00,1553954640.0,142.06,142.12,141.99,142.03,126.05732
2019-03-30 14:05:00,1553954700.0,142.03,142.1,142.02,142.05,57.3409
2019-03-30 14:06:00,1553954760.0,142.06,142.1,142.05,142.05,60.18612
2019-03-30 14:07:00,1553954820.0,142.05,142.09,142.02,142.06,50.86444
2019-03-30 14:08:00,1553954880.0,142.03,142.1,142.0,142.05,43.78943
2019-03-30 14:09:00,1553954940.0,142.05,142.12,142.03,142.12,56.89591
2019-03-30 14:10:00,1553955000.0,142.11,142.13,142.06,142.12,54.69191
2019-03-30 14:11:00,1553955060.0,142.1,142.16,142.08,142.12,55.76153
2019-03-30 14:12:00,1553955120.0,142.12,142.14,142.06,142.08,33.52023
2019-03-30 14:13:00,1553955180.0,142.11,142.16,142.09,142.09,36.3305
2019-03-30 14:14:00,1553955240.0,142.12,142.14,142.05,142.13,45.08926
2019-03-30 14:15:00,1553955300.0,142.13,142.16,142.09,142.13,35.30981
2019-03-30 14:16:00,1553955360.0,142.14,142.14,142.07,142.09,25.99493
2019-03-30 14:17:00,1553955420.0,142.04,142.09,142.03,142.06,76.94054
2019-03-30 14:18:00,1553955480.0,142.07,142.08,142.0,142.07,90.98072
2019-03-30 14:19:00,1553955540.0,142.07,142.07,141.93,141.99,85.84078
2019-03-30 14:20:00,1553955600.0,142.0,142.03,141.85,141.85,123.64809
2019-03-30 14:21:00,1553955660.0,141.89,141.89,141.81,141.84,94.5098
2019-03-30 14:22:00,1553955720.0,141.87,141.87,141.8,141.8,77.8246
2019-03-30 14:23:00,1553955780.0,141.81,141.92,141.8,141.85,98.41295
2019-03-30 14:24:00,1553955840.0,141.84,141.94,141.84,141.86,73.80669
2019-03-30 14:25:00,1553955900.0,141.92,141.93,141.82,141.9,26.93072
2019-03-30 14:26:00,1553955960.0,141.89,141.93,141.83,141.91,23.11171
2019-03-30 14:27:00,1553956020.0,141.89,141.96,141.89,141.9,34.12297
2019-03-30 14:28:00,1553956080.0,141.93,141.93,141.88,141.93,38.40457
2019-03-30 14:29:00,1553956140.0,141.92,141.95,141.84,141.95,41.86312
2019-03-30 14:30:00,1553956200.0,141.89,141.94,141.86,141.92,36.982
2019-03-30 14:31:00,1553956260.0,141.92,141.92,141.88,141.9,39.05813
2019-03-30 14:32:00,1553956320.0,141.91,141.91,141.64,141.68,585.35512
2019-03-30 14:33:00,1553956380.0,141.68,141.72,141.59,141.61,173.09258
2019-03-30 14:34:00,1553956440.0,141.62,141.74,141.59,141.72,156.90676
2019-03-30 14:35:00,1553956500.0,141.71,141.79,141.71,141.77,26.10794
2019-03-30 14:36:00,1553956560.0,141.76,141.86,141.74,141.84,47.28125
2019-03-30 14:37:00,1553956620.0,141.83,141.85,141.78,141.83,47.73639
2019-03-30 14:38:00,1553956680.0,141.81,141.86,141.73,141.73,116.40696
2019-03-30 14:39:00,1553956740.0,141.72,141.82,141.7,141.72,85.22388
2019-03-30 14:40:00,1553956800.0,141.75,141.76,141.71,141.73,54.67932
2019-03-30 14:41:00,1553956860.0,141.73,141.76,141.65,141.66,87.35621
2019-03-30 14:42:00,1553956920.0,141.65,141.67,141.59,141.67,121.14038
2019-03-30 14:43:00,1553956980.0,141.62,141.66,141.61,141.61,49.98058
2019-03-30 14:44:00,1553957040.0,141.61,141.68,141.58,141.58,93.02056
2019-03-30 14:45:00,1553957100.0,141.61,141.67,141.57,141.67,105.10787
2019-03-30 14:46:00,1553957160.0,141.66,141.74,141.66,141.73,54.08729
2019-03-30 14:47:00,1553957220.0,141.74,141.83,141.73,141.82,59.24414
2019-03-30 14:48:00,1553957280.0,141.82,141.92,141.8,141.84,67.66424
2019-03-30 14:49:00,1553957340.0,141.89,141.92,141.82,141.92,93.96271
2019-03-30 14:50:00,1553957400.0,141.92,141.99,141.88,141.92,139.14296
2019-03-30 14:51:00,1553957460.0,141.98,142.08,141.93,141.98,300.58489
2019-03-30 14:52:00,1553957520.0,142.0,142.03,141.98,142.01,18.3324
2019-03-30 14:53:00,1553957580.0,142.0,142.1,141.99,142.05,111.64224
2019-03-30 14:54:00,1553957640.0,142.04,142.18,142.04,142.12,136.2551
2019-03-30 14:55:00,1553957700.0,142.12,142.2,142.09,142.11,121.15462
2019-03-30 14:56:00,1553957760.0,142.11,142.18,142.1,142.18,102.91022
2019-03-30 14:57:00,1553957820.0,142.2,142.2,142.13,142.16,35.0507
2019-03-30 14:58:00,1553957880.0,142.18,142.2,142.08,142.1,255.95595
2019-03-30 14:59:00,1553957940.0,142.09,142.11,142.08,142.1,240.09474
2019-03-30 15:00:00,1553958000.0,142.09,142.09,142.05,142.05,55.49014
2019-03-30 15:01:00,1553958060.0,142.06,142.11,142.06,142.11,97.98066
2019-03-30 15:02:00,1553958120.0,142.11,142.11,142.06,142.07,53.48521
2019-03-30 15:03:00,1553958180.0,142.08,142.11,142.06,142.07,171.91865
2019-03-30 15:04:00,1553958240.0,142.07,142.11,141.99,142.06,213.35669
2019-03-30 15:05:00,1553958300.0,142.06,142.1,141.98,142.01,68.69123
2019-03-30 15:06:00,1553958360.0,142.03,142.05,141.97,142.0,131.62862
2019-03-30 15:07:00,1553958420.0,142.02,142.02,141.95,141.95,72.37654
2019-03-30 15:08:00,1553958480.0,141.95,142.01,141.94,142.01,92.27225
2019-03-30 15:09:00,1553958540.0,142.01,142.01,141.94,141.95,51.7009
2019-03-30 15:10:00,1553958600.0,141.99,142.03,141.91,142.0,23.79872
2019-03-30 15:11:00,1553958660.0,141.94,142.0,141.88,141.88,97.18938
2019-03-30 15:12:00,1553958720.0,141.88,141.96,141.87,141.95,28.84784
2019-03-30 15:13:00,1553958780.0,141.9,141.95,141.78,141.91,277.90786
2019-03-30 15:14:00,1553958840.0,141.89,141.89,141.7,141.79,442.62605
2019-03-30 15:15:00,1553958900.0,141.78,141.83,141.7,141.81,50.05536
2019-03-30 15:16:00,1553958960.0,141.82,141.82,141.76,141.8,53.1001
2019-03-30 15:17:00,1553959020.0,141.77,141.92,141.76,141.91,38.99198
2019-03-30 15:18:00,1553959080.0,141.92,141.96,141.86,141.86,134.11122
2019-03-30 15:19:00,1553959140.0,141.86,141.92,141.85,141.9,87.70411
2019-03-30 15:20:00,1553959200.0,141.9,141.91,141.87,141.91,20.24866
2019-03-30 15:21:00,1553959260.0,141.91,141.92,141.88,141.89,53.15503
2019-03-30 15:22:00,1553959320.0,141.89,141.9,141.89,141.89,5.87499
2019-03-30 15:23:00,1553959380.0,141.9,141.92,141.89,141.9,40.59325
2019-03-30 15:24:00,1553959440.0,141.9,141.91,141.86,141.86,64.00817
2019-03-30 15:25:00,1553959500.0,141.91,142.05,141.88,141.96,269.33114
2019-03-30 15:26:00,1553959560.0,141.99,142.07,141.97,142.07,186.52638
2019-03-30 15:27:00,1553959620.0,142.06,142.1,142.02,142.07,114.23826
2019-03-30 15:28:00,1553959680.0,142.06,142.07,142.0,142.05,29.04107
2019-03-30 15:29:00,1553959740.0,142.06,142.1,142.03,142.09,27.42103
2019-03-30 15:30:00,1553959800.0,142.09,142.12,142.0,142.1,120.20353
2019-03-30 15:31:00,1553959860.0,142.12,142.14,141.99,141.99,72.7421
2019-03-30 15:32:00,1553959920.0,142.09,142.15,142.02,142.09,37.29686
2019-03-30 15:33:00,1553959980.0,142.04,142.05,141.91,141.91,276.04939
2019-03-30 15:34:00,1553960040.0,141.93,141.93,141.81,141.85,129.6451
2019-03-30 15:35:00,1553960100.0,141.85,141.86,141.7,141.76,117.87524
2019-03-30 15:36:00,1553960160.0,141.73,141.84,141.72,141.74,94.29498
2019-03-30 15:37:00,1553960220.0,141.73,141.81,141.73,141.74,53.24644
2019-03-30 15:38:00,1553960280.0,141.75,141.83,141.73,141.73,146.63992
2019-03-30 15:39:00,1553960340.0,141.73,141.76,141.58,141.67,347.99008
2019-03-30 15:40:00,1553960400.0,141.72,141.74,141.64,141.73,115.52318
2019-03-30 15:41:00,1553960460.0,141.69,141.73,141.6,141.68,128.21756
2019-03-30 15:42:00,1553960520.0,141.67,141.7,141.46,141.58,379.06228
2019-03-30 15:43:00,1553960580.0,141.6,141.7,141.53,141.68,114.1779
2019-03-30 15:44:00,1553960640.0,141.68,141.69,141.54,141.61,162.37242
2019-03-30 15:45:00,1553960700.0,141.64,141.76,141.61,141.7,435.03946
2019-03-30 15:46:00,1553960760.0,141.72,141.79,141.68,141.79,56.22112
2019-03-30 15:47:00,1553960820.0,141.82,141.82,141.68,141.68,78.43963
2019-03-30 15:48:00,1553960880.0,141.73,141.78,141.68,141.78,82.93151
2019-03-30 15:49:00,1553960940.0,141.76,141.79,141.7,141.74,57.95587
2019-03-30 15:50:00,1553961000.0,141.69,141.72,141.56,141.68,187.62752
2019-03-30 15:51:00,1553961060.0,141.68,141.73,141.68,141.69,40.60766
2019-03-30 15:52:00,1553961120.0,141.69,141.71,141.62,141.67,100.88534
2019-03-30 15:53:00,1553961180.0,141.67,141.7,141.56,141.56,45.09672
2019-03-30 15:54:00,1553961240.0,141.57,141.58,141.31,141.35,461.16424
2019-03-30 15:55:00,1553961300.0,141.37,141.68,141.36,141.64,212.30747
2019-03-30 15:56:00,1553961360.0,141.68,141.68,141.54,141.58,81.14691
2019-03-30 15:57:00,1553961420.0,141.59,141.63,141.48,141.59,51.37743
2019-03-30 15:58:00,1553961480.0,141.6,141.61,141.51,141.51,41.98543
2019-03-30 15:59:00,1553961540.0,141.5,141.57,141.4,141.52,250.34973
2019-03-30 16:00:00,1553961600.0,141.55,141.57,141.34,141.35,138.62167
2019-03-30 16:01:00,1553961660.0,141.39,141.4,141.15,141.39,454.60027
2019-03-30 16:02:00,1553961720.0,141.39,141.42,141.26,141.31,125.73318
2019-03-30 16:03:00,1553961780.0,141.32,141.37,141.28,141.35,86.52953
2019-03-30 16:04:00,1553961840.0,141.35,141.38,141.31,141.32,62.37558
2019-03-30 16:05:00,1553961900.0,141.35,141.48,141.35,141.47,104.28575
2019-03-30 16:06:00,1553961960.0,141.49,141.63,141.45,141.5,124.85528
2019-03-30 16:07:00,1553962020.0,141.51,141.73,141.5,141.65,289.81472
2019-03-30 16:08:00,1553962080.0,141.64,141.65,141.43,141.52,652.7463
2019-03-30 16:09:00,1553962140.0,141.52,141.62,141.51,141.6,76.95924
2019-03-30 16:10:00,1553962200.0,141.59,141.74,141.58,141.73,195.43137
2019-03-30 16:11:00,1553962260.0,141.71,141.74,141.64,141.7,73.29923
2019-03-30 16:12:00,1553962320.0,141.71,141.72,141.67,141.7,13.47686
2019-03-30 16:13:00,1553962380.0,141.69,141.73,141.61,141.66,114.18712
2019-03-30 16:14:00,1553962440.0,141.67,141.69,141.54,141.54,80.08859
2019-03-30 16:15:00,1553962500.0,141.54,141.55,141.4,141.43,117.58495
2019-03-30 16:16:00,1553962560.0,141.46,141.46,141.37,141.41,22.39124
2019-03-30 16:17:00,1553962620.0,141.41,141.49,141.37,141.42,240.04838
2019-03-30 16:18:00,1553962680.0,141.43,141.52,141.38,141.38,121.48795
2019-03-30 16:19:00,1553962740.0,141.43,141.49,141.38,141.38,100.57761
2019-03-30 16:20:00,1553962800.0,141.4,141.44,141.36,141.42,79.7524
2019-03-30 16:21:00,1553962860.0,141.42,141.47,141.35,141.38,83.43573
2019-03-30 16:22:00,1553962920.0,141.42,141.47,141.34,141.44,74.61204
2019-03-30 16:23:00,1553962980.0,141.48,141.62,141.46,141.61,108.42457
2019-03-30 16:24:00,1553963040.0,141.56,141.61,141.53,141.6,80.17058
2019-03-30 16:25:00,1553963100.0,141.6,141.62,141.56,141.62,47.64168
2019-03-30 16:26:00,1553963160.0,141.58,141.62,141.48,141.48,200.48159
2019-03-30 16:27:00,1553963220.0,141.51,141.59,141.35,141.52,571.9697
2019-03-30 16:28:00,1553963280.0,141.47,141.54,141.43,141.46,159.92749
2019-03-30 16:29:00,1553963340.0,141.42,141.49,141.41,141.41,61.9817
2019-03-30 16:30:00,1553963400.0,141.45,141.46,141.38,141.41,54.48887
2019-03-30 16:31:00,1553963460.0,141.45,141.47,141.38,141.39,53.13805
2019-03-30 16:32:00,1553963520.0,141.4,141.4,141.3,141.35,128.41967
2019-03-30 16:33:00,1553963580.0,141.31,141.44,141.3,141.35,298.41487
2019-03-30 16:34:00,1553963640.0,141.34,141.39,141.31,141.34,73.19688
2019-03-30 16:35:00,1553963700.0,141.32,141.4,141.29,141.33,67.55467
2019-03-30 16:36:00,1553963760.0,141.31,141.31,140.62,141.07,1701.61161
2019-03-30 16:37:00,1553963820.0,141.08,141.09,140.66,140.69,985.72814
2019-03-30 16:38:00,1553963880.0,140.7,140.7,140.06,140.66,4531.22517
2019-03-30 16:39:00,1553963940.0,140.66,140.99,140.6,140.6,646.61432
2019-03-30 16:40:00,1553964000.0,140.6,140.65,140.39,140.46,386.74423
2019-03-30 16:41:00,1553964060.0,140.45,140.68,140.43,140.68,192.97822
2019-03-30 16:42:00,1553964120.0,140.68,141.0,140.67,141.0,388.1262
2019-03-30 16:43:00,1553964180.0,140.99,141.0,140.6,140.79,432.52558
2019-03-30 16:44:00,1553964240.0,140.78,140.86,140.72,140.81,367.61985
2019-03-30 16:45:00,1553964300.0,140.78,140.84,140.62,140.67,554.3696
2019-03-30 16:46:00,1553964360.0,140.66,140.95,140.57,140.89,619.41564
2019-03-30 16:47:00,1553964420.0,140.87,140.95,140.78,140.8,288.81088
2019-03-30 16:48:00,1553964480.0,140.82,140.94,140.79,140.88,290.28084
2019-03-30 16:49:00,1553964540.0,140.87,141.14,140.87,141.1,390.3424
2019-03-30 16:50:00,1553964600.0,141.11,141.14,141.06,141.1,199.72422
2019-03-30 16:51:00,1553964660.0,141.1,141.13,140.98,141.05,257.11488
2019-03-30 16:52:00,1553964720.0,141.04,141.11,141.0,141.0,127.93842
2019-03-30 16:53:00,1553964780.0,141.02,141.07,141.0,141.02,127.79164
2019-03-30 16:54:00,1553964840.0,141.01,141.25,141.01,141.25,445.44027
2019-03-30 16:55:00,1553964900.0,141.25,141.33,141.17,141.2,305.01784
2019-03-30 16:56:00,1553964960.0,141.21,141.23,141.02,141.15,270.82174
2019-03-30 16:57:00,1553965020.0,141.14,141.19,141.09,141.19,135.24894
2019-03-30 16:58:00,1553965080.0,141.21,141.36,141.16,141.29,414.86955
2019-03-30 16:59:00,1553965140.0,141.32,141.51,141.29,141.33,632.6191
2019-03-30 17:00:00,1553965200.0,141.35,141.35,141.17,141.19,279.82238
2019-03-30 17:01:00,1553965260.0,141.17,141.28,141.17,141.23,232.24901
2019-03-30 17:02:00,1553965320.0,141.24,141.24,141.11,141.18,412.17543
2019-03-30 17:03:00,1553965380.0,141.23,141.23,141.02,141.17,314.96901
2019-03-30 17:04:00,1553965440.0,141.16,141.3,141.14,141.29,159.48255
2019-03-30 17:05:00,1553965500.0,141.31,141.35,141.24,141.27,136.29342
2019-03-30 17:06:00,1553965560.0,141.26,141.29,141.22,141.28,111.19032
2019-03-30 17:07:00,1553965620.0,141.24,141.35,141.23,141.31,403.95809
2019-03-30 17:08:00,1553965680.0,141.3,141.32,141.25,141.3,92.16739
2019-03-30 17:09:00,1553965740.0,141.29,141.33,141.25,141.29,144.47659
2019-03-30 17:10:00,1553965800.0,141.3,141.32,141.26,141.28,92.2145
2019-03-30 17:11:00,1553965860.0,141.27,141.31,141.22,141.22,133.75069
2019-03-30 17:12:00,1553965920.0,141.24,141.25,141.16,141.22,270.24981
2019-03-30 17:13:00,1553965980.0,141.22,141.24,141.16,141.22,98.4202
2019-03-30 17:14:00,1553966040.0,141.22,141.33,141.21,141.33,134.15373
2019-03-30 17:15:00,1553966100.0,141.32,141.34,141.27,141.27,118.89438
2019-03-30 17:16:00,1553966160.0,141.29,141.3,141.12,141.12,162.23763
2019-03-30 17:17:00,1553966220.0,141.12,141.15,141.0,141.02,191.38251
2019-03-30 17:18:00,1553966280.0,141.01,141.15,141.01,141.1,181.37481
2019-03-30 17:19:00,1553966340.0,141.08,141.17,141.05,141.16,147.70229
2019-03-30 17:20:00,1553966400.0,141.1,141.14,141.04,141.05,95.31711
2019-03-30 17:21:00,1553966460.0,141.06,141.15,141.0,141.13,224.47115
2019-03-30 17:22:00,1553966520.0,141.12,141.15,141.0,141.11,144.24214
2019-03-30 17:23:00,1553966580.0,141.07,141.11,140.95,141.03,237.34531
2019-03-30 17:24:00,1553966640.0,141.03,141.17,141.03,141.15,94.69541
2019-03-30 17:25:00,1553966700.0,141.14,141.25,141.13,141.15,247.20571
2019-03-30 17:26:00,1553966760.0,141.16,141.28,141.14,141.22,125.44416
2019-03-30 17:27:00,1553966820.0,141.17,141.27,141.13,141.17,181.31741
2019-03-30 17:28:00,1553966880.0,141.16,141.19,141.12,141.16,107.15248
2019-03-30 17:29:00,1553966940.0,141.16,141.17,141.12,141.15,150.74887
2019-03-30 17:30:00,1553967000.0,141.17,141.49,141.17,141.43,530.20719
2019-03-30 17:31:00,1553967060.0,141.42,141.49,141.42,141.48,79.13734
2019-03-30 17:32:00,1553967120.0,141.45,141.59,141.43,141.54,244.9497
2019-03-30 17:33:00,1553967180.0,141.58,141.6,141.51,141.59,119.20557
2019-03-30 17:34:00,1553967240.0,141.6,141.68,141.58,141.64,94.47055
2019-03-30 17:35:00,1553967300.0,141.64,141.68,141.48,141.51,143.82958
2019-03-30 17:36:00,1553967360.0,141.52,141.55,141.5,141.55,85.53362
2019-03-30 17:37:00,1553967420.0,141.51,141.55,141.49,141.53,82.94478
2019-03-30 17:38:00,1553967480.0,141.53,141.54,141.49,141.51,42.44713
2019-03-30 17:39:00,1553967540.0,141.52,141.64,141.51,141.58,113.28154
2019-03-30 17:40:00,1553967600.0,141.57,141.59,141.53,141.53,59.50487
2019-03-30 17:41:00,1553967660.0,141.53,141.59,141.52,141.58,52.4289
2019-03-30 17:42:00,1553967720.0,141.57,141.62,141.52,141.62,92.17947
2019-03-30 17:43:00,1553967780.0,141.61,141.63,141.57,141.61,173.98172
2019-03-30 17:44:00,1553967840.0,141.59,141.63,141.57,141.57,82.2407
2019-03-30 17:45:00,1553967900.0,141.62,141.62,141.58,141.61,27.81103
2019-03-30 17:46:00,1553967960.0,141.62,141.62,141.52,141.57,108.59338
2019-03-30 17:47:00,1553968020.0,141.61,141.63,141.57,141.63,41.11761
2019-03-30 17:48:00,1553968080.0,141.64,141.64,141.59,141.6,77.38653
2019-03-30 17:49:00,1553968140.0,141.64,141.64,141.56,141.56,43.85264
2019-03-30 17:50:00,1553968200.0,141.56,141.57,141.52,141.57,55.86331
2019-03-30 17:51:00,1553968260.0,141.58,141.59,141.57,141.57,51.84278
2019-03-30 17:52:00,1553968320.0,141.57,141.62,141.57,141.58,18.11992
2019-03-30 17:53:00,1553968380.0,141.59,141.62,141.58,141.62,65.67638
2019-03-30 17:54:00,1553968440.0,141.61,141.64,141.58,141.59,49.27621
2019-03-30 17:55:00,1553968500.0,141.6,141.6,141.49,141.51,184.43984
2019-03-30 17:56:00,1553968560.0,141.5,141.53,141.43,141.5,63.98398
2019-03-30 17:57:00,1553968620.0,141.48,141.48,141.31,141.35,270.19535
2019-03-30 17:58:00,1553968680.0,141.34,141.4,141.31,141.34,103.58212
2019-03-30 17:59:00,1553968740.0,141.39,141.39,141.34,141.35,40.97747
2019-03-30 18:00:00,1553968800.0,141.39,141.46,141.34,141.41,48.60193
2019-03-30 18:01:00,1553968860.0,141.41,141.55,141.39,141.51,417.03076
2019-03-30 18:02:00,1553968920.0,141.55,141.63,141.53,141.61,57.28611
2019-03-30 18:03:00,1553968980.0,141.57,141.61,141.55,141.6,16.52939
2019-03-30 18:04:00,1553969040.0,141.59,141.6,141.54,141.58,39.41937
2019-03-30 18:05:00,1553969100.0,141.59,141.65,141.58,141.63,39.28036
2019-03-30 18:06:00,1553969160.0,141.65,141.66,141.61,141.62,15.6399
2019-03-30 18:07:00,1553969220.0,141.67,141.7,141.62,141.7,19.864
2019-03-30 18:08:00,1553969280.0,141.66,141.71,141.65,141.7,84.42028
2019-03-30 18:09:00,1553969340.0,141.7,141.7,141.65,141.67,17.36102
2019-03-30 18:10:00,1553969400.0,141.67,141.69,141.53,141.53,184.22059
2019-03-30 18:11:00,1553969460.0,141.53,141.58,141.53,141.56,104.5606
2019-03-30 18:12:00,1553969520.0,141.56,141.56,141.49,141.51,29.66559
2019-03-30 18:13:00,1553969580.0,141.51,141.58,141.51,141.56,27.87253
2019-03-30 18:14:00,1553969640.0,141.57,141.67,141.53,141.67,31.48976
2019-03-30 18:15:00,1553969700.0,141.62,141.66,141.58,141.66,38.1755
2019-03-30 18:16:00,1553969760.0,141.61,141.66,141.6,141.65,37.34189
2019-03-30 18:17:00,1553969820.0,141.66,141.66,141.62,141.65,26.67345
2019-03-30 18:18:00,1553969880.0,141.66,141.67,141.62,141.67,32.93367
2019-03-30 18:19:00,1553969940.0,141.66,141.71,141.61,141.71,31.01953
2019-03-30 18:20:00,1553970000.0,141.7,141.75,141.65,141.74,40.29861
2019-03-30 18:21:00,1553970060.0,141.74,141.75,141.69,141.75,22.2646
2019-03-30 18:22:00,1553970120.0,141.73,141.76,141.72,141.76,9.19853
2019-03-30 18:23:00,1553970180.0,141.76,141.79,141.72,141.74,42.25958
2019-03-30 18:24:00,1553970240.0,141.72,141.74,141.57,141.58,182.33147
2019-03-30 18:25:00,1553970300.0,141.59,141.66,141.59,141.65,30.8298
2019-03-30 18:26:00,1553970360.0,141.65,141.81,141.62,141.76,162.85568
2019-03-30 18:27:00,1553970420.0,141.76,141.86,141.76,141.86,47.56867
2019-03-30 18:28:00,1553970480.0,141.86,141.86,141.71,141.76,97.84462
2019-03-30 18:29:00,1553970540.0,141.75,141.75,141.58,141.59,113.88666
2019-03-30 18:30:00,1553970600.0,141.6,141.67,141.59,141.67,350.12563
2019-03-30 18:31:00,1553970660.0,141.64,141.66,141.62,141.64,25.72328
2019-03-30 18:32:00,1553970720.0,141.62,141.72,141.62,141.72,28.92626
2019-03-30 18:33:00,1553970780.0,141.67,141.72,141.64,141.7,24.65084
2019-03-30 18:34:00,1553970840.0,141.72,141.72,141.62,141.69,101.97158
2019-03-30 18:35:00,1553970900.0,141.65,141.72,141.65,141.69,16.68995
2019-03-30 18:36:00,1553970960.0,141.66,141.7,141.64,141.65,31.3933
2019-03-30 18:37:00,1553971020.0,141.65,141.76,141.65,141.74,7.551
2019-03-30 18:38:00,1553971080.0,141.73,141.79,141.71,141.73,68.13112
2019-03-30 18:39:00,1553971140.0,141.73,142.19,141.73,141.99,1022.31644
2019-03-30 18:40:00,1553971200.0,141.97,142.07,141.97,142.07,98.62257
2019-03-30 18:41:00,1553971260.0,142.05,142.07,142.0,142.07,66.44333
2019-03-30 18:42:00,1553971320.0,142.07,142.1,142.04,142.1,55.27659
2019-03-30 18:43:00,1553971380.0,142.04,142.12,142.0,142.12,53.33426
2019-03-30 18:44:00,1553971440.0,142.1,142.16,142.06,142.13,86.82077
2019-03-30 18:45:00,1553971500.0,142.11,142.11,141.86,141.91,230.10982
2019-03-30 18:46:00,1553971560.0,141.93,141.95,141.88,141.95,25.63836
2019-03-30 18:47:00,1553971620.0,141.94,141.95,141.83,141.87,97.83042
2019-03-30 18:48:00,1553971680.0,141.88,141.93,141.81,141.86,87.38755
2019-03-30 18:49:00,1553971740.0,141.93,141.93,141.83,141.9,44.65759
2019-03-30 18:50:00,1553971800.0,141.89,141.92,141.83,141.89,39.67508
2019-03-30 18:51:00,1553971860.0,141.88,141.91,141.84,141.9,175.46528
2019-03-30 18:52:00,1553971920.0,141.9,141.92,141.81,141.87,128.28495
2019-03-30 18:53:00,1553971980.0,141.88,141.92,141.84,141.88,109.59873
2019-03-30 18:54:00,1553972040.0,141.89,141.93,141.89,141.91,52.48665
2019-03-30 18:55:00,1553972100.0,141.93,141.93,141.84,141.92,69.84935
2019-03-30 18:56:00,1553972160.0,141.88,141.9,141.82,141.87,57.82249
2019-03-30 18:57:00,1553972220.0,141.88,141.89,141.81,141.81,137.59605
2019-03-30 18:58:00,1553972280.0,141.86,141.92,141.85,141.89,56.22704
2019-03-30 18:59:00,1553972340.0,141.93,141.93,141.86,141.87,36.07716
2019-03-30 19:00:00,1553972400.0,141.86,141.9,141.8,141.84,71.74454
2019-03-30 19:01:00,1553972460.0,141.85,141.87,141.78,141.87,47.70818
2019-03-30 19:02:00,1553972520.0,141.81,141.9,141.81,141.88,60.08143
2019-03-30 19:03:00,1553972580.0,141.9,141.95,141.87,141.95,64.54741
2019-03-30 19:04:00,1553972640.0,141.9,141.93,141.87,141.92,89.22274
2019-03-30 19:05:00,1553972700.0,141.92,141.92,141.85,141.86,46.80541
2019-03-30 19:06:00,1553972760.0,141.9,141.95,141.86,141.93,54.78145
2019-03-30 19:07:00,1553972820.0,141.94,141.95,141.87,141.92,63.47899
2019-03-30 19:08:00,1553972880.0,141.9,141.96,141.86,141.92,90.12785
2019-03-30 19:09:00,1553972940.0,141.92,141.92,141.87,141.9,30.89971
2019-03-30 19:10:00,1553973000.0,141.9,141.99,141.9,141.97,44.41905
2019-03-30 19:11:00,1553973060.0,141.98,141.98,141.89,141.92,19.53291
2019-03-30 19:12:00,1553973120.0,141.91,141.92,141.75,141.78,94.43019
2019-03-30 19:13:00,1553973180.0,141.79,141.86,141.77,141.85,109.86455
2019-03-30 19:14:00,1553973240.0,141.81,141.92,141.81,141.89,150.06075
2019-03-30 19:15:00,1553973300.0,141.88,141.96,141.85,141.95,77.10427
2019-03-30 19:16:00,1553973360.0,141.91,141.95,141.86,141.95,76.352
2019-03-30 19:17:00,1553973420.0,141.93,141.93,141.89,141.92,34.67973
2019-03-30 19:18:00,1553973480.0,141.92,141.92,141.84,141.9,20.94584
2019-03-30 19:19:00,1553973540.0,141.9,141.9,141.82,141.86,44.31464
2019-03-30 19:20:00,1553973600.0,141.87,141.9,141.82,141.89,48.95465
2019-03-30 19:21:00,1553973660.0,141.84,141.88,141.8,141.81,52.37881
2019-03-30 19:22:00,1553973720.0,141.76,141.81,141.75,141.78,73.68248
2019-03-30 19:23:00,1553973780.0,141.81,141.82,141.76,141.82,32.17857
2019-03-30 19:24:00,1553973840.0,141.81,141.83,141.76,141.8,16.57246
2019-03-30 19:25:00,1553973900.0,141.8,141.82,141.76,141.76,62.09689
2019-03-30 19:26:00,1553973960.0,141.75,141.87,141.72,141.83,183.66003
2019-03-30 19:27:00,1553974020.0,141.87,141.89,141.79,141.83,57.72797
2019-03-30 19:28:00,1553974080.0,141.83,141.87,141.81,141.86,22.87424
2019-03-30 19:29:00,1553974140.0,141.87,141.89,141.78,141.84,15.03463
2019-03-30 19:30:00,1553974200.0,141.83,141.86,141.75,141.84,25.8613
2019-03-30 19:31:00,1553974260.0,141.87,141.9,141.85,141.85,34.54411
2019-03-30 19:32:00,1553974320.0,141.9,141.9,141.86,141.86,26.98837
2019-03-30 19:33:00,1553974380.0,141.9,141.9,141.8,141.84,13.89741
2019-03-30 19:34:00,1553974440.0,141.84,141.87,141.81,141.86,36.00632
2019-03-30 19:35:00,1553974500.0,141.86,141.86,141.8,141.81,14.75185
2019-03-30 19:36:00,1553974560.0,141.81,141.81,141.76,141.8,9.8946
2019-03-30 19:37:00,1553974620.0,141.8,141.8,141.76,141.78,30.36969
2019-03-30 19:38:00,1553974680.0,141.8,141.89,141.74,141.85,296.79242
2019-03-30 19:39:00,1553974740.0,141.87,141.91,141.84,141.87,43.35419
2019-03-30 19:40:00,1553974800.0,141.9,141.92,141.86,141.92,31.7524
2019-03-30 19:41:00,1553974860.0,141.91,141.92,141.88,141.91,17.92622
2019-03-30 19:42:00,1553974920.0,141.91,141.94,141.88,141.9,51.8495
2019-03-30 19:43:00,1553974980.0,141.93,141.97,141.89,141.97,26.96478
2019-03-30 19:44:00,1553975040.0,141.96,142.07,141.96,142.03,109.64354
2019-03-30 19:45:00,1553975100.0,142.02,142.07,141.87,141.93,225.22656
2019-03-30 19:46:00,1553975160.0,141.93,141.94,141.86,141.86,41.41199
2019-03-30 19:47:00,1553975220.0,141.88,141.89,141.8,141.84,52.0651
2019-03-30 19:48:00,1553975280.0,141.86,141.92,141.84,141.91,17.77071
2019-03-30 19:49:00,1553975340.0,141.9,141.91,141.8,141.83,31.91099
2019-03-30 19:50:00,1553975400.0,141.82,141.85,141.78,141.85,18.71747
2019-03-30 19:51:00,1553975460.0,141.85,141.85,141.81,141.81,14.88569
2019-03-30 19:52:00,1553975520.0,141.85,141.85,141.81,141.84,20.50005
2019-03-30 19:53:00,1553975580.0,141.85,141.91,141.83,141.87,19.91251
2019-03-30 19:54:00,1553975640.0,141.89,141.91,141.86,141.9,37.45343
2019-03-30 19:55:00,1553975700.0,141.88,141.88,141.82,141.84,25.18082
2019-03-30 19:56:00,1553975760.0,141.84,141.87,141.82,141.85,41.5778
2019-03-30 19:57:00,1553975820.0,141.86,141.87,141.82,141.87,35.37252
2019-03-30 19:58:00,1553975880.0,141.87,141.9,141.8,141.85,29.82836
2019-03-30 19:59:00,1553975940.0,141.87,141.87,141.63,141.63,117.82333
2019-03-30 20:00:00,1553976000.0,141.63,141.7,141.62,141.68,85.8496
2019-03-30 20:01:00,1553976060.0,141.64,141.68,141.64,141.66,33.70752
2019-03-30 20:02:00,1553976120.0,141.65,141.81,141.61,141.8,98.15813
2019-03-30 20:03:00,1553976180.0,141.82,141.9,141.8,141.85,43.57903
2019-03-30 20:04:00,1553976240.0,141.86,141.86,141.83,141.86,17.18142
2019-03-30 20:05:00,1553976300.0,141.85,141.91,141.82,141.9,340.33755
2019-03-30 20:06:00,1553976360.0,141.9,141.94,141.81,141.91,90.25936
2019-03-30 20:07:00,1553976420.0,141.91,141.99,141.89,141.97,30.77978
2019-03-30 20:08:00,1553976480.0,141.94,142.0,141.89,141.95,33.43535
2019-03-30 20:09:00,1553976540.0,141.98,141.98,141.9,141.92,43.27353
2019-03-30 20:10:00,1553976600.0,141.89,141.91,141.75,141.78,176.57037
2019-03-30 20:11:00,1553976660.0,141.8,141.92,141.8,141.92,118.25603
2019-03-30 20:12:00,1553976720.0,141.91,141.92,141.89,141.92,12.02433
2019-03-30 20:13:00,1553976780.0,141.92,141.92,141.85,141.85,60.08684
2019-03-30 20:14:00,1553976840.0,141.85,141.86,141.83,141.85,20.84532
2019-03-30 20:15:00,1553976900.0,141.85,141.86,141.8,141.83,37.07954
2019-03-30 20:16:00,1553976960.0,141.83,141.85,141.82,141.83,44.94011
2019-03-30 20:17:00,1553977020.0,141.82,141.83,141.74,141.79,39.84131
2019-03-30 20:18:00,1553977080.0,141.78,141.78,141.73,141.78,5.15608
2019-03-30 20:19:00,1553977140.0,141.78,141.78,141.74,141.77,50.04221
2019-03-30 20:20:00,1553977200.0,141.77,141.78,141.69,141.76,38.49165
2019-03-30 20:21:00,1553977260.0,141.76,141.77,141.68,141.68,61.03201
2019-03-30 20:22:00,1553977320.0,141.69,141.73,141.69,141.72,73.20914
2019-03-30 20:23:00,1553977380.0,141.72,141.73,141.68,141.7,19.04173
2019-03-30 20:24:00,1553977440.0,141.68,141.71,141.68,141.7,31.48978
2019-03-30 20:25:00,1553977500.0,141.7,141.7,141.66,141.7,54.35843
2019-03-30 20:26:00,1553977560.0,141.7,141.73,141.7,141.73,23.68384
2019-03-30 20:27:00,1553977620.0,141.73,141.81,141.73,141.77,30.20204
2019-03-30 20:28:00,1553977680.0,141.78,141.8,141.75,141.76,41.37999
2019-03-30 20:29:00,1553977740.0,141.76,141.77,141.72,141.75,17.935
2019-03-30 20:30:00,1553977800.0,141.75,141.75,141.7,141.71,20.69344
2019-03-30 20:31:00,1553977860.0,141.73,141.74,141.68,141.74,22.57438
2019-03-30 20:32:00,1553977920.0,141.76,141.76,141.71,141.75,35.83964
2019-03-30 20:33:00,1553977980.0,141.72,141.77,141.66,141.75,45.52914
2019-03-30 20:34:00,1553978040.0,141.75,141.77,141.64,141.64,465.73898
2019-03-30 20:35:00,1553978100.0,141.65,141.65,141.64,141.64,24.31461
2019-03-30 20:36:00,1553978160.0,141.64,141.68,141.64,141.65,15.73147
2019-03-30 20:37:00,1553978220.0,141.64,141.7,141.64,141.69,27.44835
2019-03-30 20:38:00,1553978280.0,141.68,141.69,141.64,141.64,104.22759
2019-03-30 20:39:00,1553978340.0,141.64,141.75,141.64,141.72,29.07856
2019-03-30 20:40:00,1553978400.0,141.72,141.74,141.69,141.69,22.40287
2019-03-30 20:41:00,1553978460.0,141.74,141.75,141.65,141.74,59.88124
2019-03-30 20:42:00,1553978520.0,141.75,141.75,141.68,141.7,17.35093
2019-03-30 20:43:00,1553978580.0,141.69,141.74,141.67,141.69,33.0291
2019-03-30 20:44:00,1553978640.0,141.69,141.71,141.63,141.65,64.40984
2019-03-30 20:45:00,1553978700.0,141.67,141.69,141.65,141.68,18.59253
2019-03-30 20:46:00,1553978760.0,141.69,141.74,141.61,141.72,101.0682
2019-03-30 20:47:00,1553978820.0,141.69,141.71,141.66,141.7,18.3019
2019-03-30 20:48:00,1553978880.0,141.7,141.7,141.63,141.64,39.4298
2019-03-30 20:49:00,1553978940.0,141.64,141.68,141.64,141.67,24.54283
2019-03-30 20:50:00,1553979000.0,141.66,141.67,141.63,141.66,12.66768
2019-03-30 20:51:00,1553979060.0,141.64,141.67,141.62,141.67,12.43711
2019-03-30 20:52:00,1553979120.0,141.67,141.7,141.62,141.7,115.90455
2019-03-30 20:53:00,1553979180.0,141.67,141.67,141.6,141.64,294.40776
2019-03-30 20:54:00,1553979240.0,141.61,141.66,141.57,141.63,48.24112
2019-03-30 20:55:00,1553979300.0,141.6,141.7,141.58,141.64,20.16989
2019-03-30 20:56:00,1553979360.0,141.67,141.7,141.65,141.7,23.75291
2019-03-30 20:57:00,1553979420.0,141.69,141.74,141.62,141.65,49.43764
2019-03-30 20:58:00,1553979480.0,141.66,141.67,141.64,141.64,23.76378
2019-03-30 20:59:00,1553979540.0,141.64,141.71,141.62,141.62,15.77078
2019-03-30 21:00:00,1553979600.0,141.63,141.74,141.62,141.64,45.22251
2019-03-30 21:01:00,1553979660.0,141.64,141.76,141.64,141.75,29.51308
2019-03-30 21:02:00,1553979720.0,141.74,141.78,141.71,141.77,47.39909
2019-03-30 21:03:00,1553979780.0,141.76,141.78,141.73,141.73,60.12286
2019-03-30 21:04:00,1553979840.0,141.77,141.79,141.73,141.79,41.96586
2019-03-30 21:05:00,1553979900.0,141.79,141.81,141.78,141.8,34.93959
2019-03-30 21:06:00,1553979960.0,141.82,141.82,141.77,141.79,12.80005
2019-03-30 21:07:00,1553980020.0,141.8,141.87,141.77,141.87,64.09289
2019-03-30 21:08:00,1553980080.0,141.83,141.87,141.8,141.82,24.20534
2019-03-30 21:09:00,1553980140.0,141.81,141.83,141.81,141.81,9.6038
2019-03-30 21:10:00,1553980200.0,141.82,141.83,141.81,141.83,10.59753
2019-03-30 21:11:00,1553980260.0,141.83,141.91,141.82,141.89,76.84817
2019-03-30 21:12:00,1553980320.0,141.9,141.92,141.86,141.87,54.90787
2019-03-30 21:13:00,1553980380.0,141.89,141.91,141.84,141.9,76.96336
2019-03-30 21:14:00,1553980440.0,141.9,141.91,141.9,141.9,52.20508
2019-03-30 21:15:00,1553980500.0,141.9,141.91,141.9,141.9,17.93272
2019-03-30 21:16:00,1553980560.0,141.9,141.95,141.9,141.95,60.54676
2019-03-30 21:17:00,1553980620.0,141.96,142.02,141.91,141.98,68.30332
2019-03-30 21:18:00,1553980680.0,141.93,142.01,141.92,142.01,20.02956
2019-03-30 21:19:00,1553980740.0,141.94,142.06,141.94,142.01,22.32998
2019-03-30 21:20:00,1553980800.0,142.05,142.09,142.0,142.09,263.27732
2019-03-30 21:21:00,1553980860.0,142.01,142.09,142.0,142.03,95.29976
2019-03-30 21:22:00,1553980920.0,142.0,142.1,142.0,142.08,148.40428
2019-03-30 21:23:00,1553980980.0,142.08,142.08,142.02,142.02,15.74655
2019-03-30 21:24:00,1553981040.0,142.02,142.07,142.0,142.02,33.35492
2019-03-30 21:25:00,1553981100.0,142.02,142.11,142.0,142.07,74.66549
2019-03-30 21:26:00,1553981160.0,142.09,142.09,142.02,142.03,11.5602
2019-03-30 21:27:00,1553981220.0,142.02,142.14,142.02,142.06,210.66161
2019-03-30 21:28:00,1553981280.0,142.04,142.13,142.03,142.08,30.86952
2019-03-30 21:29:00,1553981340.0,142.08,142.1,142.0,142.03,62.10133
2019-03-30 21:30:00,1553981400.0,142.09,142.15,142.02,142.09,19.86273
2019-03-30 21:31:00,1553981460.0,142.07,142.09,142.03,142.09,14.65817
2019-03-30 21:32:00,1553981520.0,142.06,142.08,142.03,142.07,10.3505
2019-03-30 21:33:00,1553981580.0,142.07,142.08,142.01,142.02,45.07431
2019-03-30 21:34:00,1553981640.0,142.06,142.06,142.01,142.04,29.2595
2019-03-30 21:35:00,1553981700.0,142.06,142.09,142.0,142.0,23.62951
2019-03-30 21:36:00,1553981760.0,142.01,142.1,142.0,142.05,115.02844
2019-03-30 21:37:00,1553981820.0,142.08,142.08,142.02,142.03,18.78376
2019-03-30 21:38:00,1553981880.0,142.02,142.11,142.02,142.09,30.86555
2019-03-30 21:39:00,1553981940.0,142.08,142.12,142.03,142.06,18.86627
2019-03-30 21:40:00,1553982000.0,142.09,142.15,142.03,142.06,42.05762
2019-03-30 21:41:00,1553982060.0,142.06,142.16,142.05,142.1,82.82219
2019-03-30 21:42:00,1553982120.0,142.08,142.18,142.08,142.14,65.5441
2019-03-30 21:43:00,1553982180.0,142.14,142.24,142.09,142.16,110.46617
2019-03-30 21:44:00,1553982240.0,142.21,142.23,142.16,142.17,45.91267
2019-03-30 21:45:00,1553982300.0,142.12,142.18,142.12,142.15,31.1466
2019-03-30 21:46:00,1553982360.0,142.15,142.23,142.14,142.17,63.3699
2019-03-30 21:47:00,1553982420.0,142.17,142.27,142.17,142.23,22.06508
2019-03-30 21:48:00,1553982480.0,142.27,142.33,142.23,142.3,118.5166
2019-03-30 21:49:00,1553982540.0,142.29,142.32,142.23,142.24,42.66603
2019-03-30 21:50:00,1553982600.0,142.3,142.33,142.24,142.3,19.41703
2019-03-30 21:51:00,1553982660.0,142.25,142.31,142.19,142.23,98.18089
2019-03-30 21:52:00,1553982720.0,142.27,142.27,142.15,142.16,66.83424
2019-03-30 21:53:00,1553982780.0,142.16,142.2,142.13,142.14,61.79415
2019-03-30 21:54:00,1553982840.0,142.15,142.2,142.13,142.2,17.02321
2019-03-30 21:55:00,1553982900.0,142.14,142.19,142.14,142.18,18.16642
2019-03-30 21:56:00,1553982960.0,142.18,142.19,142.09,142.14,78.80763
2019-03-30 21:57:00,1553983020.0,142.14,142.17,142.13,142.16,19.79026
2019-03-30 21:58:00,1553983080.0,142.16,142.27,142.16,142.22,77.89127
2019-03-30 21:59:00,1553983140.0,142.22,142.25,142.16,142.2,25.51578
2019-03-30 22:00:00,1553983200.0,142.17,142.2,142.08,142.14,57.30473
2019-03-30 22:01:00,1553983260.0,142.11,142.18,142.03,142.05,112.88969
2019-03-30 22:02:00,1553983320.0,142.03,142.12,142.03,142.06,27.76001
2019-03-30 22:03:00,1553983380.0,142.09,142.2,142.05,142.16,44.22186
2019-03-30 22:04:00,1553983440.0,142.16,142.17,142.07,142.12,21.93552
2019-03-30 22:05:00,1553983500.0,142.17,142.17,142.06,142.06,18.03801
2019-03-30 22:06:00,1553983560.0,142.05,142.05,142.03,142.03,43.10486
2019-03-30 22:07:00,1553983620.0,142.03,142.06,142.01,142.01,115.43389
2019-03-30 22:08:00,1553983680.0,142.03,142.05,142.0,142.05,99.95376
2019-03-30 22:09:00,1553983740.0,142.08,142.11,142.0,142.05,52.66276
2019-03-30 22:10:00,1553983800.0,142.07,142.08,142.03,142.03,22.35426
2019-03-30 22:11:00,1553983860.0,142.07,142.09,142.03,142.08,30.26615
2019-03-30 22:12:00,1553983920.0,142.08,142.09,142.03,142.03,39.98121
2019-03-30 22:13:00,1553983980.0,142.07,142.09,142.03,142.04,56.5761
2019-03-30 22:14:00,1553984040.0,142.06,142.07,142.02,142.06,15.11533
2019-03-30 22:15:00,1553984100.0,142.06,142.09,142.03,142.03,59.08829
2019-03-30 22:16:00,1553984160.0,142.03,142.06,142.0,142.01,25.07763
2019-03-30 22:17:00,1553984220.0,142.04,142.07,142.01,142.03,20.85198
2019-03-30 22:18:00,1553984280.0,142.02,142.07,142.0,142.0,42.11846
2019-03-30 22:19:00,1553984340.0,142.01,142.03,142.0,142.02,66.84241
2019-03-30 22:20:00,1553984400.0,142.05,142.09,142.01,142.08,56.03563
2019-03-30 22:21:00,1553984460.0,142.06,142.18,142.06,142.18,95.02944
2019-03-30 22:22:00,1553984520.0,142.17,142.24,142.17,142.23,24.9302
2019-03-30 22:23:00,1553984580.0,142.23,142.28,142.2,142.2,33.12852
2019-03-30 22:24:00,1553984640.0,142.25,142.25,142.13,142.21,44.13368
2019-03-30 22:25:00,1553984700.0,142.18,142.25,142.18,142.25,46.44254
2019-03-30 22:26:00,1553984760.0,142.26,142.29,142.23,142.29,22.8437
2019-03-30 22:27:00,1553984820.0,142.28,142.29,142.25,142.25,58.23159
2019-03-30 22:28:00,1553984880.0,142.25,142.26,142.21,142.24,26.36182
2019-03-30 22:29:00,1553984940.0,142.26,142.3,142.24,142.3,64.89393
2019-03-30 22:30:00,1553985000.0,142.26,142.3,142.24,142.29,36.47948
2019-03-30 22:31:00,1553985060.0,142.29,142.29,142.22,142.26,57.53459
2019-03-30 22:32:00,1553985120.0,142.26,142.27,142.21,142.21,19.64963
2019-03-30 22:33:00,1553985180.0,142.27,142.27,142.17,142.17,40.80093
2019-03-30 22:34:00,1553985240.0,142.15,142.24,142.14,142.2,61.69874
2019-03-30 22:35:00,1553985300.0,142.17,142.24,142.14,142.14,84.96825
2019-03-30 22:36:00,1553985360.0,142.21,142.22,142.16,142.19,32.09826
2019-03-30 22:37:00,1553985420.0,142.2,142.2,142.15,142.19,33.87171
2019-03-30 22:38:00,1553985480.0,142.15,142.19,142.13,142.17,30.99919
2019-03-30 22:39:00,1553985540.0,142.12,142.2,142.12,142.15,13.73419
2019-03-30 22:40:00,1553985600.0,142.19,142.22,142.14,142.17,73.00682
2019-03-30 22:41:00,1553985660.0,142.16,142.16,141.91,141.97,218.22994
2019-03-30 22:42:00,1553985720.0,141.93,141.94,141.79,141.82,180.42731
2019-03-30 22:43:00,1553985780.0,141.81,141.92,141.76,141.89,93.65302
2019-03-30 22:44:00,1553985840.0,141.9,142.14,141.9,142.13,54.94042
2019-03-30 22:45:00,1553985900.0,142.14,142.14,141.97,142.02,36.70352
2019-03-30 22:46:00,1553985960.0,142.01,142.06,141.98,142.03,31.35604
2019-03-30 22:47:00,1553986020.0,142.05,142.08,142.0,142.0,39.64712
2019-03-30 22:48:00,1553986080.0,142.06,142.06,141.98,142.06,49.26485
2019-03-30 22:49:00,1553986140.0,142.02,142.07,141.99,142.03,37.37455
2019-03-30 22:50:00,1553986200.0,142.03,142.08,141.99,142.06,68.32016
2019-03-30 22:51:00,1553986260.0,142.05,142.12,142.03,142.08,29.92989
2019-03-30 22:52:00,1553986320.0,142.09,142.16,142.08,142.14,50.52237
2019-03-30 22:53:00,1553986380.0,142.1,142.17,142.07,142.14,41.35456
2019-03-30 22:54:00,1553986440.0,142.11,142.15,142.06,142.11,57.60804
2019-03-30 22:55:00,1553986500.0,142.15,142.17,142.11,142.17,29.2074
2019-03-30 22:56:00,1553986560.0,142.14,142.17,142.12,142.15,45.22407
2019-03-30 22:57:00,1553986620.0,142.16,142.17,142.13,142.15,35.6235
2019-03-30 22:58:00,1553986680.0,142.15,142.3,142.15,142.28,105.94934
2019-03-30 22:59:00,1553986740.0,142.29,142.35,142.25,142.31,149.81969
2019-03-30 23:00:00,1553986800.0,142.31,142.39,142.28,142.39,107.3012
2019-03-30 23:01:00,1553986860.0,142.39,142.43,142.32,142.41,96.18908
2019-03-30 23:02:00,1553986920.0,142.38,142.46,142.34,142.39,274.49754
2019-03-30 23:03:00,1553986980.0,142.42,142.42,142.28,142.29,116.44595
2019-03-30 23:04:00,1553987040.0,142.3,142.31,142.24,142.26,43.95056
2019-03-30 23:05:00,1553987100.0,142.29,142.33,142.21,142.32,50.77793
2019-03-30 23:06:00,1553987160.0,142.29,142.4,142.28,142.39,87.13174
2019-03-30 23:07:00,1553987220.0,142.34,142.38,142.32,142.35,29.27998
2019-03-30 23:08:00,1553987280.0,142.34,142.38,142.31,142.38,65.8502
2019-03-30 23:09:00,1553987340.0,142.42,142.46,142.35,142.39,92.05644
2019-03-30 23:10:00,1553987400.0,142.4,142.46,142.38,142.43,92.94311
2019-03-30 23:11:00,1553987460.0,142.44,142.48,142.36,142.39,93.99248
2019-03-30 23:12:00,1553987520.0,142.38,142.41,142.38,142.41,11.52806
2019-03-30 23:13:00,1553987580.0,142.39,142.46,142.38,142.4,52.8588
2019-03-30 23:14:00,1553987640.0,142.41,142.47,142.4,142.42,116.59794
2019-03-30 23:15:00,1553987700.0,142.43,142.49,142.41,142.49,135.17952
2019-03-30 23:16:00,1553987760.0,142.47,142.49,142.44,142.48,120.37688
2019-03-30 23:17:00,1553987820.0,142.47,142.48,142.45,142.47,42.29927
2019-03-30 23:18:00,1553987880.0,142.46,142.49,142.45,142.49,63.50791
2019-03-30 23:19:00,1553987940.0,142.49,142.5,142.41,142.44,611.81916
2019-03-30 23:20:00,1553988000.0,142.44,142.49,142.43,142.48,98.65623
2019-03-30 23:21:00,1553988060.0,142.49,142.5,142.44,142.47,48.60089
2019-03-30 23:22:00,1553988120.0,142.47,142.5,142.41,142.44,244.46946
2019-03-30 23:23:00,1553988180.0,142.46,142.48,142.35,142.43,156.31779
2019-03-30 23:24:00,1553988240.0,142.43,142.46,142.32,142.36,109.83087
2019-03-30 23:25:00,1553988300.0,142.35,142.37,142.32,142.32,61.77757
2019-03-30 23:26:00,1553988360.0,142.36,142.47,142.3,142.47,148.6541
2019-03-30 23:27:00,1553988420.0,142.43,142.49,142.43,142.49,42.70217
2019-03-30 23:28:00,1553988480.0,142.49,142.5,142.47,142.5,95.58028
2019-03-30 23:29:00,1553988540.0,142.49,142.5,142.47,142.49,95.27605
2019-03-30 23:30:00,1553988600.0,142.49,142.5,142.41,142.46,98.12693
2019-03-30 23:31:00,1553988660.0,142.5,142.5,142.45,142.48,83.56131
2019-03-30 23:32:00,1553988720.0,142.46,142.49,142.45,142.48,51.02396
2019-03-30 23:33:00,1553988780.0,142.44,142.5,142.41,142.49,444.67808
2019-03-30 23:34:00,1553988840.0,142.46,142.47,142.38,142.46,65.92737
2019-03-30 23:35:00,1553988900.0,142.43,142.46,142.38,142.38,128.27633
2019-03-30 23:36:00,1553988960.0,142.38,142.38,142.32,142.34,112.0248
2019-03-30 23:37:00,1553989020.0,142.37,142.38,142.27,142.27,156.51552
2019-03-30 23:38:00,1553989080.0,142.29,142.32,142.25,142.28,127.8571
2019-03-30 23:39:00,1553989140.0,142.28,142.28,142.26,142.27,90.83043
2019-03-30 23:40:00,1553989200.0,142.28,142.28,142.27,142.27,128.3601
2019-03-30 23:41:00,1553989260.0,142.27,142.28,142.21,142.23,153.98265
2019-03-30 23:42:00,1553989320.0,142.22,142.22,142.12,142.12,94.41146
2019-03-30 23:43:00,1553989380.0,142.09,142.12,142.03,142.04,157.25484
2019-03-30 23:44:00,1553989440.0,142.05,142.09,141.98,142.06,154.82174
2019-03-30 23:45:00,1553989500.0,142.06,142.18,142.06,142.17,146.38051
2019-03-30 23:46:00,1553989560.0,142.18,142.28,142.17,142.23,120.88329
2019-03-30 23:47:00,1553989620.0,142.24,142.24,142.15,142.16,85.50966
2019-03-30 23:48:00,1553989680.0,142.15,142.21,142.15,142.21,53.33932
2019-03-30 23:49:00,1553989740.0,142.21,142.24,142.2,142.24,89.13779
2019-03-30 23:50:00,1553989800.0,142.24,142.24,142.2,142.21,84.09704
2019-03-30 23:51:00,1553989860.0,142.21,142.31,142.21,142.31,99.27683
2019-03-30 23:52:00,1553989920.0,142.28,142.34,142.27,142.31,33.49571
2019-03-30 23:53:00,1553989980.0,142.32,142.35,142.32,142.35,16.4403
2019-03-30 23:54:00,1553990040.0,142.37,142.37,142.32,142.34,26.47764
2019-03-30 23:55:00,1553990100.0,142.33,142.41,142.33,142.39,69.17629
2019-03-30 23:56:00,1553990160.0,142.39,142.42,142.28,142.38,220.3858
2019-03-30 23:57:00,1553990220.0,142.38,142.43,142.32,142.37,124.50592
2019-03-30 23:58:00,1553990280.0,142.42,142.42,142.36,142.38,39.05366
2019-03-30 23:59:00,1553990340.0,142.42,142.47,142.38,142.46,62.61308
