Universal Time,Unix Time,Open,High,Low,Close,Volume
2022-10-28 00:00:00,1666915200.0,6.33,6.34,6.32,6.33,11053.25
2022-10-28 00:01:00,1666915260.0,6.33,6.33,6.32,6.32,29.95
2022-10-28 00:02:00,1666915320.0,6.32,6.34,6.31,6.33,8968.58
2022-10-28 00:03:00,1666915380.0,6.34,6.34,6.33,6.34,3528.94
2022-10-28 00:04:00,1666915440.0,6.34,6.35,6.34,6.35,27.09
2022-10-28 00:05:00,1666915500.0,6.34,6.35,6.33,6.35,1886.3
2022-10-28 00:06:00,1666915560.0,6.35,6.35,6.33,6.33,2931.09
2022-10-28 00:07:00,1666915620.0,6.34,6.35,6.34,6.34,6928.44
2022-10-28 00:08:00,1666915680.0,6.34,6.35,6.34,6.34,422.28
2022-10-28 00:09:00,1666915740.0,6.35,6.36,6.34,6.35,3541.69
2022-10-28 00:10:00,1666915800.0,6.36,6.36,6.34,6.34,5592.18
2022-10-28 00:11:00,1666915860.0,6.34,6.34,6.34,6.34,0.0
2022-10-28 00:12:00,1666915920.0,6.33,6.33,6.32,6.32,4429.52
2022-10-28 00:13:00,1666915980.0,6.32,6.32,6.31,6.31,945.79
2022-10-28 00:14:00,1666916040.0,6.31,6.31,6.3,6.31,12179.59
2022-10-28 00:15:00,1666916100.0,6.31,6.32,6.31,6.31,3893.15
2022-10-28 00:16:00,1666916160.0,6.31,6.31,6.31,6.31,1307.79
2022-10-28 00:17:00,1666916220.0,6.31,6.31,6.3,6.3,9980.75
2022-10-28 00:18:00,1666916280.0,6.3,6.31,6.29,6.31,22568.51
2022-10-28 00:19:00,1666916340.0,6.3,6.31,6.3,6.3,3004.92
2022-10-28 00:20:00,1666916400.0,6.3,6.31,6.28,6.29,15969.2
2022-10-28 00:21:00,1666916460.0,6.29,6.29,6.26,6.27,37459.02
2022-10-28 00:22:00,1666916520.0,6.27,6.31,6.26,6.3,30328.09
2022-10-28 00:23:00,1666916580.0,6.3,6.31,6.29,6.31,5232.8
2022-10-28 00:24:00,1666916640.0,6.31,6.33,6.31,6.32,9617.74
2022-10-28 00:25:00,1666916700.0,6.32,6.34,6.31,6.33,10530.21
2022-10-28 00:26:00,1666916760.0,6.33,6.34,6.33,6.33,16143.31
2022-10-28 00:27:00,1666916820.0,6.33,6.34,6.32,6.32,2521.14
2022-10-28 00:28:00,1666916880.0,6.33,6.33,6.33,6.33,369.96
2022-10-28 00:29:00,1666916940.0,6.32,6.32,6.31,6.32,3801.05
2022-10-28 00:30:00,1666917000.0,6.32,6.33,6.32,6.33,5830.0
2022-10-28 00:31:00,1666917060.0,6.33,6.34,6.32,6.34,5317.23
2022-10-28 00:32:00,1666917120.0,6.33,6.34,6.33,6.34,5926.95
2022-10-28 00:33:00,1666917180.0,6.34,6.35,6.34,6.35,5908.79
2022-10-28 00:34:00,1666917240.0,6.35,6.35,6.33,6.34,5126.02
2022-10-28 00:35:00,1666917300.0,6.33,6.35,6.33,6.34,5467.51
2022-10-28 00:36:00,1666917360.0,6.35,6.35,6.34,6.35,1465.76
2022-10-28 00:37:00,1666917420.0,6.35,6.36,6.34,6.35,8585.81
2022-10-28 00:38:00,1666917480.0,6.35,6.36,6.34,6.35,17548.6
2022-10-28 00:39:00,1666917540.0,6.36,6.36,6.35,6.36,787.45
2022-10-28 00:40:00,1666917600.0,6.35,6.36,6.35,6.35,185.5
2022-10-28 00:41:00,1666917660.0,6.36,6.36,6.35,6.35,106.37
2022-10-28 00:42:00,1666917720.0,6.35,6.37,6.35,6.36,4589.06
2022-10-28 00:43:00,1666917780.0,6.36,6.36,6.35,6.35,447.78
2022-10-28 00:44:00,1666917840.0,6.35,6.36,6.35,6.36,33.76
2022-10-28 00:45:00,1666917900.0,6.36,6.36,6.36,6.36,3978.91
2022-10-28 00:46:00,1666917960.0,6.36,6.37,6.36,6.37,396.79
2022-10-28 00:47:00,1666918020.0,6.36,6.37,6.36,6.36,39.55
2022-10-28 00:48:00,1666918080.0,6.37,6.37,6.36,6.36,215.15
2022-10-28 00:49:00,1666918140.0,6.36,6.37,6.36,6.37,54.45
2022-10-28 00:50:00,1666918200.0,6.36,6.36,6.35,6.36,6608.24
2022-10-28 00:51:00,1666918260.0,6.36,6.36,6.35,6.35,982.21
2022-10-28 00:52:00,1666918320.0,6.36,6.37,6.36,6.37,9580.65
2022-10-28 00:53:00,1666918380.0,6.36,6.37,6.35,6.35,2990.24
2022-10-28 00:54:00,1666918440.0,6.35,6.36,6.35,6.35,379.47
2022-10-28 00:55:00,1666918500.0,6.35,6.35,6.35,6.35,10.47
2022-10-28 00:56:00,1666918560.0,6.35,6.36,6.35,6.36,563.25
2022-10-28 00:57:00,1666918620.0,6.35,6.36,6.35,6.36,639.8
2022-10-28 00:58:00,1666918680.0,6.36,6.36,6.35,6.35,1168.22
2022-10-28 00:59:00,1666918740.0,6.35,6.36,6.35,6.36,99.8
2022-10-28 01:00:00,1666918800.0,6.36,6.36,6.34,6.34,3706.14
2022-10-28 01:01:00,1666918860.0,6.35,6.35,6.33,6.33,4659.41
2022-10-28 01:02:00,1666918920.0,6.34,6.34,6.34,6.34,104.11
2022-10-28 01:03:00,1666918980.0,6.34,6.34,6.34,6.34,1591.93
2022-10-28 01:04:00,1666919040.0,6.34,6.36,6.33,6.36,19700.76
2022-10-28 01:05:00,1666919100.0,6.35,6.37,6.35,6.36,6598.07
2022-10-28 01:06:00,1666919160.0,6.37,6.37,6.36,6.36,1475.82
2022-10-28 01:07:00,1666919220.0,6.37,6.37,6.36,6.37,253.84
2022-10-28 01:08:00,1666919280.0,6.36,6.36,6.35,6.35,2990.43
2022-10-28 01:09:00,1666919340.0,6.36,6.38,6.35,6.37,10144.99
2022-10-28 01:10:00,1666919400.0,6.37,6.39,6.37,6.38,6686.97
2022-10-28 01:11:00,1666919460.0,6.38,6.4,6.38,6.38,24239.97
2022-10-28 01:12:00,1666919520.0,6.39,6.39,6.38,6.39,203.33
2022-10-28 01:13:00,1666919580.0,6.38,6.39,6.38,6.38,147.32
2022-10-28 01:14:00,1666919640.0,6.39,6.4,6.39,6.39,693.75
2022-10-28 01:15:00,1666919700.0,6.4,6.4,6.38,6.39,6243.02
2022-10-28 01:16:00,1666919760.0,6.39,6.4,6.39,6.4,466.49
2022-10-28 01:17:00,1666919820.0,6.39,6.4,6.39,6.4,842.11
2022-10-28 01:18:00,1666919880.0,6.4,6.4,6.4,6.4,18.82
2022-10-28 01:19:00,1666919940.0,6.4,6.4,6.38,6.39,2745.39
2022-10-28 01:20:00,1666920000.0,6.39,6.39,6.39,6.39,33.96
2022-10-28 01:21:00,1666920060.0,6.39,6.39,6.38,6.38,499.97
2022-10-28 01:22:00,1666920120.0,6.38,6.39,6.38,6.39,98.97
2022-10-28 01:23:00,1666920180.0,6.38,6.38,6.37,6.38,6863.15
2022-10-28 01:24:00,1666920240.0,6.39,6.39,6.38,6.38,20.2
2022-10-28 01:25:00,1666920300.0,6.38,6.38,6.38,6.38,631.4
2022-10-28 01:26:00,1666920360.0,6.38,6.38,6.38,6.38,929.28
2022-10-28 01:27:00,1666920420.0,6.39,6.39,6.39,6.39,18.76
2022-10-28 01:28:00,1666920480.0,6.39,6.39,6.38,6.39,2387.73
2022-10-28 01:29:00,1666920540.0,6.39,6.39,6.39,6.39,112.9
2022-10-28 01:30:00,1666920600.0,6.39,6.39,6.38,6.39,242.02
2022-10-28 01:31:00,1666920660.0,6.38,6.39,6.38,6.39,19.9
2022-10-28 01:32:00,1666920720.0,6.39,6.39,6.37,6.37,4444.76
2022-10-28 01:33:00,1666920780.0,6.37,6.38,6.37,6.38,167.99
2022-10-28 01:34:00,1666920840.0,6.37,6.37,6.37,6.37,84.39
2022-10-28 01:35:00,1666920900.0,6.37,6.39,6.37,6.39,7153.39
2022-10-28 01:36:00,1666920960.0,6.39,6.39,6.38,6.38,11.24
2022-10-28 01:37:00,1666921020.0,6.38,6.39,6.38,6.38,110.66
2022-10-28 01:38:00,1666921080.0,6.39,6.39,6.38,6.38,416.85
2022-10-28 01:39:00,1666921140.0,6.39,6.39,6.39,6.39,47.17
2022-10-28 01:40:00,1666921200.0,6.38,6.38,6.38,6.38,236.56
2022-10-28 01:41:00,1666921260.0,6.39,6.4,6.39,6.39,1245.25
2022-10-28 01:42:00,1666921320.0,6.39,6.4,6.39,6.39,63.22
2022-10-28 01:43:00,1666921380.0,6.4,6.4,6.39,6.39,829.22
2022-10-28 01:44:00,1666921440.0,6.39,6.41,6.39,6.4,14990.72
2022-10-28 01:45:00,1666921500.0,6.4,6.41,6.39,6.41,2608.08
2022-10-28 01:46:00,1666921560.0,6.41,6.41,6.4,6.4,2745.2
2022-10-28 01:47:00,1666921620.0,6.4,6.4,6.39,6.4,544.16
2022-10-28 01:48:00,1666921680.0,6.4,6.41,6.4,6.4,7284.1
2022-10-28 01:49:00,1666921740.0,6.41,6.41,6.39,6.39,2694.36
2022-10-28 01:50:00,1666921800.0,6.39,6.4,6.39,6.4,75.08
2022-10-28 01:51:00,1666921860.0,6.4,6.4,6.4,6.4,26.82
2022-10-28 01:52:00,1666921920.0,6.4,6.4,6.39,6.39,45.27
2022-10-28 01:53:00,1666921980.0,6.4,6.4,6.39,6.39,60.25
2022-10-28 01:54:00,1666922040.0,6.4,6.4,6.39,6.39,15.83
2022-10-28 01:55:00,1666922100.0,6.4,6.4,6.39,6.39,1228.1
2022-10-28 01:56:00,1666922160.0,6.39,6.39,6.39,6.39,27.64
2022-10-28 01:57:00,1666922220.0,6.4,6.4,6.39,6.39,112.53
2022-10-28 01:58:00,1666922280.0,6.39,6.39,6.39,6.39,12.54
2022-10-28 01:59:00,1666922340.0,6.39,6.4,6.39,6.4,178.31
2022-10-28 02:00:00,1666922400.0,6.4,6.4,6.39,6.39,46.92
2022-10-28 02:01:00,1666922460.0,6.4,6.4,6.39,6.39,3515.33
2022-10-28 02:02:00,1666922520.0,6.39,6.39,6.38,6.39,518.6
2022-10-28 02:03:00,1666922580.0,6.38,6.38,6.38,6.38,77.31
2022-10-28 02:04:00,1666922640.0,6.39,6.39,6.38,6.39,34.23
2022-10-28 02:05:00,1666922700.0,6.38,6.38,6.38,6.38,1.88
2022-10-28 02:06:00,1666922760.0,6.38,6.39,6.38,6.38,741.11
2022-10-28 02:07:00,1666922820.0,6.38,6.38,6.38,6.38,3466.63
2022-10-28 02:08:00,1666922880.0,6.38,6.38,6.38,6.38,2.57
2022-10-28 02:09:00,1666922940.0,6.37,6.37,6.36,6.36,2171.41
2022-10-28 02:10:00,1666923000.0,6.37,6.37,6.35,6.37,10669.82
2022-10-28 02:11:00,1666923060.0,6.36,6.36,6.34,6.34,14973.37
2022-10-28 02:12:00,1666923120.0,6.35,6.35,6.33,6.33,6216.96
2022-10-28 02:13:00,1666923180.0,6.33,6.34,6.32,6.32,6627.96
2022-10-28 02:14:00,1666923240.0,6.33,6.34,6.33,6.34,10156.85
2022-10-28 02:15:00,1666923300.0,6.34,6.35,6.33,6.33,6134.35
2022-10-28 02:16:00,1666923360.0,6.34,6.35,6.34,6.34,2557.13
2022-10-28 02:17:00,1666923420.0,6.34,6.35,6.33,6.33,1094.96
2022-10-28 02:18:00,1666923480.0,6.34,6.34,6.31,6.33,15127.38
2022-10-28 02:19:00,1666923540.0,6.33,6.34,6.33,6.33,7125.61
2022-10-28 02:20:00,1666923600.0,6.34,6.35,6.33,6.33,11737.43
2022-10-28 02:21:00,1666923660.0,6.33,6.33,6.33,6.33,169.73
2022-10-28 02:22:00,1666923720.0,6.33,6.34,6.32,6.32,8007.55
2022-10-28 02:23:00,1666923780.0,6.33,6.33,6.32,6.32,516.92
2022-10-28 02:24:00,1666923840.0,6.32,6.34,6.32,6.33,1327.17
2022-10-28 02:25:00,1666923900.0,6.34,6.35,6.34,6.35,3136.33
2022-10-28 02:26:00,1666923960.0,6.34,6.35,6.34,6.35,3740.35
2022-10-28 02:27:00,1666924020.0,6.35,6.35,6.35,6.35,216.34
2022-10-28 02:28:00,1666924080.0,6.35,6.35,6.35,6.35,2043.3
2022-10-28 02:29:00,1666924140.0,6.35,6.36,6.35,6.35,2725.13
2022-10-28 02:30:00,1666924200.0,6.35,6.36,6.35,6.36,22.74
2022-10-28 02:31:00,1666924260.0,6.35,6.35,6.35,6.35,5060.26
2022-10-28 02:32:00,1666924320.0,6.35,6.36,6.35,6.36,2219.09
2022-10-28 02:33:00,1666924380.0,6.36,6.36,6.36,6.36,9043.7
2022-10-28 02:34:00,1666924440.0,6.36,6.36,6.36,6.36,0.0
2022-10-28 02:35:00,1666924500.0,6.36,6.36,6.34,6.34,1640.1
2022-10-28 02:36:00,1666924560.0,6.34,6.35,6.33,6.35,4522.74
2022-10-28 02:37:00,1666924620.0,6.34,6.35,6.34,6.34,591.14
2022-10-28 02:38:00,1666924680.0,6.34,6.35,6.34,6.35,1483.72
2022-10-28 02:39:00,1666924740.0,6.35,6.35,6.34,6.35,1921.69
2022-10-28 02:40:00,1666924800.0,6.34,6.36,6.34,6.35,3980.09
2022-10-28 02:41:00,1666924860.0,6.36,6.36,6.36,6.36,34.86
2022-10-28 02:42:00,1666924920.0,6.36,6.36,6.36,6.36,11.94
2022-10-28 02:43:00,1666924980.0,6.35,6.36,6.34,6.34,15888.24
2022-10-28 02:44:00,1666925040.0,6.34,6.34,6.34,6.34,49.75
2022-10-28 02:45:00,1666925100.0,6.35,6.35,6.34,6.34,92.17
2022-10-28 02:46:00,1666925160.0,6.35,6.36,6.35,6.36,1301.12
2022-10-28 02:47:00,1666925220.0,6.35,6.35,6.34,6.35,6537.3
2022-10-28 02:48:00,1666925280.0,6.35,6.35,6.35,6.35,1.57
2022-10-28 02:49:00,1666925340.0,6.34,6.35,6.33,6.33,2809.33
2022-10-28 02:50:00,1666925400.0,6.34,6.34,6.33,6.33,60.01
2022-10-28 02:51:00,1666925460.0,6.33,6.33,6.33,6.33,3231.44
2022-10-28 02:52:00,1666925520.0,6.33,6.33,6.33,6.33,1087.38
2022-10-28 02:53:00,1666925580.0,6.34,6.35,6.34,6.34,3010.93
2022-10-28 02:54:00,1666925640.0,6.34,6.34,6.33,6.33,7403.67
2022-10-28 02:55:00,1666925700.0,6.33,6.33,6.32,6.32,3666.32
2022-10-28 02:56:00,1666925760.0,6.33,6.35,6.33,6.35,27799.24
2022-10-28 02:57:00,1666925820.0,6.34,6.35,6.34,6.35,316.89
2022-10-28 02:58:00,1666925880.0,6.35,6.36,6.35,6.35,3229.71
2022-10-28 02:59:00,1666925940.0,6.34,6.35,6.34,6.35,55.37
2022-10-28 03:00:00,1666926000.0,6.34,6.34,6.33,6.34,2715.0
2022-10-28 03:01:00,1666926060.0,6.33,6.33,6.33,6.33,1045.48
2022-10-28 03:02:00,1666926120.0,6.34,6.35,6.34,6.34,5195.78
2022-10-28 03:03:00,1666926180.0,6.35,6.36,6.34,6.35,8071.64
2022-10-28 03:04:00,1666926240.0,6.34,6.35,6.34,6.34,25.0
2022-10-28 03:05:00,1666926300.0,6.34,6.34,6.33,6.33,6254.35
2022-10-28 03:06:00,1666926360.0,6.34,6.34,6.33,6.33,125.72
2022-10-28 03:07:00,1666926420.0,6.34,6.35,6.34,6.35,787.75
2022-10-28 03:08:00,1666926480.0,6.34,6.35,6.34,6.35,781.92
2022-10-28 03:09:00,1666926540.0,6.34,6.35,6.34,6.35,298.71
2022-10-28 03:10:00,1666926600.0,6.34,6.35,6.34,6.35,270.83
2022-10-28 03:11:00,1666926660.0,6.35,6.36,6.35,6.35,3496.87
2022-10-28 03:12:00,1666926720.0,6.36,6.36,6.35,6.35,162.0
2022-10-28 03:13:00,1666926780.0,6.35,6.36,6.35,6.35,254.05
2022-10-28 03:14:00,1666926840.0,6.35,6.35,6.35,6.35,75.08
2022-10-28 03:15:00,1666926900.0,6.35,6.35,6.35,6.35,149.57
2022-10-28 03:16:00,1666926960.0,6.35,6.35,6.35,6.35,67.56
2022-10-28 03:17:00,1666927020.0,6.35,6.35,6.34,6.34,4882.67
2022-10-28 03:18:00,1666927080.0,6.34,6.34,6.34,6.34,133.55
2022-10-28 03:19:00,1666927140.0,6.34,6.35,6.34,6.34,169.68
2022-10-28 03:20:00,1666927200.0,6.34,6.36,6.34,6.35,2277.64
2022-10-28 03:21:00,1666927260.0,6.35,6.36,6.35,6.35,150.71
2022-10-28 03:22:00,1666927320.0,6.35,6.35,6.35,6.35,296.83
2022-10-28 03:23:00,1666927380.0,6.35,6.36,6.35,6.36,297.27
2022-10-28 03:24:00,1666927440.0,6.36,6.36,6.35,6.35,190.38
2022-10-28 03:25:00,1666927500.0,6.36,6.36,6.35,6.35,174.96
2022-10-28 03:26:00,1666927560.0,6.35,6.35,6.34,6.35,3764.44
2022-10-28 03:27:00,1666927620.0,6.34,6.35,6.34,6.35,173.83
2022-10-28 03:28:00,1666927680.0,6.34,6.35,6.34,6.35,157.91
2022-10-28 03:29:00,1666927740.0,6.35,6.36,6.34,6.35,5132.3
2022-10-28 03:30:00,1666927800.0,6.36,6.36,6.35,6.35,303.56
2022-10-28 03:31:00,1666927860.0,6.35,6.36,6.35,6.35,856.76
2022-10-28 03:32:00,1666927920.0,6.35,6.35,6.35,6.35,967.63
2022-10-28 03:33:00,1666927980.0,6.35,6.35,6.34,6.34,4417.72
2022-10-28 03:34:00,1666928040.0,6.35,6.36,6.35,6.36,2948.96
2022-10-28 03:35:00,1666928100.0,6.36,6.36,6.35,6.35,326.5
2022-10-28 03:36:00,1666928160.0,6.36,6.36,6.34,6.34,1664.76
2022-10-28 03:37:00,1666928220.0,6.34,6.35,6.34,6.34,904.41
2022-10-28 03:38:00,1666928280.0,6.35,6.35,6.34,6.34,888.94
2022-10-28 03:39:00,1666928340.0,6.35,6.36,6.34,6.35,4654.09
2022-10-28 03:40:00,1666928400.0,6.35,6.36,6.35,6.35,102.86
2022-10-28 03:41:00,1666928460.0,6.36,6.36,6.35,6.35,72.0
2022-10-28 03:42:00,1666928520.0,6.36,6.36,6.36,6.36,426.18
2022-10-28 03:43:00,1666928580.0,6.35,6.36,6.35,6.36,264.12
2022-10-28 03:44:00,1666928640.0,6.36,6.36,6.35,6.35,37.6
2022-10-28 03:45:00,1666928700.0,6.36,6.36,6.36,6.36,381.98
2022-10-28 03:46:00,1666928760.0,6.36,6.36,6.36,6.36,6.84
2022-10-28 03:47:00,1666928820.0,6.35,6.35,6.34,6.35,9488.54
2022-10-28 03:48:00,1666928880.0,6.35,6.35,6.34,6.35,54.23
2022-10-28 03:49:00,1666928940.0,6.34,6.36,6.34,6.35,4231.24
2022-10-28 03:50:00,1666929000.0,6.35,6.35,6.35,6.35,0.0
2022-10-28 03:51:00,1666929060.0,6.35,6.36,6.35,6.36,329.08
2022-10-28 03:52:00,1666929120.0,6.36,6.36,6.36,6.36,232.9
2022-10-28 03:53:00,1666929180.0,6.36,6.36,6.35,6.35,90.99
2022-10-28 03:54:00,1666929240.0,6.35,6.36,6.35,6.36,15.05
2022-10-28 03:55:00,1666929300.0,6.35,6.36,6.35,6.35,11.29
2022-10-28 03:56:00,1666929360.0,6.36,6.36,6.35,6.36,1010.0
2022-10-28 03:57:00,1666929420.0,6.36,6.36,6.36,6.36,15.72
2022-10-28 03:58:00,1666929480.0,6.36,6.38,6.36,6.37,28120.21
2022-10-28 03:59:00,1666929540.0,6.37,6.38,6.37,6.38,691.94
2022-10-28 04:00:00,1666929600.0,6.37,6.38,6.36,6.37,9252.63
2022-10-28 04:01:00,1666929660.0,6.38,6.38,6.37,6.37,261.94
2022-10-28 04:02:00,1666929720.0,6.38,6.39,6.37,6.38,7411.04
2022-10-28 04:03:00,1666929780.0,6.38,6.4,6.37,6.38,11147.45
2022-10-28 04:04:00,1666929840.0,6.38,6.39,6.38,6.39,4996.42
2022-10-28 04:05:00,1666929900.0,6.39,6.39,6.38,6.39,98.03
2022-10-28 04:06:00,1666929960.0,6.39,6.39,6.37,6.37,1605.3
2022-10-28 04:07:00,1666930020.0,6.38,6.38,6.37,6.37,3676.05
2022-10-28 04:08:00,1666930080.0,6.38,6.38,6.37,6.37,3770.05
2022-10-28 04:09:00,1666930140.0,6.37,6.38,6.37,6.37,3538.76
2022-10-28 04:10:00,1666930200.0,6.38,6.38,6.37,6.37,638.87
2022-10-28 04:11:00,1666930260.0,6.38,6.38,6.37,6.37,72.95
2022-10-28 04:12:00,1666930320.0,6.38,6.38,6.37,6.37,1071.18
2022-10-28 04:13:00,1666930380.0,6.37,6.38,6.37,6.37,2071.88
2022-10-28 04:14:00,1666930440.0,6.38,6.38,6.37,6.37,286.2
2022-10-28 04:15:00,1666930500.0,6.37,6.37,6.37,6.37,93.55
2022-10-28 04:16:00,1666930560.0,6.37,6.37,6.37,6.37,80.99
2022-10-28 04:17:00,1666930620.0,6.37,6.38,6.37,6.37,93.76
2022-10-28 04:18:00,1666930680.0,6.37,6.38,6.37,6.38,1129.15
2022-10-28 04:19:00,1666930740.0,6.37,6.38,6.37,6.37,1672.76
2022-10-28 04:20:00,1666930800.0,6.37,6.39,6.37,6.38,2588.37
2022-10-28 04:21:00,1666930860.0,6.38,6.38,6.37,6.37,3035.51
2022-10-28 04:22:00,1666930920.0,6.38,6.38,6.37,6.37,1144.74
2022-10-28 04:23:00,1666930980.0,6.38,6.38,6.37,6.37,461.75
2022-10-28 04:24:00,1666931040.0,6.37,6.38,6.37,6.38,339.03
2022-10-28 04:25:00,1666931100.0,6.38,6.38,6.37,6.37,234.36
2022-10-28 04:26:00,1666931160.0,6.38,6.39,6.38,6.39,3553.36
2022-10-28 04:27:00,1666931220.0,6.38,6.39,6.38,6.38,156.22
2022-10-28 04:28:00,1666931280.0,6.38,6.38,6.38,6.38,99.01
2022-10-28 04:29:00,1666931340.0,6.39,6.39,6.38,6.39,93.55
2022-10-28 04:30:00,1666931400.0,6.38,6.38,6.37,6.38,10857.78
2022-10-28 04:31:00,1666931460.0,6.38,6.39,6.38,6.38,3430.05
2022-10-28 04:32:00,1666931520.0,6.38,6.39,6.38,6.39,3866.23
2022-10-28 04:33:00,1666931580.0,6.38,6.39,6.38,6.38,386.02
2022-10-28 04:34:00,1666931640.0,6.39,6.39,6.38,6.39,94.45
2022-10-28 04:35:00,1666931700.0,6.38,6.38,6.38,6.38,5.13
2022-10-28 04:36:00,1666931760.0,6.39,6.39,6.37,6.38,7171.37
2022-10-28 04:37:00,1666931820.0,6.38,6.38,6.37,6.37,44.33
2022-10-28 04:38:00,1666931880.0,6.38,6.38,6.38,6.38,1782.38
2022-10-28 04:39:00,1666931940.0,6.38,6.39,6.38,6.39,2149.69
2022-10-28 04:40:00,1666932000.0,6.39,6.39,6.39,6.39,5550.47
2022-10-28 04:41:00,1666932060.0,6.39,6.39,6.38,6.39,1092.71
2022-10-28 04:42:00,1666932120.0,6.38,6.39,6.38,6.39,4709.65
2022-10-28 04:43:00,1666932180.0,6.39,6.4,6.39,6.39,5106.07
2022-10-28 04:44:00,1666932240.0,6.39,6.39,6.38,6.39,1958.9
2022-10-28 04:45:00,1666932300.0,6.38,6.38,6.38,6.38,121.81
2022-10-28 04:46:00,1666932360.0,6.38,6.4,6.38,6.38,8161.04
2022-10-28 04:47:00,1666932420.0,6.38,6.38,6.38,6.38,4540.31
2022-10-28 04:48:00,1666932480.0,6.38,6.39,6.37,6.37,4141.03
2022-10-28 04:49:00,1666932540.0,6.38,6.38,6.38,6.38,1858.86
2022-10-28 04:50:00,1666932600.0,6.39,6.39,6.38,6.38,6980.2
2022-10-28 04:51:00,1666932660.0,6.38,6.39,6.38,6.39,107.12
2022-10-28 04:52:00,1666932720.0,6.39,6.39,6.38,6.38,352.81
2022-10-28 04:53:00,1666932780.0,6.38,6.39,6.38,6.38,146.82
2022-10-28 04:54:00,1666932840.0,6.39,6.39,6.38,6.39,83.14
2022-10-28 04:55:00,1666932900.0,6.39,6.39,6.38,6.38,73.89
2022-10-28 04:56:00,1666932960.0,6.38,6.38,6.38,6.38,193.35
2022-10-28 04:57:00,1666933020.0,6.38,6.39,6.38,6.38,789.42
2022-10-28 04:58:00,1666933080.0,6.38,6.39,6.37,6.38,12682.36
2022-10-28 04:59:00,1666933140.0,6.38,6.39,6.38,6.38,50.28
2022-10-28 05:00:00,1666933200.0,6.38,6.39,6.37,6.38,16372.8
2022-10-28 05:01:00,1666933260.0,6.38,6.38,6.37,6.38,363.72
2022-10-28 05:02:00,1666933320.0,6.37,6.38,6.37,6.38,618.64
2022-10-28 05:03:00,1666933380.0,6.38,6.38,6.37,6.37,178.79
2022-10-28 05:04:00,1666933440.0,6.37,6.37,6.37,6.37,73.6
2022-10-28 05:05:00,1666933500.0,6.37,6.38,6.37,6.37,284.97
2022-10-28 05:06:00,1666933560.0,6.38,6.38,6.37,6.37,245.07
2022-10-28 05:07:00,1666933620.0,6.37,6.37,6.36,6.36,1562.69
2022-10-28 05:08:00,1666933680.0,6.36,6.36,6.35,6.35,4267.62
2022-10-28 05:09:00,1666933740.0,6.36,6.36,6.34,6.35,22406.17
2022-10-28 05:10:00,1666933800.0,6.35,6.36,6.35,6.36,12.92
2022-10-28 05:11:00,1666933860.0,6.35,6.36,6.35,6.36,329.74
2022-10-28 05:12:00,1666933920.0,6.36,6.36,6.35,6.35,95.55
2022-10-28 05:13:00,1666933980.0,6.35,6.36,6.34,6.36,3041.29
2022-10-28 05:14:00,1666934040.0,6.35,6.36,6.35,6.36,21.93
2022-10-28 05:15:00,1666934100.0,6.35,6.36,6.34,6.36,10898.93
2022-10-28 05:16:00,1666934160.0,6.35,6.37,6.35,6.36,5936.36
2022-10-28 05:17:00,1666934220.0,6.37,6.37,6.36,6.37,307.86
2022-10-28 05:18:00,1666934280.0,6.36,6.37,6.36,6.37,80.39
2022-10-28 05:19:00,1666934340.0,6.37,6.37,6.36,6.36,933.89
2022-10-28 05:20:00,1666934400.0,6.36,6.37,6.36,6.36,51.57
2022-10-28 05:21:00,1666934460.0,6.37,6.37,6.36,6.36,349.24
2022-10-28 05:22:00,1666934520.0,6.36,6.37,6.36,6.36,422.28
2022-10-28 05:23:00,1666934580.0,6.37,6.38,6.37,6.38,6578.07
2022-10-28 05:24:00,1666934640.0,6.38,6.39,6.38,6.39,5071.69
2022-10-28 05:25:00,1666934700.0,6.38,6.39,6.38,6.39,501.86
2022-10-28 05:26:00,1666934760.0,6.39,6.39,6.37,6.38,5451.84
2022-10-28 05:27:00,1666934820.0,6.37,6.37,6.37,6.37,15.2
2022-10-28 05:28:00,1666934880.0,6.37,6.37,6.37,6.37,1.77
2022-10-28 05:29:00,1666934940.0,6.37,6.38,6.37,6.38,39.3
2022-10-28 05:30:00,1666935000.0,6.37,6.38,6.37,6.38,99.73
2022-10-28 05:31:00,1666935060.0,6.38,6.39,6.38,6.38,4934.31
2022-10-28 05:32:00,1666935120.0,6.38,6.39,6.38,6.39,241.14
2022-10-28 05:33:00,1666935180.0,6.39,6.39,6.38,6.38,157.33
2022-10-28 05:34:00,1666935240.0,6.38,6.38,6.37,6.38,4822.64
2022-10-28 05:35:00,1666935300.0,6.37,6.38,6.37,6.37,41.89
2022-10-28 05:36:00,1666935360.0,6.37,6.37,6.36,6.37,6515.19
2022-10-28 05:37:00,1666935420.0,6.36,6.37,6.35,6.36,5032.32
2022-10-28 05:38:00,1666935480.0,6.36,6.37,6.36,6.36,2282.63
2022-10-28 05:39:00,1666935540.0,6.36,6.37,6.36,6.36,3289.21
2022-10-28 05:40:00,1666935600.0,6.36,6.36,6.36,6.36,503.42
2022-10-28 05:41:00,1666935660.0,6.36,6.36,6.36,6.36,244.01
2022-10-28 05:42:00,1666935720.0,6.36,6.37,6.36,6.36,1082.58
2022-10-28 05:43:00,1666935780.0,6.37,6.38,6.36,6.37,7729.87
2022-10-28 05:44:00,1666935840.0,6.36,6.37,6.36,6.36,136.84
2022-10-28 05:45:00,1666935900.0,6.36,6.36,6.36,6.36,0.0
2022-10-28 05:46:00,1666935960.0,6.36,6.37,6.36,6.37,823.71
2022-10-28 05:47:00,1666936020.0,6.36,6.38,6.36,6.37,4253.53
2022-10-28 05:48:00,1666936080.0,6.37,6.38,6.37,6.38,186.64
2022-10-28 05:49:00,1666936140.0,6.37,6.38,6.37,6.38,101.4
2022-10-28 05:50:00,1666936200.0,6.38,6.38,6.37,6.38,54.09
2022-10-28 05:51:00,1666936260.0,6.38,6.38,6.38,6.38,7.55
2022-10-28 05:52:00,1666936320.0,6.38,6.39,6.37,6.39,10862.09
2022-10-28 05:53:00,1666936380.0,6.39,6.39,6.38,6.38,22.68
2022-10-28 05:54:00,1666936440.0,6.38,6.39,6.38,6.38,138.89
2022-10-28 05:55:00,1666936500.0,6.39,6.39,6.38,6.38,83.33
2022-10-28 05:56:00,1666936560.0,6.38,6.39,6.38,6.39,17.5
2022-10-28 05:57:00,1666936620.0,6.39,6.39,6.39,6.39,14.23
2022-10-28 05:58:00,1666936680.0,6.39,6.39,6.39,6.39,37.53
2022-10-28 05:59:00,1666936740.0,6.38,6.38,6.38,6.38,308.09
2022-10-28 06:00:00,1666936800.0,6.38,6.39,6.38,6.39,971.35
2022-10-28 06:01:00,1666936860.0,6.39,6.4,6.39,6.4,3101.25
2022-10-28 06:02:00,1666936920.0,6.4,6.4,6.4,6.4,32.42
2022-10-28 06:03:00,1666936980.0,6.39,6.4,6.39,6.39,5941.48
2022-10-28 06:04:00,1666937040.0,6.39,6.4,6.39,6.4,554.92
2022-10-28 06:05:00,1666937100.0,6.39,6.4,6.38,6.38,3329.81
2022-10-28 06:06:00,1666937160.0,6.38,6.39,6.38,6.39,133.57
2022-10-28 06:07:00,1666937220.0,6.39,6.39,6.39,6.39,16.0
2022-10-28 06:08:00,1666937280.0,6.38,6.39,6.38,6.39,34.51
2022-10-28 06:09:00,1666937340.0,6.38,6.39,6.38,6.39,438.3
2022-10-28 06:10:00,1666937400.0,6.39,6.39,6.38,6.38,102.72
2022-10-28 06:11:00,1666937460.0,6.39,6.39,6.38,6.38,34.23
2022-10-28 06:12:00,1666937520.0,6.39,6.39,6.39,6.39,48.58
2022-10-28 06:13:00,1666937580.0,6.38,6.38,6.38,6.38,795.39
2022-10-28 06:14:00,1666937640.0,6.38,6.38,6.38,6.38,202.38
2022-10-28 06:15:00,1666937700.0,6.39,6.39,6.38,6.39,202.22
2022-10-28 06:16:00,1666937760.0,6.38,6.39,6.38,6.38,1722.98
2022-10-28 06:17:00,1666937820.0,6.38,6.39,6.37,6.37,5200.58
2022-10-28 06:18:00,1666937880.0,6.38,6.38,6.37,6.37,272.54
2022-10-28 06:19:00,1666937940.0,6.37,6.37,6.37,6.37,44.88
2022-10-28 06:20:00,1666938000.0,6.37,6.38,6.37,6.37,582.69
2022-10-28 06:21:00,1666938060.0,6.37,6.38,6.37,6.37,1222.0
2022-10-28 06:22:00,1666938120.0,6.38,6.38,6.37,6.37,1295.44
2022-10-28 06:23:00,1666938180.0,6.37,6.37,6.37,6.37,26.57
2022-10-28 06:24:00,1666938240.0,6.37,6.38,6.37,6.38,1347.2
2022-10-28 06:25:00,1666938300.0,6.37,6.39,6.37,6.38,7446.94
2022-10-28 06:26:00,1666938360.0,6.39,6.4,6.39,6.39,12067.8
2022-10-28 06:27:00,1666938420.0,6.38,6.39,6.38,6.38,53.99
2022-10-28 06:28:00,1666938480.0,6.39,6.4,6.39,6.39,14529.17
2022-10-28 06:29:00,1666938540.0,6.4,6.4,6.39,6.39,3769.2
2022-10-28 06:30:00,1666938600.0,6.39,6.4,6.39,6.39,247.15
2022-10-28 06:31:00,1666938660.0,6.4,6.4,6.39,6.39,75.63
2022-10-28 06:32:00,1666938720.0,6.39,6.39,6.39,6.39,43.16
2022-10-28 06:33:00,1666938780.0,6.4,6.4,6.39,6.39,67.61
2022-10-28 06:34:00,1666938840.0,6.4,6.4,6.39,6.39,103.12
2022-10-28 06:35:00,1666938900.0,6.39,6.4,6.39,6.4,4729.9
2022-10-28 06:36:00,1666938960.0,6.4,6.41,6.4,6.41,823.32
2022-10-28 06:37:00,1666939020.0,6.4,6.41,6.4,6.41,302.81
2022-10-28 06:38:00,1666939080.0,6.4,6.41,6.4,6.4,206.85
2022-10-28 06:39:00,1666939140.0,6.41,6.41,6.4,6.4,1034.58
2022-10-28 06:40:00,1666939200.0,6.4,6.42,6.4,6.41,8708.8
2022-10-28 06:41:00,1666939260.0,6.41,6.42,6.41,6.42,222.4
2022-10-28 06:42:00,1666939320.0,6.41,6.42,6.4,6.41,19873.15
2022-10-28 06:43:00,1666939380.0,6.41,6.41,6.4,6.4,111.44
2022-10-28 06:44:00,1666939440.0,6.41,6.41,6.4,6.4,438.52
2022-10-28 06:45:00,1666939500.0,6.4,6.41,6.4,6.4,4362.02
2022-10-28 06:46:00,1666939560.0,6.41,6.41,6.4,6.41,182.65
2022-10-28 06:47:00,1666939620.0,6.41,6.41,6.4,6.4,157.99
2022-10-28 06:48:00,1666939680.0,6.4,6.41,6.4,6.41,1231.95
2022-10-28 06:49:00,1666939740.0,6.41,6.41,6.4,6.4,600.15
2022-10-28 06:50:00,1666939800.0,6.4,6.4,6.4,6.4,6268.89
2022-10-28 06:51:00,1666939860.0,6.4,6.4,6.39,6.4,194.43
2022-10-28 06:52:00,1666939920.0,6.39,6.39,6.38,6.39,23409.17
2022-10-28 06:53:00,1666939980.0,6.39,6.4,6.38,6.4,841.27
2022-10-28 06:54:00,1666940040.0,6.4,6.4,6.39,6.4,212.66
2022-10-28 06:55:00,1666940100.0,6.4,6.4,6.4,6.4,636.65
2022-10-28 06:56:00,1666940160.0,6.39,6.4,6.39,6.39,156.01
2022-10-28 06:57:00,1666940220.0,6.39,6.39,6.39,6.39,4199.24
2022-10-28 06:58:00,1666940280.0,6.39,6.39,6.38,6.38,303.4
2022-10-28 06:59:00,1666940340.0,6.38,6.39,6.38,6.38,560.64
2022-10-28 07:00:00,1666940400.0,6.39,6.4,6.38,6.38,9667.96
2022-10-28 07:01:00,1666940460.0,6.38,6.38,6.38,6.38,0.0
2022-10-28 07:02:00,1666940520.0,6.38,6.38,6.37,6.38,6207.29
2022-10-28 07:03:00,1666940580.0,6.38,6.39,6.38,6.38,4469.65
2022-10-28 07:04:00,1666940640.0,6.39,6.39,6.39,6.39,6.81
2022-10-28 07:05:00,1666940700.0,6.39,6.39,6.38,6.39,935.16
2022-10-28 07:06:00,1666940760.0,6.39,6.39,6.38,6.39,133.1
2022-10-28 07:07:00,1666940820.0,6.38,6.39,6.38,6.39,110.05
2022-10-28 07:08:00,1666940880.0,6.39,6.39,6.38,6.38,31.41
2022-10-28 07:09:00,1666940940.0,6.38,6.38,6.38,6.38,512.71
2022-10-28 07:10:00,1666941000.0,6.38,6.38,6.38,6.38,93.81
2022-10-28 07:11:00,1666941060.0,6.39,6.39,6.38,6.39,398.61
2022-10-28 07:12:00,1666941120.0,6.39,6.39,6.38,6.39,2541.91
2022-10-28 07:13:00,1666941180.0,6.39,6.39,6.38,6.39,182.46
2022-10-28 07:14:00,1666941240.0,6.38,6.39,6.38,6.39,107.08
2022-10-28 07:15:00,1666941300.0,6.38,6.39,6.38,6.38,77.26
2022-10-28 07:16:00,1666941360.0,6.39,6.39,6.38,6.39,160.54
2022-10-28 07:17:00,1666941420.0,6.38,6.39,6.38,6.38,80.02
2022-10-28 07:18:00,1666941480.0,6.39,6.39,6.37,6.37,4030.38
2022-10-28 07:19:00,1666941540.0,6.38,6.38,6.37,6.37,60.3
2022-10-28 07:20:00,1666941600.0,6.37,6.37,6.36,6.37,21439.36
2022-10-28 07:21:00,1666941660.0,6.37,6.37,6.36,6.36,1550.94
2022-10-28 07:22:00,1666941720.0,6.36,6.37,6.36,6.36,1481.84
2022-10-28 07:23:00,1666941780.0,6.36,6.36,6.36,6.36,2.09
2022-10-28 07:24:00,1666941840.0,6.36,6.37,6.36,6.37,216.25
2022-10-28 07:25:00,1666941900.0,6.36,6.37,6.35,6.36,18339.12
2022-10-28 07:26:00,1666941960.0,6.36,6.37,6.36,6.37,2819.59
2022-10-28 07:27:00,1666942020.0,6.36,6.36,6.36,6.36,82.12
2022-10-28 07:28:00,1666942080.0,6.36,6.36,6.35,6.36,2312.21
2022-10-28 07:29:00,1666942140.0,6.35,6.36,6.34,6.35,13206.34
2022-10-28 07:30:00,1666942200.0,6.35,6.36,6.34,6.35,22732.71
2022-10-28 07:31:00,1666942260.0,6.36,6.36,6.35,6.35,3699.0
2022-10-28 07:32:00,1666942320.0,6.34,6.34,6.33,6.33,20696.99
2022-10-28 07:33:00,1666942380.0,6.33,6.35,6.33,6.35,7971.72
2022-10-28 07:34:00,1666942440.0,6.35,6.36,6.35,6.36,3643.75
2022-10-28 07:35:00,1666942500.0,6.35,6.37,6.35,6.37,4551.8
2022-10-28 07:36:00,1666942560.0,6.36,6.36,6.35,6.35,6391.32
2022-10-28 07:37:00,1666942620.0,6.36,6.36,6.35,6.35,813.97
2022-10-28 07:38:00,1666942680.0,6.35,6.36,6.34,6.34,1462.77
2022-10-28 07:39:00,1666942740.0,6.34,6.35,6.34,6.34,3202.83
2022-10-28 07:40:00,1666942800.0,6.34,6.34,6.34,6.34,197.22
2022-10-28 07:41:00,1666942860.0,6.34,6.35,6.34,6.35,100.54
2022-10-28 07:42:00,1666942920.0,6.34,6.35,6.34,6.35,50.56
2022-10-28 07:43:00,1666942980.0,6.34,6.35,6.34,6.35,503.93
2022-10-28 07:44:00,1666943040.0,6.35,6.35,6.34,6.34,74.97
2022-10-28 07:45:00,1666943100.0,6.35,6.35,6.34,6.35,72.78
2022-10-28 07:46:00,1666943160.0,6.34,6.35,6.34,6.34,6748.47
2022-10-28 07:47:00,1666943220.0,6.34,6.35,6.33,6.33,10589.34
2022-10-28 07:48:00,1666943280.0,6.34,6.34,6.33,6.33,3547.18
2022-10-28 07:49:00,1666943340.0,6.34,6.34,6.33,6.34,776.06
2022-10-28 07:50:00,1666943400.0,6.34,6.35,6.32,6.35,27974.42
2022-10-28 07:51:00,1666943460.0,6.35,6.35,6.34,6.34,606.93
2022-10-28 07:52:00,1666943520.0,6.34,6.36,6.34,6.36,2612.69
2022-10-28 07:53:00,1666943580.0,6.36,6.36,6.34,6.35,26273.56
2022-10-28 07:54:00,1666943640.0,6.35,6.35,6.33,6.34,14919.62
2022-10-28 07:55:00,1666943700.0,6.34,6.35,6.33,6.35,9364.44
2022-10-28 07:56:00,1666943760.0,6.35,6.36,6.35,6.35,1781.39
2022-10-28 07:57:00,1666943820.0,6.35,6.36,6.35,6.35,606.57
2022-10-28 07:58:00,1666943880.0,6.36,6.36,6.35,6.36,865.9
2022-10-28 07:59:00,1666943940.0,6.36,6.37,6.36,6.36,5445.17
2022-10-28 08:00:00,1666944000.0,6.37,6.38,6.36,6.37,6044.23
2022-10-28 08:01:00,1666944060.0,6.37,6.38,6.37,6.37,432.16
2022-10-28 08:02:00,1666944120.0,6.38,6.38,6.37,6.38,1124.98
2022-10-28 08:03:00,1666944180.0,6.37,6.37,6.36,6.37,6936.03
2022-10-28 08:04:00,1666944240.0,6.36,6.37,6.36,6.37,1200.98
2022-10-28 08:05:00,1666944300.0,6.37,6.38,6.37,6.37,5687.64
2022-10-28 08:06:00,1666944360.0,6.37,6.39,6.37,6.38,4721.1
2022-10-28 08:07:00,1666944420.0,6.38,6.4,6.38,6.39,2515.08
2022-10-28 08:08:00,1666944480.0,6.4,6.4,6.39,6.39,7273.55
2022-10-28 08:09:00,1666944540.0,6.4,6.4,6.38,6.4,11808.66
2022-10-28 08:10:00,1666944600.0,6.4,6.4,6.39,6.39,393.91
2022-10-28 08:11:00,1666944660.0,6.39,6.39,6.39,6.39,421.51
2022-10-28 08:12:00,1666944720.0,6.39,6.41,6.39,6.4,10419.05
2022-10-28 08:13:00,1666944780.0,6.4,6.41,6.4,6.41,10188.64
2022-10-28 08:14:00,1666944840.0,6.41,6.41,6.4,6.4,1054.14
2022-10-28 08:15:00,1666944900.0,6.41,6.41,6.4,6.41,1345.47
2022-10-28 08:16:00,1666944960.0,6.41,6.41,6.4,6.4,1352.46
2022-10-28 08:17:00,1666945020.0,6.41,6.41,6.41,6.41,603.21
2022-10-28 08:18:00,1666945080.0,6.41,6.41,6.4,6.4,144.0
2022-10-28 08:19:00,1666945140.0,6.4,6.41,6.4,6.41,184.84
2022-10-28 08:20:00,1666945200.0,6.4,6.41,6.39,6.4,9650.05
2022-10-28 08:21:00,1666945260.0,6.4,6.4,6.39,6.4,250.32
2022-10-28 08:22:00,1666945320.0,6.4,6.4,6.39,6.39,437.62
2022-10-28 08:23:00,1666945380.0,6.39,6.4,6.37,6.39,14639.64
2022-10-28 08:24:00,1666945440.0,6.39,6.4,6.38,6.4,6004.52
2022-10-28 08:25:00,1666945500.0,6.4,6.41,6.4,6.4,611.86
2022-10-28 08:26:00,1666945560.0,6.4,6.41,6.39,6.4,8844.62
2022-10-28 08:27:00,1666945620.0,6.4,6.4,6.39,6.4,297.86
2022-10-28 08:28:00,1666945680.0,6.4,6.4,6.39,6.4,1009.56
2022-10-28 08:29:00,1666945740.0,6.4,6.4,6.39,6.4,43.97
2022-10-28 08:30:00,1666945800.0,6.4,6.4,6.39,6.4,301.22
2022-10-28 08:31:00,1666945860.0,6.4,6.41,6.39,6.4,12275.47
2022-10-28 08:32:00,1666945920.0,6.41,6.41,6.4,6.4,173.74
2022-10-28 08:33:00,1666945980.0,6.41,6.41,6.4,6.4,674.85
2022-10-28 08:34:00,1666946040.0,6.41,6.41,6.4,6.41,1164.92
2022-10-28 08:35:00,1666946100.0,6.41,6.41,6.39,6.39,9297.69
2022-10-28 08:36:00,1666946160.0,6.4,6.4,6.39,6.4,821.64
2022-10-28 08:37:00,1666946220.0,6.4,6.4,6.39,6.39,193.88
2022-10-28 08:38:00,1666946280.0,6.39,6.39,6.39,6.39,1173.48
2022-10-28 08:39:00,1666946340.0,6.39,6.4,6.39,6.39,218.37
2022-10-28 08:40:00,1666946400.0,6.39,6.4,6.39,6.4,319.81
2022-10-28 08:41:00,1666946460.0,6.39,6.4,6.39,6.4,1137.73
2022-10-28 08:42:00,1666946520.0,6.4,6.4,6.4,6.4,1289.09
2022-10-28 08:43:00,1666946580.0,6.4,6.4,6.38,6.39,9592.83
2022-10-28 08:44:00,1666946640.0,6.39,6.4,6.38,6.39,21717.28
2022-10-28 08:45:00,1666946700.0,6.39,6.39,6.38,6.39,2501.37
2022-10-28 08:46:00,1666946760.0,6.39,6.39,6.38,6.39,11330.51
2022-10-28 08:47:00,1666946820.0,6.39,6.4,6.39,6.4,862.34
2022-10-28 08:48:00,1666946880.0,6.39,6.4,6.39,6.39,737.78
2022-10-28 08:49:00,1666946940.0,6.39,6.4,6.39,6.39,1495.4
2022-10-28 08:50:00,1666947000.0,6.39,6.4,6.39,6.39,5945.45
2022-10-28 08:51:00,1666947060.0,6.39,6.39,6.38,6.38,248.12
2022-10-28 08:52:00,1666947120.0,6.39,6.39,6.38,6.39,2836.14
2022-10-28 08:53:00,1666947180.0,6.39,6.4,6.38,6.4,4822.23
2022-10-28 08:54:00,1666947240.0,6.4,6.4,6.39,6.4,393.05
2022-10-28 08:55:00,1666947300.0,6.4,6.4,6.39,6.4,2141.49
2022-10-28 08:56:00,1666947360.0,6.4,6.4,6.39,6.4,1652.01
2022-10-28 08:57:00,1666947420.0,6.4,6.4,6.39,6.4,1405.42
2022-10-28 08:58:00,1666947480.0,6.39,6.4,6.39,6.4,644.12
2022-10-28 08:59:00,1666947540.0,6.4,6.4,6.39,6.4,62.41
2022-10-28 09:00:00,1666947600.0,6.4,6.41,6.39,6.39,16078.06
2022-10-28 09:01:00,1666947660.0,6.39,6.4,6.39,6.4,3260.74
2022-10-28 09:02:00,1666947720.0,6.4,6.4,6.39,6.4,416.69
2022-10-28 09:03:00,1666947780.0,6.4,6.4,6.39,6.39,3262.18
2022-10-28 09:04:00,1666947840.0,6.39,6.39,6.38,6.39,604.48
2022-10-28 09:05:00,1666947900.0,6.39,6.39,6.38,6.38,260.26
2022-10-28 09:06:00,1666947960.0,6.38,6.39,6.38,6.38,3827.57
2022-10-28 09:07:00,1666948020.0,6.39,6.39,6.38,6.38,555.04
2022-10-28 09:08:00,1666948080.0,6.39,6.39,6.38,6.39,34.88
2022-10-28 09:09:00,1666948140.0,6.39,6.39,6.39,6.39,90.42
2022-10-28 09:10:00,1666948200.0,6.38,6.39,6.37,6.38,5810.85
2022-10-28 09:11:00,1666948260.0,6.38,6.38,6.37,6.38,356.72
2022-10-28 09:12:00,1666948320.0,6.38,6.38,6.37,6.37,3776.93
2022-10-28 09:13:00,1666948380.0,6.37,6.37,6.36,6.36,3861.17
2022-10-28 09:14:00,1666948440.0,6.37,6.38,6.37,6.37,8345.57
2022-10-28 09:15:00,1666948500.0,6.38,6.38,6.38,6.38,928.79
2022-10-28 09:16:00,1666948560.0,6.38,6.38,6.37,6.37,2246.16
2022-10-28 09:17:00,1666948620.0,6.37,6.39,6.37,6.39,1439.16
2022-10-28 09:18:00,1666948680.0,6.38,6.39,6.38,6.38,827.54
2022-10-28 09:19:00,1666948740.0,6.38,6.39,6.38,6.38,1475.73
2022-10-28 09:20:00,1666948800.0,6.39,6.4,6.38,6.39,5905.87
2022-10-28 09:21:00,1666948860.0,6.4,6.4,6.38,6.38,9202.54
2022-10-28 09:22:00,1666948920.0,6.38,6.4,6.38,6.39,800.2
2022-10-28 09:23:00,1666948980.0,6.39,6.39,6.39,6.39,1517.98
2022-10-28 09:24:00,1666949040.0,6.39,6.4,6.39,6.4,174.69
2022-10-28 09:25:00,1666949100.0,6.4,6.4,6.4,6.4,222.53
2022-10-28 09:26:00,1666949160.0,6.4,6.4,6.39,6.4,3442.53
2022-10-28 09:27:00,1666949220.0,6.39,6.4,6.39,6.4,35.64
2022-10-28 09:28:00,1666949280.0,6.4,6.4,6.39,6.4,12419.82
2022-10-28 09:29:00,1666949340.0,6.41,6.41,6.4,6.41,594.7
2022-10-28 09:30:00,1666949400.0,6.41,6.41,6.4,6.4,85.2
2022-10-28 09:31:00,1666949460.0,6.41,6.41,6.4,6.41,664.18
2022-10-28 09:32:00,1666949520.0,6.4,6.41,6.4,6.41,53.91
2022-10-28 09:33:00,1666949580.0,6.4,6.41,6.4,6.41,149.31
2022-10-28 09:34:00,1666949640.0,6.4,6.41,6.4,6.41,426.0
2022-10-28 09:35:00,1666949700.0,6.4,6.41,6.4,6.4,6859.45
2022-10-28 09:36:00,1666949760.0,6.4,6.4,6.39,6.39,178.11
2022-10-28 09:37:00,1666949820.0,6.39,6.39,6.39,6.39,2178.91
2022-10-28 09:38:00,1666949880.0,6.4,6.4,6.39,6.39,478.08
2022-10-28 09:39:00,1666949940.0,6.4,6.4,6.39,6.39,41.1
2022-10-28 09:40:00,1666950000.0,6.39,6.39,6.39,6.39,8.75
2022-10-28 09:41:00,1666950060.0,6.4,6.4,6.39,6.39,1223.38
2022-10-28 09:42:00,1666950120.0,6.39,6.39,6.39,6.39,2.0
2022-10-28 09:43:00,1666950180.0,6.4,6.4,6.39,6.39,522.13
2022-10-28 09:44:00,1666950240.0,6.39,6.4,6.39,6.39,1625.33
2022-10-28 09:45:00,1666950300.0,6.4,6.4,6.39,6.4,38.39
2022-10-28 09:46:00,1666950360.0,6.39,6.4,6.39,6.39,2014.12
2022-10-28 09:47:00,1666950420.0,6.4,6.4,6.4,6.4,50.0
2022-10-28 09:48:00,1666950480.0,6.39,6.4,6.39,6.4,1078.53
2022-10-28 09:49:00,1666950540.0,6.39,6.4,6.39,6.39,29.3
2022-10-28 09:50:00,1666950600.0,6.39,6.4,6.38,6.4,14464.84
2022-10-28 09:51:00,1666950660.0,6.39,6.4,6.39,6.39,646.97
2022-10-28 09:52:00,1666950720.0,6.4,6.4,6.39,6.39,4205.31
2022-10-28 09:53:00,1666950780.0,6.39,6.4,6.39,6.4,1256.18
2022-10-28 09:54:00,1666950840.0,6.4,6.4,6.39,6.4,515.83
2022-10-28 09:55:00,1666950900.0,6.39,6.4,6.39,6.39,62.1
2022-10-28 09:56:00,1666950960.0,6.39,6.4,6.39,6.39,510.42
2022-10-28 09:57:00,1666951020.0,6.4,6.4,6.39,6.39,1142.26
2022-10-28 09:58:00,1666951080.0,6.39,6.4,6.39,6.39,3137.45
2022-10-28 09:59:00,1666951140.0,6.4,6.4,6.39,6.39,27.56
2022-10-28 10:00:00,1666951200.0,6.4,6.4,6.4,6.4,228.06
2022-10-28 10:01:00,1666951260.0,6.4,6.4,6.39,6.4,246.54
2022-10-28 10:02:00,1666951320.0,6.39,6.4,6.39,6.4,55.18
2022-10-28 10:03:00,1666951380.0,6.4,6.4,6.39,6.39,934.26
2022-10-28 10:04:00,1666951440.0,6.4,6.4,6.39,6.4,2215.11
2022-10-28 10:05:00,1666951500.0,6.4,6.4,6.39,6.4,147.51
2022-10-28 10:06:00,1666951560.0,6.4,6.4,6.4,6.4,56.39
2022-10-28 10:07:00,1666951620.0,6.39,6.4,6.39,6.39,11366.11
2022-10-28 10:08:00,1666951680.0,6.39,6.39,6.39,6.39,63.51
2022-10-28 10:09:00,1666951740.0,6.39,6.4,6.39,6.39,402.18
2022-10-28 10:10:00,1666951800.0,6.4,6.4,6.39,6.39,286.89
2022-10-28 10:11:00,1666951860.0,6.39,6.4,6.39,6.4,62.07
2022-10-28 10:12:00,1666951920.0,6.39,6.39,6.39,6.39,27.71
2022-10-28 10:13:00,1666951980.0,6.39,6.39,6.39,6.39,0.0
2022-10-28 10:14:00,1666952040.0,6.39,6.4,6.39,6.4,255.52
2022-10-28 10:15:00,1666952100.0,6.4,6.4,6.39,6.4,62.14
2022-10-28 10:16:00,1666952160.0,6.39,6.39,6.39,6.39,2599.99
2022-10-28 10:17:00,1666952220.0,6.39,6.39,6.38,6.39,128.06
2022-10-28 10:18:00,1666952280.0,6.39,6.4,6.38,6.4,6063.6
2022-10-28 10:19:00,1666952340.0,6.4,6.4,6.4,6.4,0.0
2022-10-28 10:20:00,1666952400.0,6.39,6.4,6.39,6.4,198.39
2022-10-28 10:21:00,1666952460.0,6.4,6.41,6.39,6.41,6758.51
2022-10-28 10:22:00,1666952520.0,6.4,6.41,6.4,6.4,3312.88
2022-10-28 10:23:00,1666952580.0,6.4,6.41,6.4,6.41,205.49
2022-10-28 10:24:00,1666952640.0,6.41,6.41,6.41,6.41,355.34
2022-10-28 10:25:00,1666952700.0,6.41,6.41,6.41,6.41,249.96
2022-10-28 10:26:00,1666952760.0,6.4,6.41,6.4,6.4,11891.61
2022-10-28 10:27:00,1666952820.0,6.41,6.41,6.4,6.41,534.47
2022-10-28 10:28:00,1666952880.0,6.4,6.41,6.4,6.41,48.96
2022-10-28 10:29:00,1666952940.0,6.4,6.41,6.4,6.41,439.22
2022-10-28 10:30:00,1666953000.0,6.4,6.41,6.4,6.4,7421.57
2022-10-28 10:31:00,1666953060.0,6.4,6.41,6.4,6.4,30.48
2022-10-28 10:32:00,1666953120.0,6.41,6.41,6.4,6.4,30.69
2022-10-28 10:33:00,1666953180.0,6.41,6.41,6.4,6.4,474.67
2022-10-28 10:34:00,1666953240.0,6.4,6.41,6.4,6.4,8877.84
2022-10-28 10:35:00,1666953300.0,6.4,6.41,6.4,6.41,189.43
2022-10-28 10:36:00,1666953360.0,6.41,6.41,6.4,6.4,103.14
2022-10-28 10:37:00,1666953420.0,6.4,6.4,6.4,6.4,129.4
2022-10-28 10:38:00,1666953480.0,6.41,6.41,6.4,6.41,6779.09
2022-10-28 10:39:00,1666953540.0,6.4,6.4,6.39,6.39,4488.12
2022-10-28 10:40:00,1666953600.0,6.4,6.41,6.39,6.4,2564.55
2022-10-28 10:41:00,1666953660.0,6.4,6.41,6.4,6.41,63.54
2022-10-28 10:42:00,1666953720.0,6.4,6.41,6.39,6.4,6099.79
2022-10-28 10:43:00,1666953780.0,6.39,6.4,6.39,6.39,530.5
2022-10-28 10:44:00,1666953840.0,6.4,6.4,6.4,6.4,2.0
2022-10-28 10:45:00,1666953900.0,6.4,6.4,6.39,6.39,66.78
2022-10-28 10:46:00,1666953960.0,6.39,6.4,6.39,6.39,1503.06
2022-10-28 10:47:00,1666954020.0,6.39,6.39,6.38,6.38,3093.28
2022-10-28 10:48:00,1666954080.0,6.38,6.38,6.37,6.38,16937.84
2022-10-28 10:49:00,1666954140.0,6.38,6.39,6.38,6.38,1489.34
2022-10-28 10:50:00,1666954200.0,6.37,6.38,6.36,6.36,1382.57
2022-10-28 10:51:00,1666954260.0,6.37,6.38,6.37,6.38,5398.59
2022-10-28 10:52:00,1666954320.0,6.38,6.38,6.37,6.38,7267.27
2022-10-28 10:53:00,1666954380.0,6.37,6.39,6.37,6.38,3451.47
2022-10-28 10:54:00,1666954440.0,6.38,6.38,6.37,6.37,206.5
2022-10-28 10:55:00,1666954500.0,6.37,6.39,6.37,6.39,4815.99
2022-10-28 10:56:00,1666954560.0,6.39,6.39,6.38,6.39,3633.14
2022-10-28 10:57:00,1666954620.0,6.38,6.4,6.38,6.4,6817.53
2022-10-28 10:58:00,1666954680.0,6.4,6.4,6.4,6.4,0.0
2022-10-28 10:59:00,1666954740.0,6.4,6.4,6.39,6.39,152.71
2022-10-28 11:00:00,1666954800.0,6.4,6.4,6.39,6.4,29.55
2022-10-28 11:01:00,1666954860.0,6.39,6.39,6.38,6.38,7841.28
2022-10-28 11:02:00,1666954920.0,6.38,6.39,6.38,6.39,56.48
2022-10-28 11:03:00,1666954980.0,6.38,6.39,6.37,6.37,6803.89
2022-10-28 11:04:00,1666955040.0,6.37,6.38,6.37,6.38,1059.53
2022-10-28 11:05:00,1666955100.0,6.37,6.38,6.37,6.37,3552.35
2022-10-28 11:06:00,1666955160.0,6.37,6.37,6.36,6.37,5470.74
2022-10-28 11:07:00,1666955220.0,6.36,6.37,6.36,6.37,414.11
2022-10-28 11:08:00,1666955280.0,6.36,6.36,6.36,6.36,331.65
2022-10-28 11:09:00,1666955340.0,6.37,6.38,6.36,6.37,9706.69
2022-10-28 11:10:00,1666955400.0,6.37,6.38,6.37,6.37,2542.86
2022-10-28 11:11:00,1666955460.0,6.37,6.38,6.37,6.37,4643.78
2022-10-28 11:12:00,1666955520.0,6.37,6.37,6.37,6.37,447.17
2022-10-28 11:13:00,1666955580.0,6.36,6.36,6.36,6.36,429.78
2022-10-28 11:14:00,1666955640.0,6.36,6.37,6.36,6.37,1306.78
2022-10-28 11:15:00,1666955700.0,6.37,6.38,6.36,6.38,7888.94
2022-10-28 11:16:00,1666955760.0,6.37,6.37,6.36,6.37,516.58
2022-10-28 11:17:00,1666955820.0,6.37,6.38,6.37,6.38,5597.08
2022-10-28 11:18:00,1666955880.0,6.38,6.38,6.37,6.38,298.69
2022-10-28 11:19:00,1666955940.0,6.38,6.38,6.37,6.38,166.61
2022-10-28 11:20:00,1666956000.0,6.37,6.38,6.37,6.38,1546.83
2022-10-28 11:21:00,1666956060.0,6.38,6.38,6.37,6.37,39.19
2022-10-28 11:22:00,1666956120.0,6.37,6.38,6.37,6.38,4085.82
2022-10-28 11:23:00,1666956180.0,6.37,6.37,6.37,6.37,205.3
2022-10-28 11:24:00,1666956240.0,6.37,6.39,6.37,6.38,1340.71
2022-10-28 11:25:00,1666956300.0,6.38,6.38,6.38,6.38,10.52
2022-10-28 11:26:00,1666956360.0,6.38,6.39,6.38,6.38,1435.02
2022-10-28 11:27:00,1666956420.0,6.39,6.39,6.38,6.39,285.64
2022-10-28 11:28:00,1666956480.0,6.39,6.4,6.39,6.39,819.47
2022-10-28 11:29:00,1666956540.0,6.4,6.4,6.39,6.4,18.95
2022-10-28 11:30:00,1666956600.0,6.39,6.4,6.39,6.39,79.15
2022-10-28 11:31:00,1666956660.0,6.4,6.4,6.39,6.4,243.33
2022-10-28 11:32:00,1666956720.0,6.39,6.4,6.39,6.39,110.93
2022-10-28 11:33:00,1666956780.0,6.39,6.4,6.39,6.4,3820.29
2022-10-28 11:34:00,1666956840.0,6.4,6.4,6.39,6.4,3365.66
2022-10-28 11:35:00,1666956900.0,6.39,6.4,6.39,6.39,51.83
2022-10-28 11:36:00,1666956960.0,6.39,6.41,6.39,6.4,3344.96
2022-10-28 11:37:00,1666957020.0,6.39,6.4,6.39,6.4,412.38
2022-10-28 11:38:00,1666957080.0,6.39,6.4,6.39,6.4,412.66
2022-10-28 11:39:00,1666957140.0,6.4,6.4,6.39,6.39,252.69
2022-10-28 11:40:00,1666957200.0,6.39,6.4,6.38,6.38,16378.22
2022-10-28 11:41:00,1666957260.0,6.39,6.4,6.39,6.39,1556.38
2022-10-28 11:42:00,1666957320.0,6.39,6.4,6.39,6.4,846.13
2022-10-28 11:43:00,1666957380.0,6.4,6.4,6.39,6.39,26.67
2022-10-28 11:44:00,1666957440.0,6.39,6.39,6.39,6.39,30.5
2022-10-28 11:45:00,1666957500.0,6.4,6.4,6.4,6.4,167.32
2022-10-28 11:46:00,1666957560.0,6.39,6.39,6.39,6.39,46.59
2022-10-28 11:47:00,1666957620.0,6.39,6.39,6.39,6.39,30.82
2022-10-28 11:48:00,1666957680.0,6.4,6.4,6.39,6.39,181.42
2022-10-28 11:49:00,1666957740.0,6.39,6.39,6.38,6.39,7293.02
2022-10-28 11:50:00,1666957800.0,6.39,6.39,6.38,6.39,280.74
2022-10-28 11:51:00,1666957860.0,6.38,6.38,6.38,6.38,2541.91
2022-10-28 11:52:00,1666957920.0,6.38,6.39,6.37,6.39,5892.7
2022-10-28 11:53:00,1666957980.0,6.38,6.38,6.38,6.38,14.13
2022-10-28 11:54:00,1666958040.0,6.38,6.39,6.38,6.39,312.18
2022-10-28 11:55:00,1666958100.0,6.39,6.39,6.38,6.38,55.53
2022-10-28 11:56:00,1666958160.0,6.39,6.39,6.38,6.39,1114.46
2022-10-28 11:57:00,1666958220.0,6.39,6.39,6.38,6.38,55.66
2022-10-28 11:58:00,1666958280.0,6.39,6.39,6.38,6.38,247.66
2022-10-28 11:59:00,1666958340.0,6.38,6.38,6.37,6.37,4988.75
2022-10-28 12:00:00,1666958400.0,6.38,6.38,6.37,6.37,322.45
2022-10-28 12:01:00,1666958460.0,6.37,6.37,6.37,6.37,14.64
2022-10-28 12:02:00,1666958520.0,6.37,6.38,6.37,6.38,136.87
2022-10-28 12:03:00,1666958580.0,6.38,6.39,6.38,6.38,3356.51
2022-10-28 12:04:00,1666958640.0,6.38,6.39,6.38,6.39,25.0
2022-10-28 12:05:00,1666958700.0,6.38,6.38,6.37,6.37,2410.29
2022-10-28 12:06:00,1666958760.0,6.37,6.37,6.36,6.36,7797.34
2022-10-28 12:07:00,1666958820.0,6.37,6.37,6.36,6.36,525.48
2022-10-28 12:08:00,1666958880.0,6.37,6.37,6.36,6.37,531.49
2022-10-28 12:09:00,1666958940.0,6.36,6.37,6.36,6.36,114.77
2022-10-28 12:10:00,1666959000.0,6.37,6.37,6.36,6.36,174.46
2022-10-28 12:11:00,1666959060.0,6.36,6.36,6.35,6.36,2846.43
2022-10-28 12:12:00,1666959120.0,6.36,6.36,6.35,6.36,137.64
2022-10-28 12:13:00,1666959180.0,6.35,6.37,6.35,6.36,9149.2
2022-10-28 12:14:00,1666959240.0,6.36,6.37,6.36,6.36,1818.72
2022-10-28 12:15:00,1666959300.0,6.36,6.36,6.35,6.35,30.97
2022-10-28 12:16:00,1666959360.0,6.35,6.36,6.34,6.34,5237.65
2022-10-28 12:17:00,1666959420.0,6.34,6.35,6.34,6.35,959.2
2022-10-28 12:18:00,1666959480.0,6.35,6.37,6.35,6.36,12929.6
2022-10-28 12:19:00,1666959540.0,6.36,6.37,6.36,6.37,220.65
2022-10-28 12:20:00,1666959600.0,6.36,6.36,6.36,6.36,31.42
2022-10-28 12:21:00,1666959660.0,6.36,6.37,6.36,6.36,80.28
2022-10-28 12:22:00,1666959720.0,6.37,6.37,6.37,6.37,6.46
2022-10-28 12:23:00,1666959780.0,6.37,6.37,6.36,6.37,48.72
2022-10-28 12:24:00,1666959840.0,6.36,6.36,6.35,6.36,3388.33
2022-10-28 12:25:00,1666959900.0,6.36,6.36,6.36,6.36,41.25
2022-10-28 12:26:00,1666959960.0,6.35,6.36,6.34,6.35,8857.93
2022-10-28 12:27:00,1666960020.0,6.36,6.36,6.36,6.36,285.31
2022-10-28 12:28:00,1666960080.0,6.36,6.36,6.35,6.35,380.03
2022-10-28 12:29:00,1666960140.0,6.35,6.36,6.35,6.36,2131.58
2022-10-28 12:30:00,1666960200.0,6.35,6.39,6.33,6.39,111367.88
2022-10-28 12:31:00,1666960260.0,6.39,6.4,6.38,6.4,10297.17
2022-10-28 12:32:00,1666960320.0,6.39,6.41,6.39,6.4,11212.48
2022-10-28 12:33:00,1666960380.0,6.4,6.42,6.39,6.41,15186.37
2022-10-28 12:34:00,1666960440.0,6.41,6.42,6.4,6.4,4507.87
2022-10-28 12:35:00,1666960500.0,6.4,6.4,6.38,6.38,3519.66
2022-10-28 12:36:00,1666960560.0,6.39,6.39,6.37,6.37,18018.93
2022-10-28 12:37:00,1666960620.0,6.38,6.39,6.38,6.38,10418.18
2022-10-28 12:38:00,1666960680.0,6.39,6.39,6.39,6.39,33.4
2022-10-28 12:39:00,1666960740.0,6.39,6.4,6.39,6.39,2292.91
2022-10-28 12:40:00,1666960800.0,6.39,6.39,6.38,6.38,7610.6
2022-10-28 12:41:00,1666960860.0,6.39,6.39,6.39,6.39,5934.93
2022-10-28 12:42:00,1666960920.0,6.39,6.4,6.39,6.4,2768.7
2022-10-28 12:43:00,1666960980.0,6.39,6.4,6.38,6.39,8591.94
2022-10-28 12:44:00,1666961040.0,6.38,6.4,6.38,6.4,5259.97
2022-10-28 12:45:00,1666961100.0,6.39,6.4,6.39,6.39,15905.23
2022-10-28 12:46:00,1666961160.0,6.39,6.39,6.38,6.39,4494.74
2022-10-28 12:47:00,1666961220.0,6.38,6.39,6.37,6.38,3934.46
2022-10-28 12:48:00,1666961280.0,6.38,6.38,6.37,6.38,859.49
2022-10-28 12:49:00,1666961340.0,6.38,6.38,6.37,6.38,257.05
2022-10-28 12:50:00,1666961400.0,6.38,6.38,6.37,6.38,931.55
2022-10-28 12:51:00,1666961460.0,6.38,6.39,6.38,6.38,12884.73
2022-10-28 12:52:00,1666961520.0,6.38,6.39,6.38,6.38,74.91
2022-10-28 12:53:00,1666961580.0,6.39,6.39,6.38,6.38,2142.75
2022-10-28 12:54:00,1666961640.0,6.38,6.39,6.38,6.39,4390.04
2022-10-28 12:55:00,1666961700.0,6.38,6.39,6.38,6.38,9.83
2022-10-28 12:56:00,1666961760.0,6.39,6.39,6.38,6.38,29.16
2022-10-28 12:57:00,1666961820.0,6.38,6.38,6.37,6.38,6389.69
2022-10-28 12:58:00,1666961880.0,6.38,6.4,6.38,6.4,3960.82
2022-10-28 12:59:00,1666961940.0,6.39,6.4,6.39,6.4,51.44
2022-10-28 13:00:00,1666962000.0,6.4,6.4,6.4,6.4,65.91
2022-10-28 13:01:00,1666962060.0,6.4,6.4,6.39,6.39,8558.81
2022-10-28 13:02:00,1666962120.0,6.4,6.41,6.39,6.41,8131.01
2022-10-28 13:03:00,1666962180.0,6.41,6.41,6.4,6.41,916.23
2022-10-28 13:04:00,1666962240.0,6.41,6.41,6.41,6.41,496.8
2022-10-28 13:05:00,1666962300.0,6.4,6.42,6.4,6.41,20615.83
2022-10-28 13:06:00,1666962360.0,6.42,6.43,6.41,6.43,23368.84
2022-10-28 13:07:00,1666962420.0,6.43,6.44,6.43,6.44,776.65
2022-10-28 13:08:00,1666962480.0,6.44,6.44,6.43,6.43,794.87
2022-10-28 13:09:00,1666962540.0,6.44,6.44,6.43,6.43,229.3
2022-10-28 13:10:00,1666962600.0,6.44,6.44,6.43,6.44,2181.2
2022-10-28 13:11:00,1666962660.0,6.43,6.44,6.43,6.44,6167.92
2022-10-28 13:12:00,1666962720.0,6.44,6.45,6.43,6.44,12089.6
2022-10-28 13:13:00,1666962780.0,6.44,6.45,6.44,6.45,3173.85
2022-10-28 13:14:00,1666962840.0,6.44,6.44,6.43,6.43,6644.86
2022-10-28 13:15:00,1666962900.0,6.44,6.44,6.42,6.43,10995.9
2022-10-28 13:16:00,1666962960.0,6.43,6.45,6.43,6.44,1671.0
2022-10-28 13:17:00,1666963020.0,6.44,6.46,6.44,6.45,2782.87
2022-10-28 13:18:00,1666963080.0,6.46,6.47,6.45,6.47,20196.27
2022-10-28 13:19:00,1666963140.0,6.47,6.48,6.46,6.47,15882.48
2022-10-28 13:20:00,1666963200.0,6.48,6.48,6.46,6.46,13947.85
2022-10-28 13:21:00,1666963260.0,6.46,6.47,6.45,6.45,5148.95
2022-10-28 13:22:00,1666963320.0,6.45,6.47,6.45,6.46,9491.23
2022-10-28 13:23:00,1666963380.0,6.47,6.47,6.45,6.46,6296.94
2022-10-28 13:24:00,1666963440.0,6.45,6.45,6.43,6.43,40255.23
2022-10-28 13:25:00,1666963500.0,6.44,6.44,6.43,6.44,14223.32
2022-10-28 13:26:00,1666963560.0,6.43,6.45,6.43,6.44,4396.59
2022-10-28 13:27:00,1666963620.0,6.44,6.45,6.44,6.45,5228.02
2022-10-28 13:28:00,1666963680.0,6.45,6.45,6.43,6.44,3696.61
2022-10-28 13:29:00,1666963740.0,6.43,6.44,6.43,6.44,394.52
2022-10-28 13:30:00,1666963800.0,6.44,6.45,6.44,6.45,4780.78
2022-10-28 13:31:00,1666963860.0,6.44,6.47,6.44,6.47,13808.79
2022-10-28 13:32:00,1666963920.0,6.46,6.48,6.46,6.46,8229.02
2022-10-28 13:33:00,1666963980.0,6.47,6.48,6.46,6.47,18390.2
2022-10-28 13:34:00,1666964040.0,6.47,6.49,6.46,6.48,7546.51
2022-10-28 13:35:00,1666964100.0,6.47,6.49,6.47,6.48,9946.12
2022-10-28 13:36:00,1666964160.0,6.48,6.49,6.48,6.49,1610.09
2022-10-28 13:37:00,1666964220.0,6.48,6.48,6.46,6.46,10752.45
2022-10-28 13:38:00,1666964280.0,6.46,6.47,6.45,6.46,17073.64
2022-10-28 13:39:00,1666964340.0,6.47,6.47,6.45,6.47,3158.75
2022-10-28 13:40:00,1666964400.0,6.47,6.48,6.47,6.47,1028.08
2022-10-28 13:41:00,1666964460.0,6.47,6.48,6.47,6.47,602.73
2022-10-28 13:42:00,1666964520.0,6.48,6.49,6.47,6.47,10012.2
2022-10-28 13:43:00,1666964580.0,6.47,6.49,6.47,6.49,6518.03
2022-10-28 13:44:00,1666964640.0,6.49,6.49,6.48,6.48,8431.49
2022-10-28 13:45:00,1666964700.0,6.48,6.49,6.46,6.46,9023.82
2022-10-28 13:46:00,1666964760.0,6.46,6.48,6.45,6.47,7117.98
2022-10-28 13:47:00,1666964820.0,6.46,6.48,6.46,6.47,7092.71
2022-10-28 13:48:00,1666964880.0,6.47,6.48,6.46,6.46,4837.57
2022-10-28 13:49:00,1666964940.0,6.46,6.48,6.46,6.48,6572.62
2022-10-28 13:50:00,1666965000.0,6.47,6.48,6.46,6.47,4659.27
2022-10-28 13:51:00,1666965060.0,6.47,6.48,6.47,6.47,982.71
2022-10-28 13:52:00,1666965120.0,6.48,6.48,6.46,6.47,1777.24
2022-10-28 13:53:00,1666965180.0,6.47,6.47,6.46,6.47,2386.56
2022-10-28 13:54:00,1666965240.0,6.47,6.47,6.46,6.47,6339.85
2022-10-28 13:55:00,1666965300.0,6.46,6.48,6.46,6.48,5164.86
2022-10-28 13:56:00,1666965360.0,6.48,6.48,6.46,6.46,3625.09
2022-10-28 13:57:00,1666965420.0,6.46,6.47,6.46,6.46,1425.85
2022-10-28 13:58:00,1666965480.0,6.46,6.47,6.46,6.47,1084.4
2022-10-28 13:59:00,1666965540.0,6.47,6.47,6.44,6.45,14650.99
2022-10-28 14:00:00,1666965600.0,6.45,6.46,6.45,6.46,17704.05
2022-10-28 14:01:00,1666965660.0,6.46,6.47,6.46,6.46,3318.51
2022-10-28 14:02:00,1666965720.0,6.46,6.46,6.45,6.45,11702.2
2022-10-28 14:03:00,1666965780.0,6.45,6.45,6.43,6.44,1281.17
2022-10-28 14:04:00,1666965840.0,6.43,6.47,6.43,6.45,41537.31
2022-10-28 14:05:00,1666965900.0,6.46,6.47,6.44,6.45,29900.5
2022-10-28 14:06:00,1666965960.0,6.45,6.45,6.43,6.44,3205.91
2022-10-28 14:07:00,1666966020.0,6.44,6.45,6.44,6.44,8343.4
2022-10-28 14:08:00,1666966080.0,6.44,6.44,6.42,6.43,27451.59
2022-10-28 14:09:00,1666966140.0,6.42,6.44,6.42,6.43,5880.15
2022-10-28 14:10:00,1666966200.0,6.43,6.44,6.42,6.43,17395.4
2022-10-28 14:11:00,1666966260.0,6.42,6.43,6.41,6.41,10732.65
2022-10-28 14:12:00,1666966320.0,6.41,6.42,6.4,6.4,15469.97
2022-10-28 14:13:00,1666966380.0,6.4,6.42,6.4,6.42,2198.76
2022-10-28 14:14:00,1666966440.0,6.42,6.43,6.41,6.43,6909.66
2022-10-28 14:15:00,1666966500.0,6.43,6.44,6.42,6.44,2244.67
2022-10-28 14:16:00,1666966560.0,6.44,6.44,6.44,6.44,651.41
2022-10-28 14:17:00,1666966620.0,6.44,6.45,6.44,6.44,3271.55
2022-10-28 14:18:00,1666966680.0,6.44,6.45,6.43,6.44,8131.71
2022-10-28 14:19:00,1666966740.0,6.43,6.44,6.43,6.44,755.1
2022-10-28 14:20:00,1666966800.0,6.43,6.45,6.43,6.45,5312.68
2022-10-28 14:21:00,1666966860.0,6.45,6.45,6.43,6.43,3387.57
2022-10-28 14:22:00,1666966920.0,6.43,6.44,6.43,6.44,50.86
2022-10-28 14:23:00,1666966980.0,6.43,6.45,6.43,6.43,3920.3
2022-10-28 14:24:00,1666967040.0,6.44,6.44,6.43,6.43,248.83
2022-10-28 14:25:00,1666967100.0,6.44,6.46,6.44,6.46,12860.8
2022-10-28 14:26:00,1666967160.0,6.46,6.47,6.45,6.46,3086.75
2022-10-28 14:27:00,1666967220.0,6.46,6.47,6.46,6.46,17817.58
2022-10-28 14:28:00,1666967280.0,6.46,6.46,6.45,6.46,84.76
2022-10-28 14:29:00,1666967340.0,6.46,6.46,6.45,6.45,303.35
2022-10-28 14:30:00,1666967400.0,6.46,6.46,6.45,6.46,12465.0
2022-10-28 14:31:00,1666967460.0,6.46,6.47,6.45,6.47,4332.16
2022-10-28 14:32:00,1666967520.0,6.46,6.47,6.45,6.45,10151.96
2022-10-28 14:33:00,1666967580.0,6.46,6.46,6.45,6.45,7597.56
2022-10-28 14:34:00,1666967640.0,6.45,6.46,6.45,6.45,7421.42
2022-10-28 14:35:00,1666967700.0,6.45,6.45,6.44,6.45,1872.68
2022-10-28 14:36:00,1666967760.0,6.44,6.44,6.43,6.44,19773.56
2022-10-28 14:37:00,1666967820.0,6.44,6.45,6.43,6.44,13959.98
2022-10-28 14:38:00,1666967880.0,6.43,6.45,6.43,6.44,6205.18
2022-10-28 14:39:00,1666967940.0,6.44,6.44,6.43,6.44,609.6
2022-10-28 14:40:00,1666968000.0,6.44,6.45,6.44,6.44,4366.22
2022-10-28 14:41:00,1666968060.0,6.44,6.44,6.43,6.43,6063.82
2022-10-28 14:42:00,1666968120.0,6.44,6.45,6.44,6.45,8397.66
2022-10-28 14:43:00,1666968180.0,6.44,6.45,6.44,6.45,1369.82
2022-10-28 14:44:00,1666968240.0,6.45,6.46,6.45,6.46,11268.45
2022-10-28 14:45:00,1666968300.0,6.46,6.46,6.45,6.45,585.64
2022-10-28 14:46:00,1666968360.0,6.45,6.46,6.45,6.46,326.29
2022-10-28 14:47:00,1666968420.0,6.46,6.47,6.46,6.47,12742.1
2022-10-28 14:48:00,1666968480.0,6.47,6.47,6.45,6.46,7011.74
2022-10-28 14:49:00,1666968540.0,6.46,6.46,6.46,6.46,6.1
2022-10-28 14:50:00,1666968600.0,6.46,6.47,6.45,6.46,8000.18
2022-10-28 14:51:00,1666968660.0,6.46,6.46,6.44,6.44,4344.85
2022-10-28 14:52:00,1666968720.0,6.44,6.45,6.44,6.44,10.1
2022-10-28 14:53:00,1666968780.0,6.45,6.45,6.44,6.44,8592.76
2022-10-28 14:54:00,1666968840.0,6.44,6.46,6.44,6.45,8194.71
2022-10-28 14:55:00,1666968900.0,6.45,6.46,6.45,6.45,5623.01
2022-10-28 14:56:00,1666968960.0,6.46,6.46,6.45,6.45,4699.14
2022-10-28 14:57:00,1666969020.0,6.45,6.46,6.45,6.45,7332.84
2022-10-28 14:58:00,1666969080.0,6.45,6.45,6.44,6.45,3502.66
2022-10-28 14:59:00,1666969140.0,6.45,6.46,6.45,6.46,5024.64
2022-10-28 15:00:00,1666969200.0,6.46,6.46,6.45,6.45,4309.67
2022-10-28 15:01:00,1666969260.0,6.45,6.45,6.44,6.44,3208.03
2022-10-28 15:02:00,1666969320.0,6.44,6.44,6.43,6.43,1164.99
2022-10-28 15:03:00,1666969380.0,6.44,6.44,6.43,6.43,5495.56
2022-10-28 15:04:00,1666969440.0,6.44,6.45,6.43,6.45,2279.86
2022-10-28 15:05:00,1666969500.0,6.44,6.44,6.44,6.44,1598.77
2022-10-28 15:06:00,1666969560.0,6.43,6.44,6.43,6.44,8229.3
2022-10-28 15:07:00,1666969620.0,6.44,6.45,6.44,6.44,3545.14
2022-10-28 15:08:00,1666969680.0,6.45,6.45,6.45,6.45,21.67
2022-10-28 15:09:00,1666969740.0,6.45,6.45,6.44,6.45,789.25
2022-10-28 15:10:00,1666969800.0,6.45,6.45,6.44,6.45,2734.64
2022-10-28 15:11:00,1666969860.0,6.46,6.46,6.45,6.45,572.57
2022-10-28 15:12:00,1666969920.0,6.45,6.46,6.45,6.45,1164.6
2022-10-28 15:13:00,1666969980.0,6.44,6.45,6.44,6.45,49.94
2022-10-28 15:14:00,1666970040.0,6.44,6.44,6.43,6.43,6677.45
2022-10-28 15:15:00,1666970100.0,6.44,6.44,6.43,6.44,1664.38
2022-10-28 15:16:00,1666970160.0,6.44,6.45,6.43,6.44,6991.6
2022-10-28 15:17:00,1666970220.0,6.44,6.44,6.43,6.43,447.72
2022-10-28 15:18:00,1666970280.0,6.43,6.44,6.43,6.44,21.9
2022-10-28 15:19:00,1666970340.0,6.43,6.44,6.43,6.44,142.0
2022-10-28 15:20:00,1666970400.0,6.44,6.44,6.43,6.44,3507.49
2022-10-28 15:21:00,1666970460.0,6.44,6.44,6.43,6.44,46.23
2022-10-28 15:22:00,1666970520.0,6.44,6.44,6.44,6.44,30.75
2022-10-28 15:23:00,1666970580.0,6.44,6.44,6.43,6.43,158.04
2022-10-28 15:24:00,1666970640.0,6.43,6.44,6.43,6.43,364.43
2022-10-28 15:25:00,1666970700.0,6.43,6.44,6.42,6.44,7836.63
2022-10-28 15:26:00,1666970760.0,6.43,6.44,6.43,6.44,6551.54
2022-10-28 15:27:00,1666970820.0,6.43,6.44,6.42,6.42,7240.96
2022-10-28 15:28:00,1666970880.0,6.43,6.44,6.42,6.43,4972.73
2022-10-28 15:29:00,1666970940.0,6.44,6.44,6.42,6.43,8234.62
2022-10-28 15:30:00,1666971000.0,6.43,6.43,6.42,6.43,5003.21
2022-10-28 15:31:00,1666971060.0,6.42,6.43,6.42,6.43,352.19
2022-10-28 15:32:00,1666971120.0,6.43,6.43,6.42,6.42,110.9
2022-10-28 15:33:00,1666971180.0,6.43,6.43,6.43,6.43,150.4
2022-10-28 15:34:00,1666971240.0,6.42,6.43,6.42,6.42,6401.48
2022-10-28 15:35:00,1666971300.0,6.42,6.43,6.42,6.43,1967.53
2022-10-28 15:36:00,1666971360.0,6.42,6.43,6.42,6.43,23.03
2022-10-28 15:37:00,1666971420.0,6.43,6.43,6.42,6.43,60.22
2022-10-28 15:38:00,1666971480.0,6.43,6.43,6.42,6.43,96.96
2022-10-28 15:39:00,1666971540.0,6.43,6.44,6.43,6.43,7416.98
2022-10-28 15:40:00,1666971600.0,6.43,6.44,6.43,6.44,1021.3
2022-10-28 15:41:00,1666971660.0,6.44,6.45,6.44,6.44,823.11
2022-10-28 15:42:00,1666971720.0,6.44,6.44,6.43,6.43,6900.3
2022-10-28 15:43:00,1666971780.0,6.44,6.44,6.43,6.44,178.07
2022-10-28 15:44:00,1666971840.0,6.43,6.45,6.43,6.45,3598.25
2022-10-28 15:45:00,1666971900.0,6.45,6.45,6.44,6.45,38.63
2022-10-28 15:46:00,1666971960.0,6.45,6.45,6.44,6.45,532.47
2022-10-28 15:47:00,1666972020.0,6.44,6.44,6.43,6.44,3406.81
2022-10-28 15:48:00,1666972080.0,6.44,6.44,6.43,6.44,407.11
2022-10-28 15:49:00,1666972140.0,6.44,6.44,6.44,6.44,543.61
2022-10-28 15:50:00,1666972200.0,6.43,6.44,6.43,6.43,26.81
2022-10-28 15:51:00,1666972260.0,6.44,6.44,6.43,6.44,825.61
2022-10-28 15:52:00,1666972320.0,6.44,6.44,6.43,6.43,1067.76
2022-10-28 15:53:00,1666972380.0,6.43,6.44,6.43,6.44,325.65
2022-10-28 15:54:00,1666972440.0,6.44,6.44,6.44,6.44,390.62
2022-10-28 15:55:00,1666972500.0,6.44,6.45,6.43,6.45,2321.1
2022-10-28 15:56:00,1666972560.0,6.45,6.45,6.44,6.45,423.19
2022-10-28 15:57:00,1666972620.0,6.45,6.45,6.44,6.44,379.29
2022-10-28 15:58:00,1666972680.0,6.44,6.44,6.43,6.44,4194.42
2022-10-28 15:59:00,1666972740.0,6.44,6.45,6.43,6.44,8285.41
2022-10-28 16:00:00,1666972800.0,6.45,6.45,6.44,6.45,666.13
2022-10-28 16:01:00,1666972860.0,6.45,6.46,6.44,6.46,9361.71
2022-10-28 16:02:00,1666972920.0,6.46,6.47,6.45,6.45,9356.76
2022-10-28 16:03:00,1666972980.0,6.45,6.46,6.45,6.46,646.84
2022-10-28 16:04:00,1666973040.0,6.46,6.47,6.45,6.47,13007.5
2022-10-28 16:05:00,1666973100.0,6.46,6.47,6.45,6.45,8211.9
2022-10-28 16:06:00,1666973160.0,6.46,6.46,6.45,6.45,4453.84
2022-10-28 16:07:00,1666973220.0,6.44,6.45,6.43,6.45,15539.83
2022-10-28 16:08:00,1666973280.0,6.44,6.46,6.44,6.46,9415.06
2022-10-28 16:09:00,1666973340.0,6.46,6.46,6.45,6.45,1732.52
2022-10-28 16:10:00,1666973400.0,6.45,6.45,6.44,6.44,228.08
2022-10-28 16:11:00,1666973460.0,6.45,6.45,6.45,6.45,7590.07
2022-10-28 16:12:00,1666973520.0,6.45,6.46,6.45,6.45,624.67
2022-10-28 16:13:00,1666973580.0,6.46,6.47,6.46,6.47,2974.57
2022-10-28 16:14:00,1666973640.0,6.47,6.48,6.46,6.47,2608.47
2022-10-28 16:15:00,1666973700.0,6.47,6.48,6.47,6.48,514.19
2022-10-28 16:16:00,1666973760.0,6.47,6.49,6.47,6.48,34221.85
2022-10-28 16:17:00,1666973820.0,6.48,6.49,6.48,6.48,3266.8
2022-10-28 16:18:00,1666973880.0,6.48,6.49,6.48,6.48,168.26
2022-10-28 16:19:00,1666973940.0,6.48,6.49,6.48,6.48,302.72
2022-10-28 16:20:00,1666974000.0,6.49,6.49,6.48,6.49,426.8
2022-10-28 16:21:00,1666974060.0,6.48,6.49,6.48,6.49,3880.31
2022-10-28 16:22:00,1666974120.0,6.49,6.5,6.48,6.49,874.01
2022-10-28 16:23:00,1666974180.0,6.49,6.5,6.48,6.49,10130.13
2022-10-28 16:24:00,1666974240.0,6.49,6.51,6.49,6.51,21380.12
2022-10-28 16:25:00,1666974300.0,6.5,6.52,6.49,6.51,29302.5
2022-10-28 16:26:00,1666974360.0,6.5,6.51,6.49,6.5,4069.24
2022-10-28 16:27:00,1666974420.0,6.5,6.52,6.5,6.51,5019.53
2022-10-28 16:28:00,1666974480.0,6.5,6.5,6.49,6.5,12456.13
2022-10-28 16:29:00,1666974540.0,6.5,6.5,6.49,6.49,1071.81
2022-10-28 16:30:00,1666974600.0,6.5,6.51,6.5,6.51,2179.86
2022-10-28 16:31:00,1666974660.0,6.5,6.52,6.5,6.52,13783.89
2022-10-28 16:32:00,1666974720.0,6.51,6.52,6.51,6.52,18388.86
2022-10-28 16:33:00,1666974780.0,6.52,6.53,6.51,6.53,13099.77
2022-10-28 16:34:00,1666974840.0,6.53,6.53,6.52,6.52,1516.29
2022-10-28 16:35:00,1666974900.0,6.52,6.53,6.52,6.52,2305.41
2022-10-28 16:36:00,1666974960.0,6.52,6.53,6.52,6.53,8888.95
2022-10-28 16:37:00,1666975020.0,6.53,6.53,6.52,6.53,15097.3
2022-10-28 16:38:00,1666975080.0,6.52,6.54,6.52,6.53,9961.01
2022-10-28 16:39:00,1666975140.0,6.54,6.54,6.51,6.52,20677.32
2022-10-28 16:40:00,1666975200.0,6.52,6.53,6.51,6.51,856.43
2022-10-28 16:41:00,1666975260.0,6.51,6.52,6.5,6.51,8827.87
2022-10-28 16:42:00,1666975320.0,6.51,6.51,6.51,6.51,1716.67
2022-10-28 16:43:00,1666975380.0,6.51,6.53,6.51,6.53,5316.96
2022-10-28 16:44:00,1666975440.0,6.52,6.53,6.52,6.53,3225.27
2022-10-28 16:45:00,1666975500.0,6.53,6.53,6.52,6.52,3332.88
2022-10-28 16:46:00,1666975560.0,6.51,6.52,6.51,6.51,3785.61
2022-10-28 16:47:00,1666975620.0,6.51,6.52,6.51,6.52,2948.08
2022-10-28 16:48:00,1666975680.0,6.52,6.53,6.52,6.52,9442.4
2022-10-28 16:49:00,1666975740.0,6.52,6.52,6.51,6.51,5439.32
2022-10-28 16:50:00,1666975800.0,6.51,6.52,6.51,6.51,2870.18
2022-10-28 16:51:00,1666975860.0,6.51,6.53,6.51,6.52,5490.09
2022-10-28 16:52:00,1666975920.0,6.52,6.52,6.51,6.52,10010.17
2022-10-28 16:53:00,1666975980.0,6.53,6.54,6.52,6.53,14220.44
2022-10-28 16:54:00,1666976040.0,6.53,6.54,6.52,6.54,2968.95
2022-10-28 16:55:00,1666976100.0,6.54,6.54,6.52,6.53,8193.07
2022-10-28 16:56:00,1666976160.0,6.53,6.54,6.53,6.53,9044.31
2022-10-28 16:57:00,1666976220.0,6.53,6.54,6.52,6.52,23818.78
2022-10-28 16:58:00,1666976280.0,6.53,6.54,6.52,6.52,8604.73
2022-10-28 16:59:00,1666976340.0,6.52,6.53,6.52,6.53,1283.34
2022-10-28 17:00:00,1666976400.0,6.53,6.53,6.52,6.53,5744.14
2022-10-28 17:01:00,1666976460.0,6.52,6.53,6.52,6.53,306.16
2022-10-28 17:02:00,1666976520.0,6.53,6.53,6.52,6.52,1795.28
2022-10-28 17:03:00,1666976580.0,6.52,6.54,6.52,6.54,10970.19
2022-10-28 17:04:00,1666976640.0,6.54,6.54,6.52,6.53,1208.11
2022-10-28 17:05:00,1666976700.0,6.52,6.54,6.52,6.53,31550.92
2022-10-28 17:06:00,1666976760.0,6.53,6.53,6.52,6.52,1824.46
2022-10-28 17:07:00,1666976820.0,6.52,6.54,6.52,6.53,4619.56
2022-10-28 17:08:00,1666976880.0,6.54,6.54,6.54,6.54,584.68
2022-10-28 17:09:00,1666976940.0,6.54,6.54,6.54,6.54,5333.56
2022-10-28 17:10:00,1666977000.0,6.55,6.55,6.53,6.53,11240.31
2022-10-28 17:11:00,1666977060.0,6.53,6.54,6.53,6.53,115.05
2022-10-28 17:12:00,1666977120.0,6.54,6.54,6.53,6.53,326.35
2022-10-28 17:13:00,1666977180.0,6.53,6.55,6.53,6.55,24045.87
2022-10-28 17:14:00,1666977240.0,6.54,6.55,6.54,6.54,559.01
2022-10-28 17:15:00,1666977300.0,6.55,6.55,6.54,6.54,8125.33
2022-10-28 17:16:00,1666977360.0,6.54,6.54,6.53,6.53,1940.83
2022-10-28 17:17:00,1666977420.0,6.53,6.55,6.53,6.55,5038.06
2022-10-28 17:18:00,1666977480.0,6.54,6.55,6.54,6.55,3507.67
2022-10-28 17:19:00,1666977540.0,6.55,6.55,6.53,6.53,2669.02
2022-10-28 17:20:00,1666977600.0,6.53,6.54,6.53,6.53,381.23
2022-10-28 17:21:00,1666977660.0,6.54,6.55,6.54,6.54,8499.94
2022-10-28 17:22:00,1666977720.0,6.53,6.54,6.53,6.54,1242.82
2022-10-28 17:23:00,1666977780.0,6.54,6.54,6.54,6.54,9160.8
2022-10-28 17:24:00,1666977840.0,6.55,6.55,6.54,6.54,2065.46
2022-10-28 17:25:00,1666977900.0,6.55,6.56,6.54,6.55,10749.98
2022-10-28 17:26:00,1666977960.0,6.56,6.56,6.54,6.54,8928.72
2022-10-28 17:27:00,1666978020.0,6.55,6.55,6.54,6.55,2936.6
2022-10-28 17:28:00,1666978080.0,6.55,6.56,6.54,6.54,4330.36
2022-10-28 17:29:00,1666978140.0,6.54,6.55,6.53,6.53,1845.15
2022-10-28 17:30:00,1666978200.0,6.54,6.54,6.53,6.54,13426.95
2022-10-28 17:31:00,1666978260.0,6.54,6.55,6.53,6.54,6079.98
2022-10-28 17:32:00,1666978320.0,6.54,6.55,6.54,6.55,5206.17
2022-10-28 17:33:00,1666978380.0,6.55,6.55,6.53,6.54,7402.78
2022-10-28 17:34:00,1666978440.0,6.54,6.54,6.53,6.53,201.59
2022-10-28 17:35:00,1666978500.0,6.53,6.54,6.52,6.53,14283.74
2022-10-28 17:36:00,1666978560.0,6.53,6.54,6.52,6.52,10417.48
2022-10-28 17:37:00,1666978620.0,6.52,6.53,6.51,6.52,4952.35
2022-10-28 17:38:00,1666978680.0,6.52,6.52,6.51,6.52,3974.94
2022-10-28 17:39:00,1666978740.0,6.52,6.52,6.51,6.51,115.31
2022-10-28 17:40:00,1666978800.0,6.51,6.53,6.51,6.53,4482.63
2022-10-28 17:41:00,1666978860.0,6.53,6.53,6.52,6.53,6603.26
2022-10-28 17:42:00,1666978920.0,6.52,6.53,6.52,6.52,41.63
2022-10-28 17:43:00,1666978980.0,6.52,6.52,6.51,6.51,4585.35
2022-10-28 17:44:00,1666979040.0,6.51,6.51,6.51,6.51,250.04
2022-10-28 17:45:00,1666979100.0,6.52,6.52,6.51,6.52,2910.1
2022-10-28 17:46:00,1666979160.0,6.51,6.52,6.51,6.51,236.86
2022-10-28 17:47:00,1666979220.0,6.52,6.53,6.52,6.53,3662.0
2022-10-28 17:48:00,1666979280.0,6.53,6.53,6.52,6.53,3699.38
2022-10-28 17:49:00,1666979340.0,6.53,6.53,6.51,6.51,3795.27
2022-10-28 17:50:00,1666979400.0,6.51,6.51,6.51,6.51,49.41
2022-10-28 17:51:00,1666979460.0,6.51,6.53,6.51,6.52,5668.15
2022-10-28 17:52:00,1666979520.0,6.52,6.52,6.51,6.52,3090.88
2022-10-28 17:53:00,1666979580.0,6.51,6.52,6.51,6.52,41.07
2022-10-28 17:54:00,1666979640.0,6.51,6.51,6.51,6.51,168.18
2022-10-28 17:55:00,1666979700.0,6.52,6.52,6.5,6.5,23363.07
2022-10-28 17:56:00,1666979760.0,6.5,6.51,6.5,6.51,175.72
2022-10-28 17:57:00,1666979820.0,6.51,6.51,6.5,6.5,2572.08
2022-10-28 17:58:00,1666979880.0,6.5,6.5,6.49,6.5,7477.13
2022-10-28 17:59:00,1666979940.0,6.49,6.49,6.49,6.49,1301.83
2022-10-28 18:00:00,1666980000.0,6.49,6.51,6.49,6.5,3535.01
2022-10-28 18:01:00,1666980060.0,6.5,6.51,6.5,6.51,201.56
2022-10-28 18:02:00,1666980120.0,6.51,6.51,6.5,6.5,2901.09
2022-10-28 18:03:00,1666980180.0,6.49,6.5,6.48,6.48,10071.94
2022-10-28 18:04:00,1666980240.0,6.49,6.5,6.48,6.5,15927.1
2022-10-28 18:05:00,1666980300.0,6.5,6.51,6.5,6.51,8504.06
2022-10-28 18:06:00,1666980360.0,6.5,6.51,6.5,6.51,179.25
2022-10-28 18:07:00,1666980420.0,6.5,6.51,6.5,6.51,1280.67
2022-10-28 18:08:00,1666980480.0,6.51,6.51,6.49,6.5,5387.36
2022-10-28 18:09:00,1666980540.0,6.5,6.5,6.5,6.5,3011.76
2022-10-28 18:10:00,1666980600.0,6.5,6.5,6.5,6.5,253.19
2022-10-28 18:11:00,1666980660.0,6.51,6.51,6.51,6.51,367.02
2022-10-28 18:12:00,1666980720.0,6.51,6.51,6.5,6.5,536.52
2022-10-28 18:13:00,1666980780.0,6.51,6.51,6.5,6.5,83.78
2022-10-28 18:14:00,1666980840.0,6.51,6.51,6.5,6.5,118.11
2022-10-28 18:15:00,1666980900.0,6.51,6.51,6.5,6.51,5950.76
2022-10-28 18:16:00,1666980960.0,6.51,6.51,6.51,6.51,5188.57
2022-10-28 18:17:00,1666981020.0,6.51,6.51,6.5,6.51,2608.27
2022-10-28 18:18:00,1666981080.0,6.51,6.51,6.5,6.51,6001.71
2022-10-28 18:19:00,1666981140.0,6.5,6.51,6.5,6.5,3836.03
2022-10-28 18:20:00,1666981200.0,6.51,6.51,6.5,6.5,146.14
2022-10-28 18:21:00,1666981260.0,6.5,6.51,6.5,6.51,312.13
2022-10-28 18:22:00,1666981320.0,6.51,6.51,6.51,6.51,43.28
2022-10-28 18:23:00,1666981380.0,6.5,6.51,6.5,6.51,4800.64
2022-10-28 18:24:00,1666981440.0,6.5,6.51,6.5,6.51,1011.47
2022-10-28 18:25:00,1666981500.0,6.5,6.51,6.5,6.5,3099.89
2022-10-28 18:26:00,1666981560.0,6.5,6.5,6.49,6.5,3455.41
2022-10-28 18:27:00,1666981620.0,6.49,6.5,6.49,6.5,1018.31
2022-10-28 18:28:00,1666981680.0,6.49,6.49,6.49,6.49,364.71
2022-10-28 18:29:00,1666981740.0,6.49,6.5,6.49,6.49,189.7
2022-10-28 18:30:00,1666981800.0,6.5,6.5,6.49,6.49,3239.66
2022-10-28 18:31:00,1666981860.0,6.5,6.5,6.49,6.49,50.29
2022-10-28 18:32:00,1666981920.0,6.5,6.5,6.49,6.49,142.62
2022-10-28 18:33:00,1666981980.0,6.49,6.49,6.49,6.49,82.12
2022-10-28 18:34:00,1666982040.0,6.49,6.5,6.49,6.5,136.15
2022-10-28 18:35:00,1666982100.0,6.49,6.5,6.49,6.5,38.93
2022-10-28 18:36:00,1666982160.0,6.5,6.5,6.49,6.49,180.11
2022-10-28 18:37:00,1666982220.0,6.5,6.5,6.49,6.5,4580.44
2022-10-28 18:38:00,1666982280.0,6.49,6.5,6.49,6.5,16.19
2022-10-28 18:39:00,1666982340.0,6.5,6.5,6.49,6.49,90.68
2022-10-28 18:40:00,1666982400.0,6.49,6.49,6.49,6.49,18.64
2022-10-28 18:41:00,1666982460.0,6.49,6.5,6.49,6.49,136.44
2022-10-28 18:42:00,1666982520.0,6.49,6.49,6.49,6.49,874.85
2022-10-28 18:43:00,1666982580.0,6.5,6.5,6.5,6.5,68.47
2022-10-28 18:44:00,1666982640.0,6.49,6.5,6.49,6.5,144.56
2022-10-28 18:45:00,1666982700.0,6.49,6.5,6.49,6.5,422.32
2022-10-28 18:46:00,1666982760.0,6.49,6.5,6.49,6.5,6.53
2022-10-28 18:47:00,1666982820.0,6.5,6.5,6.49,6.49,349.96
2022-10-28 18:48:00,1666982880.0,6.5,6.5,6.49,6.49,254.93
2022-10-28 18:49:00,1666982940.0,6.49,6.5,6.49,6.5,8.73
2022-10-28 18:50:00,1666983000.0,6.5,6.5,6.5,6.5,228.97
2022-10-28 18:51:00,1666983060.0,6.5,6.5,6.49,6.49,2164.18
2022-10-28 18:52:00,1666983120.0,6.49,6.49,6.48,6.48,7961.86
2022-10-28 18:53:00,1666983180.0,6.48,6.48,6.48,6.48,1612.4
2022-10-28 18:54:00,1666983240.0,6.49,6.49,6.48,6.48,323.88
2022-10-28 18:55:00,1666983300.0,6.48,6.49,6.48,6.49,1015.23
2022-10-28 18:56:00,1666983360.0,6.49,6.51,6.49,6.5,9752.5
2022-10-28 18:57:00,1666983420.0,6.5,6.5,6.5,6.5,1146.38
2022-10-28 18:58:00,1666983480.0,6.49,6.5,6.49,6.5,56.99
2022-10-28 18:59:00,1666983540.0,6.49,6.5,6.49,6.49,576.96
2022-10-28 19:00:00,1666983600.0,6.5,6.5,6.49,6.5,194.22
2022-10-28 19:01:00,1666983660.0,6.5,6.5,6.5,6.5,284.1
2022-10-28 19:02:00,1666983720.0,6.49,6.5,6.49,6.5,672.23
2022-10-28 19:03:00,1666983780.0,6.49,6.5,6.49,6.49,559.64
2022-10-28 19:04:00,1666983840.0,6.5,6.5,6.48,6.49,6534.51
2022-10-28 19:05:00,1666983900.0,6.49,6.49,6.48,6.49,304.81
2022-10-28 19:06:00,1666983960.0,6.49,6.49,6.47,6.47,5323.99
2022-10-28 19:07:00,1666984020.0,6.47,6.49,6.47,6.48,9447.26
2022-10-28 19:08:00,1666984080.0,6.49,6.49,6.48,6.48,235.29
2022-10-28 19:09:00,1666984140.0,6.48,6.5,6.48,6.48,3876.02
2022-10-28 19:10:00,1666984200.0,6.49,6.49,6.48,6.48,36.33
2022-10-28 19:11:00,1666984260.0,6.49,6.5,6.49,6.5,3522.14
2022-10-28 19:12:00,1666984320.0,6.5,6.5,6.49,6.49,790.95
2022-10-28 19:13:00,1666984380.0,6.49,6.49,6.48,6.48,56.72
2022-10-28 19:14:00,1666984440.0,6.49,6.49,6.48,6.48,19.55
2022-10-28 19:15:00,1666984500.0,6.48,6.49,6.48,6.49,96.17
2022-10-28 19:16:00,1666984560.0,6.48,6.48,6.48,6.48,1.61
2022-10-28 19:17:00,1666984620.0,6.49,6.5,6.49,6.49,622.18
2022-10-28 19:18:00,1666984680.0,6.49,6.5,6.49,6.49,57.03
2022-10-28 19:19:00,1666984740.0,6.5,6.5,6.48,6.49,3812.12
2022-10-28 19:20:00,1666984800.0,6.49,6.49,6.49,6.49,3255.89
2022-10-28 19:21:00,1666984860.0,6.48,6.49,6.48,6.49,88.58
2022-10-28 19:22:00,1666984920.0,6.48,6.49,6.48,6.48,8316.67
2022-10-28 19:23:00,1666984980.0,6.49,6.49,6.49,6.49,12.88
2022-10-28 19:24:00,1666985040.0,6.49,6.49,6.48,6.49,117.93
2022-10-28 19:25:00,1666985100.0,6.49,6.5,6.49,6.5,740.55
2022-10-28 19:26:00,1666985160.0,6.5,6.5,6.5,6.5,17.98
2022-10-28 19:27:00,1666985220.0,6.49,6.49,6.49,6.49,20.98
2022-10-28 19:28:00,1666985280.0,6.49,6.5,6.49,6.49,293.83
2022-10-28 19:29:00,1666985340.0,6.5,6.5,6.49,6.49,259.54
2022-10-28 19:30:00,1666985400.0,6.5,6.5,6.49,6.5,13.14
2022-10-28 19:31:00,1666985460.0,6.49,6.5,6.49,6.5,56.9
2022-10-28 19:32:00,1666985520.0,6.49,6.5,6.49,6.5,352.04
2022-10-28 19:33:00,1666985580.0,6.49,6.49,6.49,6.49,41.17
2022-10-28 19:34:00,1666985640.0,6.5,6.5,6.49,6.49,39.9
2022-10-28 19:35:00,1666985700.0,6.5,6.5,6.49,6.49,203.81
2022-10-28 19:36:00,1666985760.0,6.5,6.5,6.49,6.49,8292.54
2022-10-28 19:37:00,1666985820.0,6.49,6.49,6.48,6.48,218.02
2022-10-28 19:38:00,1666985880.0,6.48,6.5,6.48,6.49,2531.24
2022-10-28 19:39:00,1666985940.0,6.5,6.5,6.49,6.5,94.78
2022-10-28 19:40:00,1666986000.0,6.49,6.5,6.49,6.5,686.71
2022-10-28 19:41:00,1666986060.0,6.5,6.51,6.49,6.51,11657.67
2022-10-28 19:42:00,1666986120.0,6.5,6.51,6.5,6.51,303.97
2022-10-28 19:43:00,1666986180.0,6.5,6.51,6.5,6.51,952.22
2022-10-28 19:44:00,1666986240.0,6.5,6.51,6.5,6.5,169.02
2022-10-28 19:45:00,1666986300.0,6.5,6.51,6.5,6.5,119.68
2022-10-28 19:46:00,1666986360.0,6.5,6.5,6.5,6.5,1.69
2022-10-28 19:47:00,1666986420.0,6.5,6.5,6.5,6.5,1.61
2022-10-28 19:48:00,1666986480.0,6.51,6.51,6.51,6.51,28.85
2022-10-28 19:49:00,1666986540.0,6.5,6.51,6.5,6.5,214.18
2022-10-28 19:50:00,1666986600.0,6.5,6.5,6.5,6.5,125.05
2022-10-28 19:51:00,1666986660.0,6.51,6.51,6.5,6.51,4921.49
2022-10-28 19:52:00,1666986720.0,6.51,6.52,6.51,6.52,388.84
2022-10-28 19:53:00,1666986780.0,6.51,6.52,6.51,6.51,194.74
2022-10-28 19:54:00,1666986840.0,6.52,6.52,6.51,6.52,9790.97
2022-10-28 19:55:00,1666986900.0,6.52,6.52,6.52,6.52,301.0
2022-10-28 19:56:00,1666986960.0,6.52,6.52,6.51,6.51,2441.84
2022-10-28 19:57:00,1666987020.0,6.52,6.52,6.51,6.52,193.2
2022-10-28 19:58:00,1666987080.0,6.51,6.52,6.51,6.52,3093.06
2022-10-28 19:59:00,1666987140.0,6.52,6.52,6.51,6.51,447.36
2022-10-28 20:00:00,1666987200.0,6.52,6.53,6.52,6.53,7706.56
2022-10-28 20:01:00,1666987260.0,6.53,6.53,6.53,6.53,782.54
2022-10-28 20:02:00,1666987320.0,6.53,6.53,6.52,6.53,407.25
2022-10-28 20:03:00,1666987380.0,6.52,6.53,6.52,6.53,25.28
2022-10-28 20:04:00,1666987440.0,6.53,6.53,6.52,6.52,162.29
2022-10-28 20:05:00,1666987500.0,6.53,6.54,6.52,6.53,9099.25
2022-10-28 20:06:00,1666987560.0,6.53,6.54,6.52,6.53,2723.46
2022-10-28 20:07:00,1666987620.0,6.54,6.54,6.53,6.54,138.31
2022-10-28 20:08:00,1666987680.0,6.53,6.54,6.53,6.53,108.82
2022-10-28 20:09:00,1666987740.0,6.54,6.54,6.53,6.54,2535.56
2022-10-28 20:10:00,1666987800.0,6.53,6.55,6.53,6.53,3997.09
2022-10-28 20:11:00,1666987860.0,6.54,6.54,6.53,6.53,818.05
2022-10-28 20:12:00,1666987920.0,6.54,6.54,6.53,6.54,78.63
2022-10-28 20:13:00,1666987980.0,6.54,6.54,6.52,6.53,2856.05
2022-10-28 20:14:00,1666988040.0,6.53,6.54,6.53,6.54,960.69
2022-10-28 20:15:00,1666988100.0,6.54,6.54,6.53,6.54,111.29
2022-10-28 20:16:00,1666988160.0,6.54,6.54,6.53,6.53,3261.53
2022-10-28 20:17:00,1666988220.0,6.54,6.54,6.54,6.54,2890.29
2022-10-28 20:18:00,1666988280.0,6.55,6.55,6.54,6.54,163.03
2022-10-28 20:19:00,1666988340.0,6.54,6.55,6.54,6.54,324.13
2022-10-28 20:20:00,1666988400.0,6.55,6.55,6.54,6.54,1366.04
2022-10-28 20:21:00,1666988460.0,6.55,6.56,6.55,6.56,7217.66
2022-10-28 20:22:00,1666988520.0,6.56,6.56,6.55,6.56,5454.66
2022-10-28 20:23:00,1666988580.0,6.56,6.57,6.56,6.56,8517.73
2022-10-28 20:24:00,1666988640.0,6.57,6.57,6.55,6.57,5188.3
2022-10-28 20:25:00,1666988700.0,6.56,6.57,6.56,6.57,1950.9
2022-10-28 20:26:00,1666988760.0,6.57,6.57,6.56,6.57,28.39
2022-10-28 20:27:00,1666988820.0,6.57,6.57,6.56,6.57,3119.01
2022-10-28 20:28:00,1666988880.0,6.57,6.57,6.56,6.57,4459.2
2022-10-28 20:29:00,1666988940.0,6.57,6.58,6.57,6.57,9289.07
2022-10-28 20:30:00,1666989000.0,6.57,6.58,6.57,6.58,81.14
2022-10-28 20:31:00,1666989060.0,6.58,6.59,6.57,6.58,6246.91
2022-10-28 20:32:00,1666989120.0,6.58,6.58,6.57,6.57,1564.01
2022-10-28 20:33:00,1666989180.0,6.58,6.58,6.56,6.57,2990.05
2022-10-28 20:34:00,1666989240.0,6.56,6.57,6.56,6.56,407.02
2022-10-28 20:35:00,1666989300.0,6.56,6.57,6.56,6.56,1494.06
2022-10-28 20:36:00,1666989360.0,6.57,6.57,6.56,6.57,190.07
2022-10-28 20:37:00,1666989420.0,6.57,6.57,6.56,6.57,22.27
2022-10-28 20:38:00,1666989480.0,6.57,6.57,6.55,6.56,2992.17
2022-10-28 20:39:00,1666989540.0,6.56,6.57,6.55,6.56,7033.35
2022-10-28 20:40:00,1666989600.0,6.56,6.56,6.56,6.56,2893.91
2022-10-28 20:41:00,1666989660.0,6.56,6.56,6.56,6.56,1812.66
2022-10-28 20:42:00,1666989720.0,6.56,6.58,6.56,6.57,5933.34
2022-10-28 20:43:00,1666989780.0,6.57,6.57,6.56,6.57,380.86
2022-10-28 20:44:00,1666989840.0,6.56,6.57,6.56,6.57,137.06
2022-10-28 20:45:00,1666989900.0,6.57,6.57,6.57,6.57,523.77
2022-10-28 20:46:00,1666989960.0,6.56,6.57,6.56,6.56,291.66
2022-10-28 20:47:00,1666990020.0,6.56,6.57,6.56,6.56,318.78
2022-10-28 20:48:00,1666990080.0,6.57,6.57,6.55,6.55,4668.71
2022-10-28 20:49:00,1666990140.0,6.56,6.56,6.54,6.55,6121.25
2022-10-28 20:50:00,1666990200.0,6.55,6.55,6.54,6.54,518.78
2022-10-28 20:51:00,1666990260.0,6.54,6.55,6.54,6.55,138.93
2022-10-28 20:52:00,1666990320.0,6.55,6.55,6.54,6.54,351.44
2022-10-28 20:53:00,1666990380.0,6.54,6.55,6.53,6.54,4849.33
2022-10-28 20:54:00,1666990440.0,6.53,6.54,6.53,6.54,1101.73
2022-10-28 20:55:00,1666990500.0,6.54,6.54,6.54,6.54,1011.8
2022-10-28 20:56:00,1666990560.0,6.54,6.55,6.54,6.54,346.19
2022-10-28 20:57:00,1666990620.0,6.54,6.55,6.54,6.54,772.67
2022-10-28 20:58:00,1666990680.0,6.55,6.55,6.54,6.55,35.39
2022-10-28 20:59:00,1666990740.0,6.54,6.55,6.54,6.55,38.07
2022-10-28 21:00:00,1666990800.0,6.55,6.55,6.54,6.54,84.02
2022-10-28 21:01:00,1666990860.0,6.54,6.55,6.54,6.54,198.45
2022-10-28 21:02:00,1666990920.0,6.55,6.55,6.54,6.55,293.47
2022-10-28 21:03:00,1666990980.0,6.55,6.55,6.55,6.55,39.51
2022-10-28 21:04:00,1666991040.0,6.55,6.55,6.54,6.54,49.56
2022-10-28 21:05:00,1666991100.0,6.55,6.55,6.55,6.55,1.6
2022-10-28 21:06:00,1666991160.0,6.55,6.55,6.55,6.55,13.71
2022-10-28 21:07:00,1666991220.0,6.55,6.55,6.54,6.55,1852.95
2022-10-28 21:08:00,1666991280.0,6.54,6.55,6.54,6.55,17.15
2022-10-28 21:09:00,1666991340.0,6.54,6.55,6.54,6.54,415.54
2022-10-28 21:10:00,1666991400.0,6.54,6.55,6.53,6.54,14828.04
2022-10-28 21:11:00,1666991460.0,6.54,6.55,6.54,6.55,190.86
2022-10-28 21:12:00,1666991520.0,6.54,6.55,6.54,6.54,479.14
2022-10-28 21:13:00,1666991580.0,6.54,6.55,6.54,6.54,762.27
2022-10-28 21:14:00,1666991640.0,6.54,6.55,6.54,6.54,159.25
2022-10-28 21:15:00,1666991700.0,6.54,6.55,6.54,6.55,84.15
2022-10-28 21:16:00,1666991760.0,6.55,6.55,6.54,6.54,390.63
2022-10-28 21:17:00,1666991820.0,6.54,6.54,6.54,6.54,16.95
2022-10-28 21:18:00,1666991880.0,6.55,6.55,6.54,6.54,1425.14
2022-10-28 21:19:00,1666991940.0,6.54,6.54,6.54,6.54,76.99
2022-10-28 21:20:00,1666992000.0,6.54,6.54,6.54,6.54,113.44
2022-10-28 21:21:00,1666992060.0,6.53,6.54,6.53,6.54,46.88
2022-10-28 21:22:00,1666992120.0,6.54,6.54,6.52,6.52,8968.21
2022-10-28 21:23:00,1666992180.0,6.53,6.54,6.53,6.53,2732.69
2022-10-28 21:24:00,1666992240.0,6.54,6.54,6.53,6.54,157.87
2022-10-28 21:25:00,1666992300.0,6.53,6.54,6.53,6.54,22.5
2022-10-28 21:26:00,1666992360.0,6.54,6.54,6.53,6.54,154.87
2022-10-28 21:27:00,1666992420.0,6.54,6.54,6.53,6.53,211.49
2022-10-28 21:28:00,1666992480.0,6.53,6.54,6.53,6.53,4995.3
2022-10-28 21:29:00,1666992540.0,6.53,6.53,6.53,6.53,886.71
2022-10-28 21:30:00,1666992600.0,6.53,6.54,6.53,6.53,297.83
2022-10-28 21:31:00,1666992660.0,6.54,6.54,6.53,6.53,89.52
2022-10-28 21:32:00,1666992720.0,6.53,6.53,6.53,6.53,1817.27
2022-10-28 21:33:00,1666992780.0,6.52,6.53,6.52,6.53,319.95
2022-10-28 21:34:00,1666992840.0,6.53,6.53,6.53,6.53,33.49
2022-10-28 21:35:00,1666992900.0,6.52,6.53,6.52,6.53,282.34
2022-10-28 21:36:00,1666992960.0,6.52,6.53,6.52,6.53,725.11
2022-10-28 21:37:00,1666993020.0,6.52,6.53,6.52,6.52,1651.62
2022-10-28 21:38:00,1666993080.0,6.53,6.53,6.52,6.52,219.65
2022-10-28 21:39:00,1666993140.0,6.52,6.54,6.52,6.54,1433.06
2022-10-28 21:40:00,1666993200.0,6.53,6.53,6.53,6.53,505.38
2022-10-28 21:41:00,1666993260.0,6.53,6.54,6.53,6.53,308.74
2022-10-28 21:42:00,1666993320.0,6.54,6.54,6.54,6.54,16.3
2022-10-28 21:43:00,1666993380.0,6.53,6.54,6.53,6.53,63.71
2022-10-28 21:44:00,1666993440.0,6.53,6.53,6.52,6.52,5767.32
2022-10-28 21:45:00,1666993500.0,6.52,6.52,6.51,6.52,57.39
2022-10-28 21:46:00,1666993560.0,6.52,6.52,6.51,6.52,749.98
2022-10-28 21:47:00,1666993620.0,6.51,6.52,6.51,6.51,82.89
2022-10-28 21:48:00,1666993680.0,6.52,6.52,6.51,6.51,1924.66
2022-10-28 21:49:00,1666993740.0,6.51,6.52,6.51,6.51,1368.15
2022-10-28 21:50:00,1666993800.0,6.5,6.51,6.5,6.5,372.57
2022-10-28 21:51:00,1666993860.0,6.51,6.51,6.5,6.5,2330.28
2022-10-28 21:52:00,1666993920.0,6.5,6.51,6.5,6.51,138.16
2022-10-28 21:53:00,1666993980.0,6.51,6.51,6.5,6.5,362.16
2022-10-28 21:54:00,1666994040.0,6.5,6.51,6.5,6.51,1767.47
2022-10-28 21:55:00,1666994100.0,6.51,6.51,6.5,6.5,535.47
2022-10-28 21:56:00,1666994160.0,6.5,6.5,6.5,6.5,8.56
2022-10-28 21:57:00,1666994220.0,6.5,6.5,6.5,6.5,0.0
2022-10-28 21:58:00,1666994280.0,6.5,6.51,6.5,6.5,42.49
2022-10-28 21:59:00,1666994340.0,6.51,6.51,6.5,6.51,132.67
2022-10-28 22:00:00,1666994400.0,6.51,6.52,6.5,6.51,7233.8
2022-10-28 22:01:00,1666994460.0,6.52,6.52,6.51,6.52,364.57
2022-10-28 22:02:00,1666994520.0,6.52,6.52,6.51,6.51,2092.29
2022-10-28 22:03:00,1666994580.0,6.51,6.51,6.51,6.51,654.32
2022-10-28 22:04:00,1666994640.0,6.51,6.51,6.5,6.51,557.08
2022-10-28 22:05:00,1666994700.0,6.51,6.51,6.5,6.51,1986.59
2022-10-28 22:06:00,1666994760.0,6.51,6.53,6.51,6.51,7990.08
2022-10-28 22:07:00,1666994820.0,6.52,6.52,6.52,6.52,43.0
2022-10-28 22:08:00,1666994880.0,6.52,6.52,6.51,6.52,647.28
2022-10-28 22:09:00,1666994940.0,6.52,6.52,6.51,6.52,754.79
2022-10-28 22:10:00,1666995000.0,6.52,6.52,6.51,6.52,111.07
2022-10-28 22:11:00,1666995060.0,6.52,6.52,6.52,6.52,113.49
2022-10-28 22:12:00,1666995120.0,6.52,6.52,6.51,6.51,43.0
2022-10-28 22:13:00,1666995180.0,6.52,6.52,6.51,6.51,2124.96
2022-10-28 22:14:00,1666995240.0,6.52,6.52,6.51,6.52,3565.15
2022-10-28 22:15:00,1666995300.0,6.51,6.52,6.51,6.52,467.5
2022-10-28 22:16:00,1666995360.0,6.51,6.52,6.51,6.51,160.62
2022-10-28 22:17:00,1666995420.0,6.52,6.52,6.51,6.52,119.38
2022-10-28 22:18:00,1666995480.0,6.51,6.52,6.51,6.51,1806.33
2022-10-28 22:19:00,1666995540.0,6.51,6.52,6.51,6.52,57.94
2022-10-28 22:20:00,1666995600.0,6.52,6.52,6.52,6.52,13.25
2022-10-28 22:21:00,1666995660.0,6.52,6.52,6.51,6.52,18.44
2022-10-28 22:22:00,1666995720.0,6.52,6.52,6.52,6.52,23.0
2022-10-28 22:23:00,1666995780.0,6.52,6.52,6.51,6.52,167.0
2022-10-28 22:24:00,1666995840.0,6.52,6.52,6.51,6.52,81.47
2022-10-28 22:25:00,1666995900.0,6.52,6.52,6.52,6.52,27.81
2022-10-28 22:26:00,1666995960.0,6.52,6.52,6.51,6.51,472.98
2022-10-28 22:27:00,1666996020.0,6.51,6.52,6.51,6.51,2599.69
2022-10-28 22:28:00,1666996080.0,6.52,6.52,6.52,6.52,59.0
2022-10-28 22:29:00,1666996140.0,6.52,6.52,6.51,6.51,509.3
2022-10-28 22:30:00,1666996200.0,6.51,6.52,6.51,6.51,444.01
2022-10-28 22:31:00,1666996260.0,6.51,6.51,6.51,6.51,0.0
2022-10-28 22:32:00,1666996320.0,6.52,6.52,6.51,6.51,748.32
2022-10-28 22:33:00,1666996380.0,6.52,6.52,6.51,6.51,107.0
2022-10-28 22:34:00,1666996440.0,6.52,6.52,6.51,6.51,119.9
2022-10-28 22:35:00,1666996500.0,6.52,6.52,6.51,6.51,61.57
2022-10-28 22:36:00,1666996560.0,6.51,6.51,6.51,6.51,2325.29
2022-10-28 22:37:00,1666996620.0,6.52,6.52,6.51,6.51,646.29
2022-10-28 22:38:00,1666996680.0,6.51,6.52,6.51,6.51,1074.78
2022-10-28 22:39:00,1666996740.0,6.51,6.52,6.51,6.52,327.86
2022-10-28 22:40:00,1666996800.0,6.51,6.53,6.51,6.53,4002.49
2022-10-28 22:41:00,1666996860.0,6.53,6.53,6.52,6.53,10535.59
2022-10-28 22:42:00,1666996920.0,6.53,6.54,6.53,6.54,420.13
2022-10-28 22:43:00,1666996980.0,6.54,6.54,6.52,6.52,6089.44
2022-10-28 22:44:00,1666997040.0,6.53,6.53,6.52,6.53,4856.47
2022-10-28 22:45:00,1666997100.0,6.53,6.53,6.53,6.53,9.18
2022-10-28 22:46:00,1666997160.0,6.52,6.53,6.52,6.53,572.17
2022-10-28 22:47:00,1666997220.0,6.53,6.53,6.53,6.53,371.39
2022-10-28 22:48:00,1666997280.0,6.52,6.53,6.52,6.52,218.79
2022-10-28 22:49:00,1666997340.0,6.52,6.52,6.52,6.52,0.0
2022-10-28 22:50:00,1666997400.0,6.52,6.53,6.52,6.52,42.94
2022-10-28 22:51:00,1666997460.0,6.52,6.52,6.52,6.52,163.61
2022-10-28 22:52:00,1666997520.0,6.53,6.53,6.52,6.53,50.19
2022-10-28 22:53:00,1666997580.0,6.53,6.53,6.53,6.53,132.64
2022-10-28 22:54:00,1666997640.0,6.52,6.52,6.52,6.52,114.25
2022-10-28 22:55:00,1666997700.0,6.52,6.52,6.52,6.52,2.23
2022-10-28 22:56:00,1666997760.0,6.53,6.53,6.52,6.52,34.98
2022-10-28 22:57:00,1666997820.0,6.52,6.52,6.52,6.52,84.93
2022-10-28 22:58:00,1666997880.0,6.52,6.53,6.52,6.52,305.93
2022-10-28 22:59:00,1666997940.0,6.52,6.53,6.52,6.53,4226.43
2022-10-28 23:00:00,1666998000.0,6.53,6.54,6.53,6.53,213.29
2022-10-28 23:01:00,1666998060.0,6.53,6.54,6.53,6.54,52.18
2022-10-28 23:02:00,1666998120.0,6.54,6.54,6.52,6.53,6075.84
2022-10-28 23:03:00,1666998180.0,6.53,6.53,6.53,6.53,142.07
2022-10-28 23:04:00,1666998240.0,6.53,6.53,6.52,6.53,249.03
2022-10-28 23:05:00,1666998300.0,6.53,6.53,6.53,6.53,750.25
2022-10-28 23:06:00,1666998360.0,6.54,6.54,6.52,6.53,3350.38
2022-10-28 23:07:00,1666998420.0,6.52,6.53,6.52,6.53,1377.92
2022-10-28 23:08:00,1666998480.0,6.52,6.52,6.52,6.52,74.0
2022-10-28 23:09:00,1666998540.0,6.52,6.53,6.52,6.53,550.33
2022-10-28 23:10:00,1666998600.0,6.53,6.53,6.51,6.52,10268.52
2022-10-28 23:11:00,1666998660.0,6.52,6.52,6.51,6.51,16.48
2022-10-28 23:12:00,1666998720.0,6.52,6.52,6.51,6.51,147.51
2022-10-28 23:13:00,1666998780.0,6.52,6.52,6.51,6.51,44.07
2022-10-28 23:14:00,1666998840.0,6.52,6.53,6.52,6.52,3968.13
2022-10-28 23:15:00,1666998900.0,6.53,6.53,6.52,6.52,33.54
2022-10-28 23:16:00,1666998960.0,6.52,6.52,6.52,6.52,23.94
2022-10-28 23:17:00,1666999020.0,6.52,6.53,6.52,6.52,28.0
2022-10-28 23:18:00,1666999080.0,6.52,6.53,6.52,6.53,97.22
2022-10-28 23:19:00,1666999140.0,6.52,6.53,6.52,6.53,775.67
2022-10-28 23:20:00,1666999200.0,6.52,6.53,6.52,6.53,8.91
2022-10-28 23:21:00,1666999260.0,6.53,6.53,6.53,6.53,156.15
2022-10-28 23:22:00,1666999320.0,6.52,6.53,6.52,6.53,4053.37
2022-10-28 23:23:00,1666999380.0,6.53,6.53,6.53,6.53,84.22
2022-10-28 23:24:00,1666999440.0,6.53,6.53,6.53,6.53,77.71
2022-10-28 23:25:00,1666999500.0,6.53,6.53,6.53,6.53,318.12
2022-10-28 23:26:00,1666999560.0,6.53,6.53,6.52,6.53,3783.7
2022-10-28 23:27:00,1666999620.0,6.54,6.54,6.53,6.54,93.91
2022-10-28 23:28:00,1666999680.0,6.53,6.54,6.53,6.53,2020.23
2022-10-28 23:29:00,1666999740.0,6.53,6.54,6.53,6.53,720.9
2022-10-28 23:30:00,1666999800.0,6.54,6.54,6.54,6.54,265.82
2022-10-28 23:31:00,1666999860.0,6.54,6.54,6.53,6.54,5171.25
2022-10-28 23:32:00,1666999920.0,6.54,6.54,6.53,6.53,292.76
2022-10-28 23:33:00,1666999980.0,6.53,6.54,6.53,6.53,94.61
2022-10-28 23:34:00,1667000040.0,6.54,6.54,6.53,6.53,314.65
2022-10-28 23:35:00,1667000100.0,6.54,6.54,6.52,6.53,2824.91
2022-10-28 23:36:00,1667000160.0,6.53,6.53,6.52,6.53,6406.95
2022-10-28 23:37:00,1667000220.0,6.53,6.53,6.51,6.51,11501.99
2022-10-28 23:38:00,1667000280.0,6.51,6.53,6.51,6.52,4454.01
2022-10-28 23:39:00,1667000340.0,6.52,6.53,6.52,6.53,18.95
2022-10-28 23:40:00,1667000400.0,6.52,6.53,6.52,6.53,45.15
2022-10-28 23:41:00,1667000460.0,6.52,6.53,6.52,6.52,135.22
2022-10-28 23:42:00,1667000520.0,6.52,6.52,6.51,6.51,1708.05
2022-10-28 23:43:00,1667000580.0,6.51,6.51,6.51,6.51,68.57
2022-10-28 23:44:00,1667000640.0,6.52,6.52,6.51,6.52,90.24
2022-10-28 23:45:00,1667000700.0,6.51,6.51,6.51,6.51,407.53
2022-10-28 23:46:00,1667000760.0,6.52,6.53,6.52,6.53,5616.37
2022-10-28 23:47:00,1667000820.0,6.52,6.52,6.52,6.52,2980.59
2022-10-28 23:48:00,1667000880.0,6.51,6.51,6.51,6.51,25.97
2022-10-28 23:49:00,1667000940.0,6.51,6.52,6.51,6.52,715.13
2022-10-28 23:50:00,1667001000.0,6.51,6.51,6.51,6.51,1654.05
2022-10-28 23:51:00,1667001060.0,6.52,6.53,6.51,6.53,5058.4
2022-10-28 23:52:00,1667001120.0,6.52,6.52,6.52,6.52,15.29
2022-10-28 23:53:00,1667001180.0,6.52,6.52,6.52,6.52,1.74
2022-10-28 23:54:00,1667001240.0,6.53,6.54,6.52,6.52,7718.85
2022-10-28 23:55:00,1667001300.0,6.53,6.53,6.52,6.52,4.6
2022-10-28 23:56:00,1667001360.0,6.52,6.53,6.52,6.52,2179.7
2022-10-28 23:57:00,1667001420.0,6.51,6.52,6.51,6.51,121.11
2022-10-28 23:58:00,1667001480.0,6.52,6.52,6.51,6.51,148.33
2022-10-28 23:59:00,1667001540.0,6.51,6.52,6.51,6.52,47.22
