Universal Time,Unix Time,Open,High,Low,Close,Volume
2024-06-30 00:00:00,1719705600.0,0.5659,0.5666,0.5658,0.5658,12464.8
2024-06-30 00:01:00,1719705660.0,0.5659,0.5662,0.5659,0.5662,838.5
2024-06-30 00:02:00,1719705720.0,0.566,0.5661,0.566,0.566,435.6
2024-06-30 00:03:00,1719705780.0,0.5659,0.5659,0.5658,0.5659,3109.7
2024-06-30 00:04:00,1719705840.0,0.5662,0.5662,0.566,0.5661,280.9
2024-06-30 00:05:00,1719705900.0,0.5661,0.5665,0.5661,0.5661,18136.8
2024-06-30 00:06:00,1719705960.0,0.5661,0.5661,0.5659,0.5659,849.3
2024-06-30 00:07:00,1719706020.0,0.5657,0.5657,0.5656,0.5656,619.7
2024-06-30 00:08:00,1719706080.0,0.566,0.566,0.5659,0.566,529.2
2024-06-30 00:09:00,1719706140.0,0.566,0.566,0.5658,0.5658,1023.1
2024-06-30 00:10:00,1719706200.0,0.5659,0.5665,0.5659,0.5665,3342.2
2024-06-30 00:11:00,1719706260.0,0.5663,0.5663,0.5661,0.5661,32303.8
2024-06-30 00:12:00,1719706320.0,0.5659,0.5659,0.5658,0.5658,1495.3
2024-06-30 00:13:00,1719706380.0,0.5657,0.5657,0.5653,0.5653,2561.6
2024-06-30 00:14:00,1719706440.0,0.5653,0.5653,0.5649,0.565,17125.4
2024-06-30 00:15:00,1719706500.0,0.5649,0.5655,0.5649,0.5655,37202.2
2024-06-30 00:16:00,1719706560.0,0.5656,0.5667,0.5656,0.566,32067.8
2024-06-30 00:17:00,1719706620.0,0.5661,0.5663,0.5658,0.5659,7086.7
2024-06-30 00:18:00,1719706680.0,0.5658,0.5658,0.5657,0.5657,1286.7
2024-06-30 00:19:00,1719706740.0,0.5656,0.5656,0.5655,0.5655,1947.1
2024-06-30 00:20:00,1719706800.0,0.5657,0.5657,0.5657,0.5657,1427.4
2024-06-30 00:21:00,1719706860.0,0.5656,0.5668,0.5656,0.5668,7020.7
2024-06-30 00:22:00,1719706920.0,0.5672,0.5674,0.5667,0.5671,21043.6
2024-06-30 00:23:00,1719706980.0,0.567,0.5672,0.567,0.567,1888.2
2024-06-30 00:24:00,1719707040.0,0.5669,0.5669,0.5669,0.5669,711.0
2024-06-30 00:25:00,1719707100.0,0.5669,0.5673,0.5669,0.5673,3360.4
2024-06-30 00:26:00,1719707160.0,0.5673,0.5673,0.5671,0.5672,7057.4
2024-06-30 00:27:00,1719707220.0,0.5671,0.5672,0.5671,0.5672,147.9
2024-06-30 00:28:00,1719707280.0,0.5674,0.5676,0.5674,0.5675,613.5
2024-06-30 00:29:00,1719707340.0,0.5675,0.5677,0.5675,0.5677,1279.5
2024-06-30 00:30:00,1719707400.0,0.5678,0.5678,0.5675,0.5676,1199.2
2024-06-30 00:31:00,1719707460.0,0.5674,0.5678,0.5674,0.5678,460.5
2024-06-30 00:32:00,1719707520.0,0.5679,0.5692,0.5679,0.5689,26352.8
2024-06-30 00:33:00,1719707580.0,0.5689,0.5689,0.5685,0.5686,3001.5
2024-06-30 00:34:00,1719707640.0,0.5686,0.5686,0.5683,0.5685,3385.1
2024-06-30 00:35:00,1719707700.0,0.5686,0.5686,0.5685,0.5686,358.8
2024-06-30 00:36:00,1719707760.0,0.5688,0.5694,0.5688,0.5688,3309.4
2024-06-30 00:37:00,1719707820.0,0.5688,0.5688,0.5687,0.5687,660.7
2024-06-30 00:38:00,1719707880.0,0.5687,0.5689,0.5687,0.5688,250.7
2024-06-30 00:39:00,1719707940.0,0.5687,0.5688,0.5687,0.5687,526.0
2024-06-30 00:40:00,1719708000.0,0.5687,0.5689,0.5687,0.5687,2156.7
2024-06-30 00:41:00,1719708060.0,0.5687,0.5687,0.5686,0.5687,2283.0
2024-06-30 00:42:00,1719708120.0,0.5687,0.5689,0.5687,0.5688,183.8
2024-06-30 00:43:00,1719708180.0,0.5688,0.5689,0.5688,0.5688,158.1
2024-06-30 00:44:00,1719708240.0,0.5687,0.569,0.5687,0.5688,426.2
2024-06-30 00:45:00,1719708300.0,0.5688,0.5688,0.5685,0.5686,6075.1
2024-06-30 00:46:00,1719708360.0,0.5686,0.5686,0.5685,0.5686,7752.5
2024-06-30 00:47:00,1719708420.0,0.5685,0.5687,0.5683,0.5683,3370.7
2024-06-30 00:48:00,1719708480.0,0.5685,0.5685,0.5682,0.5684,1447.5
2024-06-30 00:49:00,1719708540.0,0.5684,0.5685,0.5683,0.5684,5779.2
2024-06-30 00:50:00,1719708600.0,0.5688,0.5689,0.5686,0.5688,1654.3
2024-06-30 00:51:00,1719708660.0,0.5687,0.5687,0.5686,0.5686,264.9
2024-06-30 00:52:00,1719708720.0,0.5686,0.5688,0.5686,0.5688,287.8
2024-06-30 00:53:00,1719708780.0,0.5687,0.5688,0.5686,0.5687,3948.5
2024-06-30 00:54:00,1719708840.0,0.5686,0.5688,0.5685,0.5686,952.0
2024-06-30 00:55:00,1719708900.0,0.5686,0.5686,0.5686,0.5686,131.2
2024-06-30 00:56:00,1719708960.0,0.5685,0.5685,0.5684,0.5685,174.4
2024-06-30 00:57:00,1719709020.0,0.5685,0.5685,0.5685,0.5685,131.3
2024-06-30 00:58:00,1719709080.0,0.5686,0.5686,0.5684,0.5685,2191.7
2024-06-30 00:59:00,1719709140.0,0.5686,0.5686,0.5684,0.5686,1563.6
2024-06-30 01:00:00,1719709200.0,0.5687,0.5687,0.5685,0.5685,118.2
2024-06-30 01:01:00,1719709260.0,0.5684,0.5684,0.5678,0.5681,24984.9
2024-06-30 01:02:00,1719709320.0,0.5681,0.5681,0.5678,0.5678,1430.5
2024-06-30 01:03:00,1719709380.0,0.5677,0.5677,0.5667,0.5668,24556.9
2024-06-30 01:04:00,1719709440.0,0.5666,0.5668,0.5666,0.5667,1904.1
2024-06-30 01:05:00,1719709500.0,0.5667,0.5667,0.5666,0.5666,184.4
2024-06-30 01:06:00,1719709560.0,0.5664,0.5664,0.5657,0.5657,9817.3
2024-06-30 01:07:00,1719709620.0,0.5656,0.5656,0.5651,0.5654,22252.7
2024-06-30 01:08:00,1719709680.0,0.5654,0.5656,0.5654,0.5656,4574.7
2024-06-30 01:09:00,1719709740.0,0.5655,0.5655,0.5655,0.5655,67.6
2024-06-30 01:10:00,1719709800.0,0.5654,0.5654,0.5642,0.5646,9815.1
2024-06-30 01:11:00,1719709860.0,0.5645,0.5645,0.5635,0.5636,12427.9
2024-06-30 01:12:00,1719709920.0,0.5638,0.5646,0.5638,0.5645,33002.4
2024-06-30 01:13:00,1719709980.0,0.565,0.5651,0.565,0.5651,124.1
2024-06-30 01:14:00,1719710040.0,0.5651,0.5658,0.5651,0.5658,16143.6
2024-06-30 01:15:00,1719710100.0,0.5658,0.5658,0.5642,0.5642,27338.3
2024-06-30 01:16:00,1719710160.0,0.564,0.5646,0.5633,0.5644,63818.0
2024-06-30 01:17:00,1719710220.0,0.5642,0.5644,0.5639,0.5642,29818.4
2024-06-30 01:18:00,1719710280.0,0.5644,0.5651,0.5641,0.565,15634.6
2024-06-30 01:19:00,1719710340.0,0.5649,0.5654,0.5649,0.5653,11738.1
2024-06-30 01:20:00,1719710400.0,0.5653,0.5654,0.5649,0.5651,4106.8
2024-06-30 01:21:00,1719710460.0,0.565,0.565,0.5646,0.5649,7015.8
2024-06-30 01:22:00,1719710520.0,0.5651,0.5654,0.5651,0.5651,14484.1
2024-06-30 01:23:00,1719710580.0,0.5651,0.5651,0.5645,0.5651,11822.8
2024-06-30 01:24:00,1719710640.0,0.5648,0.5649,0.5648,0.5649,102.9
2024-06-30 01:25:00,1719710700.0,0.565,0.565,0.565,0.565,92.7
2024-06-30 01:26:00,1719710760.0,0.5651,0.5659,0.5651,0.5659,44475.4
2024-06-30 01:27:00,1719710820.0,0.5661,0.5665,0.5661,0.5665,11820.6
2024-06-30 01:28:00,1719710880.0,0.5666,0.5669,0.5664,0.5669,9230.8
2024-06-30 01:29:00,1719710940.0,0.567,0.567,0.5667,0.5667,1656.0
2024-06-30 01:30:00,1719711000.0,0.5666,0.5666,0.5665,0.5666,93.1
2024-06-30 01:31:00,1719711060.0,0.5669,0.5675,0.5669,0.5673,13958.1
2024-06-30 01:32:00,1719711120.0,0.5675,0.5677,0.5675,0.5676,4896.6
2024-06-30 01:33:00,1719711180.0,0.5674,0.5674,0.5668,0.567,7792.2
2024-06-30 01:34:00,1719711240.0,0.567,0.567,0.5667,0.5667,89.5
2024-06-30 01:35:00,1719711300.0,0.5667,0.5667,0.5656,0.5658,3649.8
2024-06-30 01:36:00,1719711360.0,0.5657,0.5663,0.5657,0.5662,22996.0
2024-06-30 01:37:00,1719711420.0,0.5662,0.5663,0.5659,0.5659,8881.2
2024-06-30 01:38:00,1719711480.0,0.5659,0.5659,0.5655,0.5655,1961.7
2024-06-30 01:39:00,1719711540.0,0.5656,0.5657,0.5649,0.565,5582.5
2024-06-30 01:40:00,1719711600.0,0.5649,0.5649,0.5646,0.5646,2489.0
2024-06-30 01:41:00,1719711660.0,0.5646,0.565,0.5643,0.565,9602.7
2024-06-30 01:42:00,1719711720.0,0.5647,0.5647,0.5645,0.5645,3470.7
2024-06-30 01:43:00,1719711780.0,0.5645,0.5646,0.5643,0.5644,4695.3
2024-06-30 01:44:00,1719711840.0,0.5642,0.5644,0.5641,0.5641,15847.7
2024-06-30 01:45:00,1719711900.0,0.5637,0.5639,0.5636,0.5636,2429.2
2024-06-30 01:46:00,1719711960.0,0.5636,0.5637,0.5635,0.5635,6742.5
2024-06-30 01:47:00,1719712020.0,0.5635,0.5638,0.5634,0.5638,6154.5
2024-06-30 01:48:00,1719712080.0,0.5638,0.5643,0.5637,0.5637,14966.2
2024-06-30 01:49:00,1719712140.0,0.5636,0.5637,0.5634,0.5634,4695.5
2024-06-30 01:50:00,1719712200.0,0.5634,0.5634,0.5624,0.563,53723.7
2024-06-30 01:51:00,1719712260.0,0.563,0.5639,0.5629,0.5637,11496.4
2024-06-30 01:52:00,1719712320.0,0.5639,0.564,0.5638,0.564,3042.6
2024-06-30 01:53:00,1719712380.0,0.5638,0.564,0.5638,0.5639,1713.1
2024-06-30 01:54:00,1719712440.0,0.5638,0.5638,0.5638,0.5638,886.0
2024-06-30 01:55:00,1719712500.0,0.5638,0.5644,0.5637,0.5643,10595.1
2024-06-30 01:56:00,1719712560.0,0.5644,0.5646,0.5644,0.5645,1442.1
2024-06-30 01:57:00,1719712620.0,0.5644,0.5646,0.5644,0.5645,157.6
2024-06-30 01:58:00,1719712680.0,0.5644,0.5644,0.5644,0.5644,88.3
2024-06-30 01:59:00,1719712740.0,0.5647,0.565,0.5646,0.565,2644.5
2024-06-30 02:00:00,1719712800.0,0.5648,0.5649,0.5648,0.5648,3128.6
2024-06-30 02:01:00,1719712860.0,0.5647,0.5647,0.5646,0.5646,3302.9
2024-06-30 02:02:00,1719712920.0,0.5645,0.5646,0.5641,0.5641,26757.6
2024-06-30 02:03:00,1719712980.0,0.5639,0.5643,0.5639,0.5643,2259.1
2024-06-30 02:04:00,1719713040.0,0.5642,0.5642,0.5639,0.5639,4084.3
2024-06-30 02:05:00,1719713100.0,0.5637,0.5644,0.5637,0.5642,17761.3
2024-06-30 02:06:00,1719713160.0,0.5644,0.5649,0.5644,0.5647,13102.1
2024-06-30 02:07:00,1719713220.0,0.5647,0.5647,0.5645,0.5645,1022.3
2024-06-30 02:08:00,1719713280.0,0.5645,0.5645,0.5645,0.5645,1140.8
2024-06-30 02:09:00,1719713340.0,0.5644,0.5644,0.564,0.5641,20588.3
2024-06-30 02:10:00,1719713400.0,0.5643,0.5644,0.5643,0.5643,1205.3
2024-06-30 02:11:00,1719713460.0,0.5644,0.5646,0.5644,0.5646,1070.3
2024-06-30 02:12:00,1719713520.0,0.5649,0.565,0.5649,0.5649,2571.7
2024-06-30 02:13:00,1719713580.0,0.5649,0.5649,0.5648,0.5649,1086.2
2024-06-30 02:14:00,1719713640.0,0.5647,0.5647,0.5646,0.5646,1175.5
2024-06-30 02:15:00,1719713700.0,0.5645,0.5645,0.5641,0.5642,12889.7
2024-06-30 02:16:00,1719713760.0,0.5644,0.5646,0.5643,0.5645,2993.8
2024-06-30 02:17:00,1719713820.0,0.5643,0.5643,0.5642,0.5643,822.0
2024-06-30 02:18:00,1719713880.0,0.5642,0.5642,0.5638,0.5638,9148.1
2024-06-30 02:19:00,1719713940.0,0.5637,0.5637,0.5624,0.5624,4596.6
2024-06-30 02:20:00,1719714000.0,0.5624,0.5624,0.5611,0.5622,96681.7
2024-06-30 02:21:00,1719714060.0,0.562,0.5628,0.5617,0.5619,22331.5
2024-06-30 02:22:00,1719714120.0,0.5618,0.5624,0.5616,0.5623,15497.7
2024-06-30 02:23:00,1719714180.0,0.5623,0.5629,0.5623,0.5628,11545.7
2024-06-30 02:24:00,1719714240.0,0.5628,0.5636,0.5627,0.5635,19588.9
2024-06-30 02:25:00,1719714300.0,0.5635,0.5635,0.5633,0.5634,4187.2
2024-06-30 02:26:00,1719714360.0,0.5634,0.5635,0.563,0.5634,20537.9
2024-06-30 02:27:00,1719714420.0,0.5634,0.5644,0.5634,0.5643,9224.5
2024-06-30 02:28:00,1719714480.0,0.5644,0.5648,0.5644,0.5646,2039.6
2024-06-30 02:29:00,1719714540.0,0.5647,0.5649,0.5647,0.5649,1291.2
2024-06-30 02:30:00,1719714600.0,0.565,0.5653,0.5645,0.5645,17295.8
2024-06-30 02:31:00,1719714660.0,0.5644,0.5649,0.5644,0.5649,4447.3
2024-06-30 02:32:00,1719714720.0,0.5649,0.5653,0.5649,0.5653,13820.0
2024-06-30 02:33:00,1719714780.0,0.5654,0.5655,0.5652,0.5653,2947.2
2024-06-30 02:34:00,1719714840.0,0.5655,0.5658,0.5648,0.5651,9313.4
2024-06-30 02:35:00,1719714900.0,0.565,0.5653,0.565,0.5653,6645.3
2024-06-30 02:36:00,1719714960.0,0.5656,0.5656,0.5652,0.5655,1955.8
2024-06-30 02:37:00,1719715020.0,0.5655,0.5657,0.5651,0.5652,2876.6
2024-06-30 02:38:00,1719715080.0,0.5652,0.5652,0.5651,0.5652,3701.9
2024-06-30 02:39:00,1719715140.0,0.5652,0.5652,0.5647,0.5648,3399.6
2024-06-30 02:40:00,1719715200.0,0.5647,0.5647,0.5641,0.5641,14832.5
2024-06-30 02:41:00,1719715260.0,0.5639,0.5639,0.5637,0.5637,1747.5
2024-06-30 02:42:00,1719715320.0,0.5635,0.5637,0.5628,0.5635,13095.2
2024-06-30 02:43:00,1719715380.0,0.5633,0.5633,0.563,0.5633,15940.6
2024-06-30 02:44:00,1719715440.0,0.5634,0.5636,0.5634,0.5634,3402.9
2024-06-30 02:45:00,1719715500.0,0.5634,0.5637,0.5632,0.5637,7198.9
2024-06-30 02:46:00,1719715560.0,0.5637,0.5638,0.5636,0.5636,1506.4
2024-06-30 02:47:00,1719715620.0,0.5634,0.5635,0.5634,0.5635,5176.7
2024-06-30 02:48:00,1719715680.0,0.5633,0.5634,0.5628,0.5628,8692.4
2024-06-30 02:49:00,1719715740.0,0.5628,0.5628,0.5621,0.5621,15747.2
2024-06-30 02:50:00,1719715800.0,0.5624,0.5638,0.5624,0.5636,26240.5
2024-06-30 02:51:00,1719715860.0,0.5637,0.564,0.5637,0.564,5890.5
2024-06-30 02:52:00,1719715920.0,0.564,0.5641,0.5634,0.5637,7557.4
2024-06-30 02:53:00,1719715980.0,0.5638,0.5642,0.5637,0.5642,4609.7
2024-06-30 02:54:00,1719716040.0,0.5641,0.5642,0.5638,0.5641,3668.6
2024-06-30 02:55:00,1719716100.0,0.564,0.5644,0.564,0.5643,22224.3
2024-06-30 02:56:00,1719716160.0,0.5643,0.5646,0.5643,0.5646,3131.0
2024-06-30 02:57:00,1719716220.0,0.5647,0.565,0.5647,0.565,2439.4
2024-06-30 02:58:00,1719716280.0,0.5648,0.5648,0.5646,0.5646,3057.4
2024-06-30 02:59:00,1719716340.0,0.5646,0.565,0.5646,0.565,4898.0
2024-06-30 03:00:00,1719716400.0,0.5648,0.5648,0.5648,0.5648,89.7
2024-06-30 03:01:00,1719716460.0,0.5648,0.5649,0.5647,0.5649,2336.9
2024-06-30 03:02:00,1719716520.0,0.565,0.5655,0.565,0.5653,7945.1
2024-06-30 03:03:00,1719716580.0,0.5654,0.5654,0.5651,0.5651,21629.6
2024-06-30 03:04:00,1719716640.0,0.5649,0.5649,0.5649,0.5649,25.5
2024-06-30 03:05:00,1719716700.0,0.5645,0.5651,0.5645,0.5651,11150.2
2024-06-30 03:06:00,1719716760.0,0.5651,0.5653,0.5651,0.5653,4221.3
2024-06-30 03:07:00,1719716820.0,0.5653,0.5654,0.565,0.565,3634.2
2024-06-30 03:08:00,1719716880.0,0.565,0.565,0.5649,0.5649,3456.1
2024-06-30 03:09:00,1719716940.0,0.5648,0.5648,0.5647,0.5647,1440.3
2024-06-30 03:10:00,1719717000.0,0.5646,0.5647,0.5646,0.5646,1883.0
2024-06-30 03:11:00,1719717060.0,0.5646,0.5646,0.5644,0.5644,2189.0
2024-06-30 03:12:00,1719717120.0,0.5643,0.5643,0.5639,0.5639,5773.5
2024-06-30 03:13:00,1719717180.0,0.5639,0.5639,0.5637,0.5637,964.8
2024-06-30 03:14:00,1719717240.0,0.5635,0.5637,0.5635,0.5637,110.0
2024-06-30 03:15:00,1719717300.0,0.5638,0.5646,0.5638,0.5642,18269.7
2024-06-30 03:16:00,1719717360.0,0.5642,0.5642,0.5642,0.5642,0.0
2024-06-30 03:17:00,1719717420.0,0.564,0.5645,0.564,0.5645,2109.4
2024-06-30 03:18:00,1719717480.0,0.5646,0.5646,0.5644,0.5644,2256.3
2024-06-30 03:19:00,1719717540.0,0.5642,0.5644,0.564,0.5644,6867.9
2024-06-30 03:20:00,1719717600.0,0.5644,0.5644,0.5641,0.5641,1272.9
2024-06-30 03:21:00,1719717660.0,0.5641,0.5646,0.5641,0.5646,5925.8
2024-06-30 03:22:00,1719717720.0,0.5647,0.5647,0.5647,0.5647,26.0
2024-06-30 03:23:00,1719717780.0,0.5647,0.5647,0.5645,0.5645,924.4
2024-06-30 03:24:00,1719717840.0,0.5646,0.565,0.5646,0.5649,7503.6
2024-06-30 03:25:00,1719717900.0,0.5646,0.5646,0.5646,0.5646,1162.3
2024-06-30 03:26:00,1719717960.0,0.5646,0.5646,0.5646,0.5646,84.1
2024-06-30 03:27:00,1719718020.0,0.5646,0.5646,0.5645,0.5646,1476.1
2024-06-30 03:28:00,1719718080.0,0.5647,0.5647,0.5647,0.5647,696.6
2024-06-30 03:29:00,1719718140.0,0.5645,0.5645,0.5645,0.5645,53.3
2024-06-30 03:30:00,1719718200.0,0.5644,0.5644,0.5639,0.5642,24598.4
2024-06-30 03:31:00,1719718260.0,0.5644,0.5645,0.5644,0.5645,245.2
2024-06-30 03:32:00,1719718320.0,0.5644,0.5646,0.564,0.5644,6821.8
2024-06-30 03:33:00,1719718380.0,0.5642,0.5642,0.5641,0.5642,8510.7
2024-06-30 03:34:00,1719718440.0,0.5642,0.5642,0.5642,0.5642,15.0
2024-06-30 03:35:00,1719718500.0,0.5643,0.5647,0.5643,0.5647,2338.0
2024-06-30 03:36:00,1719718560.0,0.5644,0.5644,0.5644,0.5644,442.2
2024-06-30 03:37:00,1719718620.0,0.5644,0.5645,0.5643,0.5645,4281.7
2024-06-30 03:38:00,1719718680.0,0.5645,0.5646,0.5644,0.5644,1118.1
2024-06-30 03:39:00,1719718740.0,0.5644,0.5645,0.5644,0.5644,4578.5
2024-06-30 03:40:00,1719718800.0,0.5643,0.5644,0.5643,0.5643,479.1
2024-06-30 03:41:00,1719718860.0,0.5643,0.5643,0.5641,0.5641,1757.2
2024-06-30 03:42:00,1719718920.0,0.5642,0.5643,0.564,0.5643,9484.1
2024-06-30 03:43:00,1719718980.0,0.5642,0.5643,0.5642,0.5643,1120.1
2024-06-30 03:44:00,1719719040.0,0.5643,0.5643,0.564,0.5642,14006.3
2024-06-30 03:45:00,1719719100.0,0.5642,0.5643,0.5641,0.5641,2468.1
2024-06-30 03:46:00,1719719160.0,0.5642,0.5642,0.5641,0.5642,528.8
2024-06-30 03:47:00,1719719220.0,0.5642,0.5645,0.5642,0.5644,770.0
2024-06-30 03:48:00,1719719280.0,0.5642,0.5642,0.5642,0.5642,661.9
2024-06-30 03:49:00,1719719340.0,0.5642,0.5643,0.5642,0.5642,883.6
2024-06-30 03:50:00,1719719400.0,0.5642,0.5642,0.5641,0.5641,1883.5
2024-06-30 03:51:00,1719719460.0,0.5642,0.5643,0.5641,0.5643,3116.1
2024-06-30 03:52:00,1719719520.0,0.5641,0.5643,0.5641,0.5641,1614.9
2024-06-30 03:53:00,1719719580.0,0.5641,0.5643,0.564,0.5643,4447.7
2024-06-30 03:54:00,1719719640.0,0.5641,0.5643,0.564,0.5643,1256.5
2024-06-30 03:55:00,1719719700.0,0.5642,0.5645,0.5642,0.5645,7032.9
2024-06-30 03:56:00,1719719760.0,0.5645,0.5645,0.5643,0.5644,776.9
2024-06-30 03:57:00,1719719820.0,0.5643,0.5643,0.5642,0.5642,2047.6
2024-06-30 03:58:00,1719719880.0,0.5642,0.5642,0.5641,0.5642,559.8
2024-06-30 03:59:00,1719719940.0,0.5642,0.5645,0.5642,0.5644,953.7
2024-06-30 04:00:00,1719720000.0,0.5643,0.5643,0.5642,0.5643,1270.3
2024-06-30 04:01:00,1719720060.0,0.5642,0.5643,0.5639,0.5641,22225.3
2024-06-30 04:02:00,1719720120.0,0.5638,0.5638,0.5634,0.5634,2819.9
2024-06-30 04:03:00,1719720180.0,0.5634,0.5634,0.5631,0.5634,2601.1
2024-06-30 04:04:00,1719720240.0,0.5633,0.5633,0.5629,0.5633,9767.6
2024-06-30 04:05:00,1719720300.0,0.5631,0.5633,0.5629,0.5631,20461.3
2024-06-30 04:06:00,1719720360.0,0.5632,0.5633,0.5631,0.5632,17277.4
2024-06-30 04:07:00,1719720420.0,0.5632,0.5633,0.5628,0.5628,7495.3
2024-06-30 04:08:00,1719720480.0,0.5628,0.5628,0.5627,0.5627,691.1
2024-06-30 04:09:00,1719720540.0,0.5628,0.5628,0.5622,0.5622,1635.6
2024-06-30 04:10:00,1719720600.0,0.5622,0.5622,0.5619,0.5622,11380.3
2024-06-30 04:11:00,1719720660.0,0.5622,0.5626,0.5622,0.5625,5688.9
2024-06-30 04:12:00,1719720720.0,0.5625,0.5625,0.5624,0.5624,453.8
2024-06-30 04:13:00,1719720780.0,0.5624,0.5627,0.5624,0.5624,5888.3
2024-06-30 04:14:00,1719720840.0,0.5624,0.5626,0.5624,0.5626,2113.8
2024-06-30 04:15:00,1719720900.0,0.5626,0.5629,0.5626,0.5629,7127.9
2024-06-30 04:16:00,1719720960.0,0.5629,0.5629,0.5627,0.5629,7356.0
2024-06-30 04:17:00,1719721020.0,0.5629,0.5635,0.5629,0.5635,8674.5
2024-06-30 04:18:00,1719721080.0,0.5633,0.5633,0.563,0.563,4411.0
2024-06-30 04:19:00,1719721140.0,0.5631,0.5633,0.5629,0.563,12157.4
2024-06-30 04:20:00,1719721200.0,0.5629,0.5632,0.5629,0.5629,7225.3
2024-06-30 04:21:00,1719721260.0,0.5623,0.5624,0.562,0.562,7933.4
2024-06-30 04:22:00,1719721320.0,0.5618,0.5618,0.5611,0.5618,35602.5
2024-06-30 04:23:00,1719721380.0,0.5618,0.5618,0.5615,0.5616,4010.4
2024-06-30 04:24:00,1719721440.0,0.5617,0.5624,0.5617,0.5623,25558.0
2024-06-30 04:25:00,1719721500.0,0.5624,0.5624,0.5624,0.5624,125.9
2024-06-30 04:26:00,1719721560.0,0.5625,0.5625,0.5624,0.5624,211.2
2024-06-30 04:27:00,1719721620.0,0.5625,0.5625,0.5618,0.5618,6432.3
2024-06-30 04:28:00,1719721680.0,0.5615,0.5615,0.5615,0.5615,14.3
2024-06-30 04:29:00,1719721740.0,0.5616,0.5618,0.5616,0.5618,2026.0
2024-06-30 04:30:00,1719721800.0,0.5618,0.5619,0.5618,0.5619,6046.0
2024-06-30 04:31:00,1719721860.0,0.5619,0.5619,0.5615,0.5615,804.3
2024-06-30 04:32:00,1719721920.0,0.5618,0.5618,0.5618,0.5618,31.2
2024-06-30 04:33:00,1719721980.0,0.5617,0.5617,0.5611,0.5613,10785.9
2024-06-30 04:34:00,1719722040.0,0.5612,0.5614,0.5611,0.5614,9588.3
2024-06-30 04:35:00,1719722100.0,0.5618,0.5618,0.5617,0.5618,4941.4
2024-06-30 04:36:00,1719722160.0,0.5618,0.5618,0.5616,0.5616,335.0
2024-06-30 04:37:00,1719722220.0,0.5615,0.5615,0.5613,0.5614,5416.6
2024-06-30 04:38:00,1719722280.0,0.5614,0.5614,0.5614,0.5614,371.3
2024-06-30 04:39:00,1719722340.0,0.5614,0.5617,0.561,0.561,18408.0
2024-06-30 04:40:00,1719722400.0,0.5611,0.5613,0.5611,0.5613,4247.9
2024-06-30 04:41:00,1719722460.0,0.5613,0.5613,0.561,0.5613,55173.3
2024-06-30 04:42:00,1719722520.0,0.5613,0.5613,0.5612,0.5612,1014.1
2024-06-30 04:43:00,1719722580.0,0.5612,0.5613,0.5607,0.5612,69176.2
2024-06-30 04:44:00,1719722640.0,0.5612,0.5612,0.5612,0.5612,251.2
2024-06-30 04:45:00,1719722700.0,0.5613,0.5615,0.5612,0.5613,3006.3
2024-06-30 04:46:00,1719722760.0,0.5613,0.5613,0.5611,0.5612,2485.8
2024-06-30 04:47:00,1719722820.0,0.5612,0.5617,0.5612,0.5615,4412.9
2024-06-30 04:48:00,1719722880.0,0.5615,0.5616,0.5614,0.5614,4005.8
2024-06-30 04:49:00,1719722940.0,0.5615,0.5617,0.5614,0.5615,6377.0
2024-06-30 04:50:00,1719723000.0,0.5615,0.5616,0.5615,0.5615,368.2
2024-06-30 04:51:00,1719723060.0,0.5614,0.5617,0.5613,0.5616,1361.8
2024-06-30 04:52:00,1719723120.0,0.5616,0.5616,0.5612,0.5614,749.9
2024-06-30 04:53:00,1719723180.0,0.5614,0.5614,0.5612,0.5613,211.2
2024-06-30 04:54:00,1719723240.0,0.5613,0.5613,0.5612,0.5612,753.7
2024-06-30 04:55:00,1719723300.0,0.5613,0.5613,0.5612,0.5612,2065.5
2024-06-30 04:56:00,1719723360.0,0.5612,0.5613,0.561,0.5612,5517.9
2024-06-30 04:57:00,1719723420.0,0.5612,0.5612,0.5611,0.5612,169.7
2024-06-30 04:58:00,1719723480.0,0.5612,0.5613,0.5612,0.5612,283.5
2024-06-30 04:59:00,1719723540.0,0.5612,0.5613,0.5611,0.5612,2029.0
2024-06-30 05:00:00,1719723600.0,0.5612,0.5614,0.5612,0.5612,11182.2
2024-06-30 05:01:00,1719723660.0,0.5612,0.5613,0.5612,0.5613,85.2
2024-06-30 05:02:00,1719723720.0,0.5615,0.5615,0.5615,0.5615,100.7
2024-06-30 05:03:00,1719723780.0,0.5615,0.5616,0.5613,0.5613,278.9
2024-06-30 05:04:00,1719723840.0,0.5612,0.5613,0.5611,0.5613,4406.1
2024-06-30 05:05:00,1719723900.0,0.5612,0.5612,0.5603,0.5605,27292.0
2024-06-30 05:06:00,1719723960.0,0.5605,0.5606,0.5603,0.5603,3064.0
2024-06-30 05:07:00,1719724020.0,0.5604,0.5608,0.5604,0.5608,985.7
2024-06-30 05:08:00,1719724080.0,0.5605,0.5606,0.5604,0.5604,1338.6
2024-06-30 05:09:00,1719724140.0,0.5603,0.5603,0.5603,0.5603,54.7
2024-06-30 05:10:00,1719724200.0,0.5604,0.5604,0.5604,0.5604,1045.8
2024-06-30 05:11:00,1719724260.0,0.5604,0.5604,0.5604,0.5604,406.2
2024-06-30 05:12:00,1719724320.0,0.5607,0.5607,0.5603,0.5604,12624.4
2024-06-30 05:13:00,1719724380.0,0.5604,0.5604,0.5604,0.5604,27.6
2024-06-30 05:14:00,1719724440.0,0.5603,0.5603,0.5593,0.5597,84739.3
2024-06-30 05:15:00,1719724500.0,0.5596,0.5596,0.5584,0.5589,34438.9
2024-06-30 05:16:00,1719724560.0,0.559,0.5591,0.5588,0.559,11144.6
2024-06-30 05:17:00,1719724620.0,0.5591,0.5601,0.5591,0.5601,36471.1
2024-06-30 05:18:00,1719724680.0,0.56,0.5613,0.56,0.5608,24387.9
2024-06-30 05:19:00,1719724740.0,0.5608,0.5608,0.5607,0.5607,1026.6
2024-06-30 05:20:00,1719724800.0,0.5606,0.5606,0.5601,0.5604,29790.0
2024-06-30 05:21:00,1719724860.0,0.5605,0.5605,0.5602,0.5602,6319.5
2024-06-30 05:22:00,1719724920.0,0.5601,0.5602,0.5601,0.5601,251.4
2024-06-30 05:23:00,1719724980.0,0.5602,0.5608,0.5602,0.5608,6381.9
2024-06-30 05:24:00,1719725040.0,0.5608,0.5613,0.5608,0.5613,3072.9
2024-06-30 05:25:00,1719725100.0,0.5614,0.5615,0.5614,0.5614,2134.5
2024-06-30 05:26:00,1719725160.0,0.5613,0.5613,0.5612,0.5612,4863.0
2024-06-30 05:27:00,1719725220.0,0.561,0.561,0.5608,0.5609,664.4
2024-06-30 05:28:00,1719725280.0,0.561,0.5612,0.561,0.5611,3339.1
2024-06-30 05:29:00,1719725340.0,0.5612,0.5612,0.5611,0.5611,7564.3
2024-06-30 05:30:00,1719725400.0,0.5609,0.5609,0.5606,0.5606,15158.0
2024-06-30 05:31:00,1719725460.0,0.5606,0.5606,0.5606,0.5606,0.0
2024-06-30 05:32:00,1719725520.0,0.5607,0.5607,0.5607,0.5607,219.1
2024-06-30 05:33:00,1719725580.0,0.5609,0.561,0.5608,0.5608,5528.3
2024-06-30 05:34:00,1719725640.0,0.5608,0.561,0.5608,0.561,282.6
2024-06-30 05:35:00,1719725700.0,0.561,0.561,0.5609,0.561,1447.1
2024-06-30 05:36:00,1719725760.0,0.5609,0.561,0.5609,0.561,49.0
2024-06-30 05:37:00,1719725820.0,0.561,0.5616,0.561,0.5616,15199.5
2024-06-30 05:38:00,1719725880.0,0.5615,0.5617,0.5613,0.5613,8291.2
2024-06-30 05:39:00,1719725940.0,0.5616,0.5616,0.5615,0.5615,356.4
2024-06-30 05:40:00,1719726000.0,0.5615,0.5615,0.561,0.561,32633.5
2024-06-30 05:41:00,1719726060.0,0.5611,0.5612,0.5611,0.5612,778.2
2024-06-30 05:42:00,1719726120.0,0.5613,0.5615,0.5613,0.5613,5174.3
2024-06-30 05:43:00,1719726180.0,0.5611,0.5611,0.5609,0.5609,1874.3
2024-06-30 05:44:00,1719726240.0,0.5609,0.5609,0.5608,0.5608,1883.5
2024-06-30 05:45:00,1719726300.0,0.5608,0.5608,0.5608,0.5608,1356.4
2024-06-30 05:46:00,1719726360.0,0.561,0.5613,0.561,0.5613,10472.5
2024-06-30 05:47:00,1719726420.0,0.5613,0.5613,0.5611,0.5611,3602.8
2024-06-30 05:48:00,1719726480.0,0.5611,0.5611,0.5609,0.5611,335.4
2024-06-30 05:49:00,1719726540.0,0.5609,0.5611,0.5609,0.5609,168.4
2024-06-30 05:50:00,1719726600.0,0.5609,0.5609,0.5608,0.5608,73.6
2024-06-30 05:51:00,1719726660.0,0.5608,0.5608,0.5608,0.5608,9.3
2024-06-30 05:52:00,1719726720.0,0.5607,0.5609,0.5607,0.5609,303.3
2024-06-30 05:53:00,1719726780.0,0.5606,0.5613,0.5606,0.5612,29360.9
2024-06-30 05:54:00,1719726840.0,0.5612,0.5613,0.5608,0.5608,5249.8
2024-06-30 05:55:00,1719726900.0,0.5608,0.5608,0.5608,0.5608,140.3
2024-06-30 05:56:00,1719726960.0,0.5609,0.5609,0.56,0.5601,21191.8
2024-06-30 05:57:00,1719727020.0,0.56,0.5603,0.56,0.5602,5149.1
2024-06-30 05:58:00,1719727080.0,0.5602,0.5603,0.5602,0.5603,177.1
2024-06-30 05:59:00,1719727140.0,0.5604,0.5606,0.5604,0.5606,1301.2
2024-06-30 06:00:00,1719727200.0,0.5606,0.5608,0.5605,0.5606,8971.8
2024-06-30 06:01:00,1719727260.0,0.5604,0.5606,0.5604,0.5604,8742.3
2024-06-30 06:02:00,1719727320.0,0.5604,0.5604,0.5603,0.5603,998.0
2024-06-30 06:03:00,1719727380.0,0.5602,0.5602,0.5599,0.5601,7628.5
2024-06-30 06:04:00,1719727440.0,0.5601,0.5601,0.5601,0.5601,0.0
2024-06-30 06:05:00,1719727500.0,0.5604,0.5606,0.5604,0.5606,14185.7
2024-06-30 06:06:00,1719727560.0,0.5606,0.5607,0.5605,0.5606,4273.0
2024-06-30 06:07:00,1719727620.0,0.5607,0.5607,0.5607,0.5607,108.6
2024-06-30 06:08:00,1719727680.0,0.5607,0.5607,0.5607,0.5607,146.2
2024-06-30 06:09:00,1719727740.0,0.5606,0.5607,0.5606,0.5607,293.3
2024-06-30 06:10:00,1719727800.0,0.5607,0.5608,0.5605,0.5605,5698.6
2024-06-30 06:11:00,1719727860.0,0.5604,0.5606,0.5604,0.5605,4190.5
2024-06-30 06:12:00,1719727920.0,0.5604,0.5606,0.5604,0.5605,2190.7
2024-06-30 06:13:00,1719727980.0,0.5606,0.5606,0.5604,0.5606,1027.8
2024-06-30 06:14:00,1719728040.0,0.5606,0.5616,0.5606,0.5614,27750.5
2024-06-30 06:15:00,1719728100.0,0.562,0.5624,0.5615,0.5615,19016.0
2024-06-30 06:16:00,1719728160.0,0.5615,0.5619,0.5614,0.5619,3136.8
2024-06-30 06:17:00,1719728220.0,0.5621,0.5625,0.562,0.5625,7195.5
2024-06-30 06:18:00,1719728280.0,0.5625,0.5629,0.5624,0.5627,7654.6
2024-06-30 06:19:00,1719728340.0,0.5626,0.5626,0.5624,0.5624,7061.1
2024-06-30 06:20:00,1719728400.0,0.5623,0.5623,0.562,0.562,2813.1
2024-06-30 06:21:00,1719728460.0,0.5618,0.5618,0.5618,0.5618,153.5
2024-06-30 06:22:00,1719728520.0,0.5618,0.562,0.5618,0.562,677.2
2024-06-30 06:23:00,1719728580.0,0.562,0.562,0.5619,0.5619,530.0
2024-06-30 06:24:00,1719728640.0,0.5619,0.5619,0.5618,0.5618,372.4
2024-06-30 06:25:00,1719728700.0,0.5618,0.5618,0.5616,0.5616,15890.4
2024-06-30 06:26:00,1719728760.0,0.5616,0.5616,0.561,0.5615,8536.0
2024-06-30 06:27:00,1719728820.0,0.5615,0.5616,0.5615,0.5616,144.9
2024-06-30 06:28:00,1719728880.0,0.5617,0.5617,0.5617,0.5617,157.2
2024-06-30 06:29:00,1719728940.0,0.5621,0.5621,0.562,0.562,1795.0
2024-06-30 06:30:00,1719729000.0,0.5619,0.5619,0.5618,0.5618,60.8
2024-06-30 06:31:00,1719729060.0,0.5616,0.5617,0.5615,0.5615,236.6
2024-06-30 06:32:00,1719729120.0,0.5615,0.5617,0.5615,0.5617,1202.5
2024-06-30 06:33:00,1719729180.0,0.5617,0.5617,0.5617,0.5617,0.0
2024-06-30 06:34:00,1719729240.0,0.5617,0.5617,0.5612,0.5612,12751.7
2024-06-30 06:35:00,1719729300.0,0.5612,0.5612,0.5612,0.5612,0.0
2024-06-30 06:36:00,1719729360.0,0.5611,0.5611,0.5611,0.5611,12.9
2024-06-30 06:37:00,1719729420.0,0.5611,0.5617,0.5611,0.5617,11413.5
2024-06-30 06:38:00,1719729480.0,0.5618,0.5618,0.5618,0.5618,479.0
2024-06-30 06:39:00,1719729540.0,0.5619,0.5625,0.5619,0.5624,34944.8
2024-06-30 06:40:00,1719729600.0,0.5622,0.5626,0.5622,0.5625,7038.2
2024-06-30 06:41:00,1719729660.0,0.5626,0.5627,0.5625,0.5626,2130.1
2024-06-30 06:42:00,1719729720.0,0.5627,0.5629,0.5627,0.5628,3392.3
2024-06-30 06:43:00,1719729780.0,0.5629,0.5634,0.5629,0.5634,18949.2
2024-06-30 06:44:00,1719729840.0,0.5634,0.5634,0.5631,0.5631,10720.4
2024-06-30 06:45:00,1719729900.0,0.563,0.563,0.5628,0.5628,8770.7
2024-06-30 06:46:00,1719729960.0,0.5628,0.5628,0.5628,0.5628,9.0
2024-06-30 06:47:00,1719730020.0,0.5628,0.5631,0.5628,0.5631,207.9
2024-06-30 06:48:00,1719730080.0,0.563,0.5635,0.563,0.5634,1297.6
2024-06-30 06:49:00,1719730140.0,0.5634,0.5638,0.5634,0.5636,14686.6
2024-06-30 06:50:00,1719730200.0,0.5634,0.5635,0.5633,0.5633,535.7
2024-06-30 06:51:00,1719730260.0,0.5634,0.5638,0.5634,0.5638,197.8
2024-06-30 06:52:00,1719730320.0,0.5639,0.564,0.5638,0.564,1754.8
2024-06-30 06:53:00,1719730380.0,0.564,0.564,0.5639,0.5639,1469.2
2024-06-30 06:54:00,1719730440.0,0.5636,0.5636,0.5635,0.5635,1100.4
2024-06-30 06:55:00,1719730500.0,0.5635,0.5635,0.5635,0.5635,805.7
2024-06-30 06:56:00,1719730560.0,0.5634,0.5634,0.5634,0.5634,11.5
2024-06-30 06:57:00,1719730620.0,0.5635,0.5639,0.5634,0.5639,5150.1
2024-06-30 06:58:00,1719730680.0,0.564,0.5644,0.564,0.5643,12581.8
2024-06-30 06:59:00,1719730740.0,0.5642,0.5643,0.5642,0.5643,112.0
2024-06-30 07:00:00,1719730800.0,0.5645,0.5648,0.5645,0.5646,3343.4
2024-06-30 07:01:00,1719730860.0,0.5648,0.5658,0.5648,0.5658,10962.1
2024-06-30 07:02:00,1719730920.0,0.566,0.567,0.566,0.5666,46065.2
2024-06-30 07:03:00,1719730980.0,0.5665,0.5665,0.5662,0.5665,15733.2
2024-06-30 07:04:00,1719731040.0,0.5666,0.5666,0.5664,0.5665,1114.7
2024-06-30 07:05:00,1719731100.0,0.5666,0.568,0.5666,0.5677,16080.3
2024-06-30 07:06:00,1719731160.0,0.5678,0.5687,0.5678,0.5687,23696.2
2024-06-30 07:07:00,1719731220.0,0.5692,0.5696,0.5682,0.5684,37410.6
2024-06-30 07:08:00,1719731280.0,0.5683,0.5696,0.5683,0.569,59092.0
2024-06-30 07:09:00,1719731340.0,0.5691,0.5694,0.5688,0.5689,26915.5
2024-06-30 07:10:00,1719731400.0,0.5689,0.5704,0.5688,0.5704,46171.7
2024-06-30 07:11:00,1719731460.0,0.5704,0.5709,0.57,0.5702,27190.7
2024-06-30 07:12:00,1719731520.0,0.5704,0.5714,0.5702,0.571,54471.7
2024-06-30 07:13:00,1719731580.0,0.5711,0.5714,0.5707,0.5708,7358.4
2024-06-30 07:14:00,1719731640.0,0.5708,0.5713,0.5707,0.5709,16365.8
2024-06-30 07:15:00,1719731700.0,0.5709,0.5716,0.5708,0.5715,6278.0
2024-06-30 07:16:00,1719731760.0,0.5715,0.5717,0.5714,0.5715,5763.1
2024-06-30 07:17:00,1719731820.0,0.5717,0.5729,0.5716,0.5728,35376.6
2024-06-30 07:18:00,1719731880.0,0.5729,0.5735,0.5728,0.5728,26582.4
2024-06-30 07:19:00,1719731940.0,0.5728,0.5728,0.5711,0.5712,28546.9
2024-06-30 07:20:00,1719732000.0,0.5714,0.5719,0.5707,0.5714,130767.6
2024-06-30 07:21:00,1719732060.0,0.5717,0.5725,0.5716,0.5725,10435.9
2024-06-30 07:22:00,1719732120.0,0.5726,0.5726,0.5715,0.5716,10149.4
2024-06-30 07:23:00,1719732180.0,0.5717,0.5728,0.5717,0.5728,9138.7
2024-06-30 07:24:00,1719732240.0,0.5725,0.5728,0.5724,0.5724,7710.4
2024-06-30 07:25:00,1719732300.0,0.5725,0.5725,0.5724,0.5725,3249.5
2024-06-30 07:26:00,1719732360.0,0.5726,0.573,0.5726,0.5729,4610.4
2024-06-30 07:27:00,1719732420.0,0.5731,0.5737,0.5731,0.5736,7389.9
2024-06-30 07:28:00,1719732480.0,0.574,0.5744,0.5739,0.5739,18600.8
2024-06-30 07:29:00,1719732540.0,0.5739,0.5753,0.5738,0.5753,21694.3
2024-06-30 07:30:00,1719732600.0,0.5751,0.5753,0.5748,0.5749,20842.0
2024-06-30 07:31:00,1719732660.0,0.5749,0.5749,0.5742,0.5742,31812.0
2024-06-30 07:32:00,1719732720.0,0.5741,0.5741,0.5737,0.5738,418.3
2024-06-30 07:33:00,1719732780.0,0.5738,0.5739,0.5736,0.5739,1637.4
2024-06-30 07:34:00,1719732840.0,0.5738,0.5751,0.5738,0.5751,29680.3
2024-06-30 07:35:00,1719732900.0,0.5752,0.576,0.5751,0.5758,72459.1
2024-06-30 07:36:00,1719732960.0,0.5757,0.5762,0.5757,0.5759,7725.0
2024-06-30 07:37:00,1719733020.0,0.5758,0.5758,0.5749,0.5752,49912.3
2024-06-30 07:38:00,1719733080.0,0.5755,0.5759,0.5754,0.5755,13046.9
2024-06-30 07:39:00,1719733140.0,0.5756,0.5758,0.5755,0.5758,2395.8
2024-06-30 07:40:00,1719733200.0,0.5758,0.5758,0.5755,0.5755,1983.7
2024-06-30 07:41:00,1719733260.0,0.5756,0.5757,0.5755,0.5757,635.4
2024-06-30 07:42:00,1719733320.0,0.5759,0.5759,0.5756,0.5756,2745.8
2024-06-30 07:43:00,1719733380.0,0.5756,0.5759,0.5755,0.5759,2714.4
2024-06-30 07:44:00,1719733440.0,0.576,0.5765,0.5759,0.576,13813.3
2024-06-30 07:45:00,1719733500.0,0.5761,0.5763,0.5756,0.5756,19104.1
2024-06-30 07:46:00,1719733560.0,0.5753,0.5756,0.5753,0.5754,12343.2
2024-06-30 07:47:00,1719733620.0,0.5752,0.5756,0.5748,0.5749,13683.1
2024-06-30 07:48:00,1719733680.0,0.575,0.5751,0.5737,0.5737,20408.0
2024-06-30 07:49:00,1719733740.0,0.5737,0.5739,0.5732,0.5739,44744.9
2024-06-30 07:50:00,1719733800.0,0.5737,0.5738,0.5737,0.5738,2969.1
2024-06-30 07:51:00,1719733860.0,0.5739,0.574,0.5736,0.5737,2135.8
2024-06-30 07:52:00,1719733920.0,0.5735,0.5735,0.5729,0.5729,13411.2
2024-06-30 07:53:00,1719733980.0,0.5727,0.5731,0.5727,0.5731,7811.3
2024-06-30 07:54:00,1719734040.0,0.5732,0.5736,0.5732,0.5733,30029.3
2024-06-30 07:55:00,1719734100.0,0.5737,0.5737,0.5731,0.5732,12874.7
2024-06-30 07:56:00,1719734160.0,0.5733,0.5737,0.5733,0.5735,5076.4
2024-06-30 07:57:00,1719734220.0,0.5738,0.5738,0.5738,0.5738,71.5
2024-06-30 07:58:00,1719734280.0,0.5736,0.5736,0.5732,0.5733,10936.5
2024-06-30 07:59:00,1719734340.0,0.5732,0.5737,0.5732,0.5737,2888.9
2024-06-30 08:00:00,1719734400.0,0.5736,0.5736,0.5733,0.5735,10595.6
2024-06-30 08:01:00,1719734460.0,0.5736,0.5737,0.5733,0.5735,26327.2
2024-06-30 08:02:00,1719734520.0,0.5736,0.5739,0.5736,0.5738,3840.5
2024-06-30 08:03:00,1719734580.0,0.5739,0.5746,0.5739,0.5746,20208.1
2024-06-30 08:04:00,1719734640.0,0.5746,0.5746,0.5741,0.5741,11709.2
2024-06-30 08:05:00,1719734700.0,0.5741,0.5749,0.5741,0.5748,2729.6
2024-06-30 08:06:00,1719734760.0,0.575,0.5752,0.575,0.5751,6042.6
2024-06-30 08:07:00,1719734820.0,0.5746,0.575,0.5746,0.5749,10034.8
2024-06-30 08:08:00,1719734880.0,0.5748,0.5749,0.5742,0.5748,7190.2
2024-06-30 08:09:00,1719734940.0,0.5747,0.5747,0.5742,0.5745,7095.2
2024-06-30 08:10:00,1719735000.0,0.5743,0.5746,0.5738,0.5738,21496.1
2024-06-30 08:11:00,1719735060.0,0.5737,0.5737,0.5732,0.5733,25421.2
2024-06-30 08:12:00,1719735120.0,0.5734,0.5735,0.5731,0.5733,21556.0
2024-06-30 08:13:00,1719735180.0,0.5734,0.5734,0.5725,0.5725,12537.5
2024-06-30 08:14:00,1719735240.0,0.5728,0.5729,0.5728,0.5729,902.0
2024-06-30 08:15:00,1719735300.0,0.5727,0.5731,0.5725,0.5725,3044.0
2024-06-30 08:16:00,1719735360.0,0.5727,0.5732,0.5725,0.5732,22822.4
2024-06-30 08:17:00,1719735420.0,0.5733,0.5735,0.5731,0.5735,19424.7
2024-06-30 08:18:00,1719735480.0,0.5736,0.5736,0.5731,0.5732,10131.1
2024-06-30 08:19:00,1719735540.0,0.5733,0.5741,0.5733,0.5741,10962.8
2024-06-30 08:20:00,1719735600.0,0.5742,0.5744,0.5739,0.5739,11605.7
2024-06-30 08:21:00,1719735660.0,0.5739,0.574,0.5739,0.574,2303.6
2024-06-30 08:22:00,1719735720.0,0.5739,0.574,0.5738,0.574,13856.3
2024-06-30 08:23:00,1719735780.0,0.574,0.574,0.574,0.574,0.0
2024-06-30 08:24:00,1719735840.0,0.574,0.574,0.5737,0.5737,3816.6
2024-06-30 08:25:00,1719735900.0,0.5737,0.574,0.5737,0.574,1661.3
2024-06-30 08:26:00,1719735960.0,0.5739,0.5739,0.5738,0.5738,1423.1
2024-06-30 08:27:00,1719736020.0,0.5737,0.5737,0.5735,0.5735,5743.1
2024-06-30 08:28:00,1719736080.0,0.5737,0.5737,0.5732,0.5732,13288.8
2024-06-30 08:29:00,1719736140.0,0.5731,0.5734,0.5731,0.5734,7334.6
2024-06-30 08:30:00,1719736200.0,0.5734,0.5734,0.5729,0.5729,5202.4
2024-06-30 08:31:00,1719736260.0,0.5729,0.5735,0.5729,0.5735,11466.7
2024-06-30 08:32:00,1719736320.0,0.5735,0.5736,0.5733,0.5734,9100.8
2024-06-30 08:33:00,1719736380.0,0.5738,0.5738,0.5738,0.5738,33.4
2024-06-30 08:34:00,1719736440.0,0.5741,0.5741,0.574,0.574,1821.1
2024-06-30 08:35:00,1719736500.0,0.5739,0.5748,0.5739,0.5748,34216.4
2024-06-30 08:36:00,1719736560.0,0.5749,0.5751,0.5749,0.5749,7246.4
2024-06-30 08:37:00,1719736620.0,0.5749,0.5754,0.5749,0.5752,25098.4
2024-06-30 08:38:00,1719736680.0,0.5752,0.5753,0.5752,0.5752,4574.9
2024-06-30 08:39:00,1719736740.0,0.5752,0.5752,0.575,0.575,2638.9
2024-06-30 08:40:00,1719736800.0,0.5751,0.5753,0.5751,0.5752,1183.0
2024-06-30 08:41:00,1719736860.0,0.5752,0.5752,0.5752,0.5752,0.0
2024-06-30 08:42:00,1719736920.0,0.5751,0.5751,0.5749,0.575,13157.4
2024-06-30 08:43:00,1719736980.0,0.5751,0.5753,0.575,0.575,1846.6
2024-06-30 08:44:00,1719737040.0,0.5749,0.5749,0.5746,0.5746,10898.7
2024-06-30 08:45:00,1719737100.0,0.5746,0.5748,0.5746,0.5748,2759.1
2024-06-30 08:46:00,1719737160.0,0.5749,0.575,0.5749,0.5749,7131.0
2024-06-30 08:47:00,1719737220.0,0.5749,0.5753,0.5749,0.5749,5099.7
2024-06-30 08:48:00,1719737280.0,0.5748,0.5748,0.5747,0.5748,2578.1
2024-06-30 08:49:00,1719737340.0,0.5753,0.5753,0.5748,0.5748,4843.5
2024-06-30 08:50:00,1719737400.0,0.5748,0.5748,0.5748,0.5748,0.0
2024-06-30 08:51:00,1719737460.0,0.5748,0.5748,0.5748,0.5748,19.0
2024-06-30 08:52:00,1719737520.0,0.5747,0.5747,0.5746,0.5746,3783.7
2024-06-30 08:53:00,1719737580.0,0.5749,0.5754,0.5749,0.5752,12098.1
2024-06-30 08:54:00,1719737640.0,0.5752,0.5752,0.575,0.5751,2916.2
2024-06-30 08:55:00,1719737700.0,0.575,0.575,0.5748,0.5748,10518.9
2024-06-30 08:56:00,1719737760.0,0.5747,0.5747,0.5746,0.5746,2230.5
2024-06-30 08:57:00,1719737820.0,0.5745,0.5745,0.5745,0.5745,4134.6
2024-06-30 08:58:00,1719737880.0,0.5746,0.5746,0.5745,0.5745,3497.4
2024-06-30 08:59:00,1719737940.0,0.5745,0.5746,0.5745,0.5746,3028.4
2024-06-30 09:00:00,1719738000.0,0.5746,0.5746,0.5741,0.5742,20410.1
2024-06-30 09:01:00,1719738060.0,0.5743,0.5743,0.5742,0.5742,2842.0
2024-06-30 09:02:00,1719738120.0,0.5736,0.5737,0.5736,0.5737,78.3
2024-06-30 09:03:00,1719738180.0,0.5739,0.5739,0.5736,0.5736,1411.0
2024-06-30 09:04:00,1719738240.0,0.5737,0.5737,0.5737,0.5737,851.4
2024-06-30 09:05:00,1719738300.0,0.5739,0.5744,0.5739,0.5744,27447.5
2024-06-30 09:06:00,1719738360.0,0.5745,0.5746,0.5744,0.5745,505.5
2024-06-30 09:07:00,1719738420.0,0.5742,0.5746,0.5742,0.5746,12233.9
2024-06-30 09:08:00,1719738480.0,0.5746,0.5746,0.5746,0.5746,634.7
2024-06-30 09:09:00,1719738540.0,0.5747,0.5755,0.5746,0.5755,32782.2
2024-06-30 09:10:00,1719738600.0,0.5756,0.5756,0.5755,0.5756,4808.9
2024-06-30 09:11:00,1719738660.0,0.5756,0.5756,0.5751,0.5751,17994.9
2024-06-30 09:12:00,1719738720.0,0.5748,0.5748,0.5744,0.5745,2213.7
2024-06-30 09:13:00,1719738780.0,0.5745,0.5745,0.5745,0.5745,1093.1
2024-06-30 09:14:00,1719738840.0,0.5744,0.5745,0.5736,0.5737,34274.5
2024-06-30 09:15:00,1719738900.0,0.5738,0.574,0.5737,0.5737,10379.2
2024-06-30 09:16:00,1719738960.0,0.5737,0.5744,0.5737,0.5742,21578.2
2024-06-30 09:17:00,1719739020.0,0.5741,0.5743,0.5741,0.5741,12114.6
2024-06-30 09:18:00,1719739080.0,0.5739,0.5739,0.5739,0.5739,133.6
2024-06-30 09:19:00,1719739140.0,0.5737,0.574,0.5737,0.574,4961.2
2024-06-30 09:20:00,1719739200.0,0.5739,0.5739,0.5737,0.5738,933.5
2024-06-30 09:21:00,1719739260.0,0.5737,0.5737,0.5734,0.5734,709.2
2024-06-30 09:22:00,1719739320.0,0.5737,0.5737,0.5737,0.5737,110.9
2024-06-30 09:23:00,1719739380.0,0.5737,0.5737,0.5737,0.5737,597.7
2024-06-30 09:24:00,1719739440.0,0.5738,0.574,0.5738,0.574,3850.9
2024-06-30 09:25:00,1719739500.0,0.574,0.5746,0.574,0.5744,11459.2
2024-06-30 09:26:00,1719739560.0,0.5744,0.5744,0.5744,0.5744,0.0
2024-06-30 09:27:00,1719739620.0,0.5746,0.5754,0.5746,0.5748,39354.6
2024-06-30 09:28:00,1719739680.0,0.5748,0.5748,0.5748,0.5748,0.0
2024-06-30 09:29:00,1719739740.0,0.575,0.575,0.5747,0.5747,5551.3
2024-06-30 09:30:00,1719739800.0,0.5746,0.5749,0.5746,0.5749,866.4
2024-06-30 09:31:00,1719739860.0,0.5746,0.5748,0.5745,0.5745,1774.4
2024-06-30 09:32:00,1719739920.0,0.5746,0.5746,0.5746,0.5746,33.3
2024-06-30 09:33:00,1719739980.0,0.5745,0.5746,0.5743,0.5743,9231.6
2024-06-30 09:34:00,1719740040.0,0.5744,0.5744,0.5738,0.5738,15247.7
2024-06-30 09:35:00,1719740100.0,0.5739,0.5743,0.5739,0.5741,16087.5
2024-06-30 09:36:00,1719740160.0,0.5739,0.5741,0.5737,0.5737,363.9
2024-06-30 09:37:00,1719740220.0,0.5736,0.5736,0.5733,0.5733,5982.6
2024-06-30 09:38:00,1719740280.0,0.5733,0.5733,0.573,0.5732,8832.0
2024-06-30 09:39:00,1719740340.0,0.5732,0.5732,0.5727,0.5727,3084.8
2024-06-30 09:40:00,1719740400.0,0.5726,0.5728,0.5726,0.5728,92.8
2024-06-30 09:41:00,1719740460.0,0.5727,0.5727,0.5726,0.5726,206.7
2024-06-30 09:42:00,1719740520.0,0.5726,0.5726,0.5725,0.5725,2839.1
2024-06-30 09:43:00,1719740580.0,0.5725,0.5725,0.5725,0.5725,478.0
2024-06-30 09:44:00,1719740640.0,0.5727,0.5727,0.5727,0.5727,686.5
2024-06-30 09:45:00,1719740700.0,0.5728,0.5728,0.5726,0.5728,1541.2
2024-06-30 09:46:00,1719740760.0,0.5728,0.5728,0.5728,0.5728,0.0
2024-06-30 09:47:00,1719740820.0,0.5726,0.5726,0.5721,0.5722,10679.3
2024-06-30 09:48:00,1719740880.0,0.5721,0.5722,0.5718,0.5719,8059.1
2024-06-30 09:49:00,1719740940.0,0.5717,0.5717,0.5716,0.5716,302.7
2024-06-30 09:50:00,1719741000.0,0.5717,0.5719,0.5717,0.5717,6421.9
2024-06-30 09:51:00,1719741060.0,0.5716,0.5716,0.5715,0.5715,1052.3
2024-06-30 09:52:00,1719741120.0,0.5715,0.5715,0.5715,0.5715,16.8
2024-06-30 09:53:00,1719741180.0,0.5717,0.5717,0.5714,0.5716,10049.4
2024-06-30 09:54:00,1719741240.0,0.5716,0.5717,0.5713,0.5715,4944.5
2024-06-30 09:55:00,1719741300.0,0.5716,0.5718,0.5715,0.5717,3214.3
2024-06-30 09:56:00,1719741360.0,0.5717,0.5719,0.5715,0.5718,2237.1
2024-06-30 09:57:00,1719741420.0,0.5716,0.5716,0.5716,0.5716,42.1
2024-06-30 09:58:00,1719741480.0,0.5716,0.5716,0.5716,0.5716,0.0
2024-06-30 09:59:00,1719741540.0,0.5717,0.5717,0.5715,0.5715,1735.6
2024-06-30 10:00:00,1719741600.0,0.5715,0.5715,0.5713,0.5715,4277.4
2024-06-30 10:01:00,1719741660.0,0.5715,0.5716,0.5715,0.5716,802.0
2024-06-30 10:02:00,1719741720.0,0.5716,0.5717,0.5715,0.5717,1744.7
2024-06-30 10:03:00,1719741780.0,0.5717,0.5717,0.5717,0.5717,242.3
2024-06-30 10:04:00,1719741840.0,0.5715,0.5715,0.5714,0.5714,867.6
2024-06-30 10:05:00,1719741900.0,0.5714,0.5714,0.5714,0.5714,0.0
2024-06-30 10:06:00,1719741960.0,0.5716,0.5716,0.5713,0.5715,56437.7
2024-06-30 10:07:00,1719742020.0,0.5716,0.5716,0.571,0.5713,60603.6
2024-06-30 10:08:00,1719742080.0,0.5714,0.5714,0.5714,0.5714,593.3
2024-06-30 10:09:00,1719742140.0,0.5715,0.5715,0.5714,0.5715,6387.3
2024-06-30 10:10:00,1719742200.0,0.5716,0.5717,0.5716,0.5716,3099.2
2024-06-30 10:11:00,1719742260.0,0.5714,0.5715,0.5714,0.5715,599.6
2024-06-30 10:12:00,1719742320.0,0.5715,0.5715,0.5715,0.5715,10.7
2024-06-30 10:13:00,1719742380.0,0.5714,0.5714,0.5714,0.5714,1085.9
2024-06-30 10:14:00,1719742440.0,0.5714,0.5714,0.5713,0.5713,1505.1
2024-06-30 10:15:00,1719742500.0,0.5713,0.5713,0.5705,0.5705,4802.7
2024-06-30 10:16:00,1719742560.0,0.5705,0.5707,0.5705,0.5707,3386.5
2024-06-30 10:17:00,1719742620.0,0.5707,0.5707,0.5707,0.5707,0.0
2024-06-30 10:18:00,1719742680.0,0.5701,0.5701,0.5698,0.5698,429.7
2024-06-30 10:19:00,1719742740.0,0.5699,0.5701,0.5698,0.5698,1835.0
2024-06-30 10:20:00,1719742800.0,0.5698,0.5698,0.5694,0.5694,3195.1
2024-06-30 10:21:00,1719742860.0,0.5698,0.5698,0.5698,0.5698,56.2
2024-06-30 10:22:00,1719742920.0,0.5695,0.5695,0.5695,0.5695,45.6
2024-06-30 10:23:00,1719742980.0,0.5695,0.5695,0.5695,0.5695,0.0
2024-06-30 10:24:00,1719743040.0,0.5698,0.5699,0.5698,0.5699,410.4
2024-06-30 10:25:00,1719743100.0,0.5696,0.5708,0.5696,0.5707,53794.3
2024-06-30 10:26:00,1719743160.0,0.5708,0.5715,0.5706,0.5715,21536.2
2024-06-30 10:27:00,1719743220.0,0.5715,0.5718,0.5713,0.5718,1362.0
2024-06-30 10:28:00,1719743280.0,0.5717,0.5719,0.5717,0.5719,1843.0
2024-06-30 10:29:00,1719743340.0,0.5719,0.5719,0.5717,0.5717,275.5
2024-06-30 10:30:00,1719743400.0,0.572,0.572,0.5719,0.572,805.8
2024-06-30 10:31:00,1719743460.0,0.572,0.5729,0.572,0.5729,2959.8
2024-06-30 10:32:00,1719743520.0,0.5729,0.5729,0.5726,0.5726,4096.4
2024-06-30 10:33:00,1719743580.0,0.5725,0.5725,0.5718,0.5718,20613.7
2024-06-30 10:34:00,1719743640.0,0.5719,0.5719,0.5719,0.5719,596.9
2024-06-30 10:35:00,1719743700.0,0.5715,0.5715,0.5714,0.5714,1683.9
2024-06-30 10:36:00,1719743760.0,0.5714,0.5716,0.5711,0.5711,16676.5
2024-06-30 10:37:00,1719743820.0,0.5707,0.5707,0.5707,0.5707,13.2
2024-06-30 10:38:00,1719743880.0,0.5706,0.5706,0.5704,0.5706,1175.2
2024-06-30 10:39:00,1719743940.0,0.5707,0.5707,0.5706,0.5706,236.7
2024-06-30 10:40:00,1719744000.0,0.5705,0.5705,0.5704,0.5704,5508.5
2024-06-30 10:41:00,1719744060.0,0.5705,0.5708,0.5704,0.5707,6185.2
2024-06-30 10:42:00,1719744120.0,0.5706,0.5706,0.5701,0.5701,2224.9
2024-06-30 10:43:00,1719744180.0,0.5698,0.5698,0.5698,0.5698,116.6
2024-06-30 10:44:00,1719744240.0,0.5699,0.5699,0.5697,0.5697,510.6
2024-06-30 10:45:00,1719744300.0,0.5699,0.5699,0.5685,0.5687,91725.8
2024-06-30 10:46:00,1719744360.0,0.5689,0.5695,0.5689,0.5692,61068.1
2024-06-30 10:47:00,1719744420.0,0.5692,0.5695,0.5691,0.5695,6352.7
2024-06-30 10:48:00,1719744480.0,0.5696,0.5699,0.5696,0.5699,1142.3
2024-06-30 10:49:00,1719744540.0,0.5696,0.5698,0.5696,0.5698,1695.5
2024-06-30 10:50:00,1719744600.0,0.5699,0.5701,0.5699,0.5701,1722.7
2024-06-30 10:51:00,1719744660.0,0.5701,0.5702,0.5701,0.5702,1077.5
2024-06-30 10:52:00,1719744720.0,0.5697,0.5697,0.5697,0.5697,2270.8
2024-06-30 10:53:00,1719744780.0,0.5696,0.5696,0.5696,0.5696,135.8
2024-06-30 10:54:00,1719744840.0,0.5698,0.5698,0.5695,0.5695,3455.7
2024-06-30 10:55:00,1719744900.0,0.5695,0.5696,0.5695,0.5695,8925.9
2024-06-30 10:56:00,1719744960.0,0.5695,0.5695,0.5695,0.5695,86.9
2024-06-30 10:57:00,1719745020.0,0.5695,0.5695,0.5695,0.5695,0.0
2024-06-30 10:58:00,1719745080.0,0.5696,0.5697,0.5694,0.5697,881.9
2024-06-30 10:59:00,1719745140.0,0.5697,0.5698,0.5697,0.5698,398.4
2024-06-30 11:00:00,1719745200.0,0.5699,0.5699,0.5699,0.5699,252.9
2024-06-30 11:01:00,1719745260.0,0.5699,0.5699,0.5698,0.5698,1707.9
2024-06-30 11:02:00,1719745320.0,0.57,0.5709,0.57,0.5705,54574.3
2024-06-30 11:03:00,1719745380.0,0.5706,0.5706,0.5702,0.5706,5979.5
2024-06-30 11:04:00,1719745440.0,0.5709,0.5709,0.5708,0.5708,592.4
2024-06-30 11:05:00,1719745500.0,0.5708,0.5711,0.5707,0.5711,5776.7
2024-06-30 11:06:00,1719745560.0,0.5712,0.572,0.5711,0.5716,71566.5
2024-06-30 11:07:00,1719745620.0,0.5718,0.5723,0.5718,0.5718,5504.0
2024-06-30 11:08:00,1719745680.0,0.5717,0.5721,0.5716,0.572,12695.8
2024-06-30 11:09:00,1719745740.0,0.572,0.572,0.5719,0.5719,1753.3
2024-06-30 11:10:00,1719745800.0,0.5719,0.5721,0.5715,0.5716,9184.1
2024-06-30 11:11:00,1719745860.0,0.5717,0.5719,0.5716,0.5718,866.5
2024-06-30 11:12:00,1719745920.0,0.5718,0.5719,0.5718,0.5719,1931.6
2024-06-30 11:13:00,1719745980.0,0.572,0.5727,0.572,0.5726,3636.6
2024-06-30 11:14:00,1719746040.0,0.5727,0.5727,0.5725,0.5727,181.4
2024-06-30 11:15:00,1719746100.0,0.5726,0.5726,0.5714,0.5714,41470.5
2024-06-30 11:16:00,1719746160.0,0.5714,0.5715,0.5711,0.5711,15598.2
2024-06-30 11:17:00,1719746220.0,0.5711,0.5711,0.5708,0.571,3121.2
2024-06-30 11:18:00,1719746280.0,0.5707,0.5707,0.5707,0.5707,15.7
2024-06-30 11:19:00,1719746340.0,0.5706,0.5706,0.5706,0.5706,735.4
2024-06-30 11:20:00,1719746400.0,0.5709,0.5709,0.5707,0.5708,1210.9
2024-06-30 11:21:00,1719746460.0,0.5707,0.5707,0.5707,0.5707,31.8
2024-06-30 11:22:00,1719746520.0,0.5705,0.5705,0.5702,0.5702,1820.8
2024-06-30 11:23:00,1719746580.0,0.5702,0.5704,0.5702,0.5704,6827.5
2024-06-30 11:24:00,1719746640.0,0.5705,0.5705,0.5705,0.5705,21.3
2024-06-30 11:25:00,1719746700.0,0.5703,0.5706,0.5701,0.5703,19141.0
2024-06-30 11:26:00,1719746760.0,0.5701,0.5702,0.5701,0.5702,1677.9
2024-06-30 11:27:00,1719746820.0,0.5702,0.5702,0.5701,0.5702,985.4
2024-06-30 11:28:00,1719746880.0,0.5702,0.5704,0.5701,0.5702,6295.6
2024-06-30 11:29:00,1719746940.0,0.5702,0.5703,0.57,0.5701,3999.2
2024-06-30 11:30:00,1719747000.0,0.5701,0.5702,0.57,0.5702,4000.5
2024-06-30 11:31:00,1719747060.0,0.5703,0.5708,0.5703,0.5706,9418.6
2024-06-30 11:32:00,1719747120.0,0.5707,0.5708,0.5705,0.5705,3948.0
2024-06-30 11:33:00,1719747180.0,0.5705,0.5705,0.5701,0.5701,4455.3
2024-06-30 11:34:00,1719747240.0,0.5701,0.5701,0.5701,0.5701,0.0
2024-06-30 11:35:00,1719747300.0,0.57,0.57,0.57,0.57,764.7
2024-06-30 11:36:00,1719747360.0,0.57,0.5701,0.57,0.5701,4895.7
2024-06-30 11:37:00,1719747420.0,0.57,0.5702,0.57,0.5702,1001.6
2024-06-30 11:38:00,1719747480.0,0.5703,0.5703,0.5701,0.5701,384.1
2024-06-30 11:39:00,1719747540.0,0.57,0.57,0.57,0.57,30.5
2024-06-30 11:40:00,1719747600.0,0.5701,0.5701,0.5701,0.5701,66.9
2024-06-30 11:41:00,1719747660.0,0.57,0.57,0.5699,0.57,193.5
2024-06-30 11:42:00,1719747720.0,0.57,0.57,0.57,0.57,130.4
2024-06-30 11:43:00,1719747780.0,0.57,0.57,0.57,0.57,20.2
2024-06-30 11:44:00,1719747840.0,0.57,0.57,0.57,0.57,0.0
2024-06-30 11:45:00,1719747900.0,0.5699,0.5699,0.5697,0.5697,1347.9
2024-06-30 11:46:00,1719747960.0,0.5698,0.5706,0.5698,0.5706,23832.1
2024-06-30 11:47:00,1719748020.0,0.5706,0.5709,0.5704,0.5707,7870.6
2024-06-30 11:48:00,1719748080.0,0.5705,0.5705,0.5702,0.5702,7494.2
2024-06-30 11:49:00,1719748140.0,0.5702,0.5702,0.5702,0.5702,122.2
2024-06-30 11:50:00,1719748200.0,0.57,0.57,0.5696,0.5696,3672.2
2024-06-30 11:51:00,1719748260.0,0.5696,0.5696,0.5692,0.5692,29102.8
2024-06-30 11:52:00,1719748320.0,0.5692,0.5693,0.5692,0.5693,800.4
2024-06-30 11:53:00,1719748380.0,0.5692,0.5694,0.5692,0.5694,7400.6
2024-06-30 11:54:00,1719748440.0,0.5693,0.5693,0.5692,0.5693,321.9
2024-06-30 11:55:00,1719748500.0,0.5693,0.5693,0.5691,0.5692,3295.0
2024-06-30 11:56:00,1719748560.0,0.5693,0.5701,0.5693,0.57,29160.4
2024-06-30 11:57:00,1719748620.0,0.5698,0.5698,0.5696,0.5696,236.5
2024-06-30 11:58:00,1719748680.0,0.5695,0.5697,0.5693,0.5696,13674.6
2024-06-30 11:59:00,1719748740.0,0.5695,0.5697,0.5695,0.5697,3491.9
2024-06-30 12:00:00,1719748800.0,0.5698,0.5698,0.5698,0.5698,202.1
2024-06-30 12:01:00,1719748860.0,0.5699,0.5699,0.5691,0.5693,39200.6
2024-06-30 12:02:00,1719748920.0,0.5692,0.5697,0.5692,0.5696,30379.8
2024-06-30 12:03:00,1719748980.0,0.5695,0.5698,0.5692,0.5698,12067.8
2024-06-30 12:04:00,1719749040.0,0.5699,0.5699,0.5699,0.5699,195.7
2024-06-30 12:05:00,1719749100.0,0.5699,0.5699,0.5697,0.5697,293.9
2024-06-30 12:06:00,1719749160.0,0.5698,0.5698,0.5696,0.5696,2673.7
2024-06-30 12:07:00,1719749220.0,0.5696,0.5696,0.5696,0.5696,697.8
2024-06-30 12:08:00,1719749280.0,0.57,0.5701,0.57,0.5701,781.5
2024-06-30 12:09:00,1719749340.0,0.5702,0.5707,0.5702,0.5704,17240.5
2024-06-30 12:10:00,1719749400.0,0.5702,0.5705,0.5702,0.5703,3624.4
2024-06-30 12:11:00,1719749460.0,0.5703,0.5705,0.5702,0.5702,3878.2
2024-06-30 12:12:00,1719749520.0,0.5699,0.57,0.5697,0.57,5351.7
2024-06-30 12:13:00,1719749580.0,0.5701,0.5701,0.57,0.57,154.5
2024-06-30 12:14:00,1719749640.0,0.5699,0.57,0.5699,0.57,252.7
2024-06-30 12:15:00,1719749700.0,0.57,0.57,0.57,0.57,441.5
2024-06-30 12:16:00,1719749760.0,0.5699,0.5702,0.5699,0.57,1217.3
2024-06-30 12:17:00,1719749820.0,0.5699,0.5699,0.5697,0.5697,996.1
2024-06-30 12:18:00,1719749880.0,0.57,0.57,0.5697,0.5697,4014.1
2024-06-30 12:19:00,1719749940.0,0.57,0.57,0.57,0.57,98.8
2024-06-30 12:20:00,1719750000.0,0.5699,0.5699,0.5698,0.5698,6286.5
2024-06-30 12:21:00,1719750060.0,0.5701,0.5701,0.5701,0.5701,464.0
2024-06-30 12:22:00,1719750120.0,0.57,0.5701,0.57,0.5701,132.1
2024-06-30 12:23:00,1719750180.0,0.5701,0.5701,0.57,0.57,1434.1
2024-06-30 12:24:00,1719750240.0,0.5698,0.5698,0.5695,0.5695,9498.9
2024-06-30 12:25:00,1719750300.0,0.5695,0.5695,0.5691,0.5691,38335.1
2024-06-30 12:26:00,1719750360.0,0.5691,0.5697,0.5691,0.5697,31891.8
2024-06-30 12:27:00,1719750420.0,0.5698,0.57,0.5698,0.57,1084.2
2024-06-30 12:28:00,1719750480.0,0.5701,0.5703,0.5701,0.5703,434.6
2024-06-30 12:29:00,1719750540.0,0.5702,0.5702,0.57,0.57,1775.1
2024-06-30 12:30:00,1719750600.0,0.5701,0.5701,0.5698,0.5698,1484.4
2024-06-30 12:31:00,1719750660.0,0.5697,0.5698,0.5693,0.5697,39301.6
2024-06-30 12:32:00,1719750720.0,0.5696,0.5696,0.5696,0.5696,25.3
2024-06-30 12:33:00,1719750780.0,0.5696,0.5696,0.569,0.569,9261.6
2024-06-30 12:34:00,1719750840.0,0.569,0.569,0.5688,0.5688,2288.7
2024-06-30 12:35:00,1719750900.0,0.5688,0.5688,0.5688,0.5688,3669.5
2024-06-30 12:36:00,1719750960.0,0.5687,0.5687,0.5676,0.5677,11627.8
2024-06-30 12:37:00,1719751020.0,0.5676,0.5676,0.5672,0.5673,26305.7
2024-06-30 12:38:00,1719751080.0,0.5672,0.5678,0.5672,0.5676,15883.2
2024-06-30 12:39:00,1719751140.0,0.5676,0.5676,0.5656,0.5659,134943.8
2024-06-30 12:40:00,1719751200.0,0.5663,0.567,0.5663,0.5669,23455.2
2024-06-30 12:41:00,1719751260.0,0.567,0.5672,0.5668,0.567,6763.5
2024-06-30 12:42:00,1719751320.0,0.5671,0.5677,0.5671,0.5673,14358.1
2024-06-30 12:43:00,1719751380.0,0.5673,0.5677,0.5673,0.5674,19422.2
2024-06-30 12:44:00,1719751440.0,0.5673,0.5674,0.5671,0.5671,9632.3
2024-06-30 12:45:00,1719751500.0,0.5673,0.5673,0.5673,0.5673,357.0
2024-06-30 12:46:00,1719751560.0,0.5674,0.5681,0.5674,0.5681,7233.5
2024-06-30 12:47:00,1719751620.0,0.5677,0.5678,0.5673,0.5675,33743.1
2024-06-30 12:48:00,1719751680.0,0.5673,0.5675,0.5673,0.5675,2136.3
2024-06-30 12:49:00,1719751740.0,0.5676,0.5682,0.5676,0.5682,3885.7
2024-06-30 12:50:00,1719751800.0,0.5681,0.5687,0.5681,0.5683,51512.2
2024-06-30 12:51:00,1719751860.0,0.5682,0.5685,0.5681,0.5685,3580.5
2024-06-30 12:52:00,1719751920.0,0.5685,0.5685,0.5685,0.5685,664.3
2024-06-30 12:53:00,1719751980.0,0.5682,0.5682,0.5682,0.5682,1542.7
2024-06-30 12:54:00,1719752040.0,0.5681,0.5681,0.5671,0.5673,58901.6
2024-06-30 12:55:00,1719752100.0,0.5674,0.5674,0.5672,0.5674,3059.4
2024-06-30 12:56:00,1719752160.0,0.5675,0.568,0.5675,0.568,12948.2
2024-06-30 12:57:00,1719752220.0,0.5683,0.5683,0.568,0.568,5021.1
2024-06-30 12:58:00,1719752280.0,0.568,0.568,0.568,0.568,0.0
2024-06-30 12:59:00,1719752340.0,0.5685,0.5687,0.5684,0.5684,15674.7
2024-06-30 13:00:00,1719752400.0,0.5684,0.5687,0.5684,0.5687,24879.6
2024-06-30 13:01:00,1719752460.0,0.5686,0.5692,0.5685,0.5691,13584.9
2024-06-30 13:02:00,1719752520.0,0.5692,0.5693,0.5691,0.5693,4040.8
2024-06-30 13:03:00,1719752580.0,0.5689,0.5689,0.5689,0.5689,62.2
2024-06-30 13:04:00,1719752640.0,0.569,0.569,0.5689,0.5689,500.6
2024-06-30 13:05:00,1719752700.0,0.5687,0.569,0.5686,0.5689,97905.4
2024-06-30 13:06:00,1719752760.0,0.569,0.569,0.5688,0.5688,2294.9
2024-06-30 13:07:00,1719752820.0,0.569,0.5691,0.569,0.569,2442.9
2024-06-30 13:08:00,1719752880.0,0.5692,0.5692,0.5691,0.5691,46.2
2024-06-30 13:09:00,1719752940.0,0.569,0.5692,0.569,0.5691,3726.4
2024-06-30 13:10:00,1719753000.0,0.5693,0.5704,0.5693,0.5704,16289.5
2024-06-30 13:11:00,1719753060.0,0.5703,0.5703,0.5699,0.57,9790.2
2024-06-30 13:12:00,1719753120.0,0.5699,0.5701,0.5699,0.5701,23268.8
2024-06-30 13:13:00,1719753180.0,0.5701,0.5702,0.5701,0.5702,536.6
2024-06-30 13:14:00,1719753240.0,0.5702,0.5702,0.5701,0.5702,271.0
2024-06-30 13:15:00,1719753300.0,0.5703,0.5707,0.5702,0.5702,44941.8
2024-06-30 13:16:00,1719753360.0,0.5703,0.5703,0.5701,0.5701,1681.2
2024-06-30 13:17:00,1719753420.0,0.5702,0.5705,0.5702,0.5705,11695.3
2024-06-30 13:18:00,1719753480.0,0.5703,0.5709,0.5703,0.5707,13370.3
2024-06-30 13:19:00,1719753540.0,0.5707,0.5711,0.5707,0.571,19505.0
2024-06-30 13:20:00,1719753600.0,0.5709,0.5709,0.5709,0.5709,1668.0
2024-06-30 13:21:00,1719753660.0,0.5709,0.5711,0.5708,0.5711,13141.1
2024-06-30 13:22:00,1719753720.0,0.5711,0.5712,0.5711,0.5712,3170.7
2024-06-30 13:23:00,1719753780.0,0.5712,0.5713,0.5711,0.5713,3488.5
2024-06-30 13:24:00,1719753840.0,0.5714,0.5718,0.5711,0.5711,19415.3
2024-06-30 13:25:00,1719753900.0,0.5709,0.5709,0.5704,0.5705,23228.8
2024-06-30 13:26:00,1719753960.0,0.5706,0.5707,0.5706,0.5707,1589.8
2024-06-30 13:27:00,1719754020.0,0.5707,0.5708,0.5704,0.5707,18519.2
2024-06-30 13:28:00,1719754080.0,0.5707,0.5707,0.5707,0.5707,10.7
2024-06-30 13:29:00,1719754140.0,0.5711,0.5716,0.5711,0.5716,10973.2
2024-06-30 13:30:00,1719754200.0,0.5716,0.5716,0.5708,0.5708,24804.5
2024-06-30 13:31:00,1719754260.0,0.5709,0.5709,0.5706,0.5706,2442.7
2024-06-30 13:32:00,1719754320.0,0.5706,0.5709,0.5704,0.5709,7795.4
2024-06-30 13:33:00,1719754380.0,0.5709,0.5713,0.5709,0.5711,10427.7
2024-06-30 13:34:00,1719754440.0,0.5712,0.572,0.5711,0.572,10622.5
2024-06-30 13:35:00,1719754500.0,0.5722,0.5725,0.5719,0.5719,30144.4
2024-06-30 13:36:00,1719754560.0,0.5719,0.5719,0.5719,0.5719,0.0
2024-06-30 13:37:00,1719754620.0,0.5719,0.5719,0.5717,0.5717,3979.9
2024-06-30 13:38:00,1719754680.0,0.5716,0.5716,0.5711,0.5711,24950.6
2024-06-30 13:39:00,1719754740.0,0.5711,0.5711,0.5711,0.5711,538.5
2024-06-30 13:40:00,1719754800.0,0.5709,0.5711,0.5709,0.5711,5384.7
2024-06-30 13:41:00,1719754860.0,0.5712,0.5712,0.5709,0.5709,3078.9
2024-06-30 13:42:00,1719754920.0,0.5708,0.5708,0.5703,0.5707,4913.5
2024-06-30 13:43:00,1719754980.0,0.5708,0.5708,0.5707,0.5707,1039.9
2024-06-30 13:44:00,1719755040.0,0.5708,0.571,0.5707,0.571,4494.3
2024-06-30 13:45:00,1719755100.0,0.5708,0.5708,0.5707,0.5707,111.8
2024-06-30 13:46:00,1719755160.0,0.5709,0.5709,0.5709,0.5709,75.3
2024-06-30 13:47:00,1719755220.0,0.5709,0.5713,0.5709,0.5713,4182.5
2024-06-30 13:48:00,1719755280.0,0.5713,0.5716,0.5709,0.5716,146913.2
2024-06-30 13:49:00,1719755340.0,0.5717,0.5717,0.5714,0.5716,11247.8
2024-06-30 13:50:00,1719755400.0,0.5714,0.5714,0.5712,0.5712,4296.3
2024-06-30 13:51:00,1719755460.0,0.5711,0.5711,0.5711,0.5711,35.0
2024-06-30 13:52:00,1719755520.0,0.5712,0.5712,0.5712,0.5712,650.5
2024-06-30 13:53:00,1719755580.0,0.5711,0.5711,0.5711,0.5711,13.1
2024-06-30 13:54:00,1719755640.0,0.5711,0.5711,0.5711,0.5711,0.0
2024-06-30 13:55:00,1719755700.0,0.5713,0.5715,0.5713,0.5714,1687.2
2024-06-30 13:56:00,1719755760.0,0.5713,0.5717,0.5713,0.5717,1576.5
2024-06-30 13:57:00,1719755820.0,0.5717,0.5718,0.5717,0.5718,1057.5
2024-06-30 13:58:00,1719755880.0,0.5719,0.5721,0.5719,0.5721,897.8
2024-06-30 13:59:00,1719755940.0,0.5722,0.5722,0.5722,0.5722,35.2
2024-06-30 14:00:00,1719756000.0,0.5721,0.5723,0.572,0.5723,4614.8
2024-06-30 14:01:00,1719756060.0,0.5722,0.5723,0.5722,0.5723,1140.3
2024-06-30 14:02:00,1719756120.0,0.5725,0.573,0.5721,0.5721,33218.9
2024-06-30 14:03:00,1719756180.0,0.5721,0.5721,0.5717,0.5717,10988.2
2024-06-30 14:04:00,1719756240.0,0.5716,0.5716,0.5707,0.5707,19656.8
2024-06-30 14:05:00,1719756300.0,0.5704,0.5706,0.5703,0.5703,31365.4
2024-06-30 14:06:00,1719756360.0,0.5704,0.5706,0.5704,0.5706,9383.3
2024-06-30 14:07:00,1719756420.0,0.5705,0.571,0.5705,0.5708,10516.8
2024-06-30 14:08:00,1719756480.0,0.5712,0.5715,0.5712,0.5715,12014.0
2024-06-30 14:09:00,1719756540.0,0.5714,0.5714,0.5713,0.5714,375.5
2024-06-30 14:10:00,1719756600.0,0.5713,0.5713,0.5712,0.5712,147.9
2024-06-30 14:11:00,1719756660.0,0.5711,0.5711,0.5703,0.5709,27973.7
2024-06-30 14:12:00,1719756720.0,0.5708,0.571,0.5706,0.571,8001.0
2024-06-30 14:13:00,1719756780.0,0.5712,0.5719,0.5712,0.5717,14996.4
2024-06-30 14:14:00,1719756840.0,0.5718,0.5721,0.5718,0.5721,802.5
2024-06-30 14:15:00,1719756900.0,0.5721,0.5721,0.5718,0.5718,2164.4
2024-06-30 14:16:00,1719756960.0,0.5718,0.5718,0.5717,0.5718,10576.2
2024-06-30 14:17:00,1719757020.0,0.5718,0.5718,0.5717,0.5717,4146.6
2024-06-30 14:18:00,1719757080.0,0.5718,0.5719,0.5718,0.5719,2192.7
2024-06-30 14:19:00,1719757140.0,0.5717,0.5723,0.5708,0.5723,77548.1
2024-06-30 14:20:00,1719757200.0,0.5723,0.5723,0.5722,0.5722,1943.0
2024-06-30 14:21:00,1719757260.0,0.5721,0.5721,0.5717,0.5719,9594.6
2024-06-30 14:22:00,1719757320.0,0.5719,0.5719,0.5719,0.5719,1558.3
2024-06-30 14:23:00,1719757380.0,0.5718,0.5718,0.5718,0.5718,2955.2
2024-06-30 14:24:00,1719757440.0,0.5721,0.5721,0.5719,0.5719,697.8
2024-06-30 14:25:00,1719757500.0,0.5719,0.5719,0.5712,0.5712,7460.0
2024-06-30 14:26:00,1719757560.0,0.5711,0.5714,0.571,0.5714,7427.4
2024-06-30 14:27:00,1719757620.0,0.5708,0.5708,0.5704,0.5706,7969.9
2024-06-30 14:28:00,1719757680.0,0.5708,0.5709,0.5708,0.5708,2448.1
2024-06-30 14:29:00,1719757740.0,0.5708,0.5708,0.5708,0.5708,0.0
2024-06-30 14:30:00,1719757800.0,0.5707,0.571,0.5703,0.571,20124.1
2024-06-30 14:31:00,1719757860.0,0.571,0.5715,0.571,0.5714,40487.4
2024-06-30 14:32:00,1719757920.0,0.5715,0.5723,0.5715,0.5719,8454.1
2024-06-30 14:33:00,1719757980.0,0.5719,0.5719,0.5713,0.5713,16545.6
2024-06-30 14:34:00,1719758040.0,0.5713,0.5713,0.5712,0.5712,568.9
2024-06-30 14:35:00,1719758100.0,0.571,0.5711,0.571,0.5711,592.1
2024-06-30 14:36:00,1719758160.0,0.5711,0.5711,0.5709,0.5709,879.8
2024-06-30 14:37:00,1719758220.0,0.5711,0.5711,0.5711,0.5711,114.1
2024-06-30 14:38:00,1719758280.0,0.5712,0.5712,0.5712,0.5712,10.7
2024-06-30 14:39:00,1719758340.0,0.5708,0.5709,0.5707,0.5707,2912.6
2024-06-30 14:40:00,1719758400.0,0.5708,0.5708,0.5701,0.5702,9668.8
2024-06-30 14:41:00,1719758460.0,0.57,0.57,0.57,0.57,1157.6
2024-06-30 14:42:00,1719758520.0,0.5698,0.5698,0.5694,0.5694,4040.8
2024-06-30 14:43:00,1719758580.0,0.5693,0.5697,0.5693,0.5697,20001.4
2024-06-30 14:44:00,1719758640.0,0.5698,0.5698,0.5694,0.5694,7364.0
2024-06-30 14:45:00,1719758700.0,0.5695,0.5702,0.5695,0.5702,16672.0
2024-06-30 14:46:00,1719758760.0,0.57,0.57,0.5699,0.5699,2920.3
2024-06-30 14:47:00,1719758820.0,0.57,0.5707,0.57,0.5704,17078.0
2024-06-30 14:48:00,1719758880.0,0.5704,0.5704,0.5704,0.5704,0.0
2024-06-30 14:49:00,1719758940.0,0.5703,0.5703,0.5703,0.5703,589.7
2024-06-30 14:50:00,1719759000.0,0.5702,0.5703,0.5702,0.5703,1114.6
2024-06-30 14:51:00,1719759060.0,0.5702,0.5703,0.5702,0.5703,1430.6
2024-06-30 14:52:00,1719759120.0,0.5704,0.5704,0.5704,0.5704,78.2
2024-06-30 14:53:00,1719759180.0,0.5703,0.5703,0.5702,0.5702,701.3
2024-06-30 14:54:00,1719759240.0,0.5702,0.5702,0.5699,0.5699,6326.7
2024-06-30 14:55:00,1719759300.0,0.5701,0.5702,0.5701,0.5702,314.3
2024-06-30 14:56:00,1719759360.0,0.5701,0.5701,0.5699,0.5699,14874.2
2024-06-30 14:57:00,1719759420.0,0.57,0.57,0.57,0.57,377.8
2024-06-30 14:58:00,1719759480.0,0.5703,0.5703,0.5703,0.5703,462.5
2024-06-30 14:59:00,1719759540.0,0.5702,0.5703,0.5702,0.5703,438.3
2024-06-30 15:00:00,1719759600.0,0.5701,0.5702,0.57,0.5702,445.9
2024-06-30 15:01:00,1719759660.0,0.5703,0.5708,0.5703,0.5708,19910.8
2024-06-30 15:02:00,1719759720.0,0.5709,0.571,0.5709,0.571,1228.0
2024-06-30 15:03:00,1719759780.0,0.5711,0.5711,0.5708,0.5708,14291.2
2024-06-30 15:04:00,1719759840.0,0.5707,0.5707,0.5705,0.5705,3685.9
2024-06-30 15:05:00,1719759900.0,0.5703,0.5703,0.5701,0.5703,3407.1
2024-06-30 15:06:00,1719759960.0,0.5705,0.5708,0.5705,0.5707,6968.0
2024-06-30 15:07:00,1719760020.0,0.5708,0.5711,0.5708,0.5711,1374.3
2024-06-30 15:08:00,1719760080.0,0.5712,0.5716,0.5712,0.5716,3586.8
2024-06-30 15:09:00,1719760140.0,0.5719,0.5719,0.5719,0.5719,36.1
2024-06-30 15:10:00,1719760200.0,0.5721,0.5721,0.572,0.5721,685.1
2024-06-30 15:11:00,1719760260.0,0.5721,0.5722,0.572,0.572,183.5
2024-06-30 15:12:00,1719760320.0,0.5719,0.5719,0.5719,0.5719,756.4
2024-06-30 15:13:00,1719760380.0,0.5719,0.5723,0.5719,0.5723,8282.7
2024-06-30 15:14:00,1719760440.0,0.5722,0.5724,0.5722,0.5722,1691.7
2024-06-30 15:15:00,1719760500.0,0.5723,0.5723,0.5723,0.5723,19.0
2024-06-30 15:16:00,1719760560.0,0.5723,0.5723,0.5723,0.5723,101.5
2024-06-30 15:17:00,1719760620.0,0.5723,0.5724,0.5723,0.5724,527.1
2024-06-30 15:18:00,1719760680.0,0.5723,0.5723,0.5723,0.5723,245.4
2024-06-30 15:19:00,1719760740.0,0.5721,0.5723,0.572,0.572,1581.3
2024-06-30 15:20:00,1719760800.0,0.5721,0.5721,0.572,0.572,39.3
2024-06-30 15:21:00,1719760860.0,0.572,0.5722,0.572,0.5722,135.1
2024-06-30 15:22:00,1719760920.0,0.5722,0.5723,0.5721,0.5721,4665.4
2024-06-30 15:23:00,1719760980.0,0.5721,0.5721,0.5718,0.5718,36557.4
2024-06-30 15:24:00,1719761040.0,0.5717,0.5717,0.5715,0.5716,23628.6
2024-06-30 15:25:00,1719761100.0,0.5717,0.5719,0.5716,0.5719,5059.9
2024-06-30 15:26:00,1719761160.0,0.5718,0.5718,0.5717,0.5718,1973.8
2024-06-30 15:27:00,1719761220.0,0.5717,0.5718,0.5715,0.5718,10967.0
2024-06-30 15:28:00,1719761280.0,0.5718,0.5718,0.5717,0.5718,529.7
2024-06-30 15:29:00,1719761340.0,0.5718,0.5718,0.5718,0.5718,212.8
2024-06-30 15:30:00,1719761400.0,0.5718,0.5719,0.5716,0.5718,2263.0
2024-06-30 15:31:00,1719761460.0,0.5718,0.5723,0.5718,0.5721,1172.3
2024-06-30 15:32:00,1719761520.0,0.5722,0.5722,0.572,0.572,615.2
2024-06-30 15:33:00,1719761580.0,0.5723,0.5723,0.572,0.572,1606.8
2024-06-30 15:34:00,1719761640.0,0.5721,0.5723,0.5721,0.5723,79.8
2024-06-30 15:35:00,1719761700.0,0.5723,0.5723,0.5723,0.5723,0.0
2024-06-30 15:36:00,1719761760.0,0.5722,0.573,0.5722,0.5728,16301.0
2024-06-30 15:37:00,1719761820.0,0.5729,0.5734,0.5729,0.5732,1167.3
2024-06-30 15:38:00,1719761880.0,0.5733,0.5733,0.5727,0.5728,3347.7
2024-06-30 15:39:00,1719761940.0,0.5727,0.5727,0.5726,0.5726,69.2
2024-06-30 15:40:00,1719762000.0,0.5726,0.5726,0.5721,0.5721,17328.5
2024-06-30 15:41:00,1719762060.0,0.5722,0.5727,0.5722,0.5727,43589.4
2024-06-30 15:42:00,1719762120.0,0.5732,0.5739,0.5731,0.5739,3951.5
2024-06-30 15:43:00,1719762180.0,0.574,0.574,0.574,0.574,412.9
2024-06-30 15:44:00,1719762240.0,0.5739,0.5739,0.5738,0.5738,3529.2
2024-06-30 15:45:00,1719762300.0,0.5739,0.5746,0.5739,0.5742,28049.3
2024-06-30 15:46:00,1719762360.0,0.5741,0.5741,0.5738,0.574,1128.2
2024-06-30 15:47:00,1719762420.0,0.5743,0.5746,0.574,0.5742,17752.7
2024-06-30 15:48:00,1719762480.0,0.5743,0.5744,0.5742,0.5742,10426.4
2024-06-30 15:49:00,1719762540.0,0.5741,0.5741,0.574,0.574,2561.9
2024-06-30 15:50:00,1719762600.0,0.574,0.574,0.5737,0.5737,2591.6
2024-06-30 15:51:00,1719762660.0,0.5738,0.5738,0.5738,0.5738,99.3
2024-06-30 15:52:00,1719762720.0,0.5739,0.5741,0.5739,0.5741,614.4
2024-06-30 15:53:00,1719762780.0,0.5742,0.5743,0.5742,0.5743,82.3
2024-06-30 15:54:00,1719762840.0,0.5746,0.5746,0.5745,0.5746,173.5
2024-06-30 15:55:00,1719762900.0,0.5747,0.575,0.5747,0.5749,1395.6
2024-06-30 15:56:00,1719762960.0,0.5748,0.5748,0.5746,0.5746,2018.8
2024-06-30 15:57:00,1719763020.0,0.5745,0.5745,0.5744,0.5744,3519.5
2024-06-30 15:58:00,1719763080.0,0.5743,0.5743,0.5741,0.5741,16980.1
2024-06-30 15:59:00,1719763140.0,0.5741,0.5741,0.5741,0.5741,2082.0
2024-06-30 16:00:00,1719763200.0,0.5744,0.5747,0.5742,0.5747,26951.2
2024-06-30 16:01:00,1719763260.0,0.5748,0.5748,0.5748,0.5748,56.5
2024-06-30 16:02:00,1719763320.0,0.575,0.5751,0.575,0.5751,1225.5
2024-06-30 16:03:00,1719763380.0,0.5749,0.5749,0.5746,0.5746,889.2
2024-06-30 16:04:00,1719763440.0,0.5745,0.5745,0.574,0.574,434.3
2024-06-30 16:05:00,1719763500.0,0.5739,0.5739,0.5737,0.5738,623.3
2024-06-30 16:06:00,1719763560.0,0.5739,0.5742,0.5739,0.5742,621.7
2024-06-30 16:07:00,1719763620.0,0.574,0.574,0.5736,0.5736,1198.5
2024-06-30 16:08:00,1719763680.0,0.5736,0.5737,0.573,0.573,8233.9
2024-06-30 16:09:00,1719763740.0,0.573,0.5731,0.5726,0.5726,3773.5
2024-06-30 16:10:00,1719763800.0,0.5728,0.5729,0.5728,0.5729,1191.2
2024-06-30 16:11:00,1719763860.0,0.5728,0.5729,0.5726,0.5727,3519.5
2024-06-30 16:12:00,1719763920.0,0.5726,0.5726,0.5724,0.5726,4983.3
2024-06-30 16:13:00,1719763980.0,0.5726,0.5726,0.5726,0.5726,0.0
2024-06-30 16:14:00,1719764040.0,0.5726,0.5727,0.5726,0.5727,95.9
2024-06-30 16:15:00,1719764100.0,0.5729,0.5729,0.5723,0.5723,1690.1
2024-06-30 16:16:00,1719764160.0,0.5723,0.5725,0.5722,0.5724,4770.4
2024-06-30 16:17:00,1719764220.0,0.5724,0.5724,0.5724,0.5724,3776.8
2024-06-30 16:18:00,1719764280.0,0.5727,0.5728,0.5727,0.5728,187.9
2024-06-30 16:19:00,1719764340.0,0.5728,0.5728,0.5728,0.5728,43.6
2024-06-30 16:20:00,1719764400.0,0.5728,0.5729,0.5728,0.5729,2333.0
2024-06-30 16:21:00,1719764460.0,0.573,0.5731,0.5729,0.5729,2105.2
2024-06-30 16:22:00,1719764520.0,0.5727,0.5727,0.5727,0.5727,13.1
2024-06-30 16:23:00,1719764580.0,0.5728,0.5729,0.5728,0.5729,77.0
2024-06-30 16:24:00,1719764640.0,0.573,0.573,0.5724,0.5727,24500.8
2024-06-30 16:25:00,1719764700.0,0.5726,0.5726,0.572,0.5721,16235.1
2024-06-30 16:26:00,1719764760.0,0.5722,0.5723,0.572,0.5721,528.8
2024-06-30 16:27:00,1719764820.0,0.5721,0.5721,0.572,0.572,1555.4
2024-06-30 16:28:00,1719764880.0,0.572,0.572,0.572,0.572,0.0
2024-06-30 16:29:00,1719764940.0,0.572,0.572,0.572,0.572,42.8
2024-06-30 16:30:00,1719765000.0,0.5719,0.5719,0.5718,0.5718,9180.1
2024-06-30 16:31:00,1719765060.0,0.5717,0.5718,0.5711,0.5711,9112.2
2024-06-30 16:32:00,1719765120.0,0.5711,0.5716,0.5711,0.5716,18071.9
2024-06-30 16:33:00,1719765180.0,0.5716,0.5716,0.5715,0.5715,563.8
2024-06-30 16:34:00,1719765240.0,0.5718,0.5718,0.5715,0.5715,12745.7
2024-06-30 16:35:00,1719765300.0,0.5715,0.5715,0.5711,0.5711,1499.5
2024-06-30 16:36:00,1719765360.0,0.5711,0.5711,0.5711,0.5711,41.2
2024-06-30 16:37:00,1719765420.0,0.5711,0.5711,0.5707,0.5709,1455.4
2024-06-30 16:38:00,1719765480.0,0.571,0.571,0.5708,0.5709,142.8
2024-06-30 16:39:00,1719765540.0,0.5712,0.5712,0.5712,0.5712,2746.8
2024-06-30 16:40:00,1719765600.0,0.5713,0.5713,0.571,0.571,323.9
2024-06-30 16:41:00,1719765660.0,0.571,0.571,0.5708,0.5708,1503.8
2024-06-30 16:42:00,1719765720.0,0.5707,0.5707,0.5707,0.5707,318.5
2024-06-30 16:43:00,1719765780.0,0.5706,0.5706,0.5704,0.5704,9526.4
2024-06-30 16:44:00,1719765840.0,0.5703,0.5703,0.57,0.57,31744.4
2024-06-30 16:45:00,1719765900.0,0.5699,0.5701,0.5699,0.5701,4239.4
2024-06-30 16:46:00,1719765960.0,0.5701,0.5702,0.5697,0.5697,33883.4
2024-06-30 16:47:00,1719766020.0,0.5699,0.57,0.5695,0.5699,12491.3
2024-06-30 16:48:00,1719766080.0,0.57,0.5701,0.5697,0.5699,7948.3
2024-06-30 16:49:00,1719766140.0,0.5699,0.5699,0.5699,0.5699,468.3
2024-06-30 16:50:00,1719766200.0,0.5697,0.5697,0.5697,0.5697,66.9
2024-06-30 16:51:00,1719766260.0,0.5697,0.5697,0.5695,0.5696,3032.1
2024-06-30 16:52:00,1719766320.0,0.5697,0.5699,0.5697,0.5699,1346.2
2024-06-30 16:53:00,1719766380.0,0.5699,0.5699,0.5697,0.5699,1044.4
2024-06-30 16:54:00,1719766440.0,0.5698,0.5699,0.5697,0.5697,1298.3
2024-06-30 16:55:00,1719766500.0,0.5698,0.5698,0.5696,0.5696,356.1
2024-06-30 16:56:00,1719766560.0,0.5696,0.5696,0.5696,0.5696,0.0
2024-06-30 16:57:00,1719766620.0,0.5695,0.5695,0.5695,0.5695,100.2
2024-06-30 16:58:00,1719766680.0,0.5694,0.5701,0.5692,0.57,18343.9
2024-06-30 16:59:00,1719766740.0,0.5699,0.5699,0.5696,0.5696,618.0
2024-06-30 17:00:00,1719766800.0,0.5697,0.57,0.5696,0.57,411.1
2024-06-30 17:01:00,1719766860.0,0.57,0.5706,0.57,0.5701,42956.4
2024-06-30 17:02:00,1719766920.0,0.5699,0.5699,0.5697,0.5697,138.4
2024-06-30 17:03:00,1719766980.0,0.5696,0.5696,0.5692,0.5693,11123.3
2024-06-30 17:04:00,1719767040.0,0.57,0.57,0.5699,0.57,1291.3
2024-06-30 17:05:00,1719767100.0,0.5701,0.5702,0.5701,0.5701,751.6
2024-06-30 17:06:00,1719767160.0,0.5702,0.5702,0.5702,0.5702,280.3
2024-06-30 17:07:00,1719767220.0,0.5702,0.5705,0.5702,0.5704,1320.6
2024-06-30 17:08:00,1719767280.0,0.5706,0.5706,0.5703,0.5703,4721.6
2024-06-30 17:09:00,1719767340.0,0.5701,0.5701,0.5699,0.5699,703.9
2024-06-30 17:10:00,1719767400.0,0.5699,0.5702,0.5699,0.5702,151.8
2024-06-30 17:11:00,1719767460.0,0.5701,0.5702,0.5701,0.5702,6056.3
2024-06-30 17:12:00,1719767520.0,0.57,0.57,0.5699,0.5699,3345.5
2024-06-30 17:13:00,1719767580.0,0.5698,0.5699,0.5697,0.5697,2756.7
2024-06-30 17:14:00,1719767640.0,0.5695,0.5698,0.5695,0.5696,908.4
2024-06-30 17:15:00,1719767700.0,0.5696,0.57,0.5696,0.57,373.8
2024-06-30 17:16:00,1719767760.0,0.5701,0.5701,0.57,0.57,11722.0
2024-06-30 17:17:00,1719767820.0,0.5699,0.57,0.5698,0.57,3915.3
2024-06-30 17:18:00,1719767880.0,0.57,0.571,0.57,0.571,4041.4
2024-06-30 17:19:00,1719767940.0,0.5714,0.5731,0.5714,0.5727,23943.5
2024-06-30 17:20:00,1719768000.0,0.573,0.5739,0.573,0.5739,20510.3
2024-06-30 17:21:00,1719768060.0,0.574,0.5745,0.5738,0.5738,58173.6
2024-06-30 17:22:00,1719768120.0,0.5737,0.574,0.5735,0.5736,13712.0
2024-06-30 17:23:00,1719768180.0,0.5736,0.5736,0.5734,0.5734,3312.7
2024-06-30 17:24:00,1719768240.0,0.5734,0.5734,0.5729,0.5729,34393.5
2024-06-30 17:25:00,1719768300.0,0.5728,0.5729,0.5727,0.5729,1240.3
2024-06-30 17:26:00,1719768360.0,0.5728,0.5728,0.5728,0.5728,157.4
2024-06-30 17:27:00,1719768420.0,0.5727,0.5727,0.5725,0.5725,1086.9
2024-06-30 17:28:00,1719768480.0,0.5724,0.5725,0.5719,0.5719,12240.9
2024-06-30 17:29:00,1719768540.0,0.5718,0.5719,0.5716,0.5718,2914.6
2024-06-30 17:30:00,1719768600.0,0.5721,0.5722,0.572,0.572,4114.9
2024-06-30 17:31:00,1719768660.0,0.5723,0.5727,0.5723,0.5725,18609.3
2024-06-30 17:32:00,1719768720.0,0.5726,0.5729,0.5725,0.5727,427.9
2024-06-30 17:33:00,1719768780.0,0.5728,0.5733,0.5728,0.5731,6680.2
2024-06-30 17:34:00,1719768840.0,0.5734,0.5738,0.5734,0.5738,414.0
2024-06-30 17:35:00,1719768900.0,0.574,0.5746,0.5739,0.5746,11788.9
2024-06-30 17:36:00,1719768960.0,0.5746,0.575,0.5745,0.5745,22290.0
2024-06-30 17:37:00,1719769020.0,0.5744,0.5744,0.5732,0.5735,21844.3
2024-06-30 17:38:00,1719769080.0,0.5736,0.5736,0.5735,0.5735,50.2
2024-06-30 17:39:00,1719769140.0,0.5737,0.5737,0.5736,0.5736,44.6
2024-06-30 17:40:00,1719769200.0,0.5736,0.5736,0.5736,0.5736,0.0
2024-06-30 17:41:00,1719769260.0,0.5735,0.5735,0.5731,0.5731,13369.0
2024-06-30 17:42:00,1719769320.0,0.5728,0.5728,0.5726,0.5726,149.0
2024-06-30 17:43:00,1719769380.0,0.5725,0.5725,0.5721,0.5721,2545.0
2024-06-30 17:44:00,1719769440.0,0.5721,0.5727,0.572,0.5725,13811.0
2024-06-30 17:45:00,1719769500.0,0.5724,0.5726,0.5723,0.5725,7217.9
2024-06-30 17:46:00,1719769560.0,0.5725,0.5725,0.5725,0.5725,0.0
2024-06-30 17:47:00,1719769620.0,0.5727,0.5727,0.5726,0.5727,3823.2
2024-06-30 17:48:00,1719769680.0,0.5727,0.5727,0.5727,0.5727,59.5
2024-06-30 17:49:00,1719769740.0,0.573,0.573,0.5728,0.573,1835.6
2024-06-30 17:50:00,1719769800.0,0.5728,0.5731,0.5728,0.573,2019.1
2024-06-30 17:51:00,1719769860.0,0.5728,0.5728,0.5728,0.5728,281.0
2024-06-30 17:52:00,1719769920.0,0.5728,0.5728,0.5727,0.5727,171.4
2024-06-30 17:53:00,1719769980.0,0.5729,0.5729,0.5729,0.5729,1287.6
2024-06-30 17:54:00,1719770040.0,0.5729,0.5729,0.5729,0.5729,384.8
2024-06-30 17:55:00,1719770100.0,0.5729,0.5731,0.5729,0.5729,740.9
2024-06-30 17:56:00,1719770160.0,0.5728,0.5729,0.5726,0.5726,102.9
2024-06-30 17:57:00,1719770220.0,0.5726,0.5726,0.5725,0.5725,2385.3
2024-06-30 17:58:00,1719770280.0,0.5725,0.5727,0.5725,0.5727,140.9
2024-06-30 17:59:00,1719770340.0,0.5724,0.5724,0.5722,0.5722,2782.1
2024-06-30 18:00:00,1719770400.0,0.5723,0.5726,0.5722,0.5722,34984.7
2024-06-30 18:01:00,1719770460.0,0.572,0.572,0.5719,0.5719,3145.4
2024-06-30 18:02:00,1719770520.0,0.5719,0.572,0.5719,0.5719,8942.1
2024-06-30 18:03:00,1719770580.0,0.5718,0.5718,0.5717,0.5718,6138.1
2024-06-30 18:04:00,1719770640.0,0.572,0.5721,0.5719,0.5719,322.0
2024-06-30 18:05:00,1719770700.0,0.5718,0.5718,0.5713,0.5713,15277.8
2024-06-30 18:06:00,1719770760.0,0.5713,0.5719,0.5713,0.5719,12537.1
2024-06-30 18:07:00,1719770820.0,0.5717,0.5717,0.5716,0.5716,133.4
2024-06-30 18:08:00,1719770880.0,0.5716,0.5716,0.5712,0.5713,4271.4
2024-06-30 18:09:00,1719770940.0,0.5711,0.5711,0.5711,0.5711,168.4
2024-06-30 18:10:00,1719771000.0,0.571,0.571,0.5707,0.5707,3296.7
2024-06-30 18:11:00,1719771060.0,0.5708,0.5708,0.5708,0.5708,400.0
2024-06-30 18:12:00,1719771120.0,0.5708,0.5708,0.5708,0.5708,0.0
2024-06-30 18:13:00,1719771180.0,0.571,0.571,0.571,0.571,179.9
2024-06-30 18:14:00,1719771240.0,0.571,0.5711,0.5709,0.5709,2656.7
2024-06-30 18:15:00,1719771300.0,0.571,0.5711,0.571,0.5711,2525.2
2024-06-30 18:16:00,1719771360.0,0.5709,0.5709,0.5693,0.5697,49590.0
2024-06-30 18:17:00,1719771420.0,0.5695,0.5695,0.5689,0.5693,15283.9
2024-06-30 18:18:00,1719771480.0,0.5693,0.5697,0.5693,0.5696,3416.0
2024-06-30 18:19:00,1719771540.0,0.5703,0.5705,0.5703,0.5704,6092.6
2024-06-30 18:20:00,1719771600.0,0.5703,0.5711,0.5703,0.5709,12111.9
2024-06-30 18:21:00,1719771660.0,0.5708,0.5708,0.5699,0.5699,7246.5
2024-06-30 18:22:00,1719771720.0,0.5696,0.5697,0.5691,0.5692,8086.4
2024-06-30 18:23:00,1719771780.0,0.5693,0.5698,0.5693,0.5694,20033.8
2024-06-30 18:24:00,1719771840.0,0.5694,0.5694,0.5694,0.5694,0.0
2024-06-30 18:25:00,1719771900.0,0.5697,0.5697,0.5691,0.5692,18132.3
2024-06-30 18:26:00,1719771960.0,0.5692,0.5692,0.5692,0.5692,25.3
2024-06-30 18:27:00,1719772020.0,0.5692,0.5698,0.5692,0.5698,19678.7
2024-06-30 18:28:00,1719772080.0,0.5698,0.5698,0.5692,0.5692,8797.3
2024-06-30 18:29:00,1719772140.0,0.5692,0.5692,0.5692,0.5692,81.1
2024-06-30 18:30:00,1719772200.0,0.5692,0.5692,0.5691,0.5691,2788.7
2024-06-30 18:31:00,1719772260.0,0.5691,0.5692,0.5691,0.5692,178.1
2024-06-30 18:32:00,1719772320.0,0.5693,0.5697,0.5693,0.5693,25912.1
2024-06-30 18:33:00,1719772380.0,0.5692,0.5692,0.5689,0.5689,2823.1
2024-06-30 18:34:00,1719772440.0,0.5689,0.569,0.5684,0.5689,22875.5
2024-06-30 18:35:00,1719772500.0,0.5692,0.5699,0.5692,0.5698,17642.0
2024-06-30 18:36:00,1719772560.0,0.5698,0.5698,0.5695,0.5695,3796.6
2024-06-30 18:37:00,1719772620.0,0.5699,0.5699,0.5699,0.5699,195.6
2024-06-30 18:38:00,1719772680.0,0.5699,0.5705,0.5699,0.5703,2915.9
2024-06-30 18:39:00,1719772740.0,0.5701,0.5702,0.5701,0.5701,175.6
2024-06-30 18:40:00,1719772800.0,0.5701,0.5701,0.5701,0.5701,0.0
2024-06-30 18:41:00,1719772860.0,0.5702,0.5702,0.57,0.57,1903.9
2024-06-30 18:42:00,1719772920.0,0.57,0.57,0.57,0.57,626.2
2024-06-30 18:43:00,1719772980.0,0.5701,0.5702,0.5701,0.5702,250.1
2024-06-30 18:44:00,1719773040.0,0.5702,0.5703,0.5702,0.5703,3384.0
2024-06-30 18:45:00,1719773100.0,0.5704,0.5709,0.5704,0.5708,9417.1
2024-06-30 18:46:00,1719773160.0,0.5711,0.5721,0.5709,0.5717,45811.0
2024-06-30 18:47:00,1719773220.0,0.5718,0.5722,0.5717,0.5721,5666.7
2024-06-30 18:48:00,1719773280.0,0.572,0.5723,0.572,0.572,2431.8
2024-06-30 18:49:00,1719773340.0,0.5723,0.5723,0.5716,0.5717,12031.3
2024-06-30 18:50:00,1719773400.0,0.572,0.5722,0.5719,0.5719,943.2
2024-06-30 18:51:00,1719773460.0,0.572,0.5724,0.5719,0.5723,3212.7
2024-06-30 18:52:00,1719773520.0,0.572,0.572,0.572,0.572,32.0
2024-06-30 18:53:00,1719773580.0,0.572,0.5721,0.5719,0.5719,296.7
2024-06-30 18:54:00,1719773640.0,0.572,0.5722,0.572,0.5722,9354.4
2024-06-30 18:55:00,1719773700.0,0.5722,0.5723,0.572,0.572,8869.4
2024-06-30 18:56:00,1719773760.0,0.5719,0.5721,0.5719,0.5719,161.6
2024-06-30 18:57:00,1719773820.0,0.5722,0.5723,0.5722,0.5722,1198.6
2024-06-30 18:58:00,1719773880.0,0.5723,0.5723,0.5719,0.5719,232.1
2024-06-30 18:59:00,1719773940.0,0.5719,0.5722,0.5719,0.5721,2005.6
2024-06-30 19:00:00,1719774000.0,0.5722,0.5727,0.5722,0.5727,17329.6
2024-06-30 19:01:00,1719774060.0,0.573,0.5732,0.573,0.5731,5190.9
2024-06-30 19:02:00,1719774120.0,0.5732,0.5732,0.5723,0.5724,36587.9
2024-06-30 19:03:00,1719774180.0,0.5728,0.5731,0.5728,0.5731,2239.8
2024-06-30 19:04:00,1719774240.0,0.573,0.573,0.573,0.573,3771.7
2024-06-30 19:05:00,1719774300.0,0.5729,0.5729,0.5721,0.5725,24488.8
2024-06-30 19:06:00,1719774360.0,0.5725,0.5725,0.5722,0.5724,9960.1
2024-06-30 19:07:00,1719774420.0,0.5724,0.5731,0.5724,0.5731,4380.0
2024-06-30 19:08:00,1719774480.0,0.5731,0.5731,0.5729,0.5729,2773.9
2024-06-30 19:09:00,1719774540.0,0.5727,0.5727,0.5722,0.5722,19698.9
2024-06-30 19:10:00,1719774600.0,0.5722,0.5722,0.5718,0.5718,2524.5
2024-06-30 19:11:00,1719774660.0,0.572,0.572,0.5719,0.5719,188.9
2024-06-30 19:12:00,1719774720.0,0.5719,0.5719,0.5719,0.5719,699.2
2024-06-30 19:13:00,1719774780.0,0.5717,0.5717,0.5717,0.5717,13.1
2024-06-30 19:14:00,1719774840.0,0.5717,0.5717,0.5712,0.5713,9270.2
2024-06-30 19:15:00,1719774900.0,0.5716,0.5718,0.5716,0.5718,697.7
2024-06-30 19:16:00,1719774960.0,0.5717,0.5717,0.5715,0.5715,787.1
2024-06-30 19:17:00,1719775020.0,0.5716,0.5719,0.5716,0.5719,808.5
2024-06-30 19:18:00,1719775080.0,0.5719,0.5719,0.5719,0.5719,175.8
2024-06-30 19:19:00,1719775140.0,0.572,0.5723,0.572,0.5723,3341.8
2024-06-30 19:20:00,1719775200.0,0.5729,0.5729,0.5723,0.5723,4853.9
2024-06-30 19:21:00,1719775260.0,0.5721,0.5721,0.5721,0.5721,53.5
2024-06-30 19:22:00,1719775320.0,0.572,0.572,0.5718,0.572,1151.3
2024-06-30 19:23:00,1719775380.0,0.572,0.572,0.572,0.572,12.7
2024-06-30 19:24:00,1719775440.0,0.5721,0.5723,0.5721,0.5723,6247.2
2024-06-30 19:25:00,1719775500.0,0.5726,0.5726,0.5723,0.5724,4336.1
2024-06-30 19:26:00,1719775560.0,0.5725,0.5726,0.5725,0.5726,97.5
2024-06-30 19:27:00,1719775620.0,0.5726,0.5726,0.5724,0.5724,6099.4
2024-06-30 19:28:00,1719775680.0,0.5723,0.5725,0.5723,0.5724,14485.1
2024-06-30 19:29:00,1719775740.0,0.5727,0.5734,0.5727,0.5731,63171.3
2024-06-30 19:30:00,1719775800.0,0.573,0.573,0.5727,0.5728,29347.4
2024-06-30 19:31:00,1719775860.0,0.573,0.5732,0.5727,0.5727,17937.2
2024-06-30 19:32:00,1719775920.0,0.5726,0.5729,0.5726,0.5729,2782.1
2024-06-30 19:33:00,1719775980.0,0.5729,0.5731,0.5729,0.5731,243.0
2024-06-30 19:34:00,1719776040.0,0.5732,0.5733,0.573,0.573,2262.0
2024-06-30 19:35:00,1719776100.0,0.573,0.573,0.573,0.573,79.1
2024-06-30 19:36:00,1719776160.0,0.5729,0.5729,0.5729,0.5729,133.4
2024-06-30 19:37:00,1719776220.0,0.5731,0.5734,0.5729,0.5729,4320.4
2024-06-30 19:38:00,1719776280.0,0.5727,0.5728,0.5727,0.5728,142.4
2024-06-30 19:39:00,1719776340.0,0.5727,0.5727,0.5726,0.5726,122.6
2024-06-30 19:40:00,1719776400.0,0.5725,0.5726,0.5722,0.5722,3013.0
2024-06-30 19:41:00,1719776460.0,0.5722,0.5724,0.5722,0.5724,12383.2
2024-06-30 19:42:00,1719776520.0,0.5724,0.5724,0.572,0.5721,3680.6
2024-06-30 19:43:00,1719776580.0,0.5722,0.5724,0.5722,0.5724,4541.3
2024-06-30 19:44:00,1719776640.0,0.5727,0.5731,0.5725,0.5731,566.7
2024-06-30 19:45:00,1719776700.0,0.573,0.573,0.5725,0.5725,924.0
2024-06-30 19:46:00,1719776760.0,0.5727,0.5727,0.5724,0.5724,14113.2
2024-06-30 19:47:00,1719776820.0,0.5726,0.5726,0.5721,0.5721,12081.5
2024-06-30 19:48:00,1719776880.0,0.5722,0.5724,0.5721,0.5724,1125.4
2024-06-30 19:49:00,1719776940.0,0.572,0.572,0.5719,0.572,3812.3
2024-06-30 19:50:00,1719777000.0,0.572,0.572,0.5718,0.5718,3670.7
2024-06-30 19:51:00,1719777060.0,0.5718,0.5718,0.5717,0.5717,94.7
2024-06-30 19:52:00,1719777120.0,0.5717,0.5717,0.5717,0.5717,500.0
2024-06-30 19:53:00,1719777180.0,0.572,0.572,0.572,0.572,19.1
2024-06-30 19:54:00,1719777240.0,0.572,0.572,0.572,0.572,51.0
2024-06-30 19:55:00,1719777300.0,0.572,0.5727,0.572,0.5727,22131.5
2024-06-30 19:56:00,1719777360.0,0.5726,0.5726,0.5721,0.5721,4297.5
2024-06-30 19:57:00,1719777420.0,0.5721,0.5721,0.572,0.572,756.1
2024-06-30 19:58:00,1719777480.0,0.5723,0.5724,0.5723,0.5723,1785.9
2024-06-30 19:59:00,1719777540.0,0.5722,0.5722,0.572,0.572,113.0
2024-06-30 20:00:00,1719777600.0,0.572,0.5728,0.572,0.5728,12168.6
2024-06-30 20:01:00,1719777660.0,0.5727,0.5728,0.5726,0.5726,660.8
2024-06-30 20:02:00,1719777720.0,0.5728,0.5728,0.5727,0.5727,140.7
2024-06-30 20:03:00,1719777780.0,0.5728,0.5733,0.5727,0.5733,12663.9
2024-06-30 20:04:00,1719777840.0,0.573,0.573,0.5729,0.5729,735.8
2024-06-30 20:05:00,1719777900.0,0.5729,0.5729,0.5724,0.5724,7055.1
2024-06-30 20:06:00,1719777960.0,0.5724,0.5724,0.5724,0.5724,137.4
2024-06-30 20:07:00,1719778020.0,0.5727,0.5732,0.5727,0.5732,808.9
2024-06-30 20:08:00,1719778080.0,0.5731,0.5734,0.573,0.5734,5707.8
2024-06-30 20:09:00,1719778140.0,0.5731,0.5731,0.5731,0.5731,164.1
2024-06-30 20:10:00,1719778200.0,0.5729,0.5729,0.5728,0.5728,1358.9
2024-06-30 20:11:00,1719778260.0,0.5728,0.5728,0.5728,0.5728,0.0
2024-06-30 20:12:00,1719778320.0,0.5731,0.5731,0.5731,0.5731,169.3
2024-06-30 20:13:00,1719778380.0,0.5731,0.5731,0.573,0.573,69.3
2024-06-30 20:14:00,1719778440.0,0.573,0.573,0.5727,0.5727,3811.5
2024-06-30 20:15:00,1719778500.0,0.5726,0.5726,0.5721,0.5722,16050.4
2024-06-30 20:16:00,1719778560.0,0.5722,0.5724,0.5722,0.5724,5498.7
2024-06-30 20:17:00,1719778620.0,0.5726,0.5726,0.5726,0.5726,12.0
2024-06-30 20:18:00,1719778680.0,0.5726,0.573,0.5726,0.573,7032.4
2024-06-30 20:19:00,1719778740.0,0.573,0.5732,0.573,0.5732,3721.3
2024-06-30 20:20:00,1719778800.0,0.573,0.5732,0.573,0.5732,828.1
2024-06-30 20:21:00,1719778860.0,0.5733,0.574,0.5733,0.5737,38287.0
2024-06-30 20:22:00,1719778920.0,0.5737,0.5737,0.5737,0.5737,86.3
2024-06-30 20:23:00,1719778980.0,0.5737,0.5742,0.5737,0.574,26854.2
2024-06-30 20:24:00,1719779040.0,0.5738,0.5738,0.5736,0.5738,535.1
2024-06-30 20:25:00,1719779100.0,0.5738,0.574,0.5736,0.574,5716.1
2024-06-30 20:26:00,1719779160.0,0.5738,0.5738,0.5738,0.5738,66.8
2024-06-30 20:27:00,1719779220.0,0.5739,0.5742,0.5739,0.5742,1550.6
2024-06-30 20:28:00,1719779280.0,0.5743,0.5745,0.5743,0.5745,4941.5
2024-06-30 20:29:00,1719779340.0,0.5745,0.5749,0.5745,0.5749,2376.7
2024-06-30 20:30:00,1719779400.0,0.5749,0.5759,0.5749,0.5756,30249.0
2024-06-30 20:31:00,1719779460.0,0.5755,0.5755,0.5747,0.5748,21864.0
2024-06-30 20:32:00,1719779520.0,0.5748,0.5751,0.5748,0.5751,646.8
2024-06-30 20:33:00,1719779580.0,0.5751,0.5751,0.575,0.575,187.9
2024-06-30 20:34:00,1719779640.0,0.5747,0.5748,0.5746,0.5748,1546.7
2024-06-30 20:35:00,1719779700.0,0.5747,0.5747,0.5747,0.5747,314.8
2024-06-30 20:36:00,1719779760.0,0.5747,0.5748,0.5745,0.5746,2479.0
2024-06-30 20:37:00,1719779820.0,0.5747,0.5747,0.5746,0.5746,1064.5
2024-06-30 20:38:00,1719779880.0,0.5745,0.5745,0.5741,0.5741,3961.8
2024-06-30 20:39:00,1719779940.0,0.5741,0.5746,0.5741,0.5746,29631.7
2024-06-30 20:40:00,1719780000.0,0.5746,0.5748,0.5746,0.5748,340.5
2024-06-30 20:41:00,1719780060.0,0.5747,0.5747,0.5747,0.5747,112.5
2024-06-30 20:42:00,1719780120.0,0.5747,0.575,0.5747,0.575,119.8
2024-06-30 20:43:00,1719780180.0,0.5746,0.5747,0.5746,0.5747,18.8
2024-06-30 20:44:00,1719780240.0,0.5747,0.5748,0.5747,0.5748,149.5
2024-06-30 20:45:00,1719780300.0,0.5748,0.575,0.5742,0.5742,6743.7
2024-06-30 20:46:00,1719780360.0,0.5742,0.5746,0.5742,0.5746,5714.6
2024-06-30 20:47:00,1719780420.0,0.5748,0.5748,0.574,0.5742,20479.5
2024-06-30 20:48:00,1719780480.0,0.574,0.5741,0.574,0.5741,740.7
2024-06-30 20:49:00,1719780540.0,0.5739,0.5739,0.5739,0.5739,38.1
2024-06-30 20:50:00,1719780600.0,0.5735,0.5735,0.5735,0.5735,512.0
2024-06-30 20:51:00,1719780660.0,0.5735,0.5737,0.5734,0.5737,3411.7
2024-06-30 20:52:00,1719780720.0,0.5738,0.5738,0.5738,0.5738,2235.8
2024-06-30 20:53:00,1719780780.0,0.5738,0.574,0.5738,0.574,3570.9
2024-06-30 20:54:00,1719780840.0,0.5736,0.5739,0.5736,0.5739,673.0
2024-06-30 20:55:00,1719780900.0,0.5737,0.574,0.5737,0.574,2285.3
2024-06-30 20:56:00,1719780960.0,0.5738,0.5738,0.5733,0.5734,8586.0
2024-06-30 20:57:00,1719781020.0,0.5735,0.5735,0.5735,0.5735,33.4
2024-06-30 20:58:00,1719781080.0,0.5731,0.5731,0.5731,0.5731,69.7
2024-06-30 20:59:00,1719781140.0,0.573,0.573,0.573,0.573,929.4
2024-06-30 21:00:00,1719781200.0,0.5731,0.5731,0.5729,0.5729,1941.6
2024-06-30 21:01:00,1719781260.0,0.5729,0.5729,0.5725,0.5725,6993.7
2024-06-30 21:02:00,1719781320.0,0.5726,0.5726,0.5725,0.5725,377.7
2024-06-30 21:03:00,1719781380.0,0.5724,0.5724,0.5716,0.5717,12423.9
2024-06-30 21:04:00,1719781440.0,0.5717,0.5717,0.5717,0.5717,431.8
2024-06-30 21:05:00,1719781500.0,0.5717,0.5719,0.5717,0.5718,3830.8
2024-06-30 21:06:00,1719781560.0,0.5717,0.5717,0.5717,0.5717,456.2
2024-06-30 21:07:00,1719781620.0,0.5717,0.5717,0.5715,0.5716,677.6
2024-06-30 21:08:00,1719781680.0,0.5715,0.5715,0.5715,0.5715,122.4
2024-06-30 21:09:00,1719781740.0,0.5715,0.5715,0.5715,0.5715,0.0
2024-06-30 21:10:00,1719781800.0,0.5715,0.5715,0.571,0.5714,25192.4
2024-06-30 21:11:00,1719781860.0,0.5714,0.5714,0.5709,0.571,6127.9
2024-06-30 21:12:00,1719781920.0,0.5709,0.5709,0.5709,0.5709,4066.9
2024-06-30 21:13:00,1719781980.0,0.5709,0.5709,0.5709,0.5709,0.0
2024-06-30 21:14:00,1719782040.0,0.5708,0.5708,0.5705,0.5705,1106.4
2024-06-30 21:15:00,1719782100.0,0.5708,0.5708,0.5708,0.5708,4518.5
2024-06-30 21:16:00,1719782160.0,0.5709,0.5709,0.5708,0.5708,2011.7
2024-06-30 21:17:00,1719782220.0,0.5705,0.5707,0.5702,0.5707,23956.1
2024-06-30 21:18:00,1719782280.0,0.5707,0.5707,0.5707,0.5707,214.1
2024-06-30 21:19:00,1719782340.0,0.5707,0.5707,0.5707,0.5707,0.0
2024-06-30 21:20:00,1719782400.0,0.5709,0.5709,0.5708,0.5708,421.0
2024-06-30 21:21:00,1719782460.0,0.5708,0.5708,0.5707,0.5707,629.0
2024-06-30 21:22:00,1719782520.0,0.5707,0.5708,0.5707,0.5707,574.5
2024-06-30 21:23:00,1719782580.0,0.5706,0.5708,0.5706,0.5707,1042.2
2024-06-30 21:24:00,1719782640.0,0.5706,0.5706,0.5706,0.5706,1345.6
2024-06-30 21:25:00,1719782700.0,0.5705,0.5705,0.5701,0.5703,8718.6
2024-06-30 21:26:00,1719782760.0,0.5703,0.5703,0.5703,0.5703,9254.6
2024-06-30 21:27:00,1719782820.0,0.5704,0.5704,0.5704,0.5704,20.3
2024-06-30 21:28:00,1719782880.0,0.5705,0.5705,0.5703,0.5704,5625.3
2024-06-30 21:29:00,1719782940.0,0.5704,0.5704,0.5702,0.5702,1861.7
2024-06-30 21:30:00,1719783000.0,0.5702,0.5702,0.5702,0.5702,195.1
2024-06-30 21:31:00,1719783060.0,0.5702,0.5702,0.5702,0.5702,17.6
2024-06-30 21:32:00,1719783120.0,0.5701,0.5701,0.5698,0.57,1678.1
2024-06-30 21:33:00,1719783180.0,0.5699,0.5699,0.5699,0.5699,847.2
2024-06-30 21:34:00,1719783240.0,0.5699,0.5699,0.5699,0.5699,0.0
2024-06-30 21:35:00,1719783300.0,0.5698,0.5698,0.5698,0.5698,22.7
2024-06-30 21:36:00,1719783360.0,0.5697,0.5697,0.5695,0.5695,544.7
2024-06-30 21:37:00,1719783420.0,0.5695,0.5695,0.5695,0.5695,227.9
2024-06-30 21:38:00,1719783480.0,0.5695,0.5695,0.5695,0.5695,0.0
2024-06-30 21:39:00,1719783540.0,0.5696,0.5696,0.569,0.5691,2525.0
2024-06-30 21:40:00,1719783600.0,0.5692,0.5692,0.5691,0.5691,3855.8
2024-06-30 21:41:00,1719783660.0,0.5689,0.5689,0.5689,0.5689,507.7
2024-06-30 21:42:00,1719783720.0,0.5689,0.5689,0.5687,0.5687,7670.2
2024-06-30 21:43:00,1719783780.0,0.5687,0.57,0.5687,0.5699,43382.0
2024-06-30 21:44:00,1719783840.0,0.5699,0.5699,0.5698,0.5699,1379.0
2024-06-30 21:45:00,1719783900.0,0.5698,0.5698,0.5697,0.5698,3044.2
2024-06-30 21:46:00,1719783960.0,0.5697,0.5698,0.5697,0.5697,280.9
2024-06-30 21:47:00,1719784020.0,0.5698,0.5698,0.5698,0.5698,35.2
2024-06-30 21:48:00,1719784080.0,0.5697,0.5697,0.5697,0.5697,23.5
2024-06-30 21:49:00,1719784140.0,0.5698,0.5699,0.5698,0.5698,615.3
2024-06-30 21:50:00,1719784200.0,0.5698,0.5698,0.5698,0.5698,0.0
2024-06-30 21:51:00,1719784260.0,0.5697,0.5697,0.5695,0.5697,3975.2
2024-06-30 21:52:00,1719784320.0,0.5697,0.5697,0.5697,0.5697,240.0
2024-06-30 21:53:00,1719784380.0,0.5697,0.5697,0.5697,0.5697,253.7
2024-06-30 21:54:00,1719784440.0,0.5697,0.5697,0.5696,0.5696,830.5
2024-06-30 21:55:00,1719784500.0,0.5696,0.5696,0.5696,0.5696,377.8
2024-06-30 21:56:00,1719784560.0,0.5696,0.5707,0.5696,0.5706,22639.0
2024-06-30 21:57:00,1719784620.0,0.5708,0.5713,0.5708,0.5713,12344.6
2024-06-30 21:58:00,1719784680.0,0.5713,0.5713,0.5709,0.571,9892.9
2024-06-30 21:59:00,1719784740.0,0.5708,0.5708,0.5706,0.5706,4734.0
2024-06-30 22:00:00,1719784800.0,0.5707,0.5712,0.5707,0.5712,9836.7
2024-06-30 22:01:00,1719784860.0,0.571,0.571,0.5709,0.5709,415.3
2024-06-30 22:02:00,1719784920.0,0.5711,0.5717,0.5711,0.5717,15871.8
2024-06-30 22:03:00,1719784980.0,0.5718,0.5722,0.5718,0.5722,3392.2
2024-06-30 22:04:00,1719785040.0,0.5721,0.5721,0.572,0.572,1525.8
2024-06-30 22:05:00,1719785100.0,0.5721,0.5721,0.572,0.572,287.4
2024-06-30 22:06:00,1719785160.0,0.572,0.5721,0.572,0.572,692.1
2024-06-30 22:07:00,1719785220.0,0.572,0.5721,0.5719,0.572,6079.0
2024-06-30 22:08:00,1719785280.0,0.5719,0.5719,0.5717,0.5717,3521.4
2024-06-30 22:09:00,1719785340.0,0.5718,0.5718,0.5711,0.5711,23550.1
2024-06-30 22:10:00,1719785400.0,0.5712,0.5718,0.5712,0.5716,4544.2
2024-06-30 22:11:00,1719785460.0,0.5716,0.5716,0.5715,0.5716,772.2
2024-06-30 22:12:00,1719785520.0,0.5716,0.572,0.5714,0.572,3127.6
2024-06-30 22:13:00,1719785580.0,0.5721,0.5726,0.5721,0.5723,17024.4
2024-06-30 22:14:00,1719785640.0,0.572,0.5721,0.572,0.5721,1304.1
2024-06-30 22:15:00,1719785700.0,0.572,0.572,0.572,0.572,555.5
2024-06-30 22:16:00,1719785760.0,0.5719,0.5719,0.5717,0.5719,4476.7
2024-06-30 22:17:00,1719785820.0,0.572,0.5721,0.572,0.572,704.2
2024-06-30 22:18:00,1719785880.0,0.572,0.5722,0.5719,0.5721,3612.0
2024-06-30 22:19:00,1719785940.0,0.572,0.5729,0.572,0.5728,16124.6
2024-06-30 22:20:00,1719786000.0,0.5729,0.5729,0.5728,0.5728,1036.6
2024-06-30 22:21:00,1719786060.0,0.5728,0.574,0.5727,0.574,14369.4
2024-06-30 22:22:00,1719786120.0,0.5741,0.5741,0.5739,0.5739,5457.0
2024-06-30 22:23:00,1719786180.0,0.5738,0.5741,0.5738,0.5741,255.2
2024-06-30 22:24:00,1719786240.0,0.5742,0.5744,0.5742,0.5744,169.8
2024-06-30 22:25:00,1719786300.0,0.5744,0.5748,0.5744,0.5747,10581.4
2024-06-30 22:26:00,1719786360.0,0.5748,0.5757,0.5748,0.5755,45450.8
2024-06-30 22:27:00,1719786420.0,0.5756,0.5781,0.5756,0.5774,58155.2
2024-06-30 22:28:00,1719786480.0,0.5778,0.5782,0.5776,0.578,2596.4
2024-06-30 22:29:00,1719786540.0,0.5783,0.5792,0.5783,0.5792,35240.2
2024-06-30 22:30:00,1719786600.0,0.5792,0.5794,0.5787,0.5788,31749.4
2024-06-30 22:31:00,1719786660.0,0.579,0.579,0.5787,0.5789,3198.4
2024-06-30 22:32:00,1719786720.0,0.579,0.5791,0.5786,0.579,17535.7
2024-06-30 22:33:00,1719786780.0,0.579,0.5804,0.579,0.5804,118934.1
2024-06-30 22:34:00,1719786840.0,0.5804,0.5812,0.5804,0.581,29067.3
2024-06-30 22:35:00,1719786900.0,0.5811,0.5813,0.5806,0.581,4968.2
2024-06-30 22:36:00,1719786960.0,0.581,0.581,0.5806,0.5806,13777.1
2024-06-30 22:37:00,1719787020.0,0.5807,0.5811,0.5807,0.5808,6540.3
2024-06-30 22:38:00,1719787080.0,0.5809,0.5809,0.5807,0.5807,1977.9
2024-06-30 22:39:00,1719787140.0,0.5806,0.5811,0.5804,0.5811,6644.7
2024-06-30 22:40:00,1719787200.0,0.581,0.581,0.5804,0.5805,7410.2
2024-06-30 22:41:00,1719787260.0,0.5806,0.5808,0.5802,0.5802,11770.9
2024-06-30 22:42:00,1719787320.0,0.5804,0.5812,0.5804,0.5812,5081.7
2024-06-30 22:43:00,1719787380.0,0.5811,0.5811,0.5807,0.5807,2361.7
2024-06-30 22:44:00,1719787440.0,0.5807,0.5807,0.5807,0.5807,32.5
2024-06-30 22:45:00,1719787500.0,0.5806,0.581,0.5804,0.5806,13951.4
2024-06-30 22:46:00,1719787560.0,0.5806,0.5806,0.5803,0.5803,3491.6
2024-06-30 22:47:00,1719787620.0,0.5803,0.5803,0.5788,0.5795,81970.8
2024-06-30 22:48:00,1719787680.0,0.5796,0.5797,0.5794,0.5794,5349.2
2024-06-30 22:49:00,1719787740.0,0.5798,0.58,0.5795,0.5795,11813.7
2024-06-30 22:50:00,1719787800.0,0.5796,0.5799,0.5795,0.5796,9422.7
2024-06-30 22:51:00,1719787860.0,0.5795,0.5795,0.5791,0.5793,19452.5
2024-06-30 22:52:00,1719787920.0,0.5793,0.5793,0.5793,0.5793,0.0
2024-06-30 22:53:00,1719787980.0,0.5795,0.5798,0.5795,0.5795,8665.9
2024-06-30 22:54:00,1719788040.0,0.5796,0.58,0.5796,0.5798,9344.3
2024-06-30 22:55:00,1719788100.0,0.5799,0.5802,0.5799,0.5801,14514.5
2024-06-30 22:56:00,1719788160.0,0.5799,0.5799,0.5796,0.5796,4097.4
2024-06-30 22:57:00,1719788220.0,0.5797,0.5797,0.5794,0.5794,2540.4
2024-06-30 22:58:00,1719788280.0,0.5795,0.5795,0.5794,0.5794,2315.6
2024-06-30 22:59:00,1719788340.0,0.5795,0.5795,0.5795,0.5795,38.0
2024-06-30 23:00:00,1719788400.0,0.5799,0.58,0.5797,0.5799,4377.8
2024-06-30 23:01:00,1719788460.0,0.5798,0.5798,0.5793,0.5793,16249.6
2024-06-30 23:02:00,1719788520.0,0.5793,0.5795,0.5793,0.5794,2552.1
2024-06-30 23:03:00,1719788580.0,0.5796,0.5798,0.5794,0.5794,3527.2
2024-06-30 23:04:00,1719788640.0,0.5795,0.5796,0.5794,0.5796,277.9
2024-06-30 23:05:00,1719788700.0,0.5795,0.5795,0.5794,0.5795,2311.7
2024-06-30 23:06:00,1719788760.0,0.5797,0.5797,0.5794,0.5794,2065.1
2024-06-30 23:07:00,1719788820.0,0.5794,0.5794,0.5793,0.5793,5175.8
2024-06-30 23:08:00,1719788880.0,0.5793,0.5793,0.5788,0.5788,7509.1
2024-06-30 23:09:00,1719788940.0,0.5788,0.5793,0.5788,0.5793,14453.5
2024-06-30 23:10:00,1719789000.0,0.5792,0.5792,0.5787,0.5788,1295.1
2024-06-30 23:11:00,1719789060.0,0.5788,0.579,0.5787,0.5787,5722.3
2024-06-30 23:12:00,1719789120.0,0.5788,0.5788,0.5788,0.5788,753.3
2024-06-30 23:13:00,1719789180.0,0.5787,0.5787,0.5783,0.5783,9871.4
2024-06-30 23:14:00,1719789240.0,0.5784,0.5789,0.5784,0.5789,5990.7
2024-06-30 23:15:00,1719789300.0,0.579,0.5791,0.5788,0.5788,4860.9
2024-06-30 23:16:00,1719789360.0,0.5788,0.5791,0.5788,0.5791,5555.1
2024-06-30 23:17:00,1719789420.0,0.579,0.579,0.5789,0.5789,723.2
2024-06-30 23:18:00,1719789480.0,0.5785,0.5785,0.5782,0.5782,3528.7
2024-06-30 23:19:00,1719789540.0,0.5781,0.5781,0.5776,0.5776,4961.4
2024-06-30 23:20:00,1719789600.0,0.5779,0.5782,0.5777,0.5782,5397.3
2024-06-30 23:21:00,1719789660.0,0.5784,0.5785,0.5782,0.5785,10556.4
2024-06-30 23:22:00,1719789720.0,0.5785,0.5785,0.5785,0.5785,0.0
2024-06-30 23:23:00,1719789780.0,0.5787,0.5788,0.5787,0.5788,39.5
2024-06-30 23:24:00,1719789840.0,0.5786,0.5787,0.5785,0.5786,4215.9
2024-06-30 23:25:00,1719789900.0,0.5788,0.5788,0.5788,0.5788,127.3
2024-06-30 23:26:00,1719789960.0,0.579,0.5791,0.579,0.579,154.2
2024-06-30 23:27:00,1719790020.0,0.5791,0.5792,0.5791,0.5791,2721.4
2024-06-30 23:28:00,1719790080.0,0.579,0.5791,0.579,0.5791,3000.0
2024-06-30 23:29:00,1719790140.0,0.5788,0.5788,0.578,0.5781,16699.6
2024-06-30 23:30:00,1719790200.0,0.5782,0.5782,0.578,0.578,1084.2
2024-06-30 23:31:00,1719790260.0,0.5781,0.5782,0.5781,0.5782,2869.7
2024-06-30 23:32:00,1719790320.0,0.5782,0.5782,0.5782,0.5782,111.1
2024-06-30 23:33:00,1719790380.0,0.578,0.5781,0.578,0.5781,2557.2
2024-06-30 23:34:00,1719790440.0,0.578,0.5781,0.578,0.578,2300.5
2024-06-30 23:35:00,1719790500.0,0.5781,0.5781,0.578,0.5781,1634.6
2024-06-30 23:36:00,1719790560.0,0.5782,0.5785,0.5782,0.5785,9424.7
2024-06-30 23:37:00,1719790620.0,0.5787,0.5787,0.5787,0.5787,1719.1
2024-06-30 23:38:00,1719790680.0,0.5789,0.579,0.5789,0.579,30.9
2024-06-30 23:39:00,1719790740.0,0.5786,0.5787,0.5786,0.5787,3299.9
2024-06-30 23:40:00,1719790800.0,0.5788,0.5788,0.5788,0.5788,24.2
2024-06-30 23:41:00,1719790860.0,0.5789,0.5789,0.5789,0.5789,158.7
2024-06-30 23:42:00,1719790920.0,0.5788,0.5788,0.5782,0.5784,32221.2
2024-06-30 23:43:00,1719790980.0,0.5785,0.5785,0.5782,0.5782,989.3
2024-06-30 23:44:00,1719791040.0,0.5781,0.5781,0.5779,0.5779,8774.6
2024-06-30 23:45:00,1719791100.0,0.5778,0.5778,0.577,0.5772,14482.0
2024-06-30 23:46:00,1719791160.0,0.5771,0.5777,0.5771,0.5777,6028.0
2024-06-30 23:47:00,1719791220.0,0.5775,0.5775,0.5775,0.5775,81.9
2024-06-30 23:48:00,1719791280.0,0.5776,0.5777,0.5776,0.5777,114.4
2024-06-30 23:49:00,1719791340.0,0.5775,0.5776,0.5775,0.5776,121.3
2024-06-30 23:50:00,1719791400.0,0.5778,0.5778,0.5778,0.5778,600.8
2024-06-30 23:51:00,1719791460.0,0.5779,0.5779,0.5779,0.5779,66.9
2024-06-30 23:52:00,1719791520.0,0.578,0.5781,0.578,0.5781,1553.0
2024-06-30 23:53:00,1719791580.0,0.5783,0.5786,0.5783,0.5786,19306.9
2024-06-30 23:54:00,1719791640.0,0.5785,0.5787,0.5785,0.5786,3667.5
2024-06-30 23:55:00,1719791700.0,0.5787,0.5787,0.5787,0.5787,3811.5
2024-06-30 23:56:00,1719791760.0,0.5786,0.5786,0.578,0.5781,10665.7
2024-06-30 23:57:00,1719791820.0,0.5781,0.5781,0.5781,0.5781,806.2
2024-06-30 23:58:00,1719791880.0,0.578,0.578,0.578,0.578,536.9
2024-06-30 23:59:00,1719791940.0,0.5779,0.5781,0.5777,0.5779,3988.0
