Universal Time,Unix Time,Open,High,Low,Close,Volume
2023-07-12 00:00:00,1689120000.0,248.6,248.7,248.5,248.7,231.257
2023-07-12 00:01:00,1689120060.0,248.7,248.7,248.5,248.6,374.954
2023-07-12 00:02:00,1689120120.0,248.5,248.5,248.2,248.4,551.582
2023-07-12 00:03:00,1689120180.0,248.4,248.8,248.3,248.7,560.461
2023-07-12 00:04:00,1689120240.0,248.7,248.8,248.5,248.5,469.024
2023-07-12 00:05:00,1689120300.0,248.6,248.7,248.5,248.6,562.558
2023-07-12 00:06:00,1689120360.0,248.7,248.7,248.5,248.6,785.067
2023-07-12 00:07:00,1689120420.0,248.5,248.6,248.5,248.6,82.465
2023-07-12 00:08:00,1689120480.0,248.6,248.7,248.5,248.6,119.726
2023-07-12 00:09:00,1689120540.0,248.6,248.8,248.6,248.7,66.076
2023-07-12 00:10:00,1689120600.0,248.8,248.8,248.7,248.7,46.308
2023-07-12 00:11:00,1689120660.0,248.7,248.8,248.6,248.7,162.477
2023-07-12 00:12:00,1689120720.0,248.7,248.8,248.6,248.8,185.707
2023-07-12 00:13:00,1689120780.0,248.7,249.0,248.7,249.0,133.798
2023-07-12 00:14:00,1689120840.0,249.0,249.2,248.9,249.1,1036.847
2023-07-12 00:15:00,1689120900.0,249.2,249.2,249.0,249.1,223.315
2023-07-12 00:16:00,1689120960.0,249.0,249.1,248.9,249.0,425.71
2023-07-12 00:17:00,1689121020.0,249.1,249.2,249.0,249.1,417.577
2023-07-12 00:18:00,1689121080.0,249.1,249.2,249.0,249.2,697.462
2023-07-12 00:19:00,1689121140.0,249.2,249.2,249.0,249.0,529.073
2023-07-12 00:20:00,1689121200.0,249.1,249.1,248.9,249.0,165.222
2023-07-12 00:21:00,1689121260.0,249.1,249.1,249.0,249.1,50.677
2023-07-12 00:22:00,1689121320.0,249.1,249.2,249.0,249.2,810.186
2023-07-12 00:23:00,1689121380.0,249.2,249.3,249.1,249.2,882.783
2023-07-12 00:24:00,1689121440.0,249.1,249.2,249.0,249.1,177.616
2023-07-12 00:25:00,1689121500.0,249.1,249.2,249.1,249.2,481.533
2023-07-12 00:26:00,1689121560.0,249.1,249.3,249.0,249.3,622.129
2023-07-12 00:27:00,1689121620.0,249.3,249.3,249.2,249.2,41.343
2023-07-12 00:28:00,1689121680.0,249.3,249.3,249.2,249.3,28.554
2023-07-12 00:29:00,1689121740.0,249.3,249.3,249.2,249.2,60.848
2023-07-12 00:30:00,1689121800.0,249.3,249.4,249.2,249.3,389.048
2023-07-12 00:31:00,1689121860.0,249.4,249.4,249.1,249.2,268.405
2023-07-12 00:32:00,1689121920.0,249.1,249.3,249.1,249.2,237.597
2023-07-12 00:33:00,1689121980.0,249.2,249.4,249.2,249.3,119.943
2023-07-12 00:34:00,1689122040.0,249.4,249.4,249.3,249.3,134.842
2023-07-12 00:35:00,1689122100.0,249.4,249.5,249.3,249.5,492.392
2023-07-12 00:36:00,1689122160.0,249.4,249.6,249.4,249.6,1100.872
2023-07-12 00:37:00,1689122220.0,249.5,249.6,249.4,249.4,208.761
2023-07-12 00:38:00,1689122280.0,249.5,249.5,249.3,249.3,186.014
2023-07-12 00:39:00,1689122340.0,249.3,249.5,249.3,249.5,341.205
2023-07-12 00:40:00,1689122400.0,249.5,249.6,249.4,249.6,322.23
2023-07-12 00:41:00,1689122460.0,249.5,249.6,249.4,249.5,541.501
2023-07-12 00:42:00,1689122520.0,249.6,249.6,249.4,249.6,663.907
2023-07-12 00:43:00,1689122580.0,249.6,249.7,249.5,249.6,254.8
2023-07-12 00:44:00,1689122640.0,249.5,249.7,249.5,249.6,370.789
2023-07-12 00:45:00,1689122700.0,249.7,249.8,249.6,249.6,479.552
2023-07-12 00:46:00,1689122760.0,249.7,249.7,249.5,249.6,122.437
2023-07-12 00:47:00,1689122820.0,249.6,249.6,249.5,249.6,79.032
2023-07-12 00:48:00,1689122880.0,249.6,249.6,249.5,249.6,47.004
2023-07-12 00:49:00,1689122940.0,249.5,249.7,249.5,249.7,329.681
2023-07-12 00:50:00,1689123000.0,249.7,249.8,249.5,249.8,916.199
2023-07-12 00:51:00,1689123060.0,249.7,249.8,249.6,249.7,280.904
2023-07-12 00:52:00,1689123120.0,249.7,249.8,249.6,249.8,252.981
2023-07-12 00:53:00,1689123180.0,249.7,249.8,249.6,249.7,502.383
2023-07-12 00:54:00,1689123240.0,249.7,249.7,249.4,249.6,632.564
2023-07-12 00:55:00,1689123300.0,249.6,249.7,249.6,249.6,56.591
2023-07-12 00:56:00,1689123360.0,249.6,249.7,249.4,249.4,438.823
2023-07-12 00:57:00,1689123420.0,249.4,249.6,249.4,249.4,510.05
2023-07-12 00:58:00,1689123480.0,249.4,249.5,249.4,249.5,28.553
2023-07-12 00:59:00,1689123540.0,249.5,249.5,249.3,249.4,138.062
2023-07-12 01:00:00,1689123600.0,249.4,249.6,249.3,249.6,337.015
2023-07-12 01:01:00,1689123660.0,249.6,249.6,249.3,249.4,207.641
2023-07-12 01:02:00,1689123720.0,249.4,249.4,249.2,249.3,37.26
2023-07-12 01:03:00,1689123780.0,249.2,249.3,249.2,249.2,42.755
2023-07-12 01:04:00,1689123840.0,249.3,249.3,249.2,249.2,26.241
2023-07-12 01:05:00,1689123900.0,249.2,249.4,249.2,249.4,150.795
2023-07-12 01:06:00,1689123960.0,249.4,249.8,249.3,249.8,751.702
2023-07-12 01:07:00,1689124020.0,249.7,249.7,249.6,249.7,293.148
2023-07-12 01:08:00,1689124080.0,249.7,249.8,249.6,249.8,743.043
2023-07-12 01:09:00,1689124140.0,249.8,249.8,249.7,249.7,359.508
2023-07-12 01:10:00,1689124200.0,249.8,250.0,249.8,249.9,684.084
2023-07-12 01:11:00,1689124260.0,249.9,250.1,249.8,250.0,3230.603
2023-07-12 01:12:00,1689124320.0,250.0,250.0,249.9,250.0,157.415
2023-07-12 01:13:00,1689124380.0,249.9,250.2,249.9,250.0,771.896
2023-07-12 01:14:00,1689124440.0,250.0,250.0,249.6,249.6,766.858
2023-07-12 01:15:00,1689124500.0,249.7,249.7,249.6,249.6,139.657
2023-07-12 01:16:00,1689124560.0,249.7,249.8,249.4,249.5,938.71
2023-07-12 01:17:00,1689124620.0,249.5,249.6,249.3,249.3,422.851
2023-07-12 01:18:00,1689124680.0,249.4,249.4,249.2,249.2,123.685
2023-07-12 01:19:00,1689124740.0,249.2,249.3,249.1,249.2,234.912
2023-07-12 01:20:00,1689124800.0,249.2,249.3,249.1,249.2,354.134
2023-07-12 01:21:00,1689124860.0,249.2,249.2,249.0,249.0,328.836
2023-07-12 01:22:00,1689124920.0,249.1,249.2,249.0,249.1,243.288
2023-07-12 01:23:00,1689124980.0,249.1,249.2,249.1,249.2,307.325
2023-07-12 01:24:00,1689125040.0,249.2,249.2,249.1,249.2,37.963
2023-07-12 01:25:00,1689125100.0,249.1,249.2,249.1,249.1,75.008
2023-07-12 01:26:00,1689125160.0,249.2,249.2,249.1,249.2,109.939
2023-07-12 01:27:00,1689125220.0,249.2,249.2,248.8,248.8,658.87
2023-07-12 01:28:00,1689125280.0,248.9,249.1,248.8,248.9,676.949
2023-07-12 01:29:00,1689125340.0,249.0,249.0,248.8,248.9,132.837
2023-07-12 01:30:00,1689125400.0,248.8,248.9,248.7,248.8,516.465
2023-07-12 01:31:00,1689125460.0,248.9,248.9,248.7,248.9,441.424
2023-07-12 01:32:00,1689125520.0,248.9,248.9,248.6,248.8,486.86
2023-07-12 01:33:00,1689125580.0,248.7,248.8,248.7,248.8,67.474
2023-07-12 01:34:00,1689125640.0,248.8,248.8,248.6,248.7,268.562
2023-07-12 01:35:00,1689125700.0,248.6,248.9,248.6,248.7,786.255
2023-07-12 01:36:00,1689125760.0,248.7,248.8,248.7,248.7,264.49
2023-07-12 01:37:00,1689125820.0,248.8,248.9,248.7,248.7,172.398
2023-07-12 01:38:00,1689125880.0,248.7,248.9,248.7,248.9,176.934
2023-07-12 01:39:00,1689125940.0,248.9,248.9,248.8,248.8,29.394
2023-07-12 01:40:00,1689126000.0,248.9,249.2,248.8,249.2,199.842
2023-07-12 01:41:00,1689126060.0,249.1,249.3,249.1,249.3,146.226
2023-07-12 01:42:00,1689126120.0,249.3,249.3,249.2,249.3,39.098
2023-07-12 01:43:00,1689126180.0,249.2,249.4,249.2,249.3,246.275
2023-07-12 01:44:00,1689126240.0,249.4,249.5,249.3,249.4,312.272
2023-07-12 01:45:00,1689126300.0,249.3,249.4,249.2,249.3,112.896
2023-07-12 01:46:00,1689126360.0,249.2,249.3,249.2,249.2,143.853
2023-07-12 01:47:00,1689126420.0,249.3,249.4,249.2,249.3,143.394
2023-07-12 01:48:00,1689126480.0,249.4,249.7,249.3,249.6,599.562
2023-07-12 01:49:00,1689126540.0,249.6,249.6,249.4,249.5,667.435
2023-07-12 01:50:00,1689126600.0,249.6,249.6,249.4,249.5,328.837
2023-07-12 01:51:00,1689126660.0,249.4,249.5,249.4,249.5,189.601
2023-07-12 01:52:00,1689126720.0,249.4,249.6,249.4,249.5,500.42
2023-07-12 01:53:00,1689126780.0,249.6,249.6,249.5,249.6,70.452
2023-07-12 01:54:00,1689126840.0,249.6,249.6,249.5,249.6,54.262
2023-07-12 01:55:00,1689126900.0,249.6,249.6,249.4,249.6,389.785
2023-07-12 01:56:00,1689126960.0,249.6,249.7,249.5,249.7,282.803
2023-07-12 01:57:00,1689127020.0,249.7,249.7,249.6,249.7,22.481
2023-07-12 01:58:00,1689127080.0,249.7,249.7,249.5,249.5,248.799
2023-07-12 01:59:00,1689127140.0,249.6,249.6,249.5,249.6,21.933
2023-07-12 02:00:00,1689127200.0,249.6,249.6,249.5,249.6,85.11
2023-07-12 02:01:00,1689127260.0,249.6,249.7,249.5,249.6,455.229
2023-07-12 02:02:00,1689127320.0,249.5,249.6,249.5,249.5,91.081
2023-07-12 02:03:00,1689127380.0,249.5,249.6,249.5,249.5,214.712
2023-07-12 02:04:00,1689127440.0,249.5,249.6,249.4,249.4,217.688
2023-07-12 02:05:00,1689127500.0,249.4,249.5,249.4,249.4,82.878
2023-07-12 02:06:00,1689127560.0,249.4,249.5,249.4,249.5,52.81
2023-07-12 02:07:00,1689127620.0,249.5,249.5,249.4,249.5,72.5
2023-07-12 02:08:00,1689127680.0,249.5,249.5,249.3,249.3,147.521
2023-07-12 02:09:00,1689127740.0,249.3,249.4,249.2,249.3,132.348
2023-07-12 02:10:00,1689127800.0,249.3,249.4,249.2,249.4,149.056
2023-07-12 02:11:00,1689127860.0,249.4,249.4,249.3,249.4,95.176
2023-07-12 02:12:00,1689127920.0,249.3,249.4,249.3,249.3,151.067
2023-07-12 02:13:00,1689127980.0,249.4,249.4,249.3,249.3,80.061
2023-07-12 02:14:00,1689128040.0,249.3,249.3,249.2,249.2,106.234
2023-07-12 02:15:00,1689128100.0,249.3,249.4,249.2,249.3,353.228
2023-07-12 02:16:00,1689128160.0,249.4,249.5,249.3,249.5,175.981
2023-07-12 02:17:00,1689128220.0,249.4,249.7,249.4,249.6,435.512
2023-07-12 02:18:00,1689128280.0,249.7,249.7,249.6,249.6,187.889
2023-07-12 02:19:00,1689128340.0,249.6,249.7,249.6,249.6,37.971
2023-07-12 02:20:00,1689128400.0,249.7,249.8,249.6,249.7,161.901
2023-07-12 02:21:00,1689128460.0,249.8,249.8,249.6,249.6,226.541
2023-07-12 02:22:00,1689128520.0,249.7,249.8,249.6,249.8,463.747
2023-07-12 02:23:00,1689128580.0,249.8,249.8,249.6,249.7,176.843
2023-07-12 02:24:00,1689128640.0,249.7,249.7,249.6,249.7,149.782
2023-07-12 02:25:00,1689128700.0,249.7,249.7,249.6,249.6,56.517
2023-07-12 02:26:00,1689128760.0,249.6,249.7,249.6,249.6,67.814
2023-07-12 02:27:00,1689128820.0,249.7,249.7,249.6,249.6,25.938
2023-07-12 02:28:00,1689128880.0,249.6,249.7,249.6,249.6,45.854
2023-07-12 02:29:00,1689128940.0,249.6,249.6,249.5,249.6,103.934
2023-07-12 02:30:00,1689129000.0,249.5,249.9,249.5,249.9,600.126
2023-07-12 02:31:00,1689129060.0,249.8,249.9,249.8,249.9,214.729
2023-07-12 02:32:00,1689129120.0,249.9,250.0,249.8,249.9,293.053
2023-07-12 02:33:00,1689129180.0,250.0,250.1,249.9,250.0,373.456
2023-07-12 02:34:00,1689129240.0,250.0,250.0,249.9,250.0,336.044
2023-07-12 02:35:00,1689129300.0,249.9,250.2,249.9,250.0,521.336
2023-07-12 02:36:00,1689129360.0,250.1,250.1,250.0,250.0,134.898
2023-07-12 02:37:00,1689129420.0,250.1,250.2,250.0,250.2,159.935
2023-07-12 02:38:00,1689129480.0,250.2,250.2,250.1,250.2,953.687
2023-07-12 02:39:00,1689129540.0,250.2,250.3,250.1,250.1,283.503
2023-07-12 02:40:00,1689129600.0,250.2,250.4,250.1,250.2,625.205
2023-07-12 02:41:00,1689129660.0,250.2,250.3,250.2,250.3,533.667
2023-07-12 02:42:00,1689129720.0,250.3,250.4,250.2,250.2,231.46
2023-07-12 02:43:00,1689129780.0,250.3,250.3,250.1,250.1,214.497
2023-07-12 02:44:00,1689129840.0,250.2,250.2,250.0,250.1,658.81
2023-07-12 02:45:00,1689129900.0,250.0,250.3,250.0,250.3,418.141
2023-07-12 02:46:00,1689129960.0,250.3,250.4,250.2,250.3,467.762
2023-07-12 02:47:00,1689130020.0,250.3,250.3,250.2,250.3,127.656
2023-07-12 02:48:00,1689130080.0,250.3,250.3,250.1,250.1,436.969
2023-07-12 02:49:00,1689130140.0,250.1,250.2,250.1,250.1,96.449
2023-07-12 02:50:00,1689130200.0,250.1,250.2,250.0,250.1,131.183
2023-07-12 02:51:00,1689130260.0,250.0,250.2,250.0,250.2,126.018
2023-07-12 02:52:00,1689130320.0,250.1,250.2,250.1,250.1,106.835
2023-07-12 02:53:00,1689130380.0,250.2,250.2,250.1,250.1,271.915
2023-07-12 02:54:00,1689130440.0,250.1,250.2,250.0,250.2,340.375
2023-07-12 02:55:00,1689130500.0,250.1,250.3,250.1,250.2,533.302
2023-07-12 02:56:00,1689130560.0,250.1,250.3,250.1,250.3,469.091
2023-07-12 02:57:00,1689130620.0,250.2,250.3,250.1,250.2,491.296
2023-07-12 02:58:00,1689130680.0,250.3,250.3,250.2,250.3,76.642
2023-07-12 02:59:00,1689130740.0,250.2,250.3,250.0,250.1,378.13
2023-07-12 03:00:00,1689130800.0,250.1,250.5,250.0,250.4,1834.927
2023-07-12 03:01:00,1689130860.0,250.4,250.4,250.2,250.3,267.308
2023-07-12 03:02:00,1689130920.0,250.2,250.4,250.2,250.3,399.654
2023-07-12 03:03:00,1689130980.0,250.4,250.4,250.3,250.4,231.956
2023-07-12 03:04:00,1689131040.0,250.4,250.5,250.3,250.4,957.202
2023-07-12 03:05:00,1689131100.0,250.3,250.4,250.3,250.4,79.0
2023-07-12 03:06:00,1689131160.0,250.3,250.4,250.1,250.2,593.337
2023-07-12 03:07:00,1689131220.0,250.2,250.2,250.0,250.2,420.836
2023-07-12 03:08:00,1689131280.0,250.2,250.3,250.1,250.2,211.891
2023-07-12 03:09:00,1689131340.0,250.3,250.3,250.2,250.2,122.311
2023-07-12 03:10:00,1689131400.0,250.3,250.4,250.2,250.3,841.802
2023-07-12 03:11:00,1689131460.0,250.3,250.3,250.2,250.3,170.596
2023-07-12 03:12:00,1689131520.0,250.2,250.3,250.2,250.2,229.941
2023-07-12 03:13:00,1689131580.0,250.2,250.3,250.1,250.3,580.567
2023-07-12 03:14:00,1689131640.0,250.3,250.3,250.2,250.2,84.686
2023-07-12 03:15:00,1689131700.0,250.2,250.3,250.2,250.3,135.926
2023-07-12 03:16:00,1689131760.0,250.2,250.3,250.1,250.2,229.529
2023-07-12 03:17:00,1689131820.0,250.2,250.2,250.1,250.1,75.7
2023-07-12 03:18:00,1689131880.0,250.2,250.2,250.1,250.2,96.866
2023-07-12 03:19:00,1689131940.0,250.2,250.2,250.1,250.1,105.989
2023-07-12 03:20:00,1689132000.0,250.2,250.2,250.0,250.2,511.04
2023-07-12 03:21:00,1689132060.0,250.2,250.2,250.0,250.0,430.29
2023-07-12 03:22:00,1689132120.0,250.0,250.1,250.0,250.0,88.58
2023-07-12 03:23:00,1689132180.0,250.1,250.1,249.9,250.0,240.866
2023-07-12 03:24:00,1689132240.0,249.9,250.2,249.9,250.1,333.75
2023-07-12 03:25:00,1689132300.0,250.2,250.3,250.2,250.2,72.023
2023-07-12 03:26:00,1689132360.0,250.3,250.4,249.9,250.0,1733.144
2023-07-12 03:27:00,1689132420.0,250.0,250.1,249.9,250.0,384.849
2023-07-12 03:28:00,1689132480.0,250.1,250.1,249.7,249.7,695.187
2023-07-12 03:29:00,1689132540.0,249.8,249.8,249.7,249.7,100.683
2023-07-12 03:30:00,1689132600.0,249.8,249.9,249.6,249.9,327.045
2023-07-12 03:31:00,1689132660.0,249.9,249.9,249.7,249.7,272.355
2023-07-12 03:32:00,1689132720.0,249.7,249.7,249.6,249.6,168.129
2023-07-12 03:33:00,1689132780.0,249.6,249.7,249.6,249.7,40.837
2023-07-12 03:34:00,1689132840.0,249.7,249.7,249.5,249.5,160.782
2023-07-12 03:35:00,1689132900.0,249.5,249.6,249.5,249.6,309.098
2023-07-12 03:36:00,1689132960.0,249.5,249.6,249.5,249.5,72.881
2023-07-12 03:37:00,1689133020.0,249.6,249.6,249.5,249.5,40.429
2023-07-12 03:38:00,1689133080.0,249.6,249.7,249.5,249.7,376.832
2023-07-12 03:39:00,1689133140.0,249.6,249.7,249.6,249.6,116.818
2023-07-12 03:40:00,1689133200.0,249.7,249.7,249.5,249.7,442.657
2023-07-12 03:41:00,1689133260.0,249.6,249.7,249.5,249.5,300.201
2023-07-12 03:42:00,1689133320.0,249.5,249.6,249.4,249.5,517.412
2023-07-12 03:43:00,1689133380.0,249.5,249.6,249.4,249.5,611.386
2023-07-12 03:44:00,1689133440.0,249.5,249.5,249.3,249.5,1216.29
2023-07-12 03:45:00,1689133500.0,249.4,249.6,249.4,249.6,471.012
2023-07-12 03:46:00,1689133560.0,249.6,249.7,249.5,249.7,346.023
2023-07-12 03:47:00,1689133620.0,249.7,249.7,249.6,249.6,37.64
2023-07-12 03:48:00,1689133680.0,249.7,249.7,249.6,249.6,42.122
2023-07-12 03:49:00,1689133740.0,249.6,249.7,249.4,249.5,513.77
2023-07-12 03:50:00,1689133800.0,249.5,249.5,249.3,249.4,388.381
2023-07-12 03:51:00,1689133860.0,249.4,249.5,249.4,249.4,61.558
2023-07-12 03:52:00,1689133920.0,249.5,249.6,249.4,249.5,248.831
2023-07-12 03:53:00,1689133980.0,249.6,249.6,249.5,249.6,42.298
2023-07-12 03:54:00,1689134040.0,249.6,249.7,249.6,249.6,87.691
2023-07-12 03:55:00,1689134100.0,249.6,249.7,249.6,249.6,106.381
2023-07-12 03:56:00,1689134160.0,249.7,249.7,249.6,249.6,44.271
2023-07-12 03:57:00,1689134220.0,249.7,249.8,249.6,249.7,204.133
2023-07-12 03:58:00,1689134280.0,249.8,249.8,249.7,249.8,46.825
2023-07-12 03:59:00,1689134340.0,249.7,249.8,249.5,249.6,265.175
2023-07-12 04:00:00,1689134400.0,249.6,249.8,249.5,249.7,1170.761
2023-07-12 04:01:00,1689134460.0,249.7,249.7,249.5,249.6,130.928
2023-07-12 04:02:00,1689134520.0,249.6,249.6,249.5,249.6,52.466
2023-07-12 04:03:00,1689134580.0,249.5,249.7,249.5,249.6,222.641
2023-07-12 04:04:00,1689134640.0,249.6,249.7,249.5,249.6,495.607
2023-07-12 04:05:00,1689134700.0,249.6,249.7,249.5,249.7,161.417
2023-07-12 04:06:00,1689134760.0,249.7,249.7,249.5,249.6,829.355
2023-07-12 04:07:00,1689134820.0,249.5,249.6,249.4,249.5,290.949
2023-07-12 04:08:00,1689134880.0,249.5,249.5,249.4,249.4,65.329
2023-07-12 04:09:00,1689134940.0,249.4,249.5,249.3,249.3,141.659
2023-07-12 04:10:00,1689135000.0,249.4,249.4,249.1,249.2,386.62
2023-07-12 04:11:00,1689135060.0,249.2,249.3,249.2,249.2,70.229
2023-07-12 04:12:00,1689135120.0,249.2,249.3,249.2,249.2,246.228
2023-07-12 04:13:00,1689135180.0,249.2,249.3,249.2,249.2,91.48
2023-07-12 04:14:00,1689135240.0,249.2,249.3,249.2,249.2,143.83
2023-07-12 04:15:00,1689135300.0,249.3,249.3,249.1,249.3,739.706
2023-07-12 04:16:00,1689135360.0,249.3,249.3,249.2,249.2,78.641
2023-07-12 04:17:00,1689135420.0,249.2,249.4,249.2,249.4,123.665
2023-07-12 04:18:00,1689135480.0,249.4,249.4,249.3,249.4,47.036
2023-07-12 04:19:00,1689135540.0,249.3,249.4,249.2,249.3,236.5
2023-07-12 04:20:00,1689135600.0,249.3,249.4,249.2,249.4,411.543
2023-07-12 04:21:00,1689135660.0,249.4,249.5,249.3,249.5,316.401
2023-07-12 04:22:00,1689135720.0,249.4,249.5,249.4,249.5,33.479
2023-07-12 04:23:00,1689135780.0,249.5,249.5,249.4,249.5,81.624
2023-07-12 04:24:00,1689135840.0,249.5,249.5,249.4,249.5,43.904
2023-07-12 04:25:00,1689135900.0,249.5,249.6,249.4,249.6,138.934
2023-07-12 04:26:00,1689135960.0,249.5,249.6,249.5,249.5,36.458
2023-07-12 04:27:00,1689136020.0,249.6,249.7,249.5,249.6,160.766
2023-07-12 04:28:00,1689136080.0,249.7,249.8,249.6,249.8,175.496
2023-07-12 04:29:00,1689136140.0,249.7,249.8,249.7,249.8,102.477
2023-07-12 04:30:00,1689136200.0,249.8,249.9,249.7,249.8,1102.489
2023-07-12 04:31:00,1689136260.0,249.9,249.9,249.8,249.9,69.104
2023-07-12 04:32:00,1689136320.0,249.8,249.9,249.8,249.9,137.993
2023-07-12 04:33:00,1689136380.0,249.9,249.9,249.7,249.8,354.655
2023-07-12 04:34:00,1689136440.0,249.8,249.8,249.5,249.6,1114.348
2023-07-12 04:35:00,1689136500.0,249.6,249.6,249.4,249.5,72.241
2023-07-12 04:36:00,1689136560.0,249.4,249.5,249.3,249.5,814.233
2023-07-12 04:37:00,1689136620.0,249.5,249.5,249.4,249.5,88.28
2023-07-12 04:38:00,1689136680.0,249.5,249.5,249.4,249.5,79.719
2023-07-12 04:39:00,1689136740.0,249.4,249.5,249.4,249.5,69.011
2023-07-12 04:40:00,1689136800.0,249.5,249.5,249.4,249.5,99.204
2023-07-12 04:41:00,1689136860.0,249.5,249.5,249.4,249.4,93.307
2023-07-12 04:42:00,1689136920.0,249.5,249.5,249.4,249.5,157.963
2023-07-12 04:43:00,1689136980.0,249.5,249.5,249.4,249.4,82.635
2023-07-12 04:44:00,1689137040.0,249.5,249.5,249.3,249.4,308.307
2023-07-12 04:45:00,1689137100.0,249.5,249.5,249.4,249.4,290.027
2023-07-12 04:46:00,1689137160.0,249.4,249.4,249.2,249.2,196.836
2023-07-12 04:47:00,1689137220.0,249.3,249.3,249.2,249.3,56.517
2023-07-12 04:48:00,1689137280.0,249.3,249.4,249.2,249.4,145.979
2023-07-12 04:49:00,1689137340.0,249.4,249.4,249.3,249.3,22.449
2023-07-12 04:50:00,1689137400.0,249.4,249.4,249.2,249.2,195.963
2023-07-12 04:51:00,1689137460.0,249.2,249.3,249.2,249.3,48.6
2023-07-12 04:52:00,1689137520.0,249.3,249.3,249.1,249.2,86.08
2023-07-12 04:53:00,1689137580.0,249.2,249.3,249.1,249.2,606.91
2023-07-12 04:54:00,1689137640.0,249.2,249.3,249.1,249.1,510.149
2023-07-12 04:55:00,1689137700.0,249.1,249.2,249.1,249.2,72.858
2023-07-12 04:56:00,1689137760.0,249.1,249.2,249.1,249.2,53.203
2023-07-12 04:57:00,1689137820.0,249.2,249.2,249.1,249.1,262.179
2023-07-12 04:58:00,1689137880.0,249.2,249.2,248.9,248.9,680.827
2023-07-12 04:59:00,1689137940.0,249.0,249.2,248.9,249.1,335.68
2023-07-12 05:00:00,1689138000.0,249.1,249.2,249.1,249.2,189.125
2023-07-12 05:01:00,1689138060.0,249.2,249.2,248.9,249.0,450.193
2023-07-12 05:02:00,1689138120.0,249.0,249.0,248.9,248.9,335.442
2023-07-12 05:03:00,1689138180.0,249.0,249.1,248.9,249.1,851.585
2023-07-12 05:04:00,1689138240.0,249.1,249.1,249.0,249.0,75.492
2023-07-12 05:05:00,1689138300.0,249.0,249.1,249.0,249.0,84.511
2023-07-12 05:06:00,1689138360.0,249.1,249.1,249.0,249.1,117.364
2023-07-12 05:07:00,1689138420.0,249.1,249.1,249.0,249.0,112.701
2023-07-12 05:08:00,1689138480.0,249.1,249.1,249.0,249.1,103.659
2023-07-12 05:09:00,1689138540.0,249.1,249.2,249.1,249.2,432.08
2023-07-12 05:10:00,1689138600.0,249.1,249.2,249.1,249.1,79.127
2023-07-12 05:11:00,1689138660.0,249.2,249.2,249.1,249.2,60.02
2023-07-12 05:12:00,1689138720.0,249.2,249.3,249.1,249.2,127.607
2023-07-12 05:13:00,1689138780.0,249.3,249.3,249.2,249.2,72.462
2023-07-12 05:14:00,1689138840.0,249.2,249.3,249.2,249.3,60.309
2023-07-12 05:15:00,1689138900.0,249.3,249.3,249.2,249.2,59.59
2023-07-12 05:16:00,1689138960.0,249.3,249.3,249.2,249.3,78.103
2023-07-12 05:17:00,1689139020.0,249.3,249.4,249.3,249.4,183.423
2023-07-12 05:18:00,1689139080.0,249.4,249.5,249.3,249.5,685.878
2023-07-12 05:19:00,1689139140.0,249.4,249.6,249.4,249.5,493.942
2023-07-12 05:20:00,1689139200.0,249.6,249.8,249.5,249.7,493.025
2023-07-12 05:21:00,1689139260.0,249.7,249.8,249.7,249.8,73.409
2023-07-12 05:22:00,1689139320.0,249.8,249.8,249.7,249.7,29.289
2023-07-12 05:23:00,1689139380.0,249.8,249.8,249.6,249.8,639.611
2023-07-12 05:24:00,1689139440.0,249.8,249.8,249.7,249.7,2944.04
2023-07-12 05:25:00,1689139500.0,249.7,249.8,249.7,249.8,78.785
2023-07-12 05:26:00,1689139560.0,249.7,249.8,249.7,249.8,344.625
2023-07-12 05:27:00,1689139620.0,249.8,249.8,249.5,249.6,553.733
2023-07-12 05:28:00,1689139680.0,249.6,249.6,249.5,249.6,128.687
2023-07-12 05:29:00,1689139740.0,249.6,249.7,249.5,249.7,283.82
2023-07-12 05:30:00,1689139800.0,249.7,249.7,249.6,249.7,77.538
2023-07-12 05:31:00,1689139860.0,249.7,249.7,249.6,249.7,36.071
2023-07-12 05:32:00,1689139920.0,249.6,249.7,249.5,249.6,184.822
2023-07-12 05:33:00,1689139980.0,249.5,249.6,249.5,249.5,17.346
2023-07-12 05:34:00,1689140040.0,249.5,249.6,249.5,249.6,52.076
2023-07-12 05:35:00,1689140100.0,249.5,249.6,249.5,249.5,31.83
2023-07-12 05:36:00,1689140160.0,249.6,249.7,249.5,249.6,405.611
2023-07-12 05:37:00,1689140220.0,249.7,249.7,249.5,249.6,219.474
2023-07-12 05:38:00,1689140280.0,249.6,249.6,249.5,249.5,35.895
2023-07-12 05:39:00,1689140340.0,249.6,249.6,249.5,249.6,43.61
2023-07-12 05:40:00,1689140400.0,249.6,249.6,249.5,249.6,91.806
2023-07-12 05:41:00,1689140460.0,249.6,249.6,249.5,249.6,59.846
2023-07-12 05:42:00,1689140520.0,249.6,249.6,249.5,249.6,65.759
2023-07-12 05:43:00,1689140580.0,249.5,249.6,249.5,249.6,38.953
2023-07-12 05:44:00,1689140640.0,249.6,249.6,249.5,249.5,39.94
2023-07-12 05:45:00,1689140700.0,249.5,249.6,249.5,249.5,48.043
2023-07-12 05:46:00,1689140760.0,249.5,249.7,249.5,249.7,231.189
2023-07-12 05:47:00,1689140820.0,249.6,249.7,249.5,249.5,142.357
2023-07-12 05:48:00,1689140880.0,249.6,249.6,249.5,249.6,42.186
2023-07-12 05:49:00,1689140940.0,249.6,249.6,249.5,249.6,23.091
2023-07-12 05:50:00,1689141000.0,249.6,249.6,249.5,249.6,50.87
2023-07-12 05:51:00,1689141060.0,249.5,249.7,249.5,249.6,313.867
2023-07-12 05:52:00,1689141120.0,249.7,249.7,249.4,249.5,519.907
2023-07-12 05:53:00,1689141180.0,249.5,249.6,249.3,249.4,543.343
2023-07-12 05:54:00,1689141240.0,249.4,249.7,249.3,249.6,1413.243
2023-07-12 05:55:00,1689141300.0,249.6,249.7,249.5,249.6,857.018
2023-07-12 05:56:00,1689141360.0,249.7,249.7,249.5,249.6,151.108
2023-07-12 05:57:00,1689141420.0,249.6,249.6,249.5,249.6,32.633
2023-07-12 05:58:00,1689141480.0,249.6,249.6,249.5,249.5,136.876
2023-07-12 05:59:00,1689141540.0,249.5,249.6,249.5,249.6,47.139
2023-07-12 06:00:00,1689141600.0,249.5,249.7,249.5,249.7,182.508
2023-07-12 06:01:00,1689141660.0,249.7,249.7,249.5,249.5,502.69
2023-07-12 06:02:00,1689141720.0,249.6,249.6,249.5,249.6,41.69
2023-07-12 06:03:00,1689141780.0,249.6,249.6,249.5,249.6,22.868
2023-07-12 06:04:00,1689141840.0,249.5,249.6,249.5,249.5,52.359
2023-07-12 06:05:00,1689141900.0,249.6,249.8,249.5,249.7,3476.101
2023-07-12 06:06:00,1689141960.0,249.7,249.7,249.6,249.7,1617.05
2023-07-12 06:07:00,1689142020.0,249.7,249.7,249.6,249.7,89.7
2023-07-12 06:08:00,1689142080.0,249.7,249.7,249.5,249.6,186.295
2023-07-12 06:09:00,1689142140.0,249.6,249.7,249.5,249.6,280.233
2023-07-12 06:10:00,1689142200.0,249.7,249.7,249.5,249.6,526.972
2023-07-12 06:11:00,1689142260.0,249.6,249.6,249.5,249.5,146.069
2023-07-12 06:12:00,1689142320.0,249.5,249.5,249.3,249.3,250.808
2023-07-12 06:13:00,1689142380.0,249.3,249.5,249.3,249.4,1475.987
2023-07-12 06:14:00,1689142440.0,249.5,249.6,249.4,249.6,3056.044
2023-07-12 06:15:00,1689142500.0,249.6,249.7,249.5,249.7,2106.87
2023-07-12 06:16:00,1689142560.0,249.6,249.7,249.6,249.6,393.243
2023-07-12 06:17:00,1689142620.0,249.6,249.7,249.5,249.6,360.218
2023-07-12 06:18:00,1689142680.0,249.5,249.6,249.4,249.4,528.282
2023-07-12 06:19:00,1689142740.0,249.5,249.5,249.3,249.4,150.156
2023-07-12 06:20:00,1689142800.0,249.4,249.5,249.3,249.4,952.181
2023-07-12 06:21:00,1689142860.0,249.5,249.5,249.4,249.4,78.144
2023-07-12 06:22:00,1689142920.0,249.4,249.4,249.3,249.4,125.097
2023-07-12 06:23:00,1689142980.0,249.4,249.4,249.3,249.4,48.806
2023-07-12 06:24:00,1689143040.0,249.4,249.4,249.3,249.3,45.165
2023-07-12 06:25:00,1689143100.0,249.4,249.6,249.3,249.6,1000.093
2023-07-12 06:26:00,1689143160.0,249.6,249.7,249.5,249.5,567.475
2023-07-12 06:27:00,1689143220.0,249.5,250.0,249.5,249.9,1361.801
2023-07-12 06:28:00,1689143280.0,249.9,249.9,249.8,249.8,157.711
2023-07-12 06:29:00,1689143340.0,249.8,249.9,249.7,249.7,151.047
2023-07-12 06:30:00,1689143400.0,249.8,250.0,249.8,249.9,487.057
2023-07-12 06:31:00,1689143460.0,249.9,250.0,249.8,249.9,323.045
2023-07-12 06:32:00,1689143520.0,249.9,249.9,249.7,249.8,122.876
2023-07-12 06:33:00,1689143580.0,249.8,249.8,249.7,249.8,146.824
2023-07-12 06:34:00,1689143640.0,249.7,249.9,249.7,249.9,305.37
2023-07-12 06:35:00,1689143700.0,249.8,250.0,249.8,250.0,212.162
2023-07-12 06:36:00,1689143760.0,250.0,250.0,249.9,250.0,167.78
2023-07-12 06:37:00,1689143820.0,250.0,250.1,249.9,250.0,772.271
2023-07-12 06:38:00,1689143880.0,250.0,250.0,249.9,250.0,57.033
2023-07-12 06:39:00,1689143940.0,249.9,250.0,249.9,250.0,52.527
2023-07-12 06:40:00,1689144000.0,249.9,250.0,249.8,249.8,183.359
2023-07-12 06:41:00,1689144060.0,249.9,249.9,249.7,249.7,157.17
2023-07-12 06:42:00,1689144120.0,249.7,249.8,249.7,249.7,58.285
2023-07-12 06:43:00,1689144180.0,249.8,249.8,249.6,249.7,139.191
2023-07-12 06:44:00,1689144240.0,249.6,249.7,249.6,249.6,55.271
2023-07-12 06:45:00,1689144300.0,249.7,249.7,249.6,249.6,114.403
2023-07-12 06:46:00,1689144360.0,249.6,249.8,249.6,249.8,233.223
2023-07-12 06:47:00,1689144420.0,249.8,249.8,249.6,249.6,151.586
2023-07-12 06:48:00,1689144480.0,249.6,249.7,249.6,249.6,151.745
2023-07-12 06:49:00,1689144540.0,249.6,249.7,249.6,249.7,135.341
2023-07-12 06:50:00,1689144600.0,249.7,249.7,249.5,249.5,111.596
2023-07-12 06:51:00,1689144660.0,249.5,249.6,249.5,249.6,51.047
2023-07-12 06:52:00,1689144720.0,249.6,249.6,249.4,249.5,209.337
2023-07-12 06:53:00,1689144780.0,249.4,249.5,249.4,249.5,248.8
2023-07-12 06:54:00,1689144840.0,249.5,249.6,249.4,249.5,323.862
2023-07-12 06:55:00,1689144900.0,249.5,249.7,249.5,249.7,92.002
2023-07-12 06:56:00,1689144960.0,249.7,249.7,249.6,249.6,221.339
2023-07-12 06:57:00,1689145020.0,249.6,249.7,249.6,249.6,69.502
2023-07-12 06:58:00,1689145080.0,249.6,249.7,249.6,249.6,232.116
2023-07-12 06:59:00,1689145140.0,249.7,249.7,249.6,249.7,131.391
2023-07-12 07:00:00,1689145200.0,249.7,249.7,249.5,249.5,261.396
2023-07-12 07:01:00,1689145260.0,249.6,249.6,249.4,249.4,584.905
2023-07-12 07:02:00,1689145320.0,249.5,249.6,249.4,249.6,368.006
2023-07-12 07:03:00,1689145380.0,249.6,249.6,249.5,249.6,64.413
2023-07-12 07:04:00,1689145440.0,249.6,249.6,249.5,249.5,76.609
2023-07-12 07:05:00,1689145500.0,249.5,249.6,249.4,249.5,857.35
2023-07-12 07:06:00,1689145560.0,249.5,249.6,249.4,249.4,324.817
2023-07-12 07:07:00,1689145620.0,249.5,249.6,249.4,249.4,545.93
2023-07-12 07:08:00,1689145680.0,249.5,249.5,249.4,249.4,115.298
2023-07-12 07:09:00,1689145740.0,249.5,249.6,249.4,249.5,229.352
2023-07-12 07:10:00,1689145800.0,249.6,249.7,249.5,249.7,80.6
2023-07-12 07:11:00,1689145860.0,249.7,249.7,249.6,249.6,98.374
2023-07-12 07:12:00,1689145920.0,249.7,249.7,249.6,249.6,269.097
2023-07-12 07:13:00,1689145980.0,249.7,249.8,249.6,249.8,295.336
2023-07-12 07:14:00,1689146040.0,249.8,249.8,249.6,249.6,149.137
2023-07-12 07:15:00,1689146100.0,249.7,249.8,249.6,249.8,277.226
2023-07-12 07:16:00,1689146160.0,249.8,249.8,249.6,249.7,207.998
2023-07-12 07:17:00,1689146220.0,249.7,249.8,249.6,249.8,269.922
2023-07-12 07:18:00,1689146280.0,249.8,249.8,249.7,249.7,128.111
2023-07-12 07:19:00,1689146340.0,249.8,249.8,249.7,249.8,31.16
2023-07-12 07:20:00,1689146400.0,249.8,249.8,249.7,249.8,68.609
2023-07-12 07:21:00,1689146460.0,249.8,249.8,249.7,249.7,56.621
2023-07-12 07:22:00,1689146520.0,249.8,249.9,249.7,249.8,198.244
2023-07-12 07:23:00,1689146580.0,249.9,249.9,249.7,249.8,169.422
2023-07-12 07:24:00,1689146640.0,249.8,249.8,249.6,249.7,197.147
2023-07-12 07:25:00,1689146700.0,249.7,249.7,249.6,249.7,67.048
2023-07-12 07:26:00,1689146760.0,249.7,249.8,249.6,249.8,443.844
2023-07-12 07:27:00,1689146820.0,249.8,249.8,249.5,249.7,664.335
2023-07-12 07:28:00,1689146880.0,249.6,249.7,249.6,249.6,61.178
2023-07-12 07:29:00,1689146940.0,249.7,249.7,249.5,249.6,221.776
2023-07-12 07:30:00,1689147000.0,249.6,249.6,249.4,249.5,194.445
2023-07-12 07:31:00,1689147060.0,249.5,249.5,249.3,249.4,158.676
2023-07-12 07:32:00,1689147120.0,249.4,249.4,249.3,249.3,57.701
2023-07-12 07:33:00,1689147180.0,249.4,249.6,249.3,249.5,1412.578
2023-07-12 07:34:00,1689147240.0,249.6,249.6,249.5,249.5,104.53
2023-07-12 07:35:00,1689147300.0,249.6,249.7,249.5,249.6,441.334
2023-07-12 07:36:00,1689147360.0,249.7,249.8,249.6,249.7,476.853
2023-07-12 07:37:00,1689147420.0,249.6,249.8,249.6,249.6,796.33
2023-07-12 07:38:00,1689147480.0,249.7,249.7,249.6,249.6,92.954
2023-07-12 07:39:00,1689147540.0,249.7,249.7,249.6,249.7,74.142
2023-07-12 07:40:00,1689147600.0,249.6,249.8,249.6,249.7,214.508
2023-07-12 07:41:00,1689147660.0,249.7,249.8,249.7,249.8,105.709
2023-07-12 07:42:00,1689147720.0,249.8,250.0,249.7,250.0,199.239
2023-07-12 07:43:00,1689147780.0,249.9,250.0,249.8,249.9,173.321
2023-07-12 07:44:00,1689147840.0,249.8,249.9,249.8,249.8,437.158
2023-07-12 07:45:00,1689147900.0,249.9,249.9,249.8,249.9,33.754
2023-07-12 07:46:00,1689147960.0,249.9,250.0,249.8,249.8,583.028
2023-07-12 07:47:00,1689148020.0,249.9,249.9,249.8,249.9,97.434
2023-07-12 07:48:00,1689148080.0,249.9,249.9,249.8,249.9,134.623
2023-07-12 07:49:00,1689148140.0,249.8,249.9,249.8,249.8,48.676
2023-07-12 07:50:00,1689148200.0,249.9,249.9,249.8,249.8,73.566
2023-07-12 07:51:00,1689148260.0,249.9,249.9,249.8,249.8,46.003
2023-07-12 07:52:00,1689148320.0,249.8,249.9,249.8,249.8,80.004
2023-07-12 07:53:00,1689148380.0,249.8,249.9,249.8,249.9,39.265
2023-07-12 07:54:00,1689148440.0,249.9,249.9,249.8,249.8,99.643
2023-07-12 07:55:00,1689148500.0,249.9,249.9,249.8,249.9,62.39
2023-07-12 07:56:00,1689148560.0,249.9,249.9,249.6,249.6,544.06
2023-07-12 07:57:00,1689148620.0,249.6,249.7,249.5,249.6,411.349
2023-07-12 07:58:00,1689148680.0,249.7,249.7,249.6,249.6,44.415
2023-07-12 07:59:00,1689148740.0,249.7,249.7,249.5,249.6,469.807
2023-07-12 08:00:00,1689148800.0,249.6,249.7,249.5,249.6,210.425
2023-07-12 08:01:00,1689148860.0,249.6,249.7,249.6,249.6,208.21
2023-07-12 08:02:00,1689148920.0,249.6,249.6,249.5,249.5,257.101
2023-07-12 08:03:00,1689148980.0,249.5,249.6,249.4,249.6,668.426
2023-07-12 08:04:00,1689149040.0,249.5,249.6,249.4,249.5,369.402
2023-07-12 08:05:00,1689149100.0,249.4,249.6,249.4,249.5,224.9
2023-07-12 08:06:00,1689149160.0,249.6,249.6,249.5,249.5,36.201
2023-07-12 08:07:00,1689149220.0,249.6,249.6,249.4,249.5,222.642
2023-07-12 08:08:00,1689149280.0,249.5,249.5,249.4,249.4,169.551
2023-07-12 08:09:00,1689149340.0,249.5,249.5,249.4,249.4,79.505
2023-07-12 08:10:00,1689149400.0,249.5,249.5,249.3,249.4,312.618
2023-07-12 08:11:00,1689149460.0,249.3,249.4,249.3,249.3,42.042
2023-07-12 08:12:00,1689149520.0,249.4,249.4,249.3,249.3,35.851
2023-07-12 08:13:00,1689149580.0,249.4,249.4,249.3,249.3,63.784
2023-07-12 08:14:00,1689149640.0,249.4,249.4,249.3,249.3,205.011
2023-07-12 08:15:00,1689149700.0,249.4,249.4,249.3,249.4,73.461
2023-07-12 08:16:00,1689149760.0,249.4,249.4,249.3,249.3,74.438
2023-07-12 08:17:00,1689149820.0,249.4,249.4,249.3,249.3,1064.328
2023-07-12 08:18:00,1689149880.0,249.3,249.3,249.2,249.2,68.033
2023-07-12 08:19:00,1689149940.0,249.2,249.3,249.1,249.2,582.76
2023-07-12 08:20:00,1689150000.0,249.2,249.2,249.1,249.2,26.116
2023-07-12 08:21:00,1689150060.0,249.2,249.2,249.0,249.0,240.273
2023-07-12 08:22:00,1689150120.0,249.1,249.1,249.0,249.0,75.893
2023-07-12 08:23:00,1689150180.0,249.1,249.1,249.0,249.0,93.3
2023-07-12 08:24:00,1689150240.0,249.1,249.1,249.0,249.1,215.46
2023-07-12 08:25:00,1689150300.0,249.0,249.1,248.9,249.0,280.071
2023-07-12 08:26:00,1689150360.0,249.0,249.0,248.7,249.0,1229.652
2023-07-12 08:27:00,1689150420.0,248.9,249.0,248.9,248.9,135.499
2023-07-12 08:28:00,1689150480.0,248.9,249.0,248.8,248.9,177.048
2023-07-12 08:29:00,1689150540.0,248.9,248.9,248.8,248.8,95.277
2023-07-12 08:30:00,1689150600.0,248.8,248.9,248.7,248.8,303.024
2023-07-12 08:31:00,1689150660.0,248.8,248.8,248.5,248.7,1104.746
2023-07-12 08:32:00,1689150720.0,248.6,248.8,248.6,248.8,170.837
2023-07-12 08:33:00,1689150780.0,248.8,248.8,248.7,248.7,87.238
2023-07-12 08:34:00,1689150840.0,248.8,248.8,248.6,248.6,221.026
2023-07-12 08:35:00,1689150900.0,248.7,248.8,248.6,248.8,306.975
2023-07-12 08:36:00,1689150960.0,248.7,248.8,248.7,248.7,61.64
2023-07-12 08:37:00,1689151020.0,248.8,248.8,248.1,248.4,2988.606
2023-07-12 08:38:00,1689151080.0,248.4,248.6,248.3,248.6,1532.738
2023-07-12 08:39:00,1689151140.0,248.6,248.6,248.1,248.3,1591.228
2023-07-12 08:40:00,1689151200.0,248.3,248.3,248.2,248.2,212.633
2023-07-12 08:41:00,1689151260.0,248.3,248.3,248.1,248.2,662.625
2023-07-12 08:42:00,1689151320.0,248.3,248.3,248.1,248.1,245.87
2023-07-12 08:43:00,1689151380.0,248.2,248.2,247.6,248.0,2278.674
2023-07-12 08:44:00,1689151440.0,248.0,248.0,247.7,247.8,1062.774
2023-07-12 08:45:00,1689151500.0,247.9,247.9,247.7,247.9,1785.98
2023-07-12 08:46:00,1689151560.0,247.9,248.0,247.7,247.8,925.713
2023-07-12 08:47:00,1689151620.0,247.8,247.9,247.7,247.8,1490.893
2023-07-12 08:48:00,1689151680.0,247.8,247.9,247.7,247.9,2044.521
2023-07-12 08:49:00,1689151740.0,247.9,248.2,247.8,248.0,1504.179
2023-07-12 08:50:00,1689151800.0,248.0,248.1,247.9,248.1,424.116
2023-07-12 08:51:00,1689151860.0,248.1,248.1,248.0,248.1,168.934
2023-07-12 08:52:00,1689151920.0,248.1,248.2,248.0,248.1,398.98
2023-07-12 08:53:00,1689151980.0,248.1,248.1,248.0,248.1,187.333
2023-07-12 08:54:00,1689152040.0,248.1,248.2,248.0,248.1,580.368
2023-07-12 08:55:00,1689152100.0,248.1,248.1,248.0,248.1,131.097
2023-07-12 08:56:00,1689152160.0,248.1,248.1,248.0,248.1,205.379
2023-07-12 08:57:00,1689152220.0,248.0,248.1,248.0,248.1,387.978
2023-07-12 08:58:00,1689152280.0,248.1,248.4,248.1,248.3,1535.758
2023-07-12 08:59:00,1689152340.0,248.3,248.3,248.0,248.1,1019.858
2023-07-12 09:00:00,1689152400.0,248.1,248.5,248.0,248.5,1092.958
2023-07-12 09:01:00,1689152460.0,248.5,248.5,248.4,248.4,177.681
2023-07-12 09:02:00,1689152520.0,248.4,248.5,248.2,248.4,1238.001
2023-07-12 09:03:00,1689152580.0,248.5,248.5,248.4,248.5,249.707
2023-07-12 09:04:00,1689152640.0,248.4,248.7,248.4,248.6,652.541
2023-07-12 09:05:00,1689152700.0,248.7,248.7,248.6,248.7,44.651
2023-07-12 09:06:00,1689152760.0,248.7,248.7,248.4,248.5,4096.847
2023-07-12 09:07:00,1689152820.0,248.5,248.5,248.4,248.5,63.418
2023-07-12 09:08:00,1689152880.0,248.5,248.5,248.4,248.5,87.11
2023-07-12 09:09:00,1689152940.0,248.5,248.5,248.4,248.4,88.447
2023-07-12 09:10:00,1689153000.0,248.5,248.6,248.5,248.6,618.675
2023-07-12 09:11:00,1689153060.0,248.6,248.6,248.4,248.5,311.4
2023-07-12 09:12:00,1689153120.0,248.5,248.5,248.4,248.5,109.267
2023-07-12 09:13:00,1689153180.0,248.5,248.5,248.3,248.4,236.765
2023-07-12 09:14:00,1689153240.0,248.4,248.4,248.3,248.3,242.447
2023-07-12 09:15:00,1689153300.0,248.4,248.4,248.2,248.3,166.005
2023-07-12 09:16:00,1689153360.0,248.3,248.4,248.2,248.4,193.141
2023-07-12 09:17:00,1689153420.0,248.4,248.4,248.3,248.4,274.467
2023-07-12 09:18:00,1689153480.0,248.3,248.4,248.3,248.3,237.002
2023-07-12 09:19:00,1689153540.0,248.3,248.4,248.2,248.3,424.784
2023-07-12 09:20:00,1689153600.0,248.4,248.4,248.2,248.2,235.906
2023-07-12 09:21:00,1689153660.0,248.3,248.3,248.2,248.3,89.862
2023-07-12 09:22:00,1689153720.0,248.3,248.3,248.2,248.2,70.655
2023-07-12 09:23:00,1689153780.0,248.3,248.3,248.1,248.2,172.563
2023-07-12 09:24:00,1689153840.0,248.2,248.2,248.1,248.2,178.286
2023-07-12 09:25:00,1689153900.0,248.2,248.2,248.1,248.2,212.629
2023-07-12 09:26:00,1689153960.0,248.2,248.2,248.0,248.1,160.167
2023-07-12 09:27:00,1689154020.0,248.1,248.1,247.9,248.1,351.945
2023-07-12 09:28:00,1689154080.0,248.1,248.3,248.0,248.3,343.872
2023-07-12 09:29:00,1689154140.0,248.3,248.3,248.2,248.2,151.395
2023-07-12 09:30:00,1689154200.0,248.3,248.3,248.1,248.2,439.589
2023-07-12 09:31:00,1689154260.0,248.2,248.3,248.1,248.2,366.625
2023-07-12 09:32:00,1689154320.0,248.2,248.2,248.1,248.2,213.427
2023-07-12 09:33:00,1689154380.0,248.1,248.2,248.0,248.1,146.941
2023-07-12 09:34:00,1689154440.0,248.0,248.1,248.0,248.1,58.877
2023-07-12 09:35:00,1689154500.0,248.1,248.2,247.9,247.9,1393.135
2023-07-12 09:36:00,1689154560.0,247.9,248.0,247.9,247.9,338.364
2023-07-12 09:37:00,1689154620.0,248.0,248.0,247.8,248.0,450.204
2023-07-12 09:38:00,1689154680.0,248.0,248.0,247.9,248.0,177.388
2023-07-12 09:39:00,1689154740.0,247.9,248.0,247.9,248.0,215.051
2023-07-12 09:40:00,1689154800.0,248.0,248.1,247.9,248.1,3465.084
2023-07-12 09:41:00,1689154860.0,248.0,248.1,248.0,248.0,68.767
2023-07-12 09:42:00,1689154920.0,248.1,248.1,248.0,248.0,84.321
2023-07-12 09:43:00,1689154980.0,248.0,248.1,248.0,248.0,52.45
2023-07-12 09:44:00,1689155040.0,248.1,248.2,248.0,248.2,154.304
2023-07-12 09:45:00,1689155100.0,248.2,248.3,248.1,248.2,638.241
2023-07-12 09:46:00,1689155160.0,248.2,248.2,248.1,248.2,87.729
2023-07-12 09:47:00,1689155220.0,248.2,248.2,248.0,248.0,273.053
2023-07-12 09:48:00,1689155280.0,248.0,248.1,248.0,248.0,70.69
2023-07-12 09:49:00,1689155340.0,248.0,248.1,248.0,248.0,68.641
2023-07-12 09:50:00,1689155400.0,248.1,248.1,248.0,248.1,55.919
2023-07-12 09:51:00,1689155460.0,248.0,248.1,248.0,248.0,132.917
2023-07-12 09:52:00,1689155520.0,248.1,248.1,248.0,248.1,184.265
2023-07-12 09:53:00,1689155580.0,248.1,248.2,248.0,248.2,266.537
2023-07-12 09:54:00,1689155640.0,248.2,248.2,248.1,248.2,216.788
2023-07-12 09:55:00,1689155700.0,248.2,248.2,248.0,248.1,355.78
2023-07-12 09:56:00,1689155760.0,248.1,248.2,248.0,248.2,317.689
2023-07-12 09:57:00,1689155820.0,248.2,248.3,248.1,248.3,287.72
2023-07-12 09:58:00,1689155880.0,248.2,248.3,248.2,248.3,90.35
2023-07-12 09:59:00,1689155940.0,248.3,248.3,248.2,248.3,276.825
2023-07-12 10:00:00,1689156000.0,248.3,248.4,248.2,248.4,135.538
2023-07-12 10:01:00,1689156060.0,248.3,248.4,248.3,248.3,405.352
2023-07-12 10:02:00,1689156120.0,248.3,248.4,248.3,248.4,339.542
2023-07-12 10:03:00,1689156180.0,248.4,248.7,248.3,248.6,538.507
2023-07-12 10:04:00,1689156240.0,248.6,248.7,248.4,248.5,736.906
2023-07-12 10:05:00,1689156300.0,248.5,248.5,248.2,248.2,1293.04
2023-07-12 10:06:00,1689156360.0,248.3,248.5,248.2,248.3,1006.767
2023-07-12 10:07:00,1689156420.0,248.3,248.4,248.3,248.4,140.128
2023-07-12 10:08:00,1689156480.0,248.4,248.4,248.3,248.4,183.742
2023-07-12 10:09:00,1689156540.0,248.4,248.4,248.3,248.4,277.987
2023-07-12 10:10:00,1689156600.0,248.4,248.5,248.3,248.3,379.065
2023-07-12 10:11:00,1689156660.0,248.4,248.4,248.2,248.3,173.504
2023-07-12 10:12:00,1689156720.0,248.3,248.3,248.2,248.3,257.684
2023-07-12 10:13:00,1689156780.0,248.3,248.3,248.1,248.2,394.824
2023-07-12 10:14:00,1689156840.0,248.2,248.2,248.1,248.2,189.717
2023-07-12 10:15:00,1689156900.0,248.1,248.4,248.1,248.3,1212.843
2023-07-12 10:16:00,1689156960.0,248.4,248.4,248.2,248.3,880.751
2023-07-12 10:17:00,1689157020.0,248.3,248.3,248.0,248.2,1559.167
2023-07-12 10:18:00,1689157080.0,248.2,248.2,248.0,248.0,391.444
2023-07-12 10:19:00,1689157140.0,248.1,248.1,247.9,248.0,364.348
2023-07-12 10:20:00,1689157200.0,248.0,248.0,247.9,247.9,94.325
2023-07-12 10:21:00,1689157260.0,248.0,248.0,247.9,248.0,85.379
2023-07-12 10:22:00,1689157320.0,247.9,248.1,247.9,248.1,294.709
2023-07-12 10:23:00,1689157380.0,248.1,248.1,248.0,248.0,125.386
2023-07-12 10:24:00,1689157440.0,248.1,248.1,248.0,248.1,97.259
2023-07-12 10:25:00,1689157500.0,248.1,248.1,248.0,248.1,37.245
2023-07-12 10:26:00,1689157560.0,248.1,248.1,248.0,248.1,143.463
2023-07-12 10:27:00,1689157620.0,248.0,248.1,248.0,248.0,61.51
2023-07-12 10:28:00,1689157680.0,248.1,248.1,248.0,248.1,50.689
2023-07-12 10:29:00,1689157740.0,248.1,248.1,247.9,248.0,187.658
2023-07-12 10:30:00,1689157800.0,248.0,248.1,247.9,247.9,672.218
2023-07-12 10:31:00,1689157860.0,248.0,248.0,247.8,247.8,137.882
2023-07-12 10:32:00,1689157920.0,247.9,247.9,247.7,247.9,416.034
2023-07-12 10:33:00,1689157980.0,247.9,247.9,247.7,247.8,232.28
2023-07-12 10:34:00,1689158040.0,247.8,247.9,247.7,247.8,185.253
2023-07-12 10:35:00,1689158100.0,247.9,247.9,247.8,247.8,330.913
2023-07-12 10:36:00,1689158160.0,247.9,248.1,247.8,248.0,1069.045
2023-07-12 10:37:00,1689158220.0,248.0,248.0,247.8,247.9,277.886
2023-07-12 10:38:00,1689158280.0,247.9,247.9,247.6,247.7,1550.181
2023-07-12 10:39:00,1689158340.0,247.8,247.8,247.6,247.7,184.547
2023-07-12 10:40:00,1689158400.0,247.7,247.8,247.6,247.7,282.833
2023-07-12 10:41:00,1689158460.0,247.8,247.8,247.7,247.7,164.256
2023-07-12 10:42:00,1689158520.0,247.8,247.8,247.4,247.6,2430.1
2023-07-12 10:43:00,1689158580.0,247.7,247.7,247.6,247.6,94.859
2023-07-12 10:44:00,1689158640.0,247.7,247.8,247.6,247.7,195.498
2023-07-12 10:45:00,1689158700.0,247.7,247.8,247.7,247.7,66.645
2023-07-12 10:46:00,1689158760.0,247.7,247.8,247.6,247.6,167.234
2023-07-12 10:47:00,1689158820.0,247.6,247.7,247.6,247.6,97.334
2023-07-12 10:48:00,1689158880.0,247.7,247.7,247.6,247.6,431.141
2023-07-12 10:49:00,1689158940.0,247.6,247.7,247.4,247.6,1126.776
2023-07-12 10:50:00,1689159000.0,247.6,247.6,247.5,247.6,107.379
2023-07-12 10:51:00,1689159060.0,247.5,247.6,247.4,247.6,671.605
2023-07-12 10:52:00,1689159120.0,247.6,247.6,247.5,247.5,59.68
2023-07-12 10:53:00,1689159180.0,247.5,247.6,247.5,247.6,124.807
2023-07-12 10:54:00,1689159240.0,247.5,247.6,247.5,247.6,272.0
2023-07-12 10:55:00,1689159300.0,247.6,247.6,247.4,247.6,989.828
2023-07-12 10:56:00,1689159360.0,247.6,247.6,247.4,247.5,1658.783
2023-07-12 10:57:00,1689159420.0,247.4,247.7,247.4,247.5,990.329
2023-07-12 10:58:00,1689159480.0,247.6,247.7,247.5,247.7,370.185
2023-07-12 10:59:00,1689159540.0,247.7,247.7,247.5,247.5,218.286
2023-07-12 11:00:00,1689159600.0,247.6,247.6,247.5,247.6,150.598
2023-07-12 11:01:00,1689159660.0,247.6,247.7,247.5,247.6,347.161
2023-07-12 11:02:00,1689159720.0,247.6,247.6,247.5,247.6,306.668
2023-07-12 11:03:00,1689159780.0,247.5,247.7,247.5,247.7,273.674
2023-07-12 11:04:00,1689159840.0,247.7,247.7,247.6,247.6,111.755
2023-07-12 11:05:00,1689159900.0,247.7,247.8,247.7,247.7,108.112
2023-07-12 11:06:00,1689159960.0,247.8,247.8,247.7,247.8,102.333
2023-07-12 11:07:00,1689160020.0,247.8,247.8,247.7,247.7,110.864
2023-07-12 11:08:00,1689160080.0,247.8,247.8,247.6,247.7,340.52
2023-07-12 11:09:00,1689160140.0,247.7,247.8,247.6,247.8,585.113
2023-07-12 11:10:00,1689160200.0,247.8,247.9,247.7,247.8,290.521
2023-07-12 11:11:00,1689160260.0,247.8,247.9,247.7,247.9,493.053
2023-07-12 11:12:00,1689160320.0,247.9,247.9,247.8,247.9,97.715
2023-07-12 11:13:00,1689160380.0,247.9,247.9,247.8,247.9,125.32
2023-07-12 11:14:00,1689160440.0,247.8,247.9,247.8,247.9,91.026
2023-07-12 11:15:00,1689160500.0,247.9,247.9,247.8,247.8,64.863
2023-07-12 11:16:00,1689160560.0,247.9,247.9,247.8,247.9,111.657
2023-07-12 11:17:00,1689160620.0,247.8,247.9,247.8,247.8,34.482
2023-07-12 11:18:00,1689160680.0,247.8,247.9,247.8,247.9,77.002
2023-07-12 11:19:00,1689160740.0,247.8,248.0,247.8,248.0,186.79
2023-07-12 11:20:00,1689160800.0,248.0,248.1,247.9,248.1,372.472
2023-07-12 11:21:00,1689160860.0,248.1,248.3,248.0,248.1,691.949
2023-07-12 11:22:00,1689160920.0,248.2,248.2,248.1,248.1,67.353
2023-07-12 11:23:00,1689160980.0,248.2,248.3,248.1,248.2,287.411
2023-07-12 11:24:00,1689161040.0,248.3,248.3,248.2,248.3,200.301
2023-07-12 11:25:00,1689161100.0,248.2,248.4,248.1,248.3,553.824
2023-07-12 11:26:00,1689161160.0,248.4,248.4,248.3,248.4,124.404
2023-07-12 11:27:00,1689161220.0,248.3,248.5,248.2,248.5,1544.097
2023-07-12 11:28:00,1689161280.0,248.5,248.5,248.4,248.5,101.379
2023-07-12 11:29:00,1689161340.0,248.5,248.5,248.3,248.4,3309.011
2023-07-12 11:30:00,1689161400.0,248.3,248.4,248.3,248.3,78.492
2023-07-12 11:31:00,1689161460.0,248.4,248.4,248.3,248.3,104.312
2023-07-12 11:32:00,1689161520.0,248.4,248.4,248.3,248.4,124.968
2023-07-12 11:33:00,1689161580.0,248.3,248.4,248.2,248.3,267.723
2023-07-12 11:34:00,1689161640.0,248.3,248.3,248.2,248.3,79.103
2023-07-12 11:35:00,1689161700.0,248.3,248.3,248.1,248.2,132.321
2023-07-12 11:36:00,1689161760.0,248.2,248.2,248.1,248.2,56.332
2023-07-12 11:37:00,1689161820.0,248.2,248.2,248.1,248.1,130.838
2023-07-12 11:38:00,1689161880.0,248.2,248.2,248.1,248.2,119.988
2023-07-12 11:39:00,1689161940.0,248.2,248.2,248.1,248.1,82.534
2023-07-12 11:40:00,1689162000.0,248.2,248.2,248.1,248.1,38.424
2023-07-12 11:41:00,1689162060.0,248.1,248.2,248.1,248.1,100.573
2023-07-12 11:42:00,1689162120.0,248.2,248.2,248.1,248.2,64.581
2023-07-12 11:43:00,1689162180.0,248.2,248.3,248.1,248.3,303.681
2023-07-12 11:44:00,1689162240.0,248.3,248.3,248.2,248.3,67.098
2023-07-12 11:45:00,1689162300.0,248.3,248.3,248.2,248.2,61.793
2023-07-12 11:46:00,1689162360.0,248.3,248.3,248.2,248.3,72.866
2023-07-12 11:47:00,1689162420.0,248.2,248.3,248.2,248.3,78.256
2023-07-12 11:48:00,1689162480.0,248.3,248.3,248.1,248.2,472.546
2023-07-12 11:49:00,1689162540.0,248.2,248.2,248.1,248.2,48.379
2023-07-12 11:50:00,1689162600.0,248.1,248.3,248.1,248.2,744.659
2023-07-12 11:51:00,1689162660.0,248.3,248.3,248.2,248.2,144.609
2023-07-12 11:52:00,1689162720.0,248.3,248.4,248.1,248.2,2257.592
2023-07-12 11:53:00,1689162780.0,248.1,248.5,248.1,248.5,2244.3
2023-07-12 11:54:00,1689162840.0,248.5,248.5,248.4,248.5,1006.254
2023-07-12 11:55:00,1689162900.0,248.5,248.5,248.2,248.3,640.383
2023-07-12 11:56:00,1689162960.0,248.3,248.3,248.1,248.1,157.445
2023-07-12 11:57:00,1689163020.0,248.1,248.2,248.0,248.1,280.133
2023-07-12 11:58:00,1689163080.0,248.1,248.1,248.0,248.0,869.757
2023-07-12 11:59:00,1689163140.0,248.1,248.1,248.0,248.1,108.23
2023-07-12 12:00:00,1689163200.0,248.1,248.2,248.0,248.1,546.216
2023-07-12 12:01:00,1689163260.0,248.1,248.2,248.0,248.2,325.785
2023-07-12 12:02:00,1689163320.0,248.2,248.2,248.1,248.2,132.547
2023-07-12 12:03:00,1689163380.0,248.2,248.2,247.9,248.0,926.065
2023-07-12 12:04:00,1689163440.0,247.9,248.0,247.9,248.0,102.664
2023-07-12 12:05:00,1689163500.0,248.0,248.0,247.9,247.9,54.86
2023-07-12 12:06:00,1689163560.0,248.0,248.0,247.8,247.9,102.017
2023-07-12 12:07:00,1689163620.0,247.9,247.9,247.7,247.7,127.666
2023-07-12 12:08:00,1689163680.0,247.8,247.9,247.8,247.9,662.926
2023-07-12 12:09:00,1689163740.0,247.9,247.9,247.8,247.8,772.611
2023-07-12 12:10:00,1689163800.0,247.9,247.9,247.7,247.7,310.17
2023-07-12 12:11:00,1689163860.0,247.8,247.8,247.6,247.8,1163.272
2023-07-12 12:12:00,1689163920.0,247.8,248.0,247.7,248.0,2522.265
2023-07-12 12:13:00,1689163980.0,248.0,248.0,247.8,247.9,574.198
2023-07-12 12:14:00,1689164040.0,247.9,247.9,247.8,247.9,79.094
2023-07-12 12:15:00,1689164100.0,247.9,247.9,247.8,247.9,52.625
2023-07-12 12:16:00,1689164160.0,247.9,247.9,247.7,247.8,54.118
2023-07-12 12:17:00,1689164220.0,247.8,247.8,247.3,247.5,1959.348
2023-07-12 12:18:00,1689164280.0,247.6,247.6,247.3,247.4,907.025
2023-07-12 12:19:00,1689164340.0,247.4,247.6,247.2,247.6,2649.166
2023-07-12 12:20:00,1689164400.0,247.6,247.6,247.3,247.4,710.115
2023-07-12 12:21:00,1689164460.0,247.4,247.4,247.3,247.4,959.217
2023-07-12 12:22:00,1689164520.0,247.4,247.4,247.3,247.4,436.038
2023-07-12 12:23:00,1689164580.0,247.4,247.4,245.6,245.8,17446.821
2023-07-12 12:24:00,1689164640.0,245.8,246.6,245.7,246.5,3900.899
2023-07-12 12:25:00,1689164700.0,246.5,246.5,246.1,246.2,1719.77
2023-07-12 12:26:00,1689164760.0,246.3,246.5,246.2,246.4,1956.333
2023-07-12 12:27:00,1689164820.0,246.4,246.7,246.3,246.7,2141.264
2023-07-12 12:28:00,1689164880.0,246.6,246.9,246.6,246.7,669.294
2023-07-12 12:29:00,1689164940.0,246.7,247.1,246.6,246.8,924.967
2023-07-12 12:30:00,1689165000.0,246.8,248.9,246.8,248.8,9505.294
2023-07-12 12:31:00,1689165060.0,248.7,249.0,247.9,248.1,3573.702
2023-07-12 12:32:00,1689165120.0,248.2,248.7,247.9,248.3,1922.446
2023-07-12 12:33:00,1689165180.0,248.3,248.3,247.7,247.8,1027.348
2023-07-12 12:34:00,1689165240.0,247.6,247.7,246.6,247.3,6043.053
2023-07-12 12:35:00,1689165300.0,247.4,247.8,247.1,247.5,2979.448
2023-07-12 12:36:00,1689165360.0,247.5,248.1,247.5,247.9,2073.443
2023-07-12 12:37:00,1689165420.0,247.9,248.2,247.8,248.0,1238.817
2023-07-12 12:38:00,1689165480.0,248.0,248.2,247.8,248.2,1184.03
2023-07-12 12:39:00,1689165540.0,248.1,248.2,247.7,247.8,961.722
2023-07-12 12:40:00,1689165600.0,247.8,247.9,247.5,247.8,838.549
2023-07-12 12:41:00,1689165660.0,247.8,247.9,247.5,247.7,480.993
2023-07-12 12:42:00,1689165720.0,247.7,247.7,247.5,247.6,402.403
2023-07-12 12:43:00,1689165780.0,247.6,247.7,247.5,247.6,398.468
2023-07-12 12:44:00,1689165840.0,247.6,247.6,247.3,247.3,216.392
2023-07-12 12:45:00,1689165900.0,247.3,247.4,247.0,247.3,742.133
2023-07-12 12:46:00,1689165960.0,247.3,247.5,247.1,247.2,1093.46
2023-07-12 12:47:00,1689166020.0,247.2,247.3,246.8,246.9,555.394
2023-07-12 12:48:00,1689166080.0,246.9,247.1,246.9,247.1,286.174
2023-07-12 12:49:00,1689166140.0,247.1,247.2,247.0,247.2,437.351
2023-07-12 12:50:00,1689166200.0,247.2,247.2,246.9,247.0,329.145
2023-07-12 12:51:00,1689166260.0,246.9,247.2,246.8,246.8,429.167
2023-07-12 12:52:00,1689166320.0,246.9,247.0,246.2,246.4,1785.943
2023-07-12 12:53:00,1689166380.0,246.3,246.5,246.0,246.2,1028.801
2023-07-12 12:54:00,1689166440.0,246.1,246.6,246.0,246.5,297.866
2023-07-12 12:55:00,1689166500.0,246.5,247.0,246.5,246.9,514.691
2023-07-12 12:56:00,1689166560.0,246.8,246.9,246.7,246.8,215.844
2023-07-12 12:57:00,1689166620.0,246.7,246.9,246.7,246.9,187.532
2023-07-12 12:58:00,1689166680.0,246.9,247.0,246.9,247.0,105.911
2023-07-12 12:59:00,1689166740.0,247.0,247.0,246.8,247.0,196.403
2023-07-12 13:00:00,1689166800.0,247.0,247.0,246.8,247.0,235.084
2023-07-12 13:01:00,1689166860.0,247.0,247.2,246.9,247.1,205.447
2023-07-12 13:02:00,1689166920.0,247.2,247.3,247.0,247.2,423.047
2023-07-12 13:03:00,1689166980.0,247.2,247.5,247.1,247.3,640.368
2023-07-12 13:04:00,1689167040.0,247.3,247.5,247.3,247.4,276.179
2023-07-12 13:05:00,1689167100.0,247.4,247.5,247.3,247.3,297.308
2023-07-12 13:06:00,1689167160.0,247.4,247.4,247.2,247.3,313.225
2023-07-12 13:07:00,1689167220.0,247.4,247.4,247.1,247.2,302.291
2023-07-12 13:08:00,1689167280.0,247.2,247.4,247.1,247.3,485.508
2023-07-12 13:09:00,1689167340.0,247.3,247.4,247.2,247.4,216.983
2023-07-12 13:10:00,1689167400.0,247.4,247.4,247.3,247.3,146.828
2023-07-12 13:11:00,1689167460.0,247.4,247.4,247.3,247.4,177.052
2023-07-12 13:12:00,1689167520.0,247.4,247.7,247.3,247.6,510.098
2023-07-12 13:13:00,1689167580.0,247.6,247.7,247.5,247.5,272.242
2023-07-12 13:14:00,1689167640.0,247.6,247.7,247.5,247.7,288.14
2023-07-12 13:15:00,1689167700.0,247.7,247.8,247.5,247.6,667.635
2023-07-12 13:16:00,1689167760.0,247.6,247.7,247.6,247.7,333.927
2023-07-12 13:17:00,1689167820.0,247.7,247.7,247.5,247.7,285.757
2023-07-12 13:18:00,1689167880.0,247.7,247.8,247.6,247.7,145.026
2023-07-12 13:19:00,1689167940.0,247.7,247.9,247.7,247.8,487.729
2023-07-12 13:20:00,1689168000.0,247.8,247.9,247.7,247.9,309.374
2023-07-12 13:21:00,1689168060.0,247.9,247.9,247.8,247.9,137.497
2023-07-12 13:22:00,1689168120.0,247.9,248.0,247.8,247.9,603.414
2023-07-12 13:23:00,1689168180.0,248.0,248.1,247.7,247.8,813.607
2023-07-12 13:24:00,1689168240.0,247.8,247.9,247.7,247.9,237.108
2023-07-12 13:25:00,1689168300.0,247.8,248.2,247.8,247.9,1976.384
2023-07-12 13:26:00,1689168360.0,247.9,247.9,247.5,247.5,454.642
2023-07-12 13:27:00,1689168420.0,247.5,247.5,247.1,247.2,1046.094
2023-07-12 13:28:00,1689168480.0,247.2,247.4,247.2,247.3,510.209
2023-07-12 13:29:00,1689168540.0,247.3,247.5,247.2,247.4,590.037
2023-07-12 13:30:00,1689168600.0,247.5,247.5,247.3,247.4,746.22
2023-07-12 13:31:00,1689168660.0,247.5,247.8,247.4,247.6,972.216
2023-07-12 13:32:00,1689168720.0,247.7,247.7,247.3,247.5,667.241
2023-07-12 13:33:00,1689168780.0,247.4,247.5,247.2,247.2,619.512
2023-07-12 13:34:00,1689168840.0,247.3,247.3,247.1,247.2,508.815
2023-07-12 13:35:00,1689168900.0,247.3,247.5,247.2,247.5,370.763
2023-07-12 13:36:00,1689168960.0,247.5,247.5,246.9,247.0,787.817
2023-07-12 13:37:00,1689169020.0,247.0,247.0,246.7,246.8,1209.266
2023-07-12 13:38:00,1689169080.0,246.7,246.8,245.8,246.1,3139.7
2023-07-12 13:39:00,1689169140.0,246.2,246.7,246.1,246.6,1038.126
2023-07-12 13:40:00,1689169200.0,246.6,246.8,246.4,246.8,1312.542
2023-07-12 13:41:00,1689169260.0,246.9,246.9,246.3,246.3,1452.384
2023-07-12 13:42:00,1689169320.0,246.4,246.8,246.3,246.7,1101.719
2023-07-12 13:43:00,1689169380.0,246.7,246.8,246.6,246.7,381.585
2023-07-12 13:44:00,1689169440.0,246.6,246.7,246.5,246.5,127.514
2023-07-12 13:45:00,1689169500.0,246.6,246.7,246.2,246.4,1773.248
2023-07-12 13:46:00,1689169560.0,246.5,246.5,246.1,246.1,429.869
2023-07-12 13:47:00,1689169620.0,246.1,246.5,246.1,246.4,606.668
2023-07-12 13:48:00,1689169680.0,246.5,247.0,246.4,247.0,1992.011
2023-07-12 13:49:00,1689169740.0,247.0,247.0,246.5,246.5,768.717
2023-07-12 13:50:00,1689169800.0,246.6,246.6,246.3,246.4,456.244
2023-07-12 13:51:00,1689169860.0,246.5,246.6,246.4,246.6,289.161
2023-07-12 13:52:00,1689169920.0,246.6,246.6,246.2,246.2,1467.417
2023-07-12 13:53:00,1689169980.0,246.2,246.5,246.2,246.5,471.303
2023-07-12 13:54:00,1689170040.0,246.5,246.9,246.5,246.8,820.399
2023-07-12 13:55:00,1689170100.0,246.8,246.9,246.5,246.6,1014.125
2023-07-12 13:56:00,1689170160.0,246.6,246.8,246.5,246.7,552.082
2023-07-12 13:57:00,1689170220.0,246.7,246.8,246.6,246.8,340.219
2023-07-12 13:58:00,1689170280.0,246.8,246.9,246.7,246.9,289.002
2023-07-12 13:59:00,1689170340.0,246.9,247.0,246.8,246.9,239.898
2023-07-12 14:00:00,1689170400.0,246.8,246.9,246.8,246.9,80.641
2023-07-12 14:01:00,1689170460.0,246.9,247.1,246.8,247.1,1207.909
2023-07-12 14:02:00,1689170520.0,247.1,247.3,246.9,247.2,863.795
2023-07-12 14:03:00,1689170580.0,247.2,247.3,247.0,247.0,809.079
2023-07-12 14:04:00,1689170640.0,247.1,247.1,246.9,247.0,388.642
2023-07-12 14:05:00,1689170700.0,247.1,247.2,247.0,247.1,519.061
2023-07-12 14:06:00,1689170760.0,247.1,247.4,247.0,247.4,414.759
2023-07-12 14:07:00,1689170820.0,247.3,247.3,247.0,247.1,715.426
2023-07-12 14:08:00,1689170880.0,247.2,247.2,247.0,247.1,206.072
2023-07-12 14:09:00,1689170940.0,247.1,247.1,246.9,247.0,603.012
2023-07-12 14:10:00,1689171000.0,247.1,247.2,246.8,246.9,2382.808
2023-07-12 14:11:00,1689171060.0,246.8,246.9,246.7,246.9,524.813
2023-07-12 14:12:00,1689171120.0,246.9,246.9,246.8,246.9,151.554
2023-07-12 14:13:00,1689171180.0,246.9,246.9,246.8,246.9,107.135
2023-07-12 14:14:00,1689171240.0,246.9,247.0,246.8,247.0,350.41
2023-07-12 14:15:00,1689171300.0,247.0,247.0,246.9,246.9,335.377
2023-07-12 14:16:00,1689171360.0,247.0,247.0,246.6,246.7,448.967
2023-07-12 14:17:00,1689171420.0,246.7,246.8,246.6,246.7,377.741
2023-07-12 14:18:00,1689171480.0,246.8,246.8,246.7,246.8,157.581
2023-07-12 14:19:00,1689171540.0,246.7,246.8,246.6,246.7,327.192
2023-07-12 14:20:00,1689171600.0,246.7,246.8,246.6,246.6,531.252
2023-07-12 14:21:00,1689171660.0,246.7,246.7,246.4,246.5,327.762
2023-07-12 14:22:00,1689171720.0,246.5,246.7,246.4,246.6,515.947
2023-07-12 14:23:00,1689171780.0,246.7,246.8,246.6,246.7,343.08
2023-07-12 14:24:00,1689171840.0,246.8,247.0,246.7,247.0,459.768
2023-07-12 14:25:00,1689171900.0,247.0,247.0,246.8,246.9,285.872
2023-07-12 14:26:00,1689171960.0,246.9,246.9,246.8,246.8,44.216
2023-07-12 14:27:00,1689172020.0,246.9,246.9,246.8,246.9,53.376
2023-07-12 14:28:00,1689172080.0,246.9,246.9,246.7,246.7,138.172
2023-07-12 14:29:00,1689172140.0,246.8,246.9,246.7,246.9,91.986
2023-07-12 14:30:00,1689172200.0,246.8,247.0,246.8,247.0,194.031
2023-07-12 14:31:00,1689172260.0,247.0,247.1,246.9,247.1,426.011
2023-07-12 14:32:00,1689172320.0,247.1,247.1,247.0,247.1,101.862
2023-07-12 14:33:00,1689172380.0,247.1,247.4,247.0,247.3,1587.192
2023-07-12 14:34:00,1689172440.0,247.2,247.5,247.2,247.3,925.589
2023-07-12 14:35:00,1689172500.0,247.4,247.5,247.3,247.4,600.657
2023-07-12 14:36:00,1689172560.0,247.5,247.5,247.4,247.5,172.617
2023-07-12 14:37:00,1689172620.0,247.5,247.5,247.3,247.4,134.772
2023-07-12 14:38:00,1689172680.0,247.4,247.4,247.3,247.3,115.665
2023-07-12 14:39:00,1689172740.0,247.3,247.5,247.3,247.4,372.718
2023-07-12 14:40:00,1689172800.0,247.4,247.5,247.3,247.5,293.39
2023-07-12 14:41:00,1689172860.0,247.4,247.5,247.4,247.5,313.625
2023-07-12 14:42:00,1689172920.0,247.4,247.7,247.4,247.6,701.364
2023-07-12 14:43:00,1689172980.0,247.5,247.6,247.5,247.6,86.887
2023-07-12 14:44:00,1689173040.0,247.6,247.6,247.4,247.6,515.749
2023-07-12 14:45:00,1689173100.0,247.6,247.7,247.2,247.2,637.923
2023-07-12 14:46:00,1689173160.0,247.2,247.3,247.1,247.2,150.928
2023-07-12 14:47:00,1689173220.0,247.2,247.3,247.1,247.2,372.729
2023-07-12 14:48:00,1689173280.0,247.2,247.3,247.1,247.2,225.123
2023-07-12 14:49:00,1689173340.0,247.3,247.3,247.2,247.2,79.581
2023-07-12 14:50:00,1689173400.0,247.3,247.4,247.2,247.4,178.706
2023-07-12 14:51:00,1689173460.0,247.4,247.4,247.3,247.4,143.138
2023-07-12 14:52:00,1689173520.0,247.4,247.5,247.4,247.4,657.127
2023-07-12 14:53:00,1689173580.0,247.3,247.4,247.3,247.3,108.473
2023-07-12 14:54:00,1689173640.0,247.4,247.5,247.3,247.5,230.049
2023-07-12 14:55:00,1689173700.0,247.5,247.5,247.3,247.4,322.537
2023-07-12 14:56:00,1689173760.0,247.3,247.5,247.3,247.4,194.565
2023-07-12 14:57:00,1689173820.0,247.4,247.4,247.2,247.3,317.99
2023-07-12 14:58:00,1689173880.0,247.3,247.3,247.0,247.1,198.249
2023-07-12 14:59:00,1689173940.0,247.1,247.1,247.0,247.1,210.02
2023-07-12 15:00:00,1689174000.0,247.1,247.1,247.0,247.1,790.388
2023-07-12 15:01:00,1689174060.0,247.1,247.1,247.0,247.0,166.424
2023-07-12 15:02:00,1689174120.0,247.0,247.1,247.0,247.1,37.116
2023-07-12 15:03:00,1689174180.0,247.0,247.1,246.9,247.0,181.528
2023-07-12 15:04:00,1689174240.0,246.9,247.1,246.9,247.1,572.153
2023-07-12 15:05:00,1689174300.0,247.0,247.0,246.9,247.0,142.995
2023-07-12 15:06:00,1689174360.0,247.0,247.1,246.9,247.1,296.877
2023-07-12 15:07:00,1689174420.0,247.1,247.1,247.0,247.0,214.271
2023-07-12 15:08:00,1689174480.0,247.0,247.1,246.9,247.0,190.432
2023-07-12 15:09:00,1689174540.0,247.0,247.1,246.9,247.1,418.426
2023-07-12 15:10:00,1689174600.0,247.1,247.1,247.0,247.1,178.109
2023-07-12 15:11:00,1689174660.0,247.1,247.2,247.0,247.1,519.701
2023-07-12 15:12:00,1689174720.0,247.1,247.1,247.0,247.1,188.917
2023-07-12 15:13:00,1689174780.0,247.1,247.1,247.0,247.0,247.017
2023-07-12 15:14:00,1689174840.0,247.0,247.1,246.9,247.0,262.547
2023-07-12 15:15:00,1689174900.0,247.0,247.0,246.9,247.0,160.558
2023-07-12 15:16:00,1689174960.0,246.9,247.1,246.9,247.0,325.322
2023-07-12 15:17:00,1689175020.0,247.0,247.0,246.8,246.8,257.467
2023-07-12 15:18:00,1689175080.0,246.9,246.9,246.7,246.8,130.776
2023-07-12 15:19:00,1689175140.0,246.8,246.9,246.7,246.8,319.292
2023-07-12 15:20:00,1689175200.0,246.9,246.9,246.7,246.8,322.023
2023-07-12 15:21:00,1689175260.0,246.8,246.8,246.7,246.7,124.889
2023-07-12 15:22:00,1689175320.0,246.7,246.8,246.7,246.8,212.926
2023-07-12 15:23:00,1689175380.0,246.8,246.8,246.7,246.7,97.937
2023-07-12 15:24:00,1689175440.0,246.8,246.8,246.3,246.4,1739.319
2023-07-12 15:25:00,1689175500.0,246.5,246.5,246.3,246.4,745.169
2023-07-12 15:26:00,1689175560.0,246.3,246.4,246.0,246.0,1843.683
2023-07-12 15:27:00,1689175620.0,246.1,246.1,245.9,246.1,1035.306
2023-07-12 15:28:00,1689175680.0,246.1,246.3,246.0,246.2,304.96
2023-07-12 15:29:00,1689175740.0,246.3,246.4,246.2,246.3,310.286
2023-07-12 15:30:00,1689175800.0,246.3,246.5,246.2,246.3,588.425
2023-07-12 15:31:00,1689175860.0,246.3,246.3,246.2,246.2,408.916
2023-07-12 15:32:00,1689175920.0,246.3,246.3,246.0,246.0,650.481
2023-07-12 15:33:00,1689175980.0,246.1,246.1,246.0,246.1,85.384
2023-07-12 15:34:00,1689176040.0,246.0,246.1,245.8,245.9,1067.027
2023-07-12 15:35:00,1689176100.0,245.9,245.9,245.8,245.9,99.386
2023-07-12 15:36:00,1689176160.0,245.9,245.9,245.2,245.2,4035.276
2023-07-12 15:37:00,1689176220.0,245.3,245.5,245.2,245.5,868.687
2023-07-12 15:38:00,1689176280.0,245.5,245.5,244.1,244.4,11149.21
2023-07-12 15:39:00,1689176340.0,244.5,244.7,244.3,244.4,2202.773
2023-07-12 15:40:00,1689176400.0,244.5,244.6,244.0,244.2,3088.6
2023-07-12 15:41:00,1689176460.0,244.2,244.3,244.0,244.1,1649.615
2023-07-12 15:42:00,1689176520.0,244.2,244.7,244.0,244.6,2208.833
2023-07-12 15:43:00,1689176580.0,244.6,244.9,244.4,244.8,1310.216
2023-07-12 15:44:00,1689176640.0,244.7,244.9,244.6,244.7,922.157
2023-07-12 15:45:00,1689176700.0,244.7,244.7,244.2,244.3,2661.664
2023-07-12 15:46:00,1689176760.0,244.4,244.7,244.3,244.6,857.248
2023-07-12 15:47:00,1689176820.0,244.6,244.9,244.5,244.8,697.345
2023-07-12 15:48:00,1689176880.0,244.9,244.9,244.4,244.4,569.782
2023-07-12 15:49:00,1689176940.0,244.5,244.5,244.4,244.5,221.813
2023-07-12 15:50:00,1689177000.0,244.4,244.5,244.1,244.1,429.23
2023-07-12 15:51:00,1689177060.0,244.2,244.3,243.6,244.1,4823.725
2023-07-12 15:52:00,1689177120.0,244.0,244.2,244.0,244.1,459.521
2023-07-12 15:53:00,1689177180.0,244.1,244.5,244.0,244.5,1156.165
2023-07-12 15:54:00,1689177240.0,244.4,244.5,244.2,244.2,1333.843
2023-07-12 15:55:00,1689177300.0,244.2,244.3,244.0,244.1,516.066
2023-07-12 15:56:00,1689177360.0,244.2,244.4,244.1,244.4,248.061
2023-07-12 15:57:00,1689177420.0,244.4,244.5,244.2,244.5,889.14
2023-07-12 15:58:00,1689177480.0,244.5,244.5,244.2,244.3,399.804
2023-07-12 15:59:00,1689177540.0,244.3,244.5,244.2,244.3,593.003
2023-07-12 16:00:00,1689177600.0,244.3,244.3,244.1,244.3,223.978
2023-07-12 16:01:00,1689177660.0,244.3,244.3,244.1,244.3,408.506
2023-07-12 16:02:00,1689177720.0,244.2,244.3,244.1,244.2,240.748
2023-07-12 16:03:00,1689177780.0,244.2,244.2,243.9,244.1,464.036
2023-07-12 16:04:00,1689177840.0,244.1,244.3,244.0,244.2,310.946
2023-07-12 16:05:00,1689177900.0,244.2,244.2,244.0,244.1,221.6
2023-07-12 16:06:00,1689177960.0,244.1,244.1,243.8,243.9,789.438
2023-07-12 16:07:00,1689178020.0,244.0,244.1,243.6,243.8,1624.936
2023-07-12 16:08:00,1689178080.0,243.8,243.9,243.4,243.7,1392.03
2023-07-12 16:09:00,1689178140.0,243.7,243.9,243.6,243.7,793.778
2023-07-12 16:10:00,1689178200.0,243.8,244.1,243.6,244.1,562.146
2023-07-12 16:11:00,1689178260.0,244.1,244.2,244.0,244.2,141.188
2023-07-12 16:12:00,1689178320.0,244.2,244.2,243.6,243.8,1670.569
2023-07-12 16:13:00,1689178380.0,243.8,244.0,243.7,244.0,1067.415
2023-07-12 16:14:00,1689178440.0,244.0,244.1,243.8,244.1,1250.178
2023-07-12 16:15:00,1689178500.0,244.0,244.2,244.0,244.1,378.352
2023-07-12 16:16:00,1689178560.0,244.1,244.1,243.9,244.0,345.109
2023-07-12 16:17:00,1689178620.0,243.9,244.3,243.9,244.2,336.885
2023-07-12 16:18:00,1689178680.0,244.2,244.3,244.0,244.1,902.198
2023-07-12 16:19:00,1689178740.0,244.2,244.5,244.1,244.5,416.981
2023-07-12 16:20:00,1689178800.0,244.5,244.5,244.0,244.1,687.227
2023-07-12 16:21:00,1689178860.0,244.1,244.4,244.0,244.4,710.841
2023-07-12 16:22:00,1689178920.0,244.3,244.4,244.2,244.3,164.015
2023-07-12 16:23:00,1689178980.0,244.3,244.3,244.1,244.1,110.277
2023-07-12 16:24:00,1689179040.0,244.1,244.2,244.1,244.1,232.931
2023-07-12 16:25:00,1689179100.0,244.1,244.2,243.8,243.9,361.16
2023-07-12 16:26:00,1689179160.0,243.9,244.1,243.7,244.0,719.14
2023-07-12 16:27:00,1689179220.0,244.1,244.1,243.9,244.0,704.795
2023-07-12 16:28:00,1689179280.0,244.1,244.1,244.0,244.1,90.95
2023-07-12 16:29:00,1689179340.0,244.1,244.1,244.0,244.1,81.627
2023-07-12 16:30:00,1689179400.0,244.1,244.1,243.8,243.9,381.719
2023-07-12 16:31:00,1689179460.0,243.9,244.0,243.8,243.9,998.083
2023-07-12 16:32:00,1689179520.0,244.0,244.1,243.9,244.1,132.424
2023-07-12 16:33:00,1689179580.0,244.1,244.1,243.9,243.9,288.451
2023-07-12 16:34:00,1689179640.0,244.0,244.3,243.9,244.2,741.281
2023-07-12 16:35:00,1689179700.0,244.3,244.3,244.0,244.0,492.687
2023-07-12 16:36:00,1689179760.0,244.0,244.1,243.8,243.9,210.694
2023-07-12 16:37:00,1689179820.0,243.9,243.9,243.6,243.8,972.665
2023-07-12 16:38:00,1689179880.0,243.7,243.8,243.6,243.8,593.504
2023-07-12 16:39:00,1689179940.0,243.7,243.8,243.5,243.5,639.886
2023-07-12 16:40:00,1689180000.0,243.5,243.7,243.5,243.6,863.225
2023-07-12 16:41:00,1689180060.0,243.5,243.7,243.4,243.5,1591.165
2023-07-12 16:42:00,1689180120.0,243.6,243.8,243.4,243.6,1997.5
2023-07-12 16:43:00,1689180180.0,243.6,243.7,243.5,243.6,721.528
2023-07-12 16:44:00,1689180240.0,243.6,243.6,243.2,243.5,1204.534
2023-07-12 16:45:00,1689180300.0,243.5,243.5,243.1,243.2,819.447
2023-07-12 16:46:00,1689180360.0,243.2,243.2,243.1,243.1,94.918
2023-07-12 16:47:00,1689180420.0,243.2,243.4,243.1,243.4,263.578
2023-07-12 16:48:00,1689180480.0,243.4,243.6,243.3,243.6,278.191
2023-07-12 16:49:00,1689180540.0,243.6,243.6,243.2,243.3,826.799
2023-07-12 16:50:00,1689180600.0,243.4,243.4,243.1,243.2,445.504
2023-07-12 16:51:00,1689180660.0,243.2,243.3,243.0,243.2,754.911
2023-07-12 16:52:00,1689180720.0,243.2,243.3,243.1,243.2,638.559
2023-07-12 16:53:00,1689180780.0,243.1,243.2,243.1,243.1,223.238
2023-07-12 16:54:00,1689180840.0,243.1,243.2,243.0,243.2,484.329
2023-07-12 16:55:00,1689180900.0,243.2,243.2,243.0,243.0,302.87
2023-07-12 16:56:00,1689180960.0,243.1,243.1,243.0,243.0,212.083
2023-07-12 16:57:00,1689181020.0,243.0,243.1,243.0,243.1,84.338
2023-07-12 16:58:00,1689181080.0,243.0,243.3,243.0,243.3,460.021
2023-07-12 16:59:00,1689181140.0,243.3,243.5,243.2,243.5,330.872
2023-07-12 17:00:00,1689181200.0,243.4,243.5,243.3,243.4,258.92
2023-07-12 17:01:00,1689181260.0,243.4,243.5,243.3,243.5,192.864
2023-07-12 17:02:00,1689181320.0,243.5,243.7,243.4,243.7,385.087
2023-07-12 17:03:00,1689181380.0,243.6,243.9,243.6,243.9,254.089
2023-07-12 17:04:00,1689181440.0,243.9,244.1,243.8,244.0,467.613
2023-07-12 17:05:00,1689181500.0,244.1,244.1,243.8,243.8,683.511
2023-07-12 17:06:00,1689181560.0,243.9,244.2,243.8,244.1,507.408
2023-07-12 17:07:00,1689181620.0,244.2,244.2,243.9,243.9,413.255
2023-07-12 17:08:00,1689181680.0,244.0,244.0,243.9,244.0,271.939
2023-07-12 17:09:00,1689181740.0,243.9,244.0,243.7,243.8,337.057
2023-07-12 17:10:00,1689181800.0,243.7,243.8,243.4,243.6,489.604
2023-07-12 17:11:00,1689181860.0,243.6,243.6,243.2,243.3,1273.524
2023-07-12 17:12:00,1689181920.0,243.3,243.3,243.1,243.3,636.415
2023-07-12 17:13:00,1689181980.0,243.2,243.5,243.2,243.4,131.16
2023-07-12 17:14:00,1689182040.0,243.4,243.6,243.4,243.6,141.886
2023-07-12 17:15:00,1689182100.0,243.6,243.7,243.4,243.4,484.919
2023-07-12 17:16:00,1689182160.0,243.5,243.5,243.4,243.5,106.207
2023-07-12 17:17:00,1689182220.0,243.4,243.6,243.4,243.6,184.372
2023-07-12 17:18:00,1689182280.0,243.6,243.7,243.5,243.6,298.306
2023-07-12 17:19:00,1689182340.0,243.7,243.7,243.6,243.7,126.714
2023-07-12 17:20:00,1689182400.0,243.7,243.7,243.4,243.5,537.861
2023-07-12 17:21:00,1689182460.0,243.4,243.6,243.4,243.5,235.318
2023-07-12 17:22:00,1689182520.0,243.5,243.7,243.5,243.6,567.999
2023-07-12 17:23:00,1689182580.0,243.7,243.7,243.5,243.6,589.488
2023-07-12 17:24:00,1689182640.0,243.5,243.7,243.5,243.7,296.273
2023-07-12 17:25:00,1689182700.0,243.7,243.8,243.6,243.8,167.48
2023-07-12 17:26:00,1689182760.0,243.7,243.8,243.6,243.7,356.421
2023-07-12 17:27:00,1689182820.0,243.7,243.7,243.6,243.6,115.463
2023-07-12 17:28:00,1689182880.0,243.7,243.8,243.6,243.8,279.056
2023-07-12 17:29:00,1689182940.0,243.8,243.8,243.7,243.8,59.741
2023-07-12 17:30:00,1689183000.0,243.8,244.1,243.7,244.0,393.026
2023-07-12 17:31:00,1689183060.0,244.1,244.1,243.9,243.9,906.434
2023-07-12 17:32:00,1689183120.0,244.0,244.2,243.9,244.2,1120.547
2023-07-12 17:33:00,1689183180.0,244.2,244.2,244.0,244.0,316.275
2023-07-12 17:34:00,1689183240.0,244.1,244.2,244.0,244.0,373.138
2023-07-12 17:35:00,1689183300.0,244.1,244.1,243.7,243.7,453.521
2023-07-12 17:36:00,1689183360.0,243.8,243.9,243.7,243.9,281.85
2023-07-12 17:37:00,1689183420.0,243.9,243.9,243.8,243.9,73.602
2023-07-12 17:38:00,1689183480.0,243.9,243.9,243.8,243.9,220.739
2023-07-12 17:39:00,1689183540.0,243.9,243.9,243.8,243.8,132.703
2023-07-12 17:40:00,1689183600.0,243.9,243.9,243.7,243.7,116.191
2023-07-12 17:41:00,1689183660.0,243.8,243.8,243.5,243.5,222.248
2023-07-12 17:42:00,1689183720.0,243.6,243.6,243.3,243.5,660.051
2023-07-12 17:43:00,1689183780.0,243.5,243.5,243.3,243.3,560.948
2023-07-12 17:44:00,1689183840.0,243.3,243.4,243.2,243.4,530.055
2023-07-12 17:45:00,1689183900.0,243.4,243.5,243.4,243.5,146.936
2023-07-12 17:46:00,1689183960.0,243.4,243.5,243.4,243.4,219.165
2023-07-12 17:47:00,1689184020.0,243.4,243.4,243.0,243.0,559.214
2023-07-12 17:48:00,1689184080.0,243.1,243.2,243.0,243.2,388.503
2023-07-12 17:49:00,1689184140.0,243.1,243.2,243.0,243.1,418.383
2023-07-12 17:50:00,1689184200.0,243.0,243.2,243.0,243.2,289.977
2023-07-12 17:51:00,1689184260.0,243.1,243.4,243.1,243.3,289.487
2023-07-12 17:52:00,1689184320.0,243.3,243.4,243.3,243.4,83.636
2023-07-12 17:53:00,1689184380.0,243.3,243.5,243.3,243.5,106.554
2023-07-12 17:54:00,1689184440.0,243.4,243.5,243.4,243.5,48.414
2023-07-12 17:55:00,1689184500.0,243.5,243.5,243.4,243.5,29.421
2023-07-12 17:56:00,1689184560.0,243.5,243.5,243.4,243.4,95.168
2023-07-12 17:57:00,1689184620.0,243.4,243.4,243.2,243.2,412.04
2023-07-12 17:58:00,1689184680.0,243.2,243.4,243.2,243.4,277.051
2023-07-12 17:59:00,1689184740.0,243.4,243.5,243.3,243.5,183.959
2023-07-12 18:00:00,1689184800.0,243.5,243.5,243.4,243.4,57.648
2023-07-12 18:01:00,1689184860.0,243.5,243.5,243.4,243.4,84.145
2023-07-12 18:02:00,1689184920.0,243.5,243.5,243.2,243.3,689.853
2023-07-12 18:03:00,1689184980.0,243.2,243.5,243.2,243.4,407.91
2023-07-12 18:04:00,1689185040.0,243.5,243.5,243.4,243.5,42.614
2023-07-12 18:05:00,1689185100.0,243.5,243.5,243.2,243.3,603.739
2023-07-12 18:06:00,1689185160.0,243.3,243.4,243.2,243.3,396.404
2023-07-12 18:07:00,1689185220.0,243.4,243.5,243.3,243.4,752.45
2023-07-12 18:08:00,1689185280.0,243.5,243.5,243.4,243.5,391.752
2023-07-12 18:09:00,1689185340.0,243.5,243.7,243.4,243.6,278.28
2023-07-12 18:10:00,1689185400.0,243.7,243.7,243.6,243.7,105.469
2023-07-12 18:11:00,1689185460.0,243.7,243.7,243.6,243.7,76.399
2023-07-12 18:12:00,1689185520.0,243.7,243.8,243.5,243.6,683.316
2023-07-12 18:13:00,1689185580.0,243.6,243.7,243.5,243.7,229.918
2023-07-12 18:14:00,1689185640.0,243.7,243.7,243.5,243.6,335.634
2023-07-12 18:15:00,1689185700.0,243.5,243.9,243.5,243.9,1587.761
2023-07-12 18:16:00,1689185760.0,243.9,244.0,243.8,243.9,412.655
2023-07-12 18:17:00,1689185820.0,243.9,243.9,243.8,243.8,41.471
2023-07-12 18:18:00,1689185880.0,243.8,244.0,243.8,244.0,80.694
2023-07-12 18:19:00,1689185940.0,244.0,244.1,243.9,244.0,220.653
2023-07-12 18:20:00,1689186000.0,244.1,244.1,243.9,244.0,362.935
2023-07-12 18:21:00,1689186060.0,244.1,244.1,243.9,244.0,321.828
2023-07-12 18:22:00,1689186120.0,243.9,244.2,243.9,244.1,363.34
2023-07-12 18:23:00,1689186180.0,244.2,244.2,244.1,244.2,46.697
2023-07-12 18:24:00,1689186240.0,244.2,244.2,243.9,243.9,643.694
2023-07-12 18:25:00,1689186300.0,244.0,244.0,243.7,244.0,887.494
2023-07-12 18:26:00,1689186360.0,244.0,244.0,243.9,244.0,118.517
2023-07-12 18:27:00,1689186420.0,243.9,244.0,243.9,244.0,70.866
2023-07-12 18:28:00,1689186480.0,243.9,244.0,243.9,243.9,66.592
2023-07-12 18:29:00,1689186540.0,244.0,244.1,243.9,243.9,700.358
2023-07-12 18:30:00,1689186600.0,243.9,243.9,243.8,243.9,178.189
2023-07-12 18:31:00,1689186660.0,243.9,244.0,243.8,244.0,176.993
2023-07-12 18:32:00,1689186720.0,244.0,244.0,243.9,244.0,123.58
2023-07-12 18:33:00,1689186780.0,243.9,244.1,243.9,244.0,339.294
2023-07-12 18:34:00,1689186840.0,244.0,244.1,244.0,244.0,344.076
2023-07-12 18:35:00,1689186900.0,244.0,244.1,243.8,243.9,1832.19
2023-07-12 18:36:00,1689186960.0,244.0,244.1,243.9,244.0,163.497
2023-07-12 18:37:00,1689187020.0,244.1,244.1,244.0,244.0,233.723
2023-07-12 18:38:00,1689187080.0,244.0,244.2,244.0,244.1,257.146
2023-07-12 18:39:00,1689187140.0,244.1,244.2,244.1,244.2,151.885
2023-07-12 18:40:00,1689187200.0,244.2,244.2,244.0,244.1,192.885
2023-07-12 18:41:00,1689187260.0,244.0,244.1,244.0,244.1,48.49
2023-07-12 18:42:00,1689187320.0,244.0,244.2,244.0,244.2,258.293
2023-07-12 18:43:00,1689187380.0,244.2,244.2,244.1,244.1,124.018
2023-07-12 18:44:00,1689187440.0,244.2,244.3,244.1,244.2,187.475
2023-07-12 18:45:00,1689187500.0,244.2,244.3,244.0,244.1,634.171
2023-07-12 18:46:00,1689187560.0,244.1,244.2,244.0,244.1,432.158
2023-07-12 18:47:00,1689187620.0,244.1,244.2,244.1,244.2,72.094
2023-07-12 18:48:00,1689187680.0,244.2,244.2,244.0,244.1,454.063
2023-07-12 18:49:00,1689187740.0,244.1,244.1,244.0,244.0,41.928
2023-07-12 18:50:00,1689187800.0,244.1,244.1,243.9,244.0,1312.982
2023-07-12 18:51:00,1689187860.0,244.0,244.0,243.9,244.0,34.728
2023-07-12 18:52:00,1689187920.0,244.0,244.1,243.9,244.0,266.335
2023-07-12 18:53:00,1689187980.0,244.1,244.1,244.0,244.1,190.478
2023-07-12 18:54:00,1689188040.0,244.1,244.1,244.0,244.0,135.811
2023-07-12 18:55:00,1689188100.0,244.0,244.1,243.9,244.1,562.773
2023-07-12 18:56:00,1689188160.0,244.0,244.1,243.9,243.9,435.682
2023-07-12 18:57:00,1689188220.0,243.9,244.1,243.9,244.1,292.141
2023-07-12 18:58:00,1689188280.0,244.1,244.1,244.0,244.1,47.025
2023-07-12 18:59:00,1689188340.0,244.0,244.2,244.0,244.1,56.022
2023-07-12 19:00:00,1689188400.0,244.2,244.2,244.0,244.0,362.647
2023-07-12 19:01:00,1689188460.0,244.1,244.1,244.0,244.0,50.643
2023-07-12 19:02:00,1689188520.0,244.0,244.1,243.9,244.0,110.363
2023-07-12 19:03:00,1689188580.0,243.9,244.0,243.9,244.0,59.649
2023-07-12 19:04:00,1689188640.0,243.9,244.0,243.8,243.8,989.441
2023-07-12 19:05:00,1689188700.0,243.9,243.9,243.8,243.9,35.183
2023-07-12 19:06:00,1689188760.0,243.8,243.9,243.8,243.9,230.935
2023-07-12 19:07:00,1689188820.0,243.9,244.0,243.9,243.9,55.765
2023-07-12 19:08:00,1689188880.0,244.0,244.0,243.9,243.9,35.308
2023-07-12 19:09:00,1689188940.0,244.0,244.0,243.9,243.9,32.589
2023-07-12 19:10:00,1689189000.0,244.0,244.0,243.9,243.9,76.561
2023-07-12 19:11:00,1689189060.0,243.9,244.0,243.9,243.9,52.645
2023-07-12 19:12:00,1689189120.0,243.9,244.0,243.8,243.8,265.939
2023-07-12 19:13:00,1689189180.0,243.9,243.9,243.8,243.9,26.91
2023-07-12 19:14:00,1689189240.0,243.9,243.9,243.8,243.8,117.862
2023-07-12 19:15:00,1689189300.0,243.9,243.9,243.7,243.7,102.653
2023-07-12 19:16:00,1689189360.0,243.7,243.8,243.7,243.8,81.322
2023-07-12 19:17:00,1689189420.0,243.7,243.9,243.7,243.8,200.714
2023-07-12 19:18:00,1689189480.0,243.8,243.9,243.7,243.8,266.884
2023-07-12 19:19:00,1689189540.0,243.8,243.8,243.6,243.7,167.16
2023-07-12 19:20:00,1689189600.0,243.7,243.8,243.6,243.7,539.939
2023-07-12 19:21:00,1689189660.0,243.6,243.7,243.5,243.6,203.692
2023-07-12 19:22:00,1689189720.0,243.6,243.7,243.5,243.7,228.076
2023-07-12 19:23:00,1689189780.0,243.7,243.7,243.0,243.2,1526.997
2023-07-12 19:24:00,1689189840.0,243.1,243.1,242.7,243.1,3108.312
2023-07-12 19:25:00,1689189900.0,243.0,243.4,243.0,243.4,416.131
2023-07-12 19:26:00,1689189960.0,243.4,243.4,243.3,243.4,63.865
2023-07-12 19:27:00,1689190020.0,243.3,243.5,243.3,243.4,167.438
2023-07-12 19:28:00,1689190080.0,243.4,243.5,243.2,243.3,427.976
2023-07-12 19:29:00,1689190140.0,243.3,243.4,243.2,243.3,239.734
2023-07-12 19:30:00,1689190200.0,243.4,243.4,243.0,243.2,893.494
2023-07-12 19:31:00,1689190260.0,243.2,243.3,243.0,243.3,478.901
2023-07-12 19:32:00,1689190320.0,243.2,243.2,242.9,242.9,473.8
2023-07-12 19:33:00,1689190380.0,243.0,243.0,242.7,242.8,280.372
2023-07-12 19:34:00,1689190440.0,242.8,243.0,242.7,242.9,836.523
2023-07-12 19:35:00,1689190500.0,242.9,243.1,242.6,242.8,1309.585
2023-07-12 19:36:00,1689190560.0,242.7,242.9,242.6,242.9,1267.353
2023-07-12 19:37:00,1689190620.0,242.9,243.2,242.8,243.2,379.273
2023-07-12 19:38:00,1689190680.0,243.2,243.2,243.0,243.2,516.742
2023-07-12 19:39:00,1689190740.0,243.2,243.2,243.1,243.1,261.3
2023-07-12 19:40:00,1689190800.0,243.2,243.2,242.9,243.2,535.74
2023-07-12 19:41:00,1689190860.0,243.1,243.2,243.0,243.1,251.469
2023-07-12 19:42:00,1689190920.0,243.1,243.1,242.9,243.0,281.557
2023-07-12 19:43:00,1689190980.0,243.1,243.2,243.0,243.1,210.906
2023-07-12 19:44:00,1689191040.0,243.1,243.2,243.1,243.2,261.158
2023-07-12 19:45:00,1689191100.0,243.3,243.3,243.1,243.2,718.61
2023-07-12 19:46:00,1689191160.0,243.1,243.3,243.1,243.3,357.638
2023-07-12 19:47:00,1689191220.0,243.3,243.6,243.3,243.6,249.679
2023-07-12 19:48:00,1689191280.0,243.5,243.7,243.4,243.6,445.653
2023-07-12 19:49:00,1689191340.0,243.5,243.7,243.5,243.6,447.985
2023-07-12 19:50:00,1689191400.0,243.6,243.6,243.4,243.5,674.818
2023-07-12 19:51:00,1689191460.0,243.4,243.5,243.4,243.4,80.458
2023-07-12 19:52:00,1689191520.0,243.5,243.6,243.4,243.6,311.48
2023-07-12 19:53:00,1689191580.0,243.6,243.6,243.5,243.5,101.793
2023-07-12 19:54:00,1689191640.0,243.6,243.6,243.5,243.6,89.799
2023-07-12 19:55:00,1689191700.0,243.5,243.6,243.4,243.4,162.627
2023-07-12 19:56:00,1689191760.0,243.4,243.4,243.3,243.3,135.609
2023-07-12 19:57:00,1689191820.0,243.4,243.5,243.3,243.4,251.169
2023-07-12 19:58:00,1689191880.0,243.5,243.5,243.4,243.5,31.896
2023-07-12 19:59:00,1689191940.0,243.5,243.5,243.4,243.5,48.845
2023-07-12 20:00:00,1689192000.0,243.5,243.5,243.3,243.4,284.44
2023-07-12 20:01:00,1689192060.0,243.4,243.4,243.2,243.4,219.048
2023-07-12 20:02:00,1689192120.0,243.4,243.5,243.3,243.5,143.008
2023-07-12 20:03:00,1689192180.0,243.5,243.6,243.4,243.5,160.225
2023-07-12 20:04:00,1689192240.0,243.6,243.7,243.5,243.6,100.2
2023-07-12 20:05:00,1689192300.0,243.7,243.7,243.6,243.6,187.377
2023-07-12 20:06:00,1689192360.0,243.7,243.7,243.6,243.6,119.63
2023-07-12 20:07:00,1689192420.0,243.7,243.7,243.6,243.7,156.741
2023-07-12 20:08:00,1689192480.0,243.7,243.7,243.6,243.6,38.396
2023-07-12 20:09:00,1689192540.0,243.7,243.7,243.5,243.6,190.115
2023-07-12 20:10:00,1689192600.0,243.6,243.6,243.4,243.4,141.312
2023-07-12 20:11:00,1689192660.0,243.5,243.6,243.3,243.6,612.057
2023-07-12 20:12:00,1689192720.0,243.6,243.7,243.5,243.7,74.43
2023-07-12 20:13:00,1689192780.0,243.6,243.8,243.6,243.8,270.56
2023-07-12 20:14:00,1689192840.0,243.7,243.8,243.7,243.7,78.016
2023-07-12 20:15:00,1689192900.0,243.8,243.8,243.6,243.7,205.008
2023-07-12 20:16:00,1689192960.0,243.7,243.7,243.6,243.7,34.561
2023-07-12 20:17:00,1689193020.0,243.6,243.8,243.6,243.7,487.615
2023-07-12 20:18:00,1689193080.0,243.6,243.8,243.6,243.8,182.214
2023-07-12 20:19:00,1689193140.0,243.8,243.8,243.7,243.8,146.555
2023-07-12 20:20:00,1689193200.0,243.8,243.8,243.7,243.8,92.483
2023-07-12 20:21:00,1689193260.0,243.7,243.8,243.7,243.8,64.57
2023-07-12 20:22:00,1689193320.0,243.8,243.8,243.7,243.7,31.608
2023-07-12 20:23:00,1689193380.0,243.8,243.8,243.6,243.6,98.649
2023-07-12 20:24:00,1689193440.0,243.6,243.8,243.6,243.8,246.289
2023-07-12 20:25:00,1689193500.0,243.7,243.8,243.7,243.8,58.404
2023-07-12 20:26:00,1689193560.0,243.7,243.8,243.7,243.7,35.175
2023-07-12 20:27:00,1689193620.0,243.7,243.8,243.6,243.6,411.936
2023-07-12 20:28:00,1689193680.0,243.6,243.8,243.6,243.7,158.082
2023-07-12 20:29:00,1689193740.0,243.7,243.8,243.6,243.7,149.64
2023-07-12 20:30:00,1689193800.0,243.7,243.7,243.5,243.6,70.866
2023-07-12 20:31:00,1689193860.0,243.6,243.6,243.4,243.5,140.91
2023-07-12 20:32:00,1689193920.0,243.4,243.5,243.3,243.4,58.414
2023-07-12 20:33:00,1689193980.0,243.4,243.4,243.3,243.3,197.428
2023-07-12 20:34:00,1689194040.0,243.4,243.4,243.3,243.4,70.244
2023-07-12 20:35:00,1689194100.0,243.4,243.4,243.3,243.3,41.041
2023-07-12 20:36:00,1689194160.0,243.4,243.4,243.2,243.3,389.57
2023-07-12 20:37:00,1689194220.0,243.3,243.4,243.3,243.4,134.517
2023-07-12 20:38:00,1689194280.0,243.3,243.7,243.3,243.7,1368.632
2023-07-12 20:39:00,1689194340.0,243.7,243.8,243.6,243.6,444.56
2023-07-12 20:40:00,1689194400.0,243.7,243.7,243.6,243.6,68.645
2023-07-12 20:41:00,1689194460.0,243.7,243.7,243.6,243.6,101.579
2023-07-12 20:42:00,1689194520.0,243.7,243.7,243.6,243.6,125.264
2023-07-12 20:43:00,1689194580.0,243.7,243.8,243.6,243.8,145.434
2023-07-12 20:44:00,1689194640.0,243.8,243.8,243.7,243.8,50.312
2023-07-12 20:45:00,1689194700.0,243.8,243.8,243.7,243.8,46.089
2023-07-12 20:46:00,1689194760.0,243.7,243.8,243.6,243.7,175.248
2023-07-12 20:47:00,1689194820.0,243.7,243.7,243.6,243.6,20.653
2023-07-12 20:48:00,1689194880.0,243.7,243.7,243.6,243.7,29.956
2023-07-12 20:49:00,1689194940.0,243.7,243.8,243.6,243.8,223.782
2023-07-12 20:50:00,1689195000.0,243.8,243.8,243.7,243.8,42.812
2023-07-12 20:51:00,1689195060.0,243.8,243.8,243.6,243.7,233.122
2023-07-12 20:52:00,1689195120.0,243.7,243.7,243.6,243.7,22.725
2023-07-12 20:53:00,1689195180.0,243.7,243.9,243.6,243.9,451.473
2023-07-12 20:54:00,1689195240.0,243.8,243.9,243.8,243.9,47.017
2023-07-12 20:55:00,1689195300.0,243.8,243.9,243.7,243.8,142.664
2023-07-12 20:56:00,1689195360.0,243.8,243.8,243.7,243.7,61.279
2023-07-12 20:57:00,1689195420.0,243.8,243.8,243.7,243.8,45.149
2023-07-12 20:58:00,1689195480.0,243.8,243.8,243.7,243.8,146.132
2023-07-12 20:59:00,1689195540.0,243.8,243.9,243.7,243.8,169.671
2023-07-12 21:00:00,1689195600.0,243.9,243.9,243.6,243.7,550.104
2023-07-12 21:01:00,1689195660.0,243.7,243.8,243.7,243.8,29.988
2023-07-12 21:02:00,1689195720.0,243.8,243.8,243.6,243.7,211.394
2023-07-12 21:03:00,1689195780.0,243.6,243.7,243.6,243.6,16.549
2023-07-12 21:04:00,1689195840.0,243.6,243.7,243.6,243.7,30.794
2023-07-12 21:05:00,1689195900.0,243.7,243.7,243.5,243.6,141.697
2023-07-12 21:06:00,1689195960.0,243.5,243.6,243.5,243.5,24.68
2023-07-12 21:07:00,1689196020.0,243.6,243.6,243.5,243.6,21.091
2023-07-12 21:08:00,1689196080.0,243.6,243.6,243.4,243.5,91.852
2023-07-12 21:09:00,1689196140.0,243.5,243.6,243.4,243.5,179.975
2023-07-12 21:10:00,1689196200.0,243.6,243.6,243.5,243.5,29.705
2023-07-12 21:11:00,1689196260.0,243.5,243.6,243.5,243.6,23.842
2023-07-12 21:12:00,1689196320.0,243.5,243.6,243.5,243.6,105.841
2023-07-12 21:13:00,1689196380.0,243.6,243.6,243.5,243.6,31.941
2023-07-12 21:14:00,1689196440.0,243.6,243.6,243.5,243.5,39.39
2023-07-12 21:15:00,1689196500.0,243.6,243.7,243.5,243.7,286.304
2023-07-12 21:16:00,1689196560.0,243.7,243.7,243.6,243.7,25.325
2023-07-12 21:17:00,1689196620.0,243.6,243.7,243.6,243.6,26.526
2023-07-12 21:18:00,1689196680.0,243.7,243.7,243.5,243.6,243.549
2023-07-12 21:19:00,1689196740.0,243.5,243.6,243.5,243.6,24.369
2023-07-12 21:20:00,1689196800.0,243.6,243.7,243.5,243.6,427.622
2023-07-12 21:21:00,1689196860.0,243.6,243.6,243.5,243.6,33.303
2023-07-12 21:22:00,1689196920.0,243.6,243.6,243.5,243.5,64.169
2023-07-12 21:23:00,1689196980.0,243.6,243.6,243.5,243.5,61.275
2023-07-12 21:24:00,1689197040.0,243.5,243.7,243.5,243.7,77.934
2023-07-12 21:25:00,1689197100.0,243.6,243.7,243.6,243.7,43.989
2023-07-12 21:26:00,1689197160.0,243.7,243.7,243.6,243.7,51.523
2023-07-12 21:27:00,1689197220.0,243.6,243.7,243.6,243.7,129.985
2023-07-12 21:28:00,1689197280.0,243.7,243.8,243.6,243.8,157.595
2023-07-12 21:29:00,1689197340.0,243.8,243.8,243.7,243.8,59.609
2023-07-12 21:30:00,1689197400.0,243.7,243.8,243.5,243.5,415.509
2023-07-12 21:31:00,1689197460.0,243.6,243.6,243.5,243.5,102.952
2023-07-12 21:32:00,1689197520.0,243.6,243.6,243.5,243.6,25.076
2023-07-12 21:33:00,1689197580.0,243.6,243.7,243.5,243.7,181.586
2023-07-12 21:34:00,1689197640.0,243.6,243.7,243.6,243.7,36.454
2023-07-12 21:35:00,1689197700.0,243.7,243.7,243.5,243.6,254.257
2023-07-12 21:36:00,1689197760.0,243.5,243.6,243.5,243.5,43.636
2023-07-12 21:37:00,1689197820.0,243.5,243.6,243.5,243.6,16.81
2023-07-12 21:38:00,1689197880.0,243.5,243.6,243.5,243.5,29.073
2023-07-12 21:39:00,1689197940.0,243.6,243.6,243.5,243.5,42.639
2023-07-12 21:40:00,1689198000.0,243.5,243.6,243.5,243.5,24.851
2023-07-12 21:41:00,1689198060.0,243.6,243.6,243.5,243.6,303.254
2023-07-12 21:42:00,1689198120.0,243.6,243.7,243.6,243.6,345.891
2023-07-12 21:43:00,1689198180.0,243.7,243.7,243.6,243.7,50.672
2023-07-12 21:44:00,1689198240.0,243.6,243.7,243.6,243.7,97.703
2023-07-12 21:45:00,1689198300.0,243.7,243.7,243.6,243.7,33.933
2023-07-12 21:46:00,1689198360.0,243.7,243.7,243.6,243.6,20.237
2023-07-12 21:47:00,1689198420.0,243.6,243.7,243.6,243.6,33.227
2023-07-12 21:48:00,1689198480.0,243.7,243.7,243.6,243.7,36.677
2023-07-12 21:49:00,1689198540.0,243.6,243.7,243.6,243.7,37.996
2023-07-12 21:50:00,1689198600.0,243.7,243.8,243.6,243.7,182.849
2023-07-12 21:51:00,1689198660.0,243.8,243.8,243.7,243.8,96.879
2023-07-12 21:52:00,1689198720.0,243.8,243.9,243.7,243.8,124.378
2023-07-12 21:53:00,1689198780.0,243.9,243.9,243.8,243.8,56.193
2023-07-12 21:54:00,1689198840.0,243.9,244.0,243.8,244.0,230.442
2023-07-12 21:55:00,1689198900.0,243.9,244.0,243.9,244.0,54.09
2023-07-12 21:56:00,1689198960.0,243.9,244.0,243.9,244.0,39.108
2023-07-12 21:57:00,1689199020.0,244.0,244.0,243.9,244.0,27.908
2023-07-12 21:58:00,1689199080.0,244.0,244.0,243.9,243.9,31.412
2023-07-12 21:59:00,1689199140.0,244.0,244.0,243.9,244.0,239.697
2023-07-12 22:00:00,1689199200.0,244.0,244.0,243.8,243.9,262.405
2023-07-12 22:01:00,1689199260.0,243.9,243.9,243.7,243.8,211.094
2023-07-12 22:02:00,1689199320.0,243.8,243.8,243.7,243.7,28.45
2023-07-12 22:03:00,1689199380.0,243.7,243.9,243.7,243.9,249.924
2023-07-12 22:04:00,1689199440.0,243.8,243.9,243.8,243.8,35.382
2023-07-12 22:05:00,1689199500.0,243.9,243.9,243.8,243.9,13.246
2023-07-12 22:06:00,1689199560.0,243.8,243.9,243.8,243.9,35.871
2023-07-12 22:07:00,1689199620.0,243.8,243.9,243.8,243.8,20.722
2023-07-12 22:08:00,1689199680.0,243.9,244.0,243.8,244.0,91.425
2023-07-12 22:09:00,1689199740.0,244.0,244.0,243.9,244.0,23.949
2023-07-12 22:10:00,1689199800.0,244.0,244.0,243.9,244.0,28.102
2023-07-12 22:11:00,1689199860.0,244.0,244.0,243.8,243.9,426.487
2023-07-12 22:12:00,1689199920.0,243.9,243.9,243.8,243.8,33.688
2023-07-12 22:13:00,1689199980.0,243.9,243.9,243.8,243.8,42.363
2023-07-12 22:14:00,1689200040.0,243.9,243.9,243.8,243.9,37.776
2023-07-12 22:15:00,1689200100.0,243.9,243.9,243.8,243.8,9.379
2023-07-12 22:16:00,1689200160.0,243.9,243.9,243.8,243.8,16.945
2023-07-12 22:17:00,1689200220.0,243.9,243.9,243.8,243.9,11.001
2023-07-12 22:18:00,1689200280.0,243.9,243.9,243.8,243.8,52.375
2023-07-12 22:19:00,1689200340.0,243.8,243.9,243.8,243.9,24.461
2023-07-12 22:20:00,1689200400.0,243.9,243.9,243.8,243.9,19.363
2023-07-12 22:21:00,1689200460.0,243.9,243.9,243.6,243.7,342.881
2023-07-12 22:22:00,1689200520.0,243.7,243.7,243.6,243.7,86.369
2023-07-12 22:23:00,1689200580.0,243.7,243.7,243.6,243.7,13.299
2023-07-12 22:24:00,1689200640.0,243.7,243.7,243.6,243.7,113.888
2023-07-12 22:25:00,1689200700.0,243.7,243.7,243.6,243.6,7.964
2023-07-12 22:26:00,1689200760.0,243.7,243.7,243.6,243.6,38.018
2023-07-12 22:27:00,1689200820.0,243.6,243.7,243.6,243.6,14.773
2023-07-12 22:28:00,1689200880.0,243.7,243.7,243.6,243.7,29.917
2023-07-12 22:29:00,1689200940.0,243.7,243.7,243.6,243.7,15.142
2023-07-12 22:30:00,1689201000.0,243.6,243.8,243.6,243.7,181.784
2023-07-12 22:31:00,1689201060.0,243.8,243.8,243.7,243.7,51.255
2023-07-12 22:32:00,1689201120.0,243.8,243.8,243.7,243.7,37.639
2023-07-12 22:33:00,1689201180.0,243.7,243.8,243.7,243.8,239.373
2023-07-12 22:34:00,1689201240.0,243.8,243.9,243.7,243.9,142.158
2023-07-12 22:35:00,1689201300.0,243.8,243.9,243.7,243.7,149.578
2023-07-12 22:36:00,1689201360.0,243.8,243.8,243.7,243.8,10.136
2023-07-12 22:37:00,1689201420.0,243.8,243.8,243.7,243.8,13.546
2023-07-12 22:38:00,1689201480.0,243.7,243.8,243.7,243.8,6.901
2023-07-12 22:39:00,1689201540.0,243.7,243.8,243.7,243.7,62.922
2023-07-12 22:40:00,1689201600.0,243.7,243.8,243.7,243.8,34.871
2023-07-12 22:41:00,1689201660.0,243.7,243.8,243.7,243.8,21.435
2023-07-12 22:42:00,1689201720.0,243.7,243.8,243.7,243.8,36.377
2023-07-12 22:43:00,1689201780.0,243.8,243.8,243.7,243.7,162.016
2023-07-12 22:44:00,1689201840.0,243.8,243.8,243.7,243.8,357.424
2023-07-12 22:45:00,1689201900.0,243.8,243.9,243.7,243.8,200.808
2023-07-12 22:46:00,1689201960.0,243.9,243.9,243.7,243.8,355.528
2023-07-12 22:47:00,1689202020.0,243.7,243.8,243.7,243.8,40.221
2023-07-12 22:48:00,1689202080.0,243.8,243.8,243.7,243.8,9.362
2023-07-12 22:49:00,1689202140.0,243.8,243.8,243.7,243.8,181.793
2023-07-12 22:50:00,1689202200.0,243.9,243.9,243.8,243.9,12.793
2023-07-12 22:51:00,1689202260.0,243.8,243.9,243.8,243.9,114.229
2023-07-12 22:52:00,1689202320.0,243.8,243.9,243.8,243.9,11.663
2023-07-12 22:53:00,1689202380.0,243.8,243.9,243.8,243.9,15.844
2023-07-12 22:54:00,1689202440.0,243.9,243.9,243.8,243.9,959.329
2023-07-12 22:55:00,1689202500.0,243.9,243.9,243.8,243.9,1556.711
2023-07-12 22:56:00,1689202560.0,243.9,243.9,243.8,243.8,12.299
2023-07-12 22:57:00,1689202620.0,243.8,243.9,243.8,243.9,28.53
2023-07-12 22:58:00,1689202680.0,243.9,243.9,243.8,243.9,50.733
2023-07-12 22:59:00,1689202740.0,243.9,243.9,243.8,243.8,26.741
2023-07-12 23:00:00,1689202800.0,243.8,243.9,243.7,243.8,215.731
2023-07-12 23:01:00,1689202860.0,243.8,243.8,243.7,243.7,17.547
2023-07-12 23:02:00,1689202920.0,243.8,243.8,243.7,243.8,12.807
2023-07-12 23:03:00,1689202980.0,243.7,243.8,243.7,243.7,32.567
2023-07-12 23:04:00,1689203040.0,243.8,243.8,243.7,243.8,30.228
2023-07-12 23:05:00,1689203100.0,243.8,243.9,243.7,243.9,431.29
2023-07-12 23:06:00,1689203160.0,243.8,243.9,243.8,243.9,95.496
2023-07-12 23:07:00,1689203220.0,243.8,243.9,243.8,243.9,15.6
2023-07-12 23:08:00,1689203280.0,243.9,243.9,243.8,243.9,54.477
2023-07-12 23:09:00,1689203340.0,243.9,243.9,243.8,243.9,29.893
2023-07-12 23:10:00,1689203400.0,243.9,243.9,243.8,243.9,13.742
2023-07-12 23:11:00,1689203460.0,243.9,243.9,243.7,243.8,303.624
2023-07-12 23:12:00,1689203520.0,243.7,243.8,243.7,243.7,364.052
2023-07-12 23:13:00,1689203580.0,243.8,243.8,243.7,243.8,54.753
2023-07-12 23:14:00,1689203640.0,243.8,243.8,243.7,243.7,47.193
2023-07-12 23:15:00,1689203700.0,243.7,243.8,243.7,243.7,1683.264
2023-07-12 23:16:00,1689203760.0,243.8,243.8,243.7,243.8,52.742
2023-07-12 23:17:00,1689203820.0,243.7,243.8,243.7,243.8,28.568
2023-07-12 23:18:00,1689203880.0,243.7,243.9,243.7,243.8,117.247
2023-07-12 23:19:00,1689203940.0,243.8,243.9,243.8,243.8,37.863
2023-07-12 23:20:00,1689204000.0,243.9,243.9,243.8,243.9,18.765
2023-07-12 23:21:00,1689204060.0,243.9,243.9,243.7,243.8,269.428
2023-07-12 23:22:00,1689204120.0,243.8,243.8,243.7,243.8,46.993
2023-07-12 23:23:00,1689204180.0,243.8,243.8,243.7,243.8,128.771
2023-07-12 23:24:00,1689204240.0,243.8,244.0,243.7,243.9,508.852
2023-07-12 23:25:00,1689204300.0,243.9,244.0,243.8,243.9,113.727
2023-07-12 23:26:00,1689204360.0,243.9,243.9,243.8,243.9,138.162
2023-07-12 23:27:00,1689204420.0,243.9,243.9,243.8,243.9,88.768
2023-07-12 23:28:00,1689204480.0,243.9,244.0,243.8,243.9,80.702
2023-07-12 23:29:00,1689204540.0,243.9,244.0,243.8,243.8,442.426
2023-07-12 23:30:00,1689204600.0,243.8,243.9,243.8,243.9,29.907
2023-07-12 23:31:00,1689204660.0,243.9,243.9,243.8,243.9,24.739
2023-07-12 23:32:00,1689204720.0,243.9,243.9,243.8,243.9,23.054
2023-07-12 23:33:00,1689204780.0,243.9,244.0,243.8,243.9,147.809
2023-07-12 23:34:00,1689204840.0,244.0,244.0,243.9,244.0,114.045
2023-07-12 23:35:00,1689204900.0,244.0,244.0,243.8,244.0,584.936
2023-07-12 23:36:00,1689204960.0,243.9,244.1,243.9,244.1,205.252
2023-07-12 23:37:00,1689205020.0,244.1,244.1,243.9,244.0,109.523
2023-07-12 23:38:00,1689205080.0,244.0,244.0,243.9,243.9,24.778
2023-07-12 23:39:00,1689205140.0,244.0,244.1,243.9,244.1,360.934
2023-07-12 23:40:00,1689205200.0,244.0,244.0,243.9,244.0,237.674
2023-07-12 23:41:00,1689205260.0,244.0,244.1,243.9,244.1,136.544
2023-07-12 23:42:00,1689205320.0,244.1,244.2,244.0,244.2,228.706
2023-07-12 23:43:00,1689205380.0,244.1,244.2,244.1,244.1,21.761
2023-07-12 23:44:00,1689205440.0,244.1,244.2,244.1,244.1,66.637
2023-07-12 23:45:00,1689205500.0,244.2,244.3,244.2,244.3,208.198
2023-07-12 23:46:00,1689205560.0,244.3,244.3,244.2,244.3,39.676
2023-07-12 23:47:00,1689205620.0,244.3,244.4,244.2,244.3,303.08
2023-07-12 23:48:00,1689205680.0,244.2,244.3,244.2,244.3,222.549
2023-07-12 23:49:00,1689205740.0,244.3,244.3,244.2,244.3,120.76
2023-07-12 23:50:00,1689205800.0,244.3,244.3,244.1,244.2,284.808
2023-07-12 23:51:00,1689205860.0,244.2,244.2,244.1,244.2,60.988
2023-07-12 23:52:00,1689205920.0,244.2,244.2,244.1,244.2,103.42
2023-07-12 23:53:00,1689205980.0,244.2,244.2,244.1,244.1,14.213
2023-07-12 23:54:00,1689206040.0,244.1,244.2,244.1,244.1,17.32
2023-07-12 23:55:00,1689206100.0,244.2,244.2,243.8,244.0,830.411
2023-07-12 23:56:00,1689206160.0,244.0,244.0,243.9,243.9,14.992
2023-07-12 23:57:00,1689206220.0,244.0,244.0,243.9,244.0,116.157
2023-07-12 23:58:00,1689206280.0,243.9,244.0,243.8,243.8,179.636
2023-07-12 23:59:00,1689206340.0,243.8,243.9,243.8,243.9,84.612
