Universal Time,Unix Time,Open,High,Low,Close,Volume
2019-11-01 00:00:00,1572566400.0,0.29459,0.2946,0.29405,0.29425,83626.2
2019-11-01 00:01:00,1572566460.0,0.29414,0.29451,0.29414,0.29429,35758.8
2019-11-01 00:02:00,1572566520.0,0.29426,0.29436,0.29416,0.29422,10564.6
2019-11-01 00:03:00,1572566580.0,0.29422,0.29432,0.29413,0.29422,8374.4
2019-11-01 00:04:00,1572566640.0,0.29417,0.29419,0.29378,0.29419,57496.9
2019-11-01 00:05:00,1572566700.0,0.294,0.29404,0.29371,0.29375,64327.5
2019-11-01 00:06:00,1572566760.0,0.29372,0.294,0.29371,0.294,21942.2
2019-11-01 00:07:00,1572566820.0,0.29402,0.29415,0.29373,0.29374,119808.1
2019-11-01 00:08:00,1572566880.0,0.29374,0.294,0.29371,0.29371,169494.7
2019-11-01 00:09:00,1572566940.0,0.29363,0.29368,0.29338,0.29368,85309.9
2019-11-01 00:10:00,1572567000.0,0.29368,0.29385,0.29354,0.29364,20087.4
2019-11-01 00:11:00,1572567060.0,0.29364,0.29369,0.29338,0.29369,76204.4
2019-11-01 00:12:00,1572567120.0,0.29354,0.29369,0.29344,0.29349,22469.0
2019-11-01 00:13:00,1572567180.0,0.29347,0.29348,0.2932,0.29331,62883.2
2019-11-01 00:14:00,1572567240.0,0.29327,0.29351,0.29323,0.29334,19846.8
2019-11-01 00:15:00,1572567300.0,0.29328,0.29341,0.29301,0.29317,27873.8
2019-11-01 00:16:00,1572567360.0,0.29312,0.2934,0.29292,0.29313,5687.6
2019-11-01 00:17:00,1572567420.0,0.29313,0.29334,0.29295,0.29323,18264.1
2019-11-01 00:18:00,1572567480.0,0.2932,0.2932,0.29272,0.29273,30721.0
2019-11-01 00:19:00,1572567540.0,0.29273,0.2928,0.2925,0.29263,17940.8
2019-11-01 00:20:00,1572567600.0,0.29265,0.29299,0.29251,0.29299,30906.6
2019-11-01 00:21:00,1572567660.0,0.29298,0.29298,0.29254,0.29264,27447.8
2019-11-01 00:22:00,1572567720.0,0.29265,0.29312,0.29251,0.29311,53637.3
2019-11-01 00:23:00,1572567780.0,0.29311,0.29326,0.29294,0.29326,23935.0
2019-11-01 00:24:00,1572567840.0,0.29327,0.29328,0.29291,0.29315,14624.4
2019-11-01 00:25:00,1572567900.0,0.29314,0.29314,0.29278,0.29297,18274.3
2019-11-01 00:26:00,1572567960.0,0.29298,0.29322,0.29289,0.29311,2829.5
2019-11-01 00:27:00,1572568020.0,0.29305,0.29333,0.293,0.29325,84993.0
2019-11-01 00:28:00,1572568080.0,0.29328,0.29329,0.2928,0.29287,28054.5
2019-11-01 00:29:00,1572568140.0,0.29302,0.29306,0.2929,0.29306,27338.6
2019-11-01 00:30:00,1572568200.0,0.29304,0.29306,0.2927,0.293,45333.0
2019-11-01 00:31:00,1572568260.0,0.29302,0.29327,0.29295,0.29313,19202.1
2019-11-01 00:32:00,1572568320.0,0.29312,0.29339,0.29297,0.29319,1997.5
2019-11-01 00:33:00,1572568380.0,0.29324,0.29326,0.29302,0.29312,7927.8
2019-11-01 00:34:00,1572568440.0,0.29311,0.29344,0.29298,0.29337,27617.7
2019-11-01 00:35:00,1572568500.0,0.29329,0.29329,0.29294,0.293,10661.5
2019-11-01 00:36:00,1572568560.0,0.29305,0.29322,0.2929,0.29305,34083.8
2019-11-01 00:37:00,1572568620.0,0.29303,0.29322,0.29303,0.29322,15367.8
2019-11-01 00:38:00,1572568680.0,0.29319,0.29319,0.29283,0.29305,24505.3
2019-11-01 00:39:00,1572568740.0,0.29301,0.29315,0.29272,0.29304,19498.6
2019-11-01 00:40:00,1572568800.0,0.29303,0.29303,0.29268,0.29286,18961.2
2019-11-01 00:41:00,1572568860.0,0.29275,0.29296,0.2926,0.29291,27478.7
2019-11-01 00:42:00,1572568920.0,0.29287,0.29295,0.29259,0.29278,3086.0
2019-11-01 00:43:00,1572568980.0,0.29279,0.29288,0.29259,0.29259,6981.7
2019-11-01 00:44:00,1572569040.0,0.29259,0.2927,0.2925,0.2927,29799.7
2019-11-01 00:45:00,1572569100.0,0.29267,0.29285,0.29265,0.29284,13177.1
2019-11-01 00:46:00,1572569160.0,0.29286,0.29325,0.29271,0.29323,44997.4
2019-11-01 00:47:00,1572569220.0,0.29323,0.29345,0.29303,0.29334,57177.0
2019-11-01 00:48:00,1572569280.0,0.2933,0.29344,0.29304,0.29326,25393.8
2019-11-01 00:49:00,1572569340.0,0.29327,0.2934,0.29301,0.29306,6996.6
2019-11-01 00:50:00,1572569400.0,0.29307,0.29318,0.29294,0.29301,5749.3
2019-11-01 00:51:00,1572569460.0,0.29313,0.29313,0.29287,0.29298,25609.3
2019-11-01 00:52:00,1572569520.0,0.29298,0.29312,0.29289,0.29302,20481.1
2019-11-01 00:53:00,1572569580.0,0.29301,0.29315,0.29288,0.29294,1696.4
2019-11-01 00:54:00,1572569640.0,0.29294,0.293,0.29284,0.29299,14760.6
2019-11-01 00:55:00,1572569700.0,0.29309,0.29315,0.29298,0.29309,37245.0
2019-11-01 00:56:00,1572569760.0,0.29311,0.29324,0.29307,0.29307,29516.3
2019-11-01 00:57:00,1572569820.0,0.29308,0.2931,0.29284,0.29291,57554.4
2019-11-01 00:58:00,1572569880.0,0.29289,0.29324,0.29289,0.2932,60710.9
2019-11-01 00:59:00,1572569940.0,0.29321,0.29324,0.29305,0.29322,7826.6
2019-11-01 01:00:00,1572570000.0,0.29311,0.29311,0.29294,0.29304,4299.9
2019-11-01 01:01:00,1572570060.0,0.29304,0.29316,0.29292,0.29293,10442.9
2019-11-01 01:02:00,1572570120.0,0.29301,0.29314,0.29297,0.29309,20264.6
2019-11-01 01:03:00,1572570180.0,0.29306,0.29315,0.29289,0.29291,55108.8
2019-11-01 01:04:00,1572570240.0,0.29289,0.29315,0.29289,0.29297,29077.7
2019-11-01 01:05:00,1572570300.0,0.29297,0.29319,0.29297,0.29315,21867.2
2019-11-01 01:06:00,1572570360.0,0.29314,0.29354,0.29299,0.29354,181844.6
2019-11-01 01:07:00,1572570420.0,0.29353,0.29361,0.29338,0.29351,74247.1
2019-11-01 01:08:00,1572570480.0,0.29362,0.29387,0.29354,0.29384,18114.9
2019-11-01 01:09:00,1572570540.0,0.29382,0.29394,0.29371,0.29378,26529.8
2019-11-01 01:10:00,1572570600.0,0.29386,0.29386,0.29361,0.29365,28196.0
2019-11-01 01:11:00,1572570660.0,0.29363,0.29396,0.29363,0.29396,1585.8
2019-11-01 01:12:00,1572570720.0,0.2939,0.29399,0.29379,0.29398,4635.2
2019-11-01 01:13:00,1572570780.0,0.29397,0.294,0.29393,0.294,21782.9
2019-11-01 01:14:00,1572570840.0,0.294,0.294,0.29371,0.29377,42542.2
2019-11-01 01:15:00,1572570900.0,0.29377,0.29378,0.29373,0.29373,3701.0
2019-11-01 01:16:00,1572570960.0,0.29373,0.29373,0.29346,0.2936,57953.9
2019-11-01 01:17:00,1572571020.0,0.29358,0.29363,0.2934,0.29355,39958.7
2019-11-01 01:18:00,1572571080.0,0.29364,0.29364,0.29338,0.29344,3039.9
2019-11-01 01:19:00,1572571140.0,0.29344,0.29363,0.29336,0.2935,26123.4
2019-11-01 01:20:00,1572571200.0,0.2935,0.29359,0.29339,0.29343,7268.4
2019-11-01 01:21:00,1572571260.0,0.29344,0.29344,0.2931,0.29327,11507.7
2019-11-01 01:22:00,1572571320.0,0.29327,0.29359,0.29327,0.29344,2444.2
2019-11-01 01:23:00,1572571380.0,0.2934,0.29347,0.29325,0.29334,19299.0
2019-11-01 01:24:00,1572571440.0,0.29328,0.29333,0.2932,0.29326,2532.4
2019-11-01 01:25:00,1572571500.0,0.29326,0.29339,0.29323,0.29324,8453.7
2019-11-01 01:26:00,1572571560.0,0.29324,0.29324,0.29277,0.29286,281806.2
2019-11-01 01:27:00,1572571620.0,0.29288,0.29303,0.29276,0.29284,6890.7
2019-11-01 01:28:00,1572571680.0,0.29288,0.29288,0.29268,0.29277,11454.6
2019-11-01 01:29:00,1572571740.0,0.29276,0.29299,0.29275,0.29299,25625.1
2019-11-01 01:30:00,1572571800.0,0.29294,0.29296,0.29279,0.29292,6042.1
2019-11-01 01:31:00,1572571860.0,0.29294,0.29298,0.29272,0.29281,10275.7
2019-11-01 01:32:00,1572571920.0,0.2928,0.29295,0.29266,0.2929,30719.1
2019-11-01 01:33:00,1572571980.0,0.2929,0.29304,0.29267,0.29293,61657.5
2019-11-01 01:34:00,1572572040.0,0.29284,0.29284,0.29266,0.29266,5477.0
2019-11-01 01:35:00,1572572100.0,0.29274,0.29274,0.29258,0.29273,110905.9
2019-11-01 01:36:00,1572572160.0,0.29274,0.29281,0.29244,0.29251,131453.2
2019-11-01 01:37:00,1572572220.0,0.29251,0.29263,0.29221,0.29228,238860.6
2019-11-01 01:38:00,1572572280.0,0.29228,0.2927,0.2922,0.29269,40270.2
2019-11-01 01:39:00,1572572340.0,0.29268,0.29313,0.29268,0.29304,37173.5
2019-11-01 01:40:00,1572572400.0,0.29304,0.29336,0.29299,0.2933,33526.0
2019-11-01 01:41:00,1572572460.0,0.2933,0.2933,0.29287,0.29319,24940.5
2019-11-01 01:42:00,1572572520.0,0.29314,0.29314,0.293,0.29303,3893.7
2019-11-01 01:43:00,1572572580.0,0.29304,0.29334,0.29304,0.29322,146802.9
2019-11-01 01:44:00,1572572640.0,0.29322,0.29334,0.29312,0.29312,16459.2
2019-11-01 01:45:00,1572572700.0,0.2931,0.29312,0.29288,0.29312,39003.7
2019-11-01 01:46:00,1572572760.0,0.29308,0.29308,0.29273,0.29276,14363.3
2019-11-01 01:47:00,1572572820.0,0.29269,0.29288,0.29251,0.29277,20197.5
2019-11-01 01:48:00,1572572880.0,0.29277,0.29285,0.29258,0.29259,15203.9
2019-11-01 01:49:00,1572572940.0,0.29259,0.29267,0.29237,0.29253,46743.7
2019-11-01 01:50:00,1572573000.0,0.29255,0.29286,0.29239,0.29251,40573.1
2019-11-01 01:51:00,1572573060.0,0.29255,0.29271,0.29243,0.29256,8395.3
2019-11-01 01:52:00,1572573120.0,0.2926,0.2927,0.29241,0.2927,56046.6
2019-11-01 01:53:00,1572573180.0,0.29273,0.29302,0.29271,0.29288,17945.9
2019-11-01 01:54:00,1572573240.0,0.29289,0.293,0.2926,0.29264,7294.9
2019-11-01 01:55:00,1572573300.0,0.29272,0.2929,0.29272,0.29276,2306.5
2019-11-01 01:56:00,1572573360.0,0.29286,0.29292,0.29254,0.29255,29009.1
2019-11-01 01:57:00,1572573420.0,0.29256,0.29267,0.2923,0.29264,45796.9
2019-11-01 01:58:00,1572573480.0,0.29274,0.29312,0.29274,0.29293,19513.0
2019-11-01 01:59:00,1572573540.0,0.29293,0.29293,0.2925,0.29251,37347.1
2019-11-01 02:00:00,1572573600.0,0.29246,0.29282,0.29244,0.29282,20389.1
2019-11-01 02:01:00,1572573660.0,0.29287,0.29296,0.29263,0.2929,33086.6
2019-11-01 02:02:00,1572573720.0,0.29291,0.293,0.29285,0.293,9366.2
2019-11-01 02:03:00,1572573780.0,0.29299,0.293,0.29277,0.29299,8936.0
2019-11-01 02:04:00,1572573840.0,0.293,0.29312,0.29296,0.29296,20252.5
2019-11-01 02:05:00,1572573900.0,0.29298,0.29317,0.29292,0.29313,43148.6
2019-11-01 02:06:00,1572573960.0,0.29304,0.29306,0.29261,0.2927,11570.7
2019-11-01 02:07:00,1572574020.0,0.29262,0.29266,0.29252,0.29266,13894.9
2019-11-01 02:08:00,1572574080.0,0.29261,0.29271,0.29241,0.29265,48911.6
2019-11-01 02:09:00,1572574140.0,0.29261,0.29272,0.29236,0.29265,31607.3
2019-11-01 02:10:00,1572574200.0,0.29258,0.29267,0.29235,0.29259,19694.6
2019-11-01 02:11:00,1572574260.0,0.29257,0.2926,0.29201,0.29202,35700.8
2019-11-01 02:12:00,1572574320.0,0.29211,0.29211,0.29155,0.29179,308473.0
2019-11-01 02:13:00,1572574380.0,0.29188,0.29206,0.29171,0.29171,46835.9
2019-11-01 02:14:00,1572574440.0,0.29171,0.29193,0.29149,0.29163,73964.5
2019-11-01 02:15:00,1572574500.0,0.29163,0.29194,0.29159,0.29186,95391.8
2019-11-01 02:16:00,1572574560.0,0.29185,0.2922,0.29051,0.29144,986942.1
2019-11-01 02:17:00,1572574620.0,0.29145,0.29187,0.29102,0.29174,215794.2
2019-11-01 02:18:00,1572574680.0,0.29181,0.29222,0.29181,0.29191,137914.8
2019-11-01 02:19:00,1572574740.0,0.29209,0.2925,0.29201,0.29241,55504.3
2019-11-01 02:20:00,1572574800.0,0.2924,0.29246,0.29191,0.29206,22704.3
2019-11-01 02:21:00,1572574860.0,0.29203,0.29239,0.29198,0.29219,66699.6
2019-11-01 02:22:00,1572574920.0,0.29209,0.29218,0.29185,0.2919,35242.1
2019-11-01 02:23:00,1572574980.0,0.2919,0.29214,0.2919,0.29191,7482.1
2019-11-01 02:24:00,1572575040.0,0.29191,0.29191,0.2915,0.29163,192186.1
2019-11-01 02:25:00,1572575100.0,0.29158,0.2916,0.29129,0.29135,40960.1
2019-11-01 02:26:00,1572575160.0,0.29135,0.29138,0.29115,0.29115,45239.0
2019-11-01 02:27:00,1572575220.0,0.29123,0.29158,0.2912,0.29132,32425.0
2019-11-01 02:28:00,1572575280.0,0.29136,0.29139,0.29112,0.29127,29563.6
2019-11-01 02:29:00,1572575340.0,0.29127,0.29175,0.29102,0.29175,152833.4
2019-11-01 02:30:00,1572575400.0,0.29176,0.29187,0.29142,0.29165,105638.4
2019-11-01 02:31:00,1572575460.0,0.29159,0.2917,0.29135,0.29161,61349.9
2019-11-01 02:32:00,1572575520.0,0.2917,0.29191,0.29155,0.29186,40768.7
2019-11-01 02:33:00,1572575580.0,0.29185,0.29215,0.29168,0.292,110215.8
2019-11-01 02:34:00,1572575640.0,0.292,0.29211,0.29192,0.29195,148304.4
2019-11-01 02:35:00,1572575700.0,0.29193,0.29208,0.2918,0.29206,77176.7
2019-11-01 02:36:00,1572575760.0,0.29213,0.2924,0.2921,0.29224,188729.2
2019-11-01 02:37:00,1572575820.0,0.29223,0.29224,0.29184,0.29187,33374.4
2019-11-01 02:38:00,1572575880.0,0.29187,0.29195,0.29166,0.29194,97111.8
2019-11-01 02:39:00,1572575940.0,0.29194,0.29207,0.29175,0.29207,57531.3
2019-11-01 02:40:00,1572576000.0,0.29202,0.2922,0.29202,0.29209,125448.6
2019-11-01 02:41:00,1572576060.0,0.29208,0.29216,0.29185,0.29216,44923.6
2019-11-01 02:42:00,1572576120.0,0.29215,0.29215,0.29204,0.29205,15883.9
2019-11-01 02:43:00,1572576180.0,0.29205,0.29222,0.292,0.29216,39775.6
2019-11-01 02:44:00,1572576240.0,0.29211,0.29224,0.29201,0.2921,5008.1
2019-11-01 02:45:00,1572576300.0,0.29206,0.29206,0.29159,0.29171,62193.4
2019-11-01 02:46:00,1572576360.0,0.29164,0.29213,0.29162,0.29194,76441.4
2019-11-01 02:47:00,1572576420.0,0.2918,0.29203,0.29167,0.29203,50184.5
2019-11-01 02:48:00,1572576480.0,0.29192,0.29201,0.29178,0.29198,37516.4
2019-11-01 02:49:00,1572576540.0,0.29194,0.29204,0.29182,0.29204,42043.8
2019-11-01 02:50:00,1572576600.0,0.29204,0.2923,0.29195,0.29224,169518.5
2019-11-01 02:51:00,1572576660.0,0.29223,0.29241,0.29212,0.2924,39378.7
2019-11-01 02:52:00,1572576720.0,0.29241,0.29268,0.29241,0.29264,81267.3
2019-11-01 02:53:00,1572576780.0,0.29264,0.29264,0.29228,0.29256,63203.1
2019-11-01 02:54:00,1572576840.0,0.29257,0.29308,0.29253,0.29294,109993.2
2019-11-01 02:55:00,1572576900.0,0.29294,0.29317,0.29268,0.29296,62825.8
2019-11-01 02:56:00,1572576960.0,0.29286,0.29375,0.29285,0.29362,180411.2
2019-11-01 02:57:00,1572577020.0,0.29362,0.29387,0.29349,0.29366,81397.8
2019-11-01 02:58:00,1572577080.0,0.29364,0.2939,0.29354,0.29376,35762.5
2019-11-01 02:59:00,1572577140.0,0.29388,0.29389,0.29364,0.29383,46730.2
2019-11-01 03:00:00,1572577200.0,0.29371,0.29377,0.2935,0.2935,35839.5
2019-11-01 03:01:00,1572577260.0,0.29352,0.29375,0.29352,0.29365,40708.4
2019-11-01 03:02:00,1572577320.0,0.29359,0.29378,0.29351,0.29373,61103.7
2019-11-01 03:03:00,1572577380.0,0.29378,0.29432,0.29378,0.29415,375268.4
2019-11-01 03:04:00,1572577440.0,0.29416,0.29432,0.29395,0.29402,45189.6
2019-11-01 03:05:00,1572577500.0,0.29402,0.29409,0.29374,0.29385,65476.8
2019-11-01 03:06:00,1572577560.0,0.29393,0.29394,0.29359,0.29381,19339.3
2019-11-01 03:07:00,1572577620.0,0.29369,0.29379,0.29356,0.29371,69952.8
2019-11-01 03:08:00,1572577680.0,0.2937,0.29372,0.29356,0.29357,6212.0
2019-11-01 03:09:00,1572577740.0,0.29357,0.29379,0.29357,0.29359,41240.7
2019-11-01 03:10:00,1572577800.0,0.29362,0.29368,0.2935,0.2936,47988.1
2019-11-01 03:11:00,1572577860.0,0.2936,0.2936,0.29351,0.29357,17622.2
2019-11-01 03:12:00,1572577920.0,0.29352,0.294,0.29351,0.29398,112094.0
2019-11-01 03:13:00,1572577980.0,0.29393,0.29398,0.29372,0.29372,59454.8
2019-11-01 03:14:00,1572578040.0,0.29368,0.2939,0.29358,0.2939,86130.8
2019-11-01 03:15:00,1572578100.0,0.29379,0.29383,0.2935,0.29367,224370.7
2019-11-01 03:16:00,1572578160.0,0.29363,0.29366,0.2935,0.29361,163211.7
2019-11-01 03:17:00,1572578220.0,0.29362,0.29365,0.29356,0.29365,52265.9
2019-11-01 03:18:00,1572578280.0,0.29362,0.29377,0.29362,0.29377,68340.5
2019-11-01 03:19:00,1572578340.0,0.29377,0.29383,0.29364,0.29373,118694.5
2019-11-01 03:20:00,1572578400.0,0.29369,0.29378,0.29362,0.29373,74583.5
2019-11-01 03:21:00,1572578460.0,0.29373,0.29377,0.29299,0.29312,283315.2
2019-11-01 03:22:00,1572578520.0,0.29301,0.2932,0.29286,0.293,289906.2
2019-11-01 03:23:00,1572578580.0,0.293,0.29308,0.29288,0.29295,34219.2
2019-11-01 03:24:00,1572578640.0,0.29303,0.29315,0.29286,0.29306,173728.1
2019-11-01 03:25:00,1572578700.0,0.29303,0.29303,0.29232,0.29256,272496.0
2019-11-01 03:26:00,1572578760.0,0.2925,0.29273,0.29243,0.29255,39843.7
2019-11-01 03:27:00,1572578820.0,0.2925,0.29284,0.29246,0.29283,28747.6
2019-11-01 03:28:00,1572578880.0,0.29282,0.29282,0.29233,0.29246,44005.6
2019-11-01 03:29:00,1572578940.0,0.29245,0.29254,0.29213,0.29254,200723.5
2019-11-01 03:30:00,1572579000.0,0.29256,0.29294,0.29254,0.29283,112515.1
2019-11-01 03:31:00,1572579060.0,0.29271,0.29295,0.29262,0.29276,24447.2
2019-11-01 03:32:00,1572579120.0,0.29272,0.29273,0.29247,0.29251,32846.0
2019-11-01 03:33:00,1572579180.0,0.29253,0.29276,0.29253,0.29275,12877.8
2019-11-01 03:34:00,1572579240.0,0.29275,0.29284,0.29275,0.29284,64240.3
2019-11-01 03:35:00,1572579300.0,0.29283,0.29283,0.29254,0.29261,170817.0
2019-11-01 03:36:00,1572579360.0,0.29256,0.29259,0.29233,0.29237,37708.7
2019-11-01 03:37:00,1572579420.0,0.29241,0.29274,0.29232,0.29263,109772.9
2019-11-01 03:38:00,1572579480.0,0.29263,0.29313,0.29253,0.29308,30789.7
2019-11-01 03:39:00,1572579540.0,0.29307,0.29323,0.29286,0.2929,19320.6
2019-11-01 03:40:00,1572579600.0,0.29282,0.29308,0.29281,0.29298,147975.3
2019-11-01 03:41:00,1572579660.0,0.29296,0.2931,0.29278,0.29299,128576.2
2019-11-01 03:42:00,1572579720.0,0.29297,0.29303,0.29268,0.29283,150786.9
2019-11-01 03:43:00,1572579780.0,0.29284,0.293,0.29264,0.29289,24588.9
2019-11-01 03:44:00,1572579840.0,0.29289,0.29292,0.29268,0.29268,15361.3
2019-11-01 03:45:00,1572579900.0,0.29289,0.293,0.29208,0.29219,597228.1
2019-11-01 03:46:00,1572579960.0,0.29232,0.29232,0.29158,0.29168,220724.7
2019-11-01 03:47:00,1572580020.0,0.2917,0.29178,0.29115,0.29144,548364.2
2019-11-01 03:48:00,1572580080.0,0.29144,0.29167,0.29109,0.29129,307501.7
2019-11-01 03:49:00,1572580140.0,0.29129,0.29132,0.29098,0.29102,198570.5
2019-11-01 03:50:00,1572580200.0,0.29114,0.29162,0.29106,0.29162,91023.1
2019-11-01 03:51:00,1572580260.0,0.29167,0.29168,0.29027,0.29114,1088147.4
2019-11-01 03:52:00,1572580320.0,0.29122,0.2913,0.29067,0.29084,151725.5
2019-11-01 03:53:00,1572580380.0,0.29077,0.291,0.29034,0.2905,153063.5
2019-11-01 03:54:00,1572580440.0,0.2905,0.29095,0.29035,0.29083,61840.1
2019-11-01 03:55:00,1572580500.0,0.29085,0.29095,0.29082,0.29089,116098.0
2019-11-01 03:56:00,1572580560.0,0.29094,0.29113,0.29081,0.29106,112141.8
2019-11-01 03:57:00,1572580620.0,0.29103,0.29112,0.29086,0.29087,73001.7
2019-11-01 03:58:00,1572580680.0,0.29088,0.2913,0.29088,0.29118,85521.0
2019-11-01 03:59:00,1572580740.0,0.29118,0.29125,0.29109,0.2911,36795.4
2019-11-01 04:00:00,1572580800.0,0.2911,0.29114,0.29088,0.29089,61021.5
2019-11-01 04:01:00,1572580860.0,0.29093,0.29093,0.29042,0.29073,70103.4
2019-11-01 04:02:00,1572580920.0,0.29065,0.29065,0.29041,0.29048,37051.3
2019-11-01 04:03:00,1572580980.0,0.29049,0.29083,0.2903,0.29072,97551.1
2019-11-01 04:04:00,1572581040.0,0.29075,0.29088,0.29065,0.29068,27673.9
2019-11-01 04:05:00,1572581100.0,0.29064,0.29106,0.29047,0.29096,210389.8
2019-11-01 04:06:00,1572581160.0,0.29096,0.2917,0.29095,0.29148,434466.0
2019-11-01 04:07:00,1572581220.0,0.29141,0.29156,0.2912,0.29123,48607.8
2019-11-01 04:08:00,1572581280.0,0.29123,0.29138,0.29114,0.29132,56920.1
2019-11-01 04:09:00,1572581340.0,0.29123,0.29127,0.29084,0.29084,141015.9
2019-11-01 04:10:00,1572581400.0,0.2908,0.2912,0.29066,0.29105,242456.7
2019-11-01 04:11:00,1572581460.0,0.29107,0.29117,0.29089,0.29108,59473.0
2019-11-01 04:12:00,1572581520.0,0.29108,0.29108,0.29077,0.29077,13628.9
2019-11-01 04:13:00,1572581580.0,0.2908,0.2909,0.29061,0.29065,63176.1
2019-11-01 04:14:00,1572581640.0,0.2907,0.29074,0.2904,0.29062,168948.1
2019-11-01 04:15:00,1572581700.0,0.29061,0.29075,0.2904,0.29052,84324.2
2019-11-01 04:16:00,1572581760.0,0.29051,0.29092,0.29048,0.2909,85624.4
2019-11-01 04:17:00,1572581820.0,0.29085,0.29094,0.29048,0.2907,208760.5
2019-11-01 04:18:00,1572581880.0,0.29069,0.2907,0.29042,0.29066,70336.8
2019-11-01 04:19:00,1572581940.0,0.29065,0.29092,0.2906,0.29076,153455.4
2019-11-01 04:20:00,1572582000.0,0.29075,0.29077,0.29045,0.29056,145708.7
2019-11-01 04:21:00,1572582060.0,0.29071,0.29087,0.29052,0.29052,69741.4
2019-11-01 04:22:00,1572582120.0,0.29073,0.29073,0.29054,0.29061,968.1
2019-11-01 04:23:00,1572582180.0,0.29061,0.29095,0.29059,0.29079,46013.6
2019-11-01 04:24:00,1572582240.0,0.29078,0.29082,0.29064,0.29065,25199.2
2019-11-01 04:25:00,1572582300.0,0.29064,0.29075,0.29064,0.29075,11990.3
2019-11-01 04:26:00,1572582360.0,0.29073,0.29084,0.29068,0.29078,61678.3
2019-11-01 04:27:00,1572582420.0,0.29076,0.29113,0.29055,0.29088,200935.9
2019-11-01 04:28:00,1572582480.0,0.29077,0.29082,0.29054,0.29064,58513.2
2019-11-01 04:29:00,1572582540.0,0.29064,0.29064,0.29042,0.29055,23585.7
2019-11-01 04:30:00,1572582600.0,0.2906,0.29072,0.29042,0.2906,87956.7
2019-11-01 04:31:00,1572582660.0,0.29058,0.29088,0.2905,0.2908,83237.1
2019-11-01 04:32:00,1572582720.0,0.29087,0.29103,0.29073,0.29093,60175.8
2019-11-01 04:33:00,1572582780.0,0.29083,0.291,0.29082,0.29084,96404.6
2019-11-01 04:34:00,1572582840.0,0.29087,0.2909,0.29039,0.29055,92452.9
2019-11-01 04:35:00,1572582900.0,0.29055,0.29092,0.29055,0.29092,40954.1
2019-11-01 04:36:00,1572582960.0,0.29082,0.29095,0.29082,0.29082,14530.2
2019-11-01 04:37:00,1572583020.0,0.29083,0.29085,0.29061,0.29075,21792.8
2019-11-01 04:38:00,1572583080.0,0.29075,0.29075,0.29061,0.29065,41882.0
2019-11-01 04:39:00,1572583140.0,0.29065,0.29075,0.29055,0.29065,24419.8
2019-11-01 04:40:00,1572583200.0,0.29066,0.29066,0.29059,0.29065,30741.8
2019-11-01 04:41:00,1572583260.0,0.29065,0.29095,0.29064,0.29088,96729.5
2019-11-01 04:42:00,1572583320.0,0.29084,0.29087,0.29083,0.29087,37398.0
2019-11-01 04:43:00,1572583380.0,0.29084,0.29092,0.29082,0.29092,39379.5
2019-11-01 04:44:00,1572583440.0,0.29097,0.29097,0.29063,0.29071,38139.2
2019-11-01 04:45:00,1572583500.0,0.29071,0.29088,0.29062,0.29088,74085.3
2019-11-01 04:46:00,1572583560.0,0.29095,0.29127,0.29095,0.29119,23667.3
2019-11-01 04:47:00,1572583620.0,0.29124,0.29145,0.29121,0.2914,19956.3
2019-11-01 04:48:00,1572583680.0,0.29141,0.29141,0.29105,0.29111,17697.7
2019-11-01 04:49:00,1572583740.0,0.29106,0.29145,0.29106,0.29144,32103.3
2019-11-01 04:50:00,1572583800.0,0.29145,0.29148,0.29112,0.29112,57529.3
2019-11-01 04:51:00,1572583860.0,0.29112,0.29126,0.29097,0.29108,59138.7
2019-11-01 04:52:00,1572583920.0,0.29106,0.29135,0.29104,0.29114,137217.8
2019-11-01 04:53:00,1572583980.0,0.29108,0.29115,0.29095,0.29115,218991.3
2019-11-01 04:54:00,1572584040.0,0.29115,0.29132,0.29108,0.29113,13838.4
2019-11-01 04:55:00,1572584100.0,0.29109,0.29112,0.291,0.2911,15016.8
2019-11-01 04:56:00,1572584160.0,0.29107,0.2913,0.29106,0.29109,20645.6
2019-11-01 04:57:00,1572584220.0,0.29105,0.29131,0.29094,0.29115,36754.0
2019-11-01 04:58:00,1572584280.0,0.29114,0.29129,0.29109,0.29114,65182.5
2019-11-01 04:59:00,1572584340.0,0.29124,0.29129,0.29104,0.29104,34796.5
2019-11-01 05:00:00,1572584400.0,0.29104,0.29123,0.29099,0.29107,22066.1
2019-11-01 05:01:00,1572584460.0,0.29108,0.29128,0.29096,0.29106,19166.8
2019-11-01 05:02:00,1572584520.0,0.29105,0.29126,0.29091,0.29126,73874.1
2019-11-01 05:03:00,1572584580.0,0.29133,0.29151,0.29117,0.29138,49609.8
2019-11-01 05:04:00,1572584640.0,0.29139,0.29162,0.29139,0.29156,83634.2
2019-11-01 05:05:00,1572584700.0,0.29156,0.29218,0.29154,0.29217,106477.7
2019-11-01 05:06:00,1572584760.0,0.29212,0.29214,0.29179,0.2918,108139.1
2019-11-01 05:07:00,1572584820.0,0.29184,0.29199,0.29169,0.29193,85881.3
2019-11-01 05:08:00,1572584880.0,0.29192,0.29201,0.29167,0.29174,23331.7
2019-11-01 05:09:00,1572584940.0,0.29161,0.29178,0.2915,0.29162,12962.2
2019-11-01 05:10:00,1572585000.0,0.29158,0.29158,0.29124,0.29136,22903.7
2019-11-01 05:11:00,1572585060.0,0.29139,0.29194,0.29123,0.29181,122613.0
2019-11-01 05:12:00,1572585120.0,0.29181,0.29187,0.29161,0.29184,42610.7
2019-11-01 05:13:00,1572585180.0,0.29183,0.29186,0.2917,0.29184,64250.9
2019-11-01 05:14:00,1572585240.0,0.29184,0.292,0.29173,0.29178,37554.3
2019-11-01 05:15:00,1572585300.0,0.2918,0.292,0.2918,0.29193,24006.8
2019-11-01 05:16:00,1572585360.0,0.29186,0.29193,0.29182,0.29193,1812.4
2019-11-01 05:17:00,1572585420.0,0.29188,0.29192,0.29157,0.29157,16424.3
2019-11-01 05:18:00,1572585480.0,0.29158,0.29174,0.29147,0.29168,10077.5
2019-11-01 05:19:00,1572585540.0,0.29163,0.29168,0.29156,0.29168,13961.8
2019-11-01 05:20:00,1572585600.0,0.29168,0.292,0.29164,0.29198,30591.1
2019-11-01 05:21:00,1572585660.0,0.29196,0.29217,0.2918,0.292,30639.7
2019-11-01 05:22:00,1572585720.0,0.29196,0.29217,0.29195,0.29205,214429.0
2019-11-01 05:23:00,1572585780.0,0.29206,0.29213,0.29197,0.29212,57629.5
2019-11-01 05:24:00,1572585840.0,0.29211,0.29223,0.29208,0.29215,11984.3
2019-11-01 05:25:00,1572585900.0,0.2921,0.29222,0.29197,0.2921,10267.4
2019-11-01 05:26:00,1572585960.0,0.29211,0.29232,0.2921,0.29228,45378.8
2019-11-01 05:27:00,1572586020.0,0.29223,0.29223,0.29197,0.29203,77044.5
2019-11-01 05:28:00,1572586080.0,0.29202,0.29202,0.29171,0.29177,46740.9
2019-11-01 05:29:00,1572586140.0,0.29177,0.29181,0.29159,0.29181,10727.3
2019-11-01 05:30:00,1572586200.0,0.29181,0.29181,0.29156,0.29156,22558.8
2019-11-01 05:31:00,1572586260.0,0.29157,0.29181,0.2915,0.2916,61138.1
2019-11-01 05:32:00,1572586320.0,0.29175,0.29178,0.2915,0.29163,21527.5
2019-11-01 05:33:00,1572586380.0,0.29169,0.29175,0.29146,0.29151,28595.5
2019-11-01 05:34:00,1572586440.0,0.29158,0.29167,0.29147,0.29153,2591.3
2019-11-01 05:35:00,1572586500.0,0.29153,0.29153,0.29146,0.29151,19672.7
2019-11-01 05:36:00,1572586560.0,0.29151,0.29176,0.29148,0.29159,24991.2
2019-11-01 05:37:00,1572586620.0,0.29165,0.29172,0.29147,0.29166,8971.3
2019-11-01 05:38:00,1572586680.0,0.29161,0.29166,0.29146,0.29151,16182.6
2019-11-01 05:39:00,1572586740.0,0.29151,0.29155,0.29135,0.29135,22208.5
2019-11-01 05:40:00,1572586800.0,0.2914,0.29151,0.29133,0.29147,7191.3
2019-11-01 05:41:00,1572586860.0,0.29148,0.29159,0.29137,0.29143,1248.5
2019-11-01 05:42:00,1572586920.0,0.29143,0.29154,0.29136,0.29154,11113.6
2019-11-01 05:43:00,1572586980.0,0.29151,0.29159,0.2914,0.2914,17680.6
2019-11-01 05:44:00,1572587040.0,0.29145,0.29147,0.29122,0.29135,94981.3
2019-11-01 05:45:00,1572587100.0,0.29139,0.29157,0.29139,0.29144,26803.9
2019-11-01 05:46:00,1572587160.0,0.29149,0.29157,0.29129,0.29156,7154.6
2019-11-01 05:47:00,1572587220.0,0.29141,0.29167,0.29131,0.29163,13887.3
2019-11-01 05:48:00,1572587280.0,0.29147,0.29154,0.29146,0.29148,863.8
2019-11-01 05:49:00,1572587340.0,0.29148,0.2915,0.29131,0.29139,20038.9
2019-11-01 05:50:00,1572587400.0,0.2914,0.2917,0.29135,0.29143,17974.2
2019-11-01 05:51:00,1572587460.0,0.29154,0.2916,0.29133,0.29133,41453.8
2019-11-01 05:52:00,1572587520.0,0.29147,0.29163,0.29132,0.29144,6577.3
2019-11-01 05:53:00,1572587580.0,0.29151,0.29159,0.29148,0.29148,6361.7
2019-11-01 05:54:00,1572587640.0,0.29148,0.2915,0.29122,0.29137,52765.2
2019-11-01 05:55:00,1572587700.0,0.29134,0.29136,0.29118,0.29126,146471.1
2019-11-01 05:56:00,1572587760.0,0.29119,0.29139,0.29118,0.29129,23064.2
2019-11-01 05:57:00,1572587820.0,0.29129,0.29146,0.29122,0.2913,332296.1
2019-11-01 05:58:00,1572587880.0,0.29125,0.29141,0.29125,0.29128,22836.0
2019-11-01 05:59:00,1572587940.0,0.29129,0.29135,0.29125,0.29127,27220.9
2019-11-01 06:00:00,1572588000.0,0.29128,0.29142,0.29126,0.29135,15432.0
2019-11-01 06:01:00,1572588060.0,0.29135,0.29146,0.2912,0.2913,111404.3
2019-11-01 06:02:00,1572588120.0,0.29128,0.29128,0.2912,0.29122,87407.3
2019-11-01 06:03:00,1572588180.0,0.29121,0.29136,0.29107,0.29121,169580.9
2019-11-01 06:04:00,1572588240.0,0.29122,0.29123,0.29107,0.29122,56768.5
2019-11-01 06:05:00,1572588300.0,0.29122,0.29133,0.29119,0.2912,13998.1
2019-11-01 06:06:00,1572588360.0,0.29121,0.29137,0.29109,0.29121,135452.8
2019-11-01 06:07:00,1572588420.0,0.29125,0.29127,0.29111,0.29121,45254.3
2019-11-01 06:08:00,1572588480.0,0.29125,0.29136,0.29112,0.29116,129475.4
2019-11-01 06:09:00,1572588540.0,0.29119,0.29128,0.29108,0.29123,111998.6
2019-11-01 06:10:00,1572588600.0,0.29115,0.29132,0.29115,0.29127,113062.4
2019-11-01 06:11:00,1572588660.0,0.29124,0.2914,0.29117,0.29139,76607.3
2019-11-01 06:12:00,1572588720.0,0.29142,0.2919,0.29132,0.29169,141301.5
2019-11-01 06:13:00,1572588780.0,0.29169,0.2919,0.29161,0.2919,14201.3
2019-11-01 06:14:00,1572588840.0,0.2919,0.29212,0.29169,0.29205,28994.4
2019-11-01 06:15:00,1572588900.0,0.29207,0.29263,0.29198,0.29246,227658.7
2019-11-01 06:16:00,1572588960.0,0.29254,0.29254,0.292,0.29203,7492.9
2019-11-01 06:17:00,1572589020.0,0.2921,0.29223,0.29185,0.29215,63530.6
2019-11-01 06:18:00,1572589080.0,0.29212,0.29259,0.29211,0.2925,82404.2
2019-11-01 06:19:00,1572589140.0,0.29244,0.29244,0.29198,0.29236,57961.2
2019-11-01 06:20:00,1572589200.0,0.29236,0.2924,0.292,0.292,304561.6
2019-11-01 06:21:00,1572589260.0,0.29206,0.2922,0.29194,0.29201,14409.8
2019-11-01 06:22:00,1572589320.0,0.29194,0.29209,0.29181,0.29196,18258.4
2019-11-01 06:23:00,1572589380.0,0.29195,0.29219,0.29191,0.29203,18740.8
2019-11-01 06:24:00,1572589440.0,0.29197,0.29203,0.29196,0.29203,18871.9
2019-11-01 06:25:00,1572589500.0,0.29203,0.29214,0.29189,0.29207,51298.2
2019-11-01 06:26:00,1572589560.0,0.29207,0.29221,0.29183,0.29204,3734.7
2019-11-01 06:27:00,1572589620.0,0.29204,0.29225,0.2919,0.29211,14313.3
2019-11-01 06:28:00,1572589680.0,0.29215,0.29221,0.29194,0.29221,927.0
2019-11-01 06:29:00,1572589740.0,0.29217,0.29237,0.2921,0.29227,11357.9
2019-11-01 06:30:00,1572589800.0,0.29229,0.29235,0.29216,0.29234,17603.5
2019-11-01 06:31:00,1572589860.0,0.29229,0.29239,0.29205,0.29224,77875.7
2019-11-01 06:32:00,1572589920.0,0.29219,0.29234,0.2921,0.29234,27168.1
2019-11-01 06:33:00,1572589980.0,0.29228,0.29228,0.29201,0.29209,32363.6
2019-11-01 06:34:00,1572590040.0,0.29209,0.29235,0.29208,0.29234,105292.4
2019-11-01 06:35:00,1572590100.0,0.29233,0.29238,0.29215,0.2922,11175.1
2019-11-01 06:36:00,1572590160.0,0.29213,0.29251,0.29213,0.29229,24088.1
2019-11-01 06:37:00,1572590220.0,0.29227,0.29239,0.2922,0.29234,105891.5
2019-11-01 06:38:00,1572590280.0,0.29238,0.29238,0.29232,0.29237,22324.4
2019-11-01 06:39:00,1572590340.0,0.29236,0.29236,0.29221,0.29231,57297.7
2019-11-01 06:40:00,1572590400.0,0.29231,0.29252,0.29231,0.2925,68056.2
2019-11-01 06:41:00,1572590460.0,0.2925,0.29265,0.29236,0.29255,18307.8
2019-11-01 06:42:00,1572590520.0,0.29255,0.29267,0.29237,0.29244,77376.1
2019-11-01 06:43:00,1572590580.0,0.29248,0.29255,0.29225,0.29249,11983.2
2019-11-01 06:44:00,1572590640.0,0.29248,0.2926,0.29231,0.2924,9262.4
2019-11-01 06:45:00,1572590700.0,0.2924,0.29266,0.29236,0.29259,4184.1
2019-11-01 06:46:00,1572590760.0,0.29262,0.29267,0.29234,0.29234,37838.7
2019-11-01 06:47:00,1572590820.0,0.29234,0.29234,0.29193,0.29194,116492.8
2019-11-01 06:48:00,1572590880.0,0.29192,0.29211,0.29186,0.29187,22172.6
2019-11-01 06:49:00,1572590940.0,0.29187,0.29187,0.29169,0.29175,36781.2
2019-11-01 06:50:00,1572591000.0,0.29174,0.29175,0.29153,0.29154,62406.7
2019-11-01 06:51:00,1572591060.0,0.29163,0.29173,0.29154,0.29155,32424.5
2019-11-01 06:52:00,1572591120.0,0.29156,0.29166,0.29156,0.29162,11743.5
2019-11-01 06:53:00,1572591180.0,0.29161,0.29204,0.29151,0.29155,127452.7
2019-11-01 06:54:00,1572591240.0,0.29156,0.29158,0.29138,0.29142,7755.5
2019-11-01 06:55:00,1572591300.0,0.29154,0.29163,0.29138,0.29143,78061.5
2019-11-01 06:56:00,1572591360.0,0.29146,0.29178,0.29138,0.29167,18868.1
2019-11-01 06:57:00,1572591420.0,0.29167,0.29192,0.29152,0.29184,86769.8
2019-11-01 06:58:00,1572591480.0,0.29187,0.2919,0.29172,0.29172,12940.7
2019-11-01 06:59:00,1572591540.0,0.29174,0.29196,0.29174,0.29189,60560.2
2019-11-01 07:00:00,1572591600.0,0.29191,0.29191,0.2912,0.2912,145845.0
2019-11-01 07:01:00,1572591660.0,0.29125,0.2915,0.2912,0.29121,87698.7
2019-11-01 07:02:00,1572591720.0,0.29123,0.29142,0.2908,0.29106,283406.1
2019-11-01 07:03:00,1572591780.0,0.29105,0.29128,0.29097,0.29115,20174.3
2019-11-01 07:04:00,1572591840.0,0.2912,0.29129,0.29109,0.29123,40291.6
2019-11-01 07:05:00,1572591900.0,0.29124,0.29129,0.29105,0.29109,57130.3
2019-11-01 07:06:00,1572591960.0,0.2911,0.29122,0.2908,0.29102,132969.0
2019-11-01 07:07:00,1572592020.0,0.29108,0.29126,0.29105,0.29108,3213.3
2019-11-01 07:08:00,1572592080.0,0.29109,0.29118,0.29104,0.29111,15438.3
2019-11-01 07:09:00,1572592140.0,0.29109,0.2911,0.29104,0.29107,9052.5
2019-11-01 07:10:00,1572592200.0,0.29118,0.29118,0.29107,0.29112,16231.9
2019-11-01 07:11:00,1572592260.0,0.29112,0.29118,0.29102,0.29102,16763.4
2019-11-01 07:12:00,1572592320.0,0.29101,0.29126,0.291,0.29126,55732.7
2019-11-01 07:13:00,1572592380.0,0.29126,0.29126,0.291,0.29121,27603.2
2019-11-01 07:14:00,1572592440.0,0.2911,0.29123,0.29102,0.29111,5049.8
2019-11-01 07:15:00,1572592500.0,0.29114,0.29126,0.2911,0.29118,118762.9
2019-11-01 07:16:00,1572592560.0,0.29118,0.29118,0.2911,0.2911,20665.2
2019-11-01 07:17:00,1572592620.0,0.29126,0.29141,0.29109,0.29141,80559.8
2019-11-01 07:18:00,1572592680.0,0.2914,0.29148,0.29115,0.29117,50902.7
2019-11-01 07:19:00,1572592740.0,0.29117,0.29136,0.2911,0.2911,57455.5
2019-11-01 07:20:00,1572592800.0,0.29115,0.29142,0.29115,0.29128,15786.4
2019-11-01 07:21:00,1572592860.0,0.29126,0.29134,0.29121,0.29127,22011.0
2019-11-01 07:22:00,1572592920.0,0.29119,0.29125,0.29116,0.29118,42312.7
2019-11-01 07:23:00,1572592980.0,0.29118,0.2912,0.29117,0.29117,15793.6
2019-11-01 07:24:00,1572593040.0,0.29117,0.2912,0.2911,0.2912,87853.0
2019-11-01 07:25:00,1572593100.0,0.2912,0.2912,0.29102,0.29111,43598.4
2019-11-01 07:26:00,1572593160.0,0.29114,0.29114,0.29088,0.29106,30536.7
2019-11-01 07:27:00,1572593220.0,0.29108,0.29108,0.29089,0.29101,19260.8
2019-11-01 07:28:00,1572593280.0,0.29096,0.29106,0.29088,0.29092,67447.6
2019-11-01 07:29:00,1572593340.0,0.29092,0.29098,0.2908,0.2908,10811.7
2019-11-01 07:30:00,1572593400.0,0.29083,0.29094,0.29077,0.29084,84874.2
2019-11-01 07:31:00,1572593460.0,0.2909,0.2909,0.2907,0.2907,23915.1
2019-11-01 07:32:00,1572593520.0,0.2907,0.2909,0.29048,0.29067,124792.8
2019-11-01 07:33:00,1572593580.0,0.29084,0.29116,0.2907,0.29116,112660.5
2019-11-01 07:34:00,1572593640.0,0.29113,0.29116,0.29095,0.29105,28269.4
2019-11-01 07:35:00,1572593700.0,0.29108,0.29116,0.29083,0.29104,22648.8
2019-11-01 07:36:00,1572593760.0,0.291,0.29108,0.29077,0.29079,17509.0
2019-11-01 07:37:00,1572593820.0,0.29084,0.29092,0.29084,0.29089,35568.3
2019-11-01 07:38:00,1572593880.0,0.29086,0.29092,0.29081,0.29086,44075.1
2019-11-01 07:39:00,1572593940.0,0.29082,0.29086,0.29082,0.29086,6150.3
2019-11-01 07:40:00,1572594000.0,0.29084,0.29087,0.29072,0.29075,77397.4
2019-11-01 07:41:00,1572594060.0,0.29072,0.29072,0.29041,0.29053,42799.2
2019-11-01 07:42:00,1572594120.0,0.29052,0.29057,0.2904,0.29057,16384.2
2019-11-01 07:43:00,1572594180.0,0.29055,0.29057,0.29044,0.29044,16988.2
2019-11-01 07:44:00,1572594240.0,0.29042,0.29051,0.29016,0.29036,124777.3
2019-11-01 07:45:00,1572594300.0,0.29035,0.29047,0.29035,0.29042,10943.3
2019-11-01 07:46:00,1572594360.0,0.2904,0.2905,0.29031,0.29049,5363.4
2019-11-01 07:47:00,1572594420.0,0.29049,0.2905,0.2903,0.29037,38065.4
2019-11-01 07:48:00,1572594480.0,0.29036,0.29055,0.29036,0.29053,43680.5
2019-11-01 07:49:00,1572594540.0,0.29055,0.29057,0.29043,0.29043,38035.0
2019-11-01 07:50:00,1572594600.0,0.29043,0.29057,0.29036,0.29054,33238.3
2019-11-01 07:51:00,1572594660.0,0.29054,0.29054,0.29038,0.29042,10313.8
2019-11-01 07:52:00,1572594720.0,0.29039,0.29058,0.29038,0.2905,19651.4
2019-11-01 07:53:00,1572594780.0,0.29055,0.29069,0.29051,0.2906,33385.6
2019-11-01 07:54:00,1572594840.0,0.29058,0.29078,0.29058,0.29077,43307.3
2019-11-01 07:55:00,1572594900.0,0.29077,0.29089,0.2907,0.29083,54463.5
2019-11-01 07:56:00,1572594960.0,0.29081,0.29081,0.29056,0.29068,64164.8
2019-11-01 07:57:00,1572595020.0,0.29068,0.29075,0.29064,0.2907,19922.5
2019-11-01 07:58:00,1572595080.0,0.29068,0.29068,0.2906,0.2906,29787.6
2019-11-01 07:59:00,1572595140.0,0.29061,0.29098,0.29061,0.2909,42851.0
2019-11-01 08:00:00,1572595200.0,0.2909,0.29091,0.29064,0.29079,89166.0
2019-11-01 08:01:00,1572595260.0,0.29084,0.29092,0.29079,0.2909,12123.9
2019-11-01 08:02:00,1572595320.0,0.29091,0.29091,0.29065,0.29065,114712.2
2019-11-01 08:03:00,1572595380.0,0.29065,0.29065,0.29041,0.29049,100437.9
2019-11-01 08:04:00,1572595440.0,0.29049,0.29063,0.29041,0.29059,19668.9
2019-11-01 08:05:00,1572595500.0,0.29059,0.29099,0.29041,0.29093,250430.4
2019-11-01 08:06:00,1572595560.0,0.29092,0.29149,0.29087,0.29146,146793.7
2019-11-01 08:07:00,1572595620.0,0.29143,0.29165,0.29139,0.2916,94472.0
2019-11-01 08:08:00,1572595680.0,0.2916,0.29172,0.29147,0.29155,21700.8
2019-11-01 08:09:00,1572595740.0,0.29151,0.29157,0.29142,0.29153,48057.5
2019-11-01 08:10:00,1572595800.0,0.29153,0.29153,0.29136,0.29136,67672.1
2019-11-01 08:11:00,1572595860.0,0.29146,0.29172,0.29146,0.29159,141015.5
2019-11-01 08:12:00,1572595920.0,0.29164,0.29216,0.29159,0.29216,85014.6
2019-11-01 08:13:00,1572595980.0,0.29223,0.29259,0.29216,0.29231,157216.6
2019-11-01 08:14:00,1572596040.0,0.29232,0.29238,0.29193,0.29212,86456.8
2019-11-01 08:15:00,1572596100.0,0.29212,0.29212,0.2918,0.29207,26942.3
2019-11-01 08:16:00,1572596160.0,0.292,0.29227,0.292,0.29204,24481.3
2019-11-01 08:17:00,1572596220.0,0.29205,0.29233,0.29203,0.29216,20689.7
2019-11-01 08:18:00,1572596280.0,0.2922,0.29227,0.2919,0.29203,16375.2
2019-11-01 08:19:00,1572596340.0,0.29202,0.29202,0.29175,0.29175,14543.6
2019-11-01 08:20:00,1572596400.0,0.29174,0.29181,0.2915,0.2916,59361.7
2019-11-01 08:21:00,1572596460.0,0.29161,0.29219,0.29161,0.29206,322431.6
2019-11-01 08:22:00,1572596520.0,0.29207,0.29214,0.29181,0.29181,70992.5
2019-11-01 08:23:00,1572596580.0,0.29184,0.29196,0.29171,0.29176,32671.0
2019-11-01 08:24:00,1572596640.0,0.29174,0.29192,0.29153,0.29167,17575.8
2019-11-01 08:25:00,1572596700.0,0.29167,0.29188,0.29149,0.29149,28004.6
2019-11-01 08:26:00,1572596760.0,0.29148,0.29154,0.29132,0.29144,33486.8
2019-11-01 08:27:00,1572596820.0,0.29145,0.29196,0.29145,0.29184,39895.5
2019-11-01 08:28:00,1572596880.0,0.2919,0.29222,0.29163,0.29163,45501.1
2019-11-01 08:29:00,1572596940.0,0.29169,0.29216,0.29167,0.2921,20221.0
2019-11-01 08:30:00,1572597000.0,0.29209,0.29209,0.29159,0.2918,74547.6
2019-11-01 08:31:00,1572597060.0,0.2918,0.2918,0.29158,0.29158,40589.9
2019-11-01 08:32:00,1572597120.0,0.29158,0.29169,0.29155,0.2916,8895.4
2019-11-01 08:33:00,1572597180.0,0.29162,0.29168,0.2915,0.2916,47856.7
2019-11-01 08:34:00,1572597240.0,0.29156,0.2916,0.29152,0.29158,6510.5
2019-11-01 08:35:00,1572597300.0,0.29157,0.29167,0.29146,0.2916,10345.4
2019-11-01 08:36:00,1572597360.0,0.29152,0.29166,0.29139,0.29164,39172.1
2019-11-01 08:37:00,1572597420.0,0.29162,0.29194,0.29151,0.29154,212810.7
2019-11-01 08:38:00,1572597480.0,0.29155,0.29199,0.29151,0.2919,30021.9
2019-11-01 08:39:00,1572597540.0,0.29183,0.29208,0.29153,0.29165,187331.0
2019-11-01 08:40:00,1572597600.0,0.29164,0.29174,0.29151,0.29164,27175.7
2019-11-01 08:41:00,1572597660.0,0.29167,0.29178,0.29159,0.29159,16570.4
2019-11-01 08:42:00,1572597720.0,0.29167,0.29173,0.29121,0.29131,161452.3
2019-11-01 08:43:00,1572597780.0,0.29125,0.29129,0.29086,0.29105,171075.2
2019-11-01 08:44:00,1572597840.0,0.291,0.2912,0.29091,0.29092,93263.6
2019-11-01 08:45:00,1572597900.0,0.29101,0.29112,0.2908,0.29099,67278.6
2019-11-01 08:46:00,1572597960.0,0.29101,0.29101,0.29065,0.2907,155813.0
2019-11-01 08:47:00,1572598020.0,0.29074,0.29077,0.29065,0.29067,12933.0
2019-11-01 08:48:00,1572598080.0,0.29071,0.29078,0.29055,0.29071,65054.4
2019-11-01 08:49:00,1572598140.0,0.29072,0.29072,0.2907,0.29072,22712.5
2019-11-01 08:50:00,1572598200.0,0.29072,0.29085,0.29059,0.29083,122075.3
2019-11-01 08:51:00,1572598260.0,0.29095,0.29095,0.29062,0.29078,11782.8
2019-11-01 08:52:00,1572598320.0,0.29076,0.29086,0.29061,0.2907,16241.5
2019-11-01 08:53:00,1572598380.0,0.29072,0.29083,0.29072,0.29081,2429.3
2019-11-01 08:54:00,1572598440.0,0.29083,0.29083,0.29065,0.29065,32442.1
2019-11-01 08:55:00,1572598500.0,0.29071,0.29105,0.29071,0.29105,70053.6
2019-11-01 08:56:00,1572598560.0,0.291,0.29156,0.291,0.29138,36494.9
2019-11-01 08:57:00,1572598620.0,0.29143,0.29152,0.29107,0.29116,33678.0
2019-11-01 08:58:00,1572598680.0,0.29122,0.29128,0.29085,0.29113,73643.4
2019-11-01 08:59:00,1572598740.0,0.2912,0.2914,0.29113,0.29137,20455.8
2019-11-01 09:00:00,1572598800.0,0.29135,0.2914,0.29117,0.29118,12714.3
2019-11-01 09:01:00,1572598860.0,0.29118,0.29143,0.29105,0.2913,59955.6
2019-11-01 09:02:00,1572598920.0,0.2913,0.29161,0.29108,0.29116,109558.6
2019-11-01 09:03:00,1572598980.0,0.29116,0.29117,0.29098,0.29098,33622.8
2019-11-01 09:04:00,1572599040.0,0.29094,0.29102,0.29068,0.29075,41410.3
2019-11-01 09:05:00,1572599100.0,0.29073,0.29089,0.29069,0.2908,850.7
2019-11-01 09:06:00,1572599160.0,0.29081,0.29107,0.2908,0.29091,29006.9
2019-11-01 09:07:00,1572599220.0,0.29083,0.29107,0.29082,0.29099,3360.1
2019-11-01 09:08:00,1572599280.0,0.291,0.29107,0.29066,0.29082,186004.4
2019-11-01 09:09:00,1572599340.0,0.29089,0.29102,0.29078,0.29083,22307.2
2019-11-01 09:10:00,1572599400.0,0.29083,0.291,0.29066,0.29066,44952.6
2019-11-01 09:11:00,1572599460.0,0.29065,0.29066,0.29012,0.29015,197436.1
2019-11-01 09:12:00,1572599520.0,0.29022,0.29025,0.28972,0.28992,463334.7
2019-11-01 09:13:00,1572599580.0,0.28991,0.29007,0.28976,0.28986,56337.0
2019-11-01 09:14:00,1572599640.0,0.28987,0.29002,0.28979,0.28995,54038.8
2019-11-01 09:15:00,1572599700.0,0.28995,0.29024,0.2899,0.29016,82004.3
2019-11-01 09:16:00,1572599760.0,0.29022,0.29037,0.29002,0.29021,30970.1
2019-11-01 09:17:00,1572599820.0,0.2902,0.29029,0.29002,0.29002,83205.0
2019-11-01 09:18:00,1572599880.0,0.29002,0.29014,0.28992,0.29004,52326.9
2019-11-01 09:19:00,1572599940.0,0.29002,0.2901,0.28982,0.29007,215564.1
2019-11-01 09:20:00,1572600000.0,0.29009,0.29018,0.2899,0.29,34776.7
2019-11-01 09:21:00,1572600060.0,0.28993,0.29016,0.28993,0.29,15473.7
2019-11-01 09:22:00,1572600120.0,0.29005,0.29013,0.28992,0.29009,48132.1
2019-11-01 09:23:00,1572600180.0,0.29009,0.29027,0.29007,0.29027,42234.8
2019-11-01 09:24:00,1572600240.0,0.29027,0.29038,0.29027,0.29036,7822.8
2019-11-01 09:25:00,1572600300.0,0.29036,0.29041,0.29008,0.29033,30130.1
2019-11-01 09:26:00,1572600360.0,0.29032,0.29036,0.29018,0.29018,36564.0
2019-11-01 09:27:00,1572600420.0,0.29016,0.29022,0.28975,0.28991,180257.6
2019-11-01 09:28:00,1572600480.0,0.28996,0.29008,0.28977,0.28991,36556.5
2019-11-01 09:29:00,1572600540.0,0.28991,0.28997,0.28977,0.28978,13044.1
2019-11-01 09:30:00,1572600600.0,0.28978,0.28998,0.28973,0.28997,55139.0
2019-11-01 09:31:00,1572600660.0,0.28994,0.28994,0.28977,0.2898,4080.4
2019-11-01 09:32:00,1572600720.0,0.28981,0.2899,0.28977,0.28979,4941.5
2019-11-01 09:33:00,1572600780.0,0.28981,0.28981,0.2897,0.2897,34359.9
2019-11-01 09:34:00,1572600840.0,0.28979,0.28994,0.28972,0.28994,62552.9
2019-11-01 09:35:00,1572600900.0,0.28992,0.28992,0.2897,0.28979,6507.5
2019-11-01 09:36:00,1572600960.0,0.28978,0.28986,0.28969,0.28985,62222.0
2019-11-01 09:37:00,1572601020.0,0.28985,0.29001,0.28978,0.28998,15618.2
2019-11-01 09:38:00,1572601080.0,0.28996,0.29026,0.28995,0.2901,80512.0
2019-11-01 09:39:00,1572601140.0,0.29008,0.29028,0.28998,0.29022,13897.6
2019-11-01 09:40:00,1572601200.0,0.29017,0.29036,0.2901,0.2901,29379.6
2019-11-01 09:41:00,1572601260.0,0.29025,0.29053,0.29022,0.2905,32852.8
2019-11-01 09:42:00,1572601320.0,0.2905,0.29066,0.29031,0.2904,94730.3
2019-11-01 09:43:00,1572601380.0,0.29051,0.29051,0.29025,0.29033,80798.5
2019-11-01 09:44:00,1572601440.0,0.29033,0.29048,0.2903,0.29031,90464.1
2019-11-01 09:45:00,1572601500.0,0.29038,0.2905,0.29033,0.29046,25502.5
2019-11-01 09:46:00,1572601560.0,0.29045,0.29046,0.29024,0.29029,67942.7
2019-11-01 09:47:00,1572601620.0,0.2903,0.29035,0.29002,0.29002,134919.6
2019-11-01 09:48:00,1572601680.0,0.29004,0.2902,0.29001,0.29001,37612.5
2019-11-01 09:49:00,1572601740.0,0.29006,0.29023,0.29002,0.2901,110463.0
2019-11-01 09:50:00,1572601800.0,0.29004,0.29026,0.28996,0.29018,62805.4
2019-11-01 09:51:00,1572601860.0,0.29019,0.29027,0.29004,0.29016,3694.3
2019-11-01 09:52:00,1572601920.0,0.2902,0.2902,0.28989,0.2899,18761.6
2019-11-01 09:53:00,1572601980.0,0.28996,0.29019,0.28967,0.2897,59494.5
2019-11-01 09:54:00,1572602040.0,0.28971,0.29002,0.28971,0.2898,9839.0
2019-11-01 09:55:00,1572602100.0,0.28974,0.28996,0.28963,0.28982,23541.5
2019-11-01 09:56:00,1572602160.0,0.28981,0.28986,0.28964,0.28982,37986.5
2019-11-01 09:57:00,1572602220.0,0.28981,0.28983,0.2896,0.28965,108410.5
2019-11-01 09:58:00,1572602280.0,0.28961,0.29007,0.2896,0.28971,107801.3
2019-11-01 09:59:00,1572602340.0,0.28972,0.28993,0.2897,0.28993,54040.9
2019-11-01 10:00:00,1572602400.0,0.28993,0.28993,0.28953,0.28972,61477.3
2019-11-01 10:01:00,1572602460.0,0.28974,0.28986,0.28953,0.28965,53893.2
2019-11-01 10:02:00,1572602520.0,0.28976,0.28988,0.2896,0.28978,26611.4
2019-11-01 10:03:00,1572602580.0,0.2898,0.29,0.28977,0.28998,31647.1
2019-11-01 10:04:00,1572602640.0,0.28999,0.28999,0.28975,0.28983,53431.0
2019-11-01 10:05:00,1572602700.0,0.28982,0.29021,0.28982,0.29016,59804.5
2019-11-01 10:06:00,1572602760.0,0.29014,0.29061,0.29014,0.29037,147861.9
2019-11-01 10:07:00,1572602820.0,0.29036,0.291,0.29027,0.29065,407419.1
2019-11-01 10:08:00,1572602880.0,0.29065,0.29087,0.29041,0.29041,176096.1
2019-11-01 10:09:00,1572602940.0,0.2904,0.29048,0.29012,0.29038,58009.6
2019-11-01 10:10:00,1572603000.0,0.29044,0.29047,0.29012,0.29015,49388.8
2019-11-01 10:11:00,1572603060.0,0.29028,0.29055,0.29017,0.29041,15299.4
2019-11-01 10:12:00,1572603120.0,0.29038,0.2905,0.29028,0.29036,40587.3
2019-11-01 10:13:00,1572603180.0,0.29035,0.29057,0.29023,0.29046,29069.8
2019-11-01 10:14:00,1572603240.0,0.29049,0.29088,0.29038,0.29088,114781.2
2019-11-01 10:15:00,1572603300.0,0.29088,0.2911,0.2906,0.29063,265887.3
2019-11-01 10:16:00,1572603360.0,0.29061,0.29068,0.29046,0.29068,46918.5
2019-11-01 10:17:00,1572603420.0,0.29068,0.29085,0.29057,0.29073,5670.4
2019-11-01 10:18:00,1572603480.0,0.2907,0.29091,0.29063,0.29069,6617.0
2019-11-01 10:19:00,1572603540.0,0.29075,0.29085,0.29023,0.29071,398725.0
2019-11-01 10:20:00,1572603600.0,0.29064,0.29065,0.29029,0.29032,129252.9
2019-11-01 10:21:00,1572603660.0,0.29034,0.29047,0.29022,0.2904,43251.9
2019-11-01 10:22:00,1572603720.0,0.29043,0.29057,0.29036,0.29047,54690.0
2019-11-01 10:23:00,1572603780.0,0.29053,0.29094,0.29047,0.29094,31422.7
2019-11-01 10:24:00,1572603840.0,0.29085,0.29095,0.29052,0.29095,52629.4
2019-11-01 10:25:00,1572603900.0,0.29095,0.29127,0.29055,0.29071,73200.4
2019-11-01 10:26:00,1572603960.0,0.29071,0.29086,0.2907,0.29071,13336.1
2019-11-01 10:27:00,1572604020.0,0.29071,0.29083,0.29065,0.29078,7059.5
2019-11-01 10:28:00,1572604080.0,0.29077,0.29095,0.29072,0.29088,23294.2
2019-11-01 10:29:00,1572604140.0,0.29093,0.29111,0.29088,0.2911,75928.0
2019-11-01 10:30:00,1572604200.0,0.2911,0.29119,0.29073,0.29082,40446.6
2019-11-01 10:31:00,1572604260.0,0.29082,0.29099,0.29082,0.29085,26532.0
2019-11-01 10:32:00,1572604320.0,0.29085,0.29107,0.29085,0.29093,24407.4
2019-11-01 10:33:00,1572604380.0,0.29087,0.29098,0.29084,0.2909,10975.0
2019-11-01 10:34:00,1572604440.0,0.2909,0.2909,0.29084,0.29085,22412.9
2019-11-01 10:35:00,1572604500.0,0.29086,0.2909,0.29074,0.29075,11327.0
2019-11-01 10:36:00,1572604560.0,0.29077,0.29092,0.29077,0.29084,19983.4
2019-11-01 10:37:00,1572604620.0,0.29084,0.2909,0.29075,0.29075,11049.9
2019-11-01 10:38:00,1572604680.0,0.29076,0.2909,0.29074,0.29078,20627.3
2019-11-01 10:39:00,1572604740.0,0.29078,0.29083,0.29026,0.29033,349653.7
2019-11-01 10:40:00,1572604800.0,0.29033,0.29053,0.29026,0.29029,27527.9
2019-11-01 10:41:00,1572604860.0,0.29033,0.29048,0.29033,0.29042,38822.6
2019-11-01 10:42:00,1572604920.0,0.29043,0.29066,0.29029,0.29064,48001.6
2019-11-01 10:43:00,1572604980.0,0.29063,0.29067,0.29051,0.29056,26999.1
2019-11-01 10:44:00,1572605040.0,0.29056,0.29065,0.29042,0.29057,27688.3
2019-11-01 10:45:00,1572605100.0,0.29054,0.29066,0.29038,0.29066,30709.1
2019-11-01 10:46:00,1572605160.0,0.29065,0.29113,0.29065,0.29098,199966.6
2019-11-01 10:47:00,1572605220.0,0.29098,0.29117,0.29093,0.29106,87244.0
2019-11-01 10:48:00,1572605280.0,0.29106,0.29123,0.29102,0.29112,40409.9
2019-11-01 10:49:00,1572605340.0,0.29107,0.29123,0.29084,0.29084,43164.9
2019-11-01 10:50:00,1572605400.0,0.29085,0.29094,0.29068,0.29082,11967.1
2019-11-01 10:51:00,1572605460.0,0.29082,0.2909,0.29075,0.29089,26779.2
2019-11-01 10:52:00,1572605520.0,0.29085,0.29094,0.2908,0.29094,39353.4
2019-11-01 10:53:00,1572605580.0,0.29096,0.29112,0.29096,0.29112,22834.1
2019-11-01 10:54:00,1572605640.0,0.29106,0.29145,0.29101,0.29127,84328.5
2019-11-01 10:55:00,1572605700.0,0.29128,0.29155,0.29119,0.29137,57699.7
2019-11-01 10:56:00,1572605760.0,0.29127,0.29143,0.29119,0.29139,16943.4
2019-11-01 10:57:00,1572605820.0,0.29141,0.29164,0.29141,0.29159,53254.1
2019-11-01 10:58:00,1572605880.0,0.29159,0.29165,0.29119,0.29156,112445.7
2019-11-01 10:59:00,1572605940.0,0.29164,0.29164,0.29119,0.29135,23979.7
2019-11-01 11:00:00,1572606000.0,0.29128,0.2915,0.29111,0.2915,5880.5
2019-11-01 11:01:00,1572606060.0,0.29145,0.29151,0.29134,0.29137,28041.9
2019-11-01 11:02:00,1572606120.0,0.29138,0.29149,0.29133,0.29147,12024.1
2019-11-01 11:03:00,1572606180.0,0.29146,0.29152,0.29134,0.29144,37146.7
2019-11-01 11:04:00,1572606240.0,0.29144,0.29167,0.29134,0.29155,138378.1
2019-11-01 11:05:00,1572606300.0,0.29156,0.29171,0.29116,0.29128,248049.6
2019-11-01 11:06:00,1572606360.0,0.29132,0.29155,0.29127,0.29135,30741.4
2019-11-01 11:07:00,1572606420.0,0.29135,0.29149,0.29122,0.29145,110414.7
2019-11-01 11:08:00,1572606480.0,0.29143,0.29149,0.29124,0.29142,115278.5
2019-11-01 11:09:00,1572606540.0,0.29144,0.29182,0.29136,0.29156,136696.7
2019-11-01 11:10:00,1572606600.0,0.29156,0.29171,0.29143,0.29161,46255.8
2019-11-01 11:11:00,1572606660.0,0.29168,0.29169,0.29122,0.29133,66107.1
2019-11-01 11:12:00,1572606720.0,0.29143,0.29143,0.29122,0.29133,33902.8
2019-11-01 11:13:00,1572606780.0,0.29135,0.29169,0.29135,0.29142,24677.8
2019-11-01 11:14:00,1572606840.0,0.29157,0.29157,0.29129,0.2915,54384.4
2019-11-01 11:15:00,1572606900.0,0.2915,0.29183,0.2915,0.29182,212568.2
2019-11-01 11:16:00,1572606960.0,0.29182,0.2921,0.29131,0.29147,279490.7
2019-11-01 11:17:00,1572607020.0,0.2914,0.29159,0.29127,0.29136,150598.2
2019-11-01 11:18:00,1572607080.0,0.29127,0.2915,0.29127,0.29144,58092.9
2019-11-01 11:19:00,1572607140.0,0.29144,0.29177,0.2913,0.29131,75597.8
2019-11-01 11:20:00,1572607200.0,0.29141,0.29162,0.29124,0.29124,45110.5
2019-11-01 11:21:00,1572607260.0,0.29124,0.2914,0.29123,0.29128,33852.8
2019-11-01 11:22:00,1572607320.0,0.29124,0.29144,0.29108,0.29129,39320.3
2019-11-01 11:23:00,1572607380.0,0.29129,0.29145,0.29112,0.29129,44804.2
2019-11-01 11:24:00,1572607440.0,0.29129,0.29151,0.29129,0.29142,55676.7
2019-11-01 11:25:00,1572607500.0,0.29143,0.29156,0.29135,0.29137,4022.5
2019-11-01 11:26:00,1572607560.0,0.29137,0.29156,0.29132,0.29143,33059.9
2019-11-01 11:27:00,1572607620.0,0.29148,0.29155,0.29102,0.29103,128990.0
2019-11-01 11:28:00,1572607680.0,0.29111,0.29144,0.2911,0.29139,80396.7
2019-11-01 11:29:00,1572607740.0,0.29143,0.29157,0.29115,0.29143,66059.9
2019-11-01 11:30:00,1572607800.0,0.29142,0.29154,0.29114,0.29117,86115.5
2019-11-01 11:31:00,1572607860.0,0.29126,0.2916,0.291,0.29112,191560.0
2019-11-01 11:32:00,1572607920.0,0.29101,0.29123,0.291,0.29114,62035.4
2019-11-01 11:33:00,1572607980.0,0.29118,0.29119,0.29085,0.29098,30054.4
2019-11-01 11:34:00,1572608040.0,0.29091,0.29099,0.29076,0.29089,21070.4
2019-11-01 11:35:00,1572608100.0,0.29098,0.29126,0.29089,0.29126,49814.3
2019-11-01 11:36:00,1572608160.0,0.29121,0.29121,0.29091,0.2911,26771.8
2019-11-01 11:37:00,1572608220.0,0.29111,0.29115,0.29048,0.2907,83219.3
2019-11-01 11:38:00,1572608280.0,0.29069,0.29094,0.29048,0.29094,46554.4
2019-11-01 11:39:00,1572608340.0,0.29091,0.29102,0.29081,0.2909,17026.3
2019-11-01 11:40:00,1572608400.0,0.291,0.29102,0.29081,0.29081,30147.5
2019-11-01 11:41:00,1572608460.0,0.29082,0.29086,0.29053,0.29054,180139.4
2019-11-01 11:42:00,1572608520.0,0.29062,0.29075,0.29049,0.29062,144239.7
2019-11-01 11:43:00,1572608580.0,0.29072,0.29092,0.2906,0.29076,34936.7
2019-11-01 11:44:00,1572608640.0,0.29074,0.29081,0.2905,0.29079,83383.8
2019-11-01 11:45:00,1572608700.0,0.29083,0.29102,0.2908,0.29085,31815.0
2019-11-01 11:46:00,1572608760.0,0.29081,0.29102,0.29068,0.29077,32583.0
2019-11-01 11:47:00,1572608820.0,0.29071,0.29072,0.29059,0.29059,117819.5
2019-11-01 11:48:00,1572608880.0,0.29059,0.29075,0.29038,0.29049,113139.7
2019-11-01 11:49:00,1572608940.0,0.29058,0.29096,0.2905,0.29081,35959.4
2019-11-01 11:50:00,1572609000.0,0.29081,0.2911,0.29073,0.29104,56704.5
2019-11-01 11:51:00,1572609060.0,0.2911,0.29123,0.29103,0.29121,26347.6
2019-11-01 11:52:00,1572609120.0,0.29121,0.29123,0.29089,0.2911,16259.2
2019-11-01 11:53:00,1572609180.0,0.29118,0.29123,0.29098,0.291,12096.2
2019-11-01 11:54:00,1572609240.0,0.29089,0.29105,0.29089,0.29089,16741.8
2019-11-01 11:55:00,1572609300.0,0.2909,0.29122,0.29074,0.2912,60538.5
2019-11-01 11:56:00,1572609360.0,0.29106,0.29121,0.29091,0.29105,27171.4
2019-11-01 11:57:00,1572609420.0,0.29111,0.29133,0.29097,0.29118,12799.1
2019-11-01 11:58:00,1572609480.0,0.29117,0.29128,0.29103,0.29119,26652.7
2019-11-01 11:59:00,1572609540.0,0.29122,0.2913,0.29101,0.2911,6002.0
2019-11-01 12:00:00,1572609600.0,0.29128,0.29147,0.29115,0.2912,42833.7
2019-11-01 12:01:00,1572609660.0,0.2912,0.2912,0.29061,0.29074,90425.4
2019-11-01 12:02:00,1572609720.0,0.29061,0.29083,0.29053,0.29083,54075.5
2019-11-01 12:03:00,1572609780.0,0.2908,0.29107,0.2907,0.29102,70604.7
2019-11-01 12:04:00,1572609840.0,0.29095,0.29106,0.29078,0.291,28133.8
2019-11-01 12:05:00,1572609900.0,0.29097,0.29125,0.29079,0.29123,18823.7
2019-11-01 12:06:00,1572609960.0,0.29128,0.29131,0.29094,0.29094,58924.1
2019-11-01 12:07:00,1572610020.0,0.29104,0.29119,0.29099,0.29105,15689.4
2019-11-01 12:08:00,1572610080.0,0.29105,0.29105,0.29078,0.29089,17862.7
2019-11-01 12:09:00,1572610140.0,0.29084,0.29094,0.29078,0.29088,34644.6
2019-11-01 12:10:00,1572610200.0,0.29089,0.29092,0.29063,0.29063,36235.9
2019-11-01 12:11:00,1572610260.0,0.29057,0.291,0.29052,0.29091,63423.6
2019-11-01 12:12:00,1572610320.0,0.291,0.29101,0.29038,0.2904,59049.9
2019-11-01 12:13:00,1572610380.0,0.29046,0.29054,0.29027,0.29041,132273.8
2019-11-01 12:14:00,1572610440.0,0.2904,0.29047,0.29016,0.29023,119575.3
2019-11-01 12:15:00,1572610500.0,0.2903,0.29061,0.29023,0.29053,105718.7
2019-11-01 12:16:00,1572610560.0,0.29059,0.29059,0.29036,0.29036,66336.5
2019-11-01 12:17:00,1572610620.0,0.29034,0.29047,0.2903,0.29035,29967.2
2019-11-01 12:18:00,1572610680.0,0.2904,0.2904,0.29022,0.29031,43640.5
2019-11-01 12:19:00,1572610740.0,0.29031,0.2904,0.29023,0.29032,51192.3
2019-11-01 12:20:00,1572610800.0,0.29033,0.29038,0.29022,0.29022,45287.2
2019-11-01 12:21:00,1572610860.0,0.29022,0.29032,0.29022,0.29022,100552.2
2019-11-01 12:22:00,1572610920.0,0.29028,0.29035,0.29018,0.29023,54939.7
2019-11-01 12:23:00,1572610980.0,0.29026,0.29038,0.29014,0.29037,34217.6
2019-11-01 12:24:00,1572611040.0,0.29038,0.29044,0.2903,0.29036,15343.9
2019-11-01 12:25:00,1572611100.0,0.29036,0.29066,0.29036,0.2906,90801.1
2019-11-01 12:26:00,1572611160.0,0.2906,0.29084,0.29057,0.29074,65514.4
2019-11-01 12:27:00,1572611220.0,0.29082,0.29087,0.29049,0.29054,6391.6
2019-11-01 12:28:00,1572611280.0,0.29051,0.29051,0.29021,0.29037,37113.2
2019-11-01 12:29:00,1572611340.0,0.2904,0.29042,0.2902,0.29032,17053.4
2019-11-01 12:30:00,1572611400.0,0.2903,0.29049,0.29022,0.29037,49309.6
2019-11-01 12:31:00,1572611460.0,0.29037,0.29061,0.29027,0.29057,13815.5
2019-11-01 12:32:00,1572611520.0,0.29057,0.29071,0.29051,0.29054,47582.5
2019-11-01 12:33:00,1572611580.0,0.29054,0.29063,0.29036,0.29063,171350.4
2019-11-01 12:34:00,1572611640.0,0.29063,0.29082,0.29042,0.29077,34921.1
2019-11-01 12:35:00,1572611700.0,0.29082,0.29089,0.29063,0.29084,11507.7
2019-11-01 12:36:00,1572611760.0,0.29084,0.29096,0.29055,0.29075,42016.1
2019-11-01 12:37:00,1572611820.0,0.29076,0.29096,0.2907,0.29088,4975.8
2019-11-01 12:38:00,1572611880.0,0.29088,0.29096,0.2907,0.29071,8831.4
2019-11-01 12:39:00,1572611940.0,0.29073,0.2908,0.29062,0.29067,11586.9
2019-11-01 12:40:00,1572612000.0,0.29066,0.29069,0.29051,0.2906,15520.1
2019-11-01 12:41:00,1572612060.0,0.29061,0.29088,0.29061,0.29078,12136.8
2019-11-01 12:42:00,1572612120.0,0.29074,0.29091,0.29051,0.29062,31571.2
2019-11-01 12:43:00,1572612180.0,0.29062,0.29075,0.29049,0.2907,12804.0
2019-11-01 12:44:00,1572612240.0,0.2907,0.2907,0.29048,0.29066,35082.2
2019-11-01 12:45:00,1572612300.0,0.29067,0.29088,0.2906,0.2908,14218.7
2019-11-01 12:46:00,1572612360.0,0.29081,0.29088,0.29068,0.29088,88925.9
2019-11-01 12:47:00,1572612420.0,0.29088,0.29117,0.29075,0.291,61951.8
2019-11-01 12:48:00,1572612480.0,0.29101,0.29111,0.29089,0.29093,94154.7
2019-11-01 12:49:00,1572612540.0,0.29094,0.29105,0.29085,0.29099,190474.4
2019-11-01 12:50:00,1572612600.0,0.29097,0.29112,0.2909,0.291,6665.5
2019-11-01 12:51:00,1572612660.0,0.29101,0.29149,0.29096,0.29126,133073.1
2019-11-01 12:52:00,1572612720.0,0.29134,0.29162,0.29126,0.2915,63309.7
2019-11-01 12:53:00,1572612780.0,0.2915,0.292,0.29148,0.29159,452156.3
2019-11-01 12:54:00,1572612840.0,0.29161,0.29183,0.29152,0.29175,15096.1
2019-11-01 12:55:00,1572612900.0,0.29184,0.29189,0.29136,0.2914,102214.8
2019-11-01 12:56:00,1572612960.0,0.29135,0.29167,0.29133,0.29162,24878.7
2019-11-01 12:57:00,1572613020.0,0.29161,0.29162,0.29135,0.29142,17758.1
2019-11-01 12:58:00,1572613080.0,0.2914,0.29157,0.29126,0.29126,5171.6
2019-11-01 12:59:00,1572613140.0,0.2913,0.29139,0.29116,0.29116,40558.0
2019-11-01 13:00:00,1572613200.0,0.29112,0.29136,0.29109,0.29123,56723.3
2019-11-01 13:01:00,1572613260.0,0.29124,0.29152,0.29119,0.29151,3886.7
2019-11-01 13:02:00,1572613320.0,0.29136,0.29153,0.29125,0.29128,83825.6
2019-11-01 13:03:00,1572613380.0,0.29129,0.29145,0.29127,0.29127,127958.7
2019-11-01 13:04:00,1572613440.0,0.29125,0.29125,0.29102,0.29102,54474.7
2019-11-01 13:05:00,1572613500.0,0.29101,0.29115,0.29094,0.291,80933.9
2019-11-01 13:06:00,1572613560.0,0.29104,0.29131,0.29087,0.29114,69294.2
2019-11-01 13:07:00,1572613620.0,0.29108,0.29126,0.29102,0.29109,5308.4
2019-11-01 13:08:00,1572613680.0,0.29109,0.29117,0.29094,0.29095,45284.5
2019-11-01 13:09:00,1572613740.0,0.291,0.29139,0.291,0.29139,22194.6
2019-11-01 13:10:00,1572613800.0,0.29126,0.29127,0.29097,0.29118,11551.0
2019-11-01 13:11:00,1572613860.0,0.29118,0.29131,0.2911,0.29119,41882.7
2019-11-01 13:12:00,1572613920.0,0.29119,0.29122,0.2909,0.2909,48272.1
2019-11-01 13:13:00,1572613980.0,0.29105,0.29111,0.29085,0.29108,18171.3
2019-11-01 13:14:00,1572614040.0,0.29107,0.29116,0.29106,0.29106,7268.2
2019-11-01 13:15:00,1572614100.0,0.29112,0.29112,0.2905,0.2905,176663.5
2019-11-01 13:16:00,1572614160.0,0.29057,0.29076,0.29055,0.29055,28417.0
2019-11-01 13:17:00,1572614220.0,0.29068,0.29068,0.29,0.29014,1262894.5
2019-11-01 13:18:00,1572614280.0,0.29014,0.29028,0.28982,0.29009,304393.4
2019-11-01 13:19:00,1572614340.0,0.29007,0.29041,0.29007,0.29026,24491.3
2019-11-01 13:20:00,1572614400.0,0.29025,0.29028,0.28961,0.28968,114475.7
2019-11-01 13:21:00,1572614460.0,0.28968,0.2899,0.28961,0.28975,35337.3
2019-11-01 13:22:00,1572614520.0,0.28977,0.28995,0.28951,0.28951,71424.3
2019-11-01 13:23:00,1572614580.0,0.2896,0.28976,0.289,0.28909,414273.5
2019-11-01 13:24:00,1572614640.0,0.28918,0.28978,0.28905,0.28941,114799.8
2019-11-01 13:25:00,1572614700.0,0.2894,0.28952,0.28915,0.28937,63849.1
2019-11-01 13:26:00,1572614760.0,0.28943,0.28983,0.28937,0.28983,52194.7
2019-11-01 13:27:00,1572614820.0,0.28977,0.28977,0.28925,0.28957,70851.7
2019-11-01 13:28:00,1572614880.0,0.28945,0.28955,0.28911,0.28951,35949.3
2019-11-01 13:29:00,1572614940.0,0.28951,0.28976,0.2893,0.28944,31040.9
2019-11-01 13:30:00,1572615000.0,0.28939,0.28942,0.28915,0.28932,87342.2
2019-11-01 13:31:00,1572615060.0,0.28936,0.28941,0.28916,0.2894,38646.0
2019-11-01 13:32:00,1572615120.0,0.2893,0.2894,0.28911,0.28917,60348.5
2019-11-01 13:33:00,1572615180.0,0.28913,0.28942,0.289,0.28919,65042.9
2019-11-01 13:34:00,1572615240.0,0.28928,0.2894,0.28902,0.28907,46338.6
2019-11-01 13:35:00,1572615300.0,0.28904,0.28934,0.28904,0.28919,51529.5
2019-11-01 13:36:00,1572615360.0,0.28919,0.28928,0.28889,0.28902,119119.1
2019-11-01 13:37:00,1572615420.0,0.28903,0.28903,0.28865,0.28872,101173.2
2019-11-01 13:38:00,1572615480.0,0.28868,0.28868,0.28816,0.28843,164028.8
2019-11-01 13:39:00,1572615540.0,0.28843,0.28849,0.2882,0.28831,75539.8
2019-11-01 13:40:00,1572615600.0,0.28831,0.2887,0.2882,0.28863,77034.4
2019-11-01 13:41:00,1572615660.0,0.28866,0.2887,0.28844,0.28849,31095.9
2019-11-01 13:42:00,1572615720.0,0.28853,0.28863,0.2883,0.28843,50369.3
2019-11-01 13:43:00,1572615780.0,0.28844,0.2887,0.28838,0.2886,21134.6
2019-11-01 13:44:00,1572615840.0,0.28866,0.28873,0.28838,0.28838,35561.7
2019-11-01 13:45:00,1572615900.0,0.28843,0.28851,0.28819,0.28836,54239.7
2019-11-01 13:46:00,1572615960.0,0.28839,0.28888,0.28837,0.28888,121156.2
2019-11-01 13:47:00,1572616020.0,0.28891,0.28941,0.28888,0.28916,90138.8
2019-11-01 13:48:00,1572616080.0,0.28911,0.28913,0.28867,0.28905,63694.7
2019-11-01 13:49:00,1572616140.0,0.28906,0.28912,0.28886,0.28896,12231.2
2019-11-01 13:50:00,1572616200.0,0.28891,0.28898,0.28871,0.28871,28653.8
2019-11-01 13:51:00,1572616260.0,0.28871,0.28891,0.28871,0.28891,86528.6
2019-11-01 13:52:00,1572616320.0,0.2889,0.2889,0.28858,0.28868,26201.5
2019-11-01 13:53:00,1572616380.0,0.28868,0.28887,0.28844,0.28861,52219.4
2019-11-01 13:54:00,1572616440.0,0.28855,0.28876,0.28843,0.28872,20811.7
2019-11-01 13:55:00,1572616500.0,0.28873,0.28929,0.28873,0.28929,158369.5
2019-11-01 13:56:00,1572616560.0,0.28926,0.28942,0.289,0.28918,55466.8
2019-11-01 13:57:00,1572616620.0,0.28914,0.28934,0.28909,0.28933,79001.5
2019-11-01 13:58:00,1572616680.0,0.2894,0.28944,0.28906,0.28906,17059.9
2019-11-01 13:59:00,1572616740.0,0.2892,0.28931,0.28907,0.28917,18925.1
2019-11-01 14:00:00,1572616800.0,0.28923,0.28945,0.28923,0.28934,33249.7
2019-11-01 14:01:00,1572616860.0,0.28935,0.28938,0.28888,0.28894,91799.0
2019-11-01 14:02:00,1572616920.0,0.28896,0.28906,0.2888,0.28884,71618.6
2019-11-01 14:03:00,1572616980.0,0.28893,0.28961,0.28893,0.28943,55011.8
2019-11-01 14:04:00,1572617040.0,0.2894,0.28963,0.28939,0.28958,3156.3
2019-11-01 14:05:00,1572617100.0,0.28958,0.28969,0.28952,0.2896,27020.6
2019-11-01 14:06:00,1572617160.0,0.28956,0.28962,0.28935,0.28937,76899.7
2019-11-01 14:07:00,1572617220.0,0.28936,0.28946,0.28933,0.28936,10454.2
2019-11-01 14:08:00,1572617280.0,0.28933,0.2896,0.28929,0.2896,20517.6
2019-11-01 14:09:00,1572617340.0,0.28953,0.28957,0.28928,0.28943,4735.1
2019-11-01 14:10:00,1572617400.0,0.28943,0.28944,0.28869,0.28888,129702.2
2019-11-01 14:11:00,1572617460.0,0.28889,0.28915,0.28873,0.28885,36254.5
2019-11-01 14:12:00,1572617520.0,0.28889,0.28895,0.28862,0.28893,7079.8
2019-11-01 14:13:00,1572617580.0,0.28877,0.28912,0.28874,0.28912,117576.1
2019-11-01 14:14:00,1572617640.0,0.28917,0.28922,0.2889,0.28895,18577.7
2019-11-01 14:15:00,1572617700.0,0.28896,0.28902,0.28867,0.28882,20066.7
2019-11-01 14:16:00,1572617760.0,0.28874,0.28885,0.28857,0.28874,109332.6
2019-11-01 14:17:00,1572617820.0,0.28871,0.28889,0.2885,0.28889,113718.4
2019-11-01 14:18:00,1572617880.0,0.28884,0.28886,0.28862,0.28877,13140.7
2019-11-01 14:19:00,1572617940.0,0.28875,0.28877,0.28837,0.28861,91533.5
2019-11-01 14:20:00,1572618000.0,0.2886,0.28869,0.28826,0.2883,124737.7
2019-11-01 14:21:00,1572618060.0,0.2883,0.2888,0.28826,0.28871,107276.6
2019-11-01 14:22:00,1572618120.0,0.28871,0.28876,0.28835,0.28848,37305.6
2019-11-01 14:23:00,1572618180.0,0.28864,0.28922,0.2886,0.2889,48283.5
2019-11-01 14:24:00,1572618240.0,0.28891,0.28913,0.28882,0.28902,32632.5
2019-11-01 14:25:00,1572618300.0,0.28903,0.28908,0.2887,0.2887,22400.6
2019-11-01 14:26:00,1572618360.0,0.28876,0.28903,0.28871,0.28888,15808.8
2019-11-01 14:27:00,1572618420.0,0.28888,0.28896,0.28861,0.28888,24977.1
2019-11-01 14:28:00,1572618480.0,0.28877,0.28903,0.28877,0.2889,18735.1
2019-11-01 14:29:00,1572618540.0,0.28898,0.28903,0.28881,0.28886,17604.0
2019-11-01 14:30:00,1572618600.0,0.28887,0.28893,0.28855,0.28855,86334.6
2019-11-01 14:31:00,1572618660.0,0.28857,0.28863,0.2885,0.28854,42986.1
2019-11-01 14:32:00,1572618720.0,0.28863,0.28863,0.28844,0.28844,14980.3
2019-11-01 14:33:00,1572618780.0,0.2884,0.28856,0.2884,0.28845,40960.5
2019-11-01 14:34:00,1572618840.0,0.28845,0.28865,0.28838,0.28865,41509.5
2019-11-01 14:35:00,1572618900.0,0.28865,0.28875,0.28853,0.28863,42831.5
2019-11-01 14:36:00,1572618960.0,0.28862,0.28932,0.28862,0.28932,115124.8
2019-11-01 14:37:00,1572619020.0,0.28921,0.28925,0.2889,0.28919,11683.6
2019-11-01 14:38:00,1572619080.0,0.2892,0.28931,0.28905,0.28905,17211.1
2019-11-01 14:39:00,1572619140.0,0.28905,0.28906,0.28886,0.28904,42550.0
2019-11-01 14:40:00,1572619200.0,0.2891,0.2891,0.28888,0.28888,13762.7
2019-11-01 14:41:00,1572619260.0,0.28889,0.28914,0.28888,0.28897,15034.0
2019-11-01 14:42:00,1572619320.0,0.28898,0.28923,0.28888,0.28921,31971.3
2019-11-01 14:43:00,1572619380.0,0.2892,0.2899,0.28918,0.28984,248437.9
2019-11-01 14:44:00,1572619440.0,0.28978,0.29012,0.28969,0.28998,222464.3
2019-11-01 14:45:00,1572619500.0,0.28988,0.29002,0.28982,0.28991,84361.4
2019-11-01 14:46:00,1572619560.0,0.28986,0.29003,0.28974,0.29003,38426.1
2019-11-01 14:47:00,1572619620.0,0.28998,0.29015,0.28986,0.29006,51805.9
2019-11-01 14:48:00,1572619680.0,0.29006,0.29042,0.29006,0.29032,143005.2
2019-11-01 14:49:00,1572619740.0,0.29034,0.2906,0.29013,0.2906,64021.2
2019-11-01 14:50:00,1572619800.0,0.2906,0.29061,0.29014,0.29014,60067.4
2019-11-01 14:51:00,1572619860.0,0.29016,0.29023,0.2898,0.28982,170360.6
2019-11-01 14:52:00,1572619920.0,0.28978,0.28988,0.28956,0.28964,67470.5
2019-11-01 14:53:00,1572619980.0,0.28963,0.28974,0.28951,0.28972,39310.1
2019-11-01 14:54:00,1572620040.0,0.28979,0.28994,0.2897,0.28988,49537.0
2019-11-01 14:55:00,1572620100.0,0.28983,0.28983,0.28948,0.28958,36903.2
2019-11-01 14:56:00,1572620160.0,0.28959,0.28961,0.2893,0.28947,20058.5
2019-11-01 14:57:00,1572620220.0,0.28951,0.28962,0.28944,0.28955,60590.0
2019-11-01 14:58:00,1572620280.0,0.28955,0.28989,0.28947,0.28979,94757.7
2019-11-01 14:59:00,1572620340.0,0.28979,0.29017,0.28976,0.29014,77355.9
2019-11-01 15:00:00,1572620400.0,0.29013,0.29032,0.29009,0.29031,58757.8
2019-11-01 15:01:00,1572620460.0,0.29038,0.29069,0.29029,0.29029,156944.6
2019-11-01 15:02:00,1572620520.0,0.29026,0.29028,0.29001,0.29015,35548.8
2019-11-01 15:03:00,1572620580.0,0.29023,0.29023,0.29,0.29,52817.3
2019-11-01 15:04:00,1572620640.0,0.29014,0.29017,0.28932,0.28961,314296.0
2019-11-01 15:05:00,1572620700.0,0.28957,0.28963,0.28938,0.2896,94695.6
2019-11-01 15:06:00,1572620760.0,0.28952,0.28988,0.28952,0.28969,55679.4
2019-11-01 15:07:00,1572620820.0,0.2897,0.2897,0.28933,0.28969,5632.9
2019-11-01 15:08:00,1572620880.0,0.28961,0.2899,0.28961,0.28975,97360.5
2019-11-01 15:09:00,1572620940.0,0.28968,0.28972,0.28927,0.2894,23115.3
2019-11-01 15:10:00,1572621000.0,0.28941,0.2899,0.28938,0.28978,21605.3
2019-11-01 15:11:00,1572621060.0,0.28971,0.28988,0.28963,0.28988,12953.9
2019-11-01 15:12:00,1572621120.0,0.28987,0.29008,0.28981,0.29006,17807.3
2019-11-01 15:13:00,1572621180.0,0.29006,0.29027,0.28987,0.29011,35189.0
2019-11-01 15:14:00,1572621240.0,0.29013,0.29035,0.28989,0.28989,44798.9
2019-11-01 15:15:00,1572621300.0,0.28989,0.29023,0.28989,0.29003,22645.7
2019-11-01 15:16:00,1572621360.0,0.29017,0.29019,0.28972,0.28978,29405.9
2019-11-01 15:17:00,1572621420.0,0.28977,0.29014,0.28976,0.29012,90275.0
2019-11-01 15:18:00,1572621480.0,0.29011,0.29014,0.28973,0.28976,18321.9
2019-11-01 15:19:00,1572621540.0,0.28973,0.29011,0.28973,0.29006,12457.3
2019-11-01 15:20:00,1572621600.0,0.29003,0.29003,0.28957,0.28969,41049.3
2019-11-01 15:21:00,1572621660.0,0.2897,0.28979,0.28947,0.28964,44033.1
2019-11-01 15:22:00,1572621720.0,0.28963,0.28965,0.28932,0.28932,8861.1
2019-11-01 15:23:00,1572621780.0,0.28943,0.28944,0.28916,0.28939,55542.5
2019-11-01 15:24:00,1572621840.0,0.28935,0.2894,0.28919,0.28919,13807.9
2019-11-01 15:25:00,1572621900.0,0.28909,0.28934,0.28906,0.28931,34865.5
2019-11-01 15:26:00,1572621960.0,0.28936,0.28945,0.28923,0.28942,60055.2
2019-11-01 15:27:00,1572622020.0,0.28942,0.28945,0.28917,0.28919,52767.3
2019-11-01 15:28:00,1572622080.0,0.28924,0.28946,0.28919,0.28926,19138.1
2019-11-01 15:29:00,1572622140.0,0.28941,0.28976,0.28934,0.28976,23978.1
2019-11-01 15:30:00,1572622200.0,0.2898,0.28994,0.28968,0.28971,45270.2
2019-11-01 15:31:00,1572622260.0,0.2897,0.2897,0.2891,0.28931,57047.8
2019-11-01 15:32:00,1572622320.0,0.28933,0.28933,0.28906,0.28918,11510.6
2019-11-01 15:33:00,1572622380.0,0.28918,0.28938,0.28904,0.28922,9435.4
2019-11-01 15:34:00,1572622440.0,0.28921,0.2893,0.28904,0.28919,46084.0
2019-11-01 15:35:00,1572622500.0,0.28923,0.28927,0.28905,0.2891,30223.2
2019-11-01 15:36:00,1572622560.0,0.28909,0.28924,0.28889,0.28915,152058.9
2019-11-01 15:37:00,1572622620.0,0.28915,0.28938,0.28913,0.28925,68666.0
2019-11-01 15:38:00,1572622680.0,0.28919,0.28925,0.28892,0.28899,41570.9
2019-11-01 15:39:00,1572622740.0,0.28901,0.28919,0.2889,0.28909,25870.3
2019-11-01 15:40:00,1572622800.0,0.28909,0.28931,0.28897,0.28912,9518.2
2019-11-01 15:41:00,1572622860.0,0.28915,0.28932,0.28897,0.28898,19410.5
2019-11-01 15:42:00,1572622920.0,0.28899,0.2892,0.28897,0.2892,23171.9
2019-11-01 15:43:00,1572622980.0,0.28924,0.2896,0.28917,0.2896,62404.9
2019-11-01 15:44:00,1572623040.0,0.28962,0.28964,0.28917,0.28924,42287.0
2019-11-01 15:45:00,1572623100.0,0.28933,0.28956,0.28915,0.28927,18390.2
2019-11-01 15:46:00,1572623160.0,0.28944,0.28945,0.28918,0.28934,15129.7
2019-11-01 15:47:00,1572623220.0,0.2893,0.28936,0.28911,0.28923,8448.0
2019-11-01 15:48:00,1572623280.0,0.28918,0.28934,0.28913,0.28921,1918.6
2019-11-01 15:49:00,1572623340.0,0.28921,0.28934,0.28912,0.28912,12210.7
2019-11-01 15:50:00,1572623400.0,0.2892,0.28932,0.28911,0.2892,9156.4
2019-11-01 15:51:00,1572623460.0,0.28927,0.28944,0.28912,0.28925,9257.9
2019-11-01 15:52:00,1572623520.0,0.28927,0.28956,0.28927,0.28943,25008.4
2019-11-01 15:53:00,1572623580.0,0.28942,0.28948,0.28939,0.28948,10447.3
2019-11-01 15:54:00,1572623640.0,0.28947,0.28958,0.28939,0.2895,12943.3
2019-11-01 15:55:00,1572623700.0,0.28959,0.29029,0.28959,0.29017,129291.6
2019-11-01 15:56:00,1572623760.0,0.29014,0.29033,0.28963,0.29001,327179.9
2019-11-01 15:57:00,1572623820.0,0.29032,0.29061,0.29009,0.29009,159306.7
2019-11-01 15:58:00,1572623880.0,0.29016,0.29023,0.28886,0.28886,311132.9
2019-11-01 15:59:00,1572623940.0,0.28886,0.28908,0.28723,0.28723,577594.3
2019-11-01 16:00:00,1572624000.0,0.28723,0.2873,0.28448,0.28554,2496519.8
2019-11-01 16:01:00,1572624060.0,0.28566,0.28698,0.28566,0.28692,601636.1
2019-11-01 16:02:00,1572624120.0,0.28692,0.28713,0.28645,0.28664,267069.0
2019-11-01 16:03:00,1572624180.0,0.28659,0.28712,0.286,0.286,341236.9
2019-11-01 16:04:00,1572624240.0,0.28613,0.28722,0.28613,0.28707,279897.9
2019-11-01 16:05:00,1572624300.0,0.2871,0.28716,0.28648,0.28673,88599.4
2019-11-01 16:06:00,1572624360.0,0.28671,0.28674,0.28638,0.28654,40102.3
2019-11-01 16:07:00,1572624420.0,0.28644,0.28686,0.28622,0.28668,106042.4
2019-11-01 16:08:00,1572624480.0,0.28667,0.28699,0.28662,0.2869,82448.0
2019-11-01 16:09:00,1572624540.0,0.28699,0.28761,0.28687,0.28761,112385.2
2019-11-01 16:10:00,1572624600.0,0.28761,0.28772,0.28725,0.28765,163771.7
2019-11-01 16:11:00,1572624660.0,0.28772,0.2881,0.2876,0.28767,101311.5
2019-11-01 16:12:00,1572624720.0,0.28768,0.28772,0.28722,0.28725,100211.5
2019-11-01 16:13:00,1572624780.0,0.28731,0.28768,0.28731,0.28763,40061.0
2019-11-01 16:14:00,1572624840.0,0.28768,0.28804,0.28768,0.28792,69410.5
2019-11-01 16:15:00,1572624900.0,0.28791,0.28835,0.28791,0.28833,39855.5
2019-11-01 16:16:00,1572624960.0,0.28831,0.28833,0.28784,0.28791,97742.4
2019-11-01 16:17:00,1572625020.0,0.28791,0.28807,0.28775,0.28796,70001.2
2019-11-01 16:18:00,1572625080.0,0.28796,0.28883,0.28787,0.28859,367835.8
2019-11-01 16:19:00,1572625140.0,0.2886,0.28893,0.28859,0.28864,125284.5
2019-11-01 16:20:00,1572625200.0,0.28859,0.28893,0.28853,0.28867,54741.3
2019-11-01 16:21:00,1572625260.0,0.28867,0.28867,0.28805,0.28843,125719.7
2019-11-01 16:22:00,1572625320.0,0.28843,0.2888,0.28832,0.28869,46432.5
2019-11-01 16:23:00,1572625380.0,0.28866,0.28886,0.28774,0.28802,209584.2
2019-11-01 16:24:00,1572625440.0,0.28775,0.28841,0.28761,0.28822,195669.2
2019-11-01 16:25:00,1572625500.0,0.28822,0.28829,0.28805,0.28825,61052.2
2019-11-01 16:26:00,1572625560.0,0.28825,0.28862,0.28825,0.28851,168925.1
2019-11-01 16:27:00,1572625620.0,0.28844,0.28889,0.28844,0.28875,50785.6
2019-11-01 16:28:00,1572625680.0,0.28875,0.2888,0.28818,0.28818,137988.6
2019-11-01 16:29:00,1572625740.0,0.28818,0.28884,0.28812,0.28882,91648.4
2019-11-01 16:30:00,1572625800.0,0.28874,0.28874,0.28818,0.2882,23039.7
2019-11-01 16:31:00,1572625860.0,0.28824,0.28842,0.28809,0.28842,39360.0
2019-11-01 16:32:00,1572625920.0,0.28851,0.28853,0.28823,0.28823,26432.5
2019-11-01 16:33:00,1572625980.0,0.28823,0.28851,0.28823,0.28833,9810.3
2019-11-01 16:34:00,1572626040.0,0.28833,0.28851,0.2881,0.2883,55763.5
2019-11-01 16:35:00,1572626100.0,0.28831,0.28879,0.28829,0.28875,41074.7
2019-11-01 16:36:00,1572626160.0,0.28876,0.28889,0.28846,0.28868,33375.3
2019-11-01 16:37:00,1572626220.0,0.28868,0.28868,0.28825,0.28842,21881.8
2019-11-01 16:38:00,1572626280.0,0.28835,0.28839,0.28816,0.28824,4504.6
2019-11-01 16:39:00,1572626340.0,0.28818,0.28858,0.28817,0.28838,7104.4
2019-11-01 16:40:00,1572626400.0,0.28834,0.28846,0.28817,0.28826,103353.8
2019-11-01 16:41:00,1572626460.0,0.28826,0.28865,0.28825,0.28836,56992.1
2019-11-01 16:42:00,1572626520.0,0.28832,0.28853,0.28825,0.28845,31932.5
2019-11-01 16:43:00,1572626580.0,0.28849,0.28875,0.28831,0.28858,30628.5
2019-11-01 16:44:00,1572626640.0,0.28848,0.28863,0.28838,0.28862,15002.6
2019-11-01 16:45:00,1572626700.0,0.28861,0.28877,0.28855,0.2886,39883.9
2019-11-01 16:46:00,1572626760.0,0.28861,0.28861,0.2882,0.28826,8554.4
2019-11-01 16:47:00,1572626820.0,0.2883,0.2883,0.28817,0.28818,6570.3
2019-11-01 16:48:00,1572626880.0,0.28823,0.28832,0.28817,0.28827,4927.8
2019-11-01 16:49:00,1572626940.0,0.28821,0.28828,0.28818,0.2882,3148.0
2019-11-01 16:50:00,1572627000.0,0.28819,0.28827,0.28819,0.28821,5210.5
2019-11-01 16:51:00,1572627060.0,0.28821,0.28824,0.2881,0.2881,25097.5
2019-11-01 16:52:00,1572627120.0,0.28811,0.28816,0.2881,0.28812,8899.0
2019-11-01 16:53:00,1572627180.0,0.28811,0.28895,0.28805,0.28895,354581.2
2019-11-01 16:54:00,1572627240.0,0.28895,0.28945,0.28894,0.28921,239497.8
2019-11-01 16:55:00,1572627300.0,0.28913,0.28921,0.28902,0.28916,22356.8
2019-11-01 16:56:00,1572627360.0,0.28921,0.28922,0.2891,0.2892,63223.8
2019-11-01 16:57:00,1572627420.0,0.28916,0.28918,0.28865,0.28865,55995.3
2019-11-01 16:58:00,1572627480.0,0.28866,0.28975,0.28866,0.28941,151642.8
2019-11-01 16:59:00,1572627540.0,0.28939,0.28951,0.2891,0.2891,45900.3
2019-11-01 17:00:00,1572627600.0,0.28901,0.28921,0.28889,0.28912,54740.6
2019-11-01 17:01:00,1572627660.0,0.28898,0.289,0.28881,0.28887,7069.5
2019-11-01 17:02:00,1572627720.0,0.28887,0.28908,0.2888,0.28889,14775.6
2019-11-01 17:03:00,1572627780.0,0.28891,0.28905,0.28854,0.28894,115095.5
2019-11-01 17:04:00,1572627840.0,0.289,0.28914,0.28859,0.28863,10549.6
2019-11-01 17:05:00,1572627900.0,0.2887,0.28895,0.2887,0.28881,3870.7
2019-11-01 17:06:00,1572627960.0,0.28881,0.289,0.28881,0.28889,10695.4
2019-11-01 17:07:00,1572628020.0,0.28887,0.28911,0.28863,0.28874,41557.7
2019-11-01 17:08:00,1572628080.0,0.28875,0.28898,0.28862,0.28886,14612.3
2019-11-01 17:09:00,1572628140.0,0.2888,0.2891,0.28868,0.2891,23232.3
2019-11-01 17:10:00,1572628200.0,0.28918,0.28918,0.28842,0.28851,188011.2
2019-11-01 17:11:00,1572628260.0,0.28861,0.28878,0.2885,0.28877,41983.6
2019-11-01 17:12:00,1572628320.0,0.28879,0.28898,0.28866,0.28898,13234.5
2019-11-01 17:13:00,1572628380.0,0.28902,0.28922,0.28898,0.28902,26087.0
2019-11-01 17:14:00,1572628440.0,0.28913,0.28913,0.2888,0.28888,9070.5
2019-11-01 17:15:00,1572628500.0,0.2889,0.28893,0.28853,0.28882,25577.5
2019-11-01 17:16:00,1572628560.0,0.28861,0.2888,0.28842,0.28842,10957.7
2019-11-01 17:17:00,1572628620.0,0.28854,0.28877,0.28845,0.28871,6752.7
2019-11-01 17:18:00,1572628680.0,0.28872,0.28887,0.2885,0.28854,8890.8
2019-11-01 17:19:00,1572628740.0,0.2885,0.2887,0.28838,0.28862,9680.0
2019-11-01 17:20:00,1572628800.0,0.28862,0.28864,0.28813,0.28819,48878.1
2019-11-01 17:21:00,1572628860.0,0.28819,0.28844,0.28817,0.28824,7337.0
2019-11-01 17:22:00,1572628920.0,0.28826,0.28852,0.28826,0.28835,4554.1
2019-11-01 17:23:00,1572628980.0,0.28838,0.28849,0.28816,0.28841,50095.4
2019-11-01 17:24:00,1572629040.0,0.28837,0.28839,0.28818,0.28832,9919.6
2019-11-01 17:25:00,1572629100.0,0.28848,0.28891,0.28848,0.28886,135071.3
2019-11-01 17:26:00,1572629160.0,0.28891,0.28908,0.28861,0.28861,15321.3
2019-11-01 17:27:00,1572629220.0,0.28867,0.28898,0.28865,0.28879,31022.9
2019-11-01 17:28:00,1572629280.0,0.28879,0.28915,0.28879,0.28903,6408.4
2019-11-01 17:29:00,1572629340.0,0.28903,0.28912,0.28869,0.2889,51331.1
2019-11-01 17:30:00,1572629400.0,0.28878,0.28895,0.28878,0.28891,2617.7
2019-11-01 17:31:00,1572629460.0,0.2889,0.28916,0.28884,0.28907,18036.4
2019-11-01 17:32:00,1572629520.0,0.28908,0.28943,0.28907,0.28922,134667.9
2019-11-01 17:33:00,1572629580.0,0.28917,0.2893,0.28907,0.28923,8675.0
2019-11-01 17:34:00,1572629640.0,0.28925,0.28975,0.28911,0.28921,93923.1
2019-11-01 17:35:00,1572629700.0,0.28919,0.2893,0.28904,0.28905,46718.5
2019-11-01 17:36:00,1572629760.0,0.28898,0.28923,0.28877,0.28923,8577.5
2019-11-01 17:37:00,1572629820.0,0.28918,0.28918,0.28879,0.28881,4433.5
2019-11-01 17:38:00,1572629880.0,0.28884,0.28913,0.28882,0.28898,2439.8
2019-11-01 17:39:00,1572629940.0,0.28898,0.28911,0.28879,0.28887,13716.3
2019-11-01 17:40:00,1572630000.0,0.28882,0.28889,0.2887,0.28879,26249.4
2019-11-01 17:41:00,1572630060.0,0.28882,0.2889,0.28872,0.28888,11073.2
2019-11-01 17:42:00,1572630120.0,0.28888,0.2889,0.28875,0.2889,18423.0
2019-11-01 17:43:00,1572630180.0,0.2889,0.28899,0.28875,0.28899,18628.6
2019-11-01 17:44:00,1572630240.0,0.28905,0.28908,0.28874,0.28887,3003.1
2019-11-01 17:45:00,1572630300.0,0.28887,0.28901,0.28884,0.28887,5393.3
2019-11-01 17:46:00,1572630360.0,0.28885,0.28902,0.28872,0.28881,7749.6
2019-11-01 17:47:00,1572630420.0,0.28897,0.28905,0.28876,0.28895,3909.1
2019-11-01 17:48:00,1572630480.0,0.28895,0.28936,0.28895,0.28928,127034.8
2019-11-01 17:49:00,1572630540.0,0.2893,0.2894,0.28918,0.28931,61611.1
2019-11-01 17:50:00,1572630600.0,0.28931,0.28931,0.28917,0.28929,2364.3
2019-11-01 17:51:00,1572630660.0,0.28924,0.2895,0.28917,0.2895,70191.1
2019-11-01 17:52:00,1572630720.0,0.28954,0.28971,0.28942,0.28955,48600.9
2019-11-01 17:53:00,1572630780.0,0.28955,0.28959,0.28928,0.28929,33259.8
2019-11-01 17:54:00,1572630840.0,0.28929,0.28933,0.28928,0.28929,8023.2
2019-11-01 17:55:00,1572630900.0,0.28929,0.2893,0.28903,0.28906,28072.9
2019-11-01 17:56:00,1572630960.0,0.28908,0.2893,0.28901,0.28907,17282.6
2019-11-01 17:57:00,1572631020.0,0.28907,0.28926,0.28907,0.28926,26316.1
2019-11-01 17:58:00,1572631080.0,0.28922,0.28926,0.28921,0.28921,7312.8
2019-11-01 17:59:00,1572631140.0,0.28915,0.2892,0.28901,0.28916,70858.1
2019-11-01 18:00:00,1572631200.0,0.28916,0.28948,0.28914,0.28928,55903.8
2019-11-01 18:01:00,1572631260.0,0.28935,0.28949,0.28917,0.28949,53536.0
2019-11-01 18:02:00,1572631320.0,0.2895,0.28974,0.2895,0.28961,33764.7
2019-11-01 18:03:00,1572631380.0,0.28954,0.28961,0.28924,0.28928,33378.9
2019-11-01 18:04:00,1572631440.0,0.28935,0.28935,0.28921,0.28923,2175.2
2019-11-01 18:05:00,1572631500.0,0.28923,0.28934,0.28919,0.28928,67220.9
2019-11-01 18:06:00,1572631560.0,0.28929,0.28949,0.28925,0.28938,21085.2
2019-11-01 18:07:00,1572631620.0,0.28938,0.28949,0.28926,0.28948,5995.0
2019-11-01 18:08:00,1572631680.0,0.28948,0.28953,0.28928,0.28938,3525.5
2019-11-01 18:09:00,1572631740.0,0.28938,0.28955,0.28935,0.28951,24564.2
2019-11-01 18:10:00,1572631800.0,0.28952,0.28962,0.28941,0.2896,11382.7
2019-11-01 18:11:00,1572631860.0,0.2896,0.28972,0.28957,0.2897,17773.7
2019-11-01 18:12:00,1572631920.0,0.28969,0.29021,0.28962,0.2902,257363.5
2019-11-01 18:13:00,1572631980.0,0.29015,0.29043,0.29008,0.29037,167701.2
2019-11-01 18:14:00,1572632040.0,0.29037,0.29042,0.29007,0.29019,73777.5
2019-11-01 18:15:00,1572632100.0,0.29019,0.29031,0.28999,0.28999,83514.5
2019-11-01 18:16:00,1572632160.0,0.28997,0.29,0.28961,0.28962,88037.0
2019-11-01 18:17:00,1572632220.0,0.28964,0.28966,0.28928,0.28936,250216.3
2019-11-01 18:18:00,1572632280.0,0.28936,0.28936,0.28917,0.28918,28169.8
2019-11-01 18:19:00,1572632340.0,0.28918,0.28935,0.28914,0.2893,4369.2
2019-11-01 18:20:00,1572632400.0,0.28936,0.28939,0.28919,0.28926,10009.4
2019-11-01 18:21:00,1572632460.0,0.28926,0.28931,0.28917,0.28925,11371.4
2019-11-01 18:22:00,1572632520.0,0.28925,0.28942,0.28917,0.28938,12631.3
2019-11-01 18:23:00,1572632580.0,0.28938,0.28938,0.28905,0.28915,58676.4
2019-11-01 18:24:00,1572632640.0,0.2892,0.28932,0.28887,0.28898,145189.5
2019-11-01 18:25:00,1572632700.0,0.28903,0.2891,0.28897,0.289,80154.0
2019-11-01 18:26:00,1572632760.0,0.28892,0.28896,0.28852,0.28863,78895.6
2019-11-01 18:27:00,1572632820.0,0.28864,0.28875,0.28863,0.28874,24012.6
2019-11-01 18:28:00,1572632880.0,0.28874,0.28888,0.28862,0.28867,18311.3
2019-11-01 18:29:00,1572632940.0,0.28861,0.28886,0.2886,0.28879,4127.0
2019-11-01 18:30:00,1572633000.0,0.28879,0.28894,0.28879,0.28883,7527.8
2019-11-01 18:31:00,1572633060.0,0.28879,0.28894,0.28867,0.28872,26030.7
2019-11-01 18:32:00,1572633120.0,0.28874,0.28895,0.28859,0.28895,17158.6
2019-11-01 18:33:00,1572633180.0,0.28895,0.28915,0.2887,0.2887,39388.8
2019-11-01 18:34:00,1572633240.0,0.28875,0.28889,0.28868,0.28878,25303.5
2019-11-01 18:35:00,1572633300.0,0.28879,0.28933,0.28878,0.2892,47664.6
2019-11-01 18:36:00,1572633360.0,0.2892,0.28929,0.28904,0.28913,27602.2
2019-11-01 18:37:00,1572633420.0,0.28917,0.28966,0.28901,0.28946,57523.3
2019-11-01 18:38:00,1572633480.0,0.28942,0.28957,0.28927,0.28927,35130.7
2019-11-01 18:39:00,1572633540.0,0.28927,0.28941,0.28912,0.28919,25027.4
2019-11-01 18:40:00,1572633600.0,0.2892,0.28954,0.2892,0.28954,23404.3
2019-11-01 18:41:00,1572633660.0,0.28938,0.28958,0.28908,0.28916,37343.3
2019-11-01 18:42:00,1572633720.0,0.28914,0.28928,0.28901,0.28902,26907.0
2019-11-01 18:43:00,1572633780.0,0.28909,0.28935,0.289,0.289,46327.5
2019-11-01 18:44:00,1572633840.0,0.28922,0.28953,0.28919,0.28948,35434.0
2019-11-01 18:45:00,1572633900.0,0.28943,0.28956,0.28915,0.28915,5767.5
2019-11-01 18:46:00,1572633960.0,0.28918,0.28933,0.289,0.28901,24702.7
2019-11-01 18:47:00,1572634020.0,0.28911,0.28911,0.28903,0.28905,20309.5
2019-11-01 18:48:00,1572634080.0,0.28905,0.28926,0.28891,0.28914,84009.3
2019-11-01 18:49:00,1572634140.0,0.28909,0.28921,0.28884,0.28903,27261.8
2019-11-01 18:50:00,1572634200.0,0.28897,0.28915,0.28884,0.28891,9347.8
2019-11-01 18:51:00,1572634260.0,0.28892,0.28909,0.28885,0.28888,9688.8
2019-11-01 18:52:00,1572634320.0,0.28887,0.28919,0.28881,0.289,37841.0
2019-11-01 18:53:00,1572634380.0,0.289,0.289,0.28879,0.28889,38735.6
2019-11-01 18:54:00,1572634440.0,0.28895,0.28934,0.28891,0.28918,22010.5
2019-11-01 18:55:00,1572634500.0,0.28919,0.28919,0.2888,0.28881,22306.2
2019-11-01 18:56:00,1572634560.0,0.28885,0.28907,0.28884,0.28892,24290.5
2019-11-01 18:57:00,1572634620.0,0.28893,0.28918,0.28888,0.28893,21463.2
2019-11-01 18:58:00,1572634680.0,0.28893,0.28908,0.28888,0.28893,35732.9
2019-11-01 18:59:00,1572634740.0,0.28898,0.28923,0.28896,0.28911,12311.2
2019-11-01 19:00:00,1572634800.0,0.2892,0.28944,0.28918,0.28932,39851.4
2019-11-01 19:01:00,1572634860.0,0.28932,0.28939,0.28889,0.28891,60785.0
2019-11-01 19:02:00,1572634920.0,0.28896,0.28919,0.28896,0.28914,51012.7
2019-11-01 19:03:00,1572634980.0,0.28914,0.28932,0.289,0.28931,32751.2
2019-11-01 19:04:00,1572635040.0,0.2892,0.28956,0.28911,0.28921,37775.9
2019-11-01 19:05:00,1572635100.0,0.28921,0.28949,0.2892,0.28949,36593.7
2019-11-01 19:06:00,1572635160.0,0.28952,0.28952,0.28927,0.28937,31458.6
2019-11-01 19:07:00,1572635220.0,0.28937,0.28965,0.28937,0.28964,54388.2
2019-11-01 19:08:00,1572635280.0,0.28963,0.28965,0.2893,0.2893,79114.9
2019-11-01 19:09:00,1572635340.0,0.2893,0.2893,0.28892,0.28909,131945.8
2019-11-01 19:10:00,1572635400.0,0.28911,0.28917,0.289,0.289,23984.6
2019-11-01 19:11:00,1572635460.0,0.28905,0.28922,0.289,0.28907,16808.8
2019-11-01 19:12:00,1572635520.0,0.28907,0.28918,0.289,0.289,50868.9
2019-11-01 19:13:00,1572635580.0,0.28896,0.28909,0.28888,0.28909,91100.2
2019-11-01 19:14:00,1572635640.0,0.28909,0.28919,0.28892,0.28919,4780.2
2019-11-01 19:15:00,1572635700.0,0.28914,0.28945,0.28903,0.28915,53432.2
2019-11-01 19:16:00,1572635760.0,0.2891,0.2891,0.2889,0.28893,8685.2
2019-11-01 19:17:00,1572635820.0,0.28889,0.28908,0.28889,0.28907,18488.3
2019-11-01 19:18:00,1572635880.0,0.28907,0.28942,0.28907,0.28933,12886.5
2019-11-01 19:19:00,1572635940.0,0.28932,0.28949,0.28926,0.28926,34569.3
2019-11-01 19:20:00,1572636000.0,0.28918,0.28943,0.2891,0.28922,39077.0
2019-11-01 19:21:00,1572636060.0,0.28915,0.28933,0.2891,0.28912,8028.6
2019-11-01 19:22:00,1572636120.0,0.28912,0.28952,0.2891,0.28935,9732.7
2019-11-01 19:23:00,1572636180.0,0.28951,0.28951,0.2893,0.28937,17243.6
2019-11-01 19:24:00,1572636240.0,0.28926,0.28953,0.28926,0.28948,3886.3
2019-11-01 19:25:00,1572636300.0,0.28948,0.28948,0.28919,0.28926,23412.9
2019-11-01 19:26:00,1572636360.0,0.28924,0.28955,0.28912,0.28918,14021.9
2019-11-01 19:27:00,1572636420.0,0.28924,0.28929,0.28919,0.28922,1068.1
2019-11-01 19:28:00,1572636480.0,0.28928,0.28954,0.28915,0.28946,6569.0
2019-11-01 19:29:00,1572636540.0,0.28936,0.28945,0.2891,0.28932,7240.6
2019-11-01 19:30:00,1572636600.0,0.28931,0.28954,0.2893,0.28946,19030.4
2019-11-01 19:31:00,1572636660.0,0.28935,0.28983,0.28935,0.28973,22498.5
2019-11-01 19:32:00,1572636720.0,0.28979,0.2898,0.28955,0.2897,28487.3
2019-11-01 19:33:00,1572636780.0,0.28974,0.28995,0.28967,0.28987,53227.5
2019-11-01 19:34:00,1572636840.0,0.28973,0.28988,0.28972,0.28978,10492.5
2019-11-01 19:35:00,1572636900.0,0.28978,0.28978,0.28941,0.28941,43492.2
2019-11-01 19:36:00,1572636960.0,0.28941,0.28942,0.2891,0.2892,52307.5
2019-11-01 19:37:00,1572637020.0,0.28921,0.28941,0.28921,0.28935,15339.8
2019-11-01 19:38:00,1572637080.0,0.28944,0.28946,0.28936,0.28946,12032.2
2019-11-01 19:39:00,1572637140.0,0.2895,0.28963,0.28937,0.28955,24200.8
2019-11-01 19:40:00,1572637200.0,0.28956,0.28977,0.28943,0.28963,176717.6
2019-11-01 19:41:00,1572637260.0,0.28968,0.29005,0.2896,0.29005,102829.0
2019-11-01 19:42:00,1572637320.0,0.29007,0.2902,0.28997,0.29012,43338.0
2019-11-01 19:43:00,1572637380.0,0.29013,0.29034,0.29002,0.29006,24815.0
2019-11-01 19:44:00,1572637440.0,0.29006,0.29014,0.28969,0.28983,12643.0
2019-11-01 19:45:00,1572637500.0,0.28986,0.28987,0.28963,0.28967,3451.1
2019-11-01 19:46:00,1572637560.0,0.28969,0.28978,0.28955,0.28971,17133.5
2019-11-01 19:47:00,1572637620.0,0.28958,0.28961,0.2893,0.28932,84276.0
2019-11-01 19:48:00,1572637680.0,0.28941,0.28962,0.28925,0.2895,49460.8
2019-11-01 19:49:00,1572637740.0,0.28956,0.28965,0.28946,0.28965,15615.5
2019-11-01 19:50:00,1572637800.0,0.2896,0.28971,0.2895,0.28955,33758.4
2019-11-01 19:51:00,1572637860.0,0.28961,0.28966,0.28961,0.28965,1364.3
2019-11-01 19:52:00,1572637920.0,0.28966,0.28966,0.28943,0.28961,4220.8
2019-11-01 19:53:00,1572637980.0,0.28961,0.29013,0.28961,0.29007,56635.3
2019-11-01 19:54:00,1572638040.0,0.29006,0.29011,0.28983,0.28983,3016.3
2019-11-01 19:55:00,1572638100.0,0.28989,0.28996,0.28967,0.28979,2220.8
2019-11-01 19:56:00,1572638160.0,0.2898,0.2899,0.2897,0.28984,1127.6
2019-11-01 19:57:00,1572638220.0,0.28984,0.28985,0.28957,0.28957,22236.4
2019-11-01 19:58:00,1572638280.0,0.28966,0.28967,0.28951,0.28952,22087.1
2019-11-01 19:59:00,1572638340.0,0.28954,0.28972,0.28952,0.28963,12737.3
2019-11-01 20:00:00,1572638400.0,0.28964,0.29018,0.28957,0.28997,23989.3
2019-11-01 20:01:00,1572638460.0,0.28989,0.28993,0.28951,0.2896,126436.8
2019-11-01 20:02:00,1572638520.0,0.28961,0.29011,0.28956,0.2899,38294.3
2019-11-01 20:03:00,1572638580.0,0.28997,0.29011,0.28987,0.29005,2335.4
2019-11-01 20:04:00,1572638640.0,0.29005,0.2904,0.29002,0.29012,72649.3
2019-11-01 20:05:00,1572638700.0,0.29026,0.29039,0.29017,0.29026,56964.0
2019-11-01 20:06:00,1572638760.0,0.29026,0.2903,0.29001,0.29024,60495.8
2019-11-01 20:07:00,1572638820.0,0.29024,0.29069,0.29024,0.29047,98341.9
2019-11-01 20:08:00,1572638880.0,0.29027,0.29035,0.29014,0.29027,14786.7
2019-11-01 20:09:00,1572638940.0,0.29031,0.29042,0.29029,0.29041,17967.6
2019-11-01 20:10:00,1572639000.0,0.29039,0.29078,0.29039,0.29061,199655.1
2019-11-01 20:11:00,1572639060.0,0.29065,0.29071,0.29035,0.29062,62953.1
2019-11-01 20:12:00,1572639120.0,0.29063,0.29089,0.29047,0.29074,73913.0
2019-11-01 20:13:00,1572639180.0,0.29071,0.29087,0.29038,0.29057,19984.8
2019-11-01 20:14:00,1572639240.0,0.29058,0.29058,0.2903,0.29031,11129.8
2019-11-01 20:15:00,1572639300.0,0.29033,0.29038,0.29,0.29009,63464.1
2019-11-01 20:16:00,1572639360.0,0.29012,0.29012,0.28992,0.28992,35497.2
2019-11-01 20:17:00,1572639420.0,0.28992,0.29002,0.2898,0.28988,10748.9
2019-11-01 20:18:00,1572639480.0,0.28987,0.28998,0.28959,0.28964,136576.6
2019-11-01 20:19:00,1572639540.0,0.28963,0.28982,0.28945,0.28951,25980.4
2019-11-01 20:20:00,1572639600.0,0.28948,0.28953,0.28945,0.28952,6886.8
2019-11-01 20:21:00,1572639660.0,0.28953,0.28954,0.28923,0.28929,57753.1
2019-11-01 20:22:00,1572639720.0,0.28939,0.2894,0.28918,0.28918,8016.7
2019-11-01 20:23:00,1572639780.0,0.28924,0.28941,0.28918,0.2892,21647.5
2019-11-01 20:24:00,1572639840.0,0.2892,0.28979,0.2892,0.28968,21555.4
2019-11-01 20:25:00,1572639900.0,0.28968,0.28997,0.28959,0.2896,97793.8
2019-11-01 20:26:00,1572639960.0,0.28968,0.28991,0.28947,0.28987,5552.4
2019-11-01 20:27:00,1572640020.0,0.28995,0.29014,0.28979,0.28979,59323.7
2019-11-01 20:28:00,1572640080.0,0.28993,0.2901,0.28971,0.29005,23691.1
2019-11-01 20:29:00,1572640140.0,0.2901,0.29031,0.29001,0.29031,23722.8
2019-11-01 20:30:00,1572640200.0,0.29031,0.29043,0.2899,0.29021,25825.1
2019-11-01 20:31:00,1572640260.0,0.29038,0.29046,0.29019,0.29044,7200.3
2019-11-01 20:32:00,1572640320.0,0.29044,0.29055,0.29025,0.29043,14365.0
2019-11-01 20:33:00,1572640380.0,0.29028,0.29039,0.29021,0.29026,6489.8
2019-11-01 20:34:00,1572640440.0,0.29023,0.29029,0.29001,0.29001,46589.6
2019-11-01 20:35:00,1572640500.0,0.29009,0.29012,0.28982,0.2899,42494.8
2019-11-01 20:36:00,1572640560.0,0.2899,0.29015,0.28985,0.29,6845.1
2019-11-01 20:37:00,1572640620.0,0.29,0.29015,0.28999,0.29004,9997.8
2019-11-01 20:38:00,1572640680.0,0.29014,0.29027,0.29013,0.29016,19766.4
2019-11-01 20:39:00,1572640740.0,0.29016,0.29029,0.29014,0.29025,1520.4
2019-11-01 20:40:00,1572640800.0,0.29021,0.29023,0.29017,0.29017,599.2
2019-11-01 20:41:00,1572640860.0,0.29019,0.29047,0.29017,0.29047,1858.4
2019-11-01 20:42:00,1572640920.0,0.29043,0.29044,0.29017,0.29019,3018.0
2019-11-01 20:43:00,1572640980.0,0.29019,0.29038,0.29013,0.29032,2937.1
2019-11-01 20:44:00,1572641040.0,0.2902,0.29037,0.2902,0.29037,10390.1
2019-11-01 20:45:00,1572641100.0,0.29037,0.29037,0.29025,0.2903,8848.0
2019-11-01 20:46:00,1572641160.0,0.29036,0.29049,0.29025,0.29038,2678.6
2019-11-01 20:47:00,1572641220.0,0.29038,0.29074,0.29036,0.29066,15156.8
2019-11-01 20:48:00,1572641280.0,0.29066,0.29084,0.29059,0.29074,8668.0
2019-11-01 20:49:00,1572641340.0,0.29079,0.29095,0.29074,0.29095,12472.2
2019-11-01 20:50:00,1572641400.0,0.29089,0.29099,0.29083,0.29098,31073.0
2019-11-01 20:51:00,1572641460.0,0.29098,0.29101,0.29083,0.29089,30272.6
2019-11-01 20:52:00,1572641520.0,0.29095,0.29098,0.29084,0.2909,9897.2
2019-11-01 20:53:00,1572641580.0,0.2909,0.29103,0.29088,0.29101,22243.5
2019-11-01 20:54:00,1572641640.0,0.29103,0.2913,0.29095,0.29122,195408.0
2019-11-01 20:55:00,1572641700.0,0.29126,0.29139,0.29122,0.29131,18533.4
2019-11-01 20:56:00,1572641760.0,0.2913,0.29131,0.29077,0.29091,61567.9
2019-11-01 20:57:00,1572641820.0,0.29091,0.29095,0.29067,0.29093,9012.6
2019-11-01 20:58:00,1572641880.0,0.29074,0.2909,0.29068,0.29076,14023.9
2019-11-01 20:59:00,1572641940.0,0.29077,0.29099,0.29072,0.29081,1644.0
2019-11-01 21:00:00,1572642000.0,0.29084,0.29099,0.29074,0.29076,3877.4
2019-11-01 21:01:00,1572642060.0,0.29076,0.29092,0.29076,0.29091,5673.7
2019-11-01 21:02:00,1572642120.0,0.29091,0.291,0.29088,0.29095,55301.8
2019-11-01 21:03:00,1572642180.0,0.29095,0.29117,0.29095,0.29113,8872.7
2019-11-01 21:04:00,1572642240.0,0.29114,0.2912,0.29096,0.29104,42707.6
2019-11-01 21:05:00,1572642300.0,0.29105,0.2912,0.29102,0.29116,15155.8
2019-11-01 21:06:00,1572642360.0,0.29116,0.29121,0.29084,0.29084,66019.2
2019-11-01 21:07:00,1572642420.0,0.29097,0.29109,0.29084,0.29099,7892.8
2019-11-01 21:08:00,1572642480.0,0.29111,0.29119,0.29096,0.29099,6687.5
2019-11-01 21:09:00,1572642540.0,0.29099,0.2912,0.29099,0.29116,13522.8
2019-11-01 21:10:00,1572642600.0,0.29111,0.2912,0.29089,0.2912,3682.1
2019-11-01 21:11:00,1572642660.0,0.29108,0.29122,0.291,0.2912,1830.0
2019-11-01 21:12:00,1572642720.0,0.29119,0.29119,0.29088,0.29098,94792.7
2019-11-01 21:13:00,1572642780.0,0.29094,0.29108,0.29053,0.2906,164006.1
2019-11-01 21:14:00,1572642840.0,0.29059,0.29066,0.2905,0.29064,26692.4
2019-11-01 21:15:00,1572642900.0,0.29051,0.29081,0.2905,0.29079,49351.1
2019-11-01 21:16:00,1572642960.0,0.2906,0.29081,0.29048,0.29077,2965.1
2019-11-01 21:17:00,1572643020.0,0.29061,0.29083,0.29053,0.29083,8367.8
2019-11-01 21:18:00,1572643080.0,0.29085,0.29087,0.29051,0.29076,6096.0
2019-11-01 21:19:00,1572643140.0,0.29072,0.29077,0.2905,0.29076,1736.4
2019-11-01 21:20:00,1572643200.0,0.29066,0.29077,0.29054,0.29074,3930.0
2019-11-01 21:21:00,1572643260.0,0.29065,0.29077,0.29053,0.29077,2452.4
2019-11-01 21:22:00,1572643320.0,0.29076,0.29076,0.29054,0.29072,7966.3
2019-11-01 21:23:00,1572643380.0,0.29069,0.29075,0.29054,0.29075,1931.2
2019-11-01 21:24:00,1572643440.0,0.29075,0.29075,0.2906,0.29073,1085.4
2019-11-01 21:25:00,1572643500.0,0.29072,0.29101,0.29072,0.29095,54618.0
2019-11-01 21:26:00,1572643560.0,0.29104,0.29109,0.2908,0.29081,8588.6
2019-11-01 21:27:00,1572643620.0,0.29085,0.29109,0.29084,0.29109,8600.8
2019-11-01 21:28:00,1572643680.0,0.29105,0.29138,0.29103,0.29138,9919.8
2019-11-01 21:29:00,1572643740.0,0.29127,0.29141,0.29104,0.29126,135712.1
2019-11-01 21:30:00,1572643800.0,0.29131,0.29142,0.29131,0.2914,22273.8
2019-11-01 21:31:00,1572643860.0,0.29137,0.29141,0.29131,0.29131,4115.6
2019-11-01 21:32:00,1572643920.0,0.29136,0.2914,0.29118,0.29134,1551.4
2019-11-01 21:33:00,1572643980.0,0.2912,0.29134,0.29117,0.29121,2003.2
2019-11-01 21:34:00,1572644040.0,0.29132,0.29148,0.29116,0.29122,31387.9
2019-11-01 21:35:00,1572644100.0,0.29142,0.29142,0.29121,0.29138,9397.4
2019-11-01 21:36:00,1572644160.0,0.2914,0.29148,0.29128,0.29147,5800.8
2019-11-01 21:37:00,1572644220.0,0.29147,0.29148,0.29107,0.29107,23584.8
2019-11-01 21:38:00,1572644280.0,0.2912,0.2913,0.291,0.29105,33404.9
2019-11-01 21:39:00,1572644340.0,0.29105,0.29118,0.29088,0.29094,23906.9
2019-11-01 21:40:00,1572644400.0,0.29086,0.2911,0.29077,0.29107,4525.1
2019-11-01 21:41:00,1572644460.0,0.29102,0.29102,0.2908,0.29099,7661.5
2019-11-01 21:42:00,1572644520.0,0.29092,0.29148,0.29082,0.29147,72964.5
2019-11-01 21:43:00,1572644580.0,0.29139,0.29171,0.29129,0.29171,182174.5
2019-11-01 21:44:00,1572644640.0,0.29173,0.29175,0.29112,0.29144,26726.4
2019-11-01 21:45:00,1572644700.0,0.29122,0.29143,0.29044,0.29078,299967.0
2019-11-01 21:46:00,1572644760.0,0.29063,0.29064,0.29037,0.29059,30478.6
2019-11-01 21:47:00,1572644820.0,0.29071,0.29071,0.29039,0.29059,2896.9
2019-11-01 21:48:00,1572644880.0,0.29059,0.29072,0.29053,0.2907,16382.2
2019-11-01 21:49:00,1572644940.0,0.29077,0.29092,0.2907,0.29087,38422.9
2019-11-01 21:50:00,1572645000.0,0.29091,0.29132,0.29089,0.29115,83578.6
2019-11-01 21:51:00,1572645060.0,0.291,0.29102,0.29047,0.29047,118629.0
2019-11-01 21:52:00,1572645120.0,0.29047,0.29057,0.29047,0.29047,4322.9
2019-11-01 21:53:00,1572645180.0,0.29047,0.29065,0.29047,0.29051,16929.6
2019-11-01 21:54:00,1572645240.0,0.2905,0.29073,0.2905,0.29064,2855.6
2019-11-01 21:55:00,1572645300.0,0.29065,0.29065,0.29031,0.29044,26134.4
2019-11-01 21:56:00,1572645360.0,0.29037,0.29055,0.29031,0.29038,16642.2
2019-11-01 21:57:00,1572645420.0,0.29043,0.29065,0.29033,0.29051,17654.8
2019-11-01 21:58:00,1572645480.0,0.29052,0.2906,0.29041,0.2906,5734.5
2019-11-01 21:59:00,1572645540.0,0.2906,0.29095,0.2906,0.29094,23700.6
2019-11-01 22:00:00,1572645600.0,0.29095,0.29116,0.29071,0.29105,64826.0
2019-11-01 22:01:00,1572645660.0,0.29092,0.29121,0.29092,0.29121,16824.3
2019-11-01 22:02:00,1572645720.0,0.29101,0.29128,0.291,0.29107,37864.7
2019-11-01 22:03:00,1572645780.0,0.29105,0.29132,0.29101,0.2912,59637.5
2019-11-01 22:04:00,1572645840.0,0.29117,0.29141,0.29109,0.29137,13766.8
2019-11-01 22:05:00,1572645900.0,0.29138,0.2914,0.29134,0.29136,24333.9
2019-11-01 22:06:00,1572645960.0,0.29134,0.29168,0.29134,0.29163,65093.0
2019-11-01 22:07:00,1572646020.0,0.29163,0.29178,0.29162,0.29162,61395.3
2019-11-01 22:08:00,1572646080.0,0.29167,0.29176,0.29143,0.2917,95302.1
2019-11-01 22:09:00,1572646140.0,0.2917,0.29178,0.29155,0.29178,16721.9
2019-11-01 22:10:00,1572646200.0,0.29178,0.2918,0.29144,0.29163,12890.0
2019-11-01 22:11:00,1572646260.0,0.29163,0.29163,0.29112,0.29112,13876.9
2019-11-01 22:12:00,1572646320.0,0.29131,0.29182,0.29127,0.29172,23816.5
2019-11-01 22:13:00,1572646380.0,0.2915,0.2916,0.29131,0.29157,4890.3
2019-11-01 22:14:00,1572646440.0,0.29151,0.2916,0.29138,0.29148,4394.5
2019-11-01 22:15:00,1572646500.0,0.29141,0.29154,0.2911,0.2911,20576.7
2019-11-01 22:16:00,1572646560.0,0.29113,0.29134,0.29102,0.29134,17535.0
2019-11-01 22:17:00,1572646620.0,0.2911,0.2911,0.29101,0.29108,18580.1
2019-11-01 22:18:00,1572646680.0,0.29108,0.29142,0.29108,0.29134,16520.0
2019-11-01 22:19:00,1572646740.0,0.29138,0.29138,0.29118,0.29119,1683.1
2019-11-01 22:20:00,1572646800.0,0.29118,0.29118,0.29079,0.29093,63292.1
2019-11-01 22:21:00,1572646860.0,0.29094,0.291,0.29075,0.29086,4128.8
2019-11-01 22:22:00,1572646920.0,0.29088,0.29117,0.29079,0.2911,14974.5
2019-11-01 22:23:00,1572646980.0,0.2911,0.29119,0.29085,0.29085,3914.6
2019-11-01 22:24:00,1572647040.0,0.29113,0.29118,0.29096,0.29112,12624.2
2019-11-01 22:25:00,1572647100.0,0.29112,0.29119,0.29085,0.2911,5774.8
2019-11-01 22:26:00,1572647160.0,0.2912,0.2912,0.29099,0.2911,3632.9
2019-11-01 22:27:00,1572647220.0,0.29112,0.29129,0.29103,0.29129,10440.7
2019-11-01 22:28:00,1572647280.0,0.29116,0.29129,0.29109,0.29128,2862.2
2019-11-01 22:29:00,1572647340.0,0.29128,0.2915,0.29128,0.29148,10211.3
2019-11-01 22:30:00,1572647400.0,0.29144,0.29158,0.29131,0.29153,22265.6
2019-11-01 22:31:00,1572647460.0,0.29167,0.29169,0.29133,0.29143,14142.9
2019-11-01 22:32:00,1572647520.0,0.29139,0.29143,0.29121,0.29136,3565.3
2019-11-01 22:33:00,1572647580.0,0.29137,0.29155,0.2913,0.29154,20587.4
2019-11-01 22:34:00,1572647640.0,0.29154,0.29158,0.29132,0.29144,1000.3
2019-11-01 22:35:00,1572647700.0,0.29144,0.29146,0.29129,0.2913,1116.2
2019-11-01 22:36:00,1572647760.0,0.2913,0.29142,0.29124,0.29141,4977.6
2019-11-01 22:37:00,1572647820.0,0.29141,0.2916,0.29131,0.29137,15693.3
2019-11-01 22:38:00,1572647880.0,0.2916,0.2916,0.29125,0.29142,3559.3
2019-11-01 22:39:00,1572647940.0,0.29137,0.29147,0.29125,0.29127,2942.4
2019-11-01 22:40:00,1572648000.0,0.29136,0.29148,0.29127,0.29139,1917.4
2019-11-01 22:41:00,1572648060.0,0.29139,0.29154,0.29127,0.29132,4613.8
2019-11-01 22:42:00,1572648120.0,0.2914,0.29156,0.29128,0.2914,3509.3
2019-11-01 22:43:00,1572648180.0,0.2915,0.2916,0.29132,0.29132,16539.2
2019-11-01 22:44:00,1572648240.0,0.29137,0.29148,0.29123,0.29143,8917.1
2019-11-01 22:45:00,1572648300.0,0.29123,0.29144,0.29123,0.29144,13298.4
2019-11-01 22:46:00,1572648360.0,0.29145,0.29157,0.29133,0.2915,9910.3
2019-11-01 22:47:00,1572648420.0,0.29148,0.2915,0.29124,0.29131,7138.4
2019-11-01 22:48:00,1572648480.0,0.29134,0.29143,0.29113,0.2912,26600.1
2019-11-01 22:49:00,1572648540.0,0.29125,0.29126,0.29111,0.29117,22843.9
2019-11-01 22:50:00,1572648600.0,0.2912,0.29147,0.2912,0.29135,24335.5
2019-11-01 22:51:00,1572648660.0,0.29132,0.29142,0.29118,0.29123,6499.3
2019-11-01 22:52:00,1572648720.0,0.2912,0.29132,0.2912,0.29122,34510.9
2019-11-01 22:53:00,1572648780.0,0.29126,0.29132,0.2912,0.29132,23075.2
2019-11-01 22:54:00,1572648840.0,0.29132,0.29138,0.29119,0.29124,33924.6
2019-11-01 22:55:00,1572648900.0,0.2912,0.29129,0.29111,0.29118,23172.6
2019-11-01 22:56:00,1572648960.0,0.29125,0.29139,0.29114,0.29138,86156.1
2019-11-01 22:57:00,1572649020.0,0.29132,0.29142,0.29131,0.29141,2155.9
2019-11-01 22:58:00,1572649080.0,0.29142,0.29142,0.29119,0.29119,59593.1
2019-11-01 22:59:00,1572649140.0,0.29113,0.29126,0.29104,0.29125,35483.1
2019-11-01 23:00:00,1572649200.0,0.2912,0.29147,0.29108,0.29143,119205.7
2019-11-01 23:01:00,1572649260.0,0.29144,0.29145,0.29111,0.2913,16235.9
2019-11-01 23:02:00,1572649320.0,0.2913,0.29131,0.29103,0.29123,26433.8
2019-11-01 23:03:00,1572649380.0,0.29122,0.29145,0.29122,0.29129,72432.8
2019-11-01 23:04:00,1572649440.0,0.2913,0.29134,0.29119,0.29134,4892.4
2019-11-01 23:05:00,1572649500.0,0.29129,0.29148,0.29129,0.2914,16011.1
2019-11-01 23:06:00,1572649560.0,0.29145,0.29146,0.29137,0.29137,19760.1
2019-11-01 23:07:00,1572649620.0,0.29134,0.29148,0.2912,0.29141,13078.6
2019-11-01 23:08:00,1572649680.0,0.29145,0.29148,0.29126,0.29133,24173.6
2019-11-01 23:09:00,1572649740.0,0.29145,0.29145,0.29113,0.29118,69720.9
2019-11-01 23:10:00,1572649800.0,0.2912,0.2912,0.29105,0.29112,21411.3
2019-11-01 23:11:00,1572649860.0,0.29112,0.29115,0.29103,0.29106,30440.0
2019-11-01 23:12:00,1572649920.0,0.29105,0.29129,0.29105,0.29118,92950.9
2019-11-01 23:13:00,1572649980.0,0.29107,0.2913,0.29091,0.2912,26578.2
2019-11-01 23:14:00,1572650040.0,0.29118,0.29118,0.29097,0.291,4978.4
2019-11-01 23:15:00,1572650100.0,0.291,0.29104,0.29089,0.29104,3988.6
2019-11-01 23:16:00,1572650160.0,0.291,0.29108,0.2908,0.29083,10058.4
2019-11-01 23:17:00,1572650220.0,0.29086,0.2909,0.29075,0.29088,32233.0
2019-11-01 23:18:00,1572650280.0,0.29088,0.29109,0.29087,0.29095,125243.3
2019-11-01 23:19:00,1572650340.0,0.29096,0.291,0.29084,0.29096,9412.8
2019-11-01 23:20:00,1572650400.0,0.29097,0.2915,0.29097,0.29138,158721.3
2019-11-01 23:21:00,1572650460.0,0.29134,0.29152,0.29128,0.29141,45202.8
2019-11-01 23:22:00,1572650520.0,0.29135,0.29138,0.2911,0.29133,5678.5
2019-11-01 23:23:00,1572650580.0,0.29118,0.2912,0.29084,0.29093,49477.5
2019-11-01 23:24:00,1572650640.0,0.2909,0.29118,0.29082,0.29111,12128.7
2019-11-01 23:25:00,1572650700.0,0.29109,0.29119,0.29101,0.29112,2362.1
2019-11-01 23:26:00,1572650760.0,0.29112,0.29148,0.29101,0.29142,14701.0
2019-11-01 23:27:00,1572650820.0,0.29151,0.29151,0.29102,0.29118,52971.3
2019-11-01 23:28:00,1572650880.0,0.29115,0.29127,0.29106,0.29121,1604.7
2019-11-01 23:29:00,1572650940.0,0.29121,0.29132,0.29075,0.2909,231487.8
2019-11-01 23:30:00,1572651000.0,0.29096,0.29124,0.29086,0.29115,69115.3
2019-11-01 23:31:00,1572651060.0,0.29113,0.29132,0.29111,0.29127,10883.4
2019-11-01 23:32:00,1572651120.0,0.29125,0.29129,0.29105,0.29105,8872.4
2019-11-01 23:33:00,1572651180.0,0.29105,0.29116,0.291,0.2911,33749.8
2019-11-01 23:34:00,1572651240.0,0.2911,0.29139,0.29106,0.29124,8502.1
2019-11-01 23:35:00,1572651300.0,0.29115,0.29127,0.29107,0.2912,2557.0
2019-11-01 23:36:00,1572651360.0,0.29127,0.29139,0.29122,0.29133,12780.9
2019-11-01 23:37:00,1572651420.0,0.29138,0.2915,0.29134,0.29137,14202.4
2019-11-01 23:38:00,1572651480.0,0.2914,0.29144,0.29131,0.29136,12582.6
2019-11-01 23:39:00,1572651540.0,0.29141,0.29142,0.29131,0.29139,32962.1
2019-11-01 23:40:00,1572651600.0,0.29136,0.29144,0.29132,0.29134,6118.5
2019-11-01 23:41:00,1572651660.0,0.29134,0.29145,0.29119,0.29137,7620.9
2019-11-01 23:42:00,1572651720.0,0.29141,0.29141,0.29117,0.29119,12229.2
2019-11-01 23:43:00,1572651780.0,0.29122,0.29123,0.29105,0.29105,1771.2
2019-11-01 23:44:00,1572651840.0,0.29116,0.29119,0.29106,0.29116,35899.1
2019-11-01 23:45:00,1572651900.0,0.29115,0.29132,0.29103,0.29121,94008.2
2019-11-01 23:46:00,1572651960.0,0.29121,0.29137,0.29101,0.29127,24682.4
2019-11-01 23:47:00,1572652020.0,0.29127,0.29135,0.29107,0.29132,37113.1
2019-11-01 23:48:00,1572652080.0,0.29128,0.29143,0.29126,0.29142,14517.3
2019-11-01 23:49:00,1572652140.0,0.29143,0.29143,0.29128,0.29142,8004.6
2019-11-01 23:50:00,1572652200.0,0.29132,0.29141,0.29116,0.29128,594.7
2019-11-01 23:51:00,1572652260.0,0.29128,0.29143,0.29127,0.29142,15034.6
2019-11-01 23:52:00,1572652320.0,0.29141,0.29157,0.29138,0.29141,6946.4
2019-11-01 23:53:00,1572652380.0,0.29142,0.29152,0.2912,0.29142,24140.9
2019-11-01 23:54:00,1572652440.0,0.29141,0.29145,0.29133,0.2914,36180.7
2019-11-01 23:55:00,1572652500.0,0.29138,0.29141,0.29129,0.29141,13509.4
2019-11-01 23:56:00,1572652560.0,0.29137,0.29146,0.29133,0.29139,7649.8
2019-11-01 23:57:00,1572652620.0,0.29133,0.29155,0.2912,0.29139,64935.1
2019-11-01 23:58:00,1572652680.0,0.29135,0.29141,0.29118,0.29141,1982.8
2019-11-01 23:59:00,1572652740.0,0.29134,0.29153,0.2913,0.29146,4780.1
