Universal Time,Unix Time,Open,High,Low,Close,Volume
2018-01-16 00:00:00,1516060800.0,19.4376,19.4473,19.3794,19.4473,1103.08
2018-01-16 00:01:00,1516060860.0,19.381,19.4475,19.35,19.3793,1489.71
2018-01-16 00:02:00,1516060920.0,19.3793,19.3793,19.3793,19.3793,2.0
2018-01-16 00:03:00,1516060980.0,19.3793,19.3793,19.3501,19.3505,256.48
2018-01-16 00:04:00,1516061040.0,19.3789,19.38,19.35,19.35,797.35
2018-01-16 00:05:00,1516061100.0,19.3396,19.3499,19.3005,19.3499,105.85
2018-01-16 00:06:00,1516061160.0,19.3399,19.34,19.3005,19.3005,266.02
2018-01-16 00:07:00,1516061220.0,19.3005,19.3005,19.2025,19.2997,712.35
2018-01-16 00:08:00,1516061280.0,19.2989,19.299,19.2989,19.299,147.42
2018-01-16 00:09:00,1516061340.0,19.2028,19.2028,19.1001,19.1495,1686.76
2018-01-16 00:10:00,1516061400.0,19.1001,19.1001,19.0698,19.0698,995.31
2018-01-16 00:11:00,1516061460.0,19.0698,19.0868,19.0,19.0,6935.31
2018-01-16 00:12:00,1516061520.0,19.0,19.0864,19.0,19.0798,1450.91
2018-01-16 00:13:00,1516061580.0,19.0798,19.0798,19.02,19.0798,116.91
2018-01-16 00:14:00,1516061640.0,19.0201,19.0798,19.02,19.0203,421.8
2018-01-16 00:15:00,1516061700.0,19.0204,19.03,19.0,19.0,5354.61
2018-01-16 00:16:00,1516061760.0,19.0,19.0009,18.93,18.93,7157.02
2018-01-16 00:17:00,1516061820.0,18.93,18.93,18.8287,18.8512,2472.15
2018-01-16 00:18:00,1516061880.0,18.8512,18.8512,18.78,18.78,3120.76
2018-01-16 00:19:00,1516061940.0,18.7722,18.7799,18.622,18.65,8676.18
2018-01-16 00:20:00,1516062000.0,18.7639,18.8376,18.6,18.8375,5838.52
2018-01-16 00:21:00,1516062060.0,18.8376,18.8376,18.55,18.7299,3974.26
2018-01-16 00:22:00,1516062120.0,18.6416,18.77,18.5,18.7294,5371.01
2018-01-16 00:23:00,1516062180.0,18.72,18.8186,18.66,18.8186,906.56
2018-01-16 00:24:00,1516062240.0,18.8987,19.0,18.7702,18.9,1733.23
2018-01-16 00:25:00,1516062300.0,18.9,19.0,18.8226,18.823,1216.47
2018-01-16 00:26:00,1516062360.0,18.8305,19.0,18.7501,18.7717,1673.01
2018-01-16 00:27:00,1516062420.0,18.8474,18.8474,18.62,18.62,1527.47
2018-01-16 00:28:00,1516062480.0,18.7403,18.7403,18.51,18.51,1287.34
2018-01-16 00:29:00,1516062540.0,18.51,18.7429,18.5,18.62,7033.43
2018-01-16 00:30:00,1516062600.0,18.62,18.7049,18.5412,18.55,1696.47
2018-01-16 00:31:00,1516062660.0,18.5413,18.6669,18.5412,18.55,1767.0
2018-01-16 00:32:00,1516062720.0,18.55,18.5502,18.5411,18.5411,3887.12
2018-01-16 00:33:00,1516062780.0,18.548,18.6277,18.45,18.45,6760.01
2018-01-16 00:34:00,1516062840.0,18.45,18.4987,18.44,18.44,1114.59
2018-01-16 00:35:00,1516062900.0,18.437,18.44,18.4018,18.4097,4919.93
2018-01-16 00:36:00,1516062960.0,18.4097,18.41,18.3419,18.3419,2374.81
2018-01-16 00:37:00,1516063020.0,18.3333,18.3419,18.25,18.25,5682.41
2018-01-16 00:38:00,1516063080.0,18.25,18.3901,18.2224,18.35,2815.74
2018-01-16 00:39:00,1516063140.0,18.3901,18.3901,18.38,18.3901,797.14
2018-01-16 00:40:00,1516063200.0,18.4,18.4,18.3,18.3,1984.89
2018-01-16 00:41:00,1516063260.0,18.2394,18.3,18.2,18.2,5691.45
2018-01-16 00:42:00,1516063320.0,18.1998,18.2195,18.1,18.1001,4815.04
2018-01-16 00:43:00,1516063380.0,18.1605,18.1605,18.0494,18.0495,6297.71
2018-01-16 00:44:00,1516063440.0,18.0495,18.05,18.01,18.02,2648.59
2018-01-16 00:45:00,1516063500.0,18.02,18.1132,18.0098,18.1132,7867.75
2018-01-16 00:46:00,1516063560.0,18.1497,18.4,18.0501,18.1602,4183.37
2018-01-16 00:47:00,1516063620.0,18.1597,18.3996,18.1006,18.1801,6852.99
2018-01-16 00:48:00,1516063680.0,18.4,18.428,18.2101,18.428,1644.95
2018-01-16 00:49:00,1516063740.0,18.428,18.4492,18.3201,18.4492,2574.66
2018-01-16 00:50:00,1516063800.0,18.4492,18.4492,18.261,18.27,4959.24
2018-01-16 00:51:00,1516063860.0,18.27,18.3887,18.09,18.115,3349.66
2018-01-16 00:52:00,1516063920.0,18.115,18.2391,18.0,18.0002,13246.13
2018-01-16 00:53:00,1516063980.0,18.06,18.2377,18.0,18.0101,5720.58
2018-01-16 00:54:00,1516064040.0,18.0101,18.1107,18.009,18.0206,4223.91
2018-01-16 00:55:00,1516064100.0,18.1,18.23,18.0401,18.1201,794.92
2018-01-16 00:56:00,1516064160.0,18.2,18.2918,18.1201,18.1999,2302.71
2018-01-16 00:57:00,1516064220.0,18.1407,18.2,18.13,18.13,1461.27
2018-01-16 00:58:00,1516064280.0,18.1891,18.1891,18.101,18.1011,1094.15
2018-01-16 00:59:00,1516064340.0,18.1011,18.1202,18.08,18.08,800.42
2018-01-16 01:00:00,1516064400.0,18.08,18.11,18.0104,18.0798,1044.67
2018-01-16 01:01:00,1516064460.0,18.0797,18.0798,17.99,17.99,4906.24
2018-01-16 01:02:00,1516064520.0,18.0,18.0,17.7101,17.7101,6278.02
2018-01-16 01:03:00,1516064580.0,17.7101,17.8165,17.7101,17.7102,5224.87
2018-01-16 01:04:00,1516064640.0,17.7101,17.7779,17.6,17.6518,3023.07
2018-01-16 01:05:00,1516064700.0,17.6511,17.95,17.5678,17.9412,3611.2
2018-01-16 01:06:00,1516064760.0,17.7787,17.9411,17.7787,17.8999,2622.03
2018-01-16 01:07:00,1516064820.0,17.8999,17.9499,17.8068,17.81,2627.67
2018-01-16 01:08:00,1516064880.0,17.8099,17.8099,17.7001,17.7051,1767.15
2018-01-16 01:09:00,1516064940.0,17.7229,17.7783,17.7226,17.7228,1942.55
2018-01-16 01:10:00,1516065000.0,17.7227,17.8166,17.6666,17.7501,3829.92
2018-01-16 01:11:00,1516065060.0,17.7502,17.8166,17.6101,17.7,2613.88
2018-01-16 01:12:00,1516065120.0,17.64,17.7,17.6102,17.6102,1837.77
2018-01-16 01:13:00,1516065180.0,17.6303,17.6689,17.6106,17.6687,1946.02
2018-01-16 01:14:00,1516065240.0,17.6687,17.6689,17.619,17.6215,2058.85
2018-01-16 01:15:00,1516065300.0,17.6215,17.6215,17.423,17.51,22230.2
2018-01-16 01:16:00,1516065360.0,17.51,17.51,17.4705,17.4999,2879.39
2018-01-16 01:17:00,1516065420.0,17.4999,17.5975,17.4999,17.5796,2301.25
2018-01-16 01:18:00,1516065480.0,17.5789,17.6677,17.5,17.6677,2524.07
2018-01-16 01:19:00,1516065540.0,17.6003,17.8689,17.6003,17.8689,1878.85
2018-01-16 01:20:00,1516065600.0,17.86,17.95,17.7127,17.8104,2450.9
2018-01-16 01:21:00,1516065660.0,17.8164,18.11,17.8002,17.9902,3961.36
2018-01-16 01:22:00,1516065720.0,17.8922,18.0,17.8918,17.9891,2857.0
2018-01-16 01:23:00,1516065780.0,18.0,18.07,17.8905,17.9,5567.53
2018-01-16 01:24:00,1516065840.0,17.9,17.9398,17.65,17.7997,4247.86
2018-01-16 01:25:00,1516065900.0,17.682,17.7994,17.6116,17.682,775.63
2018-01-16 01:26:00,1516065960.0,17.682,17.7699,17.682,17.7,605.77
2018-01-16 01:27:00,1516066020.0,17.7,17.7786,17.68,17.68,3306.34
2018-01-16 01:28:00,1516066080.0,17.65,17.7001,17.5,17.55,6595.08
2018-01-16 01:29:00,1516066140.0,17.5504,17.6298,17.4999,17.4999,2423.4
2018-01-16 01:30:00,1516066200.0,17.4999,17.5,17.2481,17.2481,5233.85
2018-01-16 01:31:00,1516066260.0,17.4,17.4,17.1001,17.1001,3889.54
2018-01-16 01:32:00,1516066320.0,17.1001,17.1449,17.0,17.0,16890.71
2018-01-16 01:33:00,1516066380.0,17.0,17.001,16.5,16.5,39811.4
2018-01-16 01:34:00,1516066440.0,16.5001,16.7,16.333,16.6596,10593.44
2018-01-16 01:35:00,1516066500.0,16.6594,16.9997,16.51,16.6999,3310.3
2018-01-16 01:36:00,1516066560.0,16.6995,16.9999,16.6,16.7444,13676.95
2018-01-16 01:37:00,1516066620.0,16.7002,16.7442,16.5557,16.5557,4922.75
2018-01-16 01:38:00,1516066680.0,16.6,16.6,16.3,16.3001,6962.69
2018-01-16 01:39:00,1516066740.0,16.3001,16.47,16.3,16.3,4971.41
2018-01-16 01:40:00,1516066800.0,16.3,16.3,16.2,16.201,4643.76
2018-01-16 01:41:00,1516066860.0,16.201,16.2897,16.12,16.2895,4798.35
2018-01-16 01:42:00,1516066920.0,16.22,16.38,16.12,16.38,11908.24
2018-01-16 01:43:00,1516066980.0,16.3039,16.9599,16.3001,16.9594,14181.97
2018-01-16 01:44:00,1516067040.0,16.5995,16.94,16.5028,16.6604,2827.71
2018-01-16 01:45:00,1516067100.0,16.6605,16.8794,16.6604,16.8182,1863.82
2018-01-16 01:46:00,1516067160.0,16.7227,16.8748,16.67,16.7993,7044.25
2018-01-16 01:47:00,1516067220.0,16.8747,17.4196,16.8747,17.4196,5298.32
2018-01-16 01:48:00,1516067280.0,17.4196,17.7,17.3001,17.7,6816.95
2018-01-16 01:49:00,1516067340.0,17.67,17.75,17.66,17.7001,5527.56
2018-01-16 01:50:00,1516067400.0,17.7479,17.748,17.6101,17.74,12098.89
2018-01-16 01:51:00,1516067460.0,17.7479,17.7993,17.7,17.7003,8076.01
2018-01-16 01:52:00,1516067520.0,17.7003,17.8,17.7,17.8,6575.16
2018-01-16 01:53:00,1516067580.0,17.8,18.44,17.7102,17.8996,4084.77
2018-01-16 01:54:00,1516067640.0,17.8996,18.1339,17.8202,17.99,3217.64
2018-01-16 01:55:00,1516067700.0,17.9896,17.9896,17.8209,17.9398,2399.34
2018-01-16 01:56:00,1516067760.0,17.8261,17.9398,17.7,17.7,7170.32
2018-01-16 01:57:00,1516067820.0,17.7,17.8001,17.7,17.7102,4639.37
2018-01-16 01:58:00,1516067880.0,17.7104,17.9299,17.7104,17.8198,2392.33
2018-01-16 01:59:00,1516067940.0,17.7504,17.8198,17.74,17.74,1486.76
2018-01-16 02:00:00,1516068000.0,17.75,17.8001,17.7,17.7,13736.41
2018-01-16 02:01:00,1516068060.0,17.7,17.7,17.1498,17.1498,17027.33
2018-01-16 02:02:00,1516068120.0,17.2502,17.6799,17.1109,17.5,8320.94
2018-01-16 02:03:00,1516068180.0,17.5,17.5,17.3012,17.4,1407.82
2018-01-16 02:04:00,1516068240.0,17.4,17.43,17.3103,17.3202,1726.65
2018-01-16 02:05:00,1516068300.0,17.4,17.4,17.2002,17.2002,1887.91
2018-01-16 02:06:00,1516068360.0,17.2002,17.2998,17.1012,17.197,4876.99
2018-01-16 02:07:00,1516068420.0,17.197,17.44,17.13,17.44,1671.01
2018-01-16 02:08:00,1516068480.0,17.44,17.7132,17.44,17.7132,3521.2
2018-01-16 02:09:00,1516068540.0,17.7132,17.7132,17.5505,17.5985,1248.98
2018-01-16 02:10:00,1516068600.0,17.6499,17.6681,17.6003,17.6006,838.17
2018-01-16 02:11:00,1516068660.0,17.6006,17.6662,17.6004,17.6499,307.44
2018-01-16 02:12:00,1516068720.0,17.6499,17.6501,17.6479,17.65,737.53
2018-01-16 02:13:00,1516068780.0,17.6693,17.7,17.6495,17.65,2071.55
2018-01-16 02:14:00,1516068840.0,17.6999,17.7132,17.6495,17.71,2708.71
2018-01-16 02:15:00,1516068900.0,17.71,17.71,17.6009,17.63,6458.67
2018-01-16 02:16:00,1516068960.0,17.63,17.63,17.5022,17.5088,2934.5
2018-01-16 02:17:00,1516069020.0,17.5088,17.5599,17.502,17.502,1334.5
2018-01-16 02:18:00,1516069080.0,17.51,17.5497,17.502,17.502,913.78
2018-01-16 02:19:00,1516069140.0,17.502,17.502,17.5002,17.5002,7312.82
2018-01-16 02:20:00,1516069200.0,17.5002,17.5003,17.3,17.3,11338.88
2018-01-16 02:21:00,1516069260.0,17.31,17.4,17.0,17.2899,9195.12
2018-01-16 02:22:00,1516069320.0,17.2899,17.3997,17.2025,17.24,4557.58
2018-01-16 02:23:00,1516069380.0,17.3096,17.4997,17.3096,17.3097,1896.87
2018-01-16 02:24:00,1516069440.0,17.3097,17.5,17.3097,17.3206,3683.04
2018-01-16 02:25:00,1516069500.0,17.33,17.5,17.2412,17.5,8489.41
2018-01-16 02:26:00,1516069560.0,17.4491,17.6,17.4489,17.55,3321.56
2018-01-16 02:27:00,1516069620.0,17.5121,17.5302,17.3338,17.5302,3093.43
2018-01-16 02:28:00,1516069680.0,17.55,17.6008,17.5123,17.5123,2424.49
2018-01-16 02:29:00,1516069740.0,17.55,17.55,17.3357,17.489,2462.09
2018-01-16 02:30:00,1516069800.0,17.4882,17.4882,17.3373,17.4091,1539.14
2018-01-16 02:31:00,1516069860.0,17.37,17.42,17.334,17.42,677.03
2018-01-16 02:32:00,1516069920.0,17.42,17.547,17.42,17.547,1576.7
2018-01-16 02:33:00,1516069980.0,17.5475,17.6999,17.5475,17.5606,2844.56
2018-01-16 02:34:00,1516070040.0,17.5604,17.5999,17.5008,17.5606,2931.4
2018-01-16 02:35:00,1516070100.0,17.5895,17.59,17.5501,17.59,1817.48
2018-01-16 02:36:00,1516070160.0,17.5606,17.59,17.56,17.59,5342.12
2018-01-16 02:37:00,1516070220.0,17.59,17.6996,17.589,17.6996,9614.27
2018-01-16 02:38:00,1516070280.0,17.6996,17.7999,17.6996,17.7042,4006.8
2018-01-16 02:39:00,1516070340.0,17.7322,17.9511,17.7052,17.7802,2445.79
2018-01-16 02:40:00,1516070400.0,17.7999,17.9734,17.7999,17.8014,6448.46
2018-01-16 02:41:00,1516070460.0,17.97,18.0002,17.9003,17.9987,1893.61
2018-01-16 02:42:00,1516070520.0,17.9987,18.0,17.8278,17.9531,4082.5
2018-01-16 02:43:00,1516070580.0,17.9381,17.9831,17.9004,17.9779,1545.07
2018-01-16 02:44:00,1516070640.0,17.9779,17.9831,17.9011,17.9011,2467.13
2018-01-16 02:45:00,1516070700.0,17.901,17.901,17.8,17.8886,4087.66
2018-01-16 02:46:00,1516070760.0,17.8878,17.9778,17.8878,17.9778,4044.9
2018-01-16 02:47:00,1516070820.0,17.96,17.9778,17.9,17.95,1210.38
2018-01-16 02:48:00,1516070880.0,17.95,17.95,17.7613,17.8776,6317.36
2018-01-16 02:49:00,1516070940.0,17.8699,17.87,17.6003,17.6003,21801.15
2018-01-16 02:50:00,1516071000.0,17.7506,17.8691,17.6005,17.847,2542.38
2018-01-16 02:51:00,1516071060.0,17.847,17.8696,17.82,17.848,1797.3
2018-01-16 02:52:00,1516071120.0,17.8202,17.8697,17.82,17.852,1154.88
2018-01-16 02:53:00,1516071180.0,17.9472,17.9777,17.8523,17.9777,2192.71
2018-01-16 02:54:00,1516071240.0,17.978,18.1,17.9777,18.1,2639.24
2018-01-16 02:55:00,1516071300.0,18.12,18.2279,18.0001,18.2001,4694.44
2018-01-16 02:56:00,1516071360.0,18.2002,18.32,18.2001,18.32,646.4
2018-01-16 02:57:00,1516071420.0,18.35,18.4,18.35,18.35,5620.48
2018-01-16 02:58:00,1516071480.0,18.3699,18.3699,18.2301,18.2313,2683.67
2018-01-16 02:59:00,1516071540.0,18.3,18.3,18.228,18.289,4182.07
2018-01-16 03:00:00,1516071600.0,18.2504,18.2996,18.2504,18.2505,1473.58
2018-01-16 03:01:00,1516071660.0,18.25,18.289,18.0113,18.0311,6943.35
2018-01-16 03:02:00,1516071720.0,18.0401,18.2298,18.0301,18.2298,11771.37
2018-01-16 03:03:00,1516071780.0,18.103,18.23,18.0314,18.0314,5536.73
2018-01-16 03:04:00,1516071840.0,18.0314,18.225,18.03,18.1385,3674.91
2018-01-16 03:05:00,1516071900.0,18.0502,18.099,18.05,18.05,393.17
2018-01-16 03:06:00,1516071960.0,18.05,18.09,17.9257,18.0006,5126.14
2018-01-16 03:07:00,1516072020.0,18.0499,18.1369,18.0045,18.1,2325.87
2018-01-16 03:08:00,1516072080.0,18.1,18.1888,18.0504,18.1888,947.86
2018-01-16 03:09:00,1516072140.0,18.1766,18.1884,18.1003,18.1389,266.72
2018-01-16 03:10:00,1516072200.0,18.1389,18.1888,18.1389,18.149,2206.64
2018-01-16 03:11:00,1516072260.0,18.1888,18.22,18.1888,18.22,10025.36
2018-01-16 03:12:00,1516072320.0,18.2,18.2995,18.1901,18.1902,2168.47
2018-01-16 03:13:00,1516072380.0,18.2499,18.2499,18.1363,18.1363,2637.5
2018-01-16 03:14:00,1516072440.0,18.2454,18.2454,18.2001,18.23,269.65
2018-01-16 03:15:00,1516072500.0,18.2361,18.2361,18.1504,18.2298,442.6
2018-01-16 03:16:00,1516072560.0,18.23,18.2502,18.156,18.2502,907.37
2018-01-16 03:17:00,1516072620.0,18.2474,18.2503,18.1702,18.1726,963.69
2018-01-16 03:18:00,1516072680.0,18.173,18.25,18.1,18.2284,2381.99
2018-01-16 03:19:00,1516072740.0,18.18,18.18,18.0602,18.0608,529.32
2018-01-16 03:20:00,1516072800.0,18.0608,18.0967,17.8214,17.822,649.83
2018-01-16 03:21:00,1516072860.0,17.8222,17.9498,17.298,17.7999,5620.93
2018-01-16 03:22:00,1516072920.0,17.8005,17.899,17.8005,17.8901,764.63
2018-01-16 03:23:00,1516072980.0,17.89,17.8989,17.7999,17.7999,1289.89
2018-01-16 03:24:00,1516073040.0,17.7999,17.7999,17.689,17.7,1405.0
2018-01-16 03:25:00,1516073100.0,17.7,17.7899,17.68,17.7481,1246.93
2018-01-16 03:26:00,1516073160.0,17.7481,17.7481,17.675,17.74,4312.07
2018-01-16 03:27:00,1516073220.0,17.7396,17.7899,17.66,17.6603,2931.65
2018-01-16 03:28:00,1516073280.0,17.6999,17.7799,17.6011,17.7796,2088.46
2018-01-16 03:29:00,1516073340.0,17.7596,17.7801,17.6906,17.7801,1719.15
2018-01-16 03:30:00,1516073400.0,17.8164,17.9,17.782,17.9,1624.62
2018-01-16 03:31:00,1516073460.0,17.89,17.89,17.8102,17.8799,1059.1
2018-01-16 03:32:00,1516073520.0,17.8799,17.9263,17.8799,17.9263,874.17
2018-01-16 03:33:00,1516073580.0,17.922,18.0448,17.8901,17.8901,3132.03
2018-01-16 03:34:00,1516073640.0,17.7822,17.9228,17.7801,17.8741,1217.34
2018-01-16 03:35:00,1516073700.0,17.7801,17.8725,17.7801,17.8716,252.65
2018-01-16 03:36:00,1516073760.0,17.871,17.871,17.7801,17.7807,558.3
2018-01-16 03:37:00,1516073820.0,17.7807,17.7807,17.6012,17.6793,1580.41
2018-01-16 03:38:00,1516073880.0,17.7439,17.78,17.6052,17.6305,2187.38
2018-01-16 03:39:00,1516073940.0,17.6053,17.6305,17.504,17.5592,3685.57
2018-01-16 03:40:00,1516074000.0,17.5592,17.63,17.505,17.63,3530.63
2018-01-16 03:41:00,1516074060.0,17.625,17.6306,17.528,17.62,1773.01
2018-01-16 03:42:00,1516074120.0,17.62,17.62,17.5031,17.5031,1795.76
2018-01-16 03:43:00,1516074180.0,17.5386,17.6,17.5031,17.5998,2873.38
2018-01-16 03:44:00,1516074240.0,17.5994,17.5994,17.4999,17.5,2584.42
2018-01-16 03:45:00,1516074300.0,17.5,17.63,17.5,17.63,1700.32
2018-01-16 03:46:00,1516074360.0,17.63,17.7005,17.592,17.592,247.17
2018-01-16 03:47:00,1516074420.0,17.6001,17.6985,17.49,17.6984,2440.19
2018-01-16 03:48:00,1516074480.0,17.6979,17.6981,17.5248,17.5299,536.72
2018-01-16 03:49:00,1516074540.0,17.5299,17.5445,17.5299,17.5441,774.04
2018-01-16 03:50:00,1516074600.0,17.5301,17.6701,17.53,17.5501,2408.29
2018-01-16 03:51:00,1516074660.0,17.5501,17.5503,17.53,17.5441,1121.83
2018-01-16 03:52:00,1516074720.0,17.54,17.6171,17.4905,17.4905,1308.87
2018-01-16 03:53:00,1516074780.0,17.4905,17.491,17.4606,17.4606,465.66
2018-01-16 03:54:00,1516074840.0,17.49,17.5864,17.34,17.3756,412.82
2018-01-16 03:55:00,1516074900.0,17.5496,17.5496,17.3409,17.5496,556.97
2018-01-16 03:56:00,1516074960.0,17.501,17.5018,17.4518,17.5018,96.69
2018-01-16 03:57:00,1516075020.0,17.5894,17.6557,17.52,17.6557,722.51
2018-01-16 03:58:00,1516075080.0,17.6041,17.6044,17.5219,17.5999,421.09
2018-01-16 03:59:00,1516075140.0,17.5799,17.5899,17.502,17.5899,1010.84
2018-01-16 04:00:00,1516075200.0,17.6,17.6557,17.56,17.6557,1668.06
2018-01-16 04:01:00,1516075260.0,17.6,17.7,17.5601,17.7,2221.44
2018-01-16 04:02:00,1516075320.0,17.601,17.7,17.601,17.605,946.06
2018-01-16 04:03:00,1516075380.0,17.6201,17.68,17.6201,17.6798,316.89
2018-01-16 04:04:00,1516075440.0,17.6795,17.6798,17.62,17.6798,287.53
2018-01-16 04:05:00,1516075500.0,17.6794,17.6794,17.6199,17.6697,354.91
2018-01-16 04:06:00,1516075560.0,17.6688,17.6688,17.5615,17.5616,222.02
2018-01-16 04:07:00,1516075620.0,17.5616,17.6186,17.56,17.56,599.0
2018-01-16 04:08:00,1516075680.0,17.56,17.6,17.555,17.555,249.44
2018-01-16 04:09:00,1516075740.0,17.555,17.555,17.5549,17.5549,425.99
2018-01-16 04:10:00,1516075800.0,17.5549,17.555,17.503,17.503,332.59
2018-01-16 04:11:00,1516075860.0,17.5018,17.5018,17.44,17.4798,1386.29
2018-01-16 04:12:00,1516075920.0,17.45,17.4699,17.37,17.37,821.94
2018-01-16 04:13:00,1516075980.0,17.4495,17.515,17.3809,17.5097,1501.65
2018-01-16 04:14:00,1516076040.0,17.5098,17.56,17.5098,17.56,200.69
2018-01-16 04:15:00,1516076100.0,17.56,17.5927,17.55,17.5501,450.06
2018-01-16 04:16:00,1516076160.0,17.5543,17.6146,17.5501,17.6146,633.25
2018-01-16 04:17:00,1516076220.0,17.6146,17.6693,17.56,17.6152,2219.11
2018-01-16 04:18:00,1516076280.0,17.6693,17.6693,17.6689,17.6693,168.99
2018-01-16 04:19:00,1516076340.0,17.6693,17.6693,17.58,17.6,460.88
2018-01-16 04:20:00,1516076400.0,17.6,17.6001,17.55,17.55,249.02
2018-01-16 04:21:00,1516076460.0,17.55,17.55,17.4999,17.4999,475.07
2018-01-16 04:22:00,1516076520.0,17.4999,17.4999,17.4,17.49,792.19
2018-01-16 04:23:00,1516076580.0,17.4086,17.4889,17.3702,17.43,3475.18
2018-01-16 04:24:00,1516076640.0,17.43,17.45,17.4052,17.45,391.31
2018-01-16 04:25:00,1516076700.0,17.4303,17.535,17.4303,17.4604,797.05
2018-01-16 04:26:00,1516076760.0,17.4609,17.4705,17.4608,17.4705,408.14
2018-01-16 04:27:00,1516076820.0,17.4706,17.5373,17.4706,17.5,280.65
2018-01-16 04:28:00,1516076880.0,17.5,17.5,17.4851,17.4851,167.83
2018-01-16 04:29:00,1516076940.0,17.4851,17.4851,17.4705,17.485,304.29
2018-01-16 04:30:00,1516077000.0,17.485,17.486,17.45,17.4849,322.96
2018-01-16 04:31:00,1516077060.0,17.4849,17.4849,17.4049,17.4049,1318.81
2018-01-16 04:32:00,1516077120.0,17.4049,17.47,17.4001,17.47,984.77
2018-01-16 04:33:00,1516077180.0,17.4699,17.5384,17.4699,17.5384,522.78
2018-01-16 04:34:00,1516077240.0,17.5384,17.6797,17.5286,17.6797,689.47
2018-01-16 04:35:00,1516077300.0,17.6206,17.68,17.6206,17.6799,1209.13
2018-01-16 04:36:00,1516077360.0,17.6799,17.6799,17.6259,17.6555,743.15
2018-01-16 04:37:00,1516077420.0,17.679,17.6797,17.6556,17.679,670.75
2018-01-16 04:38:00,1516077480.0,17.679,17.68,17.6585,17.6798,1379.79
2018-01-16 04:39:00,1516077540.0,17.6798,17.6801,17.6776,17.68,2843.36
2018-01-16 04:40:00,1516077600.0,17.685,17.8799,17.6849,17.7,1877.69
2018-01-16 04:41:00,1516077660.0,17.8,17.83,17.7004,17.8299,787.29
2018-01-16 04:42:00,1516077720.0,17.7502,17.81,17.7502,17.76,228.76
2018-01-16 04:43:00,1516077780.0,17.761,17.761,17.6853,17.7,1131.18
2018-01-16 04:44:00,1516077840.0,17.7,17.7213,17.7,17.7213,381.83
2018-01-16 04:45:00,1516077900.0,17.7213,17.7953,17.7019,17.7029,39.18
2018-01-16 04:46:00,1516077960.0,17.704,17.799,17.704,17.799,729.24
2018-01-16 04:47:00,1516078020.0,17.7991,17.8799,17.799,17.8799,1610.57
2018-01-16 04:48:00,1516078080.0,17.8799,17.927,17.8799,17.8799,1225.21
2018-01-16 04:49:00,1516078140.0,17.8698,17.9,17.808,17.9,1619.3
2018-01-16 04:50:00,1516078200.0,17.8999,17.9892,17.8999,17.9892,807.59
2018-01-16 04:51:00,1516078260.0,17.9892,18.0998,17.989,18.0204,1723.62
2018-01-16 04:52:00,1516078320.0,18.0204,18.125,18.0053,18.0974,1688.26
2018-01-16 04:53:00,1516078380.0,18.09,18.1799,18.006,18.1799,3474.95
2018-01-16 04:54:00,1516078440.0,18.1077,18.1818,18.1077,18.1789,3053.14
2018-01-16 04:55:00,1516078500.0,18.1789,18.2,18.1789,18.2,2001.87
2018-01-16 04:56:00,1516078560.0,18.1991,18.2,18.0203,18.0392,1089.32
2018-01-16 04:57:00,1516078620.0,18.04,18.1494,17.9328,18.0,3399.26
2018-01-16 04:58:00,1516078680.0,18.0,18.0388,17.8013,17.83,1192.03
2018-01-16 04:59:00,1516078740.0,17.9399,17.9399,17.83,17.9,1745.33
2018-01-16 05:00:00,1516078800.0,18.0,18.0,17.8569,17.9979,394.7
2018-01-16 05:01:00,1516078860.0,17.9051,17.995,17.9051,17.9938,123.61
2018-01-16 05:02:00,1516078920.0,17.9934,17.9934,17.9155,17.965,231.61
2018-01-16 05:03:00,1516078980.0,17.9722,17.9722,17.92,17.95,5618.74
2018-01-16 05:04:00,1516079040.0,17.92,17.95,17.9,17.9,546.03
2018-01-16 05:05:00,1516079100.0,17.8997,17.8998,17.8503,17.8508,457.1
2018-01-16 05:06:00,1516079160.0,17.8701,17.8701,17.85,17.852,1217.04
2018-01-16 05:07:00,1516079220.0,17.852,17.852,17.852,17.852,155.94
2018-01-16 05:08:00,1516079280.0,17.852,17.8998,17.852,17.852,404.82
2018-01-16 05:09:00,1516079340.0,17.852,17.86,17.85,17.86,302.37
2018-01-16 05:10:00,1516079400.0,17.852,17.8997,17.8004,17.8273,2454.47
2018-01-16 05:11:00,1516079460.0,17.8273,17.8273,17.8,17.8273,70.73
2018-01-16 05:12:00,1516079520.0,17.8,17.8273,17.8,17.8,18.74
2018-01-16 05:13:00,1516079580.0,17.8273,17.8273,17.8,17.8,13.47
2018-01-16 05:14:00,1516079640.0,17.854,17.854,17.8004,17.8004,9.11
2018-01-16 05:15:00,1516079700.0,17.8499,17.8499,17.8,17.8,666.26
2018-01-16 05:16:00,1516079760.0,17.8,17.8,17.761,17.77,559.79
2018-01-16 05:17:00,1516079820.0,17.761,17.761,17.76,17.761,152.54
2018-01-16 05:18:00,1516079880.0,17.761,17.761,17.7503,17.76,624.44
2018-01-16 05:19:00,1516079940.0,17.76,17.76,17.656,17.659,1867.59
2018-01-16 05:20:00,1516080000.0,17.659,17.659,17.55,17.6,4049.76
2018-01-16 05:21:00,1516080060.0,17.6,17.6496,17.5677,17.648,461.37
2018-01-16 05:22:00,1516080120.0,17.648,17.65,17.6479,17.65,833.97
2018-01-16 05:23:00,1516080180.0,17.65,17.659,17.65,17.6589,3088.43
2018-01-16 05:24:00,1516080240.0,17.6589,17.659,17.6559,17.659,137.42
2018-01-16 05:25:00,1516080300.0,17.659,17.659,17.6506,17.659,379.6
2018-01-16 05:26:00,1516080360.0,17.6559,17.659,17.6506,17.659,87.29
2018-01-16 05:27:00,1516080420.0,17.68,17.7442,17.68,17.68,165.68
2018-01-16 05:28:00,1516080480.0,17.6803,17.7501,17.6591,17.7501,357.87
2018-01-16 05:29:00,1516080540.0,17.6905,17.6905,17.69,17.69,113.63
2018-01-16 05:30:00,1516080600.0,17.69,17.69,17.5533,17.6589,898.69
2018-01-16 05:31:00,1516080660.0,17.5726,17.6588,17.5726,17.6569,310.59
2018-01-16 05:32:00,1516080720.0,17.6559,17.659,17.6499,17.65,291.9
2018-01-16 05:33:00,1516080780.0,17.65,17.65,17.6499,17.6499,333.76
2018-01-16 05:34:00,1516080840.0,17.6499,17.65,17.601,17.65,904.55
2018-01-16 05:35:00,1516080900.0,17.6499,17.6499,17.6008,17.6499,1595.33
2018-01-16 05:36:00,1516080960.0,17.65,17.7501,17.6162,17.75,2048.89
2018-01-16 05:37:00,1516081020.0,17.7496,17.751,17.6504,17.7002,1396.22
2018-01-16 05:38:00,1516081080.0,17.7498,17.7498,17.6,17.62,1384.49
2018-01-16 05:39:00,1516081140.0,17.749,17.749,17.6392,17.7,353.04
2018-01-16 05:40:00,1516081200.0,17.7,17.7,17.6471,17.7,1442.71
2018-01-16 05:41:00,1516081260.0,17.699,17.699,17.65,17.69,45.09
2018-01-16 05:42:00,1516081320.0,17.69,17.7,17.6394,17.6394,947.7
2018-01-16 05:43:00,1516081380.0,17.6001,17.7,17.58,17.647,883.63
2018-01-16 05:44:00,1516081440.0,17.647,17.647,17.5505,17.5505,652.73
2018-01-16 05:45:00,1516081500.0,17.5505,17.6,17.55,17.55,829.34
2018-01-16 05:46:00,1516081560.0,17.5527,17.5997,17.55,17.55,1029.21
2018-01-16 05:47:00,1516081620.0,17.55,17.5501,17.5,17.55,1034.65
2018-01-16 05:48:00,1516081680.0,17.55,17.5501,17.53,17.5501,262.56
2018-01-16 05:49:00,1516081740.0,17.55,17.5501,17.54,17.54,1639.21
2018-01-16 05:50:00,1516081800.0,17.54,17.55,17.53,17.53,240.98
2018-01-16 05:51:00,1516081860.0,17.53,17.5501,17.4998,17.4998,4019.01
2018-01-16 05:52:00,1516081920.0,17.4998,17.5,17.4599,17.4599,1246.48
2018-01-16 05:53:00,1516081980.0,17.45,17.499,17.4101,17.4282,1107.15
2018-01-16 05:54:00,1516082040.0,17.458,17.5,17.458,17.5,689.85
2018-01-16 05:55:00,1516082100.0,17.5,17.5,17.499,17.5,851.1
2018-01-16 05:56:00,1516082160.0,17.55,17.67,17.5001,17.67,1410.1
2018-01-16 05:57:00,1516082220.0,17.6699,17.7,17.5603,17.7,1316.63
2018-01-16 05:58:00,1516082280.0,17.6586,17.76,17.6586,17.7,445.67
2018-01-16 05:59:00,1516082340.0,17.7001,17.75,17.661,17.6812,1249.34
2018-01-16 06:00:00,1516082400.0,17.702,17.702,17.6998,17.7,87.02
2018-01-16 06:01:00,1516082460.0,17.7002,17.757,17.7002,17.757,991.32
2018-01-16 06:02:00,1516082520.0,17.7589,17.76,17.757,17.76,2584.46
2018-01-16 06:03:00,1516082580.0,17.7978,17.8,17.7049,17.75,155.36
2018-01-16 06:04:00,1516082640.0,17.7499,17.7499,17.6586,17.66,1990.43
2018-01-16 06:05:00,1516082700.0,17.6602,17.7186,17.6602,17.6603,444.41
2018-01-16 06:06:00,1516082760.0,17.7184,17.7184,17.6603,17.7,848.17
2018-01-16 06:07:00,1516082820.0,17.7,17.7193,17.6605,17.6606,552.42
2018-01-16 06:08:00,1516082880.0,17.662,17.7177,17.6606,17.6606,796.96
2018-01-16 06:09:00,1516082940.0,17.6606,17.6606,17.6606,17.6606,1761.07
2018-01-16 06:10:00,1516083000.0,17.6606,17.6964,17.6,17.6,5289.22
2018-01-16 06:11:00,1516083060.0,17.6,17.6553,17.6,17.6553,15.63
2018-01-16 06:12:00,1516083120.0,17.6553,17.6553,17.6,17.601,400.69
2018-01-16 06:13:00,1516083180.0,17.601,17.601,17.601,17.601,91.82
2018-01-16 06:14:00,1516083240.0,17.6012,17.6505,17.6,17.6,1281.54
2018-01-16 06:15:00,1516083300.0,17.6,17.601,17.6,17.601,174.6
2018-01-16 06:16:00,1516083360.0,17.601,17.601,17.6,17.6,56.1
2018-01-16 06:17:00,1516083420.0,17.6,17.6,17.595,17.595,529.86
2018-01-16 06:18:00,1516083480.0,17.6,17.6,17.5901,17.6,226.01
2018-01-16 06:19:00,1516083540.0,17.5901,17.6008,17.5901,17.6008,595.83
2018-01-16 06:20:00,1516083600.0,17.6008,17.6008,17.6007,17.6007,27.83
2018-01-16 06:21:00,1516083660.0,17.6001,17.6001,17.5103,17.5113,727.63
2018-01-16 06:22:00,1516083720.0,17.59,17.601,17.59,17.59,932.25
2018-01-16 06:23:00,1516083780.0,17.601,17.601,17.601,17.601,365.6
2018-01-16 06:24:00,1516083840.0,17.601,17.601,17.59,17.59,702.76
2018-01-16 06:25:00,1516083900.0,17.6009,17.601,17.6009,17.601,422.84
2018-01-16 06:26:00,1516083960.0,17.601,17.601,17.5905,17.5905,48.04
2018-01-16 06:27:00,1516084020.0,17.601,17.601,17.5905,17.5905,663.54
2018-01-16 06:28:00,1516084080.0,17.5905,17.601,17.585,17.601,695.59
2018-01-16 06:29:00,1516084140.0,17.601,17.601,17.599,17.599,851.92
2018-01-16 06:30:00,1516084200.0,17.601,17.601,17.57,17.5801,1130.98
2018-01-16 06:31:00,1516084260.0,17.5801,17.5801,17.5598,17.5598,825.01
2018-01-16 06:32:00,1516084320.0,17.555,17.6483,17.555,17.6483,3477.42
2018-01-16 06:33:00,1516084380.0,17.6483,17.6537,17.616,17.6536,638.7
2018-01-16 06:34:00,1516084440.0,17.653,17.653,17.5753,17.652,153.22
2018-01-16 06:35:00,1516084500.0,17.5788,17.6505,17.5787,17.6505,111.53
2018-01-16 06:36:00,1516084560.0,17.5753,17.5753,17.5595,17.5595,246.67
2018-01-16 06:37:00,1516084620.0,17.5551,17.5551,17.4301,17.4301,1645.42
2018-01-16 06:38:00,1516084680.0,17.44,17.5282,17.428,17.5095,280.05
2018-01-16 06:39:00,1516084740.0,17.4102,17.4897,17.38,17.4894,1214.15
2018-01-16 06:40:00,1516084800.0,17.3803,17.491,17.3802,17.4894,1874.16
2018-01-16 06:41:00,1516084860.0,17.401,17.4866,17.401,17.4866,411.44
2018-01-16 06:42:00,1516084920.0,17.4011,17.5497,17.4011,17.4894,463.71
2018-01-16 06:43:00,1516084980.0,17.4122,17.4888,17.3,17.3,1915.09
2018-01-16 06:44:00,1516085040.0,17.3,17.4859,17.25,17.25,802.11
2018-01-16 06:45:00,1516085100.0,17.2499,17.25,17.2,17.2,1458.11
2018-01-16 06:46:00,1516085160.0,17.2499,17.25,17.2,17.25,712.53
2018-01-16 06:47:00,1516085220.0,17.25,17.3988,17.25,17.341,614.05
2018-01-16 06:48:00,1516085280.0,17.341,17.3979,17.341,17.341,369.16
2018-01-16 06:49:00,1516085340.0,17.38,17.3988,17.38,17.3988,416.05
2018-01-16 06:50:00,1516085400.0,17.4011,17.5481,17.3978,17.3978,3557.89
2018-01-16 06:51:00,1516085460.0,17.4012,17.4012,17.3521,17.4012,727.04
2018-01-16 06:52:00,1516085520.0,17.4,17.4012,17.3571,17.3571,1636.64
2018-01-16 06:53:00,1516085580.0,17.4,17.41,17.3571,17.41,3900.24
2018-01-16 06:54:00,1516085640.0,17.3978,17.3978,17.3978,17.3978,24.29
2018-01-16 06:55:00,1516085700.0,17.4,17.4012,17.3976,17.3976,90.2
2018-01-16 06:56:00,1516085760.0,17.4011,17.4011,17.3572,17.3573,269.45
2018-01-16 06:57:00,1516085820.0,17.3577,17.38,17.341,17.3411,614.15
2018-01-16 06:58:00,1516085880.0,17.341,17.341,17.311,17.311,294.24
2018-01-16 06:59:00,1516085940.0,17.3108,17.3108,17.2,17.2311,1094.98
2018-01-16 07:00:00,1516086000.0,17.2311,17.2949,17.1987,17.2001,1306.13
2018-01-16 07:01:00,1516086060.0,17.267,17.267,17.2006,17.2099,886.77
2018-01-16 07:02:00,1516086120.0,17.2099,17.25,17.2001,17.25,1147.98
2018-01-16 07:03:00,1516086180.0,17.2002,17.2699,17.1984,17.2699,724.57
2018-01-16 07:04:00,1516086240.0,17.2698,17.2698,17.1359,17.2001,503.59
2018-01-16 07:05:00,1516086300.0,17.15,17.1993,17.1187,17.1959,791.2
2018-01-16 07:06:00,1516086360.0,17.18,17.18,17.1301,17.16,1251.73
2018-01-16 07:07:00,1516086420.0,17.1799,17.18,17.0213,17.1199,1741.57
2018-01-16 07:08:00,1516086480.0,17.1899,17.1899,16.8,16.9001,10526.97
2018-01-16 07:09:00,1516086540.0,17.07,17.07,16.8202,16.9998,946.58
2018-01-16 07:10:00,1516086600.0,16.9114,16.9996,16.8201,16.9974,1606.83
2018-01-16 07:11:00,1516086660.0,16.99,16.9989,16.8446,16.95,4225.76
2018-01-16 07:12:00,1516086720.0,16.95,16.99,16.9499,16.9899,4502.87
2018-01-16 07:13:00,1516086780.0,16.98,17.0,16.95,17.0,3030.72
2018-01-16 07:14:00,1516086840.0,16.9999,17.011,16.95,16.9998,2123.12
2018-01-16 07:15:00,1516086900.0,16.9998,17.011,16.9634,16.9998,96.62
2018-01-16 07:16:00,1516086960.0,17.0,17.07,16.9649,17.0,1491.65
2018-01-16 07:17:00,1516087020.0,17.0,17.0,16.9,16.9,1112.53
2018-01-16 07:18:00,1516087080.0,16.92,16.9399,16.8301,16.8472,2711.97
2018-01-16 07:19:00,1516087140.0,16.8472,16.9393,16.8472,16.9174,300.7
2018-01-16 07:20:00,1516087200.0,16.9174,16.9174,16.87,16.9,1050.71
2018-01-16 07:21:00,1516087260.0,16.89,16.9,16.8472,16.871,815.66
2018-01-16 07:22:00,1516087320.0,16.84,16.84,16.8008,16.801,398.34
2018-01-16 07:23:00,1516087380.0,16.801,16.801,16.8,16.8002,2182.51
2018-01-16 07:24:00,1516087440.0,16.8002,16.8008,16.7701,16.7701,793.77
2018-01-16 07:25:00,1516087500.0,16.7701,16.7978,16.6011,16.6011,9162.79
2018-01-16 07:26:00,1516087560.0,16.6012,16.6995,16.55,16.5501,7359.08
2018-01-16 07:27:00,1516087620.0,16.6012,16.6881,16.5505,16.64,296.29
2018-01-16 07:28:00,1516087680.0,16.6401,16.67,16.6302,16.6302,435.73
2018-01-16 07:29:00,1516087740.0,16.64,16.6401,16.6301,16.64,213.22
2018-01-16 07:30:00,1516087800.0,16.6302,16.64,16.53,16.6,960.15
2018-01-16 07:31:00,1516087860.0,16.5404,16.6199,16.5404,16.5802,1423.56
2018-01-16 07:32:00,1516087920.0,16.5998,16.5998,16.5123,16.5997,2452.33
2018-01-16 07:33:00,1516087980.0,16.5236,16.5993,16.5118,16.5118,2366.45
2018-01-16 07:34:00,1516088040.0,16.5119,16.512,16.509,16.51,2097.99
2018-01-16 07:35:00,1516088100.0,16.5099,16.5114,16.5,16.5,4867.21
2018-01-16 07:36:00,1516088160.0,16.5,16.5099,16.4,16.5098,11000.05
2018-01-16 07:37:00,1516088220.0,16.4989,16.499,16.4,16.4002,2674.74
2018-01-16 07:38:00,1516088280.0,16.4002,16.4921,16.3999,16.4,1419.2
2018-01-16 07:39:00,1516088340.0,16.42,16.42,16.3,16.3,1602.72
2018-01-16 07:40:00,1516088400.0,16.2888,16.2999,16.22,16.22,2536.9
2018-01-16 07:41:00,1516088460.0,16.22,16.2484,16.2,16.2,5708.9
2018-01-16 07:42:00,1516088520.0,16.23,16.23,16.01,16.01,8905.83
2018-01-16 07:43:00,1516088580.0,16.01,16.019,15.8123,15.86,18993.04
2018-01-16 07:44:00,1516088640.0,15.86,15.8995,15.8,15.8005,5076.69
2018-01-16 07:45:00,1516088700.0,15.8005,15.81,15.8,15.8006,3176.36
2018-01-16 07:46:00,1516088760.0,15.8006,16.2484,15.8006,16.2484,18926.7
2018-01-16 07:47:00,1516088820.0,16.2138,16.3211,16.0377,16.2673,11036.85
2018-01-16 07:48:00,1516088880.0,16.2668,16.4495,16.25,16.36,10620.66
2018-01-16 07:49:00,1516088940.0,16.35,16.35,16.0401,16.1211,4394.04
2018-01-16 07:50:00,1516089000.0,16.0725,16.12,15.6998,15.7,5621.14
2018-01-16 07:51:00,1516089060.0,15.69,15.7799,15.6008,15.6012,6024.65
2018-01-16 07:52:00,1516089120.0,15.612,16.0999,15.6012,15.7,4219.46
2018-01-16 07:53:00,1516089180.0,15.75,16.03,15.75,15.8998,769.69
2018-01-16 07:54:00,1516089240.0,15.8998,15.8998,15.8002,15.8008,1680.46
2018-01-16 07:55:00,1516089300.0,15.8008,15.9817,15.7503,15.8898,7194.82
2018-01-16 07:56:00,1516089360.0,15.8898,15.8898,15.6516,15.85,6663.39
2018-01-16 07:57:00,1516089420.0,15.85,15.8899,15.85,15.85,10358.48
2018-01-16 07:58:00,1516089480.0,15.8896,15.8896,15.8,15.8799,6411.9
2018-01-16 07:59:00,1516089540.0,15.8013,15.9354,15.8013,15.9,5708.99
2018-01-16 08:00:00,1516089600.0,15.854,16.1974,15.8021,16.16,3081.06
2018-01-16 08:01:00,1516089660.0,16.16,16.2199,16.0002,16.1974,2278.62
2018-01-16 08:02:00,1516089720.0,16.1974,16.1974,16.0339,16.0339,3447.23
2018-01-16 08:03:00,1516089780.0,16.0339,16.0339,15.9002,15.9002,7939.72
2018-01-16 08:04:00,1516089840.0,15.9003,15.9004,15.8,15.85,9883.65
2018-01-16 08:05:00,1516089900.0,15.85,15.85,15.6601,15.6601,5540.65
2018-01-16 08:06:00,1516089960.0,15.6601,15.7,15.5,15.5,9750.28
2018-01-16 08:07:00,1516090020.0,15.5426,15.5426,15.31,15.34,10042.99
2018-01-16 08:08:00,1516090080.0,15.34,15.381,15.202,15.202,8291.19
2018-01-16 08:09:00,1516090140.0,15.202,15.28,15.15,15.212,13759.77
2018-01-16 08:10:00,1516090200.0,15.212,15.23,15.1,15.1,12715.34
2018-01-16 08:11:00,1516090260.0,15.101,15.15,15.05,15.1499,17284.65
2018-01-16 08:12:00,1516090320.0,15.1499,15.1499,15.0,15.0,14877.75
2018-01-16 08:13:00,1516090380.0,15.0,15.0,14.8001,14.81,10947.81
2018-01-16 08:14:00,1516090440.0,14.8119,14.85,14.69,14.7001,19183.59
2018-01-16 08:15:00,1516090500.0,14.7002,15.1,14.7001,15.1,9539.58
2018-01-16 08:16:00,1516090560.0,15.1,15.3809,15.021,15.35,5209.14
2018-01-16 08:17:00,1516090620.0,15.2503,15.79,15.2503,15.75,12682.34
2018-01-16 08:18:00,1516090680.0,15.6201,15.7899,15.2503,15.5001,17878.41
2018-01-16 08:19:00,1516090740.0,15.5,15.5,15.1503,15.1503,8652.79
2018-01-16 08:20:00,1516090800.0,15.2155,15.5,15.1501,15.3501,10130.18
2018-01-16 08:21:00,1516090860.0,15.35,15.8012,15.3102,15.4001,13115.24
2018-01-16 08:22:00,1516090920.0,15.4001,15.6893,15.3502,15.4,9899.34
2018-01-16 08:23:00,1516090980.0,15.4,15.4512,15.3103,15.3103,10750.95
2018-01-16 08:24:00,1516091040.0,15.3103,15.4,15.2,15.2,25705.84
2018-01-16 08:25:00,1516091100.0,15.2,15.2399,14.7801,14.8819,12119.07
2018-01-16 08:26:00,1516091160.0,14.9998,15.0445,14.9005,14.9998,8652.14
2018-01-16 08:27:00,1516091220.0,14.9999,15.0,14.7802,14.7802,6983.34
2018-01-16 08:28:00,1516091280.0,14.7802,14.7802,14.7001,14.71,12814.73
2018-01-16 08:29:00,1516091340.0,14.754,14.8797,14.7001,14.7001,15605.81
2018-01-16 08:30:00,1516091400.0,14.7001,14.705,14.52,14.52,14976.14
2018-01-16 08:31:00,1516091460.0,14.52,14.5395,14.4101,14.4101,8484.55
2018-01-16 08:32:00,1516091520.0,14.4101,14.42,14.123,14.1378,18943.25
2018-01-16 08:33:00,1516091580.0,14.1378,14.3698,14.11,14.342,18270.17
2018-01-16 08:34:00,1516091640.0,14.342,14.51,14.2,14.46,19434.75
2018-01-16 08:35:00,1516091700.0,14.46,14.601,14.3201,14.3695,5958.25
2018-01-16 08:36:00,1516091760.0,14.3695,14.4,14.12,14.19,13285.24
2018-01-16 08:37:00,1516091820.0,14.19,14.2607,14.05,14.18,13668.27
2018-01-16 08:38:00,1516091880.0,14.18,14.4664,14.1799,14.4664,11378.97
2018-01-16 08:39:00,1516091940.0,14.4664,15.0001,14.4662,15.0001,12656.1
2018-01-16 08:40:00,1516092000.0,15.0001,16.1972,15.0,15.5,29919.46
2018-01-16 08:41:00,1516092060.0,15.46,15.8794,15.45,15.6999,21429.11
2018-01-16 08:42:00,1516092120.0,15.7,15.7985,15.3002,15.45,15504.73
2018-01-16 08:43:00,1516092180.0,15.45,15.45,14.8527,15.2,14274.06
2018-01-16 08:44:00,1516092240.0,15.1004,15.3759,15.1004,15.3759,6257.73
2018-01-16 08:45:00,1516092300.0,15.3759,15.499,15.3759,15.38,5254.88
2018-01-16 08:46:00,1516092360.0,15.4865,15.8,15.38,15.5908,6183.17
2018-01-16 08:47:00,1516092420.0,15.5908,15.89,15.5908,15.89,6980.45
2018-01-16 08:48:00,1516092480.0,15.8948,16.1972,15.879,16.0002,20294.24
2018-01-16 08:49:00,1516092540.0,16.1498,16.2,16.0918,16.0923,17643.86
2018-01-16 08:50:00,1516092600.0,16.13,16.1301,16.0,16.0,11054.34
2018-01-16 08:51:00,1516092660.0,16.0,16.0005,14.257,15.5006,27220.16
2018-01-16 08:52:00,1516092720.0,15.5008,15.88,15.26,15.445,6653.68
2018-01-16 08:53:00,1516092780.0,15.3015,15.445,15.2,15.2,9431.05
2018-01-16 08:54:00,1516092840.0,15.2001,15.3012,15.0,15.3011,17732.31
2018-01-16 08:55:00,1516092900.0,15.189,15.656,15.189,15.64,3954.54
2018-01-16 08:56:00,1516092960.0,15.64,15.899,15.64,15.8499,5632.39
2018-01-16 08:57:00,1516093020.0,15.8,15.85,15.7018,15.7024,7792.57
2018-01-16 08:58:00,1516093080.0,15.7034,15.7999,15.6722,15.6722,3028.37
2018-01-16 08:59:00,1516093140.0,15.6719,15.7999,15.67,15.7999,3072.58
2018-01-16 09:00:00,1516093200.0,15.7999,15.98,15.7512,15.98,13482.15
2018-01-16 09:01:00,1516093260.0,15.9324,16.0997,15.9323,16.0861,14226.64
2018-01-16 09:02:00,1516093320.0,16.0701,16.1,15.67,15.7,11815.07
2018-01-16 09:03:00,1516093380.0,15.6559,15.6999,15.2585,15.2999,10144.56
2018-01-16 09:04:00,1516093440.0,15.2999,15.8665,15.2586,15.7706,3869.08
2018-01-16 09:05:00,1516093500.0,15.437,15.6999,15.4,15.4,3669.39
2018-01-16 09:06:00,1516093560.0,15.4202,15.5303,15.4,15.4204,7290.29
2018-01-16 09:07:00,1516093620.0,15.4204,15.7702,15.4003,15.7543,4562.94
2018-01-16 09:08:00,1516093680.0,15.5552,15.9799,15.5548,15.85,2544.48
2018-01-16 09:09:00,1516093740.0,15.9639,15.9797,15.7825,15.7825,3782.33
2018-01-16 09:10:00,1516093800.0,15.79,15.82,15.6604,15.6607,4817.34
2018-01-16 09:11:00,1516093860.0,15.6604,15.7483,15.21,15.5006,7851.46
2018-01-16 09:12:00,1516093920.0,15.5591,15.6499,15.4106,15.61,4607.12
2018-01-16 09:13:00,1516093980.0,15.6499,15.7,15.5601,15.63,2907.49
2018-01-16 09:14:00,1516094040.0,15.56,15.6997,15.3198,15.3198,4540.51
2018-01-16 09:15:00,1516094100.0,15.3198,15.6499,15.3198,15.454,6672.86
2018-01-16 09:16:00,1516094160.0,15.623,15.623,15.4544,15.55,2840.35
2018-01-16 09:17:00,1516094220.0,15.5499,15.5499,15.4266,15.4266,12336.9
2018-01-16 09:18:00,1516094280.0,15.4266,15.5,15.3199,15.3999,3157.57
2018-01-16 09:19:00,1516094340.0,15.3197,15.3197,15.1,15.11,6649.43
2018-01-16 09:20:00,1516094400.0,15.11,15.11,14.8903,14.9996,10207.5
2018-01-16 09:21:00,1516094460.0,14.9996,14.9997,14.812,14.999,7899.09
2018-01-16 09:22:00,1516094520.0,14.999,15.2746,14.999,15.1701,4452.17
2018-01-16 09:23:00,1516094580.0,15.1633,15.2399,14.9151,15.0001,10462.07
2018-01-16 09:24:00,1516094640.0,15.0992,15.23,14.9319,15.1282,5034.99
2018-01-16 09:25:00,1516094700.0,15.1999,15.455,15.128,15.3166,4747.3
2018-01-16 09:26:00,1516094760.0,15.4543,15.5314,15.44,15.5314,3997.85
2018-01-16 09:27:00,1516094820.0,15.5,15.7098,15.5,15.7,3040.11
2018-01-16 09:28:00,1516094880.0,15.706,15.9001,15.7,15.868,4080.99
2018-01-16 09:29:00,1516094940.0,15.8996,15.9111,15.6003,15.6994,8851.52
2018-01-16 09:30:00,1516095000.0,15.6994,15.731,15.6464,15.6931,4941.41
2018-01-16 09:31:00,1516095060.0,15.6931,15.6994,15.65,15.6931,10103.46
2018-01-16 09:32:00,1516095120.0,15.6931,15.6931,15.5783,15.5783,5393.54
2018-01-16 09:33:00,1516095180.0,15.6,15.6931,15.579,15.6666,3990.87
2018-01-16 09:34:00,1516095240.0,15.6931,15.8,15.67,15.8,4391.88
2018-01-16 09:35:00,1516095300.0,15.7201,15.8,15.555,15.555,3229.08
2018-01-16 09:36:00,1516095360.0,15.555,15.579,15.4553,15.4553,1719.76
2018-01-16 09:37:00,1516095420.0,15.4553,15.46,15.3751,15.3751,5638.19
2018-01-16 09:38:00,1516095480.0,15.3751,15.3751,15.2759,15.2759,3046.56
2018-01-16 09:39:00,1516095540.0,15.276,15.3393,15.2007,15.29,4587.89
2018-01-16 09:40:00,1516095600.0,15.3393,15.5311,15.2601,15.4672,5386.57
2018-01-16 09:41:00,1516095660.0,15.4604,15.531,15.3,15.3003,4984.58
2018-01-16 09:42:00,1516095720.0,15.3004,15.3994,15.3004,15.39,372.0
2018-01-16 09:43:00,1516095780.0,15.35,15.39,15.05,15.1,6909.77
2018-01-16 09:44:00,1516095840.0,15.03,15.0999,14.9302,15.0997,5273.54
2018-01-16 09:45:00,1516095900.0,15.0,15.0989,14.9304,14.9304,5510.89
2018-01-16 09:46:00,1516095960.0,14.9304,14.9842,14.5885,14.6,9077.12
2018-01-16 09:47:00,1516096020.0,14.7511,14.7511,14.4747,14.4999,9863.62
2018-01-16 09:48:00,1516096080.0,14.4747,14.4747,14.2,14.2,10080.78
2018-01-16 09:49:00,1516096140.0,14.2001,14.2704,14.1,14.19,19146.31
2018-01-16 09:50:00,1516096200.0,14.19,14.2703,13.9101,13.9101,25065.53
2018-01-16 09:51:00,1516096260.0,14.0001,14.28,13.8448,14.2799,18887.52
2018-01-16 09:52:00,1516096320.0,14.28,14.71,14.28,14.5208,20026.79
2018-01-16 09:53:00,1516096380.0,14.521,14.6949,14.5007,14.6485,4301.28
2018-01-16 09:54:00,1516096440.0,14.6485,14.6949,14.252,14.2804,5247.96
2018-01-16 09:55:00,1516096500.0,14.3003,14.5601,14.2799,14.53,22837.85
2018-01-16 09:56:00,1516096560.0,14.3018,14.5494,14.0,14.51,16218.97
2018-01-16 09:57:00,1516096620.0,14.5,14.51,14.35,14.35,4055.91
2018-01-16 09:58:00,1516096680.0,14.35,14.35,14.1101,14.2993,3911.45
2018-01-16 09:59:00,1516096740.0,14.1515,14.1515,13.7,13.7,14153.19
2018-01-16 10:00:00,1516096800.0,13.7,14.0,13.67,13.8,14344.83
2018-01-16 10:01:00,1516096860.0,13.777,13.8997,13.31,13.35,25072.69
2018-01-16 10:02:00,1516096920.0,13.5545,13.5545,12.67,12.67,43384.11
2018-01-16 10:03:00,1516096980.0,12.67,13.0,12.2,12.2,51398.34
2018-01-16 10:04:00,1516097040.0,12.161,12.5,12.12,12.21,42380.26
2018-01-16 10:05:00,1516097100.0,12.16,12.5,11.3,11.3,56322.29
2018-01-16 10:06:00,1516097160.0,11.402,11.402,10.21,10.2801,56305.99
2018-01-16 10:07:00,1516097220.0,10.2801,11.2102,10.1,10.3,94842.26
2018-01-16 10:08:00,1516097280.0,10.3,11.4,10.1,10.23,72713.87
2018-01-16 10:09:00,1516097340.0,10.23,10.4,9.955,10.0501,98569.37
2018-01-16 10:10:00,1516097400.0,10.0001,11.5,9.89,11.18,58262.89
2018-01-16 10:11:00,1516097460.0,11.4,11.999,11.0007,11.5102,45298.62
2018-01-16 10:12:00,1516097520.0,11.5999,12.6,11.5102,12.2,51599.35
2018-01-16 10:13:00,1516097580.0,12.0024,12.6599,11.78,12.1398,40776.04
2018-01-16 10:14:00,1516097640.0,12.14,12.49,12.01,12.2875,36581.82
2018-01-16 10:15:00,1516097700.0,12.2,12.3,11.5,11.5,34745.67
2018-01-16 10:16:00,1516097760.0,11.51,11.6,11.22,11.6,15846.56
2018-01-16 10:17:00,1516097820.0,11.6,12.2,11.3001,12.0,16582.84
2018-01-16 10:18:00,1516097880.0,12.0121,12.4499,12.0003,12.3995,23443.23
2018-01-16 10:19:00,1516097940.0,12.3994,12.3999,12.2,12.27,26235.82
2018-01-16 10:20:00,1516098000.0,12.2,12.4,12.15,12.4,16057.87
2018-01-16 10:21:00,1516098060.0,12.3502,13.5,12.35,13.12,30517.31
2018-01-16 10:22:00,1516098120.0,13.4999,13.4999,13.0503,13.1306,44824.2
2018-01-16 10:23:00,1516098180.0,13.1306,13.41,13.1,13.41,22242.07
2018-01-16 10:24:00,1516098240.0,13.41,13.75,13.399,13.65,20203.53
2018-01-16 10:25:00,1516098300.0,13.65,13.8,13.5102,13.79,18805.23
2018-01-16 10:26:00,1516098360.0,13.8,14.0,13.79,14.0,18461.85
2018-01-16 10:27:00,1516098420.0,14.0,14.78,14.0,14.2,30378.42
2018-01-16 10:28:00,1516098480.0,14.1999,14.2996,14.1601,14.1615,13460.8
2018-01-16 10:29:00,1516098540.0,14.1701,14.2795,13.2493,13.2493,30466.76
2018-01-16 10:30:00,1516098600.0,13.3,13.3001,12.6002,12.8,25368.9
2018-01-16 10:31:00,1516098660.0,12.7001,13.4896,12.7,13.4,23451.38
2018-01-16 10:32:00,1516098720.0,13.4895,13.4896,13.2002,13.3,17246.28
2018-01-16 10:33:00,1516098780.0,13.2997,13.5347,13.2997,13.5347,24730.31
2018-01-16 10:34:00,1516098840.0,13.5349,13.7,13.5349,13.65,20173.75
2018-01-16 10:35:00,1516098900.0,13.6498,13.67,13.3967,13.5861,13082.46
2018-01-16 10:36:00,1516098960.0,13.5414,13.8999,13.5413,13.8999,15175.63
2018-01-16 10:37:00,1516099020.0,13.82,13.9,13.7101,13.89,15359.16
2018-01-16 10:38:00,1516099080.0,13.89,13.89,13.72,13.8,19041.33
2018-01-16 10:39:00,1516099140.0,13.8,14.41,13.7,14.26,30861.57
2018-01-16 10:40:00,1516099200.0,14.26,14.44,14.12,14.29,16432.75
2018-01-16 10:41:00,1516099260.0,14.29,14.3,14.0,14.0999,32819.78
2018-01-16 10:42:00,1516099320.0,14.0999,14.0999,13.6,13.6,19734.0
2018-01-16 10:43:00,1516099380.0,13.6,13.8651,13.6,13.81,7792.84
2018-01-16 10:44:00,1516099440.0,13.8001,13.8649,13.5139,13.562,17777.4
2018-01-16 10:45:00,1516099500.0,13.6999,13.7201,13.5,13.5105,16130.88
2018-01-16 10:46:00,1516099560.0,13.5105,13.6399,13.5,13.5656,12591.56
2018-01-16 10:47:00,1516099620.0,13.5656,13.599,12.86,13.0,20402.41
2018-01-16 10:48:00,1516099680.0,12.8601,13.1998,12.7001,12.9,14325.98
2018-01-16 10:49:00,1516099740.0,12.9,13.3,12.8702,13.2491,12549.89
2018-01-16 10:50:00,1516099800.0,13.16,13.2488,12.8801,12.9001,13048.04
2018-01-16 10:51:00,1516099860.0,13.0,13.0004,12.9001,12.942,4232.16
2018-01-16 10:52:00,1516099920.0,12.9007,12.9494,12.66,12.7008,9851.56
2018-01-16 10:53:00,1516099980.0,12.7009,12.7009,12.55,12.6,17362.86
2018-01-16 10:54:00,1516100040.0,12.6,13.0,12.5899,12.9494,23973.37
2018-01-16 10:55:00,1516100100.0,12.9494,13.0007,12.9,12.9501,13063.95
2018-01-16 10:56:00,1516100160.0,12.96,12.96,12.72,12.8,14307.73
2018-01-16 10:57:00,1516100220.0,12.8,13.2,12.7502,13.2,10487.62
2018-01-16 10:58:00,1516100280.0,13.1,13.229,12.9864,13.0,18264.58
2018-01-16 10:59:00,1516100340.0,12.9869,13.0501,12.9864,13.0399,8350.89
2018-01-16 11:00:00,1516100400.0,13.0004,13.1882,13.0004,13.1,3504.88
2018-01-16 11:01:00,1516100460.0,13.1287,13.4887,13.1,13.3994,17113.14
2018-01-16 11:02:00,1516100520.0,13.23,13.6,13.2101,13.4,14824.25
2018-01-16 11:03:00,1516100580.0,13.5,13.7,13.4012,13.7,9410.16
2018-01-16 11:04:00,1516100640.0,13.75,13.98,13.6011,13.75,20358.22
2018-01-16 11:05:00,1516100700.0,13.73,13.8299,13.6011,13.7501,22895.6
2018-01-16 11:06:00,1516100760.0,13.7696,13.85,13.6905,13.7998,10791.78
2018-01-16 11:07:00,1516100820.0,13.7998,13.7998,13.7101,13.7104,8995.0
2018-01-16 11:08:00,1516100880.0,13.7493,13.7493,13.4003,13.4206,8386.79
2018-01-16 11:09:00,1516100940.0,13.4334,13.5,13.35,13.49,12126.24
2018-01-16 11:10:00,1516101000.0,13.4995,13.7399,13.4995,13.6799,11470.58
2018-01-16 11:11:00,1516101060.0,13.6799,13.68,13.5604,13.6,7550.95
2018-01-16 11:12:00,1516101120.0,13.5998,13.6685,13.5103,13.6684,8588.66
2018-01-16 11:13:00,1516101180.0,13.64,13.6681,13.5505,13.66,3364.66
2018-01-16 11:14:00,1516101240.0,13.6006,13.76,13.6,13.6999,6598.14
2018-01-16 11:15:00,1516101300.0,13.69,13.89,13.6702,13.89,8208.32
2018-01-16 11:16:00,1516101360.0,13.89,14.18,13.8501,14.18,9399.67
2018-01-16 11:17:00,1516101420.0,14.18,14.5,14.129,14.4,16999.3
2018-01-16 11:18:00,1516101480.0,14.4101,14.6193,14.4005,14.6193,15031.52
2018-01-16 11:19:00,1516101540.0,14.6193,14.88,14.6193,14.8101,19253.27
2018-01-16 11:20:00,1516101600.0,14.8101,14.8798,14.28,14.3801,16383.47
2018-01-16 11:21:00,1516101660.0,14.4,14.4979,14.2,14.28,10905.83
2018-01-16 11:22:00,1516101720.0,14.2202,14.3499,14.0601,14.185,18520.05
2018-01-16 11:23:00,1516101780.0,14.13,14.49,14.0503,14.41,12199.95
2018-01-16 11:24:00,1516101840.0,14.41,14.56,14.41,14.5499,10296.36
2018-01-16 11:25:00,1516101900.0,14.5499,14.8,14.5011,14.78,6631.01
2018-01-16 11:26:00,1516101960.0,14.78,14.79,14.6,14.6101,11495.02
2018-01-16 11:27:00,1516102020.0,14.6101,14.632,14.4001,14.5,15287.7
2018-01-16 11:28:00,1516102080.0,14.5095,14.5096,14.3095,14.3344,13691.39
2018-01-16 11:29:00,1516102140.0,14.3005,14.39,14.2,14.25,12474.23
2018-01-16 11:30:00,1516102200.0,14.32,14.32,14.05,14.1712,16431.24
2018-01-16 11:31:00,1516102260.0,14.1713,14.288,14.1,14.288,8566.54
2018-01-16 11:32:00,1516102320.0,14.288,14.4299,14.24,14.4299,13217.76
2018-01-16 11:33:00,1516102380.0,14.42,14.48,14.3101,14.39,5548.5
2018-01-16 11:34:00,1516102440.0,14.39,14.4,14.2202,14.3102,5494.98
2018-01-16 11:35:00,1516102500.0,14.32,14.4498,14.2636,14.3655,6890.69
2018-01-16 11:36:00,1516102560.0,14.44,14.4497,14.3706,14.4496,5408.3
2018-01-16 11:37:00,1516102620.0,14.4496,14.478,14.411,14.478,3481.23
2018-01-16 11:38:00,1516102680.0,14.48,14.85,14.48,14.71,13844.72
2018-01-16 11:39:00,1516102740.0,14.7998,14.98,14.7101,14.98,9857.11
2018-01-16 11:40:00,1516102800.0,14.98,15.2,14.9,15.0101,25539.56
2018-01-16 11:41:00,1516102860.0,15.101,15.11,15.0,15.0115,24436.89
2018-01-16 11:42:00,1516102920.0,15.1,15.11,15.0309,15.11,6231.49
2018-01-16 11:43:00,1516102980.0,15.11,15.48,15.11,15.48,8469.43
2018-01-16 11:44:00,1516103040.0,15.4498,15.4989,15.3,15.4298,19399.78
2018-01-16 11:45:00,1516103100.0,15.4298,15.7,15.4298,15.7,13975.04
2018-01-16 11:46:00,1516103160.0,15.6799,15.8,15.6799,15.7998,23388.02
2018-01-16 11:47:00,1516103220.0,15.8,15.92,15.7999,15.92,7602.33
2018-01-16 11:48:00,1516103280.0,15.92,16.0079,15.9151,16.001,17985.93
2018-01-16 11:49:00,1516103340.0,16.001,16.195,16.001,16.0509,9752.84
2018-01-16 11:50:00,1516103400.0,16.0509,16.109,15.61,15.6999,24675.89
2018-01-16 11:51:00,1516103460.0,15.66,15.66,14.45,15.1893,19842.64
2018-01-16 11:52:00,1516103520.0,15.1893,15.5,15.1,15.4,19439.53
2018-01-16 11:53:00,1516103580.0,15.3897,15.499,15.3,15.498,15012.73
2018-01-16 11:54:00,1516103640.0,15.498,15.4997,15.4125,15.499,5376.81
2018-01-16 11:55:00,1516103700.0,15.499,15.7499,15.4606,15.6679,21286.17
2018-01-16 11:56:00,1516103760.0,15.64,15.75,15.6,15.7498,13791.1
2018-01-16 11:57:00,1516103820.0,15.77,16.1,15.7498,16.0,14931.71
2018-01-16 11:58:00,1516103880.0,16.0,16.15,15.9101,16.1494,11119.9
2018-01-16 11:59:00,1516103940.0,16.1074,16.1074,15.85,16.07,16606.6
2018-01-16 12:00:00,1516104000.0,16.0,16.0699,15.904,16.0496,9030.86
2018-01-16 12:01:00,1516104060.0,16.0497,16.1014,16.0,16.1014,7512.72
2018-01-16 12:02:00,1516104120.0,16.1,16.1161,16.0496,16.0889,4092.56
2018-01-16 12:03:00,1516104180.0,16.0501,16.09,16.0003,16.06,10926.54
2018-01-16 12:04:00,1516104240.0,16.0181,16.06,15.8501,15.8502,14084.79
2018-01-16 12:05:00,1516104300.0,15.8502,15.9,15.5,15.5,13383.63
2018-01-16 12:06:00,1516104360.0,15.5,15.9799,15.41,15.711,16810.43
2018-01-16 12:07:00,1516104420.0,15.711,15.9799,15.7108,15.8999,7823.44
2018-01-16 12:08:00,1516104480.0,15.8999,15.9,15.54,15.7899,9639.49
2018-01-16 12:09:00,1516104540.0,15.75,15.8993,15.6514,15.8793,6533.36
2018-01-16 12:10:00,1516104600.0,15.8699,16.1,15.8111,16.0,11088.69
2018-01-16 12:11:00,1516104660.0,16.0,16.1,15.8001,15.9201,9219.47
2018-01-16 12:12:00,1516104720.0,15.92,15.9985,15.81,15.85,6007.95
2018-01-16 12:13:00,1516104780.0,15.8504,15.8798,15.7887,15.8457,10414.35
2018-01-16 12:14:00,1516104840.0,15.8457,15.8772,15.7887,15.8696,3386.38
2018-01-16 12:15:00,1516104900.0,15.8696,15.9886,15.789,15.9886,6720.18
2018-01-16 12:16:00,1516104960.0,15.9873,16.02,15.8612,16.02,9041.11
2018-01-16 12:17:00,1516105020.0,15.9303,15.9999,15.8001,15.82,4152.42
2018-01-16 12:18:00,1516105080.0,15.84,15.9196,15.7002,15.85,7426.11
2018-01-16 12:19:00,1516105140.0,15.8498,15.85,15.56,15.58,8995.85
2018-01-16 12:20:00,1516105200.0,15.62,15.62,15.4,15.4005,12927.63
2018-01-16 12:21:00,1516105260.0,15.481,15.5,15.3601,15.465,7984.84
2018-01-16 12:22:00,1516105320.0,15.465,15.5399,15.37,15.38,8053.16
2018-01-16 12:23:00,1516105380.0,15.38,15.4346,15.01,15.0501,25904.23
2018-01-16 12:24:00,1516105440.0,15.0502,15.2,14.72,14.7999,21642.54
2018-01-16 12:25:00,1516105500.0,14.7706,15.1272,14.6802,15.1272,18032.4
2018-01-16 12:26:00,1516105560.0,15.0849,15.2792,15.0,15.19,9385.09
2018-01-16 12:27:00,1516105620.0,15.19,15.2788,14.6304,14.6304,15319.52
2018-01-16 12:28:00,1516105680.0,14.9501,14.9995,14.6451,14.7654,5471.31
2018-01-16 12:29:00,1516105740.0,14.7654,15.0,14.6101,14.94,11981.0
2018-01-16 12:30:00,1516105800.0,14.9,14.9496,14.7001,14.8,5893.81
2018-01-16 12:31:00,1516105860.0,14.8001,14.88,14.66,14.79,6185.22
2018-01-16 12:32:00,1516105920.0,14.789,14.789,14.5,14.5,7410.27
2018-01-16 12:33:00,1516105980.0,14.5147,14.588,14.44,14.44,8099.98
2018-01-16 12:34:00,1516106040.0,14.4304,14.7599,14.4,14.6304,13463.24
2018-01-16 12:35:00,1516106100.0,14.7,14.8746,14.66,14.72,9384.58
2018-01-16 12:36:00,1516106160.0,14.72,14.7998,14.71,14.7102,6579.34
2018-01-16 12:37:00,1516106220.0,14.7102,14.72,14.5,14.5,5736.23
2018-01-16 12:38:00,1516106280.0,14.5107,14.55,14.3094,14.3096,7564.61
2018-01-16 12:39:00,1516106340.0,14.48,14.7,14.4,14.6996,9890.48
2018-01-16 12:40:00,1516106400.0,14.6996,14.6996,14.5002,14.6,6936.73
2018-01-16 12:41:00,1516106460.0,14.6697,14.6698,14.54,14.54,4331.89
2018-01-16 12:42:00,1516106520.0,14.5296,14.6,14.45,14.5998,6000.67
2018-01-16 12:43:00,1516106580.0,14.6,14.89,14.5701,14.718,12109.1
2018-01-16 12:44:00,1516106640.0,14.8752,14.887,14.6805,14.8543,9874.69
2018-01-16 12:45:00,1516106700.0,14.85,14.8751,14.72,14.8751,10477.43
2018-01-16 12:46:00,1516106760.0,14.8748,14.9397,14.8001,14.9397,7666.97
2018-01-16 12:47:00,1516106820.0,14.9397,15.1492,14.9397,15.0999,7871.6
2018-01-16 12:48:00,1516106880.0,15.0999,15.1745,15.0005,15.0999,6458.08
2018-01-16 12:49:00,1516106940.0,15.0999,15.0999,15.06,15.098,2082.7
2018-01-16 12:50:00,1516107000.0,15.07,15.098,14.9601,14.98,8057.79
2018-01-16 12:51:00,1516107060.0,15.0,15.0,14.8252,14.9,6096.71
2018-01-16 12:52:00,1516107120.0,14.8903,14.8903,14.7,14.7,6120.44
2018-01-16 12:53:00,1516107180.0,14.72,14.72,14.5703,14.6,4651.27
2018-01-16 12:54:00,1516107240.0,14.6299,14.73,14.6101,14.73,4667.46
2018-01-16 12:55:00,1516107300.0,14.73,14.816,14.73,14.76,3776.19
2018-01-16 12:56:00,1516107360.0,14.76,14.88,14.76,14.8004,2043.78
2018-01-16 12:57:00,1516107420.0,14.8798,14.88,14.75,14.7505,5843.49
2018-01-16 12:58:00,1516107480.0,14.765,14.8697,14.765,14.8696,3867.19
2018-01-16 12:59:00,1516107540.0,14.8496,15.0599,14.8496,15.0599,6986.15
2018-01-16 13:00:00,1516107600.0,15.0599,15.1693,14.9995,15.1001,5440.23
2018-01-16 13:01:00,1516107660.0,15.1693,15.4642,15.15,15.3004,12553.3
2018-01-16 13:02:00,1516107720.0,15.3999,15.4599,15.3009,15.4311,4402.03
2018-01-16 13:03:00,1516107780.0,15.4311,15.4641,15.25,15.2803,8513.22
2018-01-16 13:04:00,1516107840.0,15.3989,15.3989,15.25,15.33,7412.49
2018-01-16 13:05:00,1516107900.0,15.254,15.444,15.25,15.4438,7668.51
2018-01-16 13:06:00,1516107960.0,15.3485,15.45,15.3485,15.3502,5741.34
2018-01-16 13:07:00,1516108020.0,15.351,15.39,15.1002,15.1305,2973.93
2018-01-16 13:08:00,1516108080.0,15.1457,15.2367,15.1003,15.1468,5438.33
2018-01-16 13:09:00,1516108140.0,15.1468,15.2197,15.101,15.1995,5122.18
2018-01-16 13:10:00,1516108200.0,15.1512,15.1512,15.0102,15.088,2815.09
2018-01-16 13:11:00,1516108260.0,15.0879,15.0879,15.0,15.0001,9582.99
2018-01-16 13:12:00,1516108320.0,15.0151,15.1885,15.0,15.1,5886.48
2018-01-16 13:13:00,1516108380.0,15.1501,15.2999,15.1,15.2999,3315.61
2018-01-16 13:14:00,1516108440.0,15.2999,15.35,15.2205,15.3,2277.23
2018-01-16 13:15:00,1516108500.0,15.3,15.4,15.2703,15.3489,5637.88
2018-01-16 13:16:00,1516108560.0,15.3489,15.438,15.3489,15.3602,1806.25
2018-01-16 13:17:00,1516108620.0,15.4347,15.4347,15.2002,15.3001,8733.86
2018-01-16 13:18:00,1516108680.0,15.2999,15.36,15.2305,15.3,4252.89
2018-01-16 13:19:00,1516108740.0,15.3498,15.3498,15.24,15.279,1057.05
2018-01-16 13:20:00,1516108800.0,15.24,15.279,15.2001,15.24,4081.24
2018-01-16 13:21:00,1516108860.0,15.2788,15.3197,15.2405,15.3197,651.53
2018-01-16 13:22:00,1516108920.0,15.3002,15.3397,15.2511,15.2511,3942.74
2018-01-16 13:23:00,1516108980.0,15.3,15.3009,15.252,15.3,1730.27
2018-01-16 13:24:00,1516109040.0,15.29,15.435,15.26,15.4349,3776.16
2018-01-16 13:25:00,1516109100.0,15.435,15.536,15.4,15.4643,5783.78
2018-01-16 13:26:00,1516109160.0,15.56,15.56,15.4,15.4497,3532.29
2018-01-16 13:27:00,1516109220.0,15.4496,15.4496,15.3373,15.34,1373.78
2018-01-16 13:28:00,1516109280.0,15.3809,15.381,15.315,15.3798,143.5
2018-01-16 13:29:00,1516109340.0,15.3794,15.447,15.3181,15.4,1459.56
2018-01-16 13:30:00,1516109400.0,15.3511,15.39,15.1643,15.29,4341.36
2018-01-16 13:31:00,1516109460.0,15.1647,15.28,15.0002,15.0455,11398.92
2018-01-16 13:32:00,1516109520.0,15.0154,15.0899,14.8851,14.9001,7359.77
2018-01-16 13:33:00,1516109580.0,14.9599,14.9599,14.7652,14.8849,7059.98
2018-01-16 13:34:00,1516109640.0,14.8849,14.9591,14.8502,14.9589,2421.71
2018-01-16 13:35:00,1516109700.0,14.95,15.07,14.9436,14.959,5140.63
2018-01-16 13:36:00,1516109760.0,14.959,15.1299,14.959,15.0001,8299.78
2018-01-16 13:37:00,1516109820.0,15.0996,15.0996,14.715,14.9497,8845.67
2018-01-16 13:38:00,1516109880.0,14.9497,14.9497,14.8608,14.8608,2044.41
2018-01-16 13:39:00,1516109940.0,14.8609,14.899,14.79,14.79,3882.37
2018-01-16 13:40:00,1516110000.0,14.7649,14.85,14.7,14.7195,4365.14
2018-01-16 13:41:00,1516110060.0,14.7013,14.7195,14.57,14.5793,8048.74
2018-01-16 13:42:00,1516110120.0,14.57,14.68,14.5,14.6499,7052.35
2018-01-16 13:43:00,1516110180.0,14.6689,14.8499,14.5902,14.65,9569.48
2018-01-16 13:44:00,1516110240.0,14.6699,14.6699,14.559,14.6499,2710.45
2018-01-16 13:45:00,1516110300.0,14.6495,14.6495,14.5,14.54,3299.48
2018-01-16 13:46:00,1516110360.0,14.54,14.6799,14.4667,14.63,9837.18
2018-01-16 13:47:00,1516110420.0,14.5906,14.6299,14.46,14.46,2876.85
2018-01-16 13:48:00,1516110480.0,14.46,14.46,14.2849,14.32,8158.04
2018-01-16 13:49:00,1516110540.0,14.2849,14.37,14.1828,14.3387,12599.61
2018-01-16 13:50:00,1516110600.0,14.3387,14.3698,14.101,14.1254,10457.04
2018-01-16 13:51:00,1516110660.0,14.101,14.1887,13.9021,13.9021,17877.23
2018-01-16 13:52:00,1516110720.0,13.9021,13.9997,13.55,13.55,15488.24
2018-01-16 13:53:00,1516110780.0,13.5607,13.6,13.32,13.51,19294.97
2018-01-16 13:54:00,1516110840.0,13.51,13.9452,13.45,13.6174,18918.37
2018-01-16 13:55:00,1516110900.0,13.7,13.98,13.7,13.71,14577.18
2018-01-16 13:56:00,1516110960.0,13.71,13.8713,13.3004,13.5,17015.15
2018-01-16 13:57:00,1516111020.0,13.5899,13.7142,13.3005,13.7,11246.92
2018-01-16 13:58:00,1516111080.0,13.7,13.8,13.5305,13.5305,8991.74
2018-01-16 13:59:00,1516111140.0,13.6,13.65,13.5303,13.65,6138.1
2018-01-16 14:00:00,1516111200.0,13.65,13.89,13.65,13.8007,13191.88
2018-01-16 14:01:00,1516111260.0,13.75,13.9999,13.75,13.9799,5115.86
2018-01-16 14:02:00,1516111320.0,13.9201,14.2245,13.891,14.05,12541.12
2018-01-16 14:03:00,1516111380.0,14.0305,14.05,13.9009,14.0001,9807.92
2018-01-16 14:04:00,1516111440.0,14.0004,14.3699,14.0001,14.3699,8399.02
2018-01-16 14:05:00,1516111500.0,14.3699,14.7,14.36,14.6001,13323.26
2018-01-16 14:06:00,1516111560.0,14.7,14.8105,14.6009,14.6997,14524.92
2018-01-16 14:07:00,1516111620.0,14.6997,14.7012,14.6,14.6011,21847.19
2018-01-16 14:08:00,1516111680.0,14.602,14.6597,14.5,14.5,19411.13
2018-01-16 14:09:00,1516111740.0,14.5,14.6,14.4648,14.6,9039.5
2018-01-16 14:10:00,1516111800.0,14.56,14.6879,14.2388,14.47,14739.3
2018-01-16 14:11:00,1516111860.0,14.5,14.5,14.1313,14.19,19401.19
2018-01-16 14:12:00,1516111920.0,14.19,14.5,14.15,14.41,7476.49
2018-01-16 14:13:00,1516111980.0,14.4099,14.4855,14.36,14.4855,4012.72
2018-01-16 14:14:00,1516112040.0,14.4855,14.5,14.48,14.48,8725.14
2018-01-16 14:15:00,1516112100.0,14.48,14.6,14.48,14.55,6224.61
2018-01-16 14:16:00,1516112160.0,14.55,14.75,14.55,14.6865,12143.87
2018-01-16 14:17:00,1516112220.0,14.6719,14.75,14.5601,14.5601,6254.36
2018-01-16 14:18:00,1516112280.0,14.6,14.6,14.501,14.579,2227.79
2018-01-16 14:19:00,1516112340.0,14.55,14.5949,14.5108,14.5865,2842.2
2018-01-16 14:20:00,1516112400.0,14.5865,14.6999,14.5865,14.6998,4838.83
2018-01-16 14:21:00,1516112460.0,14.6851,14.6998,14.501,14.5698,5178.28
2018-01-16 14:22:00,1516112520.0,14.501,14.5999,14.3501,14.4,4376.76
2018-01-16 14:23:00,1516112580.0,14.4,14.4999,14.33,14.4989,2991.1
2018-01-16 14:24:00,1516112640.0,14.498,14.5998,14.39,14.499,3716.64
2018-01-16 14:25:00,1516112700.0,14.4009,14.4009,14.2,14.3889,7655.86
2018-01-16 14:26:00,1516112760.0,14.25,14.4499,14.2146,14.449,3439.76
2018-01-16 14:27:00,1516112820.0,14.3899,14.4655,14.33,14.3905,2101.21
2018-01-16 14:28:00,1516112880.0,14.3905,14.3905,14.2714,14.3,1363.85
2018-01-16 14:29:00,1516112940.0,14.33,14.3305,14.2389,14.239,5142.44
2018-01-16 14:30:00,1516113000.0,14.2105,14.2751,14.102,14.12,4548.87
2018-01-16 14:31:00,1516113060.0,14.1982,14.3,14.12,14.25,2473.75
2018-01-16 14:32:00,1516113120.0,14.25,14.4399,14.25,14.439,4384.87
2018-01-16 14:33:00,1516113180.0,14.42,14.44,14.3503,14.3996,7917.56
2018-01-16 14:34:00,1516113240.0,14.3994,14.4988,14.3994,14.4981,6311.46
2018-01-16 14:35:00,1516113300.0,14.45,14.5418,14.45,14.51,8231.22
2018-01-16 14:36:00,1516113360.0,14.52,14.55,14.4701,14.5499,8414.43
2018-01-16 14:37:00,1516113420.0,14.52,14.6998,14.52,14.5501,13763.89
2018-01-16 14:38:00,1516113480.0,14.5501,14.7,14.55,14.6852,9731.3
2018-01-16 14:39:00,1516113540.0,14.62,14.68,14.5557,14.5982,9718.36
2018-01-16 14:40:00,1516113600.0,14.5581,14.6298,14.5301,14.625,20532.64
2018-01-16 14:41:00,1516113660.0,14.625,14.71,14.5997,14.69,13769.71
2018-01-16 14:42:00,1516113720.0,14.69,14.7331,14.65,14.7329,10290.52
2018-01-16 14:43:00,1516113780.0,14.71,14.7329,14.71,14.72,6251.53
2018-01-16 14:44:00,1516113840.0,14.72,14.73,14.6217,14.7099,7298.58
2018-01-16 14:45:00,1516113900.0,14.7098,14.7201,14.6223,14.623,16725.39
2018-01-16 14:46:00,1516113960.0,14.623,14.623,14.3996,14.4898,6699.78
2018-01-16 14:47:00,1516114020.0,14.4898,14.4898,14.25,14.3,6049.3
2018-01-16 14:48:00,1516114080.0,14.25,14.3599,14.1501,14.32,6937.65
2018-01-16 14:49:00,1516114140.0,14.3396,14.3396,14.2802,14.2802,890.59
2018-01-16 14:50:00,1516114200.0,14.2804,14.2804,14.1465,14.2352,4537.97
2018-01-16 14:51:00,1516114260.0,14.2352,14.2352,14.02,14.0201,8854.95
2018-01-16 14:52:00,1516114320.0,14.0501,14.2399,14.0206,14.1441,3752.83
2018-01-16 14:53:00,1516114380.0,14.16,14.4495,14.1444,14.2253,13512.77
2018-01-16 14:54:00,1516114440.0,14.2253,14.3471,14.2253,14.317,1876.1
2018-01-16 14:55:00,1516114500.0,14.251,14.4174,14.2505,14.4172,4435.07
2018-01-16 14:56:00,1516114560.0,14.4171,14.4171,14.27,14.3,2940.27
2018-01-16 14:57:00,1516114620.0,14.29,14.3663,14.29,14.35,360.41
2018-01-16 14:58:00,1516114680.0,14.2929,14.348,14.29,14.2924,2138.9
2018-01-16 14:59:00,1516114740.0,14.333,14.3482,14.2923,14.3481,1405.04
2018-01-16 15:00:00,1516114800.0,14.3481,14.4444,14.3481,14.4,5601.26
2018-01-16 15:01:00,1516114860.0,14.4,14.501,14.391,14.501,4689.12
2018-01-16 15:02:00,1516114920.0,14.5001,14.6,14.5001,14.6,5189.46
2018-01-16 15:03:00,1516114980.0,14.6,14.6,14.4,14.4,7033.35
2018-01-16 15:04:00,1516115040.0,14.4809,14.5899,14.39,14.5843,5123.25
2018-01-16 15:05:00,1516115100.0,14.5843,14.6,14.4969,14.5,9406.7
2018-01-16 15:06:00,1516115160.0,14.5,14.5,14.4435,14.49,928.15
2018-01-16 15:07:00,1516115220.0,14.48,14.48,14.3101,14.387,2726.92
2018-01-16 15:08:00,1516115280.0,14.3101,14.3869,14.1701,14.3144,8670.8
2018-01-16 15:09:00,1516115340.0,14.3199,14.3199,14.1022,14.285,4464.32
2018-01-16 15:10:00,1516115400.0,14.2349,14.3822,14.2349,14.3615,928.97
2018-01-16 15:11:00,1516115460.0,14.36,14.3607,14.2184,14.2848,1476.53
2018-01-16 15:12:00,1516115520.0,14.2848,14.379,14.2613,14.379,3660.78
2018-01-16 15:13:00,1516115580.0,14.3599,14.3599,14.2857,14.3595,86.62
2018-01-16 15:14:00,1516115640.0,14.36,14.4436,14.3599,14.44,2503.02
2018-01-16 15:15:00,1516115700.0,14.4002,14.4399,14.3646,14.4,554.16
2018-01-16 15:16:00,1516115760.0,14.4298,14.4397,14.3709,14.3709,2030.75
2018-01-16 15:17:00,1516115820.0,14.4099,14.41,14.3728,14.41,2109.75
2018-01-16 15:18:00,1516115880.0,14.38,14.4,14.373,14.3999,428.48
2018-01-16 15:19:00,1516115940.0,14.3997,14.4191,14.3735,14.4191,1187.67
2018-01-16 15:20:00,1516116000.0,14.44,14.45,14.4,14.4001,2675.49
2018-01-16 15:21:00,1516116060.0,14.4,14.4191,14.3654,14.4191,2390.46
2018-01-16 15:22:00,1516116120.0,14.3651,14.3652,14.3082,14.3107,3371.95
2018-01-16 15:23:00,1516116180.0,14.3109,14.311,14.3,14.3014,3595.83
2018-01-16 15:24:00,1516116240.0,14.3014,14.3014,14.25,14.2502,1542.39
2018-01-16 15:25:00,1516116300.0,14.28,14.3055,14.25,14.2899,2471.39
2018-01-16 15:26:00,1516116360.0,14.2899,14.3056,14.2506,14.3052,2484.51
2018-01-16 15:27:00,1516116420.0,14.3001,14.3052,14.2604,14.2612,2613.79
2018-01-16 15:28:00,1516116480.0,14.2612,14.2612,14.2166,14.26,4082.0
2018-01-16 15:29:00,1516116540.0,14.2171,14.3056,14.2171,14.3056,2416.42
2018-01-16 15:30:00,1516116600.0,14.3056,14.3999,14.3056,14.3999,1986.23
2018-01-16 15:31:00,1516116660.0,14.3599,14.4396,14.2622,14.3492,7510.87
2018-01-16 15:32:00,1516116720.0,14.3487,14.3487,14.0801,14.3486,6914.81
2018-01-16 15:33:00,1516116780.0,14.3296,14.5,14.2851,14.499,13137.36
2018-01-16 15:34:00,1516116840.0,14.4223,14.49,14.3901,14.4145,611.08
2018-01-16 15:35:00,1516116900.0,14.4144,14.4144,14.3514,14.3516,1381.94
2018-01-16 15:36:00,1516116960.0,14.3899,14.4988,14.3516,14.4988,2248.12
2018-01-16 15:37:00,1516117020.0,14.4986,14.5199,14.4491,14.5199,4071.24
2018-01-16 15:38:00,1516117080.0,14.52,14.64,14.52,14.64,1661.49
2018-01-16 15:39:00,1516117140.0,14.63,14.64,14.5373,14.6,2713.94
2018-01-16 15:40:00,1516117200.0,14.6,14.64,14.5612,14.64,3072.34
2018-01-16 15:41:00,1516117260.0,14.6399,14.72,14.6326,14.7199,2863.35
2018-01-16 15:42:00,1516117320.0,14.7001,14.806,14.7001,14.7601,8825.46
2018-01-16 15:43:00,1516117380.0,14.8,14.8397,14.7503,14.8,6342.94
2018-01-16 15:44:00,1516117440.0,14.8,14.949,14.8,14.806,10714.16
2018-01-16 15:45:00,1516117500.0,14.8511,15.0,14.85,14.8706,9429.35
2018-01-16 15:46:00,1516117560.0,14.8657,14.8998,14.745,14.7855,9333.85
2018-01-16 15:47:00,1516117620.0,14.78,14.9,14.745,14.87,6485.59
2018-01-16 15:48:00,1516117680.0,14.87,14.87,14.81,14.8496,2663.1
2018-01-16 15:49:00,1516117740.0,14.81,14.8675,14.8,14.85,3522.06
2018-01-16 15:50:00,1516117800.0,14.8499,14.99,14.8001,14.85,4793.11
2018-01-16 15:51:00,1516117860.0,14.8501,14.9348,14.85,14.87,3710.2
2018-01-16 15:52:00,1516117920.0,14.8908,14.9601,14.8701,14.9601,5002.97
2018-01-16 15:53:00,1516117980.0,14.9595,15.08,14.9594,15.0648,7498.32
2018-01-16 15:54:00,1516118040.0,15.0648,15.08,14.92,14.95,11154.04
2018-01-16 15:55:00,1516118100.0,15.0,15.0,14.92,14.9301,1960.78
2018-01-16 15:56:00,1516118160.0,14.92,14.9799,14.92,14.9301,3534.88
2018-01-16 15:57:00,1516118220.0,14.9301,15.1,14.93,15.1,5004.63
2018-01-16 15:58:00,1516118280.0,15.1,15.2,15.0147,15.1299,11660.12
2018-01-16 15:59:00,1516118340.0,15.1298,15.2,15.1,15.14,5619.64
2018-01-16 16:00:00,1516118400.0,15.1164,15.14,15.0002,15.0002,7273.79
2018-01-16 16:01:00,1516118460.0,15.0002,15.0002,14.8608,14.89,3484.47
2018-01-16 16:02:00,1516118520.0,14.865,14.9992,14.8624,14.9992,2329.51
2018-01-16 16:03:00,1516118580.0,14.9001,14.9841,14.8703,14.9005,2583.04
2018-01-16 16:04:00,1516118640.0,14.95,14.9839,14.9105,14.9556,1602.64
2018-01-16 16:05:00,1516118700.0,14.9236,14.9555,14.8,14.8003,14376.0
2018-01-16 16:06:00,1516118760.0,14.8002,14.8002,14.6598,14.7395,7728.75
2018-01-16 16:07:00,1516118820.0,14.7399,14.8,14.6451,14.8,4475.66
2018-01-16 16:08:00,1516118880.0,14.8,14.85,14.75,14.8005,3270.55
2018-01-16 16:09:00,1516118940.0,14.82,14.82,14.6101,14.6102,2313.73
2018-01-16 16:10:00,1516119000.0,14.6121,14.7995,14.6108,14.7898,2968.04
2018-01-16 16:11:00,1516119060.0,14.7495,14.79,14.7106,14.7405,1704.97
2018-01-16 16:12:00,1516119120.0,14.7405,14.7405,14.61,14.61,3853.92
2018-01-16 16:13:00,1516119180.0,14.61,14.7,14.5656,14.699,2085.34
2018-01-16 16:14:00,1516119240.0,14.699,14.74,14.63,14.74,5392.12
2018-01-16 16:15:00,1516119300.0,14.6301,14.71,14.6301,14.71,704.59
2018-01-16 16:16:00,1516119360.0,14.71,14.7405,14.6532,14.74,1512.13
2018-01-16 16:17:00,1516119420.0,14.7401,14.79,14.7401,14.79,1441.37
2018-01-16 16:18:00,1516119480.0,14.8,14.85,14.7505,14.82,2407.42
2018-01-16 16:19:00,1516119540.0,14.8199,14.8199,14.7506,14.7899,4223.82
2018-01-16 16:20:00,1516119600.0,14.8197,14.8699,14.79,14.8699,5531.66
2018-01-16 16:21:00,1516119660.0,14.87,14.9105,14.8597,14.8597,1950.01
2018-01-16 16:22:00,1516119720.0,14.8803,14.9,14.8,14.8151,2248.72
2018-01-16 16:23:00,1516119780.0,14.8997,14.9903,14.8201,14.85,4119.79
2018-01-16 16:24:00,1516119840.0,14.8501,14.9903,14.8501,14.8711,2445.23
2018-01-16 16:25:00,1516119900.0,14.9489,14.99,14.86,14.86,1935.74
2018-01-16 16:26:00,1516119960.0,14.8713,14.8713,14.82,14.82,1371.93
2018-01-16 16:27:00,1516120020.0,14.82,14.8486,14.7503,14.7503,4298.73
2018-01-16 16:28:00,1516120080.0,14.847,14.847,14.7411,14.8198,592.51
2018-01-16 16:29:00,1516120140.0,14.7497,14.88,14.74,14.88,3857.78
2018-01-16 16:30:00,1516120200.0,14.8996,14.8996,14.81,14.81,502.26
2018-01-16 16:31:00,1516120260.0,14.8401,14.8899,14.7704,14.8499,361.96
2018-01-16 16:32:00,1516120320.0,14.8498,14.8498,14.7729,14.7743,156.31
2018-01-16 16:33:00,1516120380.0,14.7744,14.8293,14.7743,14.8293,262.51
2018-01-16 16:34:00,1516120440.0,14.81,14.81,14.78,14.7997,251.52
2018-01-16 16:35:00,1516120500.0,14.7987,14.8099,14.7744,14.78,2191.99
2018-01-16 16:36:00,1516120560.0,14.7994,14.82,14.7752,14.82,2072.36
2018-01-16 16:37:00,1516120620.0,14.7752,14.82,14.7751,14.81,2168.34
2018-01-16 16:38:00,1516120680.0,14.81,14.81,14.7761,14.799,427.87
2018-01-16 16:39:00,1516120740.0,14.7991,14.8,14.7693,14.799,2239.4
2018-01-16 16:40:00,1516120800.0,14.7693,14.7991,14.65,14.7,3649.52
2018-01-16 16:41:00,1516120860.0,14.69,14.7751,14.5,14.775,11630.35
2018-01-16 16:42:00,1516120920.0,14.775,14.7991,14.75,14.75,1695.82
2018-01-16 16:43:00,1516120980.0,14.799,14.799,14.7101,14.7109,203.83
2018-01-16 16:44:00,1516121040.0,14.7111,14.79,14.7111,14.7889,112.14
2018-01-16 16:45:00,1516121100.0,14.7889,14.7889,14.7251,14.7251,831.09
2018-01-16 16:46:00,1516121160.0,14.7765,14.7765,14.7111,14.75,884.37
2018-01-16 16:47:00,1516121220.0,14.7496,14.7697,14.7109,14.7691,1035.02
2018-01-16 16:48:00,1516121280.0,14.7691,14.7764,14.7109,14.7109,4020.96
2018-01-16 16:49:00,1516121340.0,14.7,14.7109,14.6997,14.7091,61.3
2018-01-16 16:50:00,1516121400.0,14.6203,14.6203,14.5001,14.5001,1707.64
2018-01-16 16:51:00,1516121460.0,14.5001,14.5399,14.3966,14.4,10083.05
2018-01-16 16:52:00,1516121520.0,14.4946,14.5,14.4,14.4997,3170.59
2018-01-16 16:53:00,1516121580.0,14.4999,14.5997,14.42,14.4304,1433.29
2018-01-16 16:54:00,1516121640.0,14.402,14.4999,14.35,14.3616,1594.94
2018-01-16 16:55:00,1516121700.0,14.3934,14.5,14.3501,14.49,3892.66
2018-01-16 16:56:00,1516121760.0,14.4999,14.4999,14.41,14.4799,598.38
2018-01-16 16:57:00,1516121820.0,14.4103,14.48,14.4103,14.423,1247.44
2018-01-16 16:58:00,1516121880.0,14.48,14.6,14.4238,14.6,2743.04
2018-01-16 16:59:00,1516121940.0,14.53,14.531,14.4401,14.5002,3003.41
2018-01-16 17:00:00,1516122000.0,14.5309,14.5977,14.4511,14.5956,737.43
2018-01-16 17:01:00,1516122060.0,14.5966,14.6996,14.5503,14.6441,1235.66
2018-01-16 17:02:00,1516122120.0,14.57,14.6292,14.5309,14.5309,3083.27
2018-01-16 17:03:00,1516122180.0,14.51,14.627,14.4615,14.5226,974.33
2018-01-16 17:04:00,1516122240.0,14.53,14.5977,14.53,14.5783,76.55
2018-01-16 17:05:00,1516122300.0,14.5759,14.578,14.5399,14.5399,1404.21
2018-01-16 17:06:00,1516122360.0,14.5399,14.5399,14.49,14.49,777.4
2018-01-16 17:07:00,1516122420.0,14.49,14.5072,14.35,14.5071,2438.91
2018-01-16 17:08:00,1516122480.0,14.5071,14.5338,14.35,14.5297,3090.8
2018-01-16 17:09:00,1516122540.0,14.4317,14.4999,14.31,14.4236,5207.82
2018-01-16 17:10:00,1516122600.0,14.3528,14.423,14.3101,14.3101,1251.64
2018-01-16 17:11:00,1516122660.0,14.3101,14.422,14.1998,14.2,16026.35
2018-01-16 17:12:00,1516122720.0,14.2,14.2998,14.19,14.2997,4005.26
2018-01-16 17:13:00,1516122780.0,14.2996,14.2997,14.2103,14.2799,1598.49
2018-01-16 17:14:00,1516122840.0,14.251,14.251,14.19,14.19,3351.87
2018-01-16 17:15:00,1516122900.0,14.2298,14.2298,14.1501,14.1501,895.71
2018-01-16 17:16:00,1516122960.0,14.1505,14.1799,14.1,14.1597,4968.65
2018-01-16 17:17:00,1516123020.0,14.1001,14.1499,14.01,14.0288,2454.75
2018-01-16 17:18:00,1516123080.0,14.01,14.0288,13.88,13.88,6235.6
2018-01-16 17:19:00,1516123140.0,13.88,14.1603,13.88,14.0291,4478.18
2018-01-16 17:20:00,1516123200.0,14.0291,14.0291,13.8303,13.8303,3663.79
2018-01-16 17:21:00,1516123260.0,13.9287,13.9287,13.7002,13.73,4598.36
2018-01-16 17:22:00,1516123320.0,13.7438,13.9997,13.7438,13.9591,2599.27
2018-01-16 17:23:00,1516123380.0,13.9001,13.9567,13.7017,13.7155,1778.52
2018-01-16 17:24:00,1516123440.0,13.7155,13.79,13.61,13.61,5609.83
2018-01-16 17:25:00,1516123500.0,13.61,13.6999,13.51,13.6101,9514.86
2018-01-16 17:26:00,1516123560.0,13.6997,13.9945,13.64,13.7803,11382.26
2018-01-16 17:27:00,1516123620.0,13.9671,14.1,13.8412,13.99,12446.1
2018-01-16 17:28:00,1516123680.0,13.99,13.99,13.8,13.81,2501.37
2018-01-16 17:29:00,1516123740.0,13.81,13.927,13.8,13.8986,5391.59
2018-01-16 17:30:00,1516123800.0,13.8986,13.9899,13.8986,13.9899,3831.42
2018-01-16 17:31:00,1516123860.0,13.9899,14.0,13.8986,13.9279,5194.47
2018-01-16 17:32:00,1516123920.0,13.9279,13.9793,13.8986,13.979,1998.07
2018-01-16 17:33:00,1516123980.0,13.9791,14.1,13.979,14.1,1496.34
2018-01-16 17:34:00,1516124040.0,14.1604,14.2,14.1201,14.1502,2484.21
2018-01-16 17:35:00,1516124100.0,14.1502,14.1996,14.15,14.1504,3191.72
2018-01-16 17:36:00,1516124160.0,14.1576,14.1576,14.0004,14.01,2871.82
2018-01-16 17:37:00,1516124220.0,14.0883,14.0883,13.93,13.93,5267.1
2018-01-16 17:38:00,1516124280.0,13.999,14.0512,13.9301,14.0508,1718.4
2018-01-16 17:39:00,1516124340.0,13.9601,14.0345,13.93,13.9537,1458.16
2018-01-16 17:40:00,1516124400.0,13.9542,13.9999,13.9,13.9999,3938.41
2018-01-16 17:41:00,1516124460.0,13.9999,14.0693,13.9706,13.9999,2089.21
2018-01-16 17:42:00,1516124520.0,14.0887,14.0887,13.9999,13.9999,1037.36
2018-01-16 17:43:00,1516124580.0,14.0689,14.0689,13.9501,13.96,2461.78
2018-01-16 17:44:00,1516124640.0,13.96,13.9997,13.9502,13.9503,2055.15
2018-01-16 17:45:00,1516124700.0,13.9502,13.9503,13.7482,13.7482,2711.68
2018-01-16 17:46:00,1516124760.0,13.7804,13.8699,13.6476,13.75,5635.43
2018-01-16 17:47:00,1516124820.0,13.8,13.8,13.6477,13.6618,699.27
2018-01-16 17:48:00,1516124880.0,13.6477,13.6618,13.4236,13.4371,15427.98
2018-01-16 17:49:00,1516124940.0,13.4991,13.5801,13.41,13.5033,2178.59
2018-01-16 17:50:00,1516125000.0,13.5693,13.5693,13.3985,13.4993,2890.8
2018-01-16 17:51:00,1516125060.0,13.3985,13.3985,13.28,13.28,13811.74
2018-01-16 17:52:00,1516125120.0,13.34,13.34,13.2,13.3001,10574.66
2018-01-16 17:53:00,1516125180.0,13.34,13.46,13.3001,13.4195,13538.56
2018-01-16 17:54:00,1516125240.0,13.4061,13.4195,13.2002,13.3497,3006.51
2018-01-16 17:55:00,1516125300.0,13.3478,13.348,13.2501,13.348,4822.78
2018-01-16 17:56:00,1516125360.0,13.31,13.3496,13.2206,13.2206,4063.04
2018-01-16 17:57:00,1516125420.0,13.21,13.3364,13.1401,13.225,2783.69
2018-01-16 17:58:00,1516125480.0,13.225,13.2871,13.105,13.1053,4414.85
2018-01-16 17:59:00,1516125540.0,13.11,13.1794,13.1,13.1,4044.32
2018-01-16 18:00:00,1516125600.0,13.1,13.1,13.0001,13.0111,9760.11
2018-01-16 18:01:00,1516125660.0,13.0152,13.11,13.0111,13.11,8748.18
2018-01-16 18:02:00,1516125720.0,13.105,13.1795,13.0,13.0,10320.16
2018-01-16 18:03:00,1516125780.0,13.0,13.0569,12.8,12.8,23380.48
2018-01-16 18:04:00,1516125840.0,12.8,12.8994,12.668,12.8001,8213.96
2018-01-16 18:05:00,1516125900.0,12.8,12.8398,12.6682,12.6999,2891.02
2018-01-16 18:06:00,1516125960.0,12.6682,12.6999,12.5,12.5,13743.37
2018-01-16 18:07:00,1516126020.0,12.5001,12.51,12.3389,12.4475,15826.95
2018-01-16 18:08:00,1516126080.0,12.4475,12.7198,12.4475,12.6999,13055.73
2018-01-16 18:09:00,1516126140.0,12.7031,12.8,12.6001,12.7703,7336.39
2018-01-16 18:10:00,1516126200.0,12.7703,13.1377,12.6505,13.1,11872.62
2018-01-16 18:11:00,1516126260.0,13.1,13.28,13.0,13.28,11199.77
2018-01-16 18:12:00,1516126320.0,13.28,13.6,13.28,13.4205,20799.27
2018-01-16 18:13:00,1516126380.0,13.4204,13.5,13.1135,13.1402,8591.38
2018-01-16 18:14:00,1516126440.0,13.1146,13.28,13.05,13.1001,7923.66
2018-01-16 18:15:00,1516126500.0,13.1,13.3401,13.1,13.3,6577.14
2018-01-16 18:16:00,1516126560.0,13.324,13.3923,13.2652,13.3,5804.44
2018-01-16 18:17:00,1516126620.0,13.32,13.32,13.0501,13.0501,3871.52
2018-01-16 18:18:00,1516126680.0,13.1,13.1001,12.9,12.95,9604.76
2018-01-16 18:19:00,1516126740.0,12.95,12.9501,12.8,12.8505,7417.87
2018-01-16 18:20:00,1516126800.0,12.86,12.9,12.6003,12.6003,2592.68
2018-01-16 18:21:00,1516126860.0,12.6507,12.9,12.6,12.8871,5895.95
2018-01-16 18:22:00,1516126920.0,12.8718,12.8871,12.7129,12.887,1696.1
2018-01-16 18:23:00,1516126980.0,12.75,13.1578,12.75,13.1578,5214.25
2018-01-16 18:24:00,1516127040.0,13.1375,13.45,13.0871,13.4199,11662.07
2018-01-16 18:25:00,1516127100.0,13.4199,13.48,13.4,13.48,9226.11
2018-01-16 18:26:00,1516127160.0,13.48,13.5,13.2326,13.2326,11309.85
2018-01-16 18:27:00,1516127220.0,13.2463,13.3995,13.2463,13.32,1462.66
2018-01-16 18:28:00,1516127280.0,13.32,13.32,13.2325,13.3,1593.74
2018-01-16 18:29:00,1516127340.0,13.2328,13.3,13.1313,13.1999,11141.46
2018-01-16 18:30:00,1516127400.0,13.1999,13.2998,13.1314,13.2755,15023.31
2018-01-16 18:31:00,1516127460.0,13.2002,13.2998,13.0005,13.24,3577.22
2018-01-16 18:32:00,1516127520.0,13.2197,13.2197,13.135,13.2191,3880.32
2018-01-16 18:33:00,1516127580.0,13.136,13.261,13.136,13.2271,2946.22
2018-01-16 18:34:00,1516127640.0,13.24,13.241,13.2,13.2001,2326.51
2018-01-16 18:35:00,1516127700.0,13.2001,13.3994,13.2001,13.3001,1320.74
2018-01-16 18:36:00,1516127760.0,13.3994,13.3994,13.251,13.3113,6031.24
2018-01-16 18:37:00,1516127820.0,13.2101,13.3,13.0511,13.1497,4365.76
2018-01-16 18:38:00,1516127880.0,13.1494,13.1675,13.0515,13.1675,2808.24
2018-01-16 18:39:00,1516127940.0,13.2712,13.2712,13.05,13.05,4896.86
2018-01-16 18:40:00,1516128000.0,13.05,13.1296,12.9102,13.0995,6534.45
2018-01-16 18:41:00,1516128060.0,13.0995,13.1348,13.0025,13.1342,2174.94
2018-01-16 18:42:00,1516128120.0,13.05,13.2199,13.05,13.0601,3671.86
2018-01-16 18:43:00,1516128180.0,13.08,13.1,12.9901,12.9901,3261.93
2018-01-16 18:44:00,1516128240.0,13.0557,13.0994,13.0,13.06,2385.49
2018-01-16 18:45:00,1516128300.0,13.06,13.2,13.0557,13.2,4279.4
2018-01-16 18:46:00,1516128360.0,13.2,13.4099,13.1997,13.29,6129.89
2018-01-16 18:47:00,1516128420.0,13.2447,13.3965,13.06,13.0614,3313.28
2018-01-16 18:48:00,1516128480.0,13.1885,13.216,13.0618,13.216,3183.79
2018-01-16 18:49:00,1516128540.0,13.2,13.216,13.099,13.1727,1025.91
2018-01-16 18:50:00,1516128600.0,13.1484,13.1484,13.0617,13.0806,3526.29
2018-01-16 18:51:00,1516128660.0,13.1484,13.2,13.1003,13.1999,2383.66
2018-01-16 18:52:00,1516128720.0,13.1999,13.4,13.1736,13.3207,7577.22
2018-01-16 18:53:00,1516128780.0,13.35,13.45,13.3207,13.4499,4920.13
2018-01-16 18:54:00,1516128840.0,13.45,13.515,13.4201,13.4499,7272.49
2018-01-16 18:55:00,1516128900.0,13.4999,13.4999,13.35,13.35,5031.82
2018-01-16 18:56:00,1516128960.0,13.3,13.4998,13.2333,13.4998,2575.61
2018-01-16 18:57:00,1516129020.0,13.4998,13.4998,13.35,13.3803,1576.74
2018-01-16 18:58:00,1516129080.0,13.4296,13.52,13.35,13.4999,4906.95
2018-01-16 18:59:00,1516129140.0,13.4999,13.6,13.4502,13.4996,4259.25
2018-01-16 19:00:00,1516129200.0,13.4994,13.5001,13.48,13.5001,2683.19
2018-01-16 19:01:00,1516129260.0,13.4999,13.6,13.4999,13.52,3716.3
2018-01-16 19:02:00,1516129320.0,13.56,13.8,13.5152,13.7363,4434.32
2018-01-16 19:03:00,1516129380.0,13.7362,13.9153,13.7361,13.9153,3881.81
2018-01-16 19:04:00,1516129440.0,13.8502,14.2,13.8502,14.2,16322.39
2018-01-16 19:05:00,1516129500.0,14.1001,14.1999,14.0001,14.0302,4744.12
2018-01-16 19:06:00,1516129560.0,14.0302,14.0305,13.9,14.0,11185.11
2018-01-16 19:07:00,1516129620.0,14.0,14.1699,13.9154,14.15,4406.72
2018-01-16 19:08:00,1516129680.0,14.1699,14.2994,14.15,14.23,4276.6
2018-01-16 19:09:00,1516129740.0,14.23,14.2707,14.2,14.2707,2391.26
2018-01-16 19:10:00,1516129800.0,14.2304,14.3,14.0003,14.1501,4862.82
2018-01-16 19:11:00,1516129860.0,14.1006,14.1642,14.1,14.1082,7284.22
2018-01-16 19:12:00,1516129920.0,14.1,14.1979,14.1,14.1979,12951.26
2018-01-16 19:13:00,1516129980.0,14.1558,14.25,14.102,14.201,9000.95
2018-01-16 19:14:00,1516130040.0,14.25,14.25,14.1,14.2,9313.95
2018-01-16 19:15:00,1516130100.0,14.1165,14.2388,14.1165,14.2384,2898.89
2018-01-16 19:16:00,1516130160.0,14.2383,14.2383,14.1001,14.118,2543.09
2018-01-16 19:17:00,1516130220.0,14.149,14.1985,14.1001,14.1494,3292.61
2018-01-16 19:18:00,1516130280.0,14.1495,14.1495,14.0001,14.0039,14874.26
2018-01-16 19:19:00,1516130340.0,14.0045,14.1399,14.0043,14.099,6379.77
2018-01-16 19:20:00,1516130400.0,14.0996,14.1,13.95,13.99,2838.28
2018-01-16 19:21:00,1516130460.0,13.99,14.0,13.9354,13.9356,1564.37
2018-01-16 19:22:00,1516130520.0,13.9356,13.999,13.85,13.8999,2989.42
2018-01-16 19:23:00,1516130580.0,13.86,13.9939,13.8501,13.9939,2610.49
2018-01-16 19:24:00,1516130640.0,13.9003,14.036,13.9002,13.9101,5553.3
2018-01-16 19:25:00,1516130700.0,13.9937,14.0,13.9102,13.9999,921.05
2018-01-16 19:26:00,1516130760.0,13.98,14.036,13.911,13.9502,2008.53
2018-01-16 19:27:00,1516130820.0,14.0099,14.0099,13.9501,13.9501,1956.17
2018-01-16 19:28:00,1516130880.0,13.9501,14.036,13.95,14.036,2114.23
2018-01-16 19:29:00,1516130940.0,14.03,14.0799,14.0001,14.0003,3301.19
2018-01-16 19:30:00,1516131000.0,14.0398,14.0398,13.9962,13.997,1730.68
2018-01-16 19:31:00,1516131060.0,13.9965,13.9976,13.95,13.95,572.44
2018-01-16 19:32:00,1516131120.0,13.95,13.95,13.9109,13.95,4063.39
2018-01-16 19:33:00,1516131180.0,13.95,14.1,13.9495,14.1,3192.68
2018-01-16 19:34:00,1516131240.0,14.0999,14.2,14.0501,14.1997,6011.17
2018-01-16 19:35:00,1516131300.0,14.18,14.44,14.1111,14.44,12066.94
2018-01-16 19:36:00,1516131360.0,14.44,14.48,14.3001,14.36,6785.9
2018-01-16 19:37:00,1516131420.0,14.44,14.441,14.3601,14.428,4059.93
2018-01-16 19:38:00,1516131480.0,14.4279,14.435,14.3001,14.36,3422.96
2018-01-16 19:39:00,1516131540.0,14.36,14.3849,14.2003,14.2601,1691.0
2018-01-16 19:40:00,1516131600.0,14.34,14.385,14.34,14.385,1794.67
2018-01-16 19:41:00,1516131660.0,14.385,14.385,14.2863,14.2863,1075.97
2018-01-16 19:42:00,1516131720.0,14.2863,14.3,14.0,14.2001,7938.92
2018-01-16 19:43:00,1516131780.0,14.2001,14.2993,14.0,14.2493,9463.07
2018-01-16 19:44:00,1516131840.0,14.1286,14.1999,14.1004,14.1893,804.72
2018-01-16 19:45:00,1516131900.0,14.1879,14.1879,14.0,14.1499,2040.57
2018-01-16 19:46:00,1516131960.0,14.1499,14.1748,14.1499,14.1748,2528.4
2018-01-16 19:47:00,1516132020.0,14.1501,14.1501,14.06,14.09,1638.02
2018-01-16 19:48:00,1516132080.0,14.1399,14.1399,14.0432,14.0499,4592.96
2018-01-16 19:49:00,1516132140.0,14.01,14.01,13.8502,13.8502,2813.58
2018-01-16 19:50:00,1516132200.0,13.8502,13.9,13.6003,13.8,5905.27
2018-01-16 19:51:00,1516132260.0,13.6201,14.0134,13.614,13.85,8004.61
2018-01-16 19:52:00,1516132320.0,13.9997,13.9997,13.8504,13.9,1612.41
2018-01-16 19:53:00,1516132380.0,13.8507,13.8999,13.7,13.8461,6494.2
2018-01-16 19:54:00,1516132440.0,13.714,13.87,13.714,13.8085,3379.17
2018-01-16 19:55:00,1516132500.0,13.8086,13.9897,13.8086,13.9,1304.84
2018-01-16 19:56:00,1516132560.0,13.8999,13.9899,13.8601,13.91,2115.65
2018-01-16 19:57:00,1516132620.0,13.9894,13.9898,13.9161,13.9885,1318.12
2018-01-16 19:58:00,1516132680.0,13.9206,13.9885,13.9006,13.93,3333.31
2018-01-16 19:59:00,1516132740.0,13.9301,13.9301,13.8601,13.8601,2314.56
2018-01-16 20:00:00,1516132800.0,13.8601,13.8987,13.7,13.7,3674.12
2018-01-16 20:01:00,1516132860.0,13.7,13.7279,13.5,13.5136,5227.27
2018-01-16 20:02:00,1516132920.0,13.6807,13.75,13.5136,13.7,4182.95
2018-01-16 20:03:00,1516132980.0,13.7,13.7597,13.5403,13.7363,3313.15
2018-01-16 20:04:00,1516133040.0,13.6503,13.75,13.55,13.6103,1604.47
2018-01-16 20:05:00,1516133100.0,13.6999,13.78,13.6999,13.78,4468.43
2018-01-16 20:06:00,1516133160.0,13.77,13.78,13.7089,13.7089,1096.95
2018-01-16 20:07:00,1516133220.0,13.76,13.8888,13.7499,13.8888,1678.99
2018-01-16 20:08:00,1516133280.0,13.8883,13.9751,13.8309,13.855,1885.1
2018-01-16 20:09:00,1516133340.0,13.9,13.9411,13.8701,13.8701,1105.49
2018-01-16 20:10:00,1516133400.0,13.889,13.9411,13.7604,13.9411,2601.82
2018-01-16 20:11:00,1516133460.0,13.9,13.98,13.76,13.9197,1133.89
2018-01-16 20:12:00,1516133520.0,13.8805,13.9529,13.8021,13.9529,944.43
2018-01-16 20:13:00,1516133580.0,13.9539,14.04,13.9539,14.04,2137.02
2018-01-16 20:14:00,1516133640.0,14.001,14.04,13.9799,13.9897,1634.31
2018-01-16 20:15:00,1516133700.0,13.9898,13.99,13.8702,13.8802,4135.17
2018-01-16 20:16:00,1516133760.0,13.97,13.97,13.8112,13.8124,196.0
2018-01-16 20:17:00,1516133820.0,13.8251,13.8999,13.8122,13.8999,4515.47
2018-01-16 20:18:00,1516133880.0,13.8999,13.925,13.8305,13.88,1634.66
2018-01-16 20:19:00,1516133940.0,13.88,13.9897,13.8306,13.95,1181.26
2018-01-16 20:20:00,1516134000.0,13.95,13.9889,13.95,13.9889,561.52
2018-01-16 20:21:00,1516134060.0,13.9599,13.9599,13.8616,13.94,47.91
2018-01-16 20:22:00,1516134120.0,13.88,13.88,13.8327,13.8327,2303.59
2018-01-16 20:23:00,1516134180.0,13.85,13.85,13.8329,13.833,4028.62
2018-01-16 20:24:00,1516134240.0,13.833,13.9152,13.82,13.8401,1624.01
2018-01-16 20:25:00,1516134300.0,13.8976,13.8976,13.82,13.82,1608.55
2018-01-16 20:26:00,1516134360.0,13.82,13.8401,13.8,13.8,2314.68
2018-01-16 20:27:00,1516134420.0,13.8052,13.8961,13.8,13.8,1653.07
2018-01-16 20:28:00,1516134480.0,13.8,13.8,13.75,13.75,213.73
2018-01-16 20:29:00,1516134540.0,13.75,13.8,13.7205,13.7798,453.69
2018-01-16 20:30:00,1516134600.0,13.731,13.7797,13.605,13.605,1360.44
2018-01-16 20:31:00,1516134660.0,13.6615,13.6983,13.58,13.6969,1483.75
2018-01-16 20:32:00,1516134720.0,13.5835,13.71,13.5832,13.6212,1677.55
2018-01-16 20:33:00,1516134780.0,13.622,13.6994,13.5834,13.6001,3471.29
2018-01-16 20:34:00,1516134840.0,13.684,13.685,13.5832,13.685,1962.45
2018-01-16 20:35:00,1516134900.0,13.681,13.681,13.533,13.533,1790.91
2018-01-16 20:36:00,1516134960.0,13.533,13.533,13.4604,13.4604,1641.56
2018-01-16 20:37:00,1516135020.0,13.4604,13.6,13.3001,13.4604,5451.95
2018-01-16 20:38:00,1516135080.0,13.4604,13.5601,13.3141,13.3501,3320.57
2018-01-16 20:39:00,1516135140.0,13.5314,13.5314,13.32,13.4507,795.95
2018-01-16 20:40:00,1516135200.0,13.45,13.45,13.32,13.32,587.74
2018-01-16 20:41:00,1516135260.0,13.32,13.45,13.201,13.2011,3892.44
2018-01-16 20:42:00,1516135320.0,13.3489,13.3489,13.2146,13.3397,926.27
2018-01-16 20:43:00,1516135380.0,13.3298,13.34,13.255,13.255,3536.81
2018-01-16 20:44:00,1516135440.0,13.255,13.3194,13.2152,13.2155,1888.37
2018-01-16 20:45:00,1516135500.0,13.2153,13.2155,13.1313,13.15,3861.04
2018-01-16 20:46:00,1516135560.0,13.15,13.2145,13.13,13.2145,2231.88
2018-01-16 20:47:00,1516135620.0,13.1798,13.3163,13.1798,13.268,4137.45
2018-01-16 20:48:00,1516135680.0,13.25,13.2997,13.105,13.105,3304.06
2018-01-16 20:49:00,1516135740.0,13.1001,13.1598,13.0,13.04,4869.1
2018-01-16 20:50:00,1516135800.0,13.01,13.03,12.9001,12.9001,2796.33
2018-01-16 20:51:00,1516135860.0,12.9002,12.912,12.7533,12.89,11820.47
2018-01-16 20:52:00,1516135920.0,12.8765,13.1,12.7789,12.97,11921.95
2018-01-16 20:53:00,1516135980.0,12.9999,13.0869,12.97,12.98,3136.74
2018-01-16 20:54:00,1516136040.0,12.98,12.9998,12.8255,12.9303,4989.26
2018-01-16 20:55:00,1516136100.0,12.9844,12.9999,12.825,12.9899,4092.54
2018-01-16 20:56:00,1516136160.0,12.9899,12.996,12.8702,12.9,2474.09
2018-01-16 20:57:00,1516136220.0,12.8982,12.9,12.8703,12.871,1012.73
2018-01-16 20:58:00,1516136280.0,12.871,12.98,12.8252,12.98,6589.27
2018-01-16 20:59:00,1516136340.0,12.98,13.0499,12.94,12.9901,5135.06
2018-01-16 21:00:00,1516136400.0,13.0492,13.0492,12.83,12.8998,2183.54
2018-01-16 21:01:00,1516136460.0,12.8431,13.0,12.8101,12.9999,5942.53
2018-01-16 21:02:00,1516136520.0,12.9604,12.9796,12.9204,12.9204,1419.31
2018-01-16 21:03:00,1516136580.0,12.912,13.25,12.912,13.1599,10634.79
2018-01-16 21:04:00,1516136640.0,13.1468,13.1468,13.02,13.1,4708.3
2018-01-16 21:05:00,1516136700.0,13.102,13.2795,13.1,13.25,6169.81
2018-01-16 21:06:00,1516136760.0,13.2795,13.5,13.2795,13.5,8032.64
2018-01-16 21:07:00,1516136820.0,13.5,13.5,13.3178,13.4199,5420.46
2018-01-16 21:08:00,1516136880.0,13.4199,13.5,13.41,13.45,3035.96
2018-01-16 21:09:00,1516136940.0,13.45,13.45,13.1101,13.25,2599.17
2018-01-16 21:10:00,1516137000.0,13.2,13.3,13.1101,13.1466,2368.15
2018-01-16 21:11:00,1516137060.0,13.1468,13.3,13.1466,13.1503,1698.97
2018-01-16 21:12:00,1516137120.0,13.3455,13.3455,13.1001,13.19,1442.97
2018-01-16 21:13:00,1516137180.0,13.1003,13.2639,13.0201,13.0201,1499.33
2018-01-16 21:14:00,1516137240.0,13.0995,13.0995,12.99,13.0296,3710.21
2018-01-16 21:15:00,1516137300.0,13.0,13.0,12.75,12.75,14488.98
2018-01-16 21:16:00,1516137360.0,12.75,12.75,12.63,12.7299,9115.89
2018-01-16 21:17:00,1516137420.0,12.7298,12.7298,12.56,12.65,9957.34
2018-01-16 21:18:00,1516137480.0,12.6499,12.6949,12.5,12.5,8117.96
2018-01-16 21:19:00,1516137540.0,12.5009,12.501,12.4186,12.46,5950.72
2018-01-16 21:20:00,1516137600.0,12.46,12.5,12.3001,12.3001,15103.6
2018-01-16 21:21:00,1516137660.0,12.3199,13.0,12.288,12.9,13322.53
2018-01-16 21:22:00,1516137720.0,12.5301,12.9609,12.3688,12.3934,18610.75
2018-01-16 21:23:00,1516137780.0,12.4796,12.5076,12.4,12.4,4803.47
2018-01-16 21:24:00,1516137840.0,12.4297,12.431,12.1,12.1,11969.11
2018-01-16 21:25:00,1516137900.0,12.1,12.1101,12.0,12.0999,16927.02
2018-01-16 21:26:00,1516137960.0,12.06,12.0999,11.95,12.0,12558.63
2018-01-16 21:27:00,1516138020.0,12.0,12.0,11.88,11.88,6495.71
2018-01-16 21:28:00,1516138080.0,11.9,11.9295,11.819,11.8397,4772.06
2018-01-16 21:29:00,1516138140.0,11.8397,11.9297,11.7393,11.7393,13717.77
2018-01-16 21:30:00,1516138200.0,11.7393,11.82,11.58,11.6997,16668.22
2018-01-16 21:31:00,1516138260.0,11.6003,11.85,11.6003,11.85,6722.11
2018-01-16 21:32:00,1516138320.0,11.85,12.0999,11.82,12.0003,8703.24
2018-01-16 21:33:00,1516138380.0,12.0124,12.0124,11.6101,11.7999,7856.39
2018-01-16 21:34:00,1516138440.0,11.7999,11.8174,11.65,11.8173,7775.81
2018-01-16 21:35:00,1516138500.0,11.7991,11.9999,11.61,11.6501,8328.69
2018-01-16 21:36:00,1516138560.0,11.62,11.6702,11.5,11.5,11996.39
2018-01-16 21:37:00,1516138620.0,11.5,11.5899,11.3998,11.3998,9346.13
2018-01-16 21:38:00,1516138680.0,11.4,11.4986,11.33,11.33,15489.45
2018-01-16 21:39:00,1516138740.0,11.33,11.4697,11.3,11.4697,14148.56
2018-01-16 21:40:00,1516138800.0,11.4697,12.0001,11.4695,11.71,12954.99
2018-01-16 21:41:00,1516138860.0,11.72,12.8983,11.72,12.2,10321.8
2018-01-16 21:42:00,1516138920.0,12.2,12.5,12.18,12.4399,8907.62
2018-01-16 21:43:00,1516138980.0,12.4398,12.4399,11.8103,12.1704,11256.12
2018-01-16 21:44:00,1516139040.0,12.1704,12.1705,11.7101,11.8,10333.68
2018-01-16 21:45:00,1516139100.0,11.86,11.968,11.8,11.9556,6141.88
2018-01-16 21:46:00,1516139160.0,11.9556,11.9675,11.8401,11.95,11435.85
2018-01-16 21:47:00,1516139220.0,11.95,12.4,11.95,12.38,6828.2
2018-01-16 21:48:00,1516139280.0,12.38,12.5,12.35,12.49,11048.15
2018-01-16 21:49:00,1516139340.0,12.5,12.5,12.001,12.3002,8542.91
2018-01-16 21:50:00,1516139400.0,12.0373,12.3496,12.0373,12.2,5806.65
2018-01-16 21:51:00,1516139460.0,12.2,12.2897,12.0131,12.03,9883.36
2018-01-16 21:52:00,1516139520.0,12.03,12.0999,11.75,11.7622,11577.19
2018-01-16 21:53:00,1516139580.0,11.8799,11.88,11.53,11.85,14331.4
2018-01-16 21:54:00,1516139640.0,11.85,11.85,11.67,11.7,3318.67
2018-01-16 21:55:00,1516139700.0,11.69,11.69,11.3677,11.5,16218.21
2018-01-16 21:56:00,1516139760.0,11.4502,11.4502,11.25,11.26,11943.76
2018-01-16 21:57:00,1516139820.0,11.27,11.6511,11.26,11.6511,17576.02
2018-01-16 21:58:00,1516139880.0,11.6511,11.788,11.5117,11.68,10571.77
2018-01-16 21:59:00,1516139940.0,11.6899,11.8091,11.5,11.5001,7229.62
2018-01-16 22:00:00,1516140000.0,11.5699,11.9,11.5699,11.73,11200.88
2018-01-16 22:01:00,1516140060.0,11.6508,11.73,11.3,11.4229,12248.89
2018-01-16 22:02:00,1516140120.0,11.3113,11.4226,11.2,11.23,15000.93
2018-01-16 22:03:00,1516140180.0,11.23,11.23,11.16,11.16,19153.81
2018-01-16 22:04:00,1516140240.0,11.1601,11.1705,11.01,11.0399,12521.16
2018-01-16 22:05:00,1516140300.0,11.0103,11.1599,11.01,11.1599,22344.59
2018-01-16 22:06:00,1516140360.0,11.1599,11.1801,11.0598,11.17,20889.91
2018-01-16 22:07:00,1516140420.0,11.17,11.17,10.9885,10.9885,28719.23
2018-01-16 22:08:00,1516140480.0,11.0,11.0,10.8001,10.8001,13058.69
2018-01-16 22:09:00,1516140540.0,10.8301,10.8301,10.71,10.8,33947.93
2018-01-16 22:10:00,1516140600.0,10.7423,11.01,10.7106,11.0,16672.8
2018-01-16 22:11:00,1516140660.0,11.0,11.23,11.0,11.15,7519.56
2018-01-16 22:12:00,1516140720.0,11.0968,11.1525,11.0419,11.1382,6092.32
2018-01-16 22:13:00,1516140780.0,11.0992,11.2,11.0,11.0,11820.97
2018-01-16 22:14:00,1516140840.0,11.009,11.009,10.8,10.9004,11891.9
2018-01-16 22:15:00,1516140900.0,10.8999,10.9999,10.65,10.7112,15577.56
2018-01-16 22:16:00,1516140960.0,10.7112,10.7299,10.5499,10.5999,18448.95
2018-01-16 22:17:00,1516141020.0,10.5999,10.5999,10.5,10.5,10791.3
2018-01-16 22:18:00,1516141080.0,10.52,10.52,10.31,10.3204,24533.78
2018-01-16 22:19:00,1516141140.0,10.31,10.3799,10.308,10.31,16884.64
2018-01-16 22:20:00,1516141200.0,10.308,10.5,10.28,10.36,18688.39
2018-01-16 22:21:00,1516141260.0,10.36,11.24,10.3022,10.6004,14017.83
2018-01-16 22:22:00,1516141320.0,10.6004,10.967,10.51,10.5999,12967.6
2018-01-16 22:23:00,1516141380.0,10.511,11.2531,10.3602,10.3607,15376.17
2018-01-16 22:24:00,1516141440.0,10.4997,10.5,10.3603,10.5,14924.07
2018-01-16 22:25:00,1516141500.0,10.485,10.485,10.3023,10.34,7620.48
2018-01-16 22:26:00,1516141560.0,10.33,10.34,10.28,10.3,13009.95
2018-01-16 22:27:00,1516141620.0,10.28,10.29,10.2,10.2,14523.5
2018-01-16 22:28:00,1516141680.0,10.22,10.3021,10.2,10.2,12662.4
2018-01-16 22:29:00,1516141740.0,10.2501,10.3021,10.2,10.21,17421.22
2018-01-16 22:30:00,1516141800.0,10.21,10.3,10.21,10.25,6617.33
2018-01-16 22:31:00,1516141860.0,10.2501,10.259,10.2001,10.21,12482.74
2018-01-16 22:32:00,1516141920.0,10.259,10.3,10.2,10.22,6959.4
2018-01-16 22:33:00,1516141980.0,10.22,10.5,10.2,10.5,9620.32
2018-01-16 22:34:00,1516142040.0,10.5,11.33,10.5,11.33,27720.57
2018-01-16 22:35:00,1516142100.0,11.39,11.7,11.0799,11.58,21412.44
2018-01-16 22:36:00,1516142160.0,11.62,11.7,11.5,11.5499,19038.79
2018-01-16 22:37:00,1516142220.0,11.5499,11.98,11.5,11.98,21536.8
2018-01-16 22:38:00,1516142280.0,11.9915,12.5,11.9001,12.48,17929.89
2018-01-16 22:39:00,1516142340.0,12.4899,12.5,11.65,11.9,18284.51
2018-01-16 22:40:00,1516142400.0,11.9995,12.49,11.9,12.3999,10625.43
2018-01-16 22:41:00,1516142460.0,12.3999,12.3999,11.6001,11.8724,12494.56
2018-01-16 22:42:00,1516142520.0,11.8,12.1705,11.6202,12.0899,10719.63
2018-01-16 22:43:00,1516142580.0,12.0421,12.0897,11.8726,11.9708,10112.03
2018-01-16 22:44:00,1516142640.0,11.8729,11.9999,11.6203,11.8,9939.64
2018-01-16 22:45:00,1516142700.0,11.8,12.1,11.772,12.05,21391.38
2018-01-16 22:46:00,1516142760.0,12.1,12.59,12.08,12.52,16151.01
2018-01-16 22:47:00,1516142820.0,12.5899,13.1705,12.5201,13.1001,15215.0
2018-01-16 22:48:00,1516142880.0,13.1001,13.1704,12.5201,12.79,20358.64
2018-01-16 22:49:00,1516142940.0,12.775,12.79,12.5001,12.5001,17196.75
2018-01-16 22:50:00,1516143000.0,12.5001,12.6896,11.0,12.4749,18591.11
2018-01-16 22:51:00,1516143060.0,12.42,12.79,12.3103,12.7204,9822.62
2018-01-16 22:52:00,1516143120.0,12.7204,12.79,12.69,12.69,11880.14
2018-01-16 22:53:00,1516143180.0,12.6251,12.7699,12.3,12.4,11807.79
2018-01-16 22:54:00,1516143240.0,12.3144,12.4803,12.3143,12.479,9418.06
2018-01-16 22:55:00,1516143300.0,12.3201,12.4498,12.32,12.3402,8320.69
2018-01-16 22:56:00,1516143360.0,12.3986,12.4498,12.3407,12.4498,5048.97
2018-01-16 22:57:00,1516143420.0,12.4498,12.651,12.4201,12.6,10158.15
2018-01-16 22:58:00,1516143480.0,12.6001,13.0,12.6,12.9,19327.69
2018-01-16 22:59:00,1516143540.0,12.9,12.9498,12.8,12.85,8434.39
2018-01-16 23:00:00,1516143600.0,12.8501,13.0,12.8501,12.98,8366.49
2018-01-16 23:01:00,1516143660.0,12.95,13.0998,12.85,12.9,22256.91
2018-01-16 23:02:00,1516143720.0,12.9,12.9,12.7003,12.7104,14594.49
2018-01-16 23:03:00,1516143780.0,12.7103,12.9,12.7103,12.8899,6556.19
2018-01-16 23:04:00,1516143840.0,12.8101,12.868,12.6999,12.6999,8212.17
2018-01-16 23:05:00,1516143900.0,12.68,12.6999,12.4,12.4,9106.22
2018-01-16 23:06:00,1516143960.0,12.4,12.4001,12.0502,12.0997,13880.59
2018-01-16 23:07:00,1516144020.0,12.079,12.34,12.02,12.339,13141.23
2018-01-16 23:08:00,1516144080.0,12.339,12.339,12.2124,12.3144,9713.57
2018-01-16 23:09:00,1516144140.0,12.32,12.3999,12.1252,12.2653,11278.76
2018-01-16 23:10:00,1516144200.0,12.26,12.3994,12.26,12.3988,3185.82
2018-01-16 23:11:00,1516144260.0,12.3105,12.3998,12.2694,12.32,5078.13
2018-01-16 23:12:00,1516144320.0,12.3201,12.3987,12.3,12.36,6831.01
2018-01-16 23:13:00,1516144380.0,12.3599,12.751,12.3301,12.54,11798.83
2018-01-16 23:14:00,1516144440.0,12.5801,12.699,12.4004,12.4899,5111.76
2018-01-16 23:15:00,1516144500.0,12.4846,12.4999,12.415,12.495,4722.84
2018-01-16 23:16:00,1516144560.0,12.48,12.6,12.48,12.5702,4571.41
2018-01-16 23:17:00,1516144620.0,12.6498,12.75,12.649,12.75,17439.54
2018-01-16 23:18:00,1516144680.0,12.75,12.796,12.7,12.7899,7150.53
2018-01-16 23:19:00,1516144740.0,12.7899,12.8498,12.78,12.8498,7424.44
2018-01-16 23:20:00,1516144800.0,12.8498,12.8903,12.8001,12.8903,14134.78
2018-01-16 23:21:00,1516144860.0,12.89,12.98,12.8899,12.9754,12867.95
2018-01-16 23:22:00,1516144920.0,12.98,13.0984,12.9201,13.0984,11693.56
2018-01-16 23:23:00,1516144980.0,13.0102,13.0985,13.0,13.0502,13137.71
2018-01-16 23:24:00,1516145040.0,13.0698,13.0698,13.0,13.0499,7027.26
2018-01-16 23:25:00,1516145100.0,13.05,13.3725,13.05,13.299,10441.73
2018-01-16 23:26:00,1516145160.0,13.299,13.54,13.2545,13.54,28993.42
2018-01-16 23:27:00,1516145220.0,13.54,13.81,13.5,13.79,18678.23
2018-01-16 23:28:00,1516145280.0,13.7901,13.991,13.79,13.991,13908.39
2018-01-16 23:29:00,1516145340.0,13.99,14.05,13.5072,13.6,31143.57
2018-01-16 23:30:00,1516145400.0,13.6,13.6,13.1,13.3,15915.88
2018-01-16 23:31:00,1516145460.0,13.2,13.58,13.1,13.5,11773.56
2018-01-16 23:32:00,1516145520.0,13.5002,13.77,13.5002,13.66,16533.56
2018-01-16 23:33:00,1516145580.0,13.66,13.67,13.38,13.4999,23114.57
2018-01-16 23:34:00,1516145640.0,13.4007,13.5,13.3575,13.4697,9388.01
2018-01-16 23:35:00,1516145700.0,13.3577,13.4694,13.2107,13.25,9438.46
2018-01-16 23:36:00,1516145760.0,13.2107,13.3005,12.5,12.9998,22989.34
2018-01-16 23:37:00,1516145820.0,12.9997,13.1493,12.7,13.136,15232.11
2018-01-16 23:38:00,1516145880.0,13.136,13.3781,12.811,13.2005,10496.06
2018-01-16 23:39:00,1516145940.0,13.2005,13.3997,13.1001,13.2201,9312.88
2018-01-16 23:40:00,1516146000.0,13.2202,13.4694,13.2202,13.3021,6029.61
2018-01-16 23:41:00,1516146060.0,13.3023,13.4693,13.3023,13.4499,11993.27
2018-01-16 23:42:00,1516146120.0,13.4301,13.63,13.4301,13.63,8863.32
2018-01-16 23:43:00,1516146180.0,13.6001,13.9599,13.5797,13.7002,13605.39
2018-01-16 23:44:00,1516146240.0,13.7003,13.9568,13.69,13.8859,9710.2
2018-01-16 23:45:00,1516146300.0,13.8859,13.9568,13.5,13.5272,17244.2
2018-01-16 23:46:00,1516146360.0,13.55,13.8393,13.5007,13.83,10145.36
2018-01-16 23:47:00,1516146420.0,13.83,13.89,13.6403,13.6403,15850.54
2018-01-16 23:48:00,1516146480.0,13.69,13.69,13.3602,13.58,10024.09
2018-01-16 23:49:00,1516146540.0,13.5,13.5995,13.4007,13.593,7303.06
2018-01-16 23:50:00,1516146600.0,13.5995,13.8,13.5995,13.7015,6440.92
2018-01-16 23:51:00,1516146660.0,13.7998,13.7998,13.6002,13.6002,6950.19
2018-01-16 23:52:00,1516146720.0,13.6002,13.6888,13.51,13.6,8454.2
2018-01-16 23:53:00,1516146780.0,13.6,13.6496,13.55,13.6496,5024.4
2018-01-16 23:54:00,1516146840.0,13.6,13.648,13.55,13.5998,1672.1
2018-01-16 23:55:00,1516146900.0,13.561,13.561,13.5017,13.5201,6553.59
2018-01-16 23:56:00,1516146960.0,13.539,13.539,13.199,13.31,16251.91
2018-01-16 23:57:00,1516147020.0,13.3592,13.3592,13.1,13.28,17750.35
2018-01-16 23:58:00,1516147080.0,13.3397,13.399,13.21,13.2937,8469.14
2018-01-16 23:59:00,1516147140.0,13.2937,13.2937,13.0,13.1996,6776.68
