Universal Time,Unix Time,Open,High,Low,Close,Volume
2018-01-31 00:00:00,1517356800.0,11.46,11.4826,11.46,11.4602,175.71
2018-01-31 00:01:00,1517356860.0,11.4601,11.4601,11.3828,11.3828,740.98
2018-01-31 00:02:00,1517356920.0,11.3828,11.489,11.3493,11.3494,177.95
2018-01-31 00:03:00,1517356980.0,11.4037,11.4037,11.3241,11.3241,614.69
2018-01-31 00:04:00,1517357040.0,11.3632,11.4037,11.3135,11.4037,181.69
2018-01-31 00:05:00,1517357100.0,11.3464,11.4037,11.3464,11.35,13.89
2018-01-31 00:06:00,1517357160.0,11.4037,11.4037,11.3085,11.3085,502.91
2018-01-31 00:07:00,1517357220.0,11.3085,11.315,11.3002,11.315,849.62
2018-01-31 00:08:00,1517357280.0,11.348,11.5483,11.33,11.342,638.97
2018-01-31 00:09:00,1517357340.0,11.342,11.3846,11.3201,11.3201,144.79
2018-01-31 00:10:00,1517357400.0,11.3202,11.4248,11.3002,11.3002,236.95
2018-01-31 00:11:00,1517357460.0,11.3667,11.3667,11.3002,11.3002,1.84
2018-01-31 00:12:00,1517357520.0,11.3467,11.3551,11.3154,11.3551,245.55
2018-01-31 00:13:00,1517357580.0,11.3776,11.3899,11.36,11.36,344.28
2018-01-31 00:14:00,1517357640.0,11.3499,11.3499,11.315,11.315,343.5
2018-01-31 00:15:00,1517357700.0,11.3179,11.3201,11.305,11.31,261.41
2018-01-31 00:16:00,1517357760.0,11.31,11.3196,11.3,11.305,1347.79
2018-01-31 00:17:00,1517357820.0,11.3196,11.37,11.3196,11.37,187.97
2018-01-31 00:18:00,1517357880.0,11.3527,11.4101,11.3527,11.3704,325.18
2018-01-31 00:19:00,1517357940.0,11.4,11.4,11.37,11.37,422.05
2018-01-31 00:20:00,1517358000.0,11.3698,11.397,11.3698,11.3701,315.03
2018-01-31 00:21:00,1517358060.0,11.3701,11.3702,11.3699,11.3699,327.41
2018-01-31 00:22:00,1517358120.0,11.368,11.37,11.3527,11.37,1228.67
2018-01-31 00:23:00,1517358180.0,11.37,11.3701,11.3075,11.3701,7231.58
2018-01-31 00:24:00,1517358240.0,11.4,11.5298,11.3712,11.41,985.16
2018-01-31 00:25:00,1517358300.0,11.4096,11.4101,11.4,11.41,197.28
2018-01-31 00:26:00,1517358360.0,11.4101,11.4101,11.3689,11.3689,474.67
2018-01-31 00:27:00,1517358420.0,11.36,11.3689,11.36,11.3688,42.33
2018-01-31 00:28:00,1517358480.0,11.369,11.369,11.345,11.345,339.05
2018-01-31 00:29:00,1517358540.0,11.3582,11.3895,11.3582,11.3895,1054.68
2018-01-31 00:30:00,1517358600.0,11.3895,11.4646,11.3895,11.4644,600.91
2018-01-31 00:31:00,1517358660.0,11.392,11.434,11.38,11.434,342.47
2018-01-31 00:32:00,1517358720.0,11.38,11.428,11.361,11.361,294.03
2018-01-31 00:33:00,1517358780.0,11.3606,11.4099,11.3452,11.3452,619.24
2018-01-31 00:34:00,1517358840.0,11.35,11.36,11.3311,11.36,697.32
2018-01-31 00:35:00,1517358900.0,11.3618,11.3619,11.3,11.3,1026.04
2018-01-31 00:36:00,1517358960.0,11.3311,11.3311,11.2959,11.2959,1428.75
2018-01-31 00:37:00,1517359020.0,11.2909,11.2957,11.2612,11.2612,514.77
2018-01-31 00:38:00,1517359080.0,11.2607,11.2846,11.2471,11.2471,2560.85
2018-01-31 00:39:00,1517359140.0,11.2471,11.2497,11.2,11.2,3475.04
2018-01-31 00:40:00,1517359200.0,11.2,11.207,11.151,11.151,5502.11
2018-01-31 00:41:00,1517359260.0,11.151,11.1573,11.14,11.14,5054.86
2018-01-31 00:42:00,1517359320.0,11.1495,11.2172,11.1495,11.1585,835.94
2018-01-31 00:43:00,1517359380.0,11.1696,11.2112,11.158,11.1581,768.19
2018-01-31 00:44:00,1517359440.0,11.158,11.171,11.1291,11.1291,1398.7
2018-01-31 00:45:00,1517359500.0,11.129,11.1703,11.126,11.1694,382.68
2018-01-31 00:46:00,1517359560.0,11.15,11.2112,11.12,11.1291,693.98
2018-01-31 00:47:00,1517359620.0,11.1292,11.1293,11.117,11.1293,1575.76
2018-01-31 00:48:00,1517359680.0,11.1665,11.1665,11.1336,11.134,245.8
2018-01-31 00:49:00,1517359740.0,11.134,11.134,11.132,11.132,386.93
2018-01-31 00:50:00,1517359800.0,11.1302,11.1336,11.115,11.1281,2271.28
2018-01-31 00:51:00,1517359860.0,11.115,11.1262,11.1,11.1062,2097.01
2018-01-31 00:52:00,1517359920.0,11.1,11.1055,11.07,11.07,3644.52
2018-01-31 00:53:00,1517359980.0,11.07,11.1062,11.066,11.1057,1484.46
2018-01-31 00:54:00,1517360040.0,11.1053,11.1053,11.061,11.0705,849.95
2018-01-31 00:55:00,1517360100.0,11.0706,11.0706,11.05,11.0694,819.74
2018-01-31 00:56:00,1517360160.0,11.0694,11.0695,11.01,11.01,4581.4
2018-01-31 00:57:00,1517360220.0,11.01,11.0102,11.0,11.0,4986.35
2018-01-31 00:58:00,1517360280.0,11.0,11.01,11.0,11.0,5151.94
2018-01-31 00:59:00,1517360340.0,11.0,11.01,11.0,11.0,4650.16
2018-01-31 01:00:00,1517360400.0,11.0001,11.01,10.953,10.953,5777.37
2018-01-31 01:01:00,1517360460.0,10.953,11.0,10.9499,10.99,1052.3
2018-01-31 01:02:00,1517360520.0,10.9515,10.9516,10.8001,10.8002,5403.26
2018-01-31 01:03:00,1517360580.0,10.8003,10.8003,10.77,10.77,5329.91
2018-01-31 01:04:00,1517360640.0,10.77,10.8749,10.77,10.8599,3335.79
2018-01-31 01:05:00,1517360700.0,10.8599,10.87,10.7777,10.8004,1964.91
2018-01-31 01:06:00,1517360760.0,10.7787,10.8146,10.7778,10.8,1973.67
2018-01-31 01:07:00,1517360820.0,10.7997,10.8697,10.789,10.8156,1617.79
2018-01-31 01:08:00,1517360880.0,10.8161,10.848,10.8,10.8161,3111.66
2018-01-31 01:09:00,1517360940.0,10.8159,10.8527,10.8105,10.8527,5485.9
2018-01-31 01:10:00,1517361000.0,10.8521,10.8535,10.8257,10.8289,2051.0
2018-01-31 01:11:00,1517361060.0,10.85,11.0585,10.85,11.0495,2669.33
2018-01-31 01:12:00,1517361120.0,11.0495,11.0586,11.0495,11.0584,5933.48
2018-01-31 01:13:00,1517361180.0,11.0586,11.07,11.0005,11.0627,3996.33
2018-01-31 01:14:00,1517361240.0,11.0574,11.06,11.0081,11.01,800.95
2018-01-31 01:15:00,1517361300.0,11.0429,11.06,11.0,11.057,1742.17
2018-01-31 01:16:00,1517361360.0,11.057,11.07,11.021,11.07,4292.61
2018-01-31 01:17:00,1517361420.0,11.07,11.1055,10.9,11.0584,3128.61
2018-01-31 01:18:00,1517361480.0,11.0461,11.0461,10.9,10.9001,1252.94
2018-01-31 01:19:00,1517361540.0,10.9001,10.9001,10.75,10.8331,6519.38
2018-01-31 01:20:00,1517361600.0,10.8331,10.94,10.8331,10.9399,581.08
2018-01-31 01:21:00,1517361660.0,10.9398,10.9399,10.834,10.8341,421.06
2018-01-31 01:22:00,1517361720.0,10.834,10.8996,10.8,10.8221,916.7
2018-01-31 01:23:00,1517361780.0,10.8382,10.94,10.835,10.89,1772.37
2018-01-31 01:24:00,1517361840.0,10.8901,10.93,10.89,10.9291,645.66
2018-01-31 01:25:00,1517361900.0,10.9299,10.9806,10.9291,10.9806,970.41
2018-01-31 01:26:00,1517361960.0,10.978,10.9998,10.9295,10.99,643.02
2018-01-31 01:27:00,1517362020.0,10.9324,10.9998,10.9324,10.9324,1207.88
2018-01-31 01:28:00,1517362080.0,10.9325,10.9894,10.9324,10.9799,718.49
2018-01-31 01:29:00,1517362140.0,10.9799,10.98,10.9534,10.9799,236.63
2018-01-31 01:30:00,1517362200.0,10.9799,10.98,10.9521,10.9521,787.9
2018-01-31 01:31:00,1517362260.0,10.9521,10.9522,10.9381,10.9521,303.6
2018-01-31 01:32:00,1517362320.0,10.9381,10.9381,10.8668,10.88,1026.55
2018-01-31 01:33:00,1517362380.0,10.88,10.9362,10.8148,10.836,443.32
2018-01-31 01:34:00,1517362440.0,10.838,10.8989,10.8359,10.84,629.68
2018-01-31 01:35:00,1517362500.0,10.841,10.9361,10.841,10.8804,1296.19
2018-01-31 01:36:00,1517362560.0,10.8805,10.9007,10.82,10.82,1323.75
2018-01-31 01:37:00,1517362620.0,10.851,10.851,10.8204,10.825,690.63
2018-01-31 01:38:00,1517362680.0,10.839,10.8498,10.8001,10.8001,811.2
2018-01-31 01:39:00,1517362740.0,10.8001,10.8499,10.78,10.8499,1712.77
2018-01-31 01:40:00,1517362800.0,10.8499,10.9245,10.8499,10.8648,1169.13
2018-01-31 01:41:00,1517362860.0,10.8648,10.8911,10.8506,10.8699,661.87
2018-01-31 01:42:00,1517362920.0,10.89,10.89,10.8709,10.8709,389.83
2018-01-31 01:43:00,1517362980.0,10.8729,10.8912,10.8729,10.8768,590.44
2018-01-31 01:44:00,1517363040.0,10.8772,10.9698,10.8711,10.936,1068.43
2018-01-31 01:45:00,1517363100.0,10.9521,11.0212,10.9401,11.0001,2707.55
2018-01-31 01:46:00,1517363160.0,11.02,11.25,11.0042,11.04,3589.83
2018-01-31 01:47:00,1517363220.0,11.04,11.1066,10.9402,10.9517,4279.04
2018-01-31 01:48:00,1517363280.0,10.9999,11.1171,10.976,11.019,4707.63
2018-01-31 01:49:00,1517363340.0,11.11,11.1171,11.0,11.0003,1583.05
2018-01-31 01:50:00,1517363400.0,11.01,11.08,11.0009,11.024,210.06
2018-01-31 01:51:00,1517363460.0,11.072,11.072,11.0004,11.0004,639.37
2018-01-31 01:52:00,1517363520.0,11.0382,11.0382,11.0,11.0275,2329.24
2018-01-31 01:53:00,1517363580.0,11.0275,11.1171,11.0,11.0228,1575.12
2018-01-31 01:54:00,1517363640.0,11.03,11.117,11.0254,11.035,688.69
2018-01-31 01:55:00,1517363700.0,11.0414,11.1,11.034,11.034,868.58
2018-01-31 01:56:00,1517363760.0,11.034,11.058,11.0124,11.02,313.09
2018-01-31 01:57:00,1517363820.0,11.06,11.06,11.0124,11.0134,120.11
2018-01-31 01:58:00,1517363880.0,11.055,11.0579,11.0134,11.0134,892.61
2018-01-31 01:59:00,1517363940.0,11.0134,11.0515,11.0123,11.0125,347.11
2018-01-31 02:00:00,1517364000.0,11.039,11.039,11.001,11.001,621.17
2018-01-31 02:01:00,1517364060.0,11.0004,11.0495,11.0001,11.0007,879.31
2018-01-31 02:02:00,1517364120.0,11.0495,11.1019,11.0495,11.07,1469.33
2018-01-31 02:03:00,1517364180.0,11.0999,11.137,11.07,11.137,224.66
2018-01-31 02:04:00,1517364240.0,11.1101,11.1499,11.1101,11.1492,894.07
2018-01-31 02:05:00,1517364300.0,11.1492,11.1504,11.1,11.15,2663.32
2018-01-31 02:06:00,1517364360.0,11.1501,11.22,11.1501,11.1801,1186.7
2018-01-31 02:07:00,1517364420.0,11.2,11.251,11.2,11.251,4932.05
2018-01-31 02:08:00,1517364480.0,11.251,11.3,11.2501,11.28,2227.79
2018-01-31 02:09:00,1517364540.0,11.28,11.3101,11.2596,11.3001,1423.58
2018-01-31 02:10:00,1517364600.0,11.3,11.3236,11.25,11.255,3199.99
2018-01-31 02:11:00,1517364660.0,11.255,11.2826,11.1916,11.1917,2100.63
2018-01-31 02:12:00,1517364720.0,11.2002,11.2499,11.1801,11.1802,2512.44
2018-01-31 02:13:00,1517364780.0,11.1803,11.22,11.1801,11.22,1158.65
2018-01-31 02:14:00,1517364840.0,11.22,11.2492,11.1804,11.2054,1866.44
2018-01-31 02:15:00,1517364900.0,11.1808,11.24,11.1808,11.2398,276.9
2018-01-31 02:16:00,1517364960.0,11.2398,11.25,11.2008,11.228,1413.02
2018-01-31 02:17:00,1517365020.0,11.2214,11.2214,11.1821,11.1821,378.44
2018-01-31 02:18:00,1517365080.0,11.1821,11.215,11.182,11.182,257.61
2018-01-31 02:19:00,1517365140.0,11.182,11.2138,11.1501,11.2134,2146.8
2018-01-31 02:20:00,1517365200.0,11.152,11.2138,11.1504,11.2138,314.91
2018-01-31 02:21:00,1517365260.0,11.1563,11.2136,11.1563,11.2135,293.53
2018-01-31 02:22:00,1517365320.0,11.2051,11.2207,11.2,11.2002,391.32
2018-01-31 02:23:00,1517365380.0,11.2005,11.2416,11.1551,11.17,672.34
2018-01-31 02:24:00,1517365440.0,11.153,11.17,11.1527,11.1602,241.89
2018-01-31 02:25:00,1517365500.0,11.18,11.1927,11.16,11.1602,180.96
2018-01-31 02:26:00,1517365560.0,11.17,11.1909,11.17,11.1909,108.54
2018-01-31 02:27:00,1517365620.0,11.1708,11.185,11.1705,11.1707,193.74
2018-01-31 02:28:00,1517365680.0,11.1707,11.182,11.1705,11.1705,192.57
2018-01-31 02:29:00,1517365740.0,11.1775,11.2091,11.1705,11.1708,354.72
2018-01-31 02:30:00,1517365800.0,11.1708,11.2196,11.1708,11.2195,229.38
2018-01-31 02:31:00,1517365860.0,11.2193,11.22,11.1806,11.22,525.97
2018-01-31 02:32:00,1517365920.0,11.2203,11.24,11.1806,11.1809,512.95
2018-01-31 02:33:00,1517365980.0,11.2059,11.2481,11.1425,11.175,1574.68
2018-01-31 02:34:00,1517366040.0,11.1427,11.175,11.1401,11.1424,115.47
2018-01-31 02:35:00,1517366100.0,11.1425,11.1666,11.1202,11.1281,634.0
2018-01-31 02:36:00,1517366160.0,11.1614,11.175,11.1286,11.139,191.07
2018-01-31 02:37:00,1517366220.0,11.1432,11.1945,11.1396,11.1403,210.01
2018-01-31 02:38:00,1517366280.0,11.1405,11.1405,11.1102,11.1102,1434.17
2018-01-31 02:39:00,1517366340.0,11.1102,11.1395,11.1101,11.1102,716.81
2018-01-31 02:40:00,1517366400.0,11.1103,11.1143,11.1103,11.1124,82.2
2018-01-31 02:41:00,1517366460.0,11.1124,11.129,11.1124,11.129,185.85
2018-01-31 02:42:00,1517366520.0,11.1291,11.1313,11.1126,11.1126,102.34
2018-01-31 02:43:00,1517366580.0,11.1128,11.147,11.1127,11.1303,388.38
2018-01-31 02:44:00,1517366640.0,11.1311,11.1951,11.1311,11.1951,465.84
2018-01-31 02:45:00,1517366700.0,11.2094,11.2381,11.1951,11.2101,332.58
2018-01-31 02:46:00,1517366760.0,11.2102,11.2318,11.2102,11.23,277.67
2018-01-31 02:47:00,1517366820.0,11.2299,11.2481,11.2103,11.2481,485.05
2018-01-31 02:48:00,1517366880.0,11.2384,11.28,11.2384,11.25,5858.79
2018-01-31 02:49:00,1517366940.0,11.2497,11.2501,11.2102,11.22,645.07
2018-01-31 02:50:00,1517367000.0,11.2195,11.2501,11.2106,11.2111,1745.64
2018-01-31 02:51:00,1517367060.0,11.2113,11.2123,11.2113,11.2123,82.2
2018-01-31 02:52:00,1517367120.0,11.2159,11.2501,11.2159,11.2501,1150.81
2018-01-31 02:53:00,1517367180.0,11.2796,11.2796,11.2329,11.2503,658.47
2018-01-31 02:54:00,1517367240.0,11.2421,11.2629,11.11,11.2627,2647.19
2018-01-31 02:55:00,1517367300.0,11.215,11.2857,11.215,11.2793,1292.75
2018-01-31 02:56:00,1517367360.0,11.2881,11.36,11.2812,11.355,941.48
2018-01-31 02:57:00,1517367420.0,11.3214,11.36,11.3214,11.333,626.16
2018-01-31 02:58:00,1517367480.0,11.3351,11.3761,11.335,11.335,2298.67
2018-01-31 02:59:00,1517367540.0,11.335,11.3758,11.2765,11.3176,1619.15
2018-01-31 03:00:00,1517367600.0,11.3725,11.3727,11.3,11.3,1300.42
2018-01-31 03:01:00,1517367660.0,11.3,11.3597,11.2765,11.2836,648.22
2018-01-31 03:02:00,1517367720.0,11.29,11.3171,11.28,11.2832,739.67
2018-01-31 03:03:00,1517367780.0,11.28,11.2829,11.28,11.2829,557.8
2018-01-31 03:04:00,1517367840.0,11.2829,11.2829,11.2346,11.2346,1252.83
2018-01-31 03:05:00,1517367900.0,11.2347,11.2829,11.2346,11.2829,1716.23
2018-01-31 03:06:00,1517367960.0,11.2828,11.337,11.2828,11.3368,414.53
2018-01-31 03:07:00,1517368020.0,11.3368,11.35,11.3045,11.3109,1438.4
2018-01-31 03:08:00,1517368080.0,11.311,11.35,11.3109,11.3145,486.84
2018-01-31 03:09:00,1517368140.0,11.3147,11.3425,11.27,11.2729,1826.98
2018-01-31 03:10:00,1517368200.0,11.2731,11.3292,11.2701,11.2901,83.43
2018-01-31 03:11:00,1517368260.0,11.2901,11.3161,11.2357,11.2359,1429.57
2018-01-31 03:12:00,1517368320.0,11.2903,11.3095,11.2357,11.2496,228.56
2018-01-31 03:13:00,1517368380.0,11.2499,11.2898,11.236,11.236,101.31
2018-01-31 03:14:00,1517368440.0,11.2773,11.2773,11.2359,11.2362,94.2
2018-01-31 03:15:00,1517368500.0,11.2382,11.2537,11.22,11.2537,1404.15
2018-01-31 03:16:00,1517368560.0,11.2382,11.289,11.22,11.2202,2577.51
2018-01-31 03:17:00,1517368620.0,11.2203,11.2624,11.2201,11.2503,221.71
2018-01-31 03:18:00,1517368680.0,11.2299,11.23,11.2203,11.2203,108.38
2018-01-31 03:19:00,1517368740.0,11.257,11.257,11.2201,11.2203,328.99
2018-01-31 03:20:00,1517368800.0,11.2201,11.2203,11.14,11.1475,4395.82
2018-01-31 03:21:00,1517368860.0,11.15,11.1885,11.127,11.1402,1951.22
2018-01-31 03:22:00,1517368920.0,11.1403,11.1864,11.14,11.14,5801.38
2018-01-31 03:23:00,1517368980.0,11.1809,11.1809,11.1101,11.1101,4431.01
2018-01-31 03:24:00,1517369040.0,11.1191,11.1988,11.11,11.1117,1616.15
2018-01-31 03:25:00,1517369100.0,11.12,11.1578,11.1117,11.1203,504.52
2018-01-31 03:26:00,1517369160.0,11.1203,11.1216,11.1106,11.1106,995.03
2018-01-31 03:27:00,1517369220.0,11.1114,11.1216,11.1104,11.1105,2183.96
2018-01-31 03:28:00,1517369280.0,11.12,11.1203,11.1105,11.1107,690.65
2018-01-31 03:29:00,1517369340.0,11.1107,11.1201,11.11,11.11,4171.32
2018-01-31 03:30:00,1517369400.0,11.1103,11.1959,11.11,11.1287,430.43
2018-01-31 03:31:00,1517369460.0,11.1356,11.1942,11.1288,11.1405,142.28
2018-01-31 03:32:00,1517369520.0,11.1405,11.1405,11.1116,11.1261,336.47
2018-01-31 03:33:00,1517369580.0,11.1261,11.1541,11.1102,11.1104,244.45
2018-01-31 03:34:00,1517369640.0,11.1207,11.1484,11.1104,11.1483,693.23
2018-01-31 03:35:00,1517369700.0,11.1116,11.16,11.1116,11.1315,359.38
2018-01-31 03:36:00,1517369760.0,11.1404,11.2499,11.1404,11.1612,369.52
2018-01-31 03:37:00,1517369820.0,11.1701,11.2499,11.1613,11.1705,109.9
2018-01-31 03:38:00,1517369880.0,11.1709,11.2081,11.1707,11.1713,2845.58
2018-01-31 03:39:00,1517369940.0,11.1932,11.215,11.1715,11.2147,386.48
2018-01-31 03:40:00,1517370000.0,11.2147,11.2296,11.1819,11.2153,498.7
2018-01-31 03:41:00,1517370060.0,11.2153,11.2296,11.2,11.2288,361.05
2018-01-31 03:42:00,1517370120.0,11.2001,11.2288,11.2001,11.2073,183.47
2018-01-31 03:43:00,1517370180.0,11.2075,11.2431,11.2075,11.2429,388.82
2018-01-31 03:44:00,1517370240.0,11.2086,11.2395,11.2075,11.2075,1799.33
2018-01-31 03:45:00,1517370300.0,11.2075,11.2386,11.2001,11.2375,565.87
2018-01-31 03:46:00,1517370360.0,11.2375,11.245,11.2011,11.2387,1789.21
2018-01-31 03:47:00,1517370420.0,11.245,11.2451,11.2094,11.245,506.26
2018-01-31 03:48:00,1517370480.0,11.245,11.2616,11.245,11.2451,268.23
2018-01-31 03:49:00,1517370540.0,11.2451,11.2459,11.245,11.2459,219.17
2018-01-31 03:50:00,1517370600.0,11.2459,11.2671,11.2458,11.2671,252.73
2018-01-31 03:51:00,1517370660.0,11.2458,11.2885,11.2209,11.2462,464.88
2018-01-31 03:52:00,1517370720.0,11.2467,11.3171,11.2467,11.2897,691.18
2018-01-31 03:53:00,1517370780.0,11.2898,11.3099,11.2897,11.2898,129.09
2018-01-31 03:54:00,1517370840.0,11.29,11.3241,11.2801,11.2801,1129.0
2018-01-31 03:55:00,1517370900.0,11.2801,11.3183,11.24,11.2404,561.47
2018-01-31 03:56:00,1517370960.0,11.2403,11.3095,11.2403,11.2991,182.9
2018-01-31 03:57:00,1517371020.0,11.2405,11.2959,11.2403,11.2418,217.06
2018-01-31 03:58:00,1517371080.0,11.2421,11.2601,11.2412,11.2412,85.88
2018-01-31 03:59:00,1517371140.0,11.2413,11.2773,11.2403,11.26,173.19
2018-01-31 04:00:00,1517371200.0,11.2403,11.2733,11.2034,11.2036,376.28
2018-01-31 04:01:00,1517371260.0,11.205,11.2492,11.2028,11.2028,542.25
2018-01-31 04:02:00,1517371320.0,11.2028,11.2271,11.1707,11.1707,1029.02
2018-01-31 04:03:00,1517371380.0,11.2101,11.2101,11.143,11.15,1370.43
2018-01-31 04:04:00,1517371440.0,11.15,11.206,11.1102,11.1102,420.92
2018-01-31 04:05:00,1517371500.0,11.1102,11.1216,11.11,11.1112,1335.35
2018-01-31 04:06:00,1517371560.0,11.1113,11.156,11.111,11.111,82.5
2018-01-31 04:07:00,1517371620.0,11.1542,11.1543,11.1112,11.12,447.52
2018-01-31 04:08:00,1517371680.0,11.1441,11.1498,11.12,11.12,413.78
2018-01-31 04:09:00,1517371740.0,11.1257,11.1532,11.125,11.1279,105.37
2018-01-31 04:10:00,1517371800.0,11.1305,11.1528,11.125,11.1288,161.44
2018-01-31 04:11:00,1517371860.0,11.1349,11.1866,11.1288,11.1291,389.32
2018-01-31 04:12:00,1517371920.0,11.1698,11.1701,11.1395,11.1401,122.69
2018-01-31 04:13:00,1517371980.0,11.1559,11.1862,11.1401,11.1721,348.7
2018-01-31 04:14:00,1517372040.0,11.1719,11.1773,11.1225,11.1225,1163.42
2018-01-31 04:15:00,1517372100.0,11.1225,11.1225,11.111,11.111,82.42
2018-01-31 04:16:00,1517372160.0,11.111,11.12,11.0901,11.1,2191.11
2018-01-31 04:17:00,1517372220.0,11.1003,11.11,11.0449,11.0449,2907.59
2018-01-31 04:18:00,1517372280.0,11.0999,11.1,11.0449,11.0449,456.16
2018-01-31 04:19:00,1517372340.0,11.0449,11.094,11.02,11.02,964.39
2018-01-31 04:20:00,1517372400.0,11.0289,11.03,11.0,11.0,4043.35
2018-01-31 04:21:00,1517372460.0,11.01,11.04,11.0,11.04,1138.3
2018-01-31 04:22:00,1517372520.0,11.04,11.097,11.03,11.097,1183.79
2018-01-31 04:23:00,1517372580.0,11.0967,11.0968,11.0005,11.06,1284.84
2018-01-31 04:24:00,1517372640.0,11.0601,11.0869,11.0103,11.0103,488.43
2018-01-31 04:25:00,1517372700.0,11.0602,11.0602,11.0101,11.0108,506.25
2018-01-31 04:26:00,1517372760.0,11.03,11.0539,11.0115,11.0201,300.93
2018-01-31 04:27:00,1517372820.0,11.0205,11.0442,11.0205,11.0263,323.2
2018-01-31 04:28:00,1517372880.0,11.0264,11.0466,11.0264,11.0368,193.28
2018-01-31 04:29:00,1517372940.0,11.0467,11.0478,11.0368,11.0478,268.23
2018-01-31 04:30:00,1517373000.0,11.0478,11.0478,11.03,11.03,133.74
2018-01-31 04:31:00,1517373060.0,11.03,11.0478,11.03,11.03,1499.49
2018-01-31 04:32:00,1517373120.0,11.03,11.0307,11.0265,11.0265,5012.67
2018-01-31 04:33:00,1517373180.0,11.0265,11.0301,11.0101,11.0263,1007.37
2018-01-31 04:34:00,1517373240.0,11.0264,11.0602,11.0101,11.0101,230.57
2018-01-31 04:35:00,1517373300.0,11.0102,11.0251,11.0101,11.0101,254.85
2018-01-31 04:36:00,1517373360.0,11.0102,11.0102,11.01,11.01,310.26
2018-01-31 04:37:00,1517373420.0,11.01,11.0392,11.0,11.03,1991.83
2018-01-31 04:38:00,1517373480.0,11.03,11.04,11.01,11.0135,286.12
2018-01-31 04:39:00,1517373540.0,11.02,11.039,11.01,11.0103,227.13
2018-01-31 04:40:00,1517373600.0,11.0189,11.0189,11.0,11.0001,2578.85
2018-01-31 04:41:00,1517373660.0,11.0027,11.0103,11.0001,11.0103,1390.22
2018-01-31 04:42:00,1517373720.0,11.0103,11.039,11.0101,11.03,373.95
2018-01-31 04:43:00,1517373780.0,11.0301,11.05,11.03,11.0301,431.75
2018-01-31 04:44:00,1517373840.0,11.0301,11.0597,11.0301,11.0419,718.14
2018-01-31 04:45:00,1517373900.0,11.0427,11.05,11.03,11.0303,291.66
2018-01-31 04:46:00,1517373960.0,11.0305,11.0597,11.0304,11.035,286.99
2018-01-31 04:47:00,1517374020.0,11.0595,11.0601,11.0309,11.06,689.79
2018-01-31 04:48:00,1517374080.0,11.0351,11.0602,11.0303,11.0303,770.24
2018-01-31 04:49:00,1517374140.0,11.0304,11.0499,11.02,11.02,282.96
2018-01-31 04:50:00,1517374200.0,11.02,11.0499,11.02,11.042,270.02
2018-01-31 04:51:00,1517374260.0,11.042,11.048,11.02,11.02,130.93
2018-01-31 04:52:00,1517374320.0,11.02,11.0699,11.0151,11.0169,522.31
2018-01-31 04:53:00,1517374380.0,11.0649,11.0698,11.0174,11.021,280.95
2018-01-31 04:54:00,1517374440.0,11.0598,11.0598,11.0301,11.032,103.72
2018-01-31 04:55:00,1517374500.0,11.0323,11.0598,11.0323,11.0338,109.56
2018-01-31 04:56:00,1517374560.0,11.0402,11.0598,11.04,11.045,144.26
2018-01-31 04:57:00,1517374620.0,11.0452,11.0598,11.0452,11.0598,102.84
2018-01-31 04:58:00,1517374680.0,11.0598,11.0598,11.0455,11.0469,92.88
2018-01-31 04:59:00,1517374740.0,11.0471,11.06,11.0455,11.0599,876.77
2018-01-31 05:00:00,1517374800.0,11.0456,11.0599,11.0455,11.0455,166.36
2018-01-31 05:01:00,1517374860.0,11.0456,11.059,11.0455,11.05,199.66
2018-01-31 05:02:00,1517374920.0,11.05,11.06,11.0455,11.0562,144.56
2018-01-31 05:03:00,1517374980.0,11.0455,11.056,11.0455,11.0455,119.55
2018-01-31 05:04:00,1517375040.0,11.0455,11.07,11.04,11.05,302.2
2018-01-31 05:05:00,1517375100.0,11.05,11.0646,11.0455,11.064,92.41
2018-01-31 05:06:00,1517375160.0,11.064,11.064,11.0455,11.063,125.45
2018-01-31 05:07:00,1517375220.0,11.063,11.063,11.0455,11.0456,418.39
2018-01-31 05:08:00,1517375280.0,11.0456,11.062,11.0456,11.05,91.23
2018-01-31 05:09:00,1517375340.0,11.0501,11.062,11.0501,11.0503,84.46
2018-01-31 05:10:00,1517375400.0,11.0504,11.0505,11.05,11.05,150.38
2018-01-31 05:11:00,1517375460.0,11.061,11.062,11.05,11.0501,200.52
2018-01-31 05:12:00,1517375520.0,11.0501,11.0872,11.0501,11.06,152.7
2018-01-31 05:13:00,1517375580.0,11.06,11.0899,11.0502,11.0899,163.0
2018-01-31 05:14:00,1517375640.0,11.07,11.0899,11.0607,11.0617,213.44
2018-01-31 05:15:00,1517375700.0,11.0617,11.0898,11.0607,11.0607,370.26
2018-01-31 05:16:00,1517375760.0,11.0607,11.0607,11.0189,11.0189,764.44
2018-01-31 05:17:00,1517375820.0,11.0189,11.0426,11.0,11.0,806.86
2018-01-31 05:18:00,1517375880.0,11.0,11.0,10.975,10.975,4704.88
2018-01-31 05:19:00,1517375940.0,10.975,10.9751,10.9628,10.972,2788.71
2018-01-31 05:20:00,1517376000.0,10.9722,11.049,10.972,10.9752,837.88
2018-01-31 05:21:00,1517376060.0,11.0484,11.0484,10.9751,10.9762,118.0
2018-01-31 05:22:00,1517376120.0,10.9768,11.0204,10.9628,10.9629,1734.25
2018-01-31 05:23:00,1517376180.0,10.9629,10.9631,10.9001,10.9142,583.1
2018-01-31 05:24:00,1517376240.0,10.9483,10.9485,10.9143,10.9145,652.3
2018-01-31 05:25:00,1517376300.0,10.9177,10.9451,10.9,10.9,647.19
2018-01-31 05:26:00,1517376360.0,10.9,10.9447,10.8893,10.9113,1133.43
2018-01-31 05:27:00,1517376420.0,10.9449,10.9449,10.9115,10.9116,181.03
2018-01-31 05:28:00,1517376480.0,10.9117,10.9397,10.9117,10.9135,420.31
2018-01-31 05:29:00,1517376540.0,10.9136,10.9398,10.9136,10.9152,298.64
2018-01-31 05:30:00,1517376600.0,10.9153,10.9395,10.9153,10.9168,355.93
2018-01-31 05:31:00,1517376660.0,10.9389,10.9616,10.8712,10.9482,1292.73
2018-01-31 05:32:00,1517376720.0,10.9836,11.0199,10.9836,10.99,2422.28
2018-01-31 05:33:00,1517376780.0,11.0,11.03,11.0,11.0067,712.97
2018-01-31 05:34:00,1517376840.0,11.02,11.0491,10.9064,11.0274,2019.41
2018-01-31 05:35:00,1517376900.0,11.0274,11.0501,10.9651,11.0187,973.16
2018-01-31 05:36:00,1517376960.0,11.0499,11.0857,11.0201,11.0857,173.72
2018-01-31 05:37:00,1517377020.0,11.0857,11.0898,11.0504,11.0512,284.87
2018-01-31 05:38:00,1517377080.0,11.0514,11.165,11.0514,11.1175,844.19
2018-01-31 05:39:00,1517377140.0,11.1266,11.1898,11.1264,11.14,270.3
2018-01-31 05:40:00,1517377200.0,11.1791,11.1791,11.14,11.1523,228.73
2018-01-31 05:41:00,1517377260.0,11.1728,11.1728,11.0819,11.127,1184.48
2018-01-31 05:42:00,1517377320.0,11.0819,11.0819,11.051,11.0514,103.36
2018-01-31 05:43:00,1517377380.0,11.1196,11.1196,11.0322,11.11,1447.29
2018-01-31 05:44:00,1517377440.0,11.1189,11.133,11.034,11.0573,561.55
2018-01-31 05:45:00,1517377500.0,11.0575,11.1309,11.0575,11.0601,368.6
2018-01-31 05:46:00,1517377560.0,11.0736,11.1005,11.0602,11.0602,85.05
2018-01-31 05:47:00,1517377620.0,11.0736,11.1294,11.0736,11.1142,491.69
2018-01-31 05:48:00,1517377680.0,11.1294,11.1697,11.0602,11.0602,1092.55
2018-01-31 05:49:00,1517377740.0,11.0603,11.07,11.0603,11.07,153.24
2018-01-31 05:50:00,1517377800.0,11.0701,11.122,11.07,11.0702,888.12
2018-01-31 05:51:00,1517377860.0,11.0702,11.0806,11.07,11.0806,1307.28
2018-01-31 05:52:00,1517377920.0,11.0806,11.0828,11.07,11.0721,200.86
2018-01-31 05:53:00,1517377980.0,11.09,11.1019,11.09,11.0907,655.99
2018-01-31 05:54:00,1517378040.0,11.122,11.1578,11.0909,11.1306,204.06
2018-01-31 05:55:00,1517378100.0,11.1308,11.1562,11.0706,11.0794,609.15
2018-01-31 05:56:00,1517378160.0,11.0797,11.131,11.0707,11.0714,196.39
2018-01-31 05:57:00,1517378220.0,11.13,11.131,11.0716,11.0844,93.44
2018-01-31 05:58:00,1517378280.0,11.1249,11.1249,11.0707,11.0707,451.63
2018-01-31 05:59:00,1517378340.0,11.0707,11.0869,11.0707,11.0869,363.98
2018-01-31 06:00:00,1517378400.0,11.0869,11.0869,11.075,11.0753,128.77
2018-01-31 06:01:00,1517378460.0,11.0867,11.122,11.076,11.1001,1120.56
2018-01-31 06:02:00,1517378520.0,11.1003,11.1447,11.1003,11.1023,602.85
2018-01-31 06:03:00,1517378580.0,11.1403,11.1502,11.1026,11.1502,490.83
2018-01-31 06:04:00,1517378640.0,11.1506,11.179,11.1091,11.1142,567.43
2018-01-31 06:05:00,1517378700.0,11.1448,11.1505,11.12,11.1505,332.88
2018-01-31 06:06:00,1517378760.0,11.1504,11.179,11.1248,11.1425,175.53
2018-01-31 06:07:00,1517378820.0,11.1781,11.1783,11.1217,11.1218,1907.27
2018-01-31 06:08:00,1517378880.0,11.122,11.1416,11.1103,11.1103,345.94
2018-01-31 06:09:00,1517378940.0,11.1197,11.1751,11.1103,11.1125,233.2
2018-01-31 06:10:00,1517379000.0,11.1126,11.1666,11.1087,11.1366,234.4
2018-01-31 06:11:00,1517379060.0,11.1366,11.164,11.102,11.102,1080.41
2018-01-31 06:12:00,1517379120.0,11.1323,11.1524,11.1021,11.1136,579.9
2018-01-31 06:13:00,1517379180.0,11.1448,11.15,11.1145,11.1304,1915.93
2018-01-31 06:14:00,1517379240.0,11.1306,11.1629,11.1306,11.1338,518.91
2018-01-31 06:15:00,1517379300.0,11.1588,11.1588,11.1165,11.1165,210.83
2018-01-31 06:16:00,1517379360.0,11.148,11.1844,11.117,11.1175,882.18
2018-01-31 06:17:00,1517379420.0,11.1175,11.1825,11.1175,11.1272,337.75
2018-01-31 06:18:00,1517379480.0,11.1822,11.1822,11.1208,11.1256,104.55
2018-01-31 06:19:00,1517379540.0,11.1299,11.16,11.0612,11.1102,1213.07
2018-01-31 06:20:00,1517379600.0,11.1103,11.121,11.11,11.12,215.35
2018-01-31 06:21:00,1517379660.0,11.1201,11.1485,11.12,11.1202,79.49
2018-01-31 06:22:00,1517379720.0,11.1202,11.1204,11.12,11.12,98.66
2018-01-31 06:23:00,1517379780.0,11.1201,11.1201,11.061,11.11,861.89
2018-01-31 06:24:00,1517379840.0,11.0616,11.11,11.0576,11.0599,361.9
2018-01-31 06:25:00,1517379900.0,11.0577,11.0599,11.04,11.04,504.98
2018-01-31 06:26:00,1517379960.0,11.04,11.0501,11.0126,11.027,245.82
2018-01-31 06:27:00,1517380020.0,11.0126,11.04,11.0125,11.04,166.72
2018-01-31 06:28:00,1517380080.0,11.0126,11.0602,11.0125,11.0145,185.91
2018-01-31 06:29:00,1517380140.0,11.0142,11.0499,11.001,11.001,311.05
2018-01-31 06:30:00,1517380200.0,11.0059,11.0482,11.001,11.045,183.96
2018-01-31 06:31:00,1517380260.0,11.0113,11.0941,11.0105,11.0941,843.96
2018-01-31 06:32:00,1517380320.0,11.0518,11.0929,11.0514,11.0919,477.31
2018-01-31 06:33:00,1517380380.0,11.0521,11.12,11.0521,11.12,545.69
2018-01-31 06:34:00,1517380440.0,11.0996,11.1813,11.0927,11.1813,1650.06
2018-01-31 06:35:00,1517380500.0,11.1439,11.2,11.1439,11.1901,659.94
2018-01-31 06:36:00,1517380560.0,11.1902,11.1978,11.19,11.1976,268.29
2018-01-31 06:37:00,1517380620.0,11.1906,11.2069,11.1906,11.2003,1093.27
2018-01-31 06:38:00,1517380680.0,11.2012,11.2062,11.2,11.2054,534.42
2018-01-31 06:39:00,1517380740.0,11.2,11.2093,11.1907,11.2092,286.27
2018-01-31 06:40:00,1517380800.0,11.1909,11.2345,11.1909,11.1931,1866.81
2018-01-31 06:41:00,1517380860.0,11.1932,11.2489,11.1931,11.1961,544.65
2018-01-31 06:42:00,1517380920.0,11.1968,11.2883,11.1968,11.2883,269.29
2018-01-31 06:43:00,1517380980.0,11.26,11.3,11.2502,11.2989,2686.85
2018-01-31 06:44:00,1517381040.0,11.2989,11.35,11.2989,11.318,3461.17
2018-01-31 06:45:00,1517381100.0,11.3045,11.3045,11.2516,11.252,853.77
2018-01-31 06:46:00,1517381160.0,11.252,11.2552,11.252,11.252,1209.34
2018-01-31 06:47:00,1517381220.0,11.252,11.2768,11.252,11.272,309.47
2018-01-31 06:48:00,1517381280.0,11.252,11.2697,11.252,11.2627,991.69
2018-01-31 06:49:00,1517381340.0,11.2514,11.267,11.2503,11.252,332.71
2018-01-31 06:50:00,1517381400.0,11.252,11.32,11.252,11.2562,703.75
2018-01-31 06:51:00,1517381460.0,11.3036,11.32,11.3036,11.3177,357.86
2018-01-31 06:52:00,1517381520.0,11.3177,11.318,11.3036,11.3036,777.41
2018-01-31 06:53:00,1517381580.0,11.3037,11.3177,11.3036,11.3173,434.05
2018-01-31 06:54:00,1517381640.0,11.3036,11.3173,11.2563,11.2727,498.24
2018-01-31 06:55:00,1517381700.0,11.2728,11.3147,11.2727,11.2729,132.65
2018-01-31 06:56:00,1517381760.0,11.279,11.3098,11.2728,11.3087,403.07
2018-01-31 06:57:00,1517381820.0,11.2733,11.3085,11.2731,11.2735,104.02
2018-01-31 06:58:00,1517381880.0,11.2737,11.3084,11.2737,11.3084,1129.17
2018-01-31 06:59:00,1517381940.0,11.3084,11.31,11.3084,11.3086,461.55
2018-01-31 07:00:00,1517382000.0,11.3086,11.3096,11.2,11.308,2226.0
2018-01-31 07:01:00,1517382060.0,11.3077,11.3077,11.2231,11.2525,117.71
2018-01-31 07:02:00,1517382120.0,11.253,11.2646,11.2525,11.2622,87.93
2018-01-31 07:03:00,1517382180.0,11.2623,11.2973,11.2528,11.2528,130.23
2018-01-31 07:04:00,1517382240.0,11.2564,11.2896,11.253,11.2568,121.26
2018-01-31 07:05:00,1517382300.0,11.2858,11.2859,11.2858,11.2859,304.2
2018-01-31 07:06:00,1517382360.0,11.2859,11.2861,11.2859,11.286,312.63
2018-01-31 07:07:00,1517382420.0,11.2859,11.286,11.2859,11.286,457.78
2018-01-31 07:08:00,1517382480.0,11.289,11.2902,11.2859,11.29,910.57
2018-01-31 07:09:00,1517382540.0,11.29,11.3013,11.29,11.2901,494.71
2018-01-31 07:10:00,1517382600.0,11.3013,11.3085,11.2901,11.2901,954.91
2018-01-31 07:11:00,1517382660.0,11.3086,11.3198,11.2901,11.3001,232.84
2018-01-31 07:12:00,1517382720.0,11.318,11.3198,11.3001,11.3178,93.27
2018-01-31 07:13:00,1517382780.0,11.3005,11.3198,11.3001,11.3002,212.85
2018-01-31 07:14:00,1517382840.0,11.3002,11.3038,11.3001,11.3038,199.64
2018-01-31 07:15:00,1517382900.0,11.3038,11.3282,11.3001,11.3282,646.72
2018-01-31 07:16:00,1517382960.0,11.3201,11.36,11.32,11.36,749.68
2018-01-31 07:17:00,1517383020.0,11.35,11.36,11.3305,11.3456,918.1
2018-01-31 07:18:00,1517383080.0,11.3599,11.381,11.3336,11.3386,502.28
2018-01-31 07:19:00,1517383140.0,11.339,11.385,11.3386,11.385,1579.18
2018-01-31 07:20:00,1517383200.0,11.385,11.3941,11.3401,11.3452,203.0
2018-01-31 07:21:00,1517383260.0,11.3454,11.3927,11.3454,11.3507,93.79
2018-01-31 07:22:00,1517383320.0,11.3627,11.3898,11.3509,11.3602,674.9
2018-01-31 07:23:00,1517383380.0,11.3603,11.3908,11.3601,11.379,734.13
2018-01-31 07:24:00,1517383440.0,11.3787,11.3787,11.3001,11.3001,2210.9
2018-01-31 07:25:00,1517383500.0,11.3036,11.3222,11.2901,11.3001,297.67
2018-01-31 07:26:00,1517383560.0,11.3001,11.301,11.2901,11.2901,340.29
2018-01-31 07:27:00,1517383620.0,11.2901,11.3,11.2901,11.2901,93.28
2018-01-31 07:28:00,1517383680.0,11.2901,11.3,11.2901,11.2901,331.11
2018-01-31 07:29:00,1517383740.0,11.2901,11.3,11.2701,11.2701,238.45
2018-01-31 07:30:00,1517383800.0,11.2703,11.2704,11.27,11.27,869.29
2018-01-31 07:31:00,1517383860.0,11.2701,11.2701,11.2569,11.2569,106.49
2018-01-31 07:32:00,1517383920.0,11.2569,11.2569,11.2526,11.2568,277.06
2018-01-31 07:33:00,1517383980.0,11.2526,11.2568,11.2247,11.2527,935.15
2018-01-31 07:34:00,1517384040.0,11.2247,11.2247,11.2247,11.2247,292.86
2018-01-31 07:35:00,1517384100.0,11.2246,11.2247,11.201,11.201,555.31
2018-01-31 07:36:00,1517384160.0,11.2245,11.2247,11.1961,11.2224,205.3
2018-01-31 07:37:00,1517384220.0,11.1961,11.1967,11.1961,11.1961,177.97
2018-01-31 07:38:00,1517384280.0,11.1961,11.2455,11.192,11.1926,293.26
2018-01-31 07:39:00,1517384340.0,11.193,11.2399,11.18,11.18,156.85
2018-01-31 07:40:00,1517384400.0,11.1843,11.2455,11.1601,11.2455,1116.64
2018-01-31 07:41:00,1517384460.0,11.2455,11.2486,11.2007,11.2111,150.99
2018-01-31 07:42:00,1517384520.0,11.2116,11.2573,11.2116,11.2572,86.47
2018-01-31 07:43:00,1517384580.0,11.2143,11.2572,11.2136,11.2148,1558.18
2018-01-31 07:44:00,1517384640.0,11.2149,11.2685,11.2148,11.2151,130.17
2018-01-31 07:45:00,1517384700.0,11.2155,11.2671,11.2148,11.2149,1727.87
2018-01-31 07:46:00,1517384760.0,11.2668,11.2899,11.2148,11.2293,270.89
2018-01-31 07:47:00,1517384820.0,11.2302,11.29,11.2302,11.235,173.95
2018-01-31 07:48:00,1517384880.0,11.28,11.28,11.2358,11.2799,125.81
2018-01-31 07:49:00,1517384940.0,11.2799,11.28,11.2799,11.2799,135.47
2018-01-31 07:50:00,1517385000.0,11.2799,11.3,11.2799,11.2814,314.36
2018-01-31 07:51:00,1517385060.0,11.2814,11.3011,11.2799,11.3011,519.25
2018-01-31 07:52:00,1517385120.0,11.3011,11.3599,11.2998,11.3499,4804.66
2018-01-31 07:53:00,1517385180.0,11.35,11.5,11.3498,11.3518,5663.71
2018-01-31 07:54:00,1517385240.0,11.3521,11.4338,11.3521,11.3538,182.5
2018-01-31 07:55:00,1517385300.0,11.3603,11.4218,11.36,11.3605,501.09
2018-01-31 07:56:00,1517385360.0,11.3605,11.3605,11.3538,11.3538,287.18
2018-01-31 07:57:00,1517385420.0,11.3539,11.3598,11.3074,11.3204,327.56
2018-01-31 07:58:00,1517385480.0,11.3537,11.3598,11.3166,11.3167,117.01
2018-01-31 07:59:00,1517385540.0,11.3167,11.3201,11.3166,11.3201,339.05
2018-01-31 08:00:00,1517385600.0,11.3204,11.5,11.3204,11.3276,1073.05
2018-01-31 08:01:00,1517385660.0,11.3662,11.4355,11.3377,11.434,387.06
2018-01-31 08:02:00,1517385720.0,11.3527,11.5,11.3526,11.491,993.52
2018-01-31 08:03:00,1517385780.0,11.4547,11.4992,11.4352,11.4503,295.21
2018-01-31 08:04:00,1517385840.0,11.4505,11.4849,11.4505,11.4512,311.0
2018-01-31 08:05:00,1517385900.0,11.4515,11.4747,11.4513,11.4533,1373.3
2018-01-31 08:06:00,1517385960.0,11.4533,11.4698,11.4513,11.4698,854.63
2018-01-31 08:07:00,1517386020.0,11.4698,11.47,11.4517,11.46,717.09
2018-01-31 08:08:00,1517386080.0,11.4646,11.487,11.4646,11.4736,152.99
2018-01-31 08:09:00,1517386140.0,11.4869,11.487,11.4737,11.4755,678.38
2018-01-31 08:10:00,1517386200.0,11.487,11.5,11.4734,11.4735,1009.51
2018-01-31 08:11:00,1517386260.0,11.4738,11.4738,11.4566,11.4566,1129.47
2018-01-31 08:12:00,1517386320.0,11.4566,11.4566,11.4101,11.4101,602.72
2018-01-31 08:13:00,1517386380.0,11.4101,11.4517,11.4016,11.4019,111.29
2018-01-31 08:14:00,1517386440.0,11.4101,11.45,11.4026,11.4077,386.37
2018-01-31 08:15:00,1517386500.0,11.4079,11.408,11.3,11.3511,2795.21
2018-01-31 08:16:00,1517386560.0,11.3599,11.4,11.352,11.353,166.74
2018-01-31 08:17:00,1517386620.0,11.3531,11.3694,11.3525,11.3549,683.86
2018-01-31 08:18:00,1517386680.0,11.3552,11.4,11.3552,11.3697,99.35
2018-01-31 08:19:00,1517386740.0,11.3697,11.39,11.3697,11.3753,217.3
2018-01-31 08:20:00,1517386800.0,11.3757,11.396,11.3757,11.3758,125.37
2018-01-31 08:21:00,1517386860.0,11.3808,11.3808,11.3758,11.376,120.37
2018-01-31 08:22:00,1517386920.0,11.376,11.3898,11.3697,11.3697,104.15
2018-01-31 08:23:00,1517386980.0,11.3697,11.3845,11.3697,11.3697,83.26
2018-01-31 08:24:00,1517387040.0,11.3699,11.4201,11.3694,11.3753,1143.54
2018-01-31 08:25:00,1517387100.0,11.3767,11.38,11.3767,11.38,133.65
2018-01-31 08:26:00,1517387160.0,11.3801,11.3899,11.3523,11.3899,847.36
2018-01-31 08:27:00,1517387220.0,11.3571,11.3676,11.3524,11.3525,121.09
2018-01-31 08:28:00,1517387280.0,11.3594,11.389,11.3522,11.3522,107.28
2018-01-31 08:29:00,1517387340.0,11.3621,11.4,11.3524,11.3889,493.51
2018-01-31 08:30:00,1517387400.0,11.4,11.421,11.3902,11.421,438.79
2018-01-31 08:31:00,1517387460.0,11.421,11.4439,11.3522,11.3751,492.35
2018-01-31 08:32:00,1517387520.0,11.3924,11.4419,11.3924,11.4079,623.76
2018-01-31 08:33:00,1517387580.0,11.4079,11.43,11.3618,11.365,92.31
2018-01-31 08:34:00,1517387640.0,11.369,11.415,11.3652,11.3663,86.48
2018-01-31 08:35:00,1517387700.0,11.3663,11.4238,11.366,11.3704,353.87
2018-01-31 08:36:00,1517387760.0,11.3712,11.418,11.3712,11.377,111.25
2018-01-31 08:37:00,1517387820.0,11.38,11.38,11.3652,11.3652,655.85
2018-01-31 08:38:00,1517387880.0,11.3653,11.371,11.3301,11.3303,967.43
2018-01-31 08:39:00,1517387940.0,11.3694,11.3694,11.31,11.3108,632.71
2018-01-31 08:40:00,1517388000.0,11.3109,11.3227,11.3107,11.3107,84.56
2018-01-31 08:41:00,1517388060.0,11.3107,11.3107,11.3,11.3,866.5
2018-01-31 08:42:00,1517388120.0,11.3,11.3,11.2286,11.2286,1607.1
2018-01-31 08:43:00,1517388180.0,11.2287,11.27,11.2217,11.2453,164.79
2018-01-31 08:44:00,1517388240.0,11.27,11.2999,11.2395,11.2999,183.76
2018-01-31 08:45:00,1517388300.0,11.2999,11.3064,11.2477,11.2518,137.83
2018-01-31 08:46:00,1517388360.0,11.2478,11.2799,11.2398,11.2398,516.02
2018-01-31 08:47:00,1517388420.0,11.2398,11.2597,11.21,11.21,1082.84
2018-01-31 08:48:00,1517388480.0,11.2148,11.2491,11.2011,11.2126,261.96
2018-01-31 08:49:00,1517388540.0,11.2091,11.238,11.2091,11.2091,123.58
2018-01-31 08:50:00,1517388600.0,11.2092,11.2379,11.2091,11.211,195.65
2018-01-31 08:51:00,1517388660.0,11.2137,11.2488,11.2092,11.2092,1304.58
2018-01-31 08:52:00,1517388720.0,11.2137,11.2333,11.2012,11.2091,85.26
2018-01-31 08:53:00,1517388780.0,11.2091,11.236,11.2082,11.2082,277.71
2018-01-31 08:54:00,1517388840.0,11.2083,11.2083,11.2012,11.2012,83.49
2018-01-31 08:55:00,1517388900.0,11.2013,11.2359,11.2012,11.2012,108.31
2018-01-31 08:56:00,1517388960.0,11.2013,11.2349,11.2012,11.2012,85.72
2018-01-31 08:57:00,1517389020.0,11.2013,11.24,11.2012,11.24,323.66
2018-01-31 08:58:00,1517389080.0,11.24,11.2412,11.2084,11.2201,105.45
2018-01-31 08:59:00,1517389140.0,11.248,11.2582,11.2201,11.25,1249.56
2018-01-31 09:00:00,1517389200.0,11.25,11.25,11.2291,11.2295,102.63
2018-01-31 09:01:00,1517389260.0,11.2649,11.2649,11.2297,11.2301,111.57
2018-01-31 09:02:00,1517389320.0,11.2598,11.2599,11.23,11.251,337.89
2018-01-31 09:03:00,1517389380.0,11.251,11.3708,11.2302,11.244,1117.41
2018-01-31 09:04:00,1517389440.0,11.2445,11.2467,11.2445,11.2455,472.01
2018-01-31 09:05:00,1517389500.0,11.2455,11.2455,11.2358,11.2358,470.92
2018-01-31 09:06:00,1517389560.0,11.2359,11.244,11.2356,11.236,401.21
2018-01-31 09:07:00,1517389620.0,11.236,11.2456,11.236,11.236,716.44
2018-01-31 09:08:00,1517389680.0,11.236,11.236,11.21,11.21,1363.86
2018-01-31 09:09:00,1517389740.0,11.2102,11.3666,11.21,11.2118,511.73
2018-01-31 09:10:00,1517389800.0,11.2118,11.2884,11.2118,11.2266,817.97
2018-01-31 09:11:00,1517389860.0,11.2281,11.2669,11.2281,11.2402,491.21
2018-01-31 09:12:00,1517389920.0,11.2401,11.2605,11.2266,11.2266,975.9
2018-01-31 09:13:00,1517389980.0,11.2266,11.2396,11.2266,11.2266,2010.79
2018-01-31 09:14:00,1517390040.0,11.2266,11.2798,11.2266,11.2798,1396.17
2018-01-31 09:15:00,1517390100.0,11.2269,11.2661,11.2266,11.2266,174.03
2018-01-31 09:16:00,1517390160.0,11.2267,11.2661,11.2266,11.2267,172.06
2018-01-31 09:17:00,1517390220.0,11.2267,11.2657,11.2267,11.2268,123.09
2018-01-31 09:18:00,1517390280.0,11.2268,11.2281,11.2017,11.2017,4175.87
2018-01-31 09:19:00,1517390340.0,11.2017,11.202,11.2017,11.2017,262.32
2018-01-31 09:20:00,1517390400.0,11.2017,11.2021,11.2017,11.202,341.67
2018-01-31 09:21:00,1517390460.0,11.202,11.2154,11.2017,11.2017,321.55
2018-01-31 09:22:00,1517390520.0,11.2017,11.2018,11.2017,11.2017,776.88
2018-01-31 09:23:00,1517390580.0,11.2017,11.2255,11.2,11.2255,798.13
2018-01-31 09:24:00,1517390640.0,11.2,11.2253,11.2,11.2006,724.63
2018-01-31 09:25:00,1517390700.0,11.2006,11.2006,11.1805,11.1805,579.55
2018-01-31 09:26:00,1517390760.0,11.1805,11.1805,11.17,11.17,184.76
2018-01-31 09:27:00,1517390820.0,11.17,11.2105,11.1618,11.1618,189.1
2018-01-31 09:28:00,1517390880.0,11.1618,11.2014,11.15,11.15,546.85
2018-01-31 09:29:00,1517390940.0,11.15,11.15,11.1458,11.1458,165.27
2018-01-31 09:30:00,1517391000.0,11.1458,11.1459,11.1458,11.1459,230.7
2018-01-31 09:31:00,1517391060.0,11.1459,11.1459,11.13,11.13,494.5
2018-01-31 09:32:00,1517391120.0,11.13,11.1325,11.111,11.111,220.96
2018-01-31 09:33:00,1517391180.0,11.111,11.111,11.1,11.1,252.76
2018-01-31 09:34:00,1517391240.0,11.1,11.11,11.0736,11.0736,751.41
2018-01-31 09:35:00,1517391300.0,11.0736,11.08,11.0736,11.0736,140.85
2018-01-31 09:36:00,1517391360.0,11.0738,11.0739,11.058,11.058,345.45
2018-01-31 09:37:00,1517391420.0,11.058,11.058,11.04,11.0575,852.07
2018-01-31 09:38:00,1517391480.0,11.0575,11.0577,11.04,11.0402,657.94
2018-01-31 09:39:00,1517391540.0,11.05,11.0673,11.04,11.0401,240.1
2018-01-31 09:40:00,1517391600.0,11.0401,11.1087,11.0401,11.1087,336.88
2018-01-31 09:41:00,1517391660.0,11.1087,11.1274,11.08,11.0848,221.15
2018-01-31 09:42:00,1517391720.0,11.1703,11.1923,11.0849,11.1033,94.39
2018-01-31 09:43:00,1517391780.0,11.192,11.192,11.1038,11.1041,100.44
2018-01-31 09:44:00,1517391840.0,11.1159,11.1688,11.1041,11.126,378.06
2018-01-31 09:45:00,1517391900.0,11.1644,11.1725,11.1262,11.1378,643.71
2018-01-31 09:46:00,1517391960.0,11.138,11.1692,11.138,11.1692,212.11
2018-01-31 09:47:00,1517392020.0,11.16,11.2158,11.16,11.2,387.75
2018-01-31 09:48:00,1517392080.0,11.2,11.2156,11.2,11.2002,1517.15
2018-01-31 09:49:00,1517392140.0,11.2002,11.2199,11.2002,11.2004,747.31
2018-01-31 09:50:00,1517392200.0,11.2158,11.2199,11.2003,11.2003,417.4
2018-01-31 09:51:00,1517392260.0,11.2004,11.23,11.2003,11.22,1363.23
2018-01-31 09:52:00,1517392320.0,11.23,11.23,11.2,11.201,406.81
2018-01-31 09:53:00,1517392380.0,11.2011,11.24,11.1849,11.1955,479.19
2018-01-31 09:54:00,1517392440.0,11.1957,11.1972,11.1846,11.186,84.16
2018-01-31 09:55:00,1517392500.0,11.1972,11.2199,11.19,11.19,130.14
2018-01-31 09:56:00,1517392560.0,11.19,11.2081,11.1692,11.1692,591.63
2018-01-31 09:57:00,1517392620.0,11.1692,11.1695,11.1488,11.1488,1345.95
2018-01-31 09:58:00,1517392680.0,11.1488,11.1488,11.1488,11.1488,119.99
2018-01-31 09:59:00,1517392740.0,11.1794,11.1834,11.1301,11.1359,608.05
2018-01-31 10:00:00,1517392800.0,11.18,11.2333,11.1389,11.1729,508.49
2018-01-31 10:01:00,1517392860.0,11.1789,11.2338,11.1789,11.21,428.3
2018-01-31 10:02:00,1517392920.0,11.24,11.267,11.2102,11.245,1590.63
2018-01-31 10:03:00,1517392980.0,11.267,11.3,11.216,11.2884,704.04
2018-01-31 10:04:00,1517393040.0,11.3,11.3112,11.2164,11.2164,819.17
2018-01-31 10:05:00,1517393100.0,11.2164,11.2984,11.2001,11.2188,420.75
2018-01-31 10:06:00,1517393160.0,11.2275,11.299,11.2275,11.2277,439.72
2018-01-31 10:07:00,1517393220.0,11.2805,11.2805,11.2188,11.2188,229.73
2018-01-31 10:08:00,1517393280.0,11.2188,11.3118,11.2188,11.239,810.81
2018-01-31 10:09:00,1517393340.0,11.2301,11.239,11.21,11.2103,395.88
2018-01-31 10:10:00,1517393400.0,11.2103,11.2535,11.201,11.2535,466.47
2018-01-31 10:11:00,1517393460.0,11.2063,11.2486,11.2011,11.2016,340.62
2018-01-31 10:12:00,1517393520.0,11.2016,11.2347,11.2016,11.2016,78.18
2018-01-31 10:13:00,1517393580.0,11.2016,11.2191,11.1712,11.1901,196.79
2018-01-31 10:14:00,1517393640.0,11.1951,11.241,11.1714,11.1738,316.14
2018-01-31 10:15:00,1517393700.0,11.1984,11.2665,11.1748,11.2292,87.67
2018-01-31 10:16:00,1517393760.0,11.2292,11.2665,11.2202,11.2556,147.05
2018-01-31 10:17:00,1517393820.0,11.2556,11.2556,11.1725,11.1827,161.44
2018-01-31 10:18:00,1517393880.0,11.1828,11.2283,11.1827,11.2,233.92
2018-01-31 10:19:00,1517393940.0,11.1837,11.219,11.1827,11.1827,486.34
2018-01-31 10:20:00,1517394000.0,11.184,11.2101,11.1828,11.1903,196.59
2018-01-31 10:21:00,1517394060.0,11.1904,11.2339,11.1903,11.195,156.7
2018-01-31 10:22:00,1517394120.0,11.1959,11.2275,11.1829,11.1829,404.52
2018-01-31 10:23:00,1517394180.0,11.183,11.1989,11.183,11.1989,237.0
2018-01-31 10:24:00,1517394240.0,11.2,11.2,11.1829,11.1829,270.55
2018-01-31 10:25:00,1517394300.0,11.183,11.1982,11.1828,11.183,148.3
2018-01-31 10:26:00,1517394360.0,11.183,11.25,11.183,11.25,714.57
2018-01-31 10:27:00,1517394420.0,11.2044,11.2431,11.1849,11.1849,434.03
2018-01-31 10:28:00,1517394480.0,11.185,11.2051,11.1849,11.19,481.36
2018-01-31 10:29:00,1517394540.0,11.2051,11.2171,11.19,11.2171,116.5
2018-01-31 10:30:00,1517394600.0,11.19,11.3,11.186,11.2145,1153.89
2018-01-31 10:31:00,1517394660.0,11.215,11.2591,11.215,11.2159,82.56
2018-01-31 10:32:00,1517394720.0,11.2161,11.2442,11.2161,11.2442,179.21
2018-01-31 10:33:00,1517394780.0,11.2446,11.2864,11.2446,11.251,99.18
2018-01-31 10:34:00,1517394840.0,11.2551,11.2787,11.2513,11.2513,825.98
2018-01-31 10:35:00,1517394900.0,11.2513,11.2647,11.2301,11.2431,121.44
2018-01-31 10:36:00,1517394960.0,11.2431,11.255,11.2206,11.255,266.09
2018-01-31 10:37:00,1517395020.0,11.221,11.2581,11.221,11.2581,313.01
2018-01-31 10:38:00,1517395080.0,11.2552,11.2553,11.2306,11.2306,122.32
2018-01-31 10:39:00,1517395140.0,11.2366,11.2552,11.2366,11.2483,90.53
2018-01-31 10:40:00,1517395200.0,11.2456,11.2651,11.2417,11.2651,261.21
2018-01-31 10:41:00,1517395260.0,11.2451,11.2501,11.2212,11.2212,259.22
2018-01-31 10:42:00,1517395320.0,11.2201,11.2201,11.2008,11.2008,709.09
2018-01-31 10:43:00,1517395380.0,11.2078,11.2078,11.2008,11.2008,133.73
2018-01-31 10:44:00,1517395440.0,11.2008,11.2043,11.2007,11.2007,245.68
2018-01-31 10:45:00,1517395500.0,11.2007,11.21,11.2004,11.2004,348.84
2018-01-31 10:46:00,1517395560.0,11.2004,11.2076,11.1695,11.2075,2441.2
2018-01-31 10:47:00,1517395620.0,11.2074,11.25,11.1695,11.1911,1468.6
2018-01-31 10:48:00,1517395680.0,11.2003,11.2319,11.1838,11.1838,91.47
2018-01-31 10:49:00,1517395740.0,11.1887,11.2299,11.1835,11.1838,84.32
2018-01-31 10:50:00,1517395800.0,11.1954,11.1955,11.1835,11.1835,82.32
2018-01-31 10:51:00,1517395860.0,11.1835,11.1835,11.1701,11.1835,435.89
2018-01-31 10:52:00,1517395920.0,11.1835,11.1835,11.1702,11.1706,107.8
2018-01-31 10:53:00,1517395980.0,11.1707,11.1766,11.1701,11.1766,108.75
2018-01-31 10:54:00,1517396040.0,11.1767,11.2099,11.1701,11.1701,166.77
2018-01-31 10:55:00,1517396100.0,11.1702,11.2099,11.17,11.17,212.85
2018-01-31 10:56:00,1517396160.0,11.172,11.21,11.1701,11.1814,181.95
2018-01-31 10:57:00,1517396220.0,11.1815,11.21,11.18,11.2049,216.69
2018-01-31 10:58:00,1517396280.0,11.205,11.205,11.17,11.1751,353.72
2018-01-31 10:59:00,1517396340.0,11.1751,11.1809,11.175,11.1809,424.95
2018-01-31 11:00:00,1517396400.0,11.1753,11.1753,11.17,11.17,82.32
2018-01-31 11:01:00,1517396460.0,11.17,11.1809,11.17,11.17,613.79
2018-01-31 11:02:00,1517396520.0,11.17,11.1809,11.1695,11.1696,278.62
2018-01-31 11:03:00,1517396580.0,11.1695,11.1696,11.1695,11.1695,211.56
2018-01-31 11:04:00,1517396640.0,11.1695,11.1695,11.1523,11.1523,276.73
2018-01-31 11:05:00,1517396700.0,11.1523,11.1589,11.1523,11.1523,142.56
2018-01-31 11:06:00,1517396760.0,11.1525,11.156,11.1523,11.1525,163.87
2018-01-31 11:07:00,1517396820.0,11.1524,11.1537,11.1523,11.1523,220.0
2018-01-31 11:08:00,1517396880.0,11.1523,11.1599,11.1523,11.1599,195.09
2018-01-31 11:09:00,1517396940.0,11.1695,11.1695,11.1322,11.1322,650.54
2018-01-31 11:10:00,1517397000.0,11.1322,11.1322,11.11,11.11,476.13
2018-01-31 11:11:00,1517397060.0,11.1066,11.1066,11.0695,11.0695,826.22
2018-01-31 11:12:00,1517397120.0,11.0695,11.0695,11.0671,11.0671,265.73
2018-01-31 11:13:00,1517397180.0,11.0616,11.1695,11.05,11.1695,1353.54
2018-01-31 11:14:00,1517397240.0,11.1002,11.1433,11.1002,11.106,93.7
2018-01-31 11:15:00,1517397300.0,11.1065,11.1299,11.1061,11.1061,84.67
2018-01-31 11:16:00,1517397360.0,11.1061,11.115,11.0901,11.0901,154.74
2018-01-31 11:17:00,1517397420.0,11.0901,11.0901,11.0507,11.0507,324.68
2018-01-31 11:18:00,1517397480.0,11.0507,11.0901,11.0505,11.0507,247.23
2018-01-31 11:19:00,1517397540.0,11.0508,11.085,11.0507,11.085,296.9
2018-01-31 11:20:00,1517397600.0,11.055,11.099,11.0534,11.099,176.48
2018-01-31 11:21:00,1517397660.0,11.075,11.099,11.065,11.065,88.96
2018-01-31 11:22:00,1517397720.0,11.065,11.123,11.0549,11.123,175.48
2018-01-31 11:23:00,1517397780.0,11.0767,11.114,11.0767,11.082,112.2
2018-01-31 11:24:00,1517397840.0,11.085,11.1168,11.0821,11.0822,84.32
2018-01-31 11:25:00,1517397900.0,11.0825,11.1099,11.0825,11.0825,153.86
2018-01-31 11:26:00,1517397960.0,11.0825,11.0887,11.0825,11.086,248.45
2018-01-31 11:27:00,1517398020.0,11.0827,11.0827,11.0826,11.0827,101.47
2018-01-31 11:28:00,1517398080.0,11.0827,11.0827,11.0825,11.0825,113.53
2018-01-31 11:29:00,1517398140.0,11.0825,11.0873,11.0825,11.0825,458.97
2018-01-31 11:30:00,1517398200.0,11.0826,11.0857,11.0825,11.0826,185.61
2018-01-31 11:31:00,1517398260.0,11.0826,11.0857,11.0825,11.0826,267.64
2018-01-31 11:32:00,1517398320.0,11.0827,11.086,11.0827,11.086,106.02
2018-01-31 11:33:00,1517398380.0,11.0861,11.1,11.0861,11.0875,119.67
2018-01-31 11:34:00,1517398440.0,11.1,11.1,11.0875,11.1,469.3
2018-01-31 11:35:00,1517398500.0,11.0882,11.1678,11.0882,11.1678,514.1
2018-01-31 11:36:00,1517398560.0,11.155,11.1815,11.15,11.1815,956.9
2018-01-31 11:37:00,1517398620.0,11.151,11.2,11.151,11.1641,287.33
2018-01-31 11:38:00,1517398680.0,11.1646,11.2174,11.1646,11.1875,1184.4
2018-01-31 11:39:00,1517398740.0,11.1806,11.2183,11.18,11.18,98.76
2018-01-31 11:40:00,1517398800.0,11.1801,11.2507,11.18,11.1992,493.79
2018-01-31 11:41:00,1517398860.0,11.1994,11.2498,11.1804,11.2008,376.34
2018-01-31 11:42:00,1517398920.0,11.2009,11.2377,11.2002,11.2368,224.18
2018-01-31 11:43:00,1517398980.0,11.2109,11.2549,11.2049,11.2549,1145.97
2018-01-31 11:44:00,1517399040.0,11.2507,11.2557,11.2359,11.2557,1553.49
2018-01-31 11:45:00,1517399100.0,11.2581,11.29,11.2557,11.2799,907.26
2018-01-31 11:46:00,1517399160.0,11.256,11.2797,11.256,11.2797,249.73
2018-01-31 11:47:00,1517399220.0,11.2797,11.28,11.2562,11.2797,686.21
2018-01-31 11:48:00,1517399280.0,11.2797,11.2797,11.2561,11.2561,783.75
2018-01-31 11:49:00,1517399340.0,11.2561,11.2681,11.2407,11.2407,182.76
2018-01-31 11:50:00,1517399400.0,11.2407,11.2622,11.225,11.225,187.82
2018-01-31 11:51:00,1517399460.0,11.225,11.225,11.207,11.2074,199.48
2018-01-31 11:52:00,1517399520.0,11.2075,11.234,11.207,11.2151,454.57
2018-01-31 11:53:00,1517399580.0,11.2149,11.2314,11.207,11.2313,158.0
2018-01-31 11:54:00,1517399640.0,11.2301,11.25,11.214,11.25,220.67
2018-01-31 11:55:00,1517399700.0,11.2568,11.2752,11.2178,11.2752,401.66
2018-01-31 11:56:00,1517399760.0,11.22,11.2256,11.2188,11.2255,82.38
2018-01-31 11:57:00,1517399820.0,11.2256,11.2678,11.2255,11.226,87.38
2018-01-31 11:58:00,1517399880.0,11.226,11.272,11.2258,11.235,288.13
2018-01-31 11:59:00,1517399940.0,11.2351,11.2646,11.2351,11.2353,240.84
2018-01-31 12:00:00,1517400000.0,11.2353,11.2546,11.235,11.2546,383.68
2018-01-31 12:01:00,1517400060.0,11.2352,11.2546,11.2352,11.2352,92.38
2018-01-31 12:02:00,1517400120.0,11.26,11.2628,11.2352,11.2374,569.2
2018-01-31 12:03:00,1517400180.0,11.2375,11.2628,11.2374,11.2628,516.36
2018-01-31 12:04:00,1517400240.0,11.24,11.2628,11.2374,11.2627,100.17
2018-01-31 12:05:00,1517400300.0,11.2628,11.27,11.24,11.2627,714.73
2018-01-31 12:06:00,1517400360.0,11.25,11.2627,11.25,11.2505,149.72
2018-01-31 12:07:00,1517400420.0,11.2505,11.2628,11.2505,11.2627,101.46
2018-01-31 12:08:00,1517400480.0,11.2625,11.272,11.2625,11.272,91.16
2018-01-31 12:09:00,1517400540.0,11.272,11.272,11.2625,11.2625,208.83
2018-01-31 12:10:00,1517400600.0,11.2625,11.2626,11.2505,11.2505,518.57
2018-01-31 12:11:00,1517400660.0,11.2505,11.2834,11.2505,11.2752,1587.96
2018-01-31 12:12:00,1517400720.0,11.2755,11.2755,11.2505,11.2505,1057.81
2018-01-31 12:13:00,1517400780.0,11.2505,11.2505,11.2505,11.2505,190.85
2018-01-31 12:14:00,1517400840.0,11.2505,11.26,11.2405,11.26,1147.23
2018-01-31 12:15:00,1517400900.0,11.2405,11.2505,11.24,11.2402,115.04
2018-01-31 12:16:00,1517400960.0,11.24,11.2402,11.235,11.235,178.13
2018-01-31 12:17:00,1517401020.0,11.2374,11.2374,11.2255,11.2255,82.49
2018-01-31 12:18:00,1517401080.0,11.2256,11.2256,11.2253,11.2255,338.34
2018-01-31 12:19:00,1517401140.0,11.2255,11.2255,11.2253,11.2253,660.55
2018-01-31 12:20:00,1517401200.0,11.2253,11.2255,11.2253,11.2253,248.17
2018-01-31 12:21:00,1517401260.0,11.2253,11.2255,11.2253,11.2253,143.96
2018-01-31 12:22:00,1517401320.0,11.2255,11.227,11.2178,11.2178,133.77
2018-01-31 12:23:00,1517401380.0,11.218,11.227,11.2178,11.227,147.63
2018-01-31 12:24:00,1517401440.0,11.227,11.2549,11.218,11.2182,178.58
2018-01-31 12:25:00,1517401500.0,11.2182,11.2505,11.2182,11.241,157.95
2018-01-31 12:26:00,1517401560.0,11.2182,11.241,11.2182,11.2409,83.54
2018-01-31 12:27:00,1517401620.0,11.2255,11.2495,11.22,11.2495,127.37
2018-01-31 12:28:00,1517401680.0,11.247,11.2541,11.22,11.2202,146.76
2018-01-31 12:29:00,1517401740.0,11.2205,11.2509,11.2203,11.2234,432.08
2018-01-31 12:30:00,1517401800.0,11.2236,11.2508,11.2236,11.2508,133.56
2018-01-31 12:31:00,1517401860.0,11.2509,11.26,11.249,11.26,384.36
2018-01-31 12:32:00,1517401920.0,11.249,11.2976,11.249,11.26,903.24
2018-01-31 12:33:00,1517401980.0,11.2877,11.2877,11.2501,11.2531,86.33
2018-01-31 12:34:00,1517402040.0,11.2531,11.26,11.2531,11.26,113.63
2018-01-31 12:35:00,1517402100.0,11.26,11.284,11.26,11.284,386.21
2018-01-31 12:36:00,1517402160.0,11.284,11.2915,11.284,11.2915,785.5
2018-01-31 12:37:00,1517402220.0,11.284,11.3,11.284,11.284,399.68
2018-01-31 12:38:00,1517402280.0,11.2999,11.3,11.2999,11.3,702.66
2018-01-31 12:39:00,1517402340.0,11.3,11.3035,11.2839,11.2839,2028.48
2018-01-31 12:40:00,1517402400.0,11.27,11.2787,11.27,11.27,165.65
2018-01-31 12:41:00,1517402460.0,11.27,11.2825,11.27,11.2825,203.52
2018-01-31 12:42:00,1517402520.0,11.2701,11.2837,11.2701,11.2701,205.15
2018-01-31 12:43:00,1517402580.0,11.2704,11.2903,11.2701,11.2893,145.85
2018-01-31 12:44:00,1517402640.0,11.2839,11.2915,11.2839,11.2893,172.15
2018-01-31 12:45:00,1517402700.0,11.2915,11.2915,11.2839,11.2839,284.19
2018-01-31 12:46:00,1517402760.0,11.28,11.3,11.2704,11.2999,1353.58
2018-01-31 12:47:00,1517402820.0,11.2999,11.2999,11.2709,11.2725,376.2
2018-01-31 12:48:00,1517402880.0,11.2725,11.3228,11.2725,11.3206,1283.62
2018-01-31 12:49:00,1517402940.0,11.301,11.301,11.298,11.301,238.84
2018-01-31 12:50:00,1517403000.0,11.2997,11.3,11.28,11.3,612.18
2018-01-31 12:51:00,1517403060.0,11.28,11.3,11.28,11.2804,117.43
2018-01-31 12:52:00,1517403120.0,11.301,11.3226,11.2806,11.3226,367.66
2018-01-31 12:53:00,1517403180.0,11.3226,11.35,11.3013,11.3456,583.51
2018-01-31 12:54:00,1517403240.0,11.3456,11.35,11.34,11.34,432.19
2018-01-31 12:55:00,1517403300.0,11.35,11.3551,11.34,11.35,1176.18
2018-01-31 12:56:00,1517403360.0,11.35,11.3538,11.35,11.35,180.85
2018-01-31 12:57:00,1517403420.0,11.35,11.3501,11.35,11.35,1380.83
2018-01-31 12:58:00,1517403480.0,11.35,11.3538,11.35,11.35,307.56
2018-01-31 12:59:00,1517403540.0,11.3538,11.366,11.35,11.3501,465.95
2018-01-31 13:00:00,1517403600.0,11.3501,11.3502,11.35,11.3501,475.14
2018-01-31 13:01:00,1517403660.0,11.3501,11.3546,11.3501,11.3537,256.87
2018-01-31 13:02:00,1517403720.0,11.3537,11.3547,11.3519,11.3539,122.5
2018-01-31 13:03:00,1517403780.0,11.352,11.352,11.28,11.28,2537.33
2018-01-31 13:04:00,1517403840.0,11.2818,11.2819,11.2818,11.2818,292.84
2018-01-31 13:05:00,1517403900.0,11.2818,11.2819,11.2818,11.2819,509.3
2018-01-31 13:06:00,1517403960.0,11.2819,11.3,11.2819,11.2821,166.19
2018-01-31 13:07:00,1517404020.0,11.2822,11.3001,11.282,11.2822,193.39
2018-01-31 13:08:00,1517404080.0,11.2823,11.3071,11.282,11.282,155.31
2018-01-31 13:09:00,1517404140.0,11.282,11.325,11.282,11.3051,210.61
2018-01-31 13:10:00,1517404200.0,11.325,11.3294,11.3053,11.3062,183.11
2018-01-31 13:11:00,1517404260.0,11.327,11.327,11.3064,11.309,113.38
2018-01-31 13:12:00,1517404320.0,11.3092,11.31,11.3088,11.3088,170.86
2018-01-31 13:13:00,1517404380.0,11.3088,11.3088,11.3088,11.3088,112.56
2018-01-31 13:14:00,1517404440.0,11.3088,11.3167,11.3067,11.3088,130.63
2018-01-31 13:15:00,1517404500.0,11.3088,11.3105,11.3088,11.3088,117.33
2018-01-31 13:16:00,1517404560.0,11.3088,11.3089,11.3088,11.3088,683.78
2018-01-31 13:17:00,1517404620.0,11.3088,11.315,11.3088,11.3089,742.65
2018-01-31 13:18:00,1517404680.0,11.3089,11.3265,11.3089,11.3152,399.88
2018-01-31 13:19:00,1517404740.0,11.3253,11.3297,11.315,11.315,192.31
2018-01-31 13:20:00,1517404800.0,11.3297,11.3483,11.3156,11.335,159.48
2018-01-31 13:21:00,1517404860.0,11.3383,11.3475,11.335,11.3464,219.12
2018-01-31 13:22:00,1517404920.0,11.3463,11.3463,11.335,11.335,98.13
2018-01-31 13:23:00,1517404980.0,11.3352,11.3443,11.335,11.3351,359.99
2018-01-31 13:24:00,1517405040.0,11.3352,11.3397,11.315,11.315,164.77
2018-01-31 13:25:00,1517405100.0,11.3152,11.3397,11.315,11.315,143.04
2018-01-31 13:26:00,1517405160.0,11.315,11.33,11.315,11.315,1092.18
2018-01-31 13:27:00,1517405220.0,11.315,11.3268,11.292,11.292,1302.52
2018-01-31 13:28:00,1517405280.0,11.2821,11.2997,11.282,11.2821,105.58
2018-01-31 13:29:00,1517405340.0,11.2822,11.2999,11.2821,11.2824,467.48
2018-01-31 13:30:00,1517405400.0,11.2824,11.299,11.2824,11.299,271.63
2018-01-31 13:31:00,1517405460.0,11.2989,11.2996,11.2825,11.2996,1508.36
2018-01-31 13:32:00,1517405520.0,11.2996,11.2999,11.2827,11.283,143.43
2018-01-31 13:33:00,1517405580.0,11.2832,11.2944,11.283,11.283,143.04
2018-01-31 13:34:00,1517405640.0,11.283,11.283,11.28,11.2801,1332.26
2018-01-31 13:35:00,1517405700.0,11.2801,11.2801,11.25,11.25,1893.9
2018-01-31 13:36:00,1517405760.0,11.25,11.25,11.2301,11.2301,840.59
2018-01-31 13:37:00,1517405820.0,11.2301,11.2301,11.2268,11.2268,303.95
2018-01-31 13:38:00,1517405880.0,11.2269,11.2494,11.2268,11.2494,326.08
2018-01-31 13:39:00,1517405940.0,11.2448,11.2495,11.2448,11.245,136.26
2018-01-31 13:40:00,1517406000.0,11.2495,11.25,11.245,11.2484,1185.83
2018-01-31 13:41:00,1517406060.0,11.2452,11.2481,11.2268,11.2268,1861.69
2018-01-31 13:42:00,1517406120.0,11.2401,11.2401,11.2178,11.2178,530.2
2018-01-31 13:43:00,1517406180.0,11.2178,11.2199,11.1537,11.1601,1571.56
2018-01-31 13:44:00,1517406240.0,11.161,11.2,11.1538,11.1539,2887.94
2018-01-31 13:45:00,1517406300.0,11.16,11.199,11.16,11.19,96.44
2018-01-31 13:46:00,1517406360.0,11.161,11.2,11.1609,11.17,283.03
2018-01-31 13:47:00,1517406420.0,11.1701,11.1707,11.17,11.1707,203.29
2018-01-31 13:48:00,1517406480.0,11.1707,11.198,11.1706,11.1973,421.02
2018-01-31 13:49:00,1517406540.0,11.1714,11.1915,11.1714,11.172,565.32
2018-01-31 13:50:00,1517406600.0,11.1726,11.198,11.1726,11.1751,241.99
2018-01-31 13:51:00,1517406660.0,11.18,11.1979,11.16,11.16,1853.79
2018-01-31 13:52:00,1517406720.0,11.16,11.1622,11.13,11.13,1464.21
2018-01-31 13:53:00,1517406780.0,11.13,11.1432,11.11,11.11,565.47
2018-01-31 13:54:00,1517406840.0,11.11,11.1219,11.1,11.11,450.43
2018-01-31 13:55:00,1517406900.0,11.11,11.14,11.1,11.14,1174.86
2018-01-31 13:56:00,1517406960.0,11.135,11.1534,11.135,11.135,214.96
2018-01-31 13:57:00,1517407020.0,11.135,11.1402,11.135,11.14,117.57
2018-01-31 13:58:00,1517407080.0,11.14,11.1598,11.1002,11.101,452.94
2018-01-31 13:59:00,1517407140.0,11.1302,11.1302,11.0901,11.1,813.67
2018-01-31 14:00:00,1517407200.0,11.0902,11.1,11.053,11.053,1969.08
2018-01-31 14:01:00,1517407260.0,11.0997,11.1,11.0532,11.1,784.29
2018-01-31 14:02:00,1517407320.0,11.1,11.1,11.0802,11.1,3932.76
2018-01-31 14:03:00,1517407380.0,11.1001,11.12,11.0998,11.1,408.41
2018-01-31 14:04:00,1517407440.0,11.11,11.11,11.1,11.1001,285.39
2018-01-31 14:05:00,1517407500.0,11.1001,11.109,11.055,11.1002,580.71
2018-01-31 14:06:00,1517407560.0,11.1056,11.1085,11.1002,11.1081,275.32
2018-01-31 14:07:00,1517407620.0,11.1081,11.1496,11.1081,11.1124,478.0
2018-01-31 14:08:00,1517407680.0,11.116,11.1448,11.116,11.1438,234.08
2018-01-31 14:09:00,1517407740.0,11.1201,11.143,11.1201,11.1428,158.98
2018-01-31 14:10:00,1517407800.0,11.1428,11.1499,11.1251,11.126,404.21
2018-01-31 14:11:00,1517407860.0,11.126,11.1414,11.126,11.1412,199.84
2018-01-31 14:12:00,1517407920.0,11.1412,11.1412,11.126,11.126,630.3
2018-01-31 14:13:00,1517407980.0,11.126,11.143,11.126,11.126,155.91
2018-01-31 14:14:00,1517408040.0,11.126,11.126,11.123,11.123,97.53
2018-01-31 14:15:00,1517408100.0,11.1239,11.1258,11.0576,11.1258,429.06
2018-01-31 14:16:00,1517408160.0,11.0831,11.1384,11.0591,11.0591,83.61
2018-01-31 14:17:00,1517408220.0,11.1,11.1299,11.0678,11.1299,206.08
2018-01-31 14:18:00,1517408280.0,11.07,11.13,11.068,11.1194,195.33
2018-01-31 14:19:00,1517408340.0,11.1194,11.1428,11.0722,11.0722,197.02
2018-01-31 14:20:00,1517408400.0,11.0731,11.1194,11.0731,11.0851,181.84
2018-01-31 14:21:00,1517408460.0,11.0855,11.1214,11.0855,11.1214,83.56
2018-01-31 14:22:00,1517408520.0,11.0911,11.1198,11.091,11.0912,425.78
2018-01-31 14:23:00,1517408580.0,11.0912,11.0912,11.0571,11.0576,1032.21
2018-01-31 14:24:00,1517408640.0,11.0576,11.058,11.053,11.053,1155.91
2018-01-31 14:25:00,1517408700.0,11.0528,11.0528,11.0,11.0,3729.99
2018-01-31 14:26:00,1517408760.0,11.0011,11.0491,11.0011,11.0024,429.03
2018-01-31 14:27:00,1517408820.0,11.0323,11.0448,11.0024,11.004,553.96
2018-01-31 14:28:00,1517408880.0,11.0298,11.0298,11.004,11.0054,712.22
2018-01-31 14:29:00,1517408940.0,11.029,11.06,11.0058,11.0111,701.2
2018-01-31 14:30:00,1517409000.0,11.0458,11.0744,11.0124,11.021,1061.69
2018-01-31 14:31:00,1517409060.0,11.0202,11.0291,11.019,11.0201,147.86
2018-01-31 14:32:00,1517409120.0,11.0211,11.026,11.019,11.0208,303.42
2018-01-31 14:33:00,1517409180.0,11.0208,11.0288,11.01,11.0265,553.6
2018-01-31 14:34:00,1517409240.0,11.03,11.0359,11.0265,11.0266,480.11
2018-01-31 14:35:00,1517409300.0,11.0267,11.1231,11.0267,11.0324,950.84
2018-01-31 14:36:00,1517409360.0,11.0982,11.0982,11.0322,11.0322,828.68
2018-01-31 14:37:00,1517409420.0,11.0325,11.0564,11.01,11.0266,797.22
2018-01-31 14:38:00,1517409480.0,11.01,11.01,11.0,11.0,9019.59
2018-01-31 14:39:00,1517409540.0,11.0,11.0001,10.981,10.981,1351.04
2018-01-31 14:40:00,1517409600.0,10.9851,10.9851,10.981,10.981,545.73
2018-01-31 14:41:00,1517409660.0,10.9831,10.9831,10.95,10.9575,190.04
2018-01-31 14:42:00,1517409720.0,10.9575,10.9832,10.9575,10.9599,220.6
2018-01-31 14:43:00,1517409780.0,10.9805,11.0084,10.9501,10.9501,655.97
2018-01-31 14:44:00,1517409840.0,10.9501,10.9501,10.9302,10.9302,206.62
2018-01-31 14:45:00,1517409900.0,10.9302,10.9302,10.89,10.89,1399.48
2018-01-31 14:46:00,1517409960.0,10.89,10.8901,10.85,10.85,1420.19
2018-01-31 14:47:00,1517410020.0,10.8491,10.9241,10.83,10.9241,802.51
2018-01-31 14:48:00,1517410080.0,10.9241,10.9352,10.83,10.8303,1154.03
2018-01-31 14:49:00,1517410140.0,10.8694,10.8696,10.8304,10.8694,1258.38
2018-01-31 14:50:00,1517410200.0,10.8694,10.8694,10.8501,10.8503,196.99
2018-01-31 14:51:00,1517410260.0,10.8768,10.8768,10.85,10.85,514.02
2018-01-31 14:52:00,1517410320.0,10.8401,10.8699,10.8151,10.8151,442.68
2018-01-31 14:53:00,1517410380.0,10.8298,10.83,10.8,10.8,2391.1
2018-01-31 14:54:00,1517410440.0,10.8008,10.8008,10.7538,10.7795,1606.51
2018-01-31 14:55:00,1517410500.0,10.7795,10.8449,10.7538,10.7926,1416.02
2018-01-31 14:56:00,1517410560.0,10.7947,10.8291,10.7945,10.8194,1200.03
2018-01-31 14:57:00,1517410620.0,10.8194,10.8204,10.8191,10.8201,1492.22
2018-01-31 14:58:00,1517410680.0,10.8201,10.8658,10.8201,10.8297,899.53
2018-01-31 14:59:00,1517410740.0,10.8356,11.0267,10.8297,10.8315,1183.76
2018-01-31 15:00:00,1517410800.0,10.8501,10.8599,10.8324,10.8324,716.28
2018-01-31 15:01:00,1517410860.0,10.835,10.8515,10.8014,10.8014,1114.62
2018-01-31 15:02:00,1517410920.0,10.8323,10.833,10.8006,10.8006,571.36
2018-01-31 15:03:00,1517410980.0,10.8006,10.8289,10.79,10.825,830.19
2018-01-31 15:04:00,1517411040.0,10.8234,10.8497,10.8234,10.84,578.8
2018-01-31 15:05:00,1517411100.0,10.8494,10.89,10.8494,10.8662,652.09
2018-01-31 15:06:00,1517411160.0,10.8662,10.8666,10.8598,10.8598,1334.05
2018-01-31 15:07:00,1517411220.0,10.8601,10.8601,10.8598,10.8598,1245.26
2018-01-31 15:08:00,1517411280.0,10.8601,10.8601,10.84,10.84,291.34
2018-01-31 15:09:00,1517411340.0,10.8401,10.8896,10.84,10.842,529.45
2018-01-31 15:10:00,1517411400.0,10.8712,10.89,10.8678,10.89,934.98
2018-01-31 15:11:00,1517411460.0,10.8898,10.9142,10.7958,10.81,4284.09
2018-01-31 15:12:00,1517411520.0,10.8086,10.825,10.8,10.8241,747.85
2018-01-31 15:13:00,1517411580.0,10.8201,10.825,10.751,10.76,2293.67
2018-01-31 15:14:00,1517411640.0,10.7601,10.7872,10.751,10.7525,2310.37
2018-01-31 15:15:00,1517411700.0,10.7531,10.754,10.7531,10.7533,44.08
2018-01-31 15:16:00,1517411760.0,10.767,10.767,10.699,10.7,4385.15
2018-01-31 15:17:00,1517411820.0,10.7,10.7101,10.6867,10.6869,1000.45
2018-01-31 15:18:00,1517411880.0,10.6868,10.7003,10.6867,10.7,434.58
2018-01-31 15:19:00,1517411940.0,10.6868,10.7507,10.6867,10.7507,541.97
2018-01-31 15:20:00,1517412000.0,10.735,10.7846,10.7338,10.7841,1516.21
2018-01-31 15:21:00,1517412060.0,10.7838,10.8148,10.7838,10.8079,2321.83
2018-01-31 15:22:00,1517412120.0,10.8079,10.8201,10.8066,10.8066,212.21
2018-01-31 15:23:00,1517412180.0,10.8,10.8066,10.8,10.8065,671.61
2018-01-31 15:24:00,1517412240.0,10.8065,10.8251,10.8065,10.825,596.69
2018-01-31 15:25:00,1517412300.0,10.8376,10.84,10.8251,10.84,158.14
2018-01-31 15:26:00,1517412360.0,10.838,10.8799,10.838,10.849,5012.36
2018-01-31 15:27:00,1517412420.0,10.8691,10.8691,10.849,10.8603,306.67
2018-01-31 15:28:00,1517412480.0,10.8603,10.8668,10.8491,10.8491,4935.08
2018-01-31 15:29:00,1517412540.0,10.8491,10.8598,10.8202,10.8561,445.45
2018-01-31 15:30:00,1517412600.0,10.8562,10.8595,10.8561,10.8561,207.54
2018-01-31 15:31:00,1517412660.0,10.8561,10.8722,10.856,10.8601,548.85
2018-01-31 15:32:00,1517412720.0,10.8718,10.8821,10.8718,10.8821,1039.73
2018-01-31 15:33:00,1517412780.0,10.886,10.9362,10.886,10.9048,136.76
2018-01-31 15:34:00,1517412840.0,10.9048,10.9249,10.9014,10.9014,265.69
2018-01-31 15:35:00,1517412900.0,10.9049,10.9363,10.8801,10.93,820.61
2018-01-31 15:36:00,1517412960.0,10.93,10.93,10.8818,10.91,579.26
2018-01-31 15:37:00,1517413020.0,10.9094,10.9284,10.9094,10.9284,82.76
2018-01-31 15:38:00,1517413080.0,10.9281,10.9284,10.9,10.925,198.75
2018-01-31 15:39:00,1517413140.0,10.9012,10.9252,10.8888,10.8888,1007.7
2018-01-31 15:40:00,1517413200.0,10.8888,10.913,10.8881,10.9128,451.24
2018-01-31 15:41:00,1517413260.0,10.9123,10.9128,10.872,10.872,876.97
2018-01-31 15:42:00,1517413320.0,10.8719,10.8719,10.8574,10.8574,191.18
2018-01-31 15:43:00,1517413380.0,10.8656,10.9097,10.8579,10.858,282.64
2018-01-31 15:44:00,1517413440.0,10.858,10.8837,10.858,10.88,40.51
2018-01-31 15:45:00,1517413500.0,10.8787,10.88,10.8588,10.8588,237.66
2018-01-31 15:46:00,1517413560.0,10.8588,10.8588,10.8201,10.8201,867.39
2018-01-31 15:47:00,1517413620.0,10.8202,10.85,10.8201,10.85,800.5
2018-01-31 15:48:00,1517413680.0,10.8499,10.8588,10.8438,10.8588,601.24
2018-01-31 15:49:00,1517413740.0,10.8588,10.8588,10.8588,10.8588,11.73
2018-01-31 15:50:00,1517413800.0,10.8576,10.8588,10.8204,10.8212,138.88
2018-01-31 15:51:00,1517413860.0,10.8221,10.8227,10.8201,10.8201,1013.5
2018-01-31 15:52:00,1517413920.0,10.8193,10.8193,10.8068,10.8068,17.31
2018-01-31 15:53:00,1517413980.0,10.8068,10.8068,10.7501,10.8065,2041.47
2018-01-31 15:54:00,1517414040.0,10.7996,10.7996,10.78,10.78,52.34
2018-01-31 15:55:00,1517414100.0,10.78,10.78,10.7651,10.7799,160.6
2018-01-31 15:56:00,1517414160.0,10.7799,10.7996,10.7799,10.7996,60.8
2018-01-31 15:57:00,1517414220.0,10.7995,10.83,10.7995,10.8159,884.76
2018-01-31 15:58:00,1517414280.0,10.8169,10.8169,10.8159,10.8161,157.4
2018-01-31 15:59:00,1517414340.0,10.816,10.816,10.816,10.816,57.36
2018-01-31 16:00:00,1517414400.0,10.8161,10.8168,10.816,10.8167,53.67
2018-01-31 16:01:00,1517414460.0,10.8168,10.8168,10.816,10.816,251.54
2018-01-31 16:02:00,1517414520.0,10.816,10.816,10.7971,10.7971,278.23
2018-01-31 16:03:00,1517414580.0,10.78,10.7968,10.7798,10.78,577.46
2018-01-31 16:04:00,1517414640.0,10.7801,10.7801,10.78,10.78,316.1
2018-01-31 16:05:00,1517414700.0,10.7798,10.7798,10.7509,10.7509,236.38
2018-01-31 16:06:00,1517414760.0,10.751,10.751,10.7461,10.7464,657.11
2018-01-31 16:07:00,1517414820.0,10.7464,10.7464,10.7051,10.7051,2554.63
2018-01-31 16:08:00,1517414880.0,10.7056,10.7056,10.7014,10.7015,1128.67
2018-01-31 16:09:00,1517414940.0,10.7011,10.7011,10.69,10.69,1126.41
2018-01-31 16:10:00,1517415000.0,10.6899,10.6899,10.6682,10.6682,1342.96
2018-01-31 16:11:00,1517415060.0,10.67,10.67,10.6,10.6,3171.96
2018-01-31 16:12:00,1517415120.0,10.6,10.6,10.58,10.6,5259.28
2018-01-31 16:13:00,1517415180.0,10.5999,10.6006,10.5999,10.6006,1755.15
2018-01-31 16:14:00,1517415240.0,10.6006,10.6663,10.6006,10.6201,700.91
2018-01-31 16:15:00,1517415300.0,10.62,10.6222,10.6,10.6,1642.84
2018-01-31 16:16:00,1517415360.0,10.5904,10.5992,10.553,10.5542,1202.9
2018-01-31 16:17:00,1517415420.0,10.5542,10.6179,10.553,10.59,1083.07
2018-01-31 16:18:00,1517415480.0,10.5622,10.6179,10.5622,10.6179,331.13
2018-01-31 16:19:00,1517415540.0,10.6002,10.6228,10.5905,10.6228,4042.11
2018-01-31 16:20:00,1517415600.0,10.6228,10.6849,10.6228,10.6234,1952.71
2018-01-31 16:21:00,1517415660.0,10.6236,10.6244,10.617,10.6234,1151.32
2018-01-31 16:22:00,1517415720.0,10.6227,10.6671,10.6227,10.63,172.61
2018-01-31 16:23:00,1517415780.0,10.6326,10.6508,10.62,10.6234,1138.82
2018-01-31 16:24:00,1517415840.0,10.62,10.62,10.5725,10.6058,677.27
2018-01-31 16:25:00,1517415900.0,10.5731,10.62,10.573,10.62,688.81
2018-01-31 16:26:00,1517415960.0,10.62,10.6449,10.6188,10.62,693.05
2018-01-31 16:27:00,1517416020.0,10.6202,10.6258,10.59,10.62,987.18
2018-01-31 16:28:00,1517416080.0,10.5901,10.6162,10.5901,10.6099,26.66
2018-01-31 16:29:00,1517416140.0,10.6099,10.6449,10.597,10.6449,278.78
2018-01-31 16:30:00,1517416200.0,10.6448,10.65,10.6446,10.65,618.17
2018-01-31 16:31:00,1517416260.0,10.6506,10.6671,10.65,10.66,1091.14
2018-01-31 16:32:00,1517416320.0,10.6595,10.6671,10.645,10.6668,474.88
2018-01-31 16:33:00,1517416380.0,10.6666,10.7,10.6665,10.7,610.0
2018-01-31 16:34:00,1517416440.0,10.7454,10.75,10.7109,10.72,3692.91
2018-01-31 16:35:00,1517416500.0,10.72,10.75,10.7199,10.7203,1688.76
2018-01-31 16:36:00,1517416560.0,10.7207,10.7396,10.7,10.7068,1464.52
2018-01-31 16:37:00,1517416620.0,10.6833,10.6833,10.6683,10.68,1077.86
2018-01-31 16:38:00,1517416680.0,10.68,10.7428,10.68,10.7085,1520.64
2018-01-31 16:39:00,1517416740.0,10.7087,10.8167,10.6816,10.6817,2363.56
2018-01-31 16:40:00,1517416800.0,10.6824,10.7199,10.6802,10.7075,694.73
2018-01-31 16:41:00,1517416860.0,10.7074,10.722,10.7074,10.722,350.18
2018-01-31 16:42:00,1517416920.0,10.7739,10.7739,10.71,10.7114,927.43
2018-01-31 16:43:00,1517416980.0,10.7114,10.7364,10.7114,10.7338,168.69
2018-01-31 16:44:00,1517417040.0,10.7338,10.749,10.7332,10.7332,283.33
2018-01-31 16:45:00,1517417100.0,10.7327,10.7327,10.71,10.71,1279.27
2018-01-31 16:46:00,1517417160.0,10.7282,10.7283,10.71,10.7279,80.16
2018-01-31 16:47:00,1517417220.0,10.7277,10.7277,10.71,10.71,967.32
2018-01-31 16:48:00,1517417280.0,10.71,10.71,10.71,10.71,674.22
2018-01-31 16:49:00,1517417340.0,10.7101,10.7333,10.7101,10.7101,115.51
2018-01-31 16:50:00,1517417400.0,10.7333,10.7333,10.7333,10.7333,208.75
2018-01-31 16:51:00,1517417460.0,10.75,10.75,10.7333,10.75,167.31
2018-01-31 16:52:00,1517417520.0,10.7498,10.7502,10.74,10.7502,297.62
2018-01-31 16:53:00,1517417580.0,10.75,10.7501,10.749,10.749,1833.47
2018-01-31 16:54:00,1517417640.0,10.7693,10.7738,10.749,10.7738,892.68
2018-01-31 16:55:00,1517417700.0,10.7737,10.8201,10.7737,10.81,389.17
2018-01-31 16:56:00,1517417760.0,10.81,10.8238,10.81,10.82,1006.66
2018-01-31 16:57:00,1517417820.0,10.82,10.82,10.79,10.7936,883.82
2018-01-31 16:58:00,1517417880.0,10.7936,10.82,10.7917,10.7917,1696.13
2018-01-31 16:59:00,1517417940.0,10.7928,10.813,10.7928,10.7931,102.46
2018-01-31 17:00:00,1517418000.0,10.8112,10.8297,10.8112,10.8295,115.04
2018-01-31 17:01:00,1517418060.0,10.828,10.8296,10.8153,10.8294,218.89
2018-01-31 17:02:00,1517418120.0,10.8296,10.8296,10.8294,10.8296,33.17
2018-01-31 17:03:00,1517418180.0,10.8296,10.85,10.8295,10.8498,213.78
2018-01-31 17:04:00,1517418240.0,10.8298,10.83,10.7931,10.7936,1086.05
2018-01-31 17:05:00,1517418300.0,10.8259,10.8295,10.7988,10.7988,257.87
2018-01-31 17:06:00,1517418360.0,10.829,10.829,10.8286,10.8287,12.49
2018-01-31 17:07:00,1517418420.0,10.8286,10.8286,10.7943,10.7943,376.13
2018-01-31 17:08:00,1517418480.0,10.7943,10.7943,10.7498,10.75,1203.15
2018-01-31 17:09:00,1517418540.0,10.75,10.794,10.7498,10.78,125.96
2018-01-31 17:10:00,1517418600.0,10.78,10.95,10.77,10.7992,2515.8
2018-01-31 17:11:00,1517418660.0,10.7989,10.8369,10.7932,10.7934,469.18
2018-01-31 17:12:00,1517418720.0,10.7933,10.7934,10.793,10.7934,173.5
2018-01-31 17:13:00,1517418780.0,10.7934,10.7935,10.7932,10.7932,95.95
2018-01-31 17:14:00,1517418840.0,10.7932,10.7932,10.7931,10.7932,157.55
2018-01-31 17:15:00,1517418900.0,10.7932,10.7934,10.7932,10.7933,299.41
2018-01-31 17:16:00,1517418960.0,10.8055,10.8302,10.8055,10.83,362.56
2018-01-31 17:17:00,1517419020.0,10.8312,10.8383,10.8001,10.8202,671.8
2018-01-31 17:18:00,1517419080.0,10.8202,10.8304,10.8001,10.8302,319.95
2018-01-31 17:19:00,1517419140.0,10.8302,10.8345,10.8302,10.8302,843.45
2018-01-31 17:20:00,1517419200.0,10.8334,10.8374,10.8334,10.8337,159.69
2018-01-31 17:21:00,1517419260.0,10.8357,10.8384,10.8357,10.8383,627.14
2018-01-31 17:22:00,1517419320.0,10.836,10.836,10.834,10.834,225.13
2018-01-31 17:23:00,1517419380.0,10.8337,10.8572,10.8337,10.8572,964.28
2018-01-31 17:24:00,1517419440.0,10.8522,10.8522,10.8338,10.8449,224.89
2018-01-31 17:25:00,1517419500.0,10.857,10.879,10.84,10.879,1386.45
2018-01-31 17:26:00,1517419560.0,10.8601,10.8959,10.8453,10.8603,364.08
2018-01-31 17:27:00,1517419620.0,10.8956,10.8957,10.8947,10.8947,40.27
2018-01-31 17:28:00,1517419680.0,10.875,10.876,10.875,10.875,337.17
2018-01-31 17:29:00,1517419740.0,10.875,10.894,10.84,10.8757,1543.61
2018-01-31 17:30:00,1517419800.0,10.8755,10.8755,10.8404,10.8404,217.07
2018-01-31 17:31:00,1517419860.0,10.8404,10.875,10.8404,10.8451,87.38
2018-01-31 17:32:00,1517419920.0,10.8745,10.8745,10.8745,10.8745,24.72
2018-01-31 17:33:00,1517419980.0,10.8888,10.8896,10.885,10.885,490.03
2018-01-31 17:34:00,1517420040.0,10.8896,10.9033,10.8896,10.9033,1381.9
2018-01-31 17:35:00,1517420100.0,10.9043,10.9868,10.9043,10.93,1088.73
2018-01-31 17:36:00,1517420160.0,10.944,10.95,10.93,10.95,639.18
2018-01-31 17:37:00,1517420220.0,10.95,10.9502,10.915,10.944,687.42
2018-01-31 17:38:00,1517420280.0,10.9443,10.9443,10.9205,10.9382,205.96
2018-01-31 17:39:00,1517420340.0,10.9208,10.9373,10.9102,10.9373,110.17
2018-01-31 17:40:00,1517420400.0,10.9375,10.9375,10.9102,10.9102,265.51
2018-01-31 17:41:00,1517420460.0,10.9118,10.9118,10.9102,10.9104,130.35
2018-01-31 17:42:00,1517420520.0,10.92,10.9303,10.91,10.91,1261.12
2018-01-31 17:43:00,1517420580.0,10.91,10.91,10.87,10.8999,2203.56
2018-01-31 17:44:00,1517420640.0,10.8999,10.8999,10.8686,10.8949,217.51
2018-01-31 17:45:00,1517420700.0,10.8733,10.895,10.8731,10.8731,297.21
2018-01-31 17:46:00,1517420760.0,10.8748,10.879,10.87,10.87,1759.02
2018-01-31 17:47:00,1517420820.0,10.87,10.8731,10.87,10.8701,46.88
2018-01-31 17:48:00,1517420880.0,10.8701,10.8701,10.8398,10.84,1018.37
2018-01-31 17:49:00,1517420940.0,10.8339,10.86,10.8338,10.86,1033.51
2018-01-31 17:50:00,1517421000.0,10.87,10.8701,10.8699,10.8701,77.02
2018-01-31 17:51:00,1517421060.0,10.888,10.8998,10.8702,10.8989,221.78
2018-01-31 17:52:00,1517421120.0,10.8987,10.9251,10.8987,10.9251,407.79
2018-01-31 17:53:00,1517421180.0,10.9008,10.9009,10.8998,10.8998,300.13
2018-01-31 17:54:00,1517421240.0,10.8998,10.925,10.8611,10.8614,292.0
2018-01-31 17:55:00,1517421300.0,10.87,10.9046,10.87,10.9046,24.84
2018-01-31 17:56:00,1517421360.0,10.8703,10.8703,10.87,10.8703,49.77
2018-01-31 17:57:00,1517421420.0,10.8728,10.8749,10.8013,10.8129,1088.44
2018-01-31 17:58:00,1517421480.0,10.8682,10.8682,10.85,10.85,147.75
2018-01-31 17:59:00,1517421540.0,10.8131,10.8261,10.7958,10.826,1153.2
2018-01-31 18:00:00,1517421600.0,10.826,10.8485,10.826,10.8485,10.42
2018-01-31 18:01:00,1517421660.0,10.848,10.8485,10.848,10.8485,117.13
2018-01-31 18:02:00,1517421720.0,10.8567,10.8568,10.8567,10.8567,187.72
2018-01-31 18:03:00,1517421780.0,10.856,10.856,10.796,10.7963,46.14
2018-01-31 18:04:00,1517421840.0,10.7963,10.7963,10.7963,10.7963,0.0
2018-01-31 18:05:00,1517421900.0,10.8142,10.8142,10.8142,10.8142,3.89
2018-01-31 18:06:00,1517421960.0,10.849,10.8635,10.849,10.8635,196.03
2018-01-31 18:07:00,1517422020.0,10.867,10.8687,10.851,10.8662,233.97
2018-01-31 18:08:00,1517422080.0,10.8662,10.8687,10.8662,10.8687,438.58
2018-01-31 18:09:00,1517422140.0,10.87,10.8875,10.87,10.8875,185.05
2018-01-31 18:10:00,1517422200.0,10.8875,10.8997,10.8875,10.8997,85.71
2018-01-31 18:11:00,1517422260.0,10.8997,10.9373,10.8997,10.9049,2572.32
2018-01-31 18:12:00,1517422320.0,10.9057,10.91,10.9057,10.91,88.96
2018-01-31 18:13:00,1517422380.0,10.91,10.9214,10.9,10.9,809.81
2018-01-31 18:14:00,1517422440.0,10.8875,10.8984,10.88,10.88,1018.82
2018-01-31 18:15:00,1517422500.0,10.88,10.88,10.8217,10.8276,991.75
2018-01-31 18:16:00,1517422560.0,10.8783,10.8786,10.8782,10.8786,178.1
2018-01-31 18:17:00,1517422620.0,10.8786,10.8795,10.87,10.8782,105.05
2018-01-31 18:18:00,1517422680.0,10.8782,10.8804,10.8782,10.8804,102.34
2018-01-31 18:19:00,1517422740.0,10.8993,10.9014,10.8993,10.9014,42.83
2018-01-31 18:20:00,1517422800.0,10.9014,10.9014,10.8802,10.8802,5.52
2018-01-31 18:21:00,1517422860.0,10.901,10.9111,10.901,10.9111,120.38
2018-01-31 18:22:00,1517422920.0,10.9111,10.9215,10.9111,10.9215,266.16
2018-01-31 18:23:00,1517422980.0,10.9225,10.9225,10.9224,10.9225,24.89
2018-01-31 18:24:00,1517423040.0,10.9224,10.9224,10.901,10.901,588.49
2018-01-31 18:25:00,1517423100.0,10.9225,10.9225,10.9011,10.9012,160.26
2018-01-31 18:26:00,1517423160.0,10.9225,10.9297,10.9225,10.9297,27.07
2018-01-31 18:27:00,1517423220.0,10.9297,10.9377,10.9245,10.9377,780.55
2018-01-31 18:28:00,1517423280.0,10.9377,10.9378,10.9264,10.9264,97.04
2018-01-31 18:29:00,1517423340.0,10.939,10.9498,10.9264,10.927,393.91
2018-01-31 18:30:00,1517423400.0,10.927,10.9455,10.92,10.9255,581.97
2018-01-31 18:31:00,1517423460.0,10.9241,10.9242,10.92,10.92,77.24
2018-01-31 18:32:00,1517423520.0,10.9219,10.9219,10.92,10.92,50.57
2018-01-31 18:33:00,1517423580.0,10.9205,10.9497,10.9205,10.9497,64.99
2018-01-31 18:34:00,1517423640.0,10.9249,10.98,10.9249,10.98,287.98
2018-01-31 18:35:00,1517423700.0,10.98,10.98,10.98,10.98,33.06
2018-01-31 18:36:00,1517423760.0,10.9537,10.9538,10.9011,10.92,1295.02
2018-01-31 18:37:00,1517423820.0,10.92,10.9418,10.92,10.9418,190.46
2018-01-31 18:38:00,1517423880.0,10.9418,10.9418,10.9011,10.9011,472.79
2018-01-31 18:39:00,1517423940.0,10.9014,10.9014,10.9012,10.9012,14.56
2018-01-31 18:40:00,1517424000.0,10.9014,10.9323,10.88,10.9323,197.65
2018-01-31 18:41:00,1517424060.0,10.9101,10.9192,10.8802,10.9192,403.11
2018-01-31 18:42:00,1517424120.0,10.9037,10.9166,10.8806,10.9,157.71
2018-01-31 18:43:00,1517424180.0,10.91,10.919,10.8998,10.9128,262.07
2018-01-31 18:44:00,1517424240.0,10.9128,10.9128,10.9128,10.9128,1.51
2018-01-31 18:45:00,1517424300.0,10.8902,10.8902,10.8806,10.8896,475.04
2018-01-31 18:46:00,1517424360.0,10.89,10.89,10.857,10.8572,420.11
2018-01-31 18:47:00,1517424420.0,10.8576,10.8892,10.8277,10.8277,259.05
2018-01-31 18:48:00,1517424480.0,10.8761,10.8818,10.83,10.8748,330.31
2018-01-31 18:49:00,1517424540.0,10.8743,10.8891,10.8743,10.8891,277.56
2018-01-31 18:50:00,1517424600.0,10.8429,10.8799,10.8428,10.8799,259.52
2018-01-31 18:51:00,1517424660.0,10.8443,10.8763,10.8443,10.8729,55.39
2018-01-31 18:52:00,1517424720.0,10.85,10.87,10.8453,10.87,225.79
2018-01-31 18:53:00,1517424780.0,10.8578,10.89,10.8578,10.89,796.66
2018-01-31 18:54:00,1517424840.0,10.89,10.93,10.8799,10.8799,119.2
2018-01-31 18:55:00,1517424900.0,10.8799,10.8799,10.8799,10.8799,0.0
2018-01-31 18:56:00,1517424960.0,10.8808,10.9153,10.88,10.88,749.28
2018-01-31 18:57:00,1517425020.0,10.88,10.88,10.8311,10.8581,94.16
2018-01-31 18:58:00,1517425080.0,10.8795,10.8795,10.8583,10.8584,26.18
2018-01-31 18:59:00,1517425140.0,10.8795,10.8972,10.8585,10.8972,42.4
2018-01-31 19:00:00,1517425200.0,10.8972,10.8999,10.8795,10.8999,207.2
2018-01-31 19:01:00,1517425260.0,10.9,10.9,10.8597,10.8984,1.14
2018-01-31 19:02:00,1517425320.0,10.8871,10.8901,10.8871,10.8901,130.16
2018-01-31 19:03:00,1517425380.0,10.8973,10.8997,10.8973,10.8997,92.95
2018-01-31 19:04:00,1517425440.0,10.9,10.9001,10.88,10.88,746.82
2018-01-31 19:05:00,1517425500.0,10.88,10.8801,10.88,10.88,84.13
2018-01-31 19:06:00,1517425560.0,10.9127,10.913,10.9127,10.913,2.94
2018-01-31 19:07:00,1517425620.0,10.9127,10.9127,10.88,10.88,60.09
2018-01-31 19:08:00,1517425680.0,10.88,10.88,10.8771,10.8771,73.39
2018-01-31 19:09:00,1517425740.0,10.8771,10.8776,10.8771,10.8776,4.61
2018-01-31 19:10:00,1517425800.0,10.8771,10.8772,10.8731,10.8731,238.53
2018-01-31 19:11:00,1517425860.0,10.8731,10.8731,10.87,10.87,208.31
2018-01-31 19:12:00,1517425920.0,10.87,10.8768,10.87,10.8767,63.39
2018-01-31 19:13:00,1517425980.0,10.8766,10.8771,10.84,10.84,383.58
2018-01-31 19:14:00,1517426040.0,10.8763,10.8764,10.84,10.8764,93.88
2018-01-31 19:15:00,1517426100.0,10.8764,10.8772,10.8499,10.8499,272.33
2018-01-31 19:16:00,1517426160.0,10.8764,10.8764,10.8735,10.8735,2.2
2018-01-31 19:17:00,1517426220.0,10.8763,10.9126,10.8763,10.9126,74.44
2018-01-31 19:18:00,1517426280.0,10.8562,10.9106,10.85,10.8603,63.17
2018-01-31 19:19:00,1517426340.0,10.8928,10.8928,10.8559,10.8611,1105.44
2018-01-31 19:20:00,1517426400.0,10.8561,10.8818,10.8499,10.8818,195.37
2018-01-31 19:21:00,1517426460.0,10.8817,10.9178,10.8817,10.9151,1672.99
2018-01-31 19:22:00,1517426520.0,10.9412,10.9412,10.9152,10.9412,1.06
2018-01-31 19:23:00,1517426580.0,10.9412,10.9497,10.9412,10.9497,368.03
2018-01-31 19:24:00,1517426640.0,10.9495,10.9495,10.9155,10.9493,1.91
2018-01-31 19:25:00,1517426700.0,10.8895,10.9481,10.8817,10.932,547.78
2018-01-31 19:26:00,1517426760.0,10.9316,10.9316,10.91,10.91,111.9
2018-01-31 19:27:00,1517426820.0,10.91,10.9299,10.91,10.9299,140.08
2018-01-31 19:28:00,1517426880.0,10.93,10.93,10.9299,10.93,57.31
2018-01-31 19:29:00,1517426940.0,10.93,10.9312,10.8817,10.9311,1019.12
2018-01-31 19:30:00,1517427000.0,10.9311,10.9312,10.8819,10.93,175.94
2018-01-31 19:31:00,1517427060.0,10.93,10.93,10.93,10.93,0.0
2018-01-31 19:32:00,1517427120.0,10.9299,10.9312,10.898,10.9312,273.79
2018-01-31 19:33:00,1517427180.0,10.9312,10.9449,10.8817,10.9449,646.45
2018-01-31 19:34:00,1517427240.0,10.9443,10.9444,10.9443,10.9444,1.72
2018-01-31 19:35:00,1517427300.0,10.941,10.95,10.8987,10.95,382.81
2018-01-31 19:36:00,1517427360.0,10.9144,10.95,10.9144,10.95,59.83
2018-01-31 19:37:00,1517427420.0,10.95,10.9526,10.9193,10.95,278.39
2018-01-31 19:38:00,1517427480.0,10.9498,10.95,10.9194,10.9498,818.77
2018-01-31 19:39:00,1517427540.0,10.9255,10.9255,10.9233,10.9233,364.66
2018-01-31 19:40:00,1517427600.0,10.9233,10.9299,10.9218,10.9299,644.3
2018-01-31 19:41:00,1517427660.0,10.9299,10.9299,10.9145,10.9145,25.94
2018-01-31 19:42:00,1517427720.0,10.9145,10.9145,10.9144,10.9144,130.47
2018-01-31 19:43:00,1517427780.0,10.9144,10.9144,10.8818,10.9,372.86
2018-01-31 19:44:00,1517427840.0,10.9,10.9,10.8818,10.8818,89.9
2018-01-31 19:45:00,1517427900.0,10.8818,10.8819,10.8818,10.8819,38.71
2018-01-31 19:46:00,1517427960.0,10.882,10.8922,10.882,10.8847,38.37
2018-01-31 19:47:00,1517428020.0,10.8847,10.885,10.88,10.885,367.05
2018-01-31 19:48:00,1517428080.0,10.9,10.98,10.8868,10.9671,1746.27
2018-01-31 19:49:00,1517428140.0,10.9668,10.9669,10.9668,10.9669,3.71
2018-01-31 19:50:00,1517428200.0,10.8958,10.9467,10.8956,10.927,457.24
2018-01-31 19:51:00,1517428260.0,10.9345,10.9345,10.9272,10.9284,355.3
2018-01-31 19:52:00,1517428320.0,10.9284,10.9671,10.9284,10.9671,783.45
2018-01-31 19:53:00,1517428380.0,10.9671,10.9788,10.9616,10.9788,165.89
2018-01-31 19:54:00,1517428440.0,10.9636,10.98,10.9284,10.9284,973.48
2018-01-31 19:55:00,1517428500.0,10.9285,10.9615,10.9285,10.9615,63.9
2018-01-31 19:56:00,1517428560.0,10.9688,10.9688,10.9688,10.9688,8.23
2018-01-31 19:57:00,1517428620.0,10.9621,10.976,10.962,10.976,241.75
2018-01-31 19:58:00,1517428680.0,10.976,10.9901,10.96,10.9901,940.34
2018-01-31 19:59:00,1517428740.0,10.9901,10.9901,10.96,10.96,192.98
2018-01-31 20:00:00,1517428800.0,10.989,10.9901,10.9601,10.9601,4.91
2018-01-31 20:01:00,1517428860.0,10.9601,10.9601,10.9601,10.9601,49.67
2018-01-31 20:02:00,1517428920.0,10.9601,10.9601,10.9284,10.9284,161.63
2018-01-31 20:03:00,1517428980.0,10.9202,10.927,10.9202,10.927,12.32
2018-01-31 20:04:00,1517429040.0,10.9304,10.9305,10.9303,10.9305,4.7
2018-01-31 20:05:00,1517429100.0,10.9591,10.9591,10.9587,10.9589,5.04
2018-01-31 20:06:00,1517429160.0,10.9308,10.9308,10.9307,10.9307,84.74
2018-01-31 20:07:00,1517429220.0,10.9297,10.9492,10.9297,10.9492,220.75
2018-01-31 20:08:00,1517429280.0,10.9492,10.959,10.9492,10.959,36.21
2018-01-31 20:09:00,1517429340.0,10.9589,10.959,10.9567,10.9585,229.44
2018-01-31 20:10:00,1517429400.0,10.9587,10.989,10.9587,10.9831,196.66
2018-01-31 20:11:00,1517429460.0,10.9697,10.989,10.9694,10.989,351.75
2018-01-31 20:12:00,1517429520.0,10.989,10.9901,10.9699,10.9901,279.43
2018-01-31 20:13:00,1517429580.0,10.9957,10.9968,10.989,10.989,417.11
2018-01-31 20:14:00,1517429640.0,10.9699,10.9891,10.9699,10.9891,51.75
2018-01-31 20:15:00,1517429700.0,10.9605,10.9822,10.9603,10.9822,231.92
2018-01-31 20:16:00,1517429760.0,10.9822,10.99,10.9822,10.99,317.09
2018-01-31 20:17:00,1517429820.0,10.99,10.9999,10.99,10.9999,101.69
2018-01-31 20:18:00,1517429880.0,11.0,11.0,10.989,11.0,305.06
2018-01-31 20:19:00,1517429940.0,10.989,11.0,10.989,11.0,26.48
2018-01-31 20:20:00,1517430000.0,11.0,11.0098,11.0,11.0,110.01
2018-01-31 20:21:00,1517430060.0,11.0001,11.02,11.0001,11.02,144.91
2018-01-31 20:22:00,1517430120.0,11.02,11.0981,10.9665,10.9665,833.09
2018-01-31 20:23:00,1517430180.0,11.0,11.0,10.9961,10.9962,6.48
2018-01-31 20:24:00,1517430240.0,10.9962,10.9998,10.9962,10.9998,53.56
2018-01-31 20:25:00,1517430300.0,11.0,11.041,11.0,11.0265,217.43
2018-01-31 20:26:00,1517430360.0,11.0294,11.0463,11.0265,11.046,190.74
2018-01-31 20:27:00,1517430420.0,11.0463,11.0516,11.015,11.05,587.93
2018-01-31 20:28:00,1517430480.0,11.0162,11.0516,11.0162,11.05,20.08
2018-01-31 20:29:00,1517430540.0,11.0205,11.0547,11.0205,11.0268,428.5
2018-01-31 20:30:00,1517430600.0,11.0495,11.0547,11.0268,11.0547,353.86
2018-01-31 20:31:00,1517430660.0,11.0547,11.0547,11.0333,11.0498,60.18
2018-01-31 20:32:00,1517430720.0,11.0547,11.0547,11.0547,11.0547,68.88
2018-01-31 20:33:00,1517430780.0,11.0498,11.0547,11.04,11.04,491.67
2018-01-31 20:34:00,1517430840.0,11.0498,11.0498,11.0209,11.0209,109.43
2018-01-31 20:35:00,1517430900.0,11.0209,11.0209,11.0,11.0005,525.68
2018-01-31 20:36:00,1517430960.0,11.0074,11.03,11.0072,11.03,100.54
2018-01-31 20:37:00,1517431020.0,11.03,11.0347,11.03,11.0347,1588.06
2018-01-31 20:38:00,1517431080.0,11.0345,11.0345,11.0345,11.0345,5.13
2018-01-31 20:39:00,1517431140.0,11.034,11.0346,11.0314,11.0315,36.32
2018-01-31 20:40:00,1517431200.0,11.0485,11.0485,11.0485,11.0485,2.82
2018-01-31 20:41:00,1517431260.0,11.0485,11.0616,11.0485,11.0498,379.2
2018-01-31 20:42:00,1517431320.0,11.0506,11.0506,11.0506,11.0506,2.82
2018-01-31 20:43:00,1517431380.0,11.0498,11.0501,11.0498,11.05,599.63
2018-01-31 20:44:00,1517431440.0,11.05,11.05,11.05,11.05,458.9
2018-01-31 20:45:00,1517431500.0,11.0346,11.0467,11.0346,11.0454,7.59
2018-01-31 20:46:00,1517431560.0,11.0497,11.07,11.0466,11.0654,26.22
2018-01-31 20:47:00,1517431620.0,11.0652,11.0652,11.065,11.065,8.59
2018-01-31 20:48:00,1517431680.0,11.065,11.065,11.065,11.065,126.78
2018-01-31 20:49:00,1517431740.0,11.0648,11.0653,11.0648,11.065,94.72
2018-01-31 20:50:00,1517431800.0,11.0653,11.0654,11.0653,11.0654,107.01
2018-01-31 20:51:00,1517431860.0,11.07,11.0701,11.07,11.0701,4.47
2018-01-31 20:52:00,1517431920.0,11.0818,11.0818,11.0817,11.0818,181.86
2018-01-31 20:53:00,1517431980.0,11.0818,11.0818,11.0818,11.0818,0.0
2018-01-31 20:54:00,1517432040.0,11.0902,11.0929,11.0902,11.0926,20.36
2018-01-31 20:55:00,1517432100.0,11.0926,11.0926,11.0926,11.0926,0.0
2018-01-31 20:56:00,1517432160.0,11.0931,11.0931,11.0926,11.0926,83.75
2018-01-31 20:57:00,1517432220.0,11.0911,11.0926,11.0902,11.0902,620.54
2018-01-31 20:58:00,1517432280.0,11.0969,11.0969,11.0926,11.0928,26.05
2018-01-31 20:59:00,1517432340.0,11.0952,11.0955,11.0952,11.0955,95.83
2018-01-31 21:00:00,1517432400.0,11.0969,11.098,11.0902,11.098,54.76
2018-01-31 21:01:00,1517432460.0,11.098,11.0982,11.09,11.09,629.78
2018-01-31 21:02:00,1517432520.0,11.0818,11.0928,11.0818,11.0928,35.15
2018-01-31 21:03:00,1517432580.0,11.0929,11.1362,11.0929,11.0999,298.58
2018-01-31 21:04:00,1517432640.0,11.093,11.14,11.093,11.0934,765.15
2018-01-31 21:05:00,1517432700.0,11.0933,11.0953,11.0932,11.0953,153.07
2018-01-31 21:06:00,1517432760.0,11.0952,11.0952,11.0704,11.0705,121.82
2018-01-31 21:07:00,1517432820.0,11.0933,11.0933,11.0714,11.0714,8.1
2018-01-31 21:08:00,1517432880.0,11.072,11.0952,11.0714,11.0714,177.95
2018-01-31 21:09:00,1517432940.0,11.0714,11.0845,11.07,11.079,48.73
2018-01-31 21:10:00,1517433000.0,11.0715,11.079,11.0699,11.079,467.78
2018-01-31 21:11:00,1517433060.0,11.0665,11.0665,11.065,11.065,14.9
2018-01-31 21:12:00,1517433120.0,11.0647,11.0647,11.0348,11.0348,177.56
2018-01-31 21:13:00,1517433180.0,11.0357,11.0622,11.0,11.062,1107.33
2018-01-31 21:14:00,1517433240.0,11.0005,11.0599,11.0005,11.0592,43.53
2018-01-31 21:15:00,1517433300.0,11.0166,11.0775,11.0159,11.0775,326.93
2018-01-31 21:16:00,1517433360.0,11.0606,11.0606,11.0606,11.0606,19.96
2018-01-31 21:17:00,1517433420.0,11.0216,11.0216,11.0216,11.0216,7.96
2018-01-31 21:18:00,1517433480.0,11.03,11.0501,11.0218,11.0501,37.67
2018-01-31 21:19:00,1517433540.0,11.0473,11.0473,11.0307,11.0308,3.88
2018-01-31 21:20:00,1517433600.0,11.0311,11.05,11.0311,11.05,5.73
2018-01-31 21:21:00,1517433660.0,11.05,11.0606,11.05,11.0583,6.35
2018-01-31 21:22:00,1517433720.0,11.04,11.04,11.04,11.04,4.61
2018-01-31 21:23:00,1517433780.0,11.0311,11.0311,11.0215,11.0299,284.1
2018-01-31 21:24:00,1517433840.0,11.0297,11.0297,11.0294,11.0294,2.98
2018-01-31 21:25:00,1517433900.0,11.0215,11.0294,11.0002,11.0002,15.87
2018-01-31 21:26:00,1517433960.0,11.0004,11.0239,11.0004,11.0239,200.79
2018-01-31 21:27:00,1517434020.0,11.0239,11.024,10.9983,11.01,845.76
2018-01-31 21:28:00,1517434080.0,11.01,11.031,11.01,11.031,37.26
2018-01-31 21:29:00,1517434140.0,11.0309,11.1589,11.0309,11.1589,439.65
2018-01-31 21:30:00,1517434200.0,11.0317,11.1546,11.0316,11.0501,1838.81
2018-01-31 21:31:00,1517434260.0,11.0501,11.1319,11.0501,11.055,438.61
2018-01-31 21:32:00,1517434320.0,11.0556,11.099,11.0556,11.0568,84.7
2018-01-31 21:33:00,1517434380.0,11.0874,11.0976,11.07,11.0876,219.09
2018-01-31 21:34:00,1517434440.0,11.0606,11.0608,11.0518,11.0518,217.31
2018-01-31 21:35:00,1517434500.0,11.0578,11.0579,11.0497,11.05,1431.33
2018-01-31 21:36:00,1517434560.0,11.05,11.05,11.0299,11.0334,145.4
2018-01-31 21:37:00,1517434620.0,11.056,11.0583,11.056,11.0583,22.47
2018-01-31 21:38:00,1517434680.0,11.0581,11.0583,11.0559,11.0559,96.56
2018-01-31 21:39:00,1517434740.0,11.0559,11.0559,11.0559,11.0559,0.0
2018-01-31 21:40:00,1517434800.0,11.0534,11.0534,11.0534,11.0534,15.96
2018-01-31 21:41:00,1517434860.0,11.0554,11.0554,11.0534,11.0554,18.1
2018-01-31 21:42:00,1517434920.0,11.0546,11.0546,11.0535,11.0535,10.4
2018-01-31 21:43:00,1517434980.0,11.0535,11.0554,11.0396,11.0554,250.05
2018-01-31 21:44:00,1517435040.0,11.0526,11.0554,11.0526,11.0554,239.43
2018-01-31 21:45:00,1517435100.0,11.0554,11.0554,11.0554,11.0554,0.0
2018-01-31 21:46:00,1517435160.0,11.0429,11.044,11.0429,11.044,5.59
2018-01-31 21:47:00,1517435220.0,11.0431,11.044,11.0385,11.0385,19.1
2018-01-31 21:48:00,1517435280.0,11.0385,11.0385,11.0009,11.0385,486.03
2018-01-31 21:49:00,1517435340.0,11.03,11.03,10.9983,11.0294,154.06
2018-01-31 21:50:00,1517435400.0,11.02,11.04,10.9986,11.04,658.0
2018-01-31 21:51:00,1517435460.0,11.0386,11.0509,11.0385,11.0484,26.24
2018-01-31 21:52:00,1517435520.0,11.0466,11.0474,11.0465,11.0474,126.81
2018-01-31 21:53:00,1517435580.0,11.0484,11.0484,11.0484,11.0484,11.16
2018-01-31 21:54:00,1517435640.0,11.0484,11.0484,11.0484,11.0484,1.57
2018-01-31 21:55:00,1517435700.0,11.048,11.0486,11.048,11.0486,222.45
2018-01-31 21:56:00,1517435760.0,11.0516,11.0516,11.0516,11.0516,14.5
2018-01-31 21:57:00,1517435820.0,11.0527,11.0534,11.0516,11.0516,12.62
2018-01-31 21:58:00,1517435880.0,11.0517,11.0517,11.0131,11.0131,125.69
2018-01-31 21:59:00,1517435940.0,11.0162,11.0162,11.0153,11.0153,9.32
2018-01-31 22:00:00,1517436000.0,11.0161,11.0161,11.0155,11.0155,113.35
2018-01-31 22:01:00,1517436060.0,11.0154,11.0154,11.0137,11.0137,46.57
2018-01-31 22:02:00,1517436120.0,11.0193,11.0193,11.0193,11.0193,2.03
2018-01-31 22:03:00,1517436180.0,11.0449,11.0449,11.0195,11.0195,22.77
2018-01-31 22:04:00,1517436240.0,11.0491,11.0491,11.0491,11.0491,45.72
2018-01-31 22:05:00,1517436300.0,11.0492,11.0492,11.0491,11.0491,42.16
2018-01-31 22:06:00,1517436360.0,11.0491,11.1544,11.0491,11.0975,600.33
2018-01-31 22:07:00,1517436420.0,11.0857,11.0857,11.0602,11.0752,212.63
2018-01-31 22:08:00,1517436480.0,11.0722,11.0722,11.0491,11.0491,145.97
2018-01-31 22:09:00,1517436540.0,11.0515,11.0515,11.0492,11.0492,24.91
2018-01-31 22:10:00,1517436600.0,11.0492,11.052,11.0429,11.052,321.29
2018-01-31 22:11:00,1517436660.0,11.0551,11.0551,11.0271,11.0271,11.0
2018-01-31 22:12:00,1517436720.0,11.0271,11.0271,11.0271,11.0271,0.0
2018-01-31 22:13:00,1517436780.0,11.032,11.0468,11.032,11.0468,11.9
2018-01-31 22:14:00,1517436840.0,11.0468,11.0468,11.0321,11.0321,12.6
2018-01-31 22:15:00,1517436900.0,11.0468,11.0468,11.032,11.0468,95.35
2018-01-31 22:16:00,1517436960.0,11.0468,11.0468,11.0321,11.0321,50.11
2018-01-31 22:17:00,1517437020.0,11.0468,11.0904,11.0468,11.0904,23.06
2018-01-31 22:18:00,1517437080.0,11.0904,11.0904,11.0904,11.0904,0.0
2018-01-31 22:19:00,1517437140.0,11.0902,11.0904,11.09,11.0904,105.2
2018-01-31 22:20:00,1517437200.0,11.0472,11.0902,11.0466,11.0483,106.59
2018-01-31 22:21:00,1517437260.0,11.048,11.076,11.0322,11.0322,2.52
2018-01-31 22:22:00,1517437320.0,11.0729,11.0729,11.0725,11.0725,8.34
2018-01-31 22:23:00,1517437380.0,11.0681,11.0681,11.0681,11.0681,11.17
2018-01-31 22:24:00,1517437440.0,11.0674,11.0674,11.06,11.06,27.99
2018-01-31 22:25:00,1517437500.0,11.06,11.06,11.0325,11.0572,77.62
2018-01-31 22:26:00,1517437560.0,11.0572,11.0685,11.0572,11.0685,18.89
2018-01-31 22:27:00,1517437620.0,11.0725,11.0778,11.0725,11.0778,10.16
2018-01-31 22:28:00,1517437680.0,11.0902,11.0902,11.0901,11.0901,101.6
2018-01-31 22:29:00,1517437740.0,11.0901,11.0901,11.09,11.09,37.45
2018-01-31 22:30:00,1517437800.0,11.0898,11.0902,11.0898,11.0902,87.1
2018-01-31 22:31:00,1517437860.0,11.0899,11.0899,11.0895,11.0899,54.67
2018-01-31 22:32:00,1517437920.0,11.0899,11.0919,11.0899,11.09,393.3
2018-01-31 22:33:00,1517437980.0,11.09,11.1096,11.0882,11.0883,760.61
2018-01-31 22:34:00,1517438040.0,11.0884,11.1084,11.0883,11.1084,249.21
2018-01-31 22:35:00,1517438100.0,11.1082,11.1082,11.1045,11.1082,75.08
2018-01-31 22:36:00,1517438160.0,11.1097,11.1097,11.1082,11.1082,29.9
2018-01-31 22:37:00,1517438220.0,11.1059,11.1412,11.1042,11.1082,1099.6
2018-01-31 22:38:00,1517438280.0,11.115,11.1301,11.115,11.13,632.24
2018-01-31 22:39:00,1517438340.0,11.1414,11.1622,11.1203,11.13,184.42
2018-01-31 22:40:00,1517438400.0,11.1298,11.14,11.1265,11.1265,59.72
2018-01-31 22:41:00,1517438460.0,11.1499,11.1499,11.1495,11.1495,112.0
2018-01-31 22:42:00,1517438520.0,11.1208,11.1495,11.1208,11.149,6.6
2018-01-31 22:43:00,1517438580.0,11.14,11.149,11.14,11.149,9.83
2018-01-31 22:44:00,1517438640.0,11.13,11.149,11.128,11.149,485.75
2018-01-31 22:45:00,1517438700.0,11.1281,11.1488,11.1281,11.1488,14.5
2018-01-31 22:46:00,1517438760.0,11.129,11.129,11.0,11.1195,1737.1
2018-01-31 22:47:00,1517438820.0,11.0674,11.1165,11.0674,11.1165,33.92
2018-01-31 22:48:00,1517438880.0,11.0676,11.0676,11.0675,11.0675,5.0
2018-01-31 22:49:00,1517438940.0,11.0776,11.0776,11.0675,11.0675,29.0
2018-01-31 22:50:00,1517439000.0,11.0675,11.0679,11.0499,11.0679,214.08
2018-01-31 22:51:00,1517439060.0,11.0677,11.0677,11.0677,11.0677,9.06
2018-01-31 22:52:00,1517439120.0,11.0677,11.0677,11.0677,11.0677,8.16
2018-01-31 22:53:00,1517439180.0,11.0809,11.1,11.0806,11.0806,234.55
2018-01-31 22:54:00,1517439240.0,11.0806,11.0809,11.0778,11.0809,478.96
2018-01-31 22:55:00,1517439300.0,11.081,11.0828,11.081,11.081,316.53
2018-01-31 22:56:00,1517439360.0,11.0999,11.1165,11.0997,11.1162,113.15
2018-01-31 22:57:00,1517439420.0,11.081,11.081,11.081,11.081,1.0
2018-01-31 22:58:00,1517439480.0,11.081,11.1158,11.081,11.1158,15.8
2018-01-31 22:59:00,1517439540.0,11.0821,11.0825,11.06,11.06,384.79
2018-01-31 23:00:00,1517439600.0,11.06,11.075,11.06,11.075,24.27
2018-01-31 23:01:00,1517439660.0,11.07,11.07,11.06,11.06,334.09
2018-01-31 23:02:00,1517439720.0,11.06,11.0699,11.06,11.06,64.96
2018-01-31 23:03:00,1517439780.0,11.06,11.0694,11.0496,11.0691,57.38
2018-01-31 23:04:00,1517439840.0,11.0689,11.0689,11.0689,11.0689,10.1
2018-01-31 23:05:00,1517439900.0,11.0676,11.0676,11.0674,11.0674,137.81
2018-01-31 23:06:00,1517439960.0,11.0674,11.0674,11.0674,11.0674,0.0
2018-01-31 23:07:00,1517440020.0,11.0663,11.0663,11.0474,11.0474,27.78
2018-01-31 23:08:00,1517440080.0,11.0335,11.0401,11.0334,11.0401,183.82
2018-01-31 23:09:00,1517440140.0,11.0401,11.0471,11.0401,11.0449,209.06
2018-01-31 23:10:00,1517440200.0,11.0448,11.0448,11.0448,11.0448,89.74
2018-01-31 23:11:00,1517440260.0,11.0448,11.0448,11.0066,11.0066,170.42
2018-01-31 23:12:00,1517440320.0,11.0142,11.0464,11.0069,11.0464,383.16
2018-01-31 23:13:00,1517440380.0,11.0464,11.0471,11.0276,11.0464,58.35
2018-01-31 23:14:00,1517440440.0,11.0464,11.0464,11.0332,11.0408,76.03
2018-01-31 23:15:00,1517440500.0,11.0415,11.0663,11.0415,11.0535,312.3
2018-01-31 23:16:00,1517440560.0,11.0552,11.0629,11.0408,11.0408,244.4
2018-01-31 23:17:00,1517440620.0,11.0408,11.0408,11.0408,11.0408,0.52
2018-01-31 23:18:00,1517440680.0,11.0411,11.0411,11.0406,11.0408,78.92
2018-01-31 23:19:00,1517440740.0,11.0411,11.0641,11.0411,11.0414,66.17
2018-01-31 23:20:00,1517440800.0,11.0596,11.0596,11.0596,11.0596,24.45
2018-01-31 23:21:00,1517440860.0,11.051,11.0594,11.0416,11.0594,22.54
2018-01-31 23:22:00,1517440920.0,11.0593,11.0663,11.0593,11.0663,22.74
2018-01-31 23:23:00,1517440980.0,11.0663,11.0776,11.0663,11.0776,306.54
2018-01-31 23:24:00,1517441040.0,11.0823,11.1072,11.0823,11.1072,70.45
2018-01-31 23:25:00,1517441100.0,11.107,11.1072,11.1069,11.1072,21.38
2018-01-31 23:26:00,1517441160.0,11.1068,11.1072,11.1068,11.1072,91.21
2018-01-31 23:27:00,1517441220.0,11.1082,11.1399,11.0814,11.0814,878.27
2018-01-31 23:28:00,1517441280.0,11.1351,11.1351,11.0845,11.0845,79.75
2018-01-31 23:29:00,1517441340.0,11.0847,11.0847,11.0846,11.0846,5.0
2018-01-31 23:30:00,1517441400.0,11.0996,11.0996,11.0846,11.0983,91.65
2018-01-31 23:31:00,1517441460.0,11.0998,11.1215,11.0998,11.1215,56.36
2018-01-31 23:32:00,1517441520.0,11.1159,11.1215,11.0858,11.0862,167.79
2018-01-31 23:33:00,1517441580.0,11.0865,11.1084,11.08,11.1084,114.54
2018-01-31 23:34:00,1517441640.0,11.1079,11.1079,11.0832,11.0832,50.86
2018-01-31 23:35:00,1517441700.0,11.0873,11.0873,11.0873,11.0873,1.0
2018-01-31 23:36:00,1517441760.0,11.0833,11.0833,11.08,11.08,64.68
2018-01-31 23:37:00,1517441820.0,11.0812,11.0832,11.0752,11.0752,1096.03
2018-01-31 23:38:00,1517441880.0,11.0778,11.087,11.0778,11.087,74.97
2018-01-31 23:39:00,1517441940.0,11.087,11.09,11.087,11.09,141.22
2018-01-31 23:40:00,1517442000.0,11.09,11.107,11.09,11.107,47.12
2018-01-31 23:41:00,1517442060.0,11.107,11.107,11.107,11.107,0.0
2018-01-31 23:42:00,1517442120.0,11.0821,11.0821,11.0821,11.0821,9.8
2018-01-31 23:43:00,1517442180.0,11.0999,11.1,11.0999,11.1,59.0
2018-01-31 23:44:00,1517442240.0,11.0999,11.1149,11.0999,11.11,414.06
2018-01-31 23:45:00,1517442300.0,11.11,11.14,11.11,11.1397,1201.05
2018-01-31 23:46:00,1517442360.0,11.1397,11.14,11.1395,11.1397,152.06
2018-01-31 23:47:00,1517442420.0,11.14,11.14,11.139,11.139,486.3
2018-01-31 23:48:00,1517442480.0,11.139,11.17,11.139,11.1581,569.26
2018-01-31 23:49:00,1517442540.0,11.1599,11.1649,11.1599,11.1649,5.0
2018-01-31 23:50:00,1517442600.0,11.1648,11.1649,11.1648,11.1649,5.36
2018-01-31 23:51:00,1517442660.0,11.1649,11.222,11.1649,11.2,2041.9
2018-01-31 23:52:00,1517442720.0,11.2,11.2,11.1705,11.2,720.42
2018-01-31 23:53:00,1517442780.0,11.1998,11.2169,11.1998,11.2125,142.88
2018-01-31 23:54:00,1517442840.0,11.2125,11.222,11.2002,11.2169,1128.25
2018-01-31 23:55:00,1517442900.0,11.202,11.23,11.202,11.23,283.75
2018-01-31 23:56:00,1517442960.0,11.23,11.2301,11.23,11.23,173.25
2018-01-31 23:57:00,1517443020.0,11.2301,11.245,11.23,11.245,151.12
2018-01-31 23:58:00,1517443080.0,11.245,11.2503,11.245,11.25,611.13
2018-01-31 23:59:00,1517443140.0,11.25,11.3131,11.25,11.3131,2949.95
