Universal Time,Unix Time,Open,High,Low,Close,Volume
2020-05-08 00:00:00,1588896000.0,2.7573,2.7605,2.7556,2.7589,9758.95
2020-05-08 00:01:00,1588896060.0,2.7609,2.7648,2.7586,2.7648,16215.97
2020-05-08 00:02:00,1588896120.0,2.7647,2.7685,2.7643,2.7672,10214.27
2020-05-08 00:03:00,1588896180.0,2.7667,2.7677,2.7629,2.7629,3176.33
2020-05-08 00:04:00,1588896240.0,2.7634,2.7644,2.7539,2.761,22213.27
2020-05-08 00:05:00,1588896300.0,2.7601,2.764,2.7597,2.7604,15609.16
2020-05-08 00:06:00,1588896360.0,2.7621,2.7629,2.76,2.76,8091.4
2020-05-08 00:07:00,1588896420.0,2.76,2.7648,2.7585,2.7637,12994.08
2020-05-08 00:08:00,1588896480.0,2.7642,2.7655,2.7626,2.7643,6849.27
2020-05-08 00:09:00,1588896540.0,2.7644,2.7644,2.7597,2.7597,3277.9
2020-05-08 00:10:00,1588896600.0,2.7593,2.7644,2.7589,2.7621,3487.08
2020-05-08 00:11:00,1588896660.0,2.763,2.763,2.7618,2.7627,1481.03
2020-05-08 00:12:00,1588896720.0,2.7634,2.765,2.7633,2.7635,3143.5
2020-05-08 00:13:00,1588896780.0,2.7636,2.765,2.7627,2.7637,1713.2
2020-05-08 00:14:00,1588896840.0,2.7631,2.7644,2.7615,2.7617,3787.79
2020-05-08 00:15:00,1588896900.0,2.7623,2.7629,2.7611,2.7628,2445.03
2020-05-08 00:16:00,1588896960.0,2.7637,2.7637,2.7612,2.7615,2559.01
2020-05-08 00:17:00,1588897020.0,2.7614,2.764,2.7613,2.7613,8516.33
2020-05-08 00:18:00,1588897080.0,2.762,2.763,2.7589,2.759,13232.26
2020-05-08 00:19:00,1588897140.0,2.759,2.7616,2.7589,2.7604,11997.93
2020-05-08 00:20:00,1588897200.0,2.7603,2.7639,2.7597,2.7639,9285.79
2020-05-08 00:21:00,1588897260.0,2.7626,2.7634,2.7602,2.7612,9554.81
2020-05-08 00:22:00,1588897320.0,2.76,2.7614,2.7594,2.7605,9708.52
2020-05-08 00:23:00,1588897380.0,2.7596,2.7632,2.7596,2.7622,2693.69
2020-05-08 00:24:00,1588897440.0,2.7621,2.765,2.7612,2.765,1426.98
2020-05-08 00:25:00,1588897500.0,2.7639,2.7666,2.7631,2.7666,4648.24
2020-05-08 00:26:00,1588897560.0,2.7658,2.7658,2.7626,2.7637,2375.09
2020-05-08 00:27:00,1588897620.0,2.7638,2.7661,2.763,2.7658,6033.23
2020-05-08 00:28:00,1588897680.0,2.7656,2.7658,2.7639,2.7658,8466.45
2020-05-08 00:29:00,1588897740.0,2.7645,2.7663,2.7626,2.7629,2740.58
2020-05-08 00:30:00,1588897800.0,2.7629,2.7646,2.7609,2.7614,5814.65
2020-05-08 00:31:00,1588897860.0,2.7614,2.7648,2.7614,2.7647,1681.91
2020-05-08 00:32:00,1588897920.0,2.7644,2.7648,2.7636,2.7643,377.85
2020-05-08 00:33:00,1588897980.0,2.7644,2.767,2.7644,2.7654,2917.2
2020-05-08 00:34:00,1588898040.0,2.7657,2.7686,2.7655,2.7674,9186.68
2020-05-08 00:35:00,1588898100.0,2.767,2.7685,2.7656,2.7678,12235.02
2020-05-08 00:36:00,1588898160.0,2.7667,2.7668,2.7647,2.7655,4739.33
2020-05-08 00:37:00,1588898220.0,2.7655,2.769,2.7652,2.7673,3520.46
2020-05-08 00:38:00,1588898280.0,2.7683,2.7691,2.7669,2.767,1180.44
2020-05-08 00:39:00,1588898340.0,2.7673,2.7679,2.7661,2.767,1110.69
2020-05-08 00:40:00,1588898400.0,2.7673,2.7678,2.7668,2.7669,2575.27
2020-05-08 00:41:00,1588898460.0,2.7678,2.7695,2.7673,2.7683,3261.65
2020-05-08 00:42:00,1588898520.0,2.7684,2.7715,2.7684,2.7713,3173.67
2020-05-08 00:43:00,1588898580.0,2.7717,2.7854,2.7717,2.7848,33670.25
2020-05-08 00:44:00,1588898640.0,2.7854,2.8045,2.7854,2.8021,209436.67
2020-05-08 00:45:00,1588898700.0,2.8021,2.806,2.8002,2.8042,54325.92
2020-05-08 00:46:00,1588898760.0,2.8039,2.8154,2.8039,2.8154,30920.16
2020-05-08 00:47:00,1588898820.0,2.8137,2.8155,2.8018,2.81,56410.55
2020-05-08 00:48:00,1588898880.0,2.8103,2.8115,2.8058,2.8083,16683.49
2020-05-08 00:49:00,1588898940.0,2.8081,2.8083,2.8,2.8002,14068.45
2020-05-08 00:50:00,1588899000.0,2.8,2.8043,2.7983,2.8016,29545.48
2020-05-08 00:51:00,1588899060.0,2.8015,2.8028,2.799,2.8001,5995.43
2020-05-08 00:52:00,1588899120.0,2.8001,2.8052,2.7993,2.8006,13450.8
2020-05-08 00:53:00,1588899180.0,2.8006,2.803,2.8,2.8013,5731.93
2020-05-08 00:54:00,1588899240.0,2.801,2.8042,2.7978,2.8041,14044.49
2020-05-08 00:55:00,1588899300.0,2.803,2.8076,2.8019,2.8064,15622.6
2020-05-08 00:56:00,1588899360.0,2.8063,2.8079,2.805,2.8055,5057.28
2020-05-08 00:57:00,1588899420.0,2.8063,2.812,2.8055,2.8106,3256.72
2020-05-08 00:58:00,1588899480.0,2.8124,2.8141,2.81,2.813,6582.16
2020-05-08 00:59:00,1588899540.0,2.813,2.8138,2.8092,2.8135,8443.42
2020-05-08 01:00:00,1588899600.0,2.8138,2.8245,2.8131,2.8181,102273.95
2020-05-08 01:01:00,1588899660.0,2.8185,2.8205,2.8091,2.8123,23769.0
2020-05-08 01:02:00,1588899720.0,2.8114,2.8128,2.8013,2.8044,25823.27
2020-05-08 01:03:00,1588899780.0,2.8046,2.8054,2.7978,2.8015,16979.2
2020-05-08 01:04:00,1588899840.0,2.8027,2.8063,2.8027,2.8044,5525.67
2020-05-08 01:05:00,1588899900.0,2.805,2.805,2.8032,2.8035,3276.31
2020-05-08 01:06:00,1588899960.0,2.8027,2.8045,2.8003,2.801,11424.38
2020-05-08 01:07:00,1588900020.0,2.801,2.8045,2.8003,2.8009,10538.25
2020-05-08 01:08:00,1588900080.0,2.8003,2.8004,2.7902,2.7903,17198.62
2020-05-08 01:09:00,1588900140.0,2.7908,2.7913,2.7807,2.7859,104401.02
2020-05-08 01:10:00,1588900200.0,2.7854,2.7915,2.7828,2.7914,12733.86
2020-05-08 01:11:00,1588900260.0,2.7921,2.7943,2.7864,2.7865,19778.37
2020-05-08 01:12:00,1588900320.0,2.7872,2.7952,2.7869,2.7943,37431.47
2020-05-08 01:13:00,1588900380.0,2.7937,2.7945,2.7924,2.7924,4563.05
2020-05-08 01:14:00,1588900440.0,2.7924,2.7946,2.7924,2.7946,1666.85
2020-05-08 01:15:00,1588900500.0,2.793,2.7975,2.792,2.7961,8983.0
2020-05-08 01:16:00,1588900560.0,2.796,2.7971,2.7925,2.7957,8594.37
2020-05-08 01:17:00,1588900620.0,2.7948,2.8002,2.7948,2.7999,29565.57
2020-05-08 01:18:00,1588900680.0,2.7999,2.7999,2.7964,2.7964,5591.09
2020-05-08 01:19:00,1588900740.0,2.798,2.8013,2.7977,2.8013,7897.35
2020-05-08 01:20:00,1588900800.0,2.8002,2.8013,2.7977,2.7988,5915.66
2020-05-08 01:21:00,1588900860.0,2.799,2.801,2.7988,2.801,1335.14
2020-05-08 01:22:00,1588900920.0,2.8,2.8017,2.7983,2.7983,5560.97
2020-05-08 01:23:00,1588900980.0,2.7984,2.8,2.7984,2.8,6773.95
2020-05-08 01:24:00,1588901040.0,2.8,2.8027,2.7999,2.802,13279.41
2020-05-08 01:25:00,1588901100.0,2.802,2.802,2.8,2.8012,3743.92
2020-05-08 01:26:00,1588901160.0,2.8015,2.8017,2.7965,2.7988,4422.26
2020-05-08 01:27:00,1588901220.0,2.7994,2.7994,2.7942,2.7956,4662.62
2020-05-08 01:28:00,1588901280.0,2.7954,2.7959,2.7937,2.7944,264.27
2020-05-08 01:29:00,1588901340.0,2.796,2.7963,2.792,2.7922,2124.15
2020-05-08 01:30:00,1588901400.0,2.7925,2.7936,2.7919,2.7923,2337.56
2020-05-08 01:31:00,1588901460.0,2.7927,2.7935,2.7897,2.7935,7265.71
2020-05-08 01:32:00,1588901520.0,2.7931,2.7939,2.7915,2.793,4485.08
2020-05-08 01:33:00,1588901580.0,2.7925,2.7937,2.7917,2.7923,1642.4
2020-05-08 01:34:00,1588901640.0,2.793,2.7933,2.7891,2.7897,3423.14
2020-05-08 01:35:00,1588901700.0,2.7887,2.7888,2.7825,2.7845,22026.25
2020-05-08 01:36:00,1588901760.0,2.7842,2.7869,2.7838,2.7869,5282.99
2020-05-08 01:37:00,1588901820.0,2.7857,2.7858,2.7828,2.7842,2837.61
2020-05-08 01:38:00,1588901880.0,2.7856,2.79,2.7854,2.7858,4546.31
2020-05-08 01:39:00,1588901940.0,2.7858,2.7875,2.7821,2.7833,16235.1
2020-05-08 01:40:00,1588902000.0,2.7834,2.7854,2.7808,2.7822,5895.32
2020-05-08 01:41:00,1588902060.0,2.7834,2.7885,2.7834,2.7859,2134.98
2020-05-08 01:42:00,1588902120.0,2.7864,2.7892,2.7864,2.7874,440.65
2020-05-08 01:43:00,1588902180.0,2.7874,2.7877,2.786,2.7865,3509.91
2020-05-08 01:44:00,1588902240.0,2.7861,2.7861,2.7821,2.7843,1329.56
2020-05-08 01:45:00,1588902300.0,2.7843,2.788,2.784,2.7858,5935.91
2020-05-08 01:46:00,1588902360.0,2.7864,2.7864,2.7825,2.7843,1871.42
2020-05-08 01:47:00,1588902420.0,2.7835,2.7878,2.7835,2.786,4809.68
2020-05-08 01:48:00,1588902480.0,2.7858,2.7873,2.7855,2.7872,1198.79
2020-05-08 01:49:00,1588902540.0,2.7872,2.7893,2.7872,2.7878,636.42
2020-05-08 01:50:00,1588902600.0,2.7883,2.7905,2.7883,2.7896,1968.74
2020-05-08 01:51:00,1588902660.0,2.789,2.7902,2.7887,2.7887,1324.57
2020-05-08 01:52:00,1588902720.0,2.79,2.79,2.7884,2.7888,25.08
2020-05-08 01:53:00,1588902780.0,2.7888,2.7903,2.7881,2.7883,408.25
2020-05-08 01:54:00,1588902840.0,2.7883,2.7901,2.788,2.7899,1232.48
2020-05-08 01:55:00,1588902900.0,2.7899,2.7905,2.7892,2.7895,895.04
2020-05-08 01:56:00,1588902960.0,2.7895,2.7935,2.7891,2.7931,2006.39
2020-05-08 01:57:00,1588903020.0,2.7924,2.793,2.7895,2.7895,3198.91
2020-05-08 01:58:00,1588903080.0,2.7895,2.7895,2.7879,2.7885,626.99
2020-05-08 01:59:00,1588903140.0,2.7892,2.7926,2.7892,2.7902,8368.53
2020-05-08 02:00:00,1588903200.0,2.7903,2.7913,2.7887,2.7888,2663.39
2020-05-08 02:01:00,1588903260.0,2.7889,2.7893,2.7876,2.7877,231.2
2020-05-08 02:02:00,1588903320.0,2.7887,2.7931,2.7882,2.7931,1611.09
2020-05-08 02:03:00,1588903380.0,2.7929,2.7929,2.7891,2.7902,1844.33
2020-05-08 02:04:00,1588903440.0,2.7889,2.7891,2.7857,2.7857,1349.54
2020-05-08 02:05:00,1588903500.0,2.7861,2.7885,2.7855,2.7879,1504.26
2020-05-08 02:06:00,1588903560.0,2.788,2.7883,2.7856,2.7856,665.27
2020-05-08 02:07:00,1588903620.0,2.7855,2.7855,2.7821,2.7849,3629.93
2020-05-08 02:08:00,1588903680.0,2.7849,2.7849,2.783,2.7847,1209.31
2020-05-08 02:09:00,1588903740.0,2.7846,2.7848,2.7832,2.7845,1712.87
2020-05-08 02:10:00,1588903800.0,2.784,2.784,2.7802,2.7809,2947.6
2020-05-08 02:11:00,1588903860.0,2.7803,2.7831,2.7803,2.7826,3421.81
2020-05-08 02:12:00,1588903920.0,2.7826,2.7833,2.78,2.7805,10169.11
2020-05-08 02:13:00,1588903980.0,2.78,2.7813,2.7792,2.7797,6830.18
2020-05-08 02:14:00,1588904040.0,2.7802,2.7807,2.7787,2.7788,2097.5
2020-05-08 02:15:00,1588904100.0,2.779,2.7792,2.7771,2.7783,9044.79
2020-05-08 02:16:00,1588904160.0,2.7775,2.7775,2.7747,2.7763,7768.01
2020-05-08 02:17:00,1588904220.0,2.7766,2.7775,2.7746,2.7769,1227.54
2020-05-08 02:18:00,1588904280.0,2.777,2.779,2.7757,2.7787,5308.2
2020-05-08 02:19:00,1588904340.0,2.7791,2.7824,2.7791,2.7805,4171.26
2020-05-08 02:20:00,1588904400.0,2.7802,2.7842,2.7797,2.783,5591.83
2020-05-08 02:21:00,1588904460.0,2.7832,2.786,2.7832,2.786,1755.78
2020-05-08 02:22:00,1588904520.0,2.7859,2.7862,2.7839,2.785,1827.33
2020-05-08 02:23:00,1588904580.0,2.7842,2.7842,2.7778,2.7778,6691.33
2020-05-08 02:24:00,1588904640.0,2.7778,2.7805,2.7776,2.779,3226.81
2020-05-08 02:25:00,1588904700.0,2.779,2.7815,2.779,2.7811,5305.4
2020-05-08 02:26:00,1588904760.0,2.7795,2.7808,2.7767,2.7778,5470.28
2020-05-08 02:27:00,1588904820.0,2.7782,2.7784,2.7767,2.7769,279.02
2020-05-08 02:28:00,1588904880.0,2.7773,2.7784,2.777,2.777,1252.44
2020-05-08 02:29:00,1588904940.0,2.7772,2.7802,2.7772,2.7791,1567.69
2020-05-08 02:30:00,1588905000.0,2.7796,2.7796,2.7769,2.7775,2409.76
2020-05-08 02:31:00,1588905060.0,2.7778,2.7797,2.7771,2.7795,2663.65
2020-05-08 02:32:00,1588905120.0,2.7791,2.7791,2.7742,2.7742,2099.07
2020-05-08 02:33:00,1588905180.0,2.7744,2.7785,2.7729,2.7783,9917.56
2020-05-08 02:34:00,1588905240.0,2.7779,2.7786,2.7758,2.7778,3244.85
2020-05-08 02:35:00,1588905300.0,2.7783,2.7811,2.7775,2.7793,2350.73
2020-05-08 02:36:00,1588905360.0,2.7808,2.7812,2.7771,2.7771,3502.44
2020-05-08 02:37:00,1588905420.0,2.7768,2.777,2.7758,2.7763,1161.58
2020-05-08 02:38:00,1588905480.0,2.776,2.7769,2.7755,2.7767,1272.76
2020-05-08 02:39:00,1588905540.0,2.7761,2.7764,2.7743,2.7751,1757.23
2020-05-08 02:40:00,1588905600.0,2.775,2.7763,2.771,2.7756,4981.41
2020-05-08 02:41:00,1588905660.0,2.7758,2.7758,2.7715,2.7715,3107.15
2020-05-08 02:42:00,1588905720.0,2.7721,2.7725,2.7623,2.7623,40435.72
2020-05-08 02:43:00,1588905780.0,2.7624,2.7671,2.7624,2.7645,11929.17
2020-05-08 02:44:00,1588905840.0,2.7647,2.766,2.7621,2.7621,5375.96
2020-05-08 02:45:00,1588905900.0,2.7626,2.7652,2.7616,2.7652,1365.12
2020-05-08 02:46:00,1588905960.0,2.7652,2.7662,2.7631,2.7662,5081.61
2020-05-08 02:47:00,1588906020.0,2.7661,2.7674,2.7654,2.7654,1473.53
2020-05-08 02:48:00,1588906080.0,2.7661,2.7676,2.7656,2.7658,266.12
2020-05-08 02:49:00,1588906140.0,2.767,2.767,2.7646,2.7648,2605.13
2020-05-08 02:50:00,1588906200.0,2.765,2.7662,2.7646,2.7651,918.7
2020-05-08 02:51:00,1588906260.0,2.7657,2.7662,2.765,2.766,1481.43
2020-05-08 02:52:00,1588906320.0,2.7671,2.7671,2.7647,2.7647,604.75
2020-05-08 02:53:00,1588906380.0,2.7647,2.7649,2.764,2.7644,1023.36
2020-05-08 02:54:00,1588906440.0,2.765,2.7672,2.765,2.7672,384.14
2020-05-08 02:55:00,1588906500.0,2.7671,2.7693,2.7668,2.769,416.68
2020-05-08 02:56:00,1588906560.0,2.7682,2.7683,2.7665,2.7678,1461.6
2020-05-08 02:57:00,1588906620.0,2.7668,2.7693,2.7668,2.769,4042.28
2020-05-08 02:58:00,1588906680.0,2.7689,2.7691,2.7666,2.7667,2305.26
2020-05-08 02:59:00,1588906740.0,2.7668,2.7668,2.7652,2.7652,3057.9
2020-05-08 03:00:00,1588906800.0,2.7648,2.7656,2.7616,2.7617,4712.05
2020-05-08 03:01:00,1588906860.0,2.762,2.7624,2.7602,2.7615,5168.23
2020-05-08 03:02:00,1588906920.0,2.7603,2.7607,2.7582,2.7585,30831.87
2020-05-08 03:03:00,1588906980.0,2.7593,2.7602,2.7576,2.7577,9860.76
2020-05-08 03:04:00,1588907040.0,2.7577,2.7586,2.7526,2.7585,18208.31
2020-05-08 03:05:00,1588907100.0,2.7584,2.7593,2.7542,2.7571,5299.1
2020-05-08 03:06:00,1588907160.0,2.7578,2.7602,2.7568,2.7595,845.62
2020-05-08 03:07:00,1588907220.0,2.7588,2.7594,2.7563,2.7565,1581.04
2020-05-08 03:08:00,1588907280.0,2.756,2.759,2.7553,2.7553,1009.79
2020-05-08 03:09:00,1588907340.0,2.7573,2.7573,2.7519,2.7556,9138.73
2020-05-08 03:10:00,1588907400.0,2.7563,2.7563,2.753,2.7531,4402.01
2020-05-08 03:11:00,1588907460.0,2.7537,2.7544,2.7522,2.7544,4283.42
2020-05-08 03:12:00,1588907520.0,2.7539,2.7552,2.7521,2.7547,4822.36
2020-05-08 03:13:00,1588907580.0,2.7547,2.7567,2.7529,2.7557,2442.28
2020-05-08 03:14:00,1588907640.0,2.7567,2.7567,2.7554,2.7563,2405.25
2020-05-08 03:15:00,1588907700.0,2.7557,2.7563,2.7547,2.7551,1450.56
2020-05-08 03:16:00,1588907760.0,2.7554,2.756,2.7549,2.7553,732.53
2020-05-08 03:17:00,1588907820.0,2.7551,2.7557,2.7547,2.7556,949.61
2020-05-08 03:18:00,1588907880.0,2.7559,2.7581,2.7559,2.758,4819.8
2020-05-08 03:19:00,1588907940.0,2.758,2.7602,2.7574,2.7589,1715.77
2020-05-08 03:20:00,1588908000.0,2.7591,2.7612,2.7587,2.761,14438.6
2020-05-08 03:21:00,1588908060.0,2.7602,2.7616,2.7594,2.7603,4349.26
2020-05-08 03:22:00,1588908120.0,2.7604,2.7622,2.7599,2.7608,3609.87
2020-05-08 03:23:00,1588908180.0,2.7612,2.7621,2.7597,2.7603,9361.54
2020-05-08 03:24:00,1588908240.0,2.7607,2.7616,2.7584,2.7594,11558.59
2020-05-08 03:25:00,1588908300.0,2.7594,2.7629,2.759,2.7628,3626.85
2020-05-08 03:26:00,1588908360.0,2.7626,2.7627,2.7612,2.7616,2871.49
2020-05-08 03:27:00,1588908420.0,2.7615,2.7625,2.7611,2.7622,1216.06
2020-05-08 03:28:00,1588908480.0,2.7621,2.7624,2.7619,2.7619,76.23
2020-05-08 03:29:00,1588908540.0,2.762,2.7624,2.7607,2.7607,2705.19
2020-05-08 03:30:00,1588908600.0,2.7605,2.7606,2.7575,2.7584,1195.64
2020-05-08 03:31:00,1588908660.0,2.7578,2.7582,2.7569,2.7582,190.28
2020-05-08 03:32:00,1588908720.0,2.7574,2.7578,2.7556,2.7564,3179.95
2020-05-08 03:33:00,1588908780.0,2.7556,2.7596,2.755,2.7596,3221.5
2020-05-08 03:34:00,1588908840.0,2.7598,2.7659,2.7592,2.7649,6103.06
2020-05-08 03:35:00,1588908900.0,2.7652,2.7686,2.7652,2.7679,5956.48
2020-05-08 03:36:00,1588908960.0,2.7679,2.769,2.7675,2.7676,3637.6
2020-05-08 03:37:00,1588909020.0,2.7677,2.7688,2.7656,2.7672,14426.37
2020-05-08 03:38:00,1588909080.0,2.7678,2.7685,2.766,2.7678,1823.54
2020-05-08 03:39:00,1588909140.0,2.7668,2.7693,2.7648,2.7661,1746.92
2020-05-08 03:40:00,1588909200.0,2.7659,2.7684,2.7648,2.7672,2155.38
2020-05-08 03:41:00,1588909260.0,2.7668,2.7668,2.7654,2.7664,1581.65
2020-05-08 03:42:00,1588909320.0,2.7664,2.7664,2.7645,2.7658,1289.26
2020-05-08 03:43:00,1588909380.0,2.765,2.7681,2.7648,2.7656,2083.97
2020-05-08 03:44:00,1588909440.0,2.7658,2.7672,2.7654,2.7663,686.86
2020-05-08 03:45:00,1588909500.0,2.7662,2.7691,2.7662,2.7689,602.19
2020-05-08 03:46:00,1588909560.0,2.7694,2.7699,2.7672,2.7699,888.92
2020-05-08 03:47:00,1588909620.0,2.7693,2.7706,2.7692,2.7703,1433.89
2020-05-08 03:48:00,1588909680.0,2.7704,2.7711,2.7646,2.7646,15258.63
2020-05-08 03:49:00,1588909740.0,2.765,2.7678,2.7644,2.767,3655.51
2020-05-08 03:50:00,1588909800.0,2.7681,2.7681,2.7649,2.7649,769.76
2020-05-08 03:51:00,1588909860.0,2.7649,2.7657,2.7637,2.7657,5127.74
2020-05-08 03:52:00,1588909920.0,2.7657,2.7696,2.7654,2.7666,13415.04
2020-05-08 03:53:00,1588909980.0,2.7671,2.7677,2.7662,2.7666,1236.97
2020-05-08 03:54:00,1588910040.0,2.767,2.7672,2.765,2.7654,2130.71
2020-05-08 03:55:00,1588910100.0,2.7652,2.7662,2.7649,2.7658,616.2
2020-05-08 03:56:00,1588910160.0,2.7671,2.7671,2.7655,2.7658,1797.9
2020-05-08 03:57:00,1588910220.0,2.7657,2.7658,2.764,2.7641,1073.89
2020-05-08 03:58:00,1588910280.0,2.765,2.7677,2.7643,2.7665,1665.13
2020-05-08 03:59:00,1588910340.0,2.7676,2.7676,2.7662,2.7671,507.8
2020-05-08 04:00:00,1588910400.0,2.7674,2.7675,2.7647,2.765,3089.25
2020-05-08 04:01:00,1588910460.0,2.7651,2.7657,2.7632,2.7632,3977.67
2020-05-08 04:02:00,1588910520.0,2.7637,2.7662,2.7627,2.7652,3254.21
2020-05-08 04:03:00,1588910580.0,2.7647,2.7651,2.7606,2.7606,6052.44
2020-05-08 04:04:00,1588910640.0,2.7611,2.7633,2.7609,2.7633,1591.83
2020-05-08 04:05:00,1588910700.0,2.7631,2.7632,2.7615,2.7624,335.07
2020-05-08 04:06:00,1588910760.0,2.7624,2.7655,2.7622,2.7639,5045.83
2020-05-08 04:07:00,1588910820.0,2.7641,2.7643,2.7629,2.7639,1383.44
2020-05-08 04:08:00,1588910880.0,2.7623,2.7627,2.7601,2.7608,838.85
2020-05-08 04:09:00,1588910940.0,2.761,2.7633,2.761,2.7629,10374.32
2020-05-08 04:10:00,1588911000.0,2.7624,2.7642,2.7624,2.7631,4225.39
2020-05-08 04:11:00,1588911060.0,2.7622,2.7629,2.7601,2.7601,2116.64
2020-05-08 04:12:00,1588911120.0,2.7602,2.7611,2.7592,2.761,3217.36
2020-05-08 04:13:00,1588911180.0,2.7607,2.7613,2.76,2.76,312.98
2020-05-08 04:14:00,1588911240.0,2.7598,2.7608,2.7582,2.7582,7004.03
2020-05-08 04:15:00,1588911300.0,2.758,2.7637,2.7576,2.7616,6948.67
2020-05-08 04:16:00,1588911360.0,2.762,2.7633,2.7581,2.7581,5609.2
2020-05-08 04:17:00,1588911420.0,2.7596,2.7611,2.757,2.757,11410.16
2020-05-08 04:18:00,1588911480.0,2.757,2.7575,2.7549,2.7563,22392.58
2020-05-08 04:19:00,1588911540.0,2.7554,2.7572,2.7526,2.7537,16786.38
2020-05-08 04:20:00,1588911600.0,2.7529,2.7576,2.7529,2.7543,6368.24
2020-05-08 04:21:00,1588911660.0,2.755,2.755,2.7526,2.7535,10613.99
2020-05-08 04:22:00,1588911720.0,2.7525,2.7552,2.752,2.7527,11518.11
2020-05-08 04:23:00,1588911780.0,2.7529,2.7546,2.7529,2.7537,3050.35
2020-05-08 04:24:00,1588911840.0,2.7537,2.7545,2.7521,2.753,2559.34
2020-05-08 04:25:00,1588911900.0,2.7539,2.7559,2.7526,2.7542,12058.92
2020-05-08 04:26:00,1588911960.0,2.7559,2.7577,2.755,2.755,1890.4
2020-05-08 04:27:00,1588912020.0,2.7567,2.7574,2.7554,2.7574,705.64
2020-05-08 04:28:00,1588912080.0,2.7576,2.759,2.7556,2.7589,908.1
2020-05-08 04:29:00,1588912140.0,2.759,2.7592,2.7574,2.7578,483.97
2020-05-08 04:30:00,1588912200.0,2.7588,2.7588,2.7557,2.7572,6600.57
2020-05-08 04:31:00,1588912260.0,2.7571,2.7578,2.7557,2.7568,3951.69
2020-05-08 04:32:00,1588912320.0,2.7569,2.7578,2.7555,2.7566,1050.5
2020-05-08 04:33:00,1588912380.0,2.7556,2.7569,2.7556,2.7562,1022.24
2020-05-08 04:34:00,1588912440.0,2.7567,2.7575,2.7564,2.7571,339.83
2020-05-08 04:35:00,1588912500.0,2.757,2.758,2.756,2.7571,558.26
2020-05-08 04:36:00,1588912560.0,2.758,2.7594,2.7576,2.7576,2199.94
2020-05-08 04:37:00,1588912620.0,2.7586,2.7586,2.7563,2.7578,366.23
2020-05-08 04:38:00,1588912680.0,2.7584,2.7593,2.7567,2.7567,2155.75
2020-05-08 04:39:00,1588912740.0,2.7567,2.7571,2.7551,2.7566,10644.8
2020-05-08 04:40:00,1588912800.0,2.7566,2.7596,2.7564,2.7579,1607.32
2020-05-08 04:41:00,1588912860.0,2.758,2.7585,2.7564,2.7574,1328.0
2020-05-08 04:42:00,1588912920.0,2.7579,2.7608,2.7575,2.7605,10034.91
2020-05-08 04:43:00,1588912980.0,2.7598,2.7619,2.7598,2.7619,356.93
2020-05-08 04:44:00,1588913040.0,2.7616,2.7631,2.7611,2.7621,3155.41
2020-05-08 04:45:00,1588913100.0,2.7622,2.7634,2.7613,2.7623,3382.95
2020-05-08 04:46:00,1588913160.0,2.7629,2.7637,2.7594,2.7623,6953.21
2020-05-08 04:47:00,1588913220.0,2.7621,2.7647,2.7616,2.7619,3621.32
2020-05-08 04:48:00,1588913280.0,2.7618,2.7653,2.7617,2.7643,8752.54
2020-05-08 04:49:00,1588913340.0,2.7641,2.7665,2.7639,2.7659,3511.64
2020-05-08 04:50:00,1588913400.0,2.766,2.7683,2.7628,2.7646,11288.7
2020-05-08 04:51:00,1588913460.0,2.7647,2.7657,2.764,2.7649,1017.5
2020-05-08 04:52:00,1588913520.0,2.7644,2.7667,2.7639,2.7667,1368.94
2020-05-08 04:53:00,1588913580.0,2.7659,2.7673,2.7653,2.7672,2594.31
2020-05-08 04:54:00,1588913640.0,2.7663,2.767,2.7657,2.7667,564.19
2020-05-08 04:55:00,1588913700.0,2.7661,2.7661,2.7626,2.7637,5878.58
2020-05-08 04:56:00,1588913760.0,2.7636,2.7673,2.7636,2.7665,3602.12
2020-05-08 04:57:00,1588913820.0,2.7661,2.7688,2.7659,2.768,11216.84
2020-05-08 04:58:00,1588913880.0,2.7682,2.7696,2.7678,2.769,1987.07
2020-05-08 04:59:00,1588913940.0,2.7684,2.7695,2.7651,2.7656,5648.1
2020-05-08 05:00:00,1588914000.0,2.7658,2.7663,2.7633,2.7649,3462.45
2020-05-08 05:01:00,1588914060.0,2.7649,2.7666,2.7646,2.7652,2914.51
2020-05-08 05:02:00,1588914120.0,2.7654,2.7656,2.7631,2.7631,1360.59
2020-05-08 05:03:00,1588914180.0,2.7632,2.7643,2.7628,2.7636,603.88
2020-05-08 05:04:00,1588914240.0,2.7633,2.7633,2.7626,2.7627,938.29
2020-05-08 05:05:00,1588914300.0,2.7624,2.7646,2.7624,2.7641,1626.93
2020-05-08 05:06:00,1588914360.0,2.7643,2.7656,2.7627,2.7648,11319.01
2020-05-08 05:07:00,1588914420.0,2.7657,2.7663,2.7645,2.7645,881.58
2020-05-08 05:08:00,1588914480.0,2.7629,2.7707,2.7629,2.7705,14978.74
2020-05-08 05:09:00,1588914540.0,2.7705,2.7795,2.7704,2.7776,61756.04
2020-05-08 05:10:00,1588914600.0,2.7771,2.7771,2.7718,2.7739,22994.78
2020-05-08 05:11:00,1588914660.0,2.7744,2.7744,2.7651,2.7677,17051.44
2020-05-08 05:12:00,1588914720.0,2.7672,2.7672,2.7625,2.7634,6132.91
2020-05-08 05:13:00,1588914780.0,2.7641,2.7646,2.7629,2.7643,484.61
2020-05-08 05:14:00,1588914840.0,2.7635,2.764,2.7615,2.7619,6713.83
2020-05-08 05:15:00,1588914900.0,2.7614,2.7615,2.7594,2.7603,9840.69
2020-05-08 05:16:00,1588914960.0,2.7602,2.7608,2.7594,2.7596,1463.6
2020-05-08 05:17:00,1588915020.0,2.7594,2.7595,2.7572,2.7593,5508.68
2020-05-08 05:18:00,1588915080.0,2.7597,2.7599,2.7592,2.7599,519.7
2020-05-08 05:19:00,1588915140.0,2.7594,2.7605,2.759,2.7591,952.23
2020-05-08 05:20:00,1588915200.0,2.7593,2.7594,2.7562,2.7566,3956.17
2020-05-08 05:21:00,1588915260.0,2.7567,2.7575,2.7127,2.7251,200600.23
2020-05-08 05:22:00,1588915320.0,2.7251,2.735,2.7168,2.7208,160521.29
2020-05-08 05:23:00,1588915380.0,2.7206,2.7284,2.7184,2.7255,40977.36
2020-05-08 05:24:00,1588915440.0,2.7263,2.7273,2.7205,2.7268,30954.15
2020-05-08 05:25:00,1588915500.0,2.725,2.7269,2.7237,2.7246,5324.29
2020-05-08 05:26:00,1588915560.0,2.7248,2.7254,2.718,2.7206,20370.8
2020-05-08 05:27:00,1588915620.0,2.7187,2.7265,2.7179,2.7259,12204.12
2020-05-08 05:28:00,1588915680.0,2.7258,2.732,2.725,2.7311,7515.26
2020-05-08 05:29:00,1588915740.0,2.731,2.7324,2.7265,2.7313,12825.77
2020-05-08 05:30:00,1588915800.0,2.7315,2.7367,2.7287,2.7355,24947.89
2020-05-08 05:31:00,1588915860.0,2.7366,2.7393,2.7341,2.736,20994.34
2020-05-08 05:32:00,1588915920.0,2.7358,2.7358,2.7309,2.7333,3759.19
2020-05-08 05:33:00,1588915980.0,2.7336,2.7375,2.7332,2.7375,2431.08
2020-05-08 05:34:00,1588916040.0,2.7364,2.7377,2.7358,2.736,1731.67
2020-05-08 05:35:00,1588916100.0,2.7373,2.7373,2.7322,2.7325,6366.08
2020-05-08 05:36:00,1588916160.0,2.7325,2.7325,2.7281,2.7299,8379.94
2020-05-08 05:37:00,1588916220.0,2.7293,2.7306,2.7284,2.7293,1841.57
2020-05-08 05:38:00,1588916280.0,2.7294,2.7311,2.7284,2.7286,1858.24
2020-05-08 05:39:00,1588916340.0,2.7287,2.7326,2.7281,2.7301,3910.13
2020-05-08 05:40:00,1588916400.0,2.7312,2.7351,2.7312,2.733,8407.35
2020-05-08 05:41:00,1588916460.0,2.733,2.735,2.7312,2.735,4556.45
2020-05-08 05:42:00,1588916520.0,2.735,2.7367,2.733,2.7348,3934.84
2020-05-08 05:43:00,1588916580.0,2.735,2.7363,2.7336,2.735,2637.71
2020-05-08 05:44:00,1588916640.0,2.735,2.7382,2.7348,2.7362,1426.7
2020-05-08 05:45:00,1588916700.0,2.7365,2.7372,2.732,2.7365,7166.27
2020-05-08 05:46:00,1588916760.0,2.7374,2.7376,2.7356,2.7362,2023.6
2020-05-08 05:47:00,1588916820.0,2.7363,2.7373,2.7352,2.7356,1413.67
2020-05-08 05:48:00,1588916880.0,2.7354,2.7367,2.7343,2.7354,6555.54
2020-05-08 05:49:00,1588916940.0,2.7362,2.7374,2.7343,2.735,1641.34
2020-05-08 05:50:00,1588917000.0,2.7343,2.7383,2.7328,2.7376,6895.12
2020-05-08 05:51:00,1588917060.0,2.7378,2.738,2.7369,2.7369,477.9
2020-05-08 05:52:00,1588917120.0,2.7367,2.7371,2.7331,2.7334,3014.47
2020-05-08 05:53:00,1588917180.0,2.7345,2.7383,2.7341,2.7341,3456.92
2020-05-08 05:54:00,1588917240.0,2.734,2.7353,2.7332,2.7341,1173.27
2020-05-08 05:55:00,1588917300.0,2.7344,2.738,2.7344,2.7348,3657.31
2020-05-08 05:56:00,1588917360.0,2.7343,2.7375,2.7341,2.7352,1848.45
2020-05-08 05:57:00,1588917420.0,2.7353,2.7386,2.7352,2.7367,2436.67
2020-05-08 05:58:00,1588917480.0,2.736,2.7361,2.7303,2.7334,11172.97
2020-05-08 05:59:00,1588917540.0,2.7317,2.7335,2.7295,2.7306,6029.77
2020-05-08 06:00:00,1588917600.0,2.7291,2.7307,2.7267,2.7295,14801.43
2020-05-08 06:01:00,1588917660.0,2.7295,2.7295,2.7261,2.7267,7202.73
2020-05-08 06:02:00,1588917720.0,2.7266,2.7284,2.7246,2.7248,7093.54
2020-05-08 06:03:00,1588917780.0,2.7248,2.7259,2.7233,2.7233,2581.42
2020-05-08 06:04:00,1588917840.0,2.7234,2.7262,2.7227,2.724,15105.49
2020-05-08 06:05:00,1588917900.0,2.725,2.7263,2.7222,2.7255,2328.3
2020-05-08 06:06:00,1588917960.0,2.7255,2.7288,2.7255,2.7288,1116.62
2020-05-08 06:07:00,1588918020.0,2.7288,2.7289,2.7227,2.7236,9507.53
2020-05-08 06:08:00,1588918080.0,2.7236,2.7257,2.7213,2.722,3938.99
2020-05-08 06:09:00,1588918140.0,2.722,2.7227,2.7005,2.7109,86240.68
2020-05-08 06:10:00,1588918200.0,2.71,2.7171,2.7085,2.7159,22166.21
2020-05-08 06:11:00,1588918260.0,2.7148,2.7172,2.7128,2.715,3707.5
2020-05-08 06:12:00,1588918320.0,2.7155,2.7172,2.7113,2.7136,2055.06
2020-05-08 06:13:00,1588918380.0,2.7148,2.7224,2.7148,2.7224,12005.33
2020-05-08 06:14:00,1588918440.0,2.7226,2.7226,2.7195,2.7199,4858.0
2020-05-08 06:15:00,1588918500.0,2.72,2.722,2.7196,2.7196,4553.61
2020-05-08 06:16:00,1588918560.0,2.7198,2.725,2.7193,2.7249,5783.77
2020-05-08 06:17:00,1588918620.0,2.725,2.7285,2.7246,2.7278,15118.21
2020-05-08 06:18:00,1588918680.0,2.728,2.7292,2.7259,2.7292,16096.65
2020-05-08 06:19:00,1588918740.0,2.7283,2.7308,2.7278,2.7287,14231.14
2020-05-08 06:20:00,1588918800.0,2.729,2.729,2.7244,2.7263,9404.97
2020-05-08 06:21:00,1588918860.0,2.7263,2.7278,2.7247,2.7265,7594.32
2020-05-08 06:22:00,1588918920.0,2.7267,2.7278,2.7205,2.7224,8583.96
2020-05-08 06:23:00,1588918980.0,2.7222,2.7241,2.7165,2.7169,4659.22
2020-05-08 06:24:00,1588919040.0,2.7163,2.7183,2.7143,2.715,5290.4
2020-05-08 06:25:00,1588919100.0,2.7136,2.7172,2.7115,2.7171,9731.21
2020-05-08 06:26:00,1588919160.0,2.7172,2.72,2.7166,2.72,2615.32
2020-05-08 06:27:00,1588919220.0,2.7199,2.7226,2.7193,2.7226,26640.14
2020-05-08 06:28:00,1588919280.0,2.7227,2.725,2.7227,2.725,9546.93
2020-05-08 06:29:00,1588919340.0,2.725,2.725,2.7202,2.7204,1362.65
2020-05-08 06:30:00,1588919400.0,2.7199,2.7199,2.7146,2.7159,6095.87
2020-05-08 06:31:00,1588919460.0,2.7166,2.7166,2.7086,2.7102,9645.35
2020-05-08 06:32:00,1588919520.0,2.7096,2.7098,2.6988,2.7094,55247.74
2020-05-08 06:33:00,1588919580.0,2.7084,2.7092,2.7044,2.7081,8743.25
2020-05-08 06:34:00,1588919640.0,2.7081,2.7129,2.7081,2.7129,6676.15
2020-05-08 06:35:00,1588919700.0,2.7131,2.7131,2.7065,2.7082,5911.65
2020-05-08 06:36:00,1588919760.0,2.7078,2.708,2.7007,2.7047,2938.35
2020-05-08 06:37:00,1588919820.0,2.7042,2.7054,2.7004,2.7004,11480.84
2020-05-08 06:38:00,1588919880.0,2.7,2.7098,2.6989,2.7098,14914.65
2020-05-08 06:39:00,1588919940.0,2.7102,2.7116,2.708,2.7093,3723.24
2020-05-08 06:40:00,1588920000.0,2.7105,2.7137,2.7105,2.7137,1729.22
2020-05-08 06:41:00,1588920060.0,2.7132,2.7142,2.7111,2.7123,1607.09
2020-05-08 06:42:00,1588920120.0,2.7124,2.7124,2.7016,2.7047,18247.15
2020-05-08 06:43:00,1588920180.0,2.7045,2.7103,2.7037,2.7061,24393.89
2020-05-08 06:44:00,1588920240.0,2.7069,2.7099,2.7064,2.7073,3812.21
2020-05-08 06:45:00,1588920300.0,2.7058,2.7058,2.701,2.7025,6181.4
2020-05-08 06:46:00,1588920360.0,2.7014,2.7115,2.701,2.7114,11677.49
2020-05-08 06:47:00,1588920420.0,2.7116,2.7171,2.7116,2.7153,14506.47
2020-05-08 06:48:00,1588920480.0,2.7144,2.7166,2.7115,2.7135,9043.48
2020-05-08 06:49:00,1588920540.0,2.7135,2.7162,2.7125,2.7128,4783.03
2020-05-08 06:50:00,1588920600.0,2.713,2.7173,2.7115,2.7171,1672.9
2020-05-08 06:51:00,1588920660.0,2.7166,2.7189,2.7155,2.7189,2234.73
2020-05-08 06:52:00,1588920720.0,2.7189,2.72,2.717,2.7177,1919.25
2020-05-08 06:53:00,1588920780.0,2.7171,2.7177,2.7133,2.7152,9102.18
2020-05-08 06:54:00,1588920840.0,2.715,2.7156,2.7138,2.7147,2096.51
2020-05-08 06:55:00,1588920900.0,2.7154,2.7154,2.7103,2.7115,7041.17
2020-05-08 06:56:00,1588920960.0,2.7128,2.7128,2.7098,2.7098,3970.95
2020-05-08 06:57:00,1588921020.0,2.7106,2.7125,2.7095,2.7105,2704.88
2020-05-08 06:58:00,1588921080.0,2.7105,2.7105,2.7074,2.71,6543.98
2020-05-08 06:59:00,1588921140.0,2.71,2.7146,2.7089,2.7146,3087.43
2020-05-08 07:00:00,1588921200.0,2.7138,2.7138,2.7031,2.7035,8224.43
2020-05-08 07:01:00,1588921260.0,2.7044,2.7112,2.7044,2.7073,8195.69
2020-05-08 07:02:00,1588921320.0,2.7076,2.7091,2.7039,2.7051,3502.25
2020-05-08 07:03:00,1588921380.0,2.7051,2.7099,2.7018,2.7094,11767.48
2020-05-08 07:04:00,1588921440.0,2.7099,2.7116,2.708,2.708,2360.43
2020-05-08 07:05:00,1588921500.0,2.7081,2.7102,2.707,2.7102,4123.8
2020-05-08 07:06:00,1588921560.0,2.7104,2.7151,2.7101,2.7151,13042.15
2020-05-08 07:07:00,1588921620.0,2.7145,2.7166,2.7143,2.7163,2829.39
2020-05-08 07:08:00,1588921680.0,2.7168,2.7225,2.7168,2.7223,9838.31
2020-05-08 07:09:00,1588921740.0,2.7224,2.7227,2.7172,2.7212,10591.31
2020-05-08 07:10:00,1588921800.0,2.7219,2.7219,2.7185,2.7192,2487.58
2020-05-08 07:11:00,1588921860.0,2.7187,2.7205,2.7178,2.7189,3650.37
2020-05-08 07:12:00,1588921920.0,2.7185,2.7222,2.7185,2.7222,6965.84
2020-05-08 07:13:00,1588921980.0,2.7209,2.7214,2.7193,2.7207,1958.8
2020-05-08 07:14:00,1588922040.0,2.7208,2.7239,2.7207,2.7219,4510.6
2020-05-08 07:15:00,1588922100.0,2.7218,2.7248,2.7218,2.7243,5229.02
2020-05-08 07:16:00,1588922160.0,2.7252,2.7255,2.7215,2.7233,22328.71
2020-05-08 07:17:00,1588922220.0,2.7234,2.7247,2.7194,2.7194,6847.56
2020-05-08 07:18:00,1588922280.0,2.7195,2.7211,2.7126,2.7178,20056.79
2020-05-08 07:19:00,1588922340.0,2.7184,2.7208,2.7164,2.7197,3855.98
2020-05-08 07:20:00,1588922400.0,2.7194,2.7218,2.7182,2.7192,4767.14
2020-05-08 07:21:00,1588922460.0,2.7201,2.722,2.7192,2.722,1206.5
2020-05-08 07:22:00,1588922520.0,2.7224,2.7224,2.7182,2.722,5680.26
2020-05-08 07:23:00,1588922580.0,2.722,2.722,2.7202,2.7207,345.94
2020-05-08 07:24:00,1588922640.0,2.7193,2.7227,2.7187,2.7227,2056.75
2020-05-08 07:25:00,1588922700.0,2.7223,2.7223,2.7194,2.7214,3241.09
2020-05-08 07:26:00,1588922760.0,2.721,2.7221,2.7195,2.7201,2097.18
2020-05-08 07:27:00,1588922820.0,2.7206,2.7207,2.7187,2.7205,2912.35
2020-05-08 07:28:00,1588922880.0,2.7208,2.722,2.7198,2.7215,1146.87
2020-05-08 07:29:00,1588922940.0,2.7216,2.7248,2.7216,2.7227,9278.0
2020-05-08 07:30:00,1588923000.0,2.7229,2.7229,2.7201,2.7218,3427.51
2020-05-08 07:31:00,1588923060.0,2.7208,2.7243,2.7206,2.7228,3568.52
2020-05-08 07:32:00,1588923120.0,2.7233,2.7244,2.7214,2.7223,2349.64
2020-05-08 07:33:00,1588923180.0,2.7223,2.7231,2.7198,2.7221,2015.15
2020-05-08 07:34:00,1588923240.0,2.722,2.7232,2.7202,2.7209,2088.46
2020-05-08 07:35:00,1588923300.0,2.7206,2.7252,2.7206,2.7222,7545.47
2020-05-08 07:36:00,1588923360.0,2.722,2.7233,2.7201,2.7207,3583.96
2020-05-08 07:37:00,1588923420.0,2.7201,2.7224,2.7187,2.7187,3599.43
2020-05-08 07:38:00,1588923480.0,2.7188,2.7194,2.7173,2.7182,3141.54
2020-05-08 07:39:00,1588923540.0,2.7176,2.7176,2.714,2.716,10961.48
2020-05-08 07:40:00,1588923600.0,2.7157,2.7174,2.7135,2.7164,5728.17
2020-05-08 07:41:00,1588923660.0,2.7161,2.7176,2.7127,2.7132,4983.25
2020-05-08 07:42:00,1588923720.0,2.7139,2.7139,2.711,2.7119,4526.52
2020-05-08 07:43:00,1588923780.0,2.7121,2.7125,2.71,2.7117,1133.3
2020-05-08 07:44:00,1588923840.0,2.7103,2.7137,2.7103,2.7123,2170.3
2020-05-08 07:45:00,1588923900.0,2.7111,2.7147,2.71,2.7147,5256.99
2020-05-08 07:46:00,1588923960.0,2.7146,2.7156,2.7133,2.7156,3135.62
2020-05-08 07:47:00,1588924020.0,2.7156,2.7162,2.7139,2.715,3855.67
2020-05-08 07:48:00,1588924080.0,2.7162,2.7171,2.7147,2.7171,2611.08
2020-05-08 07:49:00,1588924140.0,2.7168,2.7171,2.7152,2.7164,1042.23
2020-05-08 07:50:00,1588924200.0,2.7164,2.7191,2.7164,2.7176,5696.86
2020-05-08 07:51:00,1588924260.0,2.7172,2.7184,2.7172,2.7178,681.29
2020-05-08 07:52:00,1588924320.0,2.7178,2.718,2.717,2.717,526.74
2020-05-08 07:53:00,1588924380.0,2.717,2.7214,2.7166,2.7214,8882.75
2020-05-08 07:54:00,1588924440.0,2.7208,2.7214,2.7203,2.7206,2501.21
2020-05-08 07:55:00,1588924500.0,2.7223,2.7234,2.7213,2.7213,1141.99
2020-05-08 07:56:00,1588924560.0,2.7219,2.723,2.7159,2.7164,29126.2
2020-05-08 07:57:00,1588924620.0,2.7165,2.7194,2.7153,2.7172,6339.27
2020-05-08 07:58:00,1588924680.0,2.718,2.7187,2.7165,2.7176,4225.01
2020-05-08 07:59:00,1588924740.0,2.7163,2.7177,2.7163,2.7171,587.67
2020-05-08 08:00:00,1588924800.0,2.7169,2.7188,2.7162,2.7185,2278.69
2020-05-08 08:01:00,1588924860.0,2.7188,2.7193,2.7181,2.7183,2167.92
2020-05-08 08:02:00,1588924920.0,2.7181,2.7186,2.717,2.7181,1240.64
2020-05-08 08:03:00,1588924980.0,2.7169,2.7202,2.7166,2.7175,2681.55
2020-05-08 08:04:00,1588925040.0,2.7169,2.7188,2.7157,2.7182,5547.68
2020-05-08 08:05:00,1588925100.0,2.7183,2.7207,2.7183,2.72,2890.35
2020-05-08 08:06:00,1588925160.0,2.7199,2.7203,2.7168,2.7191,3664.33
2020-05-08 08:07:00,1588925220.0,2.7194,2.7198,2.7178,2.7197,1835.19
2020-05-08 08:08:00,1588925280.0,2.7197,2.7212,2.718,2.7203,6153.12
2020-05-08 08:09:00,1588925340.0,2.7201,2.7281,2.72,2.7249,20589.21
2020-05-08 08:10:00,1588925400.0,2.7248,2.727,2.7241,2.7243,4562.55
2020-05-08 08:11:00,1588925460.0,2.7243,2.7243,2.7212,2.722,4822.87
2020-05-08 08:12:00,1588925520.0,2.7222,2.7245,2.7204,2.7205,3893.39
2020-05-08 08:13:00,1588925580.0,2.7215,2.7219,2.72,2.7201,881.73
2020-05-08 08:14:00,1588925640.0,2.72,2.7218,2.7199,2.7203,1069.32
2020-05-08 08:15:00,1588925700.0,2.7202,2.7212,2.7192,2.7192,1615.39
2020-05-08 08:16:00,1588925760.0,2.7193,2.7246,2.7183,2.7225,8624.23
2020-05-08 08:17:00,1588925820.0,2.7225,2.7231,2.7225,2.7231,120.28
2020-05-08 08:18:00,1588925880.0,2.7231,2.7266,2.7231,2.7254,1929.09
2020-05-08 08:19:00,1588925940.0,2.7265,2.7288,2.7257,2.7271,3633.25
2020-05-08 08:20:00,1588926000.0,2.7285,2.7285,2.7229,2.724,6485.25
2020-05-08 08:21:00,1588926060.0,2.7232,2.7249,2.7231,2.7249,2723.89
2020-05-08 08:22:00,1588926120.0,2.7244,2.7251,2.7238,2.7251,772.37
2020-05-08 08:23:00,1588926180.0,2.7235,2.7256,2.7235,2.7256,331.96
2020-05-08 08:24:00,1588926240.0,2.7244,2.7248,2.723,2.7237,1884.95
2020-05-08 08:25:00,1588926300.0,2.7231,2.7241,2.723,2.7232,976.16
2020-05-08 08:26:00,1588926360.0,2.7232,2.7252,2.723,2.7242,1371.07
2020-05-08 08:27:00,1588926420.0,2.7237,2.7255,2.723,2.7233,2404.79
2020-05-08 08:28:00,1588926480.0,2.7235,2.725,2.7232,2.7242,578.06
2020-05-08 08:29:00,1588926540.0,2.7244,2.7295,2.7242,2.7282,9130.96
2020-05-08 08:30:00,1588926600.0,2.7293,2.73,2.728,2.7295,1355.89
2020-05-08 08:31:00,1588926660.0,2.7299,2.73,2.7282,2.7286,676.1
2020-05-08 08:32:00,1588926720.0,2.7294,2.73,2.7274,2.7284,2638.42
2020-05-08 08:33:00,1588926780.0,2.7282,2.7286,2.7275,2.7279,849.11
2020-05-08 08:34:00,1588926840.0,2.7285,2.7336,2.7285,2.7324,19574.36
2020-05-08 08:35:00,1588926900.0,2.7324,2.7342,2.7313,2.7342,6533.32
2020-05-08 08:36:00,1588926960.0,2.7342,2.7342,2.7316,2.7335,11199.44
2020-05-08 08:37:00,1588927020.0,2.7335,2.7339,2.73,2.7308,4581.6
2020-05-08 08:38:00,1588927080.0,2.73,2.7303,2.7279,2.7279,1784.51
2020-05-08 08:39:00,1588927140.0,2.7282,2.7292,2.7279,2.7279,1837.25
2020-05-08 08:40:00,1588927200.0,2.7279,2.729,2.7279,2.7279,1347.11
2020-05-08 08:41:00,1588927260.0,2.7279,2.7287,2.7267,2.7273,4075.01
2020-05-08 08:42:00,1588927320.0,2.7273,2.7295,2.7273,2.7292,571.24
2020-05-08 08:43:00,1588927380.0,2.7292,2.7296,2.7283,2.7294,741.55
2020-05-08 08:44:00,1588927440.0,2.7295,2.7295,2.726,2.7272,3114.33
2020-05-08 08:45:00,1588927500.0,2.7266,2.7283,2.7265,2.7283,1489.37
2020-05-08 08:46:00,1588927560.0,2.7272,2.7293,2.7259,2.7291,8064.09
2020-05-08 08:47:00,1588927620.0,2.7282,2.7301,2.7282,2.7301,798.83
2020-05-08 08:48:00,1588927680.0,2.73,2.7305,2.7294,2.7294,1039.45
2020-05-08 08:49:00,1588927740.0,2.7295,2.7303,2.7279,2.7296,1830.39
2020-05-08 08:50:00,1588927800.0,2.7298,2.73,2.7293,2.73,307.34
2020-05-08 08:51:00,1588927860.0,2.7282,2.7291,2.7264,2.7267,3752.89
2020-05-08 08:52:00,1588927920.0,2.7289,2.7289,2.7269,2.7269,427.81
2020-05-08 08:53:00,1588927980.0,2.7268,2.729,2.7268,2.7284,2739.88
2020-05-08 08:54:00,1588928040.0,2.7294,2.7302,2.726,2.726,2676.81
2020-05-08 08:55:00,1588928100.0,2.7277,2.7277,2.7251,2.726,2872.15
2020-05-08 08:56:00,1588928160.0,2.7258,2.7295,2.7258,2.7292,2489.09
2020-05-08 08:57:00,1588928220.0,2.7292,2.7293,2.7279,2.7285,2309.88
2020-05-08 08:58:00,1588928280.0,2.7278,2.7292,2.7271,2.7273,100.79
2020-05-08 08:59:00,1588928340.0,2.7273,2.7274,2.7259,2.7271,1671.39
2020-05-08 09:00:00,1588928400.0,2.7272,2.7274,2.7231,2.7253,5476.1
2020-05-08 09:01:00,1588928460.0,2.725,2.7259,2.7235,2.7259,1381.31
2020-05-08 09:02:00,1588928520.0,2.7263,2.727,2.7253,2.727,1226.97
2020-05-08 09:03:00,1588928580.0,2.7267,2.7273,2.7221,2.7232,3387.45
2020-05-08 09:04:00,1588928640.0,2.7231,2.7247,2.7227,2.723,3102.43
2020-05-08 09:05:00,1588928700.0,2.7233,2.7233,2.7209,2.7232,2195.29
2020-05-08 09:06:00,1588928760.0,2.7234,2.7234,2.721,2.722,3312.87
2020-05-08 09:07:00,1588928820.0,2.7213,2.722,2.7201,2.7216,1957.77
2020-05-08 09:08:00,1588928880.0,2.7215,2.7235,2.7195,2.7235,6981.3
2020-05-08 09:09:00,1588928940.0,2.7235,2.7244,2.7217,2.7218,5629.66
2020-05-08 09:10:00,1588929000.0,2.7229,2.7239,2.7206,2.7239,6150.86
2020-05-08 09:11:00,1588929060.0,2.724,2.724,2.7205,2.7229,5592.17
2020-05-08 09:12:00,1588929120.0,2.7212,2.723,2.7208,2.7213,689.17
2020-05-08 09:13:00,1588929180.0,2.7222,2.7233,2.7215,2.7229,860.96
2020-05-08 09:14:00,1588929240.0,2.7229,2.7245,2.7229,2.7241,890.03
2020-05-08 09:15:00,1588929300.0,2.7225,2.725,2.7225,2.7247,70.09
2020-05-08 09:16:00,1588929360.0,2.725,2.7253,2.7243,2.7251,1857.48
2020-05-08 09:17:00,1588929420.0,2.7253,2.7253,2.725,2.7253,682.25
2020-05-08 09:18:00,1588929480.0,2.7253,2.7261,2.7221,2.7224,5092.89
2020-05-08 09:19:00,1588929540.0,2.7237,2.7245,2.7228,2.7245,897.07
2020-05-08 09:20:00,1588929600.0,2.7238,2.7246,2.7238,2.7244,58.04
2020-05-08 09:21:00,1588929660.0,2.724,2.7294,2.724,2.7292,9919.26
2020-05-08 09:22:00,1588929720.0,2.7284,2.7297,2.7254,2.729,3686.57
2020-05-08 09:23:00,1588929780.0,2.7291,2.7299,2.7268,2.7276,2845.74
2020-05-08 09:24:00,1588929840.0,2.7269,2.7271,2.7257,2.7269,2407.3
2020-05-08 09:25:00,1588929900.0,2.7283,2.7297,2.7283,2.7296,1627.63
2020-05-08 09:26:00,1588929960.0,2.7286,2.7296,2.7279,2.7289,737.81
2020-05-08 09:27:00,1588930020.0,2.7283,2.7299,2.7272,2.7275,5912.05
2020-05-08 09:28:00,1588930080.0,2.7274,2.7274,2.722,2.7253,13447.1
2020-05-08 09:29:00,1588930140.0,2.7262,2.7262,2.7237,2.7244,1282.79
2020-05-08 09:30:00,1588930200.0,2.7233,2.7262,2.7231,2.7247,414.07
2020-05-08 09:31:00,1588930260.0,2.7256,2.7257,2.7237,2.7237,228.37
2020-05-08 09:32:00,1588930320.0,2.723,2.7237,2.721,2.7223,1626.41
2020-05-08 09:33:00,1588930380.0,2.722,2.7235,2.7212,2.7231,1554.29
2020-05-08 09:34:00,1588930440.0,2.7225,2.7247,2.7223,2.7245,466.62
2020-05-08 09:35:00,1588930500.0,2.7244,2.7244,2.7215,2.722,426.72
2020-05-08 09:36:00,1588930560.0,2.7221,2.7224,2.7213,2.7215,1575.08
2020-05-08 09:37:00,1588930620.0,2.7213,2.7219,2.7205,2.7216,1193.3
2020-05-08 09:38:00,1588930680.0,2.7216,2.7224,2.7207,2.7207,1296.72
2020-05-08 09:39:00,1588930740.0,2.7208,2.7209,2.7201,2.7201,241.13
2020-05-08 09:40:00,1588930800.0,2.7203,2.7254,2.7203,2.7248,5851.28
2020-05-08 09:41:00,1588930860.0,2.7249,2.726,2.7249,2.7259,2663.06
2020-05-08 09:42:00,1588930920.0,2.7267,2.7267,2.7201,2.7202,2819.85
2020-05-08 09:43:00,1588930980.0,2.7214,2.7233,2.7213,2.7214,569.68
2020-05-08 09:44:00,1588931040.0,2.7229,2.7249,2.7213,2.7249,278.37
2020-05-08 09:45:00,1588931100.0,2.7231,2.7242,2.7218,2.7218,607.29
2020-05-08 09:46:00,1588931160.0,2.7222,2.7233,2.7213,2.7231,3695.33
2020-05-08 09:47:00,1588931220.0,2.7233,2.7238,2.7219,2.7224,1191.17
2020-05-08 09:48:00,1588931280.0,2.7226,2.7226,2.719,2.72,7144.52
2020-05-08 09:49:00,1588931340.0,2.72,2.72,2.7183,2.7192,2034.88
2020-05-08 09:50:00,1588931400.0,2.7189,2.7192,2.7181,2.7183,190.94
2020-05-08 09:51:00,1588931460.0,2.718,2.7214,2.718,2.7203,1561.49
2020-05-08 09:52:00,1588931520.0,2.7206,2.7212,2.7196,2.7205,2289.19
2020-05-08 09:53:00,1588931580.0,2.7201,2.7214,2.7201,2.7212,540.49
2020-05-08 09:54:00,1588931640.0,2.7211,2.7214,2.7209,2.7213,705.73
2020-05-08 09:55:00,1588931700.0,2.7213,2.7226,2.7195,2.7195,5163.11
2020-05-08 09:56:00,1588931760.0,2.7204,2.7206,2.7177,2.7198,2445.74
2020-05-08 09:57:00,1588931820.0,2.7207,2.7207,2.719,2.7199,305.91
2020-05-08 09:58:00,1588931880.0,2.719,2.7195,2.7186,2.7194,279.2
2020-05-08 09:59:00,1588931940.0,2.7197,2.7201,2.7178,2.7196,7454.37
2020-05-08 10:00:00,1588932000.0,2.7177,2.7177,2.7147,2.7156,3217.72
2020-05-08 10:01:00,1588932060.0,2.7162,2.7187,2.7124,2.7181,27444.19
2020-05-08 10:02:00,1588932120.0,2.7177,2.7178,2.716,2.7178,2144.27
2020-05-08 10:03:00,1588932180.0,2.7178,2.718,2.716,2.718,1052.04
2020-05-08 10:04:00,1588932240.0,2.7179,2.719,2.7153,2.7186,13325.85
2020-05-08 10:05:00,1588932300.0,2.7176,2.7196,2.7176,2.7186,179.45
2020-05-08 10:06:00,1588932360.0,2.7183,2.7188,2.7167,2.7167,4752.75
2020-05-08 10:07:00,1588932420.0,2.717,2.72,2.717,2.7191,382.64
2020-05-08 10:08:00,1588932480.0,2.7186,2.72,2.7185,2.7197,1322.47
2020-05-08 10:09:00,1588932540.0,2.7191,2.7203,2.7188,2.7203,659.52
2020-05-08 10:10:00,1588932600.0,2.7206,2.7206,2.7191,2.7201,98.92
2020-05-08 10:11:00,1588932660.0,2.719,2.7206,2.719,2.7192,1644.72
2020-05-08 10:12:00,1588932720.0,2.7194,2.7201,2.719,2.7193,307.08
2020-05-08 10:13:00,1588932780.0,2.719,2.7204,2.7172,2.7201,3145.73
2020-05-08 10:14:00,1588932840.0,2.7207,2.7244,2.7207,2.724,11021.69
2020-05-08 10:15:00,1588932900.0,2.7241,2.7244,2.7235,2.7244,517.09
2020-05-08 10:16:00,1588932960.0,2.7237,2.7239,2.7209,2.7215,4229.26
2020-05-08 10:17:00,1588933020.0,2.7213,2.722,2.721,2.7211,239.65
2020-05-08 10:18:00,1588933080.0,2.7212,2.7241,2.7212,2.723,1757.19
2020-05-08 10:19:00,1588933140.0,2.7226,2.7272,2.7226,2.7271,3638.27
2020-05-08 10:20:00,1588933200.0,2.7263,2.7277,2.7247,2.7254,2140.86
2020-05-08 10:21:00,1588933260.0,2.7255,2.7266,2.725,2.725,336.32
2020-05-08 10:22:00,1588933320.0,2.7252,2.7272,2.7252,2.7268,2382.66
2020-05-08 10:23:00,1588933380.0,2.7263,2.7291,2.7263,2.7289,483.23
2020-05-08 10:24:00,1588933440.0,2.7291,2.7291,2.7263,2.7265,1629.02
2020-05-08 10:25:00,1588933500.0,2.7263,2.7267,2.7247,2.7263,2684.26
2020-05-08 10:26:00,1588933560.0,2.7257,2.7304,2.7251,2.7275,6187.02
2020-05-08 10:27:00,1588933620.0,2.7266,2.7291,2.7266,2.7285,1264.36
2020-05-08 10:28:00,1588933680.0,2.7278,2.7288,2.7273,2.7288,172.55
2020-05-08 10:29:00,1588933740.0,2.7283,2.7305,2.7277,2.7292,917.05
2020-05-08 10:30:00,1588933800.0,2.7291,2.7299,2.7269,2.7273,7229.94
2020-05-08 10:31:00,1588933860.0,2.7279,2.7279,2.7247,2.7269,4185.53
2020-05-08 10:32:00,1588933920.0,2.7258,2.7269,2.7251,2.7251,206.2
2020-05-08 10:33:00,1588933980.0,2.7248,2.7248,2.7232,2.7244,2104.52
2020-05-08 10:34:00,1588934040.0,2.7243,2.7251,2.7233,2.7235,2171.6
2020-05-08 10:35:00,1588934100.0,2.7237,2.7248,2.7233,2.724,722.28
2020-05-08 10:36:00,1588934160.0,2.7243,2.7243,2.7208,2.7238,6699.12
2020-05-08 10:37:00,1588934220.0,2.7243,2.7287,2.7243,2.7273,617.4
2020-05-08 10:38:00,1588934280.0,2.7273,2.7288,2.7273,2.7286,1664.99
2020-05-08 10:39:00,1588934340.0,2.7288,2.7288,2.7271,2.7271,3266.73
2020-05-08 10:40:00,1588934400.0,2.7266,2.7271,2.7266,2.7271,731.11
2020-05-08 10:41:00,1588934460.0,2.7274,2.7277,2.7251,2.7251,4989.4
2020-05-08 10:42:00,1588934520.0,2.7254,2.727,2.7254,2.7256,1341.32
2020-05-08 10:43:00,1588934580.0,2.7254,2.7269,2.725,2.7269,561.1
2020-05-08 10:44:00,1588934640.0,2.7258,2.727,2.7248,2.7264,991.38
2020-05-08 10:45:00,1588934700.0,2.7257,2.7281,2.7257,2.7277,2213.18
2020-05-08 10:46:00,1588934760.0,2.7278,2.7291,2.7277,2.729,912.1
2020-05-08 10:47:00,1588934820.0,2.7292,2.7304,2.729,2.7291,1672.58
2020-05-08 10:48:00,1588934880.0,2.7299,2.7309,2.7261,2.7276,9246.63
2020-05-08 10:49:00,1588934940.0,2.7281,2.7298,2.7266,2.728,5390.94
2020-05-08 10:50:00,1588935000.0,2.7283,2.7321,2.7282,2.7315,2485.63
2020-05-08 10:51:00,1588935060.0,2.7313,2.732,2.729,2.7313,4068.9
2020-05-08 10:52:00,1588935120.0,2.7319,2.732,2.7305,2.7314,2353.55
2020-05-08 10:53:00,1588935180.0,2.7313,2.7351,2.7305,2.7348,9899.84
2020-05-08 10:54:00,1588935240.0,2.7348,2.7376,2.7342,2.7369,6985.85
2020-05-08 10:55:00,1588935300.0,2.7364,2.7364,2.7314,2.7356,12652.78
2020-05-08 10:56:00,1588935360.0,2.734,2.7356,2.7328,2.735,3399.65
2020-05-08 10:57:00,1588935420.0,2.7349,2.738,2.7344,2.7354,9987.54
2020-05-08 10:58:00,1588935480.0,2.7365,2.7365,2.734,2.7344,3247.81
2020-05-08 10:59:00,1588935540.0,2.7349,2.7373,2.7349,2.737,715.74
2020-05-08 11:00:00,1588935600.0,2.7351,2.7351,2.7303,2.7322,7020.63
2020-05-08 11:01:00,1588935660.0,2.7323,2.7329,2.7298,2.7309,4386.02
2020-05-08 11:02:00,1588935720.0,2.7305,2.7341,2.7302,2.7314,8392.59
2020-05-08 11:03:00,1588935780.0,2.7322,2.7326,2.7314,2.7319,1258.14
2020-05-08 11:04:00,1588935840.0,2.7333,2.7336,2.7314,2.7315,762.05
2020-05-08 11:05:00,1588935900.0,2.7315,2.732,2.731,2.7316,1218.04
2020-05-08 11:06:00,1588935960.0,2.7322,2.7338,2.7305,2.7329,3733.3
2020-05-08 11:07:00,1588936020.0,2.732,2.7338,2.7319,2.7337,1371.81
2020-05-08 11:08:00,1588936080.0,2.7334,2.7334,2.7314,2.7323,2347.43
2020-05-08 11:09:00,1588936140.0,2.7326,2.7326,2.7304,2.7305,1390.42
2020-05-08 11:10:00,1588936200.0,2.7309,2.7314,2.7282,2.7308,2065.29
2020-05-08 11:11:00,1588936260.0,2.73,2.7302,2.7276,2.7279,1611.15
2020-05-08 11:12:00,1588936320.0,2.7278,2.7322,2.7276,2.732,4825.97
2020-05-08 11:13:00,1588936380.0,2.732,2.732,2.7289,2.7289,2899.23
2020-05-08 11:14:00,1588936440.0,2.7287,2.7321,2.7272,2.7296,10593.5
2020-05-08 11:15:00,1588936500.0,2.7283,2.73,2.7269,2.7295,3423.47
2020-05-08 11:16:00,1588936560.0,2.7295,2.7298,2.7291,2.7291,629.22
2020-05-08 11:17:00,1588936620.0,2.7294,2.7313,2.7286,2.7296,5034.37
2020-05-08 11:18:00,1588936680.0,2.7302,2.7309,2.7293,2.7303,2159.74
2020-05-08 11:19:00,1588936740.0,2.7293,2.7305,2.729,2.7305,2470.83
2020-05-08 11:20:00,1588936800.0,2.7288,2.73,2.7284,2.7291,2703.13
2020-05-08 11:21:00,1588936860.0,2.7294,2.7314,2.7283,2.7294,5520.65
2020-05-08 11:22:00,1588936920.0,2.7288,2.7288,2.7271,2.7286,2486.44
2020-05-08 11:23:00,1588936980.0,2.7284,2.73,2.7283,2.7295,1168.93
2020-05-08 11:24:00,1588937040.0,2.7297,2.7309,2.7292,2.7305,1371.7
2020-05-08 11:25:00,1588937100.0,2.7303,2.731,2.7301,2.731,1354.56
2020-05-08 11:26:00,1588937160.0,2.7311,2.7342,2.7311,2.7332,2587.09
2020-05-08 11:27:00,1588937220.0,2.7343,2.7343,2.7313,2.7317,1406.09
2020-05-08 11:28:00,1588937280.0,2.7318,2.7332,2.7315,2.7325,1740.71
2020-05-08 11:29:00,1588937340.0,2.7322,2.7322,2.7302,2.7316,1136.06
2020-05-08 11:30:00,1588937400.0,2.7315,2.7342,2.7315,2.732,2476.41
2020-05-08 11:31:00,1588937460.0,2.7327,2.7347,2.7324,2.7334,1591.85
2020-05-08 11:32:00,1588937520.0,2.733,2.7344,2.7329,2.7336,4131.9
2020-05-08 11:33:00,1588937580.0,2.7337,2.7337,2.7301,2.7309,7505.93
2020-05-08 11:34:00,1588937640.0,2.7309,2.731,2.729,2.7297,2220.74
2020-05-08 11:35:00,1588937700.0,2.7294,2.7298,2.7281,2.7281,1025.91
2020-05-08 11:36:00,1588937760.0,2.7278,2.7288,2.7272,2.7288,2029.86
2020-05-08 11:37:00,1588937820.0,2.7288,2.7295,2.7275,2.7275,1058.98
2020-05-08 11:38:00,1588937880.0,2.7286,2.7288,2.7276,2.7276,402.35
2020-05-08 11:39:00,1588937940.0,2.7275,2.7277,2.7262,2.7268,666.5
2020-05-08 11:40:00,1588938000.0,2.7265,2.7297,2.7263,2.7296,1342.56
2020-05-08 11:41:00,1588938060.0,2.7299,2.7299,2.7278,2.7298,2158.78
2020-05-08 11:42:00,1588938120.0,2.7275,2.7284,2.7265,2.7265,1031.91
2020-05-08 11:43:00,1588938180.0,2.728,2.731,2.7276,2.7307,3053.42
2020-05-08 11:44:00,1588938240.0,2.731,2.7311,2.7302,2.7306,8964.58
2020-05-08 11:45:00,1588938300.0,2.7294,2.7304,2.7278,2.7278,1241.36
2020-05-08 11:46:00,1588938360.0,2.7275,2.7289,2.7271,2.728,3221.63
2020-05-08 11:47:00,1588938420.0,2.7274,2.7298,2.7274,2.7298,200.4
2020-05-08 11:48:00,1588938480.0,2.7298,2.7323,2.7291,2.73,5215.12
2020-05-08 11:49:00,1588938540.0,2.7296,2.7313,2.7296,2.7308,2431.97
2020-05-08 11:50:00,1588938600.0,2.7308,2.7308,2.7275,2.7275,2438.1
2020-05-08 11:51:00,1588938660.0,2.7282,2.731,2.7274,2.7308,5452.25
2020-05-08 11:52:00,1588938720.0,2.731,2.731,2.7276,2.7291,2485.18
2020-05-08 11:53:00,1588938780.0,2.7292,2.7292,2.7285,2.7285,120.05
2020-05-08 11:54:00,1588938840.0,2.7285,2.7288,2.7266,2.7268,1287.94
2020-05-08 11:55:00,1588938900.0,2.7269,2.7269,2.7242,2.7242,3316.22
2020-05-08 11:56:00,1588938960.0,2.7246,2.727,2.7246,2.7268,983.67
2020-05-08 11:57:00,1588939020.0,2.7269,2.7281,2.7258,2.7258,1707.64
2020-05-08 11:58:00,1588939080.0,2.7263,2.7283,2.7263,2.7277,858.21
2020-05-08 11:59:00,1588939140.0,2.7277,2.7286,2.7277,2.7283,640.47
2020-05-08 12:00:00,1588939200.0,2.7277,2.7277,2.7213,2.7217,7925.24
2020-05-08 12:01:00,1588939260.0,2.7217,2.7218,2.7166,2.7188,21786.83
2020-05-08 12:02:00,1588939320.0,2.7164,2.7205,2.7162,2.7205,7437.42
2020-05-08 12:03:00,1588939380.0,2.7211,2.7211,2.717,2.7182,2703.97
2020-05-08 12:04:00,1588939440.0,2.7181,2.719,2.7101,2.7119,20635.85
2020-05-08 12:05:00,1588939500.0,2.7109,2.7169,2.7092,2.7145,16118.55
2020-05-08 12:06:00,1588939560.0,2.7145,2.716,2.7134,2.716,7534.52
2020-05-08 12:07:00,1588939620.0,2.7151,2.7165,2.7088,2.7108,12726.15
2020-05-08 12:08:00,1588939680.0,2.7103,2.7164,2.7098,2.7164,7533.45
2020-05-08 12:09:00,1588939740.0,2.7161,2.7183,2.7144,2.7144,5469.43
2020-05-08 12:10:00,1588939800.0,2.7159,2.7163,2.7131,2.7153,2466.07
2020-05-08 12:11:00,1588939860.0,2.7146,2.7176,2.7139,2.7139,5007.92
2020-05-08 12:12:00,1588939920.0,2.7141,2.7167,2.714,2.7161,2312.2
2020-05-08 12:13:00,1588939980.0,2.7166,2.7192,2.7158,2.7192,2066.72
2020-05-08 12:14:00,1588940040.0,2.7174,2.7204,2.7174,2.7193,926.77
2020-05-08 12:15:00,1588940100.0,2.7191,2.7195,2.7165,2.7165,747.81
2020-05-08 12:16:00,1588940160.0,2.7174,2.7182,2.7167,2.717,2331.53
2020-05-08 12:17:00,1588940220.0,2.7164,2.7166,2.7158,2.7163,1841.61
2020-05-08 12:18:00,1588940280.0,2.7159,2.7169,2.7159,2.7165,264.63
2020-05-08 12:19:00,1588940340.0,2.7161,2.7168,2.7138,2.7144,1725.14
2020-05-08 12:20:00,1588940400.0,2.7152,2.7152,2.7144,2.7145,1474.86
2020-05-08 12:21:00,1588940460.0,2.7146,2.7161,2.7145,2.7145,1917.5
2020-05-08 12:22:00,1588940520.0,2.7145,2.7159,2.7145,2.7154,1331.45
2020-05-08 12:23:00,1588940580.0,2.7151,2.7164,2.7151,2.7164,2075.35
2020-05-08 12:24:00,1588940640.0,2.716,2.7167,2.7151,2.7167,1440.36
2020-05-08 12:25:00,1588940700.0,2.7161,2.7183,2.7155,2.7182,1236.61
2020-05-08 12:26:00,1588940760.0,2.7184,2.7194,2.7162,2.7176,1648.75
2020-05-08 12:27:00,1588940820.0,2.7168,2.718,2.7168,2.7174,676.63
2020-05-08 12:28:00,1588940880.0,2.7175,2.7195,2.7171,2.7188,4730.53
2020-05-08 12:29:00,1588940940.0,2.7178,2.7196,2.7173,2.7188,1561.96
2020-05-08 12:30:00,1588941000.0,2.7203,2.7236,2.7181,2.7226,10495.48
2020-05-08 12:31:00,1588941060.0,2.7218,2.7235,2.7191,2.72,1810.37
2020-05-08 12:32:00,1588941120.0,2.7201,2.7212,2.7189,2.7197,2660.61
2020-05-08 12:33:00,1588941180.0,2.7203,2.7203,2.7168,2.7168,4674.64
2020-05-08 12:34:00,1588941240.0,2.7177,2.7184,2.7168,2.7171,366.75
2020-05-08 12:35:00,1588941300.0,2.717,2.7195,2.7169,2.7179,2491.14
2020-05-08 12:36:00,1588941360.0,2.7179,2.7204,2.7171,2.7202,1961.32
2020-05-08 12:37:00,1588941420.0,2.7193,2.7204,2.7174,2.719,462.74
2020-05-08 12:38:00,1588941480.0,2.7195,2.7204,2.7186,2.7187,4032.64
2020-05-08 12:39:00,1588941540.0,2.7202,2.7215,2.7189,2.7195,5363.63
2020-05-08 12:40:00,1588941600.0,2.7179,2.7179,2.7157,2.7158,1528.86
2020-05-08 12:41:00,1588941660.0,2.7162,2.7173,2.7157,2.7161,731.72
2020-05-08 12:42:00,1588941720.0,2.715,2.716,2.715,2.716,4107.31
2020-05-08 12:43:00,1588941780.0,2.7165,2.7177,2.716,2.7167,1170.34
2020-05-08 12:44:00,1588941840.0,2.7164,2.7181,2.7164,2.7175,1243.49
2020-05-08 12:45:00,1588941900.0,2.7175,2.7179,2.713,2.7142,2795.45
2020-05-08 12:46:00,1588941960.0,2.7145,2.715,2.7139,2.7142,7903.3
2020-05-08 12:47:00,1588942020.0,2.7142,2.7162,2.7142,2.7149,1212.81
2020-05-08 12:48:00,1588942080.0,2.7145,2.7145,2.7112,2.7123,1096.21
2020-05-08 12:49:00,1588942140.0,2.7119,2.7145,2.7119,2.7138,1057.61
2020-05-08 12:50:00,1588942200.0,2.7132,2.7139,2.7116,2.7119,1697.69
2020-05-08 12:51:00,1588942260.0,2.713,2.7172,2.7122,2.7152,2645.97
2020-05-08 12:52:00,1588942320.0,2.7152,2.7162,2.7144,2.7162,2034.14
2020-05-08 12:53:00,1588942380.0,2.7176,2.7189,2.7166,2.7182,1131.68
2020-05-08 12:54:00,1588942440.0,2.7182,2.7188,2.7153,2.7174,698.09
2020-05-08 12:55:00,1588942500.0,2.7157,2.7168,2.7145,2.7159,1310.77
2020-05-08 12:56:00,1588942560.0,2.7158,2.7158,2.7144,2.7155,1525.83
2020-05-08 12:57:00,1588942620.0,2.7155,2.7173,2.715,2.7153,3323.37
2020-05-08 12:58:00,1588942680.0,2.715,2.7155,2.7119,2.7119,1657.98
2020-05-08 12:59:00,1588942740.0,2.7118,2.7134,2.7118,2.7123,25.33
2020-05-08 13:00:00,1588942800.0,2.7127,2.7135,2.7108,2.7135,3559.92
2020-05-08 13:01:00,1588942860.0,2.714,2.7158,2.714,2.7145,7086.74
2020-05-08 13:02:00,1588942920.0,2.7145,2.7169,2.7145,2.7163,777.62
2020-05-08 13:03:00,1588942980.0,2.716,2.7162,2.7142,2.7142,1074.46
2020-05-08 13:04:00,1588943040.0,2.7146,2.7156,2.7141,2.7145,3251.77
2020-05-08 13:05:00,1588943100.0,2.7143,2.7151,2.7119,2.7149,7405.16
2020-05-08 13:06:00,1588943160.0,2.7148,2.7168,2.7148,2.7168,930.29
2020-05-08 13:07:00,1588943220.0,2.7159,2.717,2.7156,2.7161,10872.78
2020-05-08 13:08:00,1588943280.0,2.7155,2.7163,2.7151,2.7151,5226.26
2020-05-08 13:09:00,1588943340.0,2.7161,2.7192,2.7151,2.7189,24896.37
2020-05-08 13:10:00,1588943400.0,2.7185,2.7189,2.7172,2.7189,1734.42
2020-05-08 13:11:00,1588943460.0,2.7187,2.7196,2.7156,2.7157,6172.12
2020-05-08 13:12:00,1588943520.0,2.716,2.7191,2.7156,2.7191,806.26
2020-05-08 13:13:00,1588943580.0,2.7193,2.7194,2.7187,2.7191,1410.32
2020-05-08 13:14:00,1588943640.0,2.7187,2.72,2.7186,2.72,3404.34
2020-05-08 13:15:00,1588943700.0,2.7196,2.7207,2.7196,2.7206,511.95
2020-05-08 13:16:00,1588943760.0,2.7207,2.7234,2.7207,2.7212,7010.84
2020-05-08 13:17:00,1588943820.0,2.7214,2.7227,2.72,2.721,2913.69
2020-05-08 13:18:00,1588943880.0,2.7211,2.7218,2.7199,2.721,2876.96
2020-05-08 13:19:00,1588943940.0,2.7218,2.7221,2.7204,2.7204,1361.41
2020-05-08 13:20:00,1588944000.0,2.7203,2.7203,2.7173,2.7173,4500.78
2020-05-08 13:21:00,1588944060.0,2.719,2.7192,2.7174,2.7192,3006.03
2020-05-08 13:22:00,1588944120.0,2.7192,2.7196,2.7177,2.7192,1368.96
2020-05-08 13:23:00,1588944180.0,2.7193,2.7217,2.7191,2.7206,9786.65
2020-05-08 13:24:00,1588944240.0,2.7209,2.7236,2.7196,2.7236,3575.24
2020-05-08 13:25:00,1588944300.0,2.7238,2.7262,2.7238,2.7254,9296.3
2020-05-08 13:26:00,1588944360.0,2.7257,2.7296,2.7247,2.729,6896.79
2020-05-08 13:27:00,1588944420.0,2.7295,2.7299,2.7281,2.7291,5865.87
2020-05-08 13:28:00,1588944480.0,2.7294,2.7304,2.728,2.7284,6734.79
2020-05-08 13:29:00,1588944540.0,2.729,2.7295,2.7256,2.7294,3664.54
2020-05-08 13:30:00,1588944600.0,2.7305,2.7308,2.7291,2.7294,1205.5
2020-05-08 13:31:00,1588944660.0,2.7291,2.7295,2.7272,2.7273,1652.56
2020-05-08 13:32:00,1588944720.0,2.7274,2.7307,2.7274,2.7295,2408.29
2020-05-08 13:33:00,1588944780.0,2.7296,2.73,2.7286,2.7291,3324.26
2020-05-08 13:34:00,1588944840.0,2.7288,2.7299,2.7287,2.7296,422.53
2020-05-08 13:35:00,1588944900.0,2.7297,2.7297,2.7263,2.7276,5155.92
2020-05-08 13:36:00,1588944960.0,2.7279,2.728,2.725,2.7266,5047.44
2020-05-08 13:37:00,1588945020.0,2.7267,2.7285,2.7252,2.7272,5263.25
2020-05-08 13:38:00,1588945080.0,2.7279,2.7279,2.7237,2.7258,3337.92
2020-05-08 13:39:00,1588945140.0,2.7263,2.7271,2.7244,2.7244,1493.28
2020-05-08 13:40:00,1588945200.0,2.7245,2.7255,2.7235,2.7255,4431.9
2020-05-08 13:41:00,1588945260.0,2.7255,2.7265,2.7251,2.7263,271.94
2020-05-08 13:42:00,1588945320.0,2.7261,2.7261,2.7235,2.7243,1980.63
2020-05-08 13:43:00,1588945380.0,2.7251,2.7251,2.7214,2.7217,1654.92
2020-05-08 13:44:00,1588945440.0,2.7228,2.7231,2.7218,2.722,604.82
2020-05-08 13:45:00,1588945500.0,2.7221,2.7236,2.7221,2.723,898.47
2020-05-08 13:46:00,1588945560.0,2.7222,2.7241,2.7222,2.7236,3050.83
2020-05-08 13:47:00,1588945620.0,2.724,2.7253,2.7239,2.7251,1325.01
2020-05-08 13:48:00,1588945680.0,2.7251,2.7271,2.7251,2.7271,1693.52
2020-05-08 13:49:00,1588945740.0,2.7262,2.7276,2.7261,2.7266,1439.5
2020-05-08 13:50:00,1588945800.0,2.727,2.7279,2.7262,2.7262,700.13
2020-05-08 13:51:00,1588945860.0,2.7264,2.7267,2.7261,2.7262,667.83
2020-05-08 13:52:00,1588945920.0,2.7261,2.7264,2.7256,2.7256,497.69
2020-05-08 13:53:00,1588945980.0,2.7264,2.7265,2.7244,2.7251,1062.37
2020-05-08 13:54:00,1588946040.0,2.725,2.725,2.7223,2.7234,1972.05
2020-05-08 13:55:00,1588946100.0,2.7235,2.7262,2.7235,2.7261,4976.83
2020-05-08 13:56:00,1588946160.0,2.7267,2.7271,2.726,2.7262,819.92
2020-05-08 13:57:00,1588946220.0,2.7265,2.7271,2.7264,2.7265,868.4
2020-05-08 13:58:00,1588946280.0,2.7271,2.7284,2.7271,2.7271,104.58
2020-05-08 13:59:00,1588946340.0,2.7281,2.7281,2.7275,2.728,961.36
2020-05-08 14:00:00,1588946400.0,2.7279,2.7279,2.7229,2.7237,6099.37
2020-05-08 14:01:00,1588946460.0,2.7229,2.7241,2.7229,2.7237,1845.99
2020-05-08 14:02:00,1588946520.0,2.7234,2.7243,2.7234,2.7242,1529.43
2020-05-08 14:03:00,1588946580.0,2.7242,2.7284,2.7242,2.7284,5347.1
2020-05-08 14:04:00,1588946640.0,2.7276,2.7276,2.7232,2.7257,5335.58
2020-05-08 14:05:00,1588946700.0,2.7259,2.7266,2.7252,2.7259,1686.43
2020-05-08 14:06:00,1588946760.0,2.7263,2.7266,2.7251,2.7257,665.52
2020-05-08 14:07:00,1588946820.0,2.7257,2.7284,2.7257,2.7277,3172.39
2020-05-08 14:08:00,1588946880.0,2.7279,2.7285,2.7271,2.7282,853.55
2020-05-08 14:09:00,1588946940.0,2.7277,2.732,2.7277,2.7299,11913.57
2020-05-08 14:10:00,1588947000.0,2.7301,2.732,2.7291,2.7313,927.58
2020-05-08 14:11:00,1588947060.0,2.7307,2.7324,2.7291,2.7321,4217.32
2020-05-08 14:12:00,1588947120.0,2.7316,2.7328,2.7267,2.7295,10386.58
2020-05-08 14:13:00,1588947180.0,2.7286,2.7299,2.7277,2.7282,1439.05
2020-05-08 14:14:00,1588947240.0,2.7295,2.7314,2.7293,2.73,1284.48
2020-05-08 14:15:00,1588947300.0,2.7294,2.7294,2.7278,2.7285,2410.24
2020-05-08 14:16:00,1588947360.0,2.7282,2.7294,2.7282,2.7287,5004.53
2020-05-08 14:17:00,1588947420.0,2.7288,2.7302,2.7287,2.7298,6824.16
2020-05-08 14:18:00,1588947480.0,2.7287,2.7297,2.7269,2.727,11670.44
2020-05-08 14:19:00,1588947540.0,2.7258,2.7263,2.7248,2.726,10884.8
2020-05-08 14:20:00,1588947600.0,2.7257,2.727,2.7251,2.7258,4488.24
2020-05-08 14:21:00,1588947660.0,2.7259,2.7276,2.725,2.7273,7645.51
2020-05-08 14:22:00,1588947720.0,2.7277,2.7284,2.7243,2.7243,6870.74
2020-05-08 14:23:00,1588947780.0,2.725,2.7285,2.7238,2.7285,7194.43
2020-05-08 14:24:00,1588947840.0,2.728,2.7298,2.7278,2.7288,6554.86
2020-05-08 14:25:00,1588947900.0,2.7289,2.7298,2.7278,2.728,7773.9
2020-05-08 14:26:00,1588947960.0,2.7286,2.7323,2.728,2.7314,9168.02
2020-05-08 14:27:00,1588948020.0,2.7318,2.7318,2.7271,2.7309,15440.73
2020-05-08 14:28:00,1588948080.0,2.7308,2.731,2.73,2.7303,6900.8
2020-05-08 14:29:00,1588948140.0,2.7308,2.731,2.7286,2.7291,2648.95
2020-05-08 14:30:00,1588948200.0,2.7291,2.7293,2.7258,2.7282,8720.86
2020-05-08 14:31:00,1588948260.0,2.7289,2.7302,2.7277,2.7277,4730.27
2020-05-08 14:32:00,1588948320.0,2.7281,2.7286,2.7259,2.7259,566.13
2020-05-08 14:33:00,1588948380.0,2.7262,2.7288,2.7259,2.7267,3481.53
2020-05-08 14:34:00,1588948440.0,2.7265,2.7277,2.7262,2.7262,545.48
2020-05-08 14:35:00,1588948500.0,2.7262,2.7266,2.7248,2.7261,1181.88
2020-05-08 14:36:00,1588948560.0,2.7271,2.7277,2.7264,2.7264,1387.86
2020-05-08 14:37:00,1588948620.0,2.727,2.7275,2.7261,2.7269,1187.2
2020-05-08 14:38:00,1588948680.0,2.7269,2.7273,2.7269,2.7273,581.04
2020-05-08 14:39:00,1588948740.0,2.727,2.7271,2.7253,2.7258,482.56
2020-05-08 14:40:00,1588948800.0,2.7256,2.7279,2.7256,2.7273,1108.7
2020-05-08 14:41:00,1588948860.0,2.7274,2.7287,2.7274,2.7279,943.09
2020-05-08 14:42:00,1588948920.0,2.7281,2.7293,2.7281,2.7289,2193.95
2020-05-08 14:43:00,1588948980.0,2.7289,2.73,2.7276,2.7294,4243.89
2020-05-08 14:44:00,1588949040.0,2.7293,2.731,2.7268,2.7285,6670.17
2020-05-08 14:45:00,1588949100.0,2.7277,2.7285,2.7268,2.7272,1798.14
2020-05-08 14:46:00,1588949160.0,2.7274,2.7303,2.7274,2.7293,795.67
2020-05-08 14:47:00,1588949220.0,2.7288,2.7329,2.7288,2.7314,9054.16
2020-05-08 14:48:00,1588949280.0,2.7307,2.735,2.7296,2.735,33538.28
2020-05-08 14:49:00,1588949340.0,2.7347,2.735,2.7287,2.7295,13401.1
2020-05-08 14:50:00,1588949400.0,2.7298,2.733,2.7298,2.7318,1569.51
2020-05-08 14:51:00,1588949460.0,2.7324,2.7348,2.7324,2.7342,3110.45
2020-05-08 14:52:00,1588949520.0,2.7328,2.7348,2.7326,2.7326,1396.51
2020-05-08 14:53:00,1588949580.0,2.7343,2.7343,2.7293,2.7297,5233.99
2020-05-08 14:54:00,1588949640.0,2.7284,2.7289,2.7264,2.7268,6777.02
2020-05-08 14:55:00,1588949700.0,2.7277,2.7288,2.7266,2.7286,1216.96
2020-05-08 14:56:00,1588949760.0,2.7285,2.7285,2.7243,2.725,5189.26
2020-05-08 14:57:00,1588949820.0,2.7256,2.7274,2.7253,2.7263,4196.03
2020-05-08 14:58:00,1588949880.0,2.7267,2.7289,2.7259,2.7272,1715.81
2020-05-08 14:59:00,1588949940.0,2.7269,2.7301,2.7269,2.7301,1832.43
2020-05-08 15:00:00,1588950000.0,2.7296,2.7296,2.7259,2.7281,5906.5
2020-05-08 15:01:00,1588950060.0,2.7278,2.7317,2.7278,2.7309,3425.42
2020-05-08 15:02:00,1588950120.0,2.7315,2.7333,2.7306,2.732,2650.27
2020-05-08 15:03:00,1588950180.0,2.7324,2.7338,2.7316,2.7325,8058.09
2020-05-08 15:04:00,1588950240.0,2.7317,2.7366,2.7317,2.7348,19945.43
2020-05-08 15:05:00,1588950300.0,2.7348,2.7353,2.7329,2.7336,3154.85
2020-05-08 15:06:00,1588950360.0,2.7343,2.7384,2.7342,2.7384,6687.05
2020-05-08 15:07:00,1588950420.0,2.7383,2.7399,2.7365,2.7397,7879.98
2020-05-08 15:08:00,1588950480.0,2.7378,2.7392,2.7355,2.7392,7533.11
2020-05-08 15:09:00,1588950540.0,2.7383,2.7383,2.7361,2.7372,1821.49
2020-05-08 15:10:00,1588950600.0,2.7375,2.7376,2.7365,2.7374,2541.67
2020-05-08 15:11:00,1588950660.0,2.7377,2.74,2.7377,2.7384,3649.19
2020-05-08 15:12:00,1588950720.0,2.7388,2.7396,2.7388,2.7393,3614.03
2020-05-08 15:13:00,1588950780.0,2.7392,2.7392,2.736,2.7389,6605.91
2020-05-08 15:14:00,1588950840.0,2.7379,2.7397,2.7374,2.7376,4747.3
2020-05-08 15:15:00,1588950900.0,2.7386,2.7389,2.7362,2.7363,4841.1
2020-05-08 15:16:00,1588950960.0,2.7373,2.7444,2.7373,2.7427,24129.24
2020-05-08 15:17:00,1588951020.0,2.7422,2.7443,2.7408,2.7439,5920.48
2020-05-08 15:18:00,1588951080.0,2.7436,2.7441,2.7381,2.7399,8303.3
2020-05-08 15:19:00,1588951140.0,2.7393,2.7424,2.7381,2.7424,1915.46
2020-05-08 15:20:00,1588951200.0,2.7421,2.7439,2.7413,2.7413,2310.65
2020-05-08 15:21:00,1588951260.0,2.7426,2.7434,2.7421,2.7434,2404.59
2020-05-08 15:22:00,1588951320.0,2.7438,2.7458,2.7432,2.7456,6692.51
2020-05-08 15:23:00,1588951380.0,2.745,2.7469,2.742,2.7469,6593.99
2020-05-08 15:24:00,1588951440.0,2.7469,2.7469,2.7431,2.7446,6701.64
2020-05-08 15:25:00,1588951500.0,2.7444,2.7458,2.7397,2.7397,3736.25
2020-05-08 15:26:00,1588951560.0,2.7401,2.743,2.7398,2.7398,1703.89
2020-05-08 15:27:00,1588951620.0,2.74,2.741,2.74,2.7403,2546.47
2020-05-08 15:28:00,1588951680.0,2.741,2.7438,2.741,2.7422,3250.71
2020-05-08 15:29:00,1588951740.0,2.743,2.7434,2.7407,2.7419,11824.89
2020-05-08 15:30:00,1588951800.0,2.7419,2.7425,2.7407,2.7407,1021.69
2020-05-08 15:31:00,1588951860.0,2.7411,2.7424,2.7409,2.741,6025.12
2020-05-08 15:32:00,1588951920.0,2.7402,2.7422,2.7402,2.7407,1992.81
2020-05-08 15:33:00,1588951980.0,2.7408,2.7411,2.7389,2.7393,4531.66
2020-05-08 15:34:00,1588952040.0,2.7391,2.7427,2.7376,2.7376,11590.97
2020-05-08 15:35:00,1588952100.0,2.7371,2.7373,2.7352,2.7352,7125.18
2020-05-08 15:36:00,1588952160.0,2.7352,2.7379,2.7352,2.7379,3964.53
2020-05-08 15:37:00,1588952220.0,2.7379,2.739,2.7349,2.735,6150.3
2020-05-08 15:38:00,1588952280.0,2.7356,2.739,2.7354,2.7388,1648.33
2020-05-08 15:39:00,1588952340.0,2.7391,2.7399,2.7378,2.7379,1265.71
2020-05-08 15:40:00,1588952400.0,2.7378,2.7388,2.7368,2.7384,4039.6
2020-05-08 15:41:00,1588952460.0,2.7387,2.7387,2.737,2.7375,3139.17
2020-05-08 15:42:00,1588952520.0,2.7379,2.7387,2.7376,2.7376,2789.85
2020-05-08 15:43:00,1588952580.0,2.7375,2.7386,2.7375,2.7377,1420.18
2020-05-08 15:44:00,1588952640.0,2.7377,2.7377,2.7366,2.7374,2568.4
2020-05-08 15:45:00,1588952700.0,2.737,2.7378,2.7353,2.7353,2778.0
2020-05-08 15:46:00,1588952760.0,2.7353,2.7365,2.7351,2.7355,3918.16
2020-05-08 15:47:00,1588952820.0,2.7354,2.7365,2.7347,2.7348,3205.61
2020-05-08 15:48:00,1588952880.0,2.736,2.7372,2.7348,2.7372,2680.11
2020-05-08 15:49:00,1588952940.0,2.7367,2.7391,2.7367,2.7377,5033.35
2020-05-08 15:50:00,1588953000.0,2.7375,2.7383,2.7367,2.7369,2657.66
2020-05-08 15:51:00,1588953060.0,2.737,2.738,2.7364,2.7364,1973.41
2020-05-08 15:52:00,1588953120.0,2.7372,2.7381,2.7367,2.738,959.13
2020-05-08 15:53:00,1588953180.0,2.738,2.7389,2.7317,2.733,19151.17
2020-05-08 15:54:00,1588953240.0,2.7331,2.7338,2.728,2.7291,14421.97
2020-05-08 15:55:00,1588953300.0,2.7291,2.7343,2.7289,2.7333,26732.47
2020-05-08 15:56:00,1588953360.0,2.7335,2.7381,2.7335,2.738,10424.6
2020-05-08 15:57:00,1588953420.0,2.738,2.7384,2.7353,2.7359,4229.8
2020-05-08 15:58:00,1588953480.0,2.736,2.7365,2.7349,2.735,1321.01
2020-05-08 15:59:00,1588953540.0,2.7349,2.7372,2.7336,2.737,2341.81
2020-05-08 16:00:00,1588953600.0,2.7374,2.7379,2.7291,2.7293,15077.64
2020-05-08 16:01:00,1588953660.0,2.7297,2.7366,2.7287,2.7352,13535.14
2020-05-08 16:02:00,1588953720.0,2.7346,2.7413,2.7343,2.7403,9874.04
2020-05-08 16:03:00,1588953780.0,2.7419,2.747,2.7419,2.7435,23536.74
2020-05-08 16:04:00,1588953840.0,2.7448,2.7474,2.742,2.7425,4847.02
2020-05-08 16:05:00,1588953900.0,2.7434,2.7474,2.7434,2.7463,3557.38
2020-05-08 16:06:00,1588953960.0,2.7462,2.7493,2.7437,2.7482,9483.72
2020-05-08 16:07:00,1588954020.0,2.7485,2.7498,2.7479,2.7489,4295.61
2020-05-08 16:08:00,1588954080.0,2.7491,2.7518,2.7488,2.7516,7261.46
2020-05-08 16:09:00,1588954140.0,2.7516,2.7578,2.7507,2.753,26855.49
2020-05-08 16:10:00,1588954200.0,2.7544,2.7558,2.753,2.753,6892.18
2020-05-08 16:11:00,1588954260.0,2.7538,2.7566,2.753,2.7566,3228.31
2020-05-08 16:12:00,1588954320.0,2.7564,2.7569,2.7545,2.755,2178.35
2020-05-08 16:13:00,1588954380.0,2.755,2.7559,2.7493,2.7511,11949.0
2020-05-08 16:14:00,1588954440.0,2.7517,2.7521,2.75,2.75,2769.5
2020-05-08 16:15:00,1588954500.0,2.7492,2.7537,2.7492,2.7532,3263.72
2020-05-08 16:16:00,1588954560.0,2.7506,2.7545,2.7506,2.7529,1248.65
2020-05-08 16:17:00,1588954620.0,2.7535,2.7551,2.7509,2.7513,1359.84
2020-05-08 16:18:00,1588954680.0,2.7521,2.7542,2.7521,2.7536,1528.17
2020-05-08 16:19:00,1588954740.0,2.7535,2.7569,2.7514,2.7552,5970.96
2020-05-08 16:20:00,1588954800.0,2.7549,2.7549,2.751,2.7536,3953.46
2020-05-08 16:21:00,1588954860.0,2.753,2.7531,2.7517,2.7517,3677.62
2020-05-08 16:22:00,1588954920.0,2.7517,2.7517,2.7484,2.7498,8230.26
2020-05-08 16:23:00,1588954980.0,2.7505,2.7518,2.7491,2.7507,4028.16
2020-05-08 16:24:00,1588955040.0,2.7508,2.7527,2.75,2.7523,1470.41
2020-05-08 16:25:00,1588955100.0,2.7521,2.7556,2.7521,2.7541,4284.6
2020-05-08 16:26:00,1588955160.0,2.7541,2.7541,2.7503,2.7521,9774.24
2020-05-08 16:27:00,1588955220.0,2.7533,2.7543,2.7527,2.7539,780.0
2020-05-08 16:28:00,1588955280.0,2.7545,2.7551,2.7528,2.7549,1507.86
2020-05-08 16:29:00,1588955340.0,2.755,2.7593,2.7549,2.7593,8088.19
2020-05-08 16:30:00,1588955400.0,2.7593,2.7617,2.7588,2.7615,13172.87
2020-05-08 16:31:00,1588955460.0,2.7615,2.7775,2.7608,2.7763,49845.45
2020-05-08 16:32:00,1588955520.0,2.7763,2.7782,2.7673,2.7685,16184.11
2020-05-08 16:33:00,1588955580.0,2.7676,2.7738,2.7676,2.7723,9511.89
2020-05-08 16:34:00,1588955640.0,2.7733,2.778,2.7717,2.7763,11329.56
2020-05-08 16:35:00,1588955700.0,2.7763,2.7776,2.7719,2.7767,16593.16
2020-05-08 16:36:00,1588955760.0,2.7777,2.7867,2.7777,2.7821,79828.4
2020-05-08 16:37:00,1588955820.0,2.7821,2.7862,2.7813,2.7818,15586.9
2020-05-08 16:38:00,1588955880.0,2.7823,2.7833,2.7787,2.7833,9092.96
2020-05-08 16:39:00,1588955940.0,2.7829,2.7843,2.78,2.7801,7679.47
2020-05-08 16:40:00,1588956000.0,2.7813,2.7912,2.7813,2.7841,42221.62
2020-05-08 16:41:00,1588956060.0,2.7855,2.789,2.7835,2.7852,9011.07
2020-05-08 16:42:00,1588956120.0,2.7867,2.7871,2.7832,2.7846,7965.2
2020-05-08 16:43:00,1588956180.0,2.7847,2.7887,2.7845,2.7887,11126.43
2020-05-08 16:44:00,1588956240.0,2.7887,2.7966,2.7881,2.7916,28172.6
2020-05-08 16:45:00,1588956300.0,2.7916,2.7963,2.7878,2.7884,18361.88
2020-05-08 16:46:00,1588956360.0,2.7899,2.7961,2.7875,2.7885,8064.19
2020-05-08 16:47:00,1588956420.0,2.7902,2.7908,2.7812,2.7837,17156.44
2020-05-08 16:48:00,1588956480.0,2.7834,2.7838,2.7753,2.7769,22248.54
2020-05-08 16:49:00,1588956540.0,2.7772,2.7815,2.7768,2.7791,18244.25
2020-05-08 16:50:00,1588956600.0,2.7792,2.7799,2.7775,2.7784,1180.18
2020-05-08 16:51:00,1588956660.0,2.7776,2.7823,2.7776,2.7782,5740.3
2020-05-08 16:52:00,1588956720.0,2.7791,2.7814,2.7787,2.781,7794.46
2020-05-08 16:53:00,1588956780.0,2.7816,2.784,2.7816,2.7836,2274.19
2020-05-08 16:54:00,1588956840.0,2.7836,2.784,2.7822,2.7822,4515.98
2020-05-08 16:55:00,1588956900.0,2.7821,2.7826,2.7801,2.7801,7634.0
2020-05-08 16:56:00,1588956960.0,2.7803,2.7826,2.7773,2.7796,10602.46
2020-05-08 16:57:00,1588957020.0,2.7801,2.7819,2.7786,2.781,12326.0
2020-05-08 16:58:00,1588957080.0,2.7823,2.7864,2.7821,2.7857,7803.8
2020-05-08 16:59:00,1588957140.0,2.7864,2.7864,2.7833,2.786,9747.19
2020-05-08 17:00:00,1588957200.0,2.7871,2.7918,2.7866,2.7883,9487.04
2020-05-08 17:01:00,1588957260.0,2.7877,2.792,2.7877,2.7891,11922.82
2020-05-08 17:02:00,1588957320.0,2.7897,2.791,2.7865,2.7865,12489.22
2020-05-08 17:03:00,1588957380.0,2.787,2.7908,2.7852,2.7871,11667.51
2020-05-08 17:04:00,1588957440.0,2.7873,2.7879,2.7851,2.7868,4911.31
2020-05-08 17:05:00,1588957500.0,2.7868,2.7882,2.785,2.7853,4269.77
2020-05-08 17:06:00,1588957560.0,2.785,2.785,2.7791,2.7801,9866.81
2020-05-08 17:07:00,1588957620.0,2.7801,2.7809,2.7769,2.7794,18331.79
2020-05-08 17:08:00,1588957680.0,2.7794,2.7794,2.7774,2.7774,4151.52
2020-05-08 17:09:00,1588957740.0,2.7771,2.7773,2.775,2.7755,7203.08
2020-05-08 17:10:00,1588957800.0,2.7753,2.777,2.7676,2.7711,36831.18
2020-05-08 17:11:00,1588957860.0,2.7705,2.7722,2.7696,2.7696,3956.85
2020-05-08 17:12:00,1588957920.0,2.7692,2.7707,2.7691,2.7701,2452.86
2020-05-08 17:13:00,1588957980.0,2.77,2.7709,2.7676,2.7709,8155.72
2020-05-08 17:14:00,1588958040.0,2.7708,2.7718,2.7696,2.7714,2385.71
2020-05-08 17:15:00,1588958100.0,2.7713,2.7729,2.7704,2.7704,7552.43
2020-05-08 17:16:00,1588958160.0,2.7709,2.7736,2.7706,2.7735,3753.07
2020-05-08 17:17:00,1588958220.0,2.7734,2.7738,2.7727,2.7734,1724.65
2020-05-08 17:18:00,1588958280.0,2.7734,2.7756,2.7734,2.7756,328.62
2020-05-08 17:19:00,1588958340.0,2.7763,2.7789,2.7761,2.777,5648.94
2020-05-08 17:20:00,1588958400.0,2.7768,2.7793,2.7768,2.7779,1354.46
2020-05-08 17:21:00,1588958460.0,2.7781,2.7781,2.7752,2.7766,14392.28
2020-05-08 17:22:00,1588958520.0,2.7768,2.7768,2.7751,2.7757,1050.38
2020-05-08 17:23:00,1588958580.0,2.7752,2.7758,2.7703,2.7703,8692.48
2020-05-08 17:24:00,1588958640.0,2.7704,2.7727,2.7704,2.7713,3179.79
2020-05-08 17:25:00,1588958700.0,2.7719,2.7733,2.7701,2.7722,8158.32
2020-05-08 17:26:00,1588958760.0,2.7721,2.7722,2.7701,2.7701,2268.36
2020-05-08 17:27:00,1588958820.0,2.7704,2.7712,2.7693,2.7693,6344.05
2020-05-08 17:28:00,1588958880.0,2.7699,2.772,2.7697,2.771,4102.36
2020-05-08 17:29:00,1588958940.0,2.7712,2.7736,2.7707,2.7736,4240.04
2020-05-08 17:30:00,1588959000.0,2.7734,2.7762,2.7734,2.7756,6850.73
2020-05-08 17:31:00,1588959060.0,2.7756,2.7756,2.7728,2.7736,2129.93
2020-05-08 17:32:00,1588959120.0,2.7735,2.7736,2.7719,2.7732,4321.8
2020-05-08 17:33:00,1588959180.0,2.7728,2.7761,2.7722,2.7761,3866.18
2020-05-08 17:34:00,1588959240.0,2.7761,2.7767,2.7759,2.7767,1483.88
2020-05-08 17:35:00,1588959300.0,2.7767,2.7774,2.7761,2.7774,2411.72
2020-05-08 17:36:00,1588959360.0,2.7773,2.7773,2.7723,2.7726,7869.59
2020-05-08 17:37:00,1588959420.0,2.7739,2.7754,2.7731,2.7751,2717.34
2020-05-08 17:38:00,1588959480.0,2.7748,2.7754,2.7741,2.7741,3921.61
2020-05-08 17:39:00,1588959540.0,2.7745,2.7769,2.7745,2.7754,8727.2
2020-05-08 17:40:00,1588959600.0,2.7754,2.7773,2.7751,2.7762,9574.67
2020-05-08 17:41:00,1588959660.0,2.776,2.7772,2.775,2.7751,3818.81
2020-05-08 17:42:00,1588959720.0,2.7745,2.7753,2.7731,2.7731,7545.25
2020-05-08 17:43:00,1588959780.0,2.7739,2.7743,2.7731,2.7742,1477.11
2020-05-08 17:44:00,1588959840.0,2.7743,2.7767,2.7743,2.7765,7302.9
2020-05-08 17:45:00,1588959900.0,2.7766,2.7773,2.776,2.7765,881.95
2020-05-08 17:46:00,1588959960.0,2.7765,2.7789,2.7765,2.7779,3305.34
2020-05-08 17:47:00,1588960020.0,2.7775,2.7785,2.7765,2.777,7078.81
2020-05-08 17:48:00,1588960080.0,2.7776,2.7795,2.7764,2.7764,5949.4
2020-05-08 17:49:00,1588960140.0,2.7767,2.7774,2.7753,2.7766,2269.14
2020-05-08 17:50:00,1588960200.0,2.7762,2.7767,2.7738,2.7745,1765.01
2020-05-08 17:51:00,1588960260.0,2.7745,2.7782,2.7745,2.7775,2645.76
2020-05-08 17:52:00,1588960320.0,2.7784,2.7784,2.7755,2.7772,4520.45
2020-05-08 17:53:00,1588960380.0,2.7783,2.7794,2.7773,2.7778,2554.06
2020-05-08 17:54:00,1588960440.0,2.7777,2.7797,2.7774,2.7779,4948.64
2020-05-08 17:55:00,1588960500.0,2.7779,2.7793,2.7768,2.7786,2098.55
2020-05-08 17:56:00,1588960560.0,2.7786,2.7786,2.7768,2.7768,2116.51
2020-05-08 17:57:00,1588960620.0,2.7768,2.7768,2.7745,2.7758,19929.36
2020-05-08 17:58:00,1588960680.0,2.7758,2.7785,2.7758,2.7783,387.67
2020-05-08 17:59:00,1588960740.0,2.7783,2.7785,2.7761,2.7761,624.89
2020-05-08 18:00:00,1588960800.0,2.7765,2.778,2.7761,2.778,497.78
2020-05-08 18:01:00,1588960860.0,2.778,2.7803,2.778,2.7803,11752.19
2020-05-08 18:02:00,1588960920.0,2.7803,2.7805,2.7801,2.7804,3787.26
2020-05-08 18:03:00,1588960980.0,2.7801,2.7804,2.7793,2.7803,2109.33
2020-05-08 18:04:00,1588961040.0,2.7802,2.7803,2.7802,2.7803,560.47
2020-05-08 18:05:00,1588961100.0,2.7803,2.7804,2.7797,2.7804,1107.28
2020-05-08 18:06:00,1588961160.0,2.7802,2.7806,2.7792,2.7806,3397.38
2020-05-08 18:07:00,1588961220.0,2.7807,2.7807,2.7764,2.7774,12082.75
2020-05-08 18:08:00,1588961280.0,2.7768,2.7786,2.7758,2.7767,8205.43
2020-05-08 18:09:00,1588961340.0,2.7767,2.7782,2.7763,2.7777,5930.45
2020-05-08 18:10:00,1588961400.0,2.7778,2.779,2.7762,2.7785,4724.35
2020-05-08 18:11:00,1588961460.0,2.7785,2.779,2.7777,2.7787,1662.51
2020-05-08 18:12:00,1588961520.0,2.7786,2.7789,2.7762,2.7786,7778.02
2020-05-08 18:13:00,1588961580.0,2.7789,2.7789,2.7775,2.778,2053.11
2020-05-08 18:14:00,1588961640.0,2.7783,2.7783,2.7775,2.7782,1093.62
2020-05-08 18:15:00,1588961700.0,2.7782,2.7794,2.7781,2.7789,6318.36
2020-05-08 18:16:00,1588961760.0,2.7791,2.7808,2.7779,2.7805,15912.39
2020-05-08 18:17:00,1588961820.0,2.7798,2.7801,2.7783,2.7784,4831.82
2020-05-08 18:18:00,1588961880.0,2.779,2.7793,2.778,2.7793,660.17
2020-05-08 18:19:00,1588961940.0,2.7797,2.7806,2.7797,2.7801,3209.44
2020-05-08 18:20:00,1588962000.0,2.7798,2.7799,2.7786,2.7791,3739.34
2020-05-08 18:21:00,1588962060.0,2.7791,2.7796,2.778,2.7781,463.94
2020-05-08 18:22:00,1588962120.0,2.7781,2.7789,2.7777,2.7778,5919.8
2020-05-08 18:23:00,1588962180.0,2.7779,2.7781,2.7775,2.7775,2343.47
2020-05-08 18:24:00,1588962240.0,2.7774,2.7774,2.7744,2.7752,11363.1
2020-05-08 18:25:00,1588962300.0,2.7751,2.7787,2.7751,2.7784,8279.2
2020-05-08 18:26:00,1588962360.0,2.7777,2.7796,2.7776,2.7794,3926.64
2020-05-08 18:27:00,1588962420.0,2.7794,2.7794,2.7779,2.779,345.41
2020-05-08 18:28:00,1588962480.0,2.7781,2.779,2.7746,2.7773,7535.38
2020-05-08 18:29:00,1588962540.0,2.7772,2.7783,2.7761,2.7783,1729.31
2020-05-08 18:30:00,1588962600.0,2.7785,2.7786,2.7762,2.7774,2666.45
2020-05-08 18:31:00,1588962660.0,2.7762,2.7776,2.7761,2.7775,6850.23
2020-05-08 18:32:00,1588962720.0,2.7774,2.7777,2.7774,2.7776,2143.53
2020-05-08 18:33:00,1588962780.0,2.7776,2.7796,2.7776,2.7782,9687.31
2020-05-08 18:34:00,1588962840.0,2.7785,2.779,2.7782,2.7788,530.26
2020-05-08 18:35:00,1588962900.0,2.779,2.78,2.7782,2.78,16014.2
2020-05-08 18:36:00,1588962960.0,2.78,2.7836,2.7799,2.7831,12425.11
2020-05-08 18:37:00,1588963020.0,2.7829,2.7835,2.7801,2.7804,2279.2
2020-05-08 18:38:00,1588963080.0,2.7803,2.7805,2.7789,2.7801,2378.08
2020-05-08 18:39:00,1588963140.0,2.7804,2.7836,2.7802,2.7812,9749.69
2020-05-08 18:40:00,1588963200.0,2.782,2.7825,2.781,2.7818,1090.26
2020-05-08 18:41:00,1588963260.0,2.781,2.7824,2.7806,2.7818,1031.12
2020-05-08 18:42:00,1588963320.0,2.7819,2.7825,2.7812,2.7813,2004.04
2020-05-08 18:43:00,1588963380.0,2.7815,2.7825,2.7812,2.7823,6217.56
2020-05-08 18:44:00,1588963440.0,2.7823,2.7835,2.7822,2.783,4724.72
2020-05-08 18:45:00,1588963500.0,2.783,2.783,2.7779,2.7784,23808.85
2020-05-08 18:46:00,1588963560.0,2.7793,2.7806,2.7793,2.7802,2381.8
2020-05-08 18:47:00,1588963620.0,2.7802,2.7806,2.7791,2.7806,1275.28
2020-05-08 18:48:00,1588963680.0,2.7804,2.7805,2.7803,2.7804,60.57
2020-05-08 18:49:00,1588963740.0,2.7804,2.7804,2.7784,2.7786,730.95
2020-05-08 18:50:00,1588963800.0,2.7785,2.7815,2.7785,2.7814,4552.26
2020-05-08 18:51:00,1588963860.0,2.7814,2.7818,2.7809,2.7812,639.75
2020-05-08 18:52:00,1588963920.0,2.7812,2.7815,2.7811,2.7813,2768.44
2020-05-08 18:53:00,1588963980.0,2.7812,2.7816,2.7812,2.7812,1839.19
2020-05-08 18:54:00,1588964040.0,2.7813,2.7816,2.7812,2.7813,2719.81
2020-05-08 18:55:00,1588964100.0,2.7812,2.7813,2.7812,2.7813,769.65
2020-05-08 18:56:00,1588964160.0,2.7812,2.7813,2.7789,2.7797,8118.18
2020-05-08 18:57:00,1588964220.0,2.7785,2.7785,2.7754,2.7761,4409.17
2020-05-08 18:58:00,1588964280.0,2.7761,2.7766,2.7716,2.7718,15217.29
2020-05-08 18:59:00,1588964340.0,2.7717,2.7718,2.7564,2.7618,53822.45
2020-05-08 19:00:00,1588964400.0,2.7616,2.763,2.755,2.7625,25541.59
2020-05-08 19:01:00,1588964460.0,2.7631,2.764,2.7599,2.7621,9918.42
2020-05-08 19:02:00,1588964520.0,2.7614,2.7648,2.7613,2.7648,5042.05
2020-05-08 19:03:00,1588964580.0,2.7655,2.766,2.7647,2.7658,2515.2
2020-05-08 19:04:00,1588964640.0,2.766,2.7665,2.765,2.7655,1921.36
2020-05-08 19:05:00,1588964700.0,2.7659,2.7659,2.7625,2.7638,10083.42
2020-05-08 19:06:00,1588964760.0,2.7634,2.7634,2.7623,2.7632,5147.14
2020-05-08 19:07:00,1588964820.0,2.7629,2.7634,2.7626,2.7634,1759.88
2020-05-08 19:08:00,1588964880.0,2.7634,2.7642,2.7621,2.764,7273.83
2020-05-08 19:09:00,1588964940.0,2.7648,2.7655,2.7627,2.7639,7953.38
2020-05-08 19:10:00,1588965000.0,2.7647,2.7658,2.7625,2.7625,3859.18
2020-05-08 19:11:00,1588965060.0,2.7634,2.7653,2.7627,2.7653,1787.8
2020-05-08 19:12:00,1588965120.0,2.7653,2.7662,2.7644,2.765,2187.16
2020-05-08 19:13:00,1588965180.0,2.765,2.7659,2.7635,2.7653,2556.31
2020-05-08 19:14:00,1588965240.0,2.7654,2.7658,2.7642,2.7658,556.35
2020-05-08 19:15:00,1588965300.0,2.7656,2.7668,2.7656,2.7662,3501.81
2020-05-08 19:16:00,1588965360.0,2.7665,2.7668,2.765,2.7653,2962.97
2020-05-08 19:17:00,1588965420.0,2.7654,2.7667,2.7654,2.7657,4932.53
2020-05-08 19:18:00,1588965480.0,2.7659,2.7665,2.765,2.7651,3910.48
2020-05-08 19:19:00,1588965540.0,2.7654,2.7658,2.765,2.7651,627.92
2020-05-08 19:20:00,1588965600.0,2.7651,2.7666,2.7651,2.766,3905.63
2020-05-08 19:21:00,1588965660.0,2.7663,2.7673,2.7659,2.7664,2356.6
2020-05-08 19:22:00,1588965720.0,2.7664,2.7674,2.7659,2.766,7006.87
2020-05-08 19:23:00,1588965780.0,2.7673,2.7679,2.7665,2.7666,9490.69
2020-05-08 19:24:00,1588965840.0,2.7667,2.7676,2.7663,2.7668,2435.22
2020-05-08 19:25:00,1588965900.0,2.7668,2.7677,2.7663,2.7667,5125.98
2020-05-08 19:26:00,1588965960.0,2.7669,2.7675,2.7662,2.7667,1734.29
2020-05-08 19:27:00,1588966020.0,2.7667,2.7675,2.7656,2.7656,2709.35
2020-05-08 19:28:00,1588966080.0,2.7655,2.7666,2.765,2.7666,2555.31
2020-05-08 19:29:00,1588966140.0,2.7667,2.7674,2.7667,2.767,1451.53
2020-05-08 19:30:00,1588966200.0,2.767,2.7671,2.7658,2.7662,1312.88
2020-05-08 19:31:00,1588966260.0,2.766,2.7681,2.766,2.768,4662.11
2020-05-08 19:32:00,1588966320.0,2.768,2.7681,2.7671,2.7672,3058.87
2020-05-08 19:33:00,1588966380.0,2.7668,2.7669,2.7666,2.7668,1415.98
2020-05-08 19:34:00,1588966440.0,2.7667,2.7667,2.764,2.764,5215.56
2020-05-08 19:35:00,1588966500.0,2.764,2.7659,2.764,2.7659,1195.26
2020-05-08 19:36:00,1588966560.0,2.766,2.7681,2.766,2.7681,4239.51
2020-05-08 19:37:00,1588966620.0,2.7681,2.7684,2.7671,2.7684,6485.85
2020-05-08 19:38:00,1588966680.0,2.7684,2.7704,2.7677,2.7703,6670.26
2020-05-08 19:39:00,1588966740.0,2.77,2.7707,2.7686,2.7705,2910.42
2020-05-08 19:40:00,1588966800.0,2.7703,2.7707,2.7688,2.7694,2302.38
2020-05-08 19:41:00,1588966860.0,2.7701,2.7701,2.7645,2.7657,4524.39
2020-05-08 19:42:00,1588966920.0,2.7653,2.7657,2.7644,2.7644,764.88
2020-05-08 19:43:00,1588966980.0,2.7652,2.7677,2.7648,2.7667,8212.62
2020-05-08 19:44:00,1588967040.0,2.7667,2.7681,2.7652,2.7658,1264.14
2020-05-08 19:45:00,1588967100.0,2.766,2.7665,2.7658,2.7658,559.13
2020-05-08 19:46:00,1588967160.0,2.7672,2.7672,2.7664,2.767,2988.32
2020-05-08 19:47:00,1588967220.0,2.7669,2.767,2.7643,2.7664,856.99
2020-05-08 19:48:00,1588967280.0,2.7667,2.7667,2.7651,2.7652,703.97
2020-05-08 19:49:00,1588967340.0,2.7653,2.7655,2.7652,2.7655,1149.28
2020-05-08 19:50:00,1588967400.0,2.7655,2.7684,2.7655,2.7666,3927.78
2020-05-08 19:51:00,1588967460.0,2.7668,2.7681,2.7662,2.7668,599.65
2020-05-08 19:52:00,1588967520.0,2.7668,2.7668,2.7652,2.7655,3796.22
2020-05-08 19:53:00,1588967580.0,2.7655,2.7688,2.7653,2.768,1951.35
2020-05-08 19:54:00,1588967640.0,2.7688,2.7688,2.7673,2.7677,1079.48
2020-05-08 19:55:00,1588967700.0,2.7677,2.7686,2.7676,2.7683,433.4
2020-05-08 19:56:00,1588967760.0,2.7681,2.7687,2.7669,2.7669,97.57
2020-05-08 19:57:00,1588967820.0,2.7673,2.7682,2.7668,2.7668,605.72
2020-05-08 19:58:00,1588967880.0,2.7668,2.7668,2.7631,2.7646,11289.42
2020-05-08 19:59:00,1588967940.0,2.765,2.7664,2.7647,2.7662,3359.1
2020-05-08 20:00:00,1588968000.0,2.7658,2.7669,2.7654,2.7662,6690.39
2020-05-08 20:01:00,1588968060.0,2.7661,2.7661,2.7647,2.7648,226.72
2020-05-08 20:02:00,1588968120.0,2.7638,2.7638,2.7616,2.7624,3502.94
2020-05-08 20:03:00,1588968180.0,2.7623,2.7627,2.7613,2.7623,89.66
2020-05-08 20:04:00,1588968240.0,2.762,2.7654,2.7617,2.7648,7587.54
2020-05-08 20:05:00,1588968300.0,2.7647,2.7651,2.7637,2.7637,2338.68
2020-05-08 20:06:00,1588968360.0,2.7631,2.7644,2.7613,2.7627,5165.8
2020-05-08 20:07:00,1588968420.0,2.7615,2.7634,2.7615,2.7627,244.32
2020-05-08 20:08:00,1588968480.0,2.7627,2.7627,2.7614,2.7617,642.23
2020-05-08 20:09:00,1588968540.0,2.7614,2.7614,2.7598,2.7609,5188.76
2020-05-08 20:10:00,1588968600.0,2.7611,2.7626,2.7611,2.7611,2863.2
2020-05-08 20:11:00,1588968660.0,2.7621,2.7621,2.7608,2.7613,510.31
2020-05-08 20:12:00,1588968720.0,2.7619,2.7619,2.758,2.7589,7746.49
2020-05-08 20:13:00,1588968780.0,2.7598,2.7604,2.7582,2.7603,1830.33
2020-05-08 20:14:00,1588968840.0,2.7605,2.7645,2.7598,2.7634,8003.12
2020-05-08 20:15:00,1588968900.0,2.7638,2.7643,2.763,2.7636,516.88
2020-05-08 20:16:00,1588968960.0,2.7629,2.7635,2.7601,2.7611,3843.47
2020-05-08 20:17:00,1588969020.0,2.7617,2.7617,2.7592,2.7595,1804.93
2020-05-08 20:18:00,1588969080.0,2.7595,2.7651,2.7595,2.7651,4511.73
2020-05-08 20:19:00,1588969140.0,2.7649,2.766,2.7648,2.7653,2574.87
2020-05-08 20:20:00,1588969200.0,2.7652,2.7652,2.7626,2.7646,6078.08
2020-05-08 20:21:00,1588969260.0,2.7648,2.767,2.7644,2.7667,6101.23
2020-05-08 20:22:00,1588969320.0,2.7669,2.7676,2.7665,2.7676,4359.09
2020-05-08 20:23:00,1588969380.0,2.7661,2.7692,2.7661,2.7691,1505.31
2020-05-08 20:24:00,1588969440.0,2.7693,2.7703,2.768,2.7698,4428.21
2020-05-08 20:25:00,1588969500.0,2.7695,2.7707,2.7694,2.7697,1093.36
2020-05-08 20:26:00,1588969560.0,2.7693,2.7723,2.7688,2.7718,6775.42
2020-05-08 20:27:00,1588969620.0,2.7724,2.7724,2.7716,2.7723,1290.69
2020-05-08 20:28:00,1588969680.0,2.7723,2.7729,2.7719,2.7729,3640.41
2020-05-08 20:29:00,1588969740.0,2.7729,2.7736,2.7726,2.7729,521.87
2020-05-08 20:30:00,1588969800.0,2.7729,2.7747,2.7726,2.7744,1506.43
2020-05-08 20:31:00,1588969860.0,2.775,2.775,2.7741,2.7742,885.58
2020-05-08 20:32:00,1588969920.0,2.7743,2.7759,2.7741,2.7749,1122.5
2020-05-08 20:33:00,1588969980.0,2.7752,2.7765,2.7751,2.7763,856.45
2020-05-08 20:34:00,1588970040.0,2.7762,2.7771,2.7761,2.7768,2980.69
2020-05-08 20:35:00,1588970100.0,2.7771,2.7778,2.7756,2.7771,2190.63
2020-05-08 20:36:00,1588970160.0,2.7767,2.7784,2.7764,2.7772,1373.68
2020-05-08 20:37:00,1588970220.0,2.7771,2.7795,2.7771,2.7779,4040.6
2020-05-08 20:38:00,1588970280.0,2.778,2.7799,2.7772,2.7798,5947.14
2020-05-08 20:39:00,1588970340.0,2.78,2.7811,2.7794,2.7811,3055.23
2020-05-08 20:40:00,1588970400.0,2.7811,2.7811,2.7784,2.7795,16129.33
2020-05-08 20:41:00,1588970460.0,2.7796,2.7796,2.777,2.7785,439.29
2020-05-08 20:42:00,1588970520.0,2.7791,2.7791,2.7779,2.778,1746.31
2020-05-08 20:43:00,1588970580.0,2.7782,2.7788,2.7774,2.7783,1230.7
2020-05-08 20:44:00,1588970640.0,2.7774,2.7798,2.7772,2.7797,4673.26
2020-05-08 20:45:00,1588970700.0,2.7793,2.7801,2.7792,2.7793,1143.92
2020-05-08 20:46:00,1588970760.0,2.7792,2.7793,2.7785,2.779,1354.24
2020-05-08 20:47:00,1588970820.0,2.7789,2.7789,2.7774,2.7782,1297.17
2020-05-08 20:48:00,1588970880.0,2.7774,2.7798,2.7771,2.7793,6443.98
2020-05-08 20:49:00,1588970940.0,2.7793,2.7799,2.7788,2.7796,501.93
2020-05-08 20:50:00,1588971000.0,2.7793,2.78,2.7788,2.78,955.36
2020-05-08 20:51:00,1588971060.0,2.78,2.7824,2.7799,2.7814,4764.96
2020-05-08 20:52:00,1588971120.0,2.7824,2.7834,2.7819,2.7834,6330.09
2020-05-08 20:53:00,1588971180.0,2.7831,2.7834,2.7825,2.7829,1280.85
2020-05-08 20:54:00,1588971240.0,2.7834,2.784,2.7828,2.783,6259.6
2020-05-08 20:55:00,1588971300.0,2.7833,2.785,2.7829,2.785,2648.69
2020-05-08 20:56:00,1588971360.0,2.785,2.787,2.7846,2.7866,4305.96
2020-05-08 20:57:00,1588971420.0,2.7863,2.7869,2.7857,2.786,1606.51
2020-05-08 20:58:00,1588971480.0,2.7867,2.7867,2.786,2.7861,690.11
2020-05-08 20:59:00,1588971540.0,2.786,2.7867,2.786,2.786,806.98
2020-05-08 21:00:00,1588971600.0,2.786,2.7891,2.7845,2.7852,14524.48
2020-05-08 21:01:00,1588971660.0,2.7853,2.7885,2.7846,2.7885,16881.29
2020-05-08 21:02:00,1588971720.0,2.7872,2.7886,2.7857,2.7857,3320.16
2020-05-08 21:03:00,1588971780.0,2.786,2.7878,2.786,2.7875,2001.81
2020-05-08 21:04:00,1588971840.0,2.7873,2.7883,2.787,2.7874,823.59
2020-05-08 21:05:00,1588971900.0,2.7881,2.7882,2.7872,2.7874,1394.01
2020-05-08 21:06:00,1588971960.0,2.7876,2.7882,2.7867,2.7873,1762.94
2020-05-08 21:07:00,1588972020.0,2.7872,2.7873,2.7868,2.7868,1036.3
2020-05-08 21:08:00,1588972080.0,2.7872,2.7872,2.7868,2.7868,2216.79
2020-05-08 21:09:00,1588972140.0,2.7867,2.7872,2.7864,2.7867,407.76
2020-05-08 21:10:00,1588972200.0,2.7866,2.7868,2.7855,2.786,3117.46
2020-05-08 21:11:00,1588972260.0,2.7861,2.7861,2.7841,2.7842,2728.43
2020-05-08 21:12:00,1588972320.0,2.7846,2.7846,2.7834,2.7834,1892.98
2020-05-08 21:13:00,1588972380.0,2.7828,2.7848,2.7828,2.7846,2387.63
2020-05-08 21:14:00,1588972440.0,2.7844,2.7859,2.7835,2.7853,6703.53
2020-05-08 21:15:00,1588972500.0,2.7853,2.7859,2.7848,2.7858,1779.2
2020-05-08 21:16:00,1588972560.0,2.7856,2.7861,2.7856,2.786,1843.95
2020-05-08 21:17:00,1588972620.0,2.786,2.7867,2.7854,2.786,974.79
2020-05-08 21:18:00,1588972680.0,2.787,2.789,2.787,2.7878,3628.6
2020-05-08 21:19:00,1588972740.0,2.7887,2.7887,2.7878,2.7878,869.8
2020-05-08 21:20:00,1588972800.0,2.788,2.7886,2.7866,2.7868,8268.66
2020-05-08 21:21:00,1588972860.0,2.7871,2.7881,2.7863,2.7875,7951.33
2020-05-08 21:22:00,1588972920.0,2.7868,2.7868,2.7859,2.7861,402.19
2020-05-08 21:23:00,1588972980.0,2.7858,2.7867,2.7858,2.7861,601.22
2020-05-08 21:24:00,1588973040.0,2.786,2.7872,2.7857,2.7862,2579.86
2020-05-08 21:25:00,1588973100.0,2.7864,2.7875,2.7863,2.7865,2620.82
2020-05-08 21:26:00,1588973160.0,2.7865,2.7872,2.7862,2.787,1158.79
2020-05-08 21:27:00,1588973220.0,2.787,2.7871,2.786,2.7862,1445.19
2020-05-08 21:28:00,1588973280.0,2.7876,2.7876,2.7855,2.7872,1998.28
2020-05-08 21:29:00,1588973340.0,2.787,2.787,2.7859,2.7865,3981.95
2020-05-08 21:30:00,1588973400.0,2.7871,2.7872,2.7865,2.7868,296.14
2020-05-08 21:31:00,1588973460.0,2.7869,2.7882,2.7866,2.7876,6292.56
2020-05-08 21:32:00,1588973520.0,2.7874,2.7877,2.7868,2.7873,2178.95
2020-05-08 21:33:00,1588973580.0,2.7872,2.7877,2.7871,2.7871,776.99
2020-05-08 21:34:00,1588973640.0,2.7872,2.7879,2.7872,2.7876,998.25
2020-05-08 21:35:00,1588973700.0,2.7876,2.7884,2.7873,2.7884,2644.35
2020-05-08 21:36:00,1588973760.0,2.7884,2.7891,2.7882,2.7891,9619.66
2020-05-08 21:37:00,1588973820.0,2.789,2.7891,2.7882,2.7884,3737.28
2020-05-08 21:38:00,1588973880.0,2.7882,2.79,2.7882,2.7898,2307.16
2020-05-08 21:39:00,1588973940.0,2.79,2.791,2.7898,2.7906,1364.21
2020-05-08 21:40:00,1588974000.0,2.7908,2.7913,2.7897,2.7913,5317.86
2020-05-08 21:41:00,1588974060.0,2.7902,2.7908,2.7884,2.7908,12249.31
2020-05-08 21:42:00,1588974120.0,2.7905,2.7916,2.7905,2.7916,2943.99
2020-05-08 21:43:00,1588974180.0,2.7915,2.7928,2.7907,2.7919,7754.23
2020-05-08 21:44:00,1588974240.0,2.7919,2.7932,2.7918,2.7931,2087.73
2020-05-08 21:45:00,1588974300.0,2.7931,2.7931,2.7898,2.7898,8617.54
2020-05-08 21:46:00,1588974360.0,2.79,2.7908,2.7892,2.7907,2872.47
2020-05-08 21:47:00,1588974420.0,2.7906,2.7911,2.79,2.79,646.89
2020-05-08 21:48:00,1588974480.0,2.79,2.7924,2.7899,2.7914,16837.88
2020-05-08 21:49:00,1588974540.0,2.7915,2.792,2.7902,2.7916,4546.64
2020-05-08 21:50:00,1588974600.0,2.7916,2.7916,2.7906,2.7913,713.88
2020-05-08 21:51:00,1588974660.0,2.7911,2.7925,2.791,2.7924,1678.47
2020-05-08 21:52:00,1588974720.0,2.7925,2.793,2.7917,2.7925,3854.45
2020-05-08 21:53:00,1588974780.0,2.7927,2.7956,2.7927,2.7948,10140.82
2020-05-08 21:54:00,1588974840.0,2.7948,2.7949,2.7932,2.7935,3958.91
2020-05-08 21:55:00,1588974900.0,2.7932,2.7938,2.792,2.7921,7992.58
2020-05-08 21:56:00,1588974960.0,2.7922,2.7932,2.7922,2.7932,16085.03
2020-05-08 21:57:00,1588975020.0,2.7933,2.7943,2.7931,2.7943,4903.6
2020-05-08 21:58:00,1588975080.0,2.794,2.7956,2.7931,2.7951,8006.63
2020-05-08 21:59:00,1588975140.0,2.795,2.7952,2.7941,2.7952,1927.14
2020-05-08 22:00:00,1588975200.0,2.7952,2.7965,2.7882,2.7882,58657.88
2020-05-08 22:01:00,1588975260.0,2.7879,2.7901,2.7827,2.7837,39999.21
2020-05-08 22:02:00,1588975320.0,2.7837,2.7859,2.7837,2.7847,10788.18
2020-05-08 22:03:00,1588975380.0,2.7847,2.7852,2.7845,2.7851,7960.77
2020-05-08 22:04:00,1588975440.0,2.785,2.785,2.7834,2.7835,7971.51
2020-05-08 22:05:00,1588975500.0,2.784,2.7871,2.784,2.7869,5842.07
2020-05-08 22:06:00,1588975560.0,2.7869,2.787,2.786,2.786,961.44
2020-05-08 22:07:00,1588975620.0,2.786,2.7865,2.7832,2.7832,5400.32
2020-05-08 22:08:00,1588975680.0,2.7835,2.7845,2.7832,2.7837,1374.2
2020-05-08 22:09:00,1588975740.0,2.7835,2.7848,2.7833,2.7848,7098.11
2020-05-08 22:10:00,1588975800.0,2.7847,2.7883,2.7847,2.7868,2882.18
2020-05-08 22:11:00,1588975860.0,2.7874,2.7874,2.7844,2.7853,1662.82
2020-05-08 22:12:00,1588975920.0,2.7842,2.7856,2.7842,2.7848,647.63
2020-05-08 22:13:00,1588975980.0,2.7855,2.7867,2.7852,2.7864,2575.33
2020-05-08 22:14:00,1588976040.0,2.786,2.7869,2.7858,2.7865,1039.78
2020-05-08 22:15:00,1588976100.0,2.7862,2.787,2.7849,2.785,2278.3
2020-05-08 22:16:00,1588976160.0,2.7849,2.788,2.7848,2.7878,4869.34
2020-05-08 22:17:00,1588976220.0,2.788,2.7881,2.7872,2.7877,3264.71
2020-05-08 22:18:00,1588976280.0,2.7878,2.7881,2.7871,2.7881,2436.19
2020-05-08 22:19:00,1588976340.0,2.7878,2.7884,2.7872,2.7883,2213.14
2020-05-08 22:20:00,1588976400.0,2.7885,2.791,2.7882,2.7909,9821.79
2020-05-08 22:21:00,1588976460.0,2.7903,2.7914,2.7896,2.7913,2383.27
2020-05-08 22:22:00,1588976520.0,2.7918,2.7939,2.7915,2.7939,9590.49
2020-05-08 22:23:00,1588976580.0,2.7938,2.795,2.793,2.7945,4683.71
2020-05-08 22:24:00,1588976640.0,2.795,2.7951,2.7947,2.7951,2209.95
2020-05-08 22:25:00,1588976700.0,2.7954,2.7978,2.7946,2.7965,12663.84
2020-05-08 22:26:00,1588976760.0,2.7965,2.7972,2.7945,2.7968,29786.54
2020-05-08 22:27:00,1588976820.0,2.7967,2.7972,2.7967,2.7971,6200.24
2020-05-08 22:28:00,1588976880.0,2.7971,2.7978,2.797,2.797,7573.57
2020-05-08 22:29:00,1588976940.0,2.7971,2.7976,2.7965,2.7966,39465.86
2020-05-08 22:30:00,1588977000.0,2.7968,2.7973,2.7968,2.7969,3026.1
2020-05-08 22:31:00,1588977060.0,2.797,2.7988,2.7966,2.7966,61404.04
2020-05-08 22:32:00,1588977120.0,2.7966,2.7972,2.796,2.797,5884.8
2020-05-08 22:33:00,1588977180.0,2.7971,2.7982,2.7966,2.7982,11478.05
2020-05-08 22:34:00,1588977240.0,2.7982,2.8007,2.7982,2.8004,28871.96
2020-05-08 22:35:00,1588977300.0,2.8002,2.8015,2.7992,2.8001,12584.79
2020-05-08 22:36:00,1588977360.0,2.7998,2.8034,2.7998,2.801,27650.1
2020-05-08 22:37:00,1588977420.0,2.8017,2.8031,2.7935,2.7935,36210.36
2020-05-08 22:38:00,1588977480.0,2.7938,2.7948,2.7896,2.7906,18460.95
2020-05-08 22:39:00,1588977540.0,2.7906,2.7911,2.7898,2.7905,6177.4
2020-05-08 22:40:00,1588977600.0,2.7905,2.7936,2.7905,2.7927,3404.28
2020-05-08 22:41:00,1588977660.0,2.7925,2.7951,2.7925,2.7932,4569.0
2020-05-08 22:42:00,1588977720.0,2.7932,2.7985,2.7932,2.7985,2583.33
2020-05-08 22:43:00,1588977780.0,2.7985,2.7986,2.7942,2.7951,5417.46
2020-05-08 22:44:00,1588977840.0,2.7954,2.798,2.7952,2.7972,6332.58
2020-05-08 22:45:00,1588977900.0,2.7968,2.7995,2.7968,2.7977,14725.42
2020-05-08 22:46:00,1588977960.0,2.7982,2.7997,2.798,2.7991,7270.65
2020-05-08 22:47:00,1588978020.0,2.7988,2.8015,2.7986,2.7997,13971.98
2020-05-08 22:48:00,1588978080.0,2.8005,2.8018,2.7972,2.7986,21255.58
2020-05-08 22:49:00,1588978140.0,2.7986,2.8022,2.7983,2.8,52441.79
2020-05-08 22:50:00,1588978200.0,2.7995,2.7995,2.7957,2.7962,14017.92
2020-05-08 22:51:00,1588978260.0,2.7964,2.7971,2.7932,2.7951,19079.0
2020-05-08 22:52:00,1588978320.0,2.7951,2.7952,2.7928,2.7931,10711.29
2020-05-08 22:53:00,1588978380.0,2.7931,2.7935,2.7898,2.7914,10136.19
2020-05-08 22:54:00,1588978440.0,2.7916,2.7923,2.7815,2.7864,37163.97
2020-05-08 22:55:00,1588978500.0,2.7856,2.788,2.7761,2.7789,58396.41
2020-05-08 22:56:00,1588978560.0,2.7801,2.7801,2.7641,2.7692,89403.51
2020-05-08 22:57:00,1588978620.0,2.7683,2.7767,2.7672,2.7748,19273.38
2020-05-08 22:58:00,1588978680.0,2.7752,2.7752,2.7681,2.7681,10224.14
2020-05-08 22:59:00,1588978740.0,2.7682,2.7708,2.7656,2.7683,16685.85
2020-05-08 23:00:00,1588978800.0,2.7671,2.7745,2.767,2.7703,22199.59
2020-05-08 23:01:00,1588978860.0,2.7697,2.7733,2.7666,2.7686,17946.91
2020-05-08 23:02:00,1588978920.0,2.7687,2.7693,2.7672,2.7688,10253.56
2020-05-08 23:03:00,1588978980.0,2.7687,2.7687,2.7656,2.7671,12779.15
2020-05-08 23:04:00,1588979040.0,2.7661,2.7699,2.7661,2.7699,12880.06
2020-05-08 23:05:00,1588979100.0,2.7699,2.7723,2.7683,2.7721,26126.17
2020-05-08 23:06:00,1588979160.0,2.7723,2.7748,2.7723,2.7748,4973.57
2020-05-08 23:07:00,1588979220.0,2.7746,2.7748,2.7715,2.7748,15051.62
2020-05-08 23:08:00,1588979280.0,2.7754,2.7757,2.7715,2.7721,27126.91
2020-05-08 23:09:00,1588979340.0,2.7721,2.7721,2.7604,2.7641,31279.65
2020-05-08 23:10:00,1588979400.0,2.7628,2.766,2.7616,2.7638,14496.57
2020-05-08 23:11:00,1588979460.0,2.7629,2.7635,2.7439,2.7492,97260.09
2020-05-08 23:12:00,1588979520.0,2.7495,2.7537,2.7478,2.7536,14881.99
2020-05-08 23:13:00,1588979580.0,2.7535,2.755,2.7478,2.7535,16955.22
2020-05-08 23:14:00,1588979640.0,2.7546,2.7587,2.7531,2.7587,11968.0
2020-05-08 23:15:00,1588979700.0,2.7599,2.7631,2.7576,2.7624,7411.73
2020-05-08 23:16:00,1588979760.0,2.7632,2.7632,2.757,2.7583,6200.11
2020-05-08 23:17:00,1588979820.0,2.7583,2.7638,2.7583,2.762,4905.15
2020-05-08 23:18:00,1588979880.0,2.7618,2.7619,2.7583,2.7599,8166.68
2020-05-08 23:19:00,1588979940.0,2.7599,2.7656,2.7599,2.7619,19307.76
2020-05-08 23:20:00,1588980000.0,2.7624,2.7657,2.7624,2.7657,5101.4
2020-05-08 23:21:00,1588980060.0,2.7657,2.7681,2.7657,2.7675,5660.09
2020-05-08 23:22:00,1588980120.0,2.7675,2.7691,2.765,2.765,7061.42
2020-05-08 23:23:00,1588980180.0,2.7636,2.7636,2.7609,2.7624,5674.94
2020-05-08 23:24:00,1588980240.0,2.7629,2.768,2.7629,2.765,16657.12
2020-05-08 23:25:00,1588980300.0,2.7646,2.7692,2.7639,2.7686,9157.38
2020-05-08 23:26:00,1588980360.0,2.7682,2.7696,2.7676,2.7695,2348.25
2020-05-08 23:27:00,1588980420.0,2.769,2.7699,2.7667,2.769,5974.1
2020-05-08 23:28:00,1588980480.0,2.7689,2.7699,2.7678,2.7699,1746.04
2020-05-08 23:29:00,1588980540.0,2.7699,2.7715,2.7699,2.7711,1606.58
2020-05-08 23:30:00,1588980600.0,2.7708,2.7715,2.7679,2.7699,5567.02
2020-05-08 23:31:00,1588980660.0,2.7699,2.7699,2.7667,2.7671,4013.94
2020-05-08 23:32:00,1588980720.0,2.7667,2.7698,2.7666,2.7667,3227.64
2020-05-08 23:33:00,1588980780.0,2.7675,2.771,2.766,2.7679,9179.48
2020-05-08 23:34:00,1588980840.0,2.7682,2.7727,2.7682,2.7726,7445.52
2020-05-08 23:35:00,1588980900.0,2.7726,2.7742,2.7702,2.7736,7594.86
2020-05-08 23:36:00,1588980960.0,2.7743,2.7744,2.772,2.7741,5153.77
2020-05-08 23:37:00,1588981020.0,2.7738,2.774,2.7729,2.7739,877.91
2020-05-08 23:38:00,1588981080.0,2.7739,2.7742,2.7725,2.7731,1062.45
2020-05-08 23:39:00,1588981140.0,2.7722,2.7768,2.7722,2.7752,7390.84
2020-05-08 23:40:00,1588981200.0,2.7752,2.7784,2.772,2.7743,15603.27
2020-05-08 23:41:00,1588981260.0,2.7731,2.7805,2.7648,2.7648,52999.17
2020-05-08 23:42:00,1588981320.0,2.7653,2.7732,2.7651,2.7732,14015.67
2020-05-08 23:43:00,1588981380.0,2.7736,2.7737,2.7673,2.7702,18582.67
2020-05-08 23:44:00,1588981440.0,2.771,2.7715,2.7673,2.7683,3819.91
2020-05-08 23:45:00,1588981500.0,2.7687,2.7687,2.7678,2.7682,116.91
2020-05-08 23:46:00,1588981560.0,2.7683,2.7683,2.7645,2.7653,2838.24
2020-05-08 23:47:00,1588981620.0,2.7643,2.7649,2.7588,2.7609,16326.73
2020-05-08 23:48:00,1588981680.0,2.761,2.7621,2.754,2.7566,46472.19
2020-05-08 23:49:00,1588981740.0,2.7567,2.7595,2.7544,2.7595,10134.2
2020-05-08 23:50:00,1588981800.0,2.7588,2.7595,2.7529,2.7529,5069.52
2020-05-08 23:51:00,1588981860.0,2.753,2.7556,2.7517,2.752,29196.42
2020-05-08 23:52:00,1588981920.0,2.7528,2.7541,2.7501,2.7515,10528.01
2020-05-08 23:53:00,1588981980.0,2.7507,2.7523,2.7502,2.7515,10575.37
2020-05-08 23:54:00,1588982040.0,2.7523,2.7524,2.7455,2.7494,11045.08
2020-05-08 23:55:00,1588982100.0,2.7494,2.7545,2.7491,2.7545,6200.68
2020-05-08 23:56:00,1588982160.0,2.7555,2.758,2.7544,2.758,6563.92
2020-05-08 23:57:00,1588982220.0,2.7578,2.758,2.7553,2.7563,6541.41
2020-05-08 23:58:00,1588982280.0,2.7558,2.7558,2.7521,2.7521,1890.71
2020-05-08 23:59:00,1588982340.0,2.7536,2.7553,2.7517,2.7518,8217.66
