Universal Time,Unix Time,Open,High,Low,Close,Volume
2024-06-25 00:00:00,1719273600.0,364.0,364.2,363.7,364.1,61.622
2024-06-25 00:01:00,1719273660.0,364.0,365.8,363.9,365.4,233.211
2024-06-25 00:02:00,1719273720.0,365.5,365.7,364.6,364.7,134.884
2024-06-25 00:03:00,1719273780.0,364.7,364.9,364.5,364.9,28.348
2024-06-25 00:04:00,1719273840.0,364.9,365.5,364.9,365.4,51.919
2024-06-25 00:05:00,1719273900.0,365.5,368.4,365.5,368.4,602.662
2024-06-25 00:06:00,1719273960.0,368.4,368.4,367.8,367.8,92.825
2024-06-25 00:07:00,1719274020.0,367.7,368.1,367.4,367.9,57.272
2024-06-25 00:08:00,1719274080.0,367.9,368.0,366.6,366.8,91.789
2024-06-25 00:09:00,1719274140.0,367.0,367.6,366.8,367.2,66.922
2024-06-25 00:10:00,1719274200.0,367.1,367.5,367.0,367.5,42.314
2024-06-25 00:11:00,1719274260.0,367.5,368.0,366.9,367.1,133.591
2024-06-25 00:12:00,1719274320.0,367.3,367.4,367.0,367.2,125.772
2024-06-25 00:13:00,1719274380.0,367.2,368.5,367.2,368.0,64.193
2024-06-25 00:14:00,1719274440.0,367.8,367.8,366.8,367.0,27.667
2024-06-25 00:15:00,1719274500.0,367.1,368.2,367.0,368.1,75.924
2024-06-25 00:16:00,1719274560.0,367.9,368.2,367.7,367.7,80.001
2024-06-25 00:17:00,1719274620.0,367.9,370.0,367.8,369.3,160.522
2024-06-25 00:18:00,1719274680.0,369.2,369.2,367.6,368.8,545.256
2024-06-25 00:19:00,1719274740.0,368.8,370.2,368.3,369.5,118.189
2024-06-25 00:20:00,1719274800.0,369.3,369.4,368.6,369.0,98.506
2024-06-25 00:21:00,1719274860.0,368.9,369.5,368.8,368.9,85.733
2024-06-25 00:22:00,1719274920.0,368.9,370.1,368.9,370.0,63.752
2024-06-25 00:23:00,1719274980.0,369.9,370.2,369.5,370.2,70.847
2024-06-25 00:24:00,1719275040.0,370.1,370.1,369.1,369.8,200.4
2024-06-25 00:25:00,1719275100.0,369.9,370.3,369.5,369.6,161.781
2024-06-25 00:26:00,1719275160.0,369.7,372.1,369.4,371.7,527.59
2024-06-25 00:27:00,1719275220.0,371.6,371.6,370.5,370.7,132.481
2024-06-25 00:28:00,1719275280.0,370.7,371.5,370.7,371.3,74.283
2024-06-25 00:29:00,1719275340.0,371.4,372.9,371.0,372.5,204.79
2024-06-25 00:30:00,1719275400.0,372.5,373.3,371.8,373.3,237.346
2024-06-25 00:31:00,1719275460.0,373.3,373.7,371.3,372.1,104.602
2024-06-25 00:32:00,1719275520.0,372.4,372.4,369.8,371.0,198.669
2024-06-25 00:33:00,1719275580.0,371.3,371.7,370.7,371.7,76.684
2024-06-25 00:34:00,1719275640.0,371.7,372.2,371.6,372.2,37.949
2024-06-25 00:35:00,1719275700.0,372.2,375.0,372.2,374.4,256.031
2024-06-25 00:36:00,1719275760.0,374.2,374.2,372.2,373.0,456.449
2024-06-25 00:37:00,1719275820.0,373.0,373.6,372.9,373.3,76.468
2024-06-25 00:38:00,1719275880.0,373.3,373.4,372.7,373.4,80.948
2024-06-25 00:39:00,1719275940.0,373.4,373.4,372.8,372.8,47.717
2024-06-25 00:40:00,1719276000.0,372.8,372.8,372.1,372.6,122.319
2024-06-25 00:41:00,1719276060.0,372.5,373.6,372.5,373.6,103.402
2024-06-25 00:42:00,1719276120.0,373.9,374.8,373.9,374.8,38.503
2024-06-25 00:43:00,1719276180.0,374.8,375.0,374.4,374.7,60.913
2024-06-25 00:44:00,1719276240.0,374.9,375.4,374.9,375.2,82.014
2024-06-25 00:45:00,1719276300.0,375.2,375.2,373.6,373.9,96.673
2024-06-25 00:46:00,1719276360.0,373.8,374.3,373.3,374.2,77.504
2024-06-25 00:47:00,1719276420.0,374.2,374.3,373.3,373.4,77.167
2024-06-25 00:48:00,1719276480.0,373.3,373.7,372.8,372.9,83.091
2024-06-25 00:49:00,1719276540.0,372.9,374.4,372.9,374.1,347.061
2024-06-25 00:50:00,1719276600.0,374.1,374.7,373.8,374.4,145.075
2024-06-25 00:51:00,1719276660.0,374.3,374.4,373.7,374.2,68.155
2024-06-25 00:52:00,1719276720.0,374.2,374.5,373.9,374.5,17.282
2024-06-25 00:53:00,1719276780.0,375.0,376.1,375.0,376.1,112.565
2024-06-25 00:54:00,1719276840.0,376.2,377.7,376.2,376.7,355.018
2024-06-25 00:55:00,1719276900.0,376.4,376.4,375.3,375.5,58.734
2024-06-25 00:56:00,1719276960.0,375.4,375.5,374.7,375.2,26.22
2024-06-25 00:57:00,1719277020.0,375.3,376.3,374.9,376.3,82.415
2024-06-25 00:58:00,1719277080.0,376.3,377.1,376.3,376.6,58.942
2024-06-25 00:59:00,1719277140.0,376.6,376.6,376.2,376.4,172.513
2024-06-25 01:00:00,1719277200.0,376.8,376.8,376.0,376.5,108.159
2024-06-25 01:01:00,1719277260.0,376.6,377.2,376.5,376.8,368.278
2024-06-25 01:02:00,1719277320.0,376.6,377.4,376.6,376.8,132.433
2024-06-25 01:03:00,1719277380.0,376.7,376.7,374.9,374.9,39.91
2024-06-25 01:04:00,1719277440.0,374.9,375.2,374.4,374.4,49.032
2024-06-25 01:05:00,1719277500.0,374.4,374.4,373.7,374.3,80.112
2024-06-25 01:06:00,1719277560.0,374.5,374.6,374.1,374.3,95.705
2024-06-25 01:07:00,1719277620.0,374.3,375.1,374.3,374.5,15.492
2024-06-25 01:08:00,1719277680.0,374.4,374.5,373.8,374.1,224.242
2024-06-25 01:09:00,1719277740.0,374.2,374.8,374.2,374.8,27.388
2024-06-25 01:10:00,1719277800.0,374.7,375.7,374.7,375.2,101.714
2024-06-25 01:11:00,1719277860.0,375.2,375.2,373.8,374.0,162.323
2024-06-25 01:12:00,1719277920.0,373.9,374.1,373.8,374.0,60.814
2024-06-25 01:13:00,1719277980.0,374.2,374.9,373.9,374.7,279.179
2024-06-25 01:14:00,1719278040.0,374.7,374.7,373.8,374.2,119.081
2024-06-25 01:15:00,1719278100.0,374.1,374.6,373.9,374.2,114.941
2024-06-25 01:16:00,1719278160.0,374.1,374.2,373.9,373.9,54.662
2024-06-25 01:17:00,1719278220.0,373.9,374.1,373.7,373.8,79.139
2024-06-25 01:18:00,1719278280.0,374.1,374.1,373.7,373.9,44.747
2024-06-25 01:19:00,1719278340.0,374.2,374.2,373.7,373.8,30.511
2024-06-25 01:20:00,1719278400.0,373.9,373.9,373.8,373.9,30.897
2024-06-25 01:21:00,1719278460.0,374.1,374.1,373.7,373.8,66.046
2024-06-25 01:22:00,1719278520.0,374.3,374.3,373.8,373.8,31.809
2024-06-25 01:23:00,1719278580.0,373.8,374.1,373.8,373.8,37.911
2024-06-25 01:24:00,1719278640.0,374.0,374.0,373.6,373.7,17.666
2024-06-25 01:25:00,1719278700.0,373.7,373.8,373.7,373.7,52.785
2024-06-25 01:26:00,1719278760.0,373.7,373.8,373.4,373.7,64.583
2024-06-25 01:27:00,1719278820.0,373.7,373.8,373.6,373.7,31.418
2024-06-25 01:28:00,1719278880.0,373.7,373.8,373.6,373.7,18.522
2024-06-25 01:29:00,1719278940.0,373.6,373.7,372.7,372.7,63.452
2024-06-25 01:30:00,1719279000.0,372.8,372.8,370.3,371.7,564.885
2024-06-25 01:31:00,1719279060.0,371.7,371.9,371.4,371.4,43.03
2024-06-25 01:32:00,1719279120.0,371.4,371.6,371.3,371.3,20.487
2024-06-25 01:33:00,1719279180.0,371.4,371.4,370.6,371.0,184.097
2024-06-25 01:34:00,1719279240.0,371.0,371.2,370.9,371.0,27.498
2024-06-25 01:35:00,1719279300.0,371.0,371.0,370.6,370.9,42.791
2024-06-25 01:36:00,1719279360.0,371.0,371.6,371.0,371.6,24.648
2024-06-25 01:37:00,1719279420.0,371.6,371.7,371.5,371.6,42.118
2024-06-25 01:38:00,1719279480.0,371.5,372.0,371.5,371.9,26.388
2024-06-25 01:39:00,1719279540.0,372.1,373.0,372.1,372.6,169.186
2024-06-25 01:40:00,1719279600.0,372.5,372.7,372.3,372.7,23.258
2024-06-25 01:41:00,1719279660.0,372.6,372.7,372.2,372.2,10.056
2024-06-25 01:42:00,1719279720.0,372.0,372.1,371.9,372.0,19.908
2024-06-25 01:43:00,1719279780.0,371.9,371.9,371.7,371.8,11.172
2024-06-25 01:44:00,1719279840.0,371.8,371.8,371.3,371.5,15.701
2024-06-25 01:45:00,1719279900.0,371.5,371.5,371.2,371.2,10.57
2024-06-25 01:46:00,1719279960.0,371.2,371.3,370.9,371.0,9.106
2024-06-25 01:47:00,1719280020.0,371.0,371.3,371.0,371.3,2.692
2024-06-25 01:48:00,1719280080.0,371.5,371.8,371.2,371.2,7.113
2024-06-25 01:49:00,1719280140.0,371.4,371.5,371.4,371.5,0.944
2024-06-25 01:50:00,1719280200.0,371.5,371.5,371.5,371.5,0.085
2024-06-25 01:51:00,1719280260.0,371.6,371.7,371.6,371.7,0.283
2024-06-25 01:52:00,1719280320.0,371.5,371.5,370.9,371.0,36.493
2024-06-25 01:53:00,1719280380.0,370.9,371.0,370.9,370.9,1.473
2024-06-25 01:54:00,1719280440.0,370.9,370.9,370.5,370.8,18.82
2024-06-25 01:55:00,1719280500.0,370.6,371.1,370.4,371.1,34.581
2024-06-25 01:56:00,1719280560.0,371.2,372.1,371.2,372.0,37.384
2024-06-25 01:57:00,1719280620.0,371.9,371.9,371.1,371.3,26.449
2024-06-25 01:58:00,1719280680.0,371.4,371.8,371.4,371.8,41.819
2024-06-25 01:59:00,1719280740.0,371.8,372.2,371.8,372.1,44.648
2024-06-25 02:00:00,1719280800.0,372.2,372.7,372.2,372.7,77.111
2024-06-25 02:01:00,1719280860.0,372.7,372.7,371.4,371.5,72.412
2024-06-25 02:02:00,1719280920.0,371.3,371.6,371.2,371.6,67.431
2024-06-25 02:03:00,1719280980.0,371.9,372.4,371.4,372.3,85.648
2024-06-25 02:04:00,1719281040.0,372.3,372.5,371.7,371.7,17.72
2024-06-25 02:05:00,1719281100.0,371.5,372.0,371.3,371.8,32.364
2024-06-25 02:06:00,1719281160.0,371.9,372.8,371.9,372.6,55.269
2024-06-25 02:07:00,1719281220.0,372.5,372.8,372.4,372.4,28.965
2024-06-25 02:08:00,1719281280.0,372.6,373.5,372.6,373.4,126.06
2024-06-25 02:09:00,1719281340.0,373.3,373.8,373.0,373.7,49.47
2024-06-25 02:10:00,1719281400.0,373.9,374.0,373.5,373.7,141.233
2024-06-25 02:11:00,1719281460.0,373.7,373.8,373.6,373.7,17.758
2024-06-25 02:12:00,1719281520.0,373.7,373.7,373.2,373.4,94.58
2024-06-25 02:13:00,1719281580.0,373.0,373.1,373.0,373.0,11.787
2024-06-25 02:14:00,1719281640.0,372.9,373.1,372.5,372.8,17.471
2024-06-25 02:15:00,1719281700.0,372.7,373.4,372.6,373.3,48.402
2024-06-25 02:16:00,1719281760.0,373.0,373.1,372.8,372.9,10.543
2024-06-25 02:17:00,1719281820.0,373.0,373.0,372.6,372.6,9.061
2024-06-25 02:18:00,1719281880.0,372.7,372.9,372.6,372.8,4.113
2024-06-25 02:19:00,1719281940.0,373.0,373.4,372.9,372.9,13.854
2024-06-25 02:20:00,1719282000.0,372.8,373.1,372.8,372.8,21.702
2024-06-25 02:21:00,1719282060.0,372.9,372.9,372.2,372.2,112.656
2024-06-25 02:22:00,1719282120.0,372.0,372.3,371.9,372.0,100.514
2024-06-25 02:23:00,1719282180.0,371.8,372.1,371.7,371.8,35.092
2024-06-25 02:24:00,1719282240.0,371.8,373.1,371.8,373.1,59.5
2024-06-25 02:25:00,1719282300.0,372.9,374.0,372.9,373.8,102.308
2024-06-25 02:26:00,1719282360.0,373.7,373.9,373.5,373.5,33.335
2024-06-25 02:27:00,1719282420.0,373.5,374.0,373.5,373.6,32.448
2024-06-25 02:28:00,1719282480.0,373.6,374.0,373.3,373.3,55.48
2024-06-25 02:29:00,1719282540.0,373.4,373.5,373.4,373.5,23.086
2024-06-25 02:30:00,1719282600.0,373.5,374.0,373.4,373.5,128.391
2024-06-25 02:31:00,1719282660.0,373.4,374.7,373.3,374.1,264.626
2024-06-25 02:32:00,1719282720.0,374.2,375.2,374.2,374.8,45.899
2024-06-25 02:33:00,1719282780.0,374.7,374.7,374.1,374.4,32.98
2024-06-25 02:34:00,1719282840.0,374.6,374.6,374.3,374.3,19.561
2024-06-25 02:35:00,1719282900.0,374.3,374.7,374.2,374.3,16.092
2024-06-25 02:36:00,1719282960.0,374.2,374.5,374.1,374.3,65.116
2024-06-25 02:37:00,1719283020.0,374.2,374.5,374.2,374.3,42.684
2024-06-25 02:38:00,1719283080.0,374.4,374.4,373.9,373.9,54.479
2024-06-25 02:39:00,1719283140.0,373.8,373.9,373.5,373.5,9.812
2024-06-25 02:40:00,1719283200.0,373.4,373.4,372.8,372.9,25.525
2024-06-25 02:41:00,1719283260.0,373.2,373.3,372.9,373.1,7.048
2024-06-25 02:42:00,1719283320.0,373.1,373.2,372.8,372.8,9.894
2024-06-25 02:43:00,1719283380.0,372.7,372.7,372.4,372.4,8.119
2024-06-25 02:44:00,1719283440.0,372.7,372.7,372.7,372.7,0.32
2024-06-25 02:45:00,1719283500.0,372.9,373.5,372.9,373.4,8.574
2024-06-25 02:46:00,1719283560.0,373.5,375.6,373.5,375.2,257.647
2024-06-25 02:47:00,1719283620.0,375.2,375.2,374.9,374.9,17.176
2024-06-25 02:48:00,1719283680.0,375.0,375.0,374.5,374.6,4.768
2024-06-25 02:49:00,1719283740.0,374.9,375.2,374.9,375.2,4.214
2024-06-25 02:50:00,1719283800.0,375.2,375.2,374.7,374.7,2.712
2024-06-25 02:51:00,1719283860.0,374.7,374.7,374.6,374.7,7.876
2024-06-25 02:52:00,1719283920.0,374.8,375.0,374.7,374.9,34.412
2024-06-25 02:53:00,1719283980.0,374.9,375.1,374.9,375.0,2.692
2024-06-25 02:54:00,1719284040.0,375.0,375.0,374.6,375.0,48.533
2024-06-25 02:55:00,1719284100.0,375.0,375.0,374.7,374.7,3.183
2024-06-25 02:56:00,1719284160.0,374.7,374.7,374.7,374.7,8.254
2024-06-25 02:57:00,1719284220.0,374.6,374.7,374.5,374.6,37.476
2024-06-25 02:58:00,1719284280.0,374.6,374.6,374.1,374.3,11.573
2024-06-25 02:59:00,1719284340.0,374.3,374.4,374.3,374.4,41.857
2024-06-25 03:00:00,1719284400.0,374.3,374.3,373.9,374.1,44.488
2024-06-25 03:01:00,1719284460.0,374.2,374.2,373.9,373.9,1.273
2024-06-25 03:02:00,1719284520.0,374.1,374.7,374.1,374.5,17.394
2024-06-25 03:03:00,1719284580.0,374.7,374.9,374.7,374.8,16.856
2024-06-25 03:04:00,1719284640.0,374.9,376.6,374.9,376.2,163.781
2024-06-25 03:05:00,1719284700.0,376.0,376.1,375.8,375.9,30.586
2024-06-25 03:06:00,1719284760.0,375.9,378.1,375.9,376.8,479.943
2024-06-25 03:07:00,1719284820.0,376.7,377.7,376.2,377.7,216.295
2024-06-25 03:08:00,1719284880.0,377.9,378.2,377.6,377.9,84.258
2024-06-25 03:09:00,1719284940.0,377.7,379.1,377.7,378.9,69.582
2024-06-25 03:10:00,1719285000.0,379.0,380.2,378.4,380.0,333.065
2024-06-25 03:11:00,1719285060.0,380.0,380.0,379.0,379.1,97.074
2024-06-25 03:12:00,1719285120.0,378.9,378.9,378.4,378.6,69.315
2024-06-25 03:13:00,1719285180.0,378.9,378.9,378.6,378.7,56.741
2024-06-25 03:14:00,1719285240.0,378.8,378.9,378.5,378.8,18.843
2024-06-25 03:15:00,1719285300.0,378.8,378.9,378.7,378.7,12.742
2024-06-25 03:16:00,1719285360.0,378.3,378.3,377.8,378.0,34.631
2024-06-25 03:17:00,1719285420.0,377.9,378.4,377.9,378.4,4.287
2024-06-25 03:18:00,1719285480.0,378.4,378.7,378.4,378.7,3.943
2024-06-25 03:19:00,1719285540.0,379.1,379.9,379.1,379.3,58.919
2024-06-25 03:20:00,1719285600.0,379.3,379.3,378.7,378.7,20.782
2024-06-25 03:21:00,1719285660.0,378.8,380.4,378.8,379.7,290.41
2024-06-25 03:22:00,1719285720.0,379.8,380.9,379.5,380.8,60.204
2024-06-25 03:23:00,1719285780.0,380.8,380.9,379.4,379.5,57.294
2024-06-25 03:24:00,1719285840.0,379.5,380.3,379.4,380.2,29.356
2024-06-25 03:25:00,1719285900.0,380.2,380.4,379.8,379.9,16.075
2024-06-25 03:26:00,1719285960.0,379.5,379.5,378.9,378.9,51.365
2024-06-25 03:27:00,1719286020.0,379.0,379.2,378.7,379.2,225.11
2024-06-25 03:28:00,1719286080.0,379.1,379.2,378.7,378.8,69.186
2024-06-25 03:29:00,1719286140.0,378.7,379.1,378.6,378.8,67.715
2024-06-25 03:30:00,1719286200.0,379.1,379.7,379.1,379.5,26.417
2024-06-25 03:31:00,1719286260.0,379.6,379.6,378.9,379.0,127.537
2024-06-25 03:32:00,1719286320.0,378.9,379.1,378.8,379.1,61.238
2024-06-25 03:33:00,1719286380.0,379.3,380.1,379.3,379.4,148.0
2024-06-25 03:34:00,1719286440.0,379.4,380.2,379.4,380.1,122.5
2024-06-25 03:35:00,1719286500.0,380.2,380.6,380.1,380.5,52.175
2024-06-25 03:36:00,1719286560.0,380.6,385.6,380.0,384.6,2209.901
2024-06-25 03:37:00,1719286620.0,384.6,385.3,384.5,384.8,245.407
2024-06-25 03:38:00,1719286680.0,384.8,385.6,384.5,385.1,218.133
2024-06-25 03:39:00,1719286740.0,385.0,385.2,384.3,384.4,92.829
2024-06-25 03:40:00,1719286800.0,384.4,385.2,383.6,384.9,305.794
2024-06-25 03:41:00,1719286860.0,384.9,385.9,384.7,385.7,127.698
2024-06-25 03:42:00,1719286920.0,385.7,385.7,384.4,384.4,77.913
2024-06-25 03:43:00,1719286980.0,384.4,385.1,384.3,385.0,53.249
2024-06-25 03:44:00,1719287040.0,385.0,385.7,384.7,385.5,121.144
2024-06-25 03:45:00,1719287100.0,385.3,386.3,385.3,386.2,119.751
2024-06-25 03:46:00,1719287160.0,386.1,388.6,386.1,386.6,589.891
2024-06-25 03:47:00,1719287220.0,386.6,386.7,385.3,385.6,223.417
2024-06-25 03:48:00,1719287280.0,385.7,386.6,385.2,385.7,254.039
2024-06-25 03:49:00,1719287340.0,385.6,385.6,384.4,384.4,84.457
2024-06-25 03:50:00,1719287400.0,384.4,385.3,384.4,384.7,29.606
2024-06-25 03:51:00,1719287460.0,384.8,384.9,383.7,383.9,242.612
2024-06-25 03:52:00,1719287520.0,383.9,383.9,382.9,383.3,142.391
2024-06-25 03:53:00,1719287580.0,383.4,383.4,379.7,380.2,900.766
2024-06-25 03:54:00,1719287640.0,380.2,380.4,379.9,380.1,328.866
2024-06-25 03:55:00,1719287700.0,380.1,380.4,380.1,380.2,271.35
2024-06-25 03:56:00,1719287760.0,380.2,380.5,380.1,380.5,49.74
2024-06-25 03:57:00,1719287820.0,380.5,380.6,380.5,380.5,15.761
2024-06-25 03:58:00,1719287880.0,380.6,380.6,379.8,379.8,126.487
2024-06-25 03:59:00,1719287940.0,380.0,380.0,378.9,379.0,98.503
2024-06-25 04:00:00,1719288000.0,379.1,380.1,378.6,379.2,275.965
2024-06-25 04:01:00,1719288060.0,379.3,379.9,378.8,378.8,180.182
2024-06-25 04:02:00,1719288120.0,378.9,379.6,378.4,379.1,88.807
2024-06-25 04:03:00,1719288180.0,379.2,379.6,378.7,378.9,160.15
2024-06-25 04:04:00,1719288240.0,379.0,379.1,378.8,378.8,26.073
2024-06-25 04:05:00,1719288300.0,378.8,378.8,378.5,378.6,38.363
2024-06-25 04:06:00,1719288360.0,378.6,378.8,378.2,378.3,48.147
2024-06-25 04:07:00,1719288420.0,378.3,378.4,377.0,377.3,127.279
2024-06-25 04:08:00,1719288480.0,377.3,377.5,377.1,377.3,58.975
2024-06-25 04:09:00,1719288540.0,377.2,377.2,376.8,376.8,37.11
2024-06-25 04:10:00,1719288600.0,377.0,377.2,376.7,377.0,195.514
2024-06-25 04:11:00,1719288660.0,377.1,377.6,377.0,377.5,54.338
2024-06-25 04:12:00,1719288720.0,377.7,377.7,376.8,376.9,240.579
2024-06-25 04:13:00,1719288780.0,376.8,376.8,376.6,376.6,15.147
2024-06-25 04:14:00,1719288840.0,376.7,376.7,375.4,375.6,181.033
2024-06-25 04:15:00,1719288900.0,375.7,376.8,375.7,376.8,105.196
2024-06-25 04:16:00,1719288960.0,376.7,377.2,376.6,377.2,60.974
2024-06-25 04:17:00,1719289020.0,377.3,377.5,377.2,377.2,46.726
2024-06-25 04:18:00,1719289080.0,377.1,377.6,376.7,377.2,99.672
2024-06-25 04:19:00,1719289140.0,377.2,377.3,376.6,376.6,21.764
2024-06-25 04:20:00,1719289200.0,376.6,377.0,376.5,376.7,2.785
2024-06-25 04:21:00,1719289260.0,376.6,376.6,375.7,375.8,55.148
2024-06-25 04:22:00,1719289320.0,375.7,376.3,375.7,376.1,15.647
2024-06-25 04:23:00,1719289380.0,376.3,376.4,376.3,376.4,9.979
2024-06-25 04:24:00,1719289440.0,376.5,376.5,376.4,376.5,3.083
2024-06-25 04:25:00,1719289500.0,376.5,376.8,376.5,376.6,9.568
2024-06-25 04:26:00,1719289560.0,376.5,376.6,376.5,376.6,6.491
2024-06-25 04:27:00,1719289620.0,376.6,377.1,376.6,376.8,75.706
2024-06-25 04:28:00,1719289680.0,376.8,377.1,376.8,376.9,10.523
2024-06-25 04:29:00,1719289740.0,376.9,376.9,376.9,376.9,0.298
2024-06-25 04:30:00,1719289800.0,376.8,377.0,376.7,376.7,12.88
2024-06-25 04:31:00,1719289860.0,376.7,377.3,376.6,377.2,21.363
2024-06-25 04:32:00,1719289920.0,377.4,377.4,376.9,377.1,28.988
2024-06-25 04:33:00,1719289980.0,377.0,377.0,375.9,376.0,55.564
2024-06-25 04:34:00,1719290040.0,375.7,375.9,375.4,375.9,28.985
2024-06-25 04:35:00,1719290100.0,375.8,375.8,375.3,375.3,33.672
2024-06-25 04:36:00,1719290160.0,375.4,375.9,375.4,375.6,8.999
2024-06-25 04:37:00,1719290220.0,375.6,375.8,375.4,375.5,36.486
2024-06-25 04:38:00,1719290280.0,375.4,376.1,375.4,376.1,63.37
2024-06-25 04:39:00,1719290340.0,376.1,376.4,375.8,375.8,163.376
2024-06-25 04:40:00,1719290400.0,375.8,376.0,375.7,375.7,8.811
2024-06-25 04:41:00,1719290460.0,375.7,376.0,375.7,375.9,4.538
2024-06-25 04:42:00,1719290520.0,375.8,376.2,375.8,376.1,5.055
2024-06-25 04:43:00,1719290580.0,376.1,376.1,375.9,375.9,5.354
2024-06-25 04:44:00,1719290640.0,375.9,375.9,375.4,375.5,9.31
2024-06-25 04:45:00,1719290700.0,375.4,375.4,375.0,375.1,12.593
2024-06-25 04:46:00,1719290760.0,375.3,375.9,375.3,375.9,9.21
2024-06-25 04:47:00,1719290820.0,375.8,375.9,375.7,375.8,10.575
2024-06-25 04:48:00,1719290880.0,375.7,375.7,375.5,375.6,8.163
2024-06-25 04:49:00,1719290940.0,375.8,376.0,375.7,375.7,8.706
2024-06-25 04:50:00,1719291000.0,375.7,376.0,375.6,375.7,0.966
2024-06-25 04:51:00,1719291060.0,375.6,376.0,375.6,376.0,0.182
2024-06-25 04:52:00,1719291120.0,376.0,377.0,376.0,377.0,119.735
2024-06-25 04:53:00,1719291180.0,377.0,377.2,376.5,376.7,18.236
2024-06-25 04:54:00,1719291240.0,376.9,377.1,376.7,376.7,34.033
2024-06-25 04:55:00,1719291300.0,376.6,376.8,376.6,376.7,4.333
2024-06-25 04:56:00,1719291360.0,376.8,376.8,376.8,376.8,1.494
2024-06-25 04:57:00,1719291420.0,376.9,377.6,376.9,377.3,78.022
2024-06-25 04:58:00,1719291480.0,377.2,377.3,376.9,376.9,25.076
2024-06-25 04:59:00,1719291540.0,377.1,377.1,377.0,377.0,2.895
2024-06-25 05:00:00,1719291600.0,377.1,378.4,377.1,378.0,466.657
2024-06-25 05:01:00,1719291660.0,377.8,377.8,377.3,377.4,65.562
2024-06-25 05:02:00,1719291720.0,377.5,378.0,377.5,377.6,25.784
2024-06-25 05:03:00,1719291780.0,378.1,378.1,377.8,377.8,8.069
2024-06-25 05:04:00,1719291840.0,378.0,378.2,377.9,378.2,18.149
2024-06-25 05:05:00,1719291900.0,377.9,377.9,377.3,377.5,24.871
2024-06-25 05:06:00,1719291960.0,377.4,377.4,376.4,377.0,126.843
2024-06-25 05:07:00,1719292020.0,376.9,377.5,376.9,377.5,4.321
2024-06-25 05:08:00,1719292080.0,377.4,377.4,377.1,377.1,4.262
2024-06-25 05:09:00,1719292140.0,377.3,377.3,377.0,377.0,2.432
2024-06-25 05:10:00,1719292200.0,377.0,377.0,376.4,376.5,20.991
2024-06-25 05:11:00,1719292260.0,376.6,377.0,376.6,376.9,2.991
2024-06-25 05:12:00,1719292320.0,376.9,377.0,376.9,377.0,1.446
2024-06-25 05:13:00,1719292380.0,377.0,377.0,376.8,376.8,12.388
2024-06-25 05:14:00,1719292440.0,376.8,376.9,376.6,376.6,3.658
2024-06-25 05:15:00,1719292500.0,376.6,376.9,376.6,376.7,4.343
2024-06-25 05:16:00,1719292560.0,376.8,376.9,376.7,376.9,4.962
2024-06-25 05:17:00,1719292620.0,376.9,376.9,376.5,376.6,13.545
2024-06-25 05:18:00,1719292680.0,376.9,376.9,376.8,376.8,6.442
2024-06-25 05:19:00,1719292740.0,376.8,376.8,376.8,376.8,0.0
2024-06-25 05:20:00,1719292800.0,376.9,376.9,376.6,376.6,3.036
2024-06-25 05:21:00,1719292860.0,376.7,376.8,376.5,376.8,3.833
2024-06-25 05:22:00,1719292920.0,376.8,376.8,376.6,376.6,0.516
2024-06-25 05:23:00,1719292980.0,376.9,377.5,376.8,377.3,82.509
2024-06-25 05:24:00,1719293040.0,377.2,377.2,377.0,377.0,3.761
2024-06-25 05:25:00,1719293100.0,377.3,377.6,377.3,377.5,13.158
2024-06-25 05:26:00,1719293160.0,377.5,377.6,377.1,377.1,9.552
2024-06-25 05:27:00,1719293220.0,377.0,377.1,376.9,377.0,5.362
2024-06-25 05:28:00,1719293280.0,377.1,377.1,377.0,377.0,1.396
2024-06-25 05:29:00,1719293340.0,377.0,377.2,377.0,377.0,10.737
2024-06-25 05:30:00,1719293400.0,376.9,376.9,376.5,376.5,32.465
2024-06-25 05:31:00,1719293460.0,376.6,376.7,376.4,376.5,34.127
2024-06-25 05:32:00,1719293520.0,376.5,376.5,376.2,376.2,37.082
2024-06-25 05:33:00,1719293580.0,376.5,376.5,376.1,376.1,20.401
2024-06-25 05:34:00,1719293640.0,376.0,376.1,375.8,375.8,30.0
2024-06-25 05:35:00,1719293700.0,375.8,375.8,375.3,375.6,87.365
2024-06-25 05:36:00,1719293760.0,375.5,375.9,375.5,375.7,39.721
2024-06-25 05:37:00,1719293820.0,375.6,375.6,374.8,375.0,55.572
2024-06-25 05:38:00,1719293880.0,375.0,375.0,374.2,374.5,176.84
2024-06-25 05:39:00,1719293940.0,374.7,374.7,373.6,373.6,227.349
2024-06-25 05:40:00,1719294000.0,373.6,373.8,372.7,373.4,214.107
2024-06-25 05:41:00,1719294060.0,373.4,373.7,373.4,373.5,58.905
2024-06-25 05:42:00,1719294120.0,373.6,373.6,372.7,372.7,72.887
2024-06-25 05:43:00,1719294180.0,372.9,373.5,372.9,373.5,25.26
2024-06-25 05:44:00,1719294240.0,373.5,373.8,373.4,373.8,51.799
2024-06-25 05:45:00,1719294300.0,373.9,374.3,373.7,374.2,37.166
2024-06-25 05:46:00,1719294360.0,374.3,374.4,374.1,374.2,17.639
2024-06-25 05:47:00,1719294420.0,374.5,374.5,374.1,374.1,175.468
2024-06-25 05:48:00,1719294480.0,374.1,374.5,374.0,374.0,34.723
2024-06-25 05:49:00,1719294540.0,374.0,374.2,373.8,374.1,25.067
2024-06-25 05:50:00,1719294600.0,374.1,374.1,374.0,374.0,0.544
2024-06-25 05:51:00,1719294660.0,374.0,374.0,373.1,373.2,84.473
2024-06-25 05:52:00,1719294720.0,373.4,373.7,373.4,373.7,26.993
2024-06-25 05:53:00,1719294780.0,373.7,374.0,373.6,374.0,20.308
2024-06-25 05:54:00,1719294840.0,373.9,373.9,373.7,373.8,10.979
2024-06-25 05:55:00,1719294900.0,373.9,374.2,373.9,374.2,4.034
2024-06-25 05:56:00,1719294960.0,374.4,375.0,374.4,375.0,124.32
2024-06-25 05:57:00,1719295020.0,375.0,375.0,374.6,374.6,18.706
2024-06-25 05:58:00,1719295080.0,374.8,375.1,374.4,374.4,69.225
2024-06-25 05:59:00,1719295140.0,374.4,374.4,374.1,374.4,11.785
2024-06-25 06:00:00,1719295200.0,374.3,374.4,374.1,374.1,23.046
2024-06-25 06:01:00,1719295260.0,374.1,374.1,374.0,374.1,18.415
2024-06-25 06:02:00,1719295320.0,373.9,373.9,373.6,373.7,50.543
2024-06-25 06:03:00,1719295380.0,373.7,373.7,373.4,373.4,6.279
2024-06-25 06:04:00,1719295440.0,373.3,373.3,372.7,372.7,11.935
2024-06-25 06:05:00,1719295500.0,372.8,373.3,372.5,373.3,25.652
2024-06-25 06:06:00,1719295560.0,373.3,373.3,373.0,373.0,27.132
2024-06-25 06:07:00,1719295620.0,373.0,373.4,373.0,373.4,5.834
2024-06-25 06:08:00,1719295680.0,373.5,373.7,373.5,373.7,11.53
2024-06-25 06:09:00,1719295740.0,373.8,374.3,373.7,374.3,10.227
2024-06-25 06:10:00,1719295800.0,374.4,374.4,373.8,373.9,47.962
2024-06-25 06:11:00,1719295860.0,374.1,374.2,374.1,374.1,4.864
2024-06-25 06:12:00,1719295920.0,374.2,374.3,374.2,374.2,1.602
2024-06-25 06:13:00,1719295980.0,374.1,374.1,373.6,373.7,25.172
2024-06-25 06:14:00,1719296040.0,373.8,373.8,373.7,373.8,3.614
2024-06-25 06:15:00,1719296100.0,373.8,374.2,373.8,374.2,0.123
2024-06-25 06:16:00,1719296160.0,374.2,374.3,374.2,374.3,35.153
2024-06-25 06:17:00,1719296220.0,374.3,374.3,374.3,374.3,2.6
2024-06-25 06:18:00,1719296280.0,374.3,374.3,374.3,374.3,3.891
2024-06-25 06:19:00,1719296340.0,374.2,374.5,374.2,374.5,15.26
2024-06-25 06:20:00,1719296400.0,374.4,374.7,374.4,374.6,1.958
2024-06-25 06:21:00,1719296460.0,374.5,374.5,373.8,373.8,24.554
2024-06-25 06:22:00,1719296520.0,373.8,373.8,373.4,373.7,47.694
2024-06-25 06:23:00,1719296580.0,373.8,374.0,373.7,373.7,3.966
2024-06-25 06:24:00,1719296640.0,373.7,373.7,373.7,373.7,0.264
2024-06-25 06:25:00,1719296700.0,373.7,373.8,373.5,373.5,1.498
2024-06-25 06:26:00,1719296760.0,373.4,373.6,373.4,373.5,5.405
2024-06-25 06:27:00,1719296820.0,373.6,373.7,373.6,373.7,0.267
2024-06-25 06:28:00,1719296880.0,373.6,373.9,373.6,373.9,6.138
2024-06-25 06:29:00,1719296940.0,373.9,373.9,373.5,373.5,27.025
2024-06-25 06:30:00,1719297000.0,373.7,374.0,373.7,373.9,12.252
2024-06-25 06:31:00,1719297060.0,373.9,373.9,373.9,373.9,0.065
2024-06-25 06:32:00,1719297120.0,374.0,374.4,374.0,374.4,6.861
2024-06-25 06:33:00,1719297180.0,374.6,374.6,374.5,374.6,12.366
2024-06-25 06:34:00,1719297240.0,374.6,374.7,374.6,374.6,5.516
2024-06-25 06:35:00,1719297300.0,374.7,374.9,374.7,374.9,14.711
2024-06-25 06:36:00,1719297360.0,375.0,375.4,374.7,374.7,110.717
2024-06-25 06:37:00,1719297420.0,374.7,375.3,374.7,375.3,7.497
2024-06-25 06:38:00,1719297480.0,375.3,375.3,374.9,375.0,24.47
2024-06-25 06:39:00,1719297540.0,375.2,375.2,375.0,375.1,2.968
2024-06-25 06:40:00,1719297600.0,375.4,375.4,374.8,374.9,35.996
2024-06-25 06:41:00,1719297660.0,374.8,374.8,374.7,374.8,20.873
2024-06-25 06:42:00,1719297720.0,374.9,374.9,374.9,374.9,0.559
2024-06-25 06:43:00,1719297780.0,374.8,374.8,374.7,374.7,3.599
2024-06-25 06:44:00,1719297840.0,374.9,374.9,374.5,374.5,10.931
2024-06-25 06:45:00,1719297900.0,374.7,374.7,374.4,374.5,18.522
2024-06-25 06:46:00,1719297960.0,374.5,374.6,374.3,374.4,1.782
2024-06-25 06:47:00,1719298020.0,374.6,374.7,374.6,374.6,7.904
2024-06-25 06:48:00,1719298080.0,374.7,374.8,374.4,374.4,22.995
2024-06-25 06:49:00,1719298140.0,374.1,374.1,373.8,373.8,14.17
2024-06-25 06:50:00,1719298200.0,373.7,374.0,373.7,374.0,3.088
2024-06-25 06:51:00,1719298260.0,374.0,374.3,374.0,374.2,42.428
2024-06-25 06:52:00,1719298320.0,374.3,374.4,373.9,373.9,6.042
2024-06-25 06:53:00,1719298380.0,374.0,374.1,373.8,373.9,12.497
2024-06-25 06:54:00,1719298440.0,373.8,374.1,373.8,374.0,17.336
2024-06-25 06:55:00,1719298500.0,374.2,375.3,374.2,375.0,427.924
2024-06-25 06:56:00,1719298560.0,375.0,375.0,373.1,373.3,602.529
2024-06-25 06:57:00,1719298620.0,373.3,373.3,373.0,373.1,68.219
2024-06-25 06:58:00,1719298680.0,373.2,373.8,373.2,373.6,68.497
2024-06-25 06:59:00,1719298740.0,373.6,374.1,373.5,373.9,155.484
2024-06-25 07:00:00,1719298800.0,374.0,374.0,373.9,373.9,32.086
2024-06-25 07:01:00,1719298860.0,373.9,373.9,373.6,373.8,36.594
2024-06-25 07:02:00,1719298920.0,373.6,373.8,373.6,373.7,27.981
2024-06-25 07:03:00,1719298980.0,373.7,373.8,373.6,373.8,15.401
2024-06-25 07:04:00,1719299040.0,373.8,374.2,373.7,374.2,48.106
2024-06-25 07:05:00,1719299100.0,374.2,374.3,374.0,374.1,31.361
2024-06-25 07:06:00,1719299160.0,374.1,374.1,373.5,373.5,58.486
2024-06-25 07:07:00,1719299220.0,373.5,373.5,372.8,372.8,75.939
2024-06-25 07:08:00,1719299280.0,372.9,373.3,372.9,373.3,8.773
2024-06-25 07:09:00,1719299340.0,373.1,373.1,372.5,372.7,13.099
2024-06-25 07:10:00,1719299400.0,372.7,372.7,372.0,372.3,169.915
2024-06-25 07:11:00,1719299460.0,372.5,372.6,372.3,372.3,18.544
2024-06-25 07:12:00,1719299520.0,372.4,372.8,372.4,372.8,43.344
2024-06-25 07:13:00,1719299580.0,372.8,373.0,372.8,373.0,14.926
2024-06-25 07:14:00,1719299640.0,373.0,373.1,372.6,372.7,46.448
2024-06-25 07:15:00,1719299700.0,372.8,373.0,372.7,372.7,10.132
2024-06-25 07:16:00,1719299760.0,373.1,373.3,373.1,373.3,2.107
2024-06-25 07:17:00,1719299820.0,373.2,373.3,373.0,373.1,3.441
2024-06-25 07:18:00,1719299880.0,373.2,373.4,372.7,372.8,14.988
2024-06-25 07:19:00,1719299940.0,372.7,372.7,372.0,372.3,42.354
2024-06-25 07:20:00,1719300000.0,372.4,372.4,372.4,372.4,1.0
2024-06-25 07:21:00,1719300060.0,372.5,372.7,372.4,372.5,56.68
2024-06-25 07:22:00,1719300120.0,372.2,372.2,371.9,372.2,66.421
2024-06-25 07:23:00,1719300180.0,372.3,372.4,372.3,372.3,11.231
2024-06-25 07:24:00,1719300240.0,372.3,372.4,372.3,372.4,5.539
2024-06-25 07:25:00,1719300300.0,372.3,372.3,372.2,372.2,0.45
2024-06-25 07:26:00,1719300360.0,372.2,372.3,372.2,372.2,0.829
2024-06-25 07:27:00,1719300420.0,372.3,372.4,372.2,372.2,14.639
2024-06-25 07:28:00,1719300480.0,372.2,372.2,371.6,371.9,110.822
2024-06-25 07:29:00,1719300540.0,371.9,371.9,371.4,371.6,22.057
2024-06-25 07:30:00,1719300600.0,371.5,372.1,371.5,372.1,18.82
2024-06-25 07:31:00,1719300660.0,371.9,372.0,371.7,372.0,24.574
2024-06-25 07:32:00,1719300720.0,372.0,372.0,371.3,371.4,21.769
2024-06-25 07:33:00,1719300780.0,371.6,371.6,371.6,371.6,4.995
2024-06-25 07:34:00,1719300840.0,371.6,372.1,371.6,372.1,22.804
2024-06-25 07:35:00,1719300900.0,372.3,372.3,372.3,372.3,0.564
2024-06-25 07:36:00,1719300960.0,372.5,372.6,371.9,372.2,25.605
2024-06-25 07:37:00,1719301020.0,372.5,372.7,372.4,372.4,3.974
2024-06-25 07:38:00,1719301080.0,372.5,372.9,372.5,372.7,20.032
2024-06-25 07:39:00,1719301140.0,372.7,372.7,372.5,372.5,19.867
2024-06-25 07:40:00,1719301200.0,372.4,372.5,372.1,372.1,18.997
2024-06-25 07:41:00,1719301260.0,372.2,372.4,372.2,372.4,3.712
2024-06-25 07:42:00,1719301320.0,372.4,372.4,372.3,372.3,5.656
2024-06-25 07:43:00,1719301380.0,372.0,372.1,371.7,371.7,9.578
2024-06-25 07:44:00,1719301440.0,371.8,372.1,371.4,371.6,154.155
2024-06-25 07:45:00,1719301500.0,371.6,372.2,371.6,372.0,33.167
2024-06-25 07:46:00,1719301560.0,372.1,372.5,371.9,372.5,41.262
2024-06-25 07:47:00,1719301620.0,372.4,372.4,371.8,371.8,30.288
2024-06-25 07:48:00,1719301680.0,371.8,372.1,371.6,371.8,28.075
2024-06-25 07:49:00,1719301740.0,371.9,371.9,371.5,371.5,54.507
2024-06-25 07:50:00,1719301800.0,371.5,371.8,371.4,371.7,182.26
2024-06-25 07:51:00,1719301860.0,371.7,371.8,371.4,371.7,24.619
2024-06-25 07:52:00,1719301920.0,371.6,371.9,371.6,371.8,2.226
2024-06-25 07:53:00,1719301980.0,371.9,371.9,371.8,371.9,11.974
2024-06-25 07:54:00,1719302040.0,371.8,371.8,371.6,371.6,8.642
2024-06-25 07:55:00,1719302100.0,371.6,371.6,371.2,371.3,30.105
2024-06-25 07:56:00,1719302160.0,371.5,371.8,371.5,371.7,8.743
2024-06-25 07:57:00,1719302220.0,371.7,371.8,371.6,371.7,47.731
2024-06-25 07:58:00,1719302280.0,371.8,371.8,371.1,371.2,24.186
2024-06-25 07:59:00,1719302340.0,371.4,371.4,370.9,371.0,15.707
2024-06-25 08:00:00,1719302400.0,371.2,371.4,371.0,371.0,5.634
2024-06-25 08:01:00,1719302460.0,371.0,371.1,370.9,371.0,7.631
2024-06-25 08:02:00,1719302520.0,370.9,371.1,370.6,370.8,42.856
2024-06-25 08:03:00,1719302580.0,370.7,371.3,370.7,371.2,19.845
2024-06-25 08:04:00,1719302640.0,371.3,371.6,371.2,371.6,40.172
2024-06-25 08:05:00,1719302700.0,371.6,372.1,371.5,372.1,81.074
2024-06-25 08:06:00,1719302760.0,372.1,372.1,371.7,371.7,37.924
2024-06-25 08:07:00,1719302820.0,371.6,371.6,371.4,371.5,10.875
2024-06-25 08:08:00,1719302880.0,371.6,371.7,371.2,371.7,48.971
2024-06-25 08:09:00,1719302940.0,371.8,371.9,371.8,371.8,7.44
2024-06-25 08:10:00,1719303000.0,371.8,373.8,371.8,373.5,624.693
2024-06-25 08:11:00,1719303060.0,373.5,373.5,373.2,373.2,110.063
2024-06-25 08:12:00,1719303120.0,373.1,373.1,372.6,373.0,183.116
2024-06-25 08:13:00,1719303180.0,373.1,373.1,373.0,373.0,33.718
2024-06-25 08:14:00,1719303240.0,372.9,373.1,372.8,373.0,35.418
2024-06-25 08:15:00,1719303300.0,373.0,373.0,372.6,372.6,28.659
2024-06-25 08:16:00,1719303360.0,372.7,372.9,372.6,372.6,5.463
2024-06-25 08:17:00,1719303420.0,372.7,373.1,372.7,373.1,12.575
2024-06-25 08:18:00,1719303480.0,373.3,373.6,373.2,373.3,12.665
2024-06-25 08:19:00,1719303540.0,373.2,373.4,373.1,373.1,9.85
2024-06-25 08:20:00,1719303600.0,373.0,373.0,372.3,372.3,16.75
2024-06-25 08:21:00,1719303660.0,372.4,372.5,372.2,372.2,23.542
2024-06-25 08:22:00,1719303720.0,372.2,372.3,372.0,372.0,9.717
2024-06-25 08:23:00,1719303780.0,372.0,372.0,371.6,371.6,23.434
2024-06-25 08:24:00,1719303840.0,371.7,372.0,371.7,372.0,6.227
2024-06-25 08:25:00,1719303900.0,372.2,372.5,372.2,372.4,12.269
2024-06-25 08:26:00,1719303960.0,372.3,372.4,372.0,372.1,13.349
2024-06-25 08:27:00,1719304020.0,372.2,372.3,372.2,372.3,1.428
2024-06-25 08:28:00,1719304080.0,372.2,372.2,372.1,372.1,6.806
2024-06-25 08:29:00,1719304140.0,372.0,372.0,371.6,371.9,26.951
2024-06-25 08:30:00,1719304200.0,371.9,371.9,371.8,371.9,8.719
2024-06-25 08:31:00,1719304260.0,372.0,372.0,371.9,371.9,7.048
2024-06-25 08:32:00,1719304320.0,371.9,372.4,371.7,371.7,176.007
2024-06-25 08:33:00,1719304380.0,371.6,371.7,371.2,371.2,33.131
2024-06-25 08:34:00,1719304440.0,371.3,371.4,371.3,371.4,5.708
2024-06-25 08:35:00,1719304500.0,371.5,371.8,371.5,371.8,19.025
2024-06-25 08:36:00,1719304560.0,371.9,372.2,371.9,372.0,8.065
2024-06-25 08:37:00,1719304620.0,372.0,372.1,371.7,371.9,10.06
2024-06-25 08:38:00,1719304680.0,371.7,371.9,371.6,371.8,9.695
2024-06-25 08:39:00,1719304740.0,371.9,371.9,371.8,371.9,7.682
2024-06-25 08:40:00,1719304800.0,371.9,372.2,371.9,372.1,33.26
2024-06-25 08:41:00,1719304860.0,372.0,372.1,371.9,372.0,6.181
2024-06-25 08:42:00,1719304920.0,371.9,371.9,371.7,371.7,9.929
2024-06-25 08:43:00,1719304980.0,371.8,372.1,371.8,372.1,2.909
2024-06-25 08:44:00,1719305040.0,372.1,372.3,372.1,372.2,40.033
2024-06-25 08:45:00,1719305100.0,372.2,372.4,372.1,372.3,10.337
2024-06-25 08:46:00,1719305160.0,372.3,372.3,371.7,372.1,16.017
2024-06-25 08:47:00,1719305220.0,371.8,371.8,371.6,371.6,13.955
2024-06-25 08:48:00,1719305280.0,371.8,372.1,371.7,372.1,12.688
2024-06-25 08:49:00,1719305340.0,372.2,372.8,372.2,372.7,14.409
2024-06-25 08:50:00,1719305400.0,372.7,373.3,372.6,372.9,44.973
2024-06-25 08:51:00,1719305460.0,372.9,373.0,372.6,372.6,74.529
2024-06-25 08:52:00,1719305520.0,372.5,372.5,372.0,372.0,13.273
2024-06-25 08:53:00,1719305580.0,372.1,372.5,372.1,372.5,7.66
2024-06-25 08:54:00,1719305640.0,372.5,372.5,372.5,372.5,3.161
2024-06-25 08:55:00,1719305700.0,372.7,372.7,372.3,372.4,1.819
2024-06-25 08:56:00,1719305760.0,372.4,372.6,372.4,372.6,6.87
2024-06-25 08:57:00,1719305820.0,372.6,372.7,372.6,372.7,0.291
2024-06-25 08:58:00,1719305880.0,372.7,372.7,372.5,372.5,14.616
2024-06-25 08:59:00,1719305940.0,372.6,372.8,372.6,372.8,0.19
2024-06-25 09:00:00,1719306000.0,372.8,373.1,372.6,372.6,4.806
2024-06-25 09:01:00,1719306060.0,372.7,373.0,372.7,373.0,4.045
2024-06-25 09:02:00,1719306120.0,373.0,373.1,372.9,372.9,24.605
2024-06-25 09:03:00,1719306180.0,372.9,373.0,372.7,373.0,6.188
2024-06-25 09:04:00,1719306240.0,373.0,373.4,373.0,373.3,44.14
2024-06-25 09:05:00,1719306300.0,373.3,373.3,372.6,372.6,31.597
2024-06-25 09:06:00,1719306360.0,372.7,372.9,372.7,372.8,5.008
2024-06-25 09:07:00,1719306420.0,372.8,373.0,372.8,372.9,7.45
2024-06-25 09:08:00,1719306480.0,373.0,373.4,373.0,373.4,0.997
2024-06-25 09:09:00,1719306540.0,373.4,373.4,373.2,373.2,1.662
2024-06-25 09:10:00,1719306600.0,373.3,373.5,373.2,373.4,6.187
2024-06-25 09:11:00,1719306660.0,373.3,373.4,373.0,373.2,15.603
2024-06-25 09:12:00,1719306720.0,373.3,373.3,373.2,373.3,0.245
2024-06-25 09:13:00,1719306780.0,373.5,373.8,373.5,373.6,5.921
2024-06-25 09:14:00,1719306840.0,373.6,373.7,373.5,373.7,1.799
2024-06-25 09:15:00,1719306900.0,373.8,374.0,373.8,373.9,17.743
2024-06-25 09:16:00,1719306960.0,373.9,374.4,373.9,374.1,36.007
2024-06-25 09:17:00,1719307020.0,374.1,374.2,374.0,374.1,3.639
2024-06-25 09:18:00,1719307080.0,374.3,374.5,374.3,374.3,10.002
2024-06-25 09:19:00,1719307140.0,374.6,374.7,374.5,374.5,5.672
2024-06-25 09:20:00,1719307200.0,374.4,374.5,374.2,374.2,28.429
2024-06-25 09:21:00,1719307260.0,374.2,374.3,373.9,373.9,11.068
2024-06-25 09:22:00,1719307320.0,373.8,373.8,373.7,373.8,5.949
2024-06-25 09:23:00,1719307380.0,373.8,373.9,373.7,373.8,38.607
2024-06-25 09:24:00,1719307440.0,374.0,374.1,373.9,373.9,6.095
2024-06-25 09:25:00,1719307500.0,374.0,374.0,373.6,373.6,65.466
2024-06-25 09:26:00,1719307560.0,373.7,373.8,373.7,373.8,4.782
2024-06-25 09:27:00,1719307620.0,374.0,374.2,373.9,374.2,22.523
2024-06-25 09:28:00,1719307680.0,374.2,374.2,374.0,374.0,17.565
2024-06-25 09:29:00,1719307740.0,374.0,374.1,373.9,374.1,37.141
2024-06-25 09:30:00,1719307800.0,374.1,374.1,373.7,373.9,34.085
2024-06-25 09:31:00,1719307860.0,374.0,374.0,373.8,373.8,36.262
2024-06-25 09:32:00,1719307920.0,373.8,374.0,373.7,374.0,17.091
2024-06-25 09:33:00,1719307980.0,373.9,373.9,373.6,373.7,35.867
2024-06-25 09:34:00,1719308040.0,373.6,374.2,373.5,374.2,86.041
2024-06-25 09:35:00,1719308100.0,374.3,374.7,374.2,374.6,99.386
2024-06-25 09:36:00,1719308160.0,374.6,375.4,374.6,375.1,141.476
2024-06-25 09:37:00,1719308220.0,375.0,375.5,374.8,375.3,69.961
2024-06-25 09:38:00,1719308280.0,375.2,375.3,374.7,375.2,128.78
2024-06-25 09:39:00,1719308340.0,375.1,375.2,374.7,374.8,90.958
2024-06-25 09:40:00,1719308400.0,374.7,374.7,374.6,374.6,7.053
2024-06-25 09:41:00,1719308460.0,374.5,374.8,374.5,374.8,1.984
2024-06-25 09:42:00,1719308520.0,374.8,374.8,374.7,374.7,3.415
2024-06-25 09:43:00,1719308580.0,374.6,374.7,374.6,374.6,5.483
2024-06-25 09:44:00,1719308640.0,374.5,374.9,374.5,374.9,11.426
2024-06-25 09:45:00,1719308700.0,374.9,375.0,374.7,375.0,1.306
2024-06-25 09:46:00,1719308760.0,375.2,375.2,374.8,374.8,12.1
2024-06-25 09:47:00,1719308820.0,374.8,374.8,374.7,374.7,2.303
2024-06-25 09:48:00,1719308880.0,375.0,375.0,374.5,374.5,3.595
2024-06-25 09:49:00,1719308940.0,374.5,374.5,374.3,374.3,31.572
2024-06-25 09:50:00,1719309000.0,374.3,376.2,374.3,375.7,376.568
2024-06-25 09:51:00,1719309060.0,375.4,375.8,375.0,375.8,133.105
2024-06-25 09:52:00,1719309120.0,375.9,377.5,375.8,376.7,258.444
2024-06-25 09:53:00,1719309180.0,376.7,377.4,376.4,377.3,173.804
2024-06-25 09:54:00,1719309240.0,377.2,377.3,376.5,376.7,209.391
2024-06-25 09:55:00,1719309300.0,376.6,376.7,376.0,376.3,24.425
2024-06-25 09:56:00,1719309360.0,376.5,377.5,376.5,377.4,26.833
2024-06-25 09:57:00,1719309420.0,377.3,377.5,376.9,377.5,65.273
2024-06-25 09:58:00,1719309480.0,377.3,377.4,376.8,376.8,38.713
2024-06-25 09:59:00,1719309540.0,376.8,376.8,376.7,376.7,5.879
2024-06-25 10:00:00,1719309600.0,376.8,377.1,376.7,376.7,25.27
2024-06-25 10:01:00,1719309660.0,376.5,377.0,376.5,377.0,12.345
2024-06-25 10:02:00,1719309720.0,377.1,377.4,377.1,377.4,40.994
2024-06-25 10:03:00,1719309780.0,377.4,377.9,377.4,377.7,49.693
2024-06-25 10:04:00,1719309840.0,377.7,378.0,377.6,378.0,52.206
2024-06-25 10:05:00,1719309900.0,378.0,378.1,377.8,378.1,41.373
2024-06-25 10:06:00,1719309960.0,378.2,378.9,378.2,378.7,41.207
2024-06-25 10:07:00,1719310020.0,378.7,379.1,378.6,378.9,73.465
2024-06-25 10:08:00,1719310080.0,379.0,379.5,379.0,379.3,49.107
2024-06-25 10:09:00,1719310140.0,379.3,379.6,379.2,379.2,66.985
2024-06-25 10:10:00,1719310200.0,379.2,379.5,379.2,379.4,16.939
2024-06-25 10:11:00,1719310260.0,379.3,379.8,379.3,379.7,23.594
2024-06-25 10:12:00,1719310320.0,379.8,380.0,379.5,379.9,21.406
2024-06-25 10:13:00,1719310380.0,379.9,380.1,379.7,379.7,22.525
2024-06-25 10:14:00,1719310440.0,379.7,381.1,379.6,380.4,125.189
2024-06-25 10:15:00,1719310500.0,380.4,380.5,379.7,380.0,23.9
2024-06-25 10:16:00,1719310560.0,380.0,380.3,379.8,380.0,15.467
2024-06-25 10:17:00,1719310620.0,380.0,380.5,379.9,380.0,77.859
2024-06-25 10:18:00,1719310680.0,380.0,380.3,379.9,380.1,22.961
2024-06-25 10:19:00,1719310740.0,380.1,380.6,380.0,380.6,16.833
2024-06-25 10:20:00,1719310800.0,380.6,381.3,380.6,380.7,52.065
2024-06-25 10:21:00,1719310860.0,380.7,380.7,380.3,380.4,45.585
2024-06-25 10:22:00,1719310920.0,380.3,380.6,380.0,380.1,17.447
2024-06-25 10:23:00,1719310980.0,380.1,380.4,380.0,380.0,49.091
2024-06-25 10:24:00,1719311040.0,380.3,380.6,380.1,380.3,20.355
2024-06-25 10:25:00,1719311100.0,380.3,380.3,380.1,380.2,14.144
2024-06-25 10:26:00,1719311160.0,380.0,381.2,380.0,380.8,36.888
2024-06-25 10:27:00,1719311220.0,380.9,380.9,380.6,380.6,14.845
2024-06-25 10:28:00,1719311280.0,380.5,380.5,380.2,380.5,28.367
2024-06-25 10:29:00,1719311340.0,380.4,380.6,380.2,380.6,11.986
2024-06-25 10:30:00,1719311400.0,380.6,380.7,380.5,380.6,3.966
2024-06-25 10:31:00,1719311460.0,380.7,380.8,380.6,380.6,11.821
2024-06-25 10:32:00,1719311520.0,380.6,380.8,380.4,380.8,27.939
2024-06-25 10:33:00,1719311580.0,380.8,381.0,380.4,380.4,23.192
2024-06-25 10:34:00,1719311640.0,380.4,380.4,380.2,380.3,11.667
2024-06-25 10:35:00,1719311700.0,380.3,380.5,379.7,380.0,173.734
2024-06-25 10:36:00,1719311760.0,380.2,380.7,380.2,380.4,61.235
2024-06-25 10:37:00,1719311820.0,380.4,380.5,380.1,380.4,5.105
2024-06-25 10:38:00,1719311880.0,380.4,380.5,379.9,380.3,112.343
2024-06-25 10:39:00,1719311940.0,380.4,380.4,380.3,380.3,12.153
2024-06-25 10:40:00,1719312000.0,380.4,380.7,380.4,380.7,39.571
2024-06-25 10:41:00,1719312060.0,380.8,381.3,380.8,381.3,61.587
2024-06-25 10:42:00,1719312120.0,381.3,381.5,381.3,381.4,44.487
2024-06-25 10:43:00,1719312180.0,381.5,382.1,381.5,381.7,18.252
2024-06-25 10:44:00,1719312240.0,382.0,382.4,381.9,381.9,67.419
2024-06-25 10:45:00,1719312300.0,382.0,382.6,382.0,382.6,82.786
2024-06-25 10:46:00,1719312360.0,382.7,383.0,382.4,382.4,336.671
2024-06-25 10:47:00,1719312420.0,382.3,382.8,382.2,382.7,14.737
2024-06-25 10:48:00,1719312480.0,382.7,383.0,382.4,382.5,32.124
2024-06-25 10:49:00,1719312540.0,382.5,382.6,382.3,382.4,17.679
2024-06-25 10:50:00,1719312600.0,382.2,382.2,381.3,381.5,65.349
2024-06-25 10:51:00,1719312660.0,381.6,381.9,381.3,381.5,67.326
2024-06-25 10:52:00,1719312720.0,381.4,381.7,381.2,381.5,60.865
2024-06-25 10:53:00,1719312780.0,381.5,381.6,381.2,381.2,29.326
2024-06-25 10:54:00,1719312840.0,381.3,381.4,381.1,381.3,47.468
2024-06-25 10:55:00,1719312900.0,381.2,381.6,381.2,381.5,14.11
2024-06-25 10:56:00,1719312960.0,381.7,381.8,381.5,381.7,117.57
2024-06-25 10:57:00,1719313020.0,381.6,381.6,380.9,381.0,63.515
2024-06-25 10:58:00,1719313080.0,381.0,381.0,380.8,381.0,56.827
2024-06-25 10:59:00,1719313140.0,380.9,380.9,380.5,380.5,75.177
2024-06-25 11:00:00,1719313200.0,380.4,380.8,380.4,380.8,25.479
2024-06-25 11:01:00,1719313260.0,380.8,381.1,380.7,381.0,6.088
2024-06-25 11:02:00,1719313320.0,381.1,381.1,381.0,381.1,18.301
2024-06-25 11:03:00,1719313380.0,381.0,381.3,381.0,381.1,6.799
2024-06-25 11:04:00,1719313440.0,381.1,381.4,381.1,381.4,6.141
2024-06-25 11:05:00,1719313500.0,381.3,382.1,381.3,381.9,38.898
2024-06-25 11:06:00,1719313560.0,381.9,382.0,381.6,381.6,24.817
2024-06-25 11:07:00,1719313620.0,381.5,381.8,381.2,381.2,72.718
2024-06-25 11:08:00,1719313680.0,381.5,383.5,381.5,382.6,617.335
2024-06-25 11:09:00,1719313740.0,382.7,382.9,382.1,382.1,71.076
2024-06-25 11:10:00,1719313800.0,382.2,382.9,382.2,382.9,43.146
2024-06-25 11:11:00,1719313860.0,383.1,383.1,382.9,382.9,10.485
2024-06-25 11:12:00,1719313920.0,382.9,382.9,382.5,382.7,91.883
2024-06-25 11:13:00,1719313980.0,382.8,382.8,382.6,382.6,0.91
2024-06-25 11:14:00,1719314040.0,382.6,382.8,382.6,382.6,7.889
2024-06-25 11:15:00,1719314100.0,382.6,382.8,382.6,382.6,1.2
2024-06-25 11:16:00,1719314160.0,382.7,382.7,382.3,382.3,13.342
2024-06-25 11:17:00,1719314220.0,382.3,382.3,382.2,382.2,75.28
2024-06-25 11:18:00,1719314280.0,382.2,382.3,381.9,382.2,109.834
2024-06-25 11:19:00,1719314340.0,382.2,382.2,382.0,382.0,7.439
2024-06-25 11:20:00,1719314400.0,382.0,382.3,382.0,382.3,3.344
2024-06-25 11:21:00,1719314460.0,382.3,382.8,382.3,382.8,18.137
2024-06-25 11:22:00,1719314520.0,382.7,382.7,382.4,382.6,16.909
2024-06-25 11:23:00,1719314580.0,382.3,382.3,382.3,382.3,3.838
2024-06-25 11:24:00,1719314640.0,382.3,382.5,382.2,382.3,4.539
2024-06-25 11:25:00,1719314700.0,382.4,382.5,382.3,382.4,19.222
2024-06-25 11:26:00,1719314760.0,382.1,382.1,381.5,381.5,35.061
2024-06-25 11:27:00,1719314820.0,381.6,381.7,381.2,381.6,60.003
2024-06-25 11:28:00,1719314880.0,381.6,381.7,381.3,381.4,15.006
2024-06-25 11:29:00,1719314940.0,381.1,381.2,380.9,380.9,17.774
2024-06-25 11:30:00,1719315000.0,380.9,381.2,380.9,381.2,13.233
2024-06-25 11:31:00,1719315060.0,381.1,381.1,381.0,381.1,1.452
2024-06-25 11:32:00,1719315120.0,381.1,381.1,380.5,380.5,29.715
2024-06-25 11:33:00,1719315180.0,380.6,380.8,380.3,380.4,18.304
2024-06-25 11:34:00,1719315240.0,380.5,380.5,380.1,380.1,10.091
2024-06-25 11:35:00,1719315300.0,380.2,380.5,380.2,380.4,11.024
2024-06-25 11:36:00,1719315360.0,380.4,380.5,380.4,380.4,1.964
2024-06-25 11:37:00,1719315420.0,380.5,380.7,380.5,380.5,1.656
2024-06-25 11:38:00,1719315480.0,380.4,380.7,380.4,380.5,25.069
2024-06-25 11:39:00,1719315540.0,380.5,380.5,380.2,380.3,3.248
2024-06-25 11:40:00,1719315600.0,380.3,380.6,380.0,380.4,34.163
2024-06-25 11:41:00,1719315660.0,380.5,380.5,380.3,380.3,3.25
2024-06-25 11:42:00,1719315720.0,380.2,382.4,380.1,381.9,611.548
2024-06-25 11:43:00,1719315780.0,381.9,382.0,381.6,381.7,61.573
2024-06-25 11:44:00,1719315840.0,381.8,381.9,381.6,381.6,16.651
2024-06-25 11:45:00,1719315900.0,381.6,381.8,381.6,381.8,22.758
2024-06-25 11:46:00,1719315960.0,381.8,381.9,381.7,381.9,14.935
2024-06-25 11:47:00,1719316020.0,382.0,382.0,381.9,381.9,17.327
2024-06-25 11:48:00,1719316080.0,382.0,382.0,381.8,381.8,1.152
2024-06-25 11:49:00,1719316140.0,381.6,381.6,381.3,381.3,33.626
2024-06-25 11:50:00,1719316200.0,381.3,381.7,381.3,381.6,16.448
2024-06-25 11:51:00,1719316260.0,381.6,381.6,381.6,381.6,1.061
2024-06-25 11:52:00,1719316320.0,381.6,382.3,381.6,382.0,130.599
2024-06-25 11:53:00,1719316380.0,382.1,382.1,381.5,381.5,75.204
2024-06-25 11:54:00,1719316440.0,381.5,381.6,381.4,381.4,17.08
2024-06-25 11:55:00,1719316500.0,381.3,381.4,381.2,381.2,13.509
2024-06-25 11:56:00,1719316560.0,381.0,381.0,380.2,380.3,64.895
2024-06-25 11:57:00,1719316620.0,380.3,380.7,380.0,380.5,235.505
2024-06-25 11:58:00,1719316680.0,380.6,381.3,380.6,381.3,189.019
2024-06-25 11:59:00,1719316740.0,381.3,381.3,381.0,381.0,131.87
2024-06-25 12:00:00,1719316800.0,381.0,381.4,381.0,381.3,9.336
2024-06-25 12:01:00,1719316860.0,380.9,381.0,380.8,380.8,31.575
2024-06-25 12:02:00,1719316920.0,380.7,380.7,380.1,380.2,210.987
2024-06-25 12:03:00,1719316980.0,380.1,380.5,380.1,380.3,5.594
2024-06-25 12:04:00,1719317040.0,380.4,380.6,380.4,380.6,1.54
2024-06-25 12:05:00,1719317100.0,380.6,380.8,380.6,380.7,13.991
2024-06-25 12:06:00,1719317160.0,380.7,380.7,380.3,380.3,2.748
2024-06-25 12:07:00,1719317220.0,380.2,380.3,379.1,379.2,151.867
2024-06-25 12:08:00,1719317280.0,379.2,379.5,379.0,379.5,35.786
2024-06-25 12:09:00,1719317340.0,379.6,380.0,379.6,379.9,36.056
2024-06-25 12:10:00,1719317400.0,379.8,380.2,379.7,380.2,48.913
2024-06-25 12:11:00,1719317460.0,380.3,380.3,379.8,379.8,8.836
2024-06-25 12:12:00,1719317520.0,379.7,379.9,379.7,379.9,4.643
2024-06-25 12:13:00,1719317580.0,379.7,379.8,379.6,379.8,4.868
2024-06-25 12:14:00,1719317640.0,379.7,379.9,379.7,379.9,3.421
2024-06-25 12:15:00,1719317700.0,379.9,380.4,379.9,380.3,44.149
2024-06-25 12:16:00,1719317760.0,380.2,380.2,379.9,379.9,14.924
2024-06-25 12:17:00,1719317820.0,379.9,379.9,379.6,379.8,6.257
2024-06-25 12:18:00,1719317880.0,379.8,379.9,379.8,379.9,10.956
2024-06-25 12:19:00,1719317940.0,379.9,379.9,379.7,379.8,63.859
2024-06-25 12:20:00,1719318000.0,379.8,379.9,379.6,379.7,54.594
2024-06-25 12:21:00,1719318060.0,379.7,379.8,379.7,379.7,31.715
2024-06-25 12:22:00,1719318120.0,379.8,379.8,379.7,379.7,29.249
2024-06-25 12:23:00,1719318180.0,379.8,379.8,379.7,379.7,16.743
2024-06-25 12:24:00,1719318240.0,379.6,379.7,379.4,379.5,46.407
2024-06-25 12:25:00,1719318300.0,379.4,379.4,379.0,379.1,50.335
2024-06-25 12:26:00,1719318360.0,379.1,379.1,378.7,378.9,44.498
2024-06-25 12:27:00,1719318420.0,378.8,378.9,378.6,378.6,30.278
2024-06-25 12:28:00,1719318480.0,378.6,378.6,378.4,378.6,20.786
2024-06-25 12:29:00,1719318540.0,378.5,378.7,378.3,378.6,114.942
2024-06-25 12:30:00,1719318600.0,378.5,378.5,376.9,378.4,668.86
2024-06-25 12:31:00,1719318660.0,378.3,378.3,378.1,378.2,24.712
2024-06-25 12:32:00,1719318720.0,378.1,378.5,378.1,378.5,48.101
2024-06-25 12:33:00,1719318780.0,378.6,378.7,378.5,378.6,17.051
2024-06-25 12:34:00,1719318840.0,378.7,378.8,378.6,378.7,5.829
2024-06-25 12:35:00,1719318900.0,378.8,379.8,378.8,379.6,404.062
2024-06-25 12:36:00,1719318960.0,379.5,379.7,379.2,379.7,77.666
2024-06-25 12:37:00,1719319020.0,379.7,379.7,379.7,379.7,12.093
2024-06-25 12:38:00,1719319080.0,379.7,379.7,379.4,379.6,22.642
2024-06-25 12:39:00,1719319140.0,379.6,379.8,379.5,379.5,7.976
2024-06-25 12:40:00,1719319200.0,379.6,379.6,379.1,379.3,80.83
2024-06-25 12:41:00,1719319260.0,379.3,379.3,379.3,379.3,6.727
2024-06-25 12:42:00,1719319320.0,379.3,379.4,379.3,379.3,9.933
2024-06-25 12:43:00,1719319380.0,379.2,379.2,378.6,378.6,27.24
2024-06-25 12:44:00,1719319440.0,378.6,378.8,378.6,378.6,2.032
2024-06-25 12:45:00,1719319500.0,378.6,378.6,378.3,378.3,16.416
2024-06-25 12:46:00,1719319560.0,378.3,378.3,377.7,377.9,95.016
2024-06-25 12:47:00,1719319620.0,377.7,377.9,377.4,377.7,153.062
2024-06-25 12:48:00,1719319680.0,377.7,378.2,377.7,378.2,16.857
2024-06-25 12:49:00,1719319740.0,378.4,378.4,378.3,378.3,0.425
2024-06-25 12:50:00,1719319800.0,378.2,378.2,377.7,377.8,26.17
2024-06-25 12:51:00,1719319860.0,377.8,377.8,377.1,377.4,98.103
2024-06-25 12:52:00,1719319920.0,377.7,378.1,376.9,377.4,359.233
2024-06-25 12:53:00,1719319980.0,377.5,377.8,377.5,377.6,48.12
2024-06-25 12:54:00,1719320040.0,377.6,377.6,376.1,377.2,536.669
2024-06-25 12:55:00,1719320100.0,377.2,377.3,377.0,377.0,125.902
2024-06-25 12:56:00,1719320160.0,377.1,377.2,376.7,376.8,81.667
2024-06-25 12:57:00,1719320220.0,376.7,377.0,376.7,377.0,9.195
2024-06-25 12:58:00,1719320280.0,376.9,377.3,376.9,377.3,10.871
2024-06-25 12:59:00,1719320340.0,377.4,377.4,377.4,377.4,7.312
2024-06-25 13:00:00,1719320400.0,377.5,377.5,377.4,377.5,11.674
2024-06-25 13:01:00,1719320460.0,377.6,378.0,377.6,377.9,34.058
2024-06-25 13:02:00,1719320520.0,377.8,378.3,377.5,378.2,405.533
2024-06-25 13:03:00,1719320580.0,378.2,378.4,378.1,378.4,54.085
2024-06-25 13:04:00,1719320640.0,378.4,378.4,378.4,378.4,6.476
2024-06-25 13:05:00,1719320700.0,378.4,378.5,378.3,378.5,8.475
2024-06-25 13:06:00,1719320760.0,378.6,378.6,378.5,378.6,9.569
2024-06-25 13:07:00,1719320820.0,378.7,378.7,378.3,378.3,62.115
2024-06-25 13:08:00,1719320880.0,378.3,378.4,378.3,378.3,0.131
2024-06-25 13:09:00,1719320940.0,378.3,378.3,378.2,378.2,1.617
2024-06-25 13:10:00,1719321000.0,378.3,378.4,378.2,378.4,20.704
2024-06-25 13:11:00,1719321060.0,378.3,378.3,378.2,378.3,7.817
2024-06-25 13:12:00,1719321120.0,378.4,378.4,378.2,378.2,1.899
2024-06-25 13:13:00,1719321180.0,378.3,378.5,378.0,378.5,84.164
2024-06-25 13:14:00,1719321240.0,378.5,378.7,378.2,378.2,173.803
2024-06-25 13:15:00,1719321300.0,378.1,378.1,378.0,378.0,0.208
2024-06-25 13:16:00,1719321360.0,378.0,378.0,377.6,377.6,2.237
2024-06-25 13:17:00,1719321420.0,377.7,377.9,377.7,377.9,4.381
2024-06-25 13:18:00,1719321480.0,378.0,378.1,377.9,378.0,31.201
2024-06-25 13:19:00,1719321540.0,378.1,378.1,378.1,378.1,6.595
2024-06-25 13:20:00,1719321600.0,378.0,378.1,377.7,377.7,11.828
2024-06-25 13:21:00,1719321660.0,377.6,377.6,377.5,377.6,4.685
2024-06-25 13:22:00,1719321720.0,377.7,378.0,377.7,378.0,11.698
2024-06-25 13:23:00,1719321780.0,378.0,378.1,378.0,378.0,3.768
2024-06-25 13:24:00,1719321840.0,378.1,378.2,378.1,378.2,13.839
2024-06-25 13:25:00,1719321900.0,378.1,378.1,378.0,378.1,13.883
2024-06-25 13:26:00,1719321960.0,378.1,378.1,378.0,378.1,30.122
2024-06-25 13:27:00,1719322020.0,377.9,378.0,377.8,377.9,6.121
2024-06-25 13:28:00,1719322080.0,377.9,378.0,377.9,377.9,2.296
2024-06-25 13:29:00,1719322140.0,378.0,378.1,378.0,378.1,3.872
2024-06-25 13:30:00,1719322200.0,377.9,377.9,377.7,377.7,11.975
2024-06-25 13:31:00,1719322260.0,377.7,377.7,377.5,377.7,29.798
2024-06-25 13:32:00,1719322320.0,377.6,377.7,377.5,377.7,25.579
2024-06-25 13:33:00,1719322380.0,377.6,378.8,377.6,378.3,66.891
2024-06-25 13:34:00,1719322440.0,378.3,378.6,378.2,378.5,13.267
2024-06-25 13:35:00,1719322500.0,378.5,378.5,377.8,377.9,22.41
2024-06-25 13:36:00,1719322560.0,378.0,378.7,378.0,378.6,19.155
2024-06-25 13:37:00,1719322620.0,378.5,378.7,378.4,378.7,32.968
2024-06-25 13:38:00,1719322680.0,378.7,379.1,378.7,379.1,13.7
2024-06-25 13:39:00,1719322740.0,379.1,379.1,378.3,378.5,98.194
2024-06-25 13:40:00,1719322800.0,378.4,378.8,378.2,378.8,69.531
2024-06-25 13:41:00,1719322860.0,379.0,380.2,379.0,379.7,76.077
2024-06-25 13:42:00,1719322920.0,379.7,379.7,379.1,379.1,123.438
2024-06-25 13:43:00,1719322980.0,379.1,379.9,378.9,379.9,32.414
2024-06-25 13:44:00,1719323040.0,379.8,381.0,379.8,380.5,319.246
2024-06-25 13:45:00,1719323100.0,380.5,380.5,380.0,380.5,143.071
2024-06-25 13:46:00,1719323160.0,380.7,381.9,380.4,381.9,296.173
2024-06-25 13:47:00,1719323220.0,382.0,382.3,381.5,381.5,118.065
2024-06-25 13:48:00,1719323280.0,381.4,381.5,380.9,380.9,72.806
2024-06-25 13:49:00,1719323340.0,380.9,380.9,380.5,380.6,57.766
2024-06-25 13:50:00,1719323400.0,380.6,381.0,380.6,381.0,31.601
2024-06-25 13:51:00,1719323460.0,381.0,381.0,380.6,380.6,2.878
2024-06-25 13:52:00,1719323520.0,380.5,380.6,380.3,380.6,14.404
2024-06-25 13:53:00,1719323580.0,380.5,380.5,380.0,380.0,39.615
2024-06-25 13:54:00,1719323640.0,380.0,380.0,378.8,378.8,24.455
2024-06-25 13:55:00,1719323700.0,378.8,379.0,378.5,378.9,16.423
2024-06-25 13:56:00,1719323760.0,379.2,379.5,379.2,379.2,25.89
2024-06-25 13:57:00,1719323820.0,379.3,379.6,379.3,379.4,66.972
2024-06-25 13:58:00,1719323880.0,379.3,379.4,379.2,379.3,23.362
2024-06-25 13:59:00,1719323940.0,379.3,379.6,379.3,379.6,3.218
2024-06-25 14:00:00,1719324000.0,379.8,380.3,379.8,380.2,41.374
2024-06-25 14:01:00,1719324060.0,380.2,380.5,379.8,379.8,57.105
2024-06-25 14:02:00,1719324120.0,379.8,379.8,379.7,379.7,20.484
2024-06-25 14:03:00,1719324180.0,379.7,379.7,379.4,379.4,23.104
2024-06-25 14:04:00,1719324240.0,379.3,379.7,379.3,379.7,38.557
2024-06-25 14:05:00,1719324300.0,379.8,380.1,379.7,379.9,44.32
2024-06-25 14:06:00,1719324360.0,379.9,380.2,379.9,380.0,60.774
2024-06-25 14:07:00,1719324420.0,380.1,380.3,380.0,380.1,3.711
2024-06-25 14:08:00,1719324480.0,380.1,380.3,380.1,380.3,13.487
2024-06-25 14:09:00,1719324540.0,380.2,380.4,380.1,380.1,21.497
2024-06-25 14:10:00,1719324600.0,380.2,380.5,380.2,380.5,37.418
2024-06-25 14:11:00,1719324660.0,380.5,380.6,380.5,380.6,9.317
2024-06-25 14:12:00,1719324720.0,380.5,380.6,380.4,380.6,1.383
2024-06-25 14:13:00,1719324780.0,380.5,380.5,380.2,380.5,3.208
2024-06-25 14:14:00,1719324840.0,380.6,380.6,380.3,380.3,3.234
2024-06-25 14:15:00,1719324900.0,380.3,380.5,380.1,380.1,14.438
2024-06-25 14:16:00,1719324960.0,380.4,380.4,380.4,380.4,0.2
2024-06-25 14:17:00,1719325020.0,380.8,381.4,380.8,381.3,10.096
2024-06-25 14:18:00,1719325080.0,381.3,382.0,381.3,381.9,101.356
2024-06-25 14:19:00,1719325140.0,382.0,382.8,382.0,382.7,244.077
2024-06-25 14:20:00,1719325200.0,382.9,383.7,382.9,383.3,166.783
2024-06-25 14:21:00,1719325260.0,383.3,384.2,382.8,382.9,127.088
2024-06-25 14:22:00,1719325320.0,382.9,384.7,382.9,384.7,316.084
2024-06-25 14:23:00,1719325380.0,384.7,385.3,384.7,385.2,135.5
2024-06-25 14:24:00,1719325440.0,385.2,387.6,385.1,386.0,879.362
2024-06-25 14:25:00,1719325500.0,385.9,386.1,385.7,385.9,38.713
2024-06-25 14:26:00,1719325560.0,385.9,386.5,385.7,386.3,82.872
2024-06-25 14:27:00,1719325620.0,386.3,387.7,386.3,387.3,122.614
2024-06-25 14:28:00,1719325680.0,387.4,388.2,387.4,387.9,98.368
2024-06-25 14:29:00,1719325740.0,387.8,391.4,387.8,391.4,1003.729
2024-06-25 14:30:00,1719325800.0,391.3,392.1,390.1,390.4,331.021
2024-06-25 14:31:00,1719325860.0,390.3,392.2,390.1,391.6,217.405
2024-06-25 14:32:00,1719325920.0,391.6,391.8,389.1,389.7,412.063
2024-06-25 14:33:00,1719325980.0,389.8,396.7,389.8,390.8,1365.601
2024-06-25 14:34:00,1719326040.0,390.9,390.9,390.1,390.5,78.238
2024-06-25 14:35:00,1719326100.0,390.6,392.9,390.4,392.5,180.287
2024-06-25 14:36:00,1719326160.0,392.5,392.6,391.9,392.4,66.057
2024-06-25 14:37:00,1719326220.0,392.3,392.5,391.6,392.1,113.743
2024-06-25 14:38:00,1719326280.0,391.9,392.0,391.2,391.3,38.451
2024-06-25 14:39:00,1719326340.0,391.2,391.2,390.1,390.3,135.596
2024-06-25 14:40:00,1719326400.0,390.2,391.0,390.2,390.6,40.343
2024-06-25 14:41:00,1719326460.0,390.6,391.0,389.7,389.8,135.442
2024-06-25 14:42:00,1719326520.0,389.8,391.4,389.8,391.4,63.718
2024-06-25 14:43:00,1719326580.0,391.3,391.8,390.8,391.1,211.622
2024-06-25 14:44:00,1719326640.0,391.1,391.5,390.7,391.2,47.732
2024-06-25 14:45:00,1719326700.0,391.3,391.4,390.4,390.4,25.553
2024-06-25 14:46:00,1719326760.0,390.4,390.7,389.8,390.1,104.906
2024-06-25 14:47:00,1719326820.0,390.2,390.3,389.7,390.0,63.306
2024-06-25 14:48:00,1719326880.0,390.0,390.1,389.7,389.8,86.185
2024-06-25 14:49:00,1719326940.0,389.9,390.0,389.3,389.5,131.241
2024-06-25 14:50:00,1719327000.0,389.5,389.5,389.0,389.2,68.007
2024-06-25 14:51:00,1719327060.0,389.1,389.4,388.7,388.8,46.863
2024-06-25 14:52:00,1719327120.0,388.8,389.1,388.3,388.3,21.899
2024-06-25 14:53:00,1719327180.0,388.3,388.5,388.0,388.5,20.91
2024-06-25 14:54:00,1719327240.0,388.4,388.4,388.1,388.1,9.018
2024-06-25 14:55:00,1719327300.0,388.0,388.6,388.0,388.4,22.343
2024-06-25 14:56:00,1719327360.0,388.5,388.5,387.9,388.0,37.314
2024-06-25 14:57:00,1719327420.0,388.2,388.4,387.9,388.4,64.884
2024-06-25 14:58:00,1719327480.0,388.5,388.5,387.9,388.5,73.003
2024-06-25 14:59:00,1719327540.0,388.5,389.0,388.5,389.0,124.189
2024-06-25 15:00:00,1719327600.0,389.1,390.1,388.6,388.9,135.79
2024-06-25 15:01:00,1719327660.0,388.9,389.1,388.6,388.6,50.987
2024-06-25 15:02:00,1719327720.0,388.6,388.7,388.4,388.6,56.155
2024-06-25 15:03:00,1719327780.0,388.7,389.1,388.7,389.0,51.729
2024-06-25 15:04:00,1719327840.0,389.0,389.0,388.4,388.9,49.509
2024-06-25 15:05:00,1719327900.0,388.9,388.9,388.4,388.4,75.424
2024-06-25 15:06:00,1719327960.0,388.6,389.0,388.5,388.5,47.058
2024-06-25 15:07:00,1719328020.0,388.4,388.5,387.8,387.9,107.131
2024-06-25 15:08:00,1719328080.0,388.0,388.3,387.9,388.3,89.401
2024-06-25 15:09:00,1719328140.0,388.0,388.0,387.7,387.7,12.978
2024-06-25 15:10:00,1719328200.0,387.6,387.6,386.3,386.5,51.564
2024-06-25 15:11:00,1719328260.0,386.5,386.7,386.1,386.6,41.77
2024-06-25 15:12:00,1719328320.0,386.6,386.6,386.1,386.6,34.613
2024-06-25 15:13:00,1719328380.0,386.6,386.7,386.4,386.5,13.475
2024-06-25 15:14:00,1719328440.0,386.6,386.7,386.0,386.2,11.039
2024-06-25 15:15:00,1719328500.0,386.3,386.9,385.9,386.9,19.285
2024-06-25 15:16:00,1719328560.0,386.8,388.1,386.8,388.1,78.698
2024-06-25 15:17:00,1719328620.0,388.2,388.5,387.9,388.2,25.457
2024-06-25 15:18:00,1719328680.0,388.2,389.3,388.1,389.0,38.233
2024-06-25 15:19:00,1719328740.0,388.8,389.5,388.6,388.7,110.022
2024-06-25 15:20:00,1719328800.0,388.7,389.2,388.7,389.1,2.897
2024-06-25 15:21:00,1719328860.0,389.1,389.5,389.1,389.5,22.745
2024-06-25 15:22:00,1719328920.0,389.5,389.6,389.1,389.1,5.907
2024-06-25 15:23:00,1719328980.0,388.9,388.9,388.4,388.5,14.176
2024-06-25 15:24:00,1719329040.0,388.8,389.0,388.4,389.0,30.993
2024-06-25 15:25:00,1719329100.0,388.9,389.2,388.8,389.0,7.998
2024-06-25 15:26:00,1719329160.0,389.0,389.0,388.9,389.0,7.162
2024-06-25 15:27:00,1719329220.0,388.9,389.6,388.8,389.6,17.954
2024-06-25 15:28:00,1719329280.0,389.6,390.2,389.6,390.1,36.827
2024-06-25 15:29:00,1719329340.0,390.2,391.3,390.1,390.7,289.081
2024-06-25 15:30:00,1719329400.0,390.6,391.3,390.6,390.9,84.557
2024-06-25 15:31:00,1719329460.0,391.0,391.5,390.9,391.4,89.112
2024-06-25 15:32:00,1719329520.0,391.3,391.8,391.3,391.8,7.891
2024-06-25 15:33:00,1719329580.0,391.8,392.0,391.6,392.0,33.852
2024-06-25 15:34:00,1719329640.0,392.1,392.2,391.4,391.7,53.977
2024-06-25 15:35:00,1719329700.0,391.7,391.8,391.6,391.6,8.433
2024-06-25 15:36:00,1719329760.0,391.6,391.6,391.1,391.5,39.311
2024-06-25 15:37:00,1719329820.0,391.4,392.0,391.3,391.9,15.632
2024-06-25 15:38:00,1719329880.0,392.0,392.9,392.0,392.2,102.469
2024-06-25 15:39:00,1719329940.0,392.1,392.9,391.7,392.9,69.245
2024-06-25 15:40:00,1719330000.0,392.9,393.1,392.5,392.6,111.687
2024-06-25 15:41:00,1719330060.0,392.7,392.8,392.1,392.4,23.013
2024-06-25 15:42:00,1719330120.0,392.5,392.5,392.0,392.2,9.254
2024-06-25 15:43:00,1719330180.0,392.0,392.0,391.4,392.0,42.87
2024-06-25 15:44:00,1719330240.0,392.1,392.6,391.9,392.6,22.423
2024-06-25 15:45:00,1719330300.0,392.5,392.7,392.5,392.5,3.921
2024-06-25 15:46:00,1719330360.0,392.5,392.6,391.2,391.6,26.758
2024-06-25 15:47:00,1719330420.0,391.7,391.8,390.9,390.9,24.47
2024-06-25 15:48:00,1719330480.0,391.1,391.3,390.9,391.3,20.855
2024-06-25 15:49:00,1719330540.0,391.2,391.4,391.1,391.3,28.885
2024-06-25 15:50:00,1719330600.0,390.9,391.3,390.7,391.1,36.86
2024-06-25 15:51:00,1719330660.0,391.2,391.9,391.2,391.7,32.101
2024-06-25 15:52:00,1719330720.0,391.5,391.6,391.5,391.6,2.212
2024-06-25 15:53:00,1719330780.0,391.5,392.6,391.5,392.5,96.226
2024-06-25 15:54:00,1719330840.0,392.5,392.6,392.2,392.4,15.612
2024-06-25 15:55:00,1719330900.0,392.4,392.7,392.2,392.5,44.242
2024-06-25 15:56:00,1719330960.0,392.4,392.5,391.8,392.1,116.68
2024-06-25 15:57:00,1719331020.0,392.2,392.5,392.1,392.1,45.424
2024-06-25 15:58:00,1719331080.0,392.2,392.2,392.1,392.1,18.973
2024-06-25 15:59:00,1719331140.0,391.9,391.9,391.5,391.6,30.33
2024-06-25 16:00:00,1719331200.0,391.5,392.4,391.5,391.9,52.798
2024-06-25 16:01:00,1719331260.0,391.9,392.9,391.7,392.8,72.472
2024-06-25 16:02:00,1719331320.0,392.8,393.9,392.7,393.8,135.715
2024-06-25 16:03:00,1719331380.0,393.9,394.4,393.2,393.2,67.848
2024-06-25 16:04:00,1719331440.0,393.0,393.2,392.8,393.0,55.272
2024-06-25 16:05:00,1719331500.0,392.9,393.0,392.3,392.3,87.439
2024-06-25 16:06:00,1719331560.0,392.3,392.4,392.1,392.3,19.459
2024-06-25 16:07:00,1719331620.0,392.1,392.2,392.0,392.1,17.556
2024-06-25 16:08:00,1719331680.0,392.3,392.5,391.8,392.0,28.384
2024-06-25 16:09:00,1719331740.0,392.0,392.0,391.5,391.5,24.93
2024-06-25 16:10:00,1719331800.0,391.4,391.9,391.4,391.8,28.587
2024-06-25 16:11:00,1719331860.0,391.8,392.3,391.6,392.3,40.159
2024-06-25 16:12:00,1719331920.0,392.5,393.0,392.4,392.7,11.249
2024-06-25 16:13:00,1719331980.0,392.7,392.8,391.9,391.9,47.705
2024-06-25 16:14:00,1719332040.0,392.0,392.7,392.0,392.6,20.477
2024-06-25 16:15:00,1719332100.0,392.7,393.0,392.6,392.6,10.841
2024-06-25 16:16:00,1719332160.0,392.7,392.7,391.6,391.6,21.891
2024-06-25 16:17:00,1719332220.0,391.8,392.3,391.7,392.2,3.99
2024-06-25 16:18:00,1719332280.0,392.4,392.6,392.4,392.5,13.859
2024-06-25 16:19:00,1719332340.0,392.5,392.9,392.5,392.9,43.104
2024-06-25 16:20:00,1719332400.0,393.0,393.0,392.7,392.9,3.099
2024-06-25 16:21:00,1719332460.0,392.9,393.3,392.9,393.1,15.793
2024-06-25 16:22:00,1719332520.0,393.1,393.2,392.5,392.8,13.356
2024-06-25 16:23:00,1719332580.0,392.6,392.6,391.7,391.8,24.778
2024-06-25 16:24:00,1719332640.0,391.8,391.8,391.2,391.2,43.124
2024-06-25 16:25:00,1719332700.0,391.1,392.4,391.1,392.1,127.448
2024-06-25 16:26:00,1719332760.0,392.2,392.5,392.2,392.4,3.851
2024-06-25 16:27:00,1719332820.0,392.1,392.2,392.1,392.2,8.511
2024-06-25 16:28:00,1719332880.0,392.2,392.2,391.6,391.6,21.976
2024-06-25 16:29:00,1719332940.0,391.6,391.6,391.0,391.0,38.537
2024-06-25 16:30:00,1719333000.0,390.9,390.9,390.7,390.7,19.537
2024-06-25 16:31:00,1719333060.0,390.7,390.9,390.7,390.7,88.903
2024-06-25 16:32:00,1719333120.0,390.6,390.9,390.6,390.7,65.428
2024-06-25 16:33:00,1719333180.0,390.9,391.0,390.6,390.6,43.92
2024-06-25 16:34:00,1719333240.0,390.5,390.5,390.0,390.0,59.875
2024-06-25 16:35:00,1719333300.0,390.0,390.5,389.9,390.1,350.737
2024-06-25 16:36:00,1719333360.0,390.2,390.2,389.8,389.9,27.581
2024-06-25 16:37:00,1719333420.0,389.9,390.0,389.6,390.0,56.707
2024-06-25 16:38:00,1719333480.0,389.7,390.1,389.7,390.1,16.317
2024-06-25 16:39:00,1719333540.0,390.2,390.5,390.2,390.4,39.942
2024-06-25 16:40:00,1719333600.0,390.7,390.7,390.5,390.5,3.864
2024-06-25 16:41:00,1719333660.0,390.6,390.8,390.5,390.8,28.478
2024-06-25 16:42:00,1719333720.0,391.0,391.0,390.6,390.6,3.786
2024-06-25 16:43:00,1719333780.0,390.4,390.4,390.2,390.2,13.908
2024-06-25 16:44:00,1719333840.0,390.1,390.1,390.0,390.0,2.69
2024-06-25 16:45:00,1719333900.0,390.0,390.2,389.8,389.9,24.523
2024-06-25 16:46:00,1719333960.0,389.7,389.8,389.6,389.7,4.23
2024-06-25 16:47:00,1719334020.0,389.7,390.0,389.6,390.0,10.435
2024-06-25 16:48:00,1719334080.0,389.9,390.1,389.8,389.9,19.503
2024-06-25 16:49:00,1719334140.0,389.9,390.0,389.7,389.9,11.783
2024-06-25 16:50:00,1719334200.0,389.7,390.1,389.4,389.6,189.212
2024-06-25 16:51:00,1719334260.0,389.5,389.5,389.0,389.0,10.126
2024-06-25 16:52:00,1719334320.0,389.0,389.0,389.0,389.0,8.954
2024-06-25 16:53:00,1719334380.0,389.1,389.2,388.9,389.0,5.913
2024-06-25 16:54:00,1719334440.0,388.9,388.9,388.7,388.8,8.549
2024-06-25 16:55:00,1719334500.0,388.6,388.7,388.2,388.7,10.91
2024-06-25 16:56:00,1719334560.0,388.8,389.0,388.7,389.0,5.134
2024-06-25 16:57:00,1719334620.0,389.0,389.1,388.6,388.7,10.51
2024-06-25 16:58:00,1719334680.0,388.7,388.7,388.3,388.5,1.174
2024-06-25 16:59:00,1719334740.0,388.6,388.6,388.2,388.5,30.34
2024-06-25 17:00:00,1719334800.0,388.4,388.5,388.2,388.4,62.375
2024-06-25 17:01:00,1719334860.0,388.3,389.0,388.2,389.0,52.98
2024-06-25 17:02:00,1719334920.0,389.2,389.3,388.9,388.9,40.01
2024-06-25 17:03:00,1719334980.0,388.9,389.6,388.9,389.4,42.621
2024-06-25 17:04:00,1719335040.0,389.4,389.4,389.1,389.2,24.262
2024-06-25 17:05:00,1719335100.0,389.0,389.7,388.9,389.7,41.865
2024-06-25 17:06:00,1719335160.0,389.8,389.8,389.2,389.2,37.489
2024-06-25 17:07:00,1719335220.0,389.1,389.7,389.0,389.5,46.777
2024-06-25 17:08:00,1719335280.0,389.5,389.9,389.5,389.6,39.303
2024-06-25 17:09:00,1719335340.0,389.6,389.7,389.5,389.5,19.807
2024-06-25 17:10:00,1719335400.0,389.5,389.8,389.4,389.8,21.277
2024-06-25 17:11:00,1719335460.0,389.7,389.7,389.5,389.5,7.245
2024-06-25 17:12:00,1719335520.0,389.5,389.5,389.1,389.2,47.541
2024-06-25 17:13:00,1719335580.0,389.3,389.9,389.3,389.9,9.241
2024-06-25 17:14:00,1719335640.0,390.0,390.3,390.0,390.1,54.669
2024-06-25 17:15:00,1719335700.0,390.0,390.2,389.6,389.7,25.038
2024-06-25 17:16:00,1719335760.0,389.7,389.7,389.5,389.5,5.175
2024-06-25 17:17:00,1719335820.0,389.4,389.6,389.3,389.5,11.467
2024-06-25 17:18:00,1719335880.0,389.6,389.8,388.1,388.3,527.485
2024-06-25 17:19:00,1719335940.0,388.4,388.6,388.4,388.5,12.784
2024-06-25 17:20:00,1719336000.0,388.4,388.5,387.2,387.7,185.04
2024-06-25 17:21:00,1719336060.0,387.9,389.0,387.9,388.8,59.059
2024-06-25 17:22:00,1719336120.0,388.6,388.7,388.5,388.6,2.365
2024-06-25 17:23:00,1719336180.0,388.6,388.9,388.2,388.5,20.205
2024-06-25 17:24:00,1719336240.0,388.5,388.5,388.2,388.2,7.666
2024-06-25 17:25:00,1719336300.0,388.3,388.9,388.3,388.8,41.362
2024-06-25 17:26:00,1719336360.0,388.8,388.9,388.7,388.9,11.997
2024-06-25 17:27:00,1719336420.0,388.9,389.3,388.9,389.1,17.79
2024-06-25 17:28:00,1719336480.0,389.4,389.4,389.2,389.2,4.356
2024-06-25 17:29:00,1719336540.0,389.3,389.3,388.9,388.9,19.137
2024-06-25 17:30:00,1719336600.0,388.9,388.9,388.5,388.5,5.187
2024-06-25 17:31:00,1719336660.0,388.6,388.9,388.6,388.6,13.203
2024-06-25 17:32:00,1719336720.0,388.6,388.6,388.2,388.2,0.637
2024-06-25 17:33:00,1719336780.0,388.1,388.3,388.0,388.0,46.497
2024-06-25 17:34:00,1719336840.0,388.0,388.1,387.9,387.9,1.967
2024-06-25 17:35:00,1719336900.0,388.1,388.1,387.7,388.0,2.888
2024-06-25 17:36:00,1719336960.0,388.1,388.2,387.8,388.2,29.94
2024-06-25 17:37:00,1719337020.0,388.2,388.3,388.2,388.2,3.869
2024-06-25 17:38:00,1719337080.0,388.0,388.4,387.9,388.2,85.094
2024-06-25 17:39:00,1719337140.0,388.3,388.4,388.1,388.1,30.749
2024-06-25 17:40:00,1719337200.0,388.1,388.5,388.1,388.5,6.885
2024-06-25 17:41:00,1719337260.0,388.5,388.5,387.9,388.1,32.729
2024-06-25 17:42:00,1719337320.0,388.1,388.1,388.0,388.0,10.972
2024-06-25 17:43:00,1719337380.0,388.1,388.3,388.1,388.3,0.985
2024-06-25 17:44:00,1719337440.0,388.3,388.4,388.2,388.4,8.679
2024-06-25 17:45:00,1719337500.0,388.3,388.3,388.3,388.3,0.426
2024-06-25 17:46:00,1719337560.0,388.3,388.4,388.3,388.4,6.785
2024-06-25 17:47:00,1719337620.0,388.3,388.4,388.2,388.4,4.51
2024-06-25 17:48:00,1719337680.0,388.4,388.5,388.4,388.4,11.695
2024-06-25 17:49:00,1719337740.0,388.3,388.4,388.1,388.1,4.885
2024-06-25 17:50:00,1719337800.0,388.2,388.2,388.0,388.1,2.838
2024-06-25 17:51:00,1719337860.0,388.0,388.7,388.0,388.7,21.948
2024-06-25 17:52:00,1719337920.0,388.6,388.8,388.3,388.3,54.569
2024-06-25 17:53:00,1719337980.0,388.2,388.3,388.1,388.1,6.314
2024-06-25 17:54:00,1719338040.0,388.0,388.1,388.0,388.1,0.285
2024-06-25 17:55:00,1719338100.0,388.2,388.2,387.8,388.1,72.218
2024-06-25 17:56:00,1719338160.0,388.1,388.1,387.9,387.9,22.135
2024-06-25 17:57:00,1719338220.0,387.6,387.8,387.6,387.8,125.683
2024-06-25 17:58:00,1719338280.0,387.9,387.9,387.6,387.6,5.746
2024-06-25 17:59:00,1719338340.0,387.6,387.6,387.3,387.4,77.385
2024-06-25 18:00:00,1719338400.0,387.3,387.4,387.1,387.3,47.704
2024-06-25 18:01:00,1719338460.0,387.3,387.5,387.1,387.1,19.821
2024-06-25 18:02:00,1719338520.0,387.0,387.3,387.0,387.2,21.278
2024-06-25 18:03:00,1719338580.0,387.1,387.2,386.9,387.2,17.449
2024-06-25 18:04:00,1719338640.0,387.2,387.8,387.2,387.5,24.715
2024-06-25 18:05:00,1719338700.0,387.3,387.4,387.3,387.4,0.649
2024-06-25 18:06:00,1719338760.0,387.6,388.3,387.6,388.1,8.205
2024-06-25 18:07:00,1719338820.0,388.1,388.1,388.0,388.0,4.234
2024-06-25 18:08:00,1719338880.0,387.8,387.8,387.8,387.8,1.605
2024-06-25 18:09:00,1719338940.0,388.0,388.2,388.0,388.0,4.668
2024-06-25 18:10:00,1719339000.0,388.0,388.3,388.0,388.2,2.853
2024-06-25 18:11:00,1719339060.0,388.2,388.2,388.0,388.0,5.557
2024-06-25 18:12:00,1719339120.0,388.0,388.1,387.7,387.7,33.842
2024-06-25 18:13:00,1719339180.0,387.6,387.8,387.3,387.3,133.105
2024-06-25 18:14:00,1719339240.0,387.3,387.4,387.3,387.3,10.208
2024-06-25 18:15:00,1719339300.0,387.3,387.5,387.3,387.4,12.997
2024-06-25 18:16:00,1719339360.0,387.4,388.1,387.4,387.8,174.235
2024-06-25 18:17:00,1719339420.0,387.9,388.4,387.9,388.2,60.857
2024-06-25 18:18:00,1719339480.0,388.2,388.8,388.1,388.7,13.057
2024-06-25 18:19:00,1719339540.0,388.7,390.0,388.6,389.7,405.255
2024-06-25 18:20:00,1719339600.0,389.6,390.2,389.6,389.7,133.624
2024-06-25 18:21:00,1719339660.0,389.7,389.7,389.2,389.5,66.724
2024-06-25 18:22:00,1719339720.0,389.6,389.9,389.6,389.9,12.575
2024-06-25 18:23:00,1719339780.0,389.9,390.7,389.7,390.3,203.469
2024-06-25 18:24:00,1719339840.0,390.3,391.1,390.3,390.9,85.705
2024-06-25 18:25:00,1719339900.0,390.8,390.9,390.6,390.8,21.742
2024-06-25 18:26:00,1719339960.0,390.8,391.1,390.7,391.1,33.39
2024-06-25 18:27:00,1719340020.0,391.0,391.0,390.9,390.9,5.688
2024-06-25 18:28:00,1719340080.0,390.9,391.8,390.9,391.8,48.492
2024-06-25 18:29:00,1719340140.0,391.9,392.7,391.9,392.7,116.004
2024-06-25 18:30:00,1719340200.0,392.6,392.6,392.2,392.2,9.515
2024-06-25 18:31:00,1719340260.0,392.2,392.2,391.7,391.8,22.632
2024-06-25 18:32:00,1719340320.0,391.7,391.7,391.2,391.6,20.992
2024-06-25 18:33:00,1719340380.0,391.7,391.7,391.4,391.6,22.214
2024-06-25 18:34:00,1719340440.0,391.7,392.0,391.4,391.4,59.424
2024-06-25 18:35:00,1719340500.0,391.4,391.4,390.8,390.9,46.887
2024-06-25 18:36:00,1719340560.0,390.8,391.0,390.4,390.5,54.28
2024-06-25 18:37:00,1719340620.0,390.5,390.7,390.4,390.6,33.345
2024-06-25 18:38:00,1719340680.0,390.9,390.9,390.5,390.5,31.272
2024-06-25 18:39:00,1719340740.0,390.5,390.5,390.4,390.4,25.787
2024-06-25 18:40:00,1719340800.0,390.5,390.6,390.3,390.3,26.227
2024-06-25 18:41:00,1719340860.0,390.4,390.4,390.1,390.2,26.987
2024-06-25 18:42:00,1719340920.0,390.3,390.4,390.2,390.2,28.246
2024-06-25 18:43:00,1719340980.0,390.4,390.8,390.4,390.7,27.624
2024-06-25 18:44:00,1719341040.0,390.6,390.7,390.5,390.6,14.366
2024-06-25 18:45:00,1719341100.0,390.6,391.9,390.6,391.9,93.271
2024-06-25 18:46:00,1719341160.0,391.9,392.0,391.8,391.8,36.053
2024-06-25 18:47:00,1719341220.0,392.0,393.0,391.8,392.6,298.567
2024-06-25 18:48:00,1719341280.0,392.5,392.5,391.5,391.5,36.646
2024-06-25 18:49:00,1719341340.0,391.4,391.6,391.2,391.5,48.296
2024-06-25 18:50:00,1719341400.0,391.3,391.3,391.1,391.3,22.473
2024-06-25 18:51:00,1719341460.0,391.3,391.8,391.3,391.5,21.536
2024-06-25 18:52:00,1719341520.0,392.0,392.2,392.0,392.2,22.076
2024-06-25 18:53:00,1719341580.0,392.3,392.6,392.3,392.6,20.186
2024-06-25 18:54:00,1719341640.0,392.6,392.6,392.1,392.1,22.839
2024-06-25 18:55:00,1719341700.0,392.1,392.2,392.1,392.1,13.34
2024-06-25 18:56:00,1719341760.0,392.0,392.6,392.0,392.6,12.535
2024-06-25 18:57:00,1719341820.0,392.6,392.6,392.4,392.4,13.204
2024-06-25 18:58:00,1719341880.0,392.4,392.4,392.1,392.1,18.672
2024-06-25 18:59:00,1719341940.0,392.1,392.2,392.1,392.2,11.359
2024-06-25 19:00:00,1719342000.0,392.1,392.1,391.7,392.0,35.816
2024-06-25 19:01:00,1719342060.0,392.1,392.4,392.0,392.0,10.075
2024-06-25 19:02:00,1719342120.0,391.9,392.2,391.9,392.1,26.075
2024-06-25 19:03:00,1719342180.0,392.2,393.8,392.2,393.1,180.451
2024-06-25 19:04:00,1719342240.0,393.0,393.1,392.6,392.7,147.802
2024-06-25 19:05:00,1719342300.0,392.8,392.9,392.5,392.9,26.972
2024-06-25 19:06:00,1719342360.0,392.6,392.8,392.6,392.7,0.416
2024-06-25 19:07:00,1719342420.0,392.8,392.9,392.8,392.8,3.218
2024-06-25 19:08:00,1719342480.0,392.8,393.0,392.5,392.5,18.588
2024-06-25 19:09:00,1719342540.0,392.2,392.4,392.1,392.4,8.184
2024-06-25 19:10:00,1719342600.0,392.1,392.2,392.0,392.0,5.403
2024-06-25 19:11:00,1719342660.0,392.0,392.1,391.7,392.1,26.754
2024-06-25 19:12:00,1719342720.0,392.2,392.2,391.6,391.6,11.033
2024-06-25 19:13:00,1719342780.0,391.6,391.6,391.4,391.5,9.633
2024-06-25 19:14:00,1719342840.0,391.5,392.0,391.4,391.9,54.366
2024-06-25 19:15:00,1719342900.0,391.9,392.0,391.9,391.9,6.646
2024-06-25 19:16:00,1719342960.0,391.9,391.9,391.8,391.9,24.862
2024-06-25 19:17:00,1719343020.0,392.1,392.2,391.8,391.9,16.828
2024-06-25 19:18:00,1719343080.0,391.8,391.8,391.0,391.3,219.188
2024-06-25 19:19:00,1719343140.0,391.2,391.2,390.7,390.8,241.234
2024-06-25 19:20:00,1719343200.0,390.8,390.9,390.7,390.8,24.834
2024-06-25 19:21:00,1719343260.0,390.9,391.3,390.9,391.3,35.719
2024-06-25 19:22:00,1719343320.0,391.4,391.4,391.3,391.3,13.678
2024-06-25 19:23:00,1719343380.0,391.4,391.4,391.1,391.1,8.102
2024-06-25 19:24:00,1719343440.0,391.1,391.3,391.1,391.3,0.497
2024-06-25 19:25:00,1719343500.0,391.2,391.2,390.9,390.9,0.698
2024-06-25 19:26:00,1719343560.0,390.8,390.9,390.8,390.9,4.415
2024-06-25 19:27:00,1719343620.0,390.9,391.0,390.9,391.0,4.293
2024-06-25 19:28:00,1719343680.0,391.0,391.8,391.0,391.7,54.9
2024-06-25 19:29:00,1719343740.0,391.8,391.8,391.5,391.5,8.474
2024-06-25 19:30:00,1719343800.0,391.4,391.4,391.0,391.0,3.988
2024-06-25 19:31:00,1719343860.0,390.7,391.1,390.6,390.9,54.872
2024-06-25 19:32:00,1719343920.0,390.8,390.8,390.6,390.6,5.501
2024-06-25 19:33:00,1719343980.0,390.5,390.6,390.5,390.6,13.658
2024-06-25 19:34:00,1719344040.0,390.7,390.8,390.7,390.8,8.618
2024-06-25 19:35:00,1719344100.0,391.1,391.1,390.9,391.0,16.318
2024-06-25 19:36:00,1719344160.0,391.1,391.2,390.8,390.8,34.683
2024-06-25 19:37:00,1719344220.0,390.8,390.9,390.6,390.6,6.856
2024-06-25 19:38:00,1719344280.0,390.4,390.9,390.4,390.9,4.711
2024-06-25 19:39:00,1719344340.0,390.8,391.0,390.7,390.9,12.459
2024-06-25 19:40:00,1719344400.0,391.1,391.8,391.0,391.8,39.874
2024-06-25 19:41:00,1719344460.0,392.0,392.0,391.5,391.5,7.801
2024-06-25 19:42:00,1719344520.0,391.4,391.4,391.2,391.2,0.207
2024-06-25 19:43:00,1719344580.0,391.2,391.2,391.1,391.1,3.864
2024-06-25 19:44:00,1719344640.0,391.0,391.0,391.0,391.0,2.586
2024-06-25 19:45:00,1719344700.0,391.0,391.0,390.8,390.9,0.289
2024-06-25 19:46:00,1719344760.0,390.6,390.6,390.3,390.4,5.064
2024-06-25 19:47:00,1719344820.0,390.5,390.5,390.3,390.4,6.819
2024-06-25 19:48:00,1719344880.0,390.8,391.1,390.7,391.1,14.433
2024-06-25 19:49:00,1719344940.0,391.1,391.2,391.1,391.2,6.115
2024-06-25 19:50:00,1719345000.0,391.1,391.1,390.7,391.1,8.856
2024-06-25 19:51:00,1719345060.0,391.3,391.4,391.1,391.2,10.012
2024-06-25 19:52:00,1719345120.0,391.2,391.2,391.0,391.0,0.355
2024-06-25 19:53:00,1719345180.0,391.0,391.0,390.9,390.9,0.297
2024-06-25 19:54:00,1719345240.0,390.9,391.4,390.9,391.4,33.092
2024-06-25 19:55:00,1719345300.0,391.4,392.0,391.4,391.9,164.942
2024-06-25 19:56:00,1719345360.0,391.9,392.0,391.8,391.8,9.077
2024-06-25 19:57:00,1719345420.0,391.8,391.8,391.7,391.7,3.165
2024-06-25 19:58:00,1719345480.0,391.8,392.2,391.7,392.2,11.547
2024-06-25 19:59:00,1719345540.0,392.0,392.0,391.3,391.5,22.123
2024-06-25 20:00:00,1719345600.0,391.3,391.7,391.3,391.7,15.961
2024-06-25 20:01:00,1719345660.0,391.7,391.7,391.3,391.3,3.829
2024-06-25 20:02:00,1719345720.0,391.2,391.2,391.2,391.2,1.172
2024-06-25 20:03:00,1719345780.0,391.5,391.6,391.5,391.6,0.085
2024-06-25 20:04:00,1719345840.0,391.6,391.6,391.6,391.6,0.0
2024-06-25 20:05:00,1719345900.0,391.8,391.8,391.7,391.7,2.136
2024-06-25 20:06:00,1719345960.0,391.8,392.0,391.8,391.8,9.841
2024-06-25 20:07:00,1719346020.0,391.7,391.8,391.7,391.8,0.36
2024-06-25 20:08:00,1719346080.0,391.8,391.9,391.3,391.4,23.141
2024-06-25 20:09:00,1719346140.0,391.4,391.4,391.4,391.4,2.555
2024-06-25 20:10:00,1719346200.0,391.1,391.2,391.1,391.1,12.846
2024-06-25 20:11:00,1719346260.0,391.2,391.2,391.0,391.0,7.973
2024-06-25 20:12:00,1719346320.0,390.7,390.8,390.5,390.8,22.746
2024-06-25 20:13:00,1719346380.0,390.9,391.1,390.5,390.6,20.255
2024-06-25 20:14:00,1719346440.0,390.6,390.6,390.5,390.5,5.191
2024-06-25 20:15:00,1719346500.0,390.5,390.5,390.1,390.2,23.389
2024-06-25 20:16:00,1719346560.0,390.1,390.3,390.1,390.2,37.317
2024-06-25 20:17:00,1719346620.0,390.3,390.3,390.2,390.2,32.831
2024-06-25 20:18:00,1719346680.0,390.3,390.4,390.0,390.0,32.513
2024-06-25 20:19:00,1719346740.0,389.9,389.9,389.7,389.7,19.008
2024-06-25 20:20:00,1719346800.0,389.6,390.0,389.6,389.9,43.83
2024-06-25 20:21:00,1719346860.0,389.9,390.1,389.7,389.8,43.49
2024-06-25 20:22:00,1719346920.0,389.8,390.2,389.8,390.0,57.284
2024-06-25 20:23:00,1719346980.0,390.1,390.2,389.9,389.9,45.966
2024-06-25 20:24:00,1719347040.0,389.9,390.0,389.8,390.0,21.859
2024-06-25 20:25:00,1719347100.0,389.9,390.2,389.9,390.0,33.3
2024-06-25 20:26:00,1719347160.0,390.0,390.0,389.9,390.0,14.563
2024-06-25 20:27:00,1719347220.0,390.1,390.3,390.1,390.3,6.451
2024-06-25 20:28:00,1719347280.0,390.3,390.5,390.3,390.4,14.581
2024-06-25 20:29:00,1719347340.0,390.2,390.2,390.0,390.0,3.786
2024-06-25 20:30:00,1719347400.0,389.9,389.9,389.9,389.9,11.712
2024-06-25 20:31:00,1719347460.0,389.8,389.9,389.5,389.5,49.469
2024-06-25 20:32:00,1719347520.0,389.6,389.6,389.3,389.5,25.511
2024-06-25 20:33:00,1719347580.0,389.4,389.9,389.4,389.9,16.965
2024-06-25 20:34:00,1719347640.0,389.9,390.3,389.9,390.3,23.167
2024-06-25 20:35:00,1719347700.0,390.2,390.9,390.1,390.8,77.988
2024-06-25 20:36:00,1719347760.0,391.0,391.2,390.9,390.9,25.313
2024-06-25 20:37:00,1719347820.0,390.8,390.8,390.6,390.8,24.338
2024-06-25 20:38:00,1719347880.0,390.7,390.8,390.7,390.7,10.317
2024-06-25 20:39:00,1719347940.0,390.7,391.1,390.7,390.9,8.92
2024-06-25 20:40:00,1719348000.0,391.0,391.5,391.0,391.3,54.293
2024-06-25 20:41:00,1719348060.0,391.3,391.3,390.7,390.8,15.036
2024-06-25 20:42:00,1719348120.0,390.8,390.9,390.8,390.9,0.463
2024-06-25 20:43:00,1719348180.0,391.0,391.2,391.0,391.1,0.471
2024-06-25 20:44:00,1719348240.0,391.2,391.2,391.1,391.1,10.224
2024-06-25 20:45:00,1719348300.0,391.0,391.1,390.8,391.1,10.339
2024-06-25 20:46:00,1719348360.0,390.9,391.1,390.9,391.0,12.905
2024-06-25 20:47:00,1719348420.0,390.9,390.9,390.6,390.6,39.125
2024-06-25 20:48:00,1719348480.0,390.6,390.6,390.4,390.5,8.9
2024-06-25 20:49:00,1719348540.0,390.3,390.4,390.3,390.3,5.718
2024-06-25 20:50:00,1719348600.0,390.3,390.3,390.1,390.2,11.233
2024-06-25 20:51:00,1719348660.0,390.2,390.2,390.1,390.1,3.358
2024-06-25 20:52:00,1719348720.0,390.0,390.2,389.9,390.1,12.742
2024-06-25 20:53:00,1719348780.0,390.0,390.1,389.9,390.0,20.585
2024-06-25 20:54:00,1719348840.0,389.9,390.0,389.9,389.9,6.011
2024-06-25 20:55:00,1719348900.0,389.8,390.0,389.6,390.0,13.113
2024-06-25 20:56:00,1719348960.0,389.9,389.9,389.8,389.8,8.807
2024-06-25 20:57:00,1719349020.0,389.7,389.7,389.6,389.6,3.184
2024-06-25 20:58:00,1719349080.0,389.6,389.7,389.5,389.7,18.293
2024-06-25 20:59:00,1719349140.0,389.7,389.9,389.7,389.9,23.453
2024-06-25 21:00:00,1719349200.0,389.9,390.2,389.6,389.6,131.917
2024-06-25 21:01:00,1719349260.0,389.6,390.0,389.6,390.0,33.203
2024-06-25 21:02:00,1719349320.0,389.9,389.9,389.8,389.8,11.753
2024-06-25 21:03:00,1719349380.0,389.8,389.8,389.7,389.7,0.284
2024-06-25 21:04:00,1719349440.0,389.7,389.7,389.6,389.7,3.58
2024-06-25 21:05:00,1719349500.0,389.6,389.6,389.3,389.3,15.411
2024-06-25 21:06:00,1719349560.0,389.2,389.6,389.2,389.6,5.755
2024-06-25 21:07:00,1719349620.0,389.7,389.8,389.5,389.5,20.84
2024-06-25 21:08:00,1719349680.0,389.5,389.7,389.4,389.4,6.735
2024-06-25 21:09:00,1719349740.0,389.5,389.6,389.5,389.6,0.293
2024-06-25 21:10:00,1719349800.0,389.6,389.6,389.3,389.3,31.734
2024-06-25 21:11:00,1719349860.0,389.3,389.4,389.3,389.3,21.125
2024-06-25 21:12:00,1719349920.0,389.3,389.4,389.0,389.2,45.156
2024-06-25 21:13:00,1719349980.0,389.3,389.4,389.1,389.1,37.102
2024-06-25 21:14:00,1719350040.0,389.1,389.1,388.9,388.9,26.21
2024-06-25 21:15:00,1719350100.0,388.9,389.4,388.9,389.4,37.299
2024-06-25 21:16:00,1719350160.0,389.5,389.8,389.4,389.8,27.226
2024-06-25 21:17:00,1719350220.0,389.7,389.7,389.3,389.3,34.276
2024-06-25 21:18:00,1719350280.0,389.2,389.4,389.1,389.4,32.382
2024-06-25 21:19:00,1719350340.0,389.4,389.8,389.4,389.5,56.309
2024-06-25 21:20:00,1719350400.0,389.4,389.7,389.4,389.5,29.676
2024-06-25 21:21:00,1719350460.0,389.5,389.6,389.5,389.6,15.523
2024-06-25 21:22:00,1719350520.0,389.7,389.8,389.7,389.8,1.204
2024-06-25 21:23:00,1719350580.0,389.7,389.8,389.7,389.8,1.582
2024-06-25 21:24:00,1719350640.0,389.8,389.8,389.8,389.8,0.018
2024-06-25 21:25:00,1719350700.0,389.8,389.9,389.8,389.9,8.615
2024-06-25 21:26:00,1719350760.0,389.9,389.9,389.8,389.8,4.472
2024-06-25 21:27:00,1719350820.0,389.8,389.8,389.8,389.8,1.418
2024-06-25 21:28:00,1719350880.0,389.7,389.7,389.5,389.5,55.988
2024-06-25 21:29:00,1719350940.0,389.6,389.7,389.6,389.7,13.39
2024-06-25 21:30:00,1719351000.0,389.7,389.9,389.7,389.8,4.493
2024-06-25 21:31:00,1719351060.0,389.8,389.9,389.7,389.9,11.613
2024-06-25 21:32:00,1719351120.0,390.0,390.1,390.0,390.1,2.733
2024-06-25 21:33:00,1719351180.0,390.1,390.1,390.0,390.0,2.939
2024-06-25 21:34:00,1719351240.0,390.0,390.0,389.9,389.9,2.753
2024-06-25 21:35:00,1719351300.0,389.8,389.8,389.3,389.3,11.122
2024-06-25 21:36:00,1719351360.0,389.3,389.4,389.1,389.2,34.342
2024-06-25 21:37:00,1719351420.0,389.2,389.3,389.2,389.2,33.172
2024-06-25 21:38:00,1719351480.0,389.3,389.6,389.3,389.6,6.919
2024-06-25 21:39:00,1719351540.0,389.6,389.6,389.4,389.5,16.372
2024-06-25 21:40:00,1719351600.0,389.5,389.5,389.2,389.2,14.025
2024-06-25 21:41:00,1719351660.0,389.2,389.2,389.2,389.2,1.285
2024-06-25 21:42:00,1719351720.0,389.1,389.2,389.1,389.1,1.773
2024-06-25 21:43:00,1719351780.0,389.0,389.2,389.0,389.1,8.704
2024-06-25 21:44:00,1719351840.0,389.2,389.3,389.2,389.3,3.329
2024-06-25 21:45:00,1719351900.0,389.5,389.5,389.4,389.4,0.157
2024-06-25 21:46:00,1719351960.0,389.4,389.4,389.4,389.4,1.327
2024-06-25 21:47:00,1719352020.0,389.4,389.6,389.4,389.6,0.587
2024-06-25 21:48:00,1719352080.0,389.6,389.6,389.6,389.6,0.16
2024-06-25 21:49:00,1719352140.0,389.5,389.6,389.5,389.6,2.129
2024-06-25 21:50:00,1719352200.0,389.6,389.7,389.6,389.7,0.644
2024-06-25 21:51:00,1719352260.0,389.7,389.8,389.6,389.6,13.851
2024-06-25 21:52:00,1719352320.0,389.6,389.6,389.4,389.4,59.557
2024-06-25 21:53:00,1719352380.0,389.4,389.5,389.3,389.4,11.906
2024-06-25 21:54:00,1719352440.0,389.3,389.3,389.3,389.3,0.338
2024-06-25 21:55:00,1719352500.0,389.3,389.3,389.2,389.2,0.161
2024-06-25 21:56:00,1719352560.0,389.2,389.6,389.2,389.6,32.648
2024-06-25 21:57:00,1719352620.0,389.6,389.6,389.4,389.4,0.807
2024-06-25 21:58:00,1719352680.0,389.5,389.5,389.2,389.2,9.073
2024-06-25 21:59:00,1719352740.0,389.1,389.1,389.1,389.1,2.134
2024-06-25 22:00:00,1719352800.0,389.2,389.9,389.1,389.1,120.068
2024-06-25 22:01:00,1719352860.0,389.1,389.2,389.1,389.1,6.11
2024-06-25 22:02:00,1719352920.0,389.0,389.0,388.6,388.6,21.305
2024-06-25 22:03:00,1719352980.0,388.6,389.4,388.6,389.4,54.091
2024-06-25 22:04:00,1719353040.0,389.5,389.6,389.3,389.5,21.398
2024-06-25 22:05:00,1719353100.0,389.5,390.0,389.5,389.9,6.335
2024-06-25 22:06:00,1719353160.0,389.9,389.9,389.7,389.7,24.075
2024-06-25 22:07:00,1719353220.0,389.8,389.8,389.8,389.8,0.252
2024-06-25 22:08:00,1719353280.0,390.0,390.0,390.0,390.0,4.0
2024-06-25 22:09:00,1719353340.0,390.0,390.1,390.0,390.1,10.453
2024-06-25 22:10:00,1719353400.0,390.2,390.3,390.2,390.2,16.958
2024-06-25 22:11:00,1719353460.0,390.2,390.2,390.1,390.2,9.706
2024-06-25 22:12:00,1719353520.0,390.3,390.5,390.3,390.4,7.083
2024-06-25 22:13:00,1719353580.0,390.3,390.3,390.1,390.1,19.109
2024-06-25 22:14:00,1719353640.0,390.1,390.2,390.0,390.1,6.977
2024-06-25 22:15:00,1719353700.0,390.1,390.1,390.1,390.1,0.104
2024-06-25 22:16:00,1719353760.0,390.1,390.1,390.1,390.1,0.322
2024-06-25 22:17:00,1719353820.0,390.2,390.4,390.2,390.3,20.49
2024-06-25 22:18:00,1719353880.0,390.4,390.5,390.2,390.2,12.746
2024-06-25 22:19:00,1719353940.0,390.2,390.2,390.0,390.0,14.096
2024-06-25 22:20:00,1719354000.0,390.1,390.4,390.1,390.3,17.183
2024-06-25 22:21:00,1719354060.0,390.3,390.3,390.2,390.2,11.457
2024-06-25 22:22:00,1719354120.0,390.4,390.6,390.4,390.4,3.76
2024-06-25 22:23:00,1719354180.0,390.3,390.3,390.3,390.3,0.545
2024-06-25 22:24:00,1719354240.0,389.8,390.1,389.8,390.0,9.469
2024-06-25 22:25:00,1719354300.0,390.1,390.1,389.7,389.7,28.909
2024-06-25 22:26:00,1719354360.0,389.8,389.9,389.8,389.9,0.727
2024-06-25 22:27:00,1719354420.0,389.8,389.9,389.8,389.8,0.421
2024-06-25 22:28:00,1719354480.0,389.8,389.9,389.8,389.8,11.962
2024-06-25 22:29:00,1719354540.0,389.9,389.9,389.8,389.9,0.722
2024-06-25 22:30:00,1719354600.0,389.9,390.2,389.9,390.0,24.199
2024-06-25 22:31:00,1719354660.0,390.1,390.2,390.1,390.1,21.473
2024-06-25 22:32:00,1719354720.0,390.2,390.2,389.9,389.9,16.315
2024-06-25 22:33:00,1719354780.0,389.9,389.9,389.8,389.8,17.582
2024-06-25 22:34:00,1719354840.0,389.7,389.7,389.5,389.5,0.667
2024-06-25 22:35:00,1719354900.0,389.6,389.7,389.6,389.7,2.971
2024-06-25 22:36:00,1719354960.0,389.7,389.7,389.7,389.7,0.982
2024-06-25 22:37:00,1719355020.0,389.6,389.6,389.4,389.4,5.5
2024-06-25 22:38:00,1719355080.0,389.4,389.4,389.0,389.0,1.902
2024-06-25 22:39:00,1719355140.0,389.0,389.0,388.6,388.7,25.373
2024-06-25 22:40:00,1719355200.0,388.7,389.0,388.7,388.8,20.564
2024-06-25 22:41:00,1719355260.0,388.6,388.6,388.5,388.5,20.297
2024-06-25 22:42:00,1719355320.0,388.4,388.6,388.4,388.5,14.503
2024-06-25 22:43:00,1719355380.0,388.6,388.6,388.5,388.6,0.1
2024-06-25 22:44:00,1719355440.0,388.5,388.5,388.3,388.4,4.273
2024-06-25 22:45:00,1719355500.0,388.5,388.6,388.5,388.6,4.065
2024-06-25 22:46:00,1719355560.0,388.6,388.6,388.5,388.6,7.792
2024-06-25 22:47:00,1719355620.0,388.6,388.7,388.6,388.6,0.197
2024-06-25 22:48:00,1719355680.0,388.6,388.6,388.6,388.6,0.0
2024-06-25 22:49:00,1719355740.0,388.8,388.8,388.7,388.7,7.697
2024-06-25 22:50:00,1719355800.0,388.6,388.7,388.6,388.7,0.329
2024-06-25 22:51:00,1719355860.0,388.6,388.6,388.6,388.6,0.083
2024-06-25 22:52:00,1719355920.0,388.4,388.4,388.4,388.4,0.357
2024-06-25 22:53:00,1719355980.0,388.5,388.5,388.5,388.5,2.603
2024-06-25 22:54:00,1719356040.0,388.5,388.5,388.5,388.5,3.314
2024-06-25 22:55:00,1719356100.0,388.5,388.5,388.2,388.3,43.447
2024-06-25 22:56:00,1719356160.0,388.3,388.3,388.3,388.3,0.0
2024-06-25 22:57:00,1719356220.0,388.3,388.4,388.3,388.3,14.438
2024-06-25 22:58:00,1719356280.0,388.5,388.5,388.5,388.5,1.287
2024-06-25 22:59:00,1719356340.0,388.5,388.6,388.5,388.6,0.181
2024-06-25 23:00:00,1719356400.0,388.6,388.7,388.6,388.6,11.475
2024-06-25 23:01:00,1719356460.0,388.5,388.7,388.5,388.5,19.8
2024-06-25 23:02:00,1719356520.0,388.6,388.6,388.4,388.4,18.072
2024-06-25 23:03:00,1719356580.0,388.5,389.1,388.5,389.1,75.13
2024-06-25 23:04:00,1719356640.0,389.0,389.0,388.9,388.9,3.096
2024-06-25 23:05:00,1719356700.0,388.9,388.9,388.7,388.7,5.841
2024-06-25 23:06:00,1719356760.0,388.8,388.9,388.7,388.7,10.028
2024-06-25 23:07:00,1719356820.0,388.7,388.7,388.5,388.5,11.914
2024-06-25 23:08:00,1719356880.0,388.4,388.4,388.3,388.3,9.082
2024-06-25 23:09:00,1719356940.0,388.3,388.4,387.8,387.8,61.586
2024-06-25 23:10:00,1719357000.0,387.8,387.9,387.5,387.6,41.886
2024-06-25 23:11:00,1719357060.0,387.5,387.5,387.1,387.2,34.954
2024-06-25 23:12:00,1719357120.0,387.3,387.5,387.3,387.5,19.05
2024-06-25 23:13:00,1719357180.0,387.6,387.6,387.2,387.2,37.261
2024-06-25 23:14:00,1719357240.0,387.1,387.3,387.0,387.3,40.767
2024-06-25 23:15:00,1719357300.0,387.2,387.3,387.0,387.0,40.451
2024-06-25 23:16:00,1719357360.0,387.2,387.2,386.9,387.1,27.475
2024-06-25 23:17:00,1719357420.0,387.2,387.3,387.0,387.0,28.901
2024-06-25 23:18:00,1719357480.0,387.0,387.1,386.9,387.0,17.819
2024-06-25 23:19:00,1719357540.0,386.9,386.9,386.5,386.5,49.179
2024-06-25 23:20:00,1719357600.0,386.5,386.7,386.4,386.7,19.531
2024-06-25 23:21:00,1719357660.0,386.8,386.9,386.6,386.6,62.819
2024-06-25 23:22:00,1719357720.0,386.7,387.1,386.7,387.1,14.776
2024-06-25 23:23:00,1719357780.0,387.0,387.1,387.0,387.1,16.983
2024-06-25 23:24:00,1719357840.0,387.1,387.1,387.1,387.1,0.0
2024-06-25 23:25:00,1719357900.0,387.2,387.2,387.1,387.2,0.398
2024-06-25 23:26:00,1719357960.0,387.1,387.1,387.1,387.1,0.547
2024-06-25 23:27:00,1719358020.0,387.2,387.3,387.1,387.2,6.129
2024-06-25 23:28:00,1719358080.0,387.3,387.3,387.2,387.2,0.866
2024-06-25 23:29:00,1719358140.0,387.2,387.2,387.2,387.2,0.192
2024-06-25 23:30:00,1719358200.0,387.2,387.4,387.2,387.4,9.14
2024-06-25 23:31:00,1719358260.0,387.3,387.4,387.2,387.4,2.224
2024-06-25 23:32:00,1719358320.0,387.4,387.6,387.4,387.6,2.702
2024-06-25 23:33:00,1719358380.0,387.5,387.7,387.4,387.6,15.676
2024-06-25 23:34:00,1719358440.0,387.7,387.9,387.7,387.9,4.027
2024-06-25 23:35:00,1719358500.0,387.8,387.8,387.4,387.4,13.188
2024-06-25 23:36:00,1719358560.0,387.5,387.5,387.4,387.4,0.947
2024-06-25 23:37:00,1719358620.0,387.4,387.4,387.2,387.2,13.63
2024-06-25 23:38:00,1719358680.0,387.2,387.2,387.2,387.2,1.687
2024-06-25 23:39:00,1719358740.0,387.3,387.3,387.2,387.2,3.233
2024-06-25 23:40:00,1719358800.0,387.1,387.1,387.0,387.0,9.038
2024-06-25 23:41:00,1719358860.0,387.0,387.1,387.0,387.1,4.993
2024-06-25 23:42:00,1719358920.0,387.2,387.2,387.0,387.1,23.979
2024-06-25 23:43:00,1719358980.0,387.3,387.3,387.2,387.2,0.986
2024-06-25 23:44:00,1719359040.0,387.3,387.5,387.3,387.4,0.946
2024-06-25 23:45:00,1719359100.0,387.5,387.5,387.4,387.5,5.527
2024-06-25 23:46:00,1719359160.0,387.6,388.2,387.6,388.0,12.006
2024-06-25 23:47:00,1719359220.0,388.1,388.3,388.0,388.3,2.444
2024-06-25 23:48:00,1719359280.0,388.3,388.5,388.2,388.3,7.624
2024-06-25 23:49:00,1719359340.0,388.3,388.3,388.3,388.3,0.198
2024-06-25 23:50:00,1719359400.0,388.4,388.5,388.4,388.5,16.981
2024-06-25 23:51:00,1719359460.0,388.6,388.6,388.5,388.5,12.866
2024-06-25 23:52:00,1719359520.0,388.6,388.6,388.5,388.5,6.207
2024-06-25 23:53:00,1719359580.0,388.5,388.5,388.3,388.4,3.345
2024-06-25 23:54:00,1719359640.0,388.5,388.7,388.5,388.6,9.95
2024-06-25 23:55:00,1719359700.0,388.5,388.8,388.5,388.7,9.577
2024-06-25 23:56:00,1719359760.0,388.7,388.7,388.7,388.7,8.718
2024-06-25 23:57:00,1719359820.0,388.7,388.7,388.5,388.5,11.923
2024-06-25 23:58:00,1719359880.0,388.6,388.6,388.6,388.6,1.0
2024-06-25 23:59:00,1719359940.0,388.6,388.6,388.5,388.6,2.772
