Universal Time,Unix Time,Open,High,Low,Close,Volume
2021-11-06 00:00:00,1636156800.0,254.9,255.0,254.5,254.6,281.143
2021-11-06 00:01:00,1636156860.0,254.6,255.0,254.5,254.9,138.603
2021-11-06 00:02:00,1636156920.0,255.0,255.4,255.0,255.0,85.037
2021-11-06 00:03:00,1636156980.0,255.0,255.1,254.5,254.5,116.194
2021-11-06 00:04:00,1636157040.0,254.5,254.6,254.4,254.6,246.251
2021-11-06 00:05:00,1636157100.0,254.7,254.9,254.4,254.5,68.837
2021-11-06 00:06:00,1636157160.0,254.5,254.6,254.3,254.4,28.813
2021-11-06 00:07:00,1636157220.0,254.3,254.4,254.2,254.2,15.252
2021-11-06 00:08:00,1636157280.0,254.3,254.4,254.1,254.4,58.725
2021-11-06 00:09:00,1636157340.0,254.3,254.5,254.3,254.5,43.12
2021-11-06 00:10:00,1636157400.0,254.4,254.9,254.4,254.9,69.965
2021-11-06 00:11:00,1636157460.0,254.9,254.9,254.7,254.7,17.004
2021-11-06 00:12:00,1636157520.0,254.6,254.6,253.9,254.0,96.341
2021-11-06 00:13:00,1636157580.0,253.9,253.9,253.8,253.8,29.686
2021-11-06 00:14:00,1636157640.0,253.8,254.4,253.8,254.3,32.342
2021-11-06 00:15:00,1636157700.0,254.2,254.2,253.9,254.1,47.495
2021-11-06 00:16:00,1636157760.0,254.1,254.4,254.1,254.4,35.768
2021-11-06 00:17:00,1636157820.0,254.5,254.9,254.2,254.3,241.309
2021-11-06 00:18:00,1636157880.0,254.4,254.8,254.4,254.8,35.326
2021-11-06 00:19:00,1636157940.0,254.8,255.1,254.8,255.1,46.159
2021-11-06 00:20:00,1636158000.0,255.1,255.4,255.0,255.4,42.131
2021-11-06 00:21:00,1636158060.0,255.4,256.1,255.4,255.9,161.52
2021-11-06 00:22:00,1636158120.0,255.9,256.7,255.7,256.6,548.656
2021-11-06 00:23:00,1636158180.0,256.6,256.7,256.2,256.2,110.108
2021-11-06 00:24:00,1636158240.0,256.3,256.6,256.3,256.6,30.587
2021-11-06 00:25:00,1636158300.0,256.6,256.6,256.5,256.6,33.462
2021-11-06 00:26:00,1636158360.0,256.5,256.7,256.5,256.7,17.649
2021-11-06 00:27:00,1636158420.0,256.7,256.9,256.7,256.9,13.156
2021-11-06 00:28:00,1636158480.0,256.9,257.4,256.9,257.0,86.026
2021-11-06 00:29:00,1636158540.0,257.0,257.3,257.0,257.3,12.001
2021-11-06 00:30:00,1636158600.0,257.3,257.3,257.1,257.1,54.993
2021-11-06 00:31:00,1636158660.0,257.1,257.1,256.9,256.9,7.969
2021-11-06 00:32:00,1636158720.0,256.9,256.9,256.7,256.8,36.225
2021-11-06 00:33:00,1636158780.0,256.8,257.2,256.7,256.7,214.935
2021-11-06 00:34:00,1636158840.0,256.8,256.9,256.6,256.7,18.045
2021-11-06 00:35:00,1636158900.0,256.6,256.6,256.5,256.6,1.106
2021-11-06 00:36:00,1636158960.0,256.6,257.0,256.6,256.9,31.355
2021-11-06 00:37:00,1636159020.0,256.7,256.8,256.7,256.8,3.51
2021-11-06 00:38:00,1636159080.0,256.8,256.9,256.8,256.9,9.602
2021-11-06 00:39:00,1636159140.0,256.9,256.9,256.7,256.8,13.601
2021-11-06 00:40:00,1636159200.0,256.9,257.1,256.9,257.0,89.176
2021-11-06 00:41:00,1636159260.0,256.9,257.1,256.9,257.1,9.748
2021-11-06 00:42:00,1636159320.0,257.1,258.0,257.1,257.7,469.564
2021-11-06 00:43:00,1636159380.0,257.7,257.8,257.5,257.6,21.488
2021-11-06 00:44:00,1636159440.0,257.6,257.7,257.5,257.7,4.505
2021-11-06 00:45:00,1636159500.0,257.7,258.0,257.6,257.9,117.95
2021-11-06 00:46:00,1636159560.0,257.8,257.9,257.7,257.9,5.305
2021-11-06 00:47:00,1636159620.0,257.8,258.1,257.7,258.0,58.655
2021-11-06 00:48:00,1636159680.0,258.1,258.1,258.1,258.1,11.548
2021-11-06 00:49:00,1636159740.0,258.2,258.3,258.1,258.1,79.945
2021-11-06 00:50:00,1636159800.0,258.1,258.1,257.7,257.7,230.515
2021-11-06 00:51:00,1636159860.0,257.8,258.0,257.8,258.0,39.082
2021-11-06 00:52:00,1636159920.0,257.9,257.9,257.7,257.8,10.842
2021-11-06 00:53:00,1636159980.0,257.9,258.1,257.8,257.9,55.238
2021-11-06 00:54:00,1636160040.0,257.9,257.9,257.0,257.1,103.486
2021-11-06 00:55:00,1636160100.0,257.2,257.3,257.2,257.3,25.554
2021-11-06 00:56:00,1636160160.0,257.3,257.9,257.3,257.5,125.705
2021-11-06 00:57:00,1636160220.0,257.5,257.7,257.5,257.7,14.537
2021-11-06 00:58:00,1636160280.0,257.6,257.9,257.6,257.9,25.087
2021-11-06 00:59:00,1636160340.0,257.9,257.9,257.6,257.7,2.002
2021-11-06 01:00:00,1636160400.0,257.8,258.0,257.8,258.0,14.366
2021-11-06 01:01:00,1636160460.0,257.9,258.0,257.9,258.0,1.936
2021-11-06 01:02:00,1636160520.0,258.0,258.0,258.0,258.0,0.0
2021-11-06 01:03:00,1636160580.0,258.0,258.0,257.6,257.6,20.663
2021-11-06 01:04:00,1636160640.0,257.6,257.7,257.6,257.7,2.529
2021-11-06 01:05:00,1636160700.0,257.7,257.7,257.7,257.7,0.0
2021-11-06 01:06:00,1636160760.0,257.6,257.6,257.6,257.6,0.048
2021-11-06 01:07:00,1636160820.0,257.7,257.7,257.3,257.4,91.553
2021-11-06 01:08:00,1636160880.0,257.4,257.5,257.3,257.3,2.087
2021-11-06 01:09:00,1636160940.0,257.4,257.5,257.4,257.4,11.421
2021-11-06 01:10:00,1636161000.0,257.5,257.5,257.3,257.3,14.847
2021-11-06 01:11:00,1636161060.0,257.4,257.4,257.3,257.3,1.91
2021-11-06 01:12:00,1636161120.0,257.3,257.3,256.8,256.9,54.654
2021-11-06 01:13:00,1636161180.0,256.9,257.0,256.9,257.0,25.35
2021-11-06 01:14:00,1636161240.0,257.0,257.0,256.9,256.9,16.43
2021-11-06 01:15:00,1636161300.0,256.9,257.0,256.9,257.0,0.707
2021-11-06 01:16:00,1636161360.0,256.9,256.9,256.8,256.9,26.742
2021-11-06 01:17:00,1636161420.0,256.9,256.9,256.6,256.7,75.745
2021-11-06 01:18:00,1636161480.0,256.7,256.7,256.6,256.7,84.006
2021-11-06 01:19:00,1636161540.0,256.7,256.7,256.7,256.7,20.014
2021-11-06 01:20:00,1636161600.0,256.8,257.4,256.8,257.3,93.713
2021-11-06 01:21:00,1636161660.0,257.3,257.3,257.0,257.0,21.325
2021-11-06 01:22:00,1636161720.0,257.1,257.1,256.9,257.0,1.516
2021-11-06 01:23:00,1636161780.0,257.0,257.3,257.0,257.1,10.969
2021-11-06 01:24:00,1636161840.0,257.0,257.0,256.9,256.9,15.821
2021-11-06 01:25:00,1636161900.0,257.0,257.1,256.9,257.1,8.924
2021-11-06 01:26:00,1636161960.0,257.1,257.3,257.1,257.3,7.91
2021-11-06 01:27:00,1636162020.0,257.4,257.6,257.4,257.5,31.968
2021-11-06 01:28:00,1636162080.0,257.5,257.6,257.3,257.5,138.85
2021-11-06 01:29:00,1636162140.0,257.5,257.5,257.5,257.5,0.099
2021-11-06 01:30:00,1636162200.0,257.6,257.7,257.4,257.6,22.66
2021-11-06 01:31:00,1636162260.0,257.6,257.7,257.4,257.4,43.135
2021-11-06 01:32:00,1636162320.0,257.5,257.6,257.4,257.4,12.515
2021-11-06 01:33:00,1636162380.0,257.5,257.8,257.5,257.8,17.507
2021-11-06 01:34:00,1636162440.0,257.8,257.9,257.7,257.9,16.742
2021-11-06 01:35:00,1636162500.0,257.8,257.9,257.8,257.9,5.592
2021-11-06 01:36:00,1636162560.0,257.9,258.0,257.9,257.9,2.03
2021-11-06 01:37:00,1636162620.0,258.0,258.0,257.8,257.8,13.562
2021-11-06 01:38:00,1636162680.0,257.8,258.1,257.8,258.0,16.646
2021-11-06 01:39:00,1636162740.0,258.0,258.1,257.9,258.0,13.506
2021-11-06 01:40:00,1636162800.0,258.0,258.0,257.8,257.8,25.687
2021-11-06 01:41:00,1636162860.0,257.8,257.9,257.8,257.9,3.389
2021-11-06 01:42:00,1636162920.0,257.8,257.9,257.8,257.8,4.483
2021-11-06 01:43:00,1636162980.0,257.8,258.0,257.8,257.9,28.729
2021-11-06 01:44:00,1636163040.0,257.8,258.0,257.8,258.0,18.991
2021-11-06 01:45:00,1636163100.0,257.9,257.9,257.6,257.7,118.724
2021-11-06 01:46:00,1636163160.0,257.8,257.9,257.7,257.9,0.915
2021-11-06 01:47:00,1636163220.0,257.7,257.7,257.5,257.5,133.636
2021-11-06 01:48:00,1636163280.0,257.5,257.6,257.5,257.6,1.037
2021-11-06 01:49:00,1636163340.0,257.5,257.5,257.3,257.3,9.992
2021-11-06 01:50:00,1636163400.0,257.4,257.5,257.3,257.4,40.439
2021-11-06 01:51:00,1636163460.0,257.4,257.5,257.4,257.5,0.66
2021-11-06 01:52:00,1636163520.0,257.6,257.6,257.5,257.6,20.948
2021-11-06 01:53:00,1636163580.0,257.6,257.7,257.6,257.7,2.811
2021-11-06 01:54:00,1636163640.0,257.6,257.8,257.4,257.8,157.748
2021-11-06 01:55:00,1636163700.0,257.7,257.7,257.6,257.7,40.281
2021-11-06 01:56:00,1636163760.0,257.8,257.9,257.7,257.7,14.834
2021-11-06 01:57:00,1636163820.0,257.8,257.8,257.7,257.7,59.015
2021-11-06 01:58:00,1636163880.0,257.7,257.7,257.7,257.7,34.905
2021-11-06 01:59:00,1636163940.0,257.8,257.8,257.7,257.8,2.412
2021-11-06 02:00:00,1636164000.0,257.8,257.9,257.7,257.9,44.483
2021-11-06 02:01:00,1636164060.0,257.9,257.9,257.8,257.8,1.35
2021-11-06 02:02:00,1636164120.0,257.9,257.9,257.8,257.8,1.232
2021-11-06 02:03:00,1636164180.0,257.8,257.8,257.7,257.7,9.348
2021-11-06 02:04:00,1636164240.0,257.7,257.7,257.7,257.7,24.598
2021-11-06 02:05:00,1636164300.0,257.7,257.7,257.7,257.7,1.0
2021-11-06 02:06:00,1636164360.0,257.7,257.8,257.7,257.7,13.398
2021-11-06 02:07:00,1636164420.0,257.7,257.8,257.7,257.7,40.076
2021-11-06 02:08:00,1636164480.0,257.8,257.8,257.5,257.5,9.92
2021-11-06 02:09:00,1636164540.0,257.5,257.5,257.5,257.5,4.846
2021-11-06 02:10:00,1636164600.0,257.4,257.4,257.3,257.3,7.883
2021-11-06 02:11:00,1636164660.0,257.3,257.4,257.3,257.4,2.948
2021-11-06 02:12:00,1636164720.0,257.4,257.4,257.2,257.2,2.488
2021-11-06 02:13:00,1636164780.0,257.2,257.2,257.1,257.2,26.463
2021-11-06 02:14:00,1636164840.0,257.3,257.3,257.2,257.2,0.25
2021-11-06 02:15:00,1636164900.0,257.2,257.3,257.1,257.2,47.44
2021-11-06 02:16:00,1636164960.0,257.2,257.2,257.1,257.2,5.819
2021-11-06 02:17:00,1636165020.0,257.3,257.3,257.3,257.3,23.385
2021-11-06 02:18:00,1636165080.0,257.3,257.3,257.2,257.2,16.419
2021-11-06 02:19:00,1636165140.0,257.3,257.5,257.3,257.5,51.617
2021-11-06 02:20:00,1636165200.0,257.5,257.5,257.4,257.4,4.588
2021-11-06 02:21:00,1636165260.0,257.4,257.4,257.3,257.4,13.556
2021-11-06 02:22:00,1636165320.0,257.3,257.3,257.1,257.1,8.35
2021-11-06 02:23:00,1636165380.0,257.2,257.5,257.2,257.5,205.465
2021-11-06 02:24:00,1636165440.0,257.4,257.4,257.4,257.4,1.068
2021-11-06 02:25:00,1636165500.0,257.2,257.4,257.2,257.4,13.176
2021-11-06 02:26:00,1636165560.0,257.3,257.4,257.0,257.0,72.432
2021-11-06 02:27:00,1636165620.0,257.0,257.1,257.0,257.1,6.832
2021-11-06 02:28:00,1636165680.0,257.0,257.0,257.0,257.0,2.92
2021-11-06 02:29:00,1636165740.0,257.0,257.1,256.9,257.1,57.427
2021-11-06 02:30:00,1636165800.0,257.1,257.1,257.0,257.0,0.527
2021-11-06 02:31:00,1636165860.0,257.0,257.0,256.9,256.9,15.649
2021-11-06 02:32:00,1636165920.0,257.0,257.0,256.9,256.9,1.325
2021-11-06 02:33:00,1636165980.0,256.9,257.0,256.9,256.9,1.588
2021-11-06 02:34:00,1636166040.0,256.9,257.0,256.9,256.9,2.093
2021-11-06 02:35:00,1636166100.0,256.9,256.9,256.2,256.2,218.117
2021-11-06 02:36:00,1636166160.0,256.2,256.6,256.2,256.6,117.773
2021-11-06 02:37:00,1636166220.0,256.6,256.8,256.6,256.7,119.724
2021-11-06 02:38:00,1636166280.0,256.7,256.7,256.6,256.6,26.794
2021-11-06 02:39:00,1636166340.0,256.5,256.9,256.5,256.8,95.089
2021-11-06 02:40:00,1636166400.0,256.7,257.2,256.7,257.0,195.098
2021-11-06 02:41:00,1636166460.0,257.1,257.1,257.0,257.0,3.827
2021-11-06 02:42:00,1636166520.0,257.0,257.0,256.7,256.8,17.993
2021-11-06 02:43:00,1636166580.0,256.8,256.9,256.7,256.8,7.204
2021-11-06 02:44:00,1636166640.0,256.8,256.8,256.6,256.7,18.466
2021-11-06 02:45:00,1636166700.0,256.7,256.7,256.6,256.6,2.214
2021-11-06 02:46:00,1636166760.0,256.6,256.6,256.6,256.6,0.283
2021-11-06 02:47:00,1636166820.0,256.6,256.6,256.3,256.3,12.707
2021-11-06 02:48:00,1636166880.0,256.3,256.4,256.3,256.4,22.993
2021-11-06 02:49:00,1636166940.0,256.4,256.6,256.4,256.5,29.368
2021-11-06 02:50:00,1636167000.0,256.4,256.5,256.4,256.5,0.467
2021-11-06 02:51:00,1636167060.0,256.4,256.5,256.4,256.5,17.099
2021-11-06 02:52:00,1636167120.0,256.4,256.4,256.4,256.4,7.212
2021-11-06 02:53:00,1636167180.0,256.4,256.8,256.4,256.8,62.101
2021-11-06 02:54:00,1636167240.0,256.8,256.8,256.6,256.6,45.87
2021-11-06 02:55:00,1636167300.0,256.7,257.3,256.7,257.1,136.741
2021-11-06 02:56:00,1636167360.0,257.1,257.1,257.0,257.0,2.551
2021-11-06 02:57:00,1636167420.0,257.0,257.0,256.9,256.9,10.512
2021-11-06 02:58:00,1636167480.0,257.0,257.0,256.8,256.8,22.685
2021-11-06 02:59:00,1636167540.0,256.9,256.9,256.9,256.9,9.761
2021-11-06 03:00:00,1636167600.0,257.0,257.0,257.0,257.0,0.159
2021-11-06 03:01:00,1636167660.0,257.0,257.0,256.8,256.9,5.164
2021-11-06 03:02:00,1636167720.0,256.8,257.4,256.8,257.4,187.958
2021-11-06 03:03:00,1636167780.0,257.4,257.4,257.3,257.3,15.358
2021-11-06 03:04:00,1636167840.0,257.3,257.3,257.3,257.3,0.125
2021-11-06 03:05:00,1636167900.0,257.2,257.3,257.2,257.2,6.276
2021-11-06 03:06:00,1636167960.0,257.2,257.2,257.1,257.2,13.132
2021-11-06 03:07:00,1636168020.0,257.1,257.2,257.1,257.2,8.697
2021-11-06 03:08:00,1636168080.0,257.3,257.3,257.1,257.1,17.507
2021-11-06 03:09:00,1636168140.0,257.1,257.1,257.0,257.1,4.748
2021-11-06 03:10:00,1636168200.0,257.2,257.2,257.1,257.1,11.088
2021-11-06 03:11:00,1636168260.0,257.1,257.5,257.1,257.3,86.431
2021-11-06 03:12:00,1636168320.0,257.3,257.4,257.2,257.2,20.319
2021-11-06 03:13:00,1636168380.0,257.3,257.4,257.3,257.3,26.577
2021-11-06 03:14:00,1636168440.0,257.3,257.3,257.3,257.3,2.79
2021-11-06 03:15:00,1636168500.0,257.3,257.3,257.2,257.2,8.303
2021-11-06 03:16:00,1636168560.0,257.2,257.3,257.2,257.3,10.009
2021-11-06 03:17:00,1636168620.0,257.4,257.4,257.3,257.3,2.351
2021-11-06 03:18:00,1636168680.0,257.3,257.3,257.3,257.3,0.64
2021-11-06 03:19:00,1636168740.0,257.3,257.3,257.3,257.3,0.057
2021-11-06 03:20:00,1636168800.0,257.4,257.5,257.3,257.3,86.701
2021-11-06 03:21:00,1636168860.0,257.4,257.5,257.4,257.5,12.821
2021-11-06 03:22:00,1636168920.0,257.3,257.3,257.2,257.3,3.0
2021-11-06 03:23:00,1636168980.0,257.4,257.4,257.2,257.2,24.717
2021-11-06 03:24:00,1636169040.0,257.3,257.3,257.2,257.2,20.42
2021-11-06 03:25:00,1636169100.0,257.3,257.5,257.3,257.4,16.179
2021-11-06 03:26:00,1636169160.0,257.5,257.5,257.5,257.5,10.9
2021-11-06 03:27:00,1636169220.0,257.6,257.6,257.5,257.5,0.794
2021-11-06 03:28:00,1636169280.0,257.5,257.7,257.4,257.7,100.547
2021-11-06 03:29:00,1636169340.0,257.8,258.2,257.8,258.1,109.181
2021-11-06 03:30:00,1636169400.0,258.2,258.2,258.2,258.2,10.909
2021-11-06 03:31:00,1636169460.0,258.2,258.4,258.1,258.4,49.243
2021-11-06 03:32:00,1636169520.0,258.4,258.4,258.3,258.4,0.317
2021-11-06 03:33:00,1636169580.0,258.4,258.4,258.2,258.2,16.596
2021-11-06 03:34:00,1636169640.0,258.2,258.3,258.2,258.2,16.277
2021-11-06 03:35:00,1636169700.0,258.2,259.6,258.1,259.2,1265.83
2021-11-06 03:36:00,1636169760.0,259.2,259.6,259.0,259.1,112.405
2021-11-06 03:37:00,1636169820.0,259.2,259.2,258.9,258.9,39.514
2021-11-06 03:38:00,1636169880.0,258.9,258.9,258.7,258.7,54.112
2021-11-06 03:39:00,1636169940.0,258.7,258.8,258.7,258.7,14.939
2021-11-06 03:40:00,1636170000.0,258.7,258.8,258.6,258.6,47.678
2021-11-06 03:41:00,1636170060.0,258.7,258.7,258.6,258.7,22.006
2021-11-06 03:42:00,1636170120.0,258.7,258.7,258.6,258.6,10.242
2021-11-06 03:43:00,1636170180.0,258.7,258.7,258.4,258.4,25.724
2021-11-06 03:44:00,1636170240.0,258.5,258.5,258.4,258.5,12.641
2021-11-06 03:45:00,1636170300.0,258.5,258.8,258.5,258.7,49.447
2021-11-06 03:46:00,1636170360.0,258.7,258.8,258.7,258.8,14.545
2021-11-06 03:47:00,1636170420.0,258.7,258.7,258.7,258.7,0.705
2021-11-06 03:48:00,1636170480.0,258.8,258.8,258.7,258.7,10.595
2021-11-06 03:49:00,1636170540.0,258.7,258.8,258.6,258.6,11.609
2021-11-06 03:50:00,1636170600.0,258.6,258.7,258.6,258.6,0.398
2021-11-06 03:51:00,1636170660.0,258.7,258.7,258.5,258.5,34.659
2021-11-06 03:52:00,1636170720.0,258.4,258.4,258.4,258.4,0.815
2021-11-06 03:53:00,1636170780.0,258.5,258.7,258.4,258.7,17.233
2021-11-06 03:54:00,1636170840.0,258.6,258.6,258.6,258.6,3.096
2021-11-06 03:55:00,1636170900.0,258.6,258.7,258.6,258.7,18.971
2021-11-06 03:56:00,1636170960.0,258.8,258.8,258.8,258.8,0.426
2021-11-06 03:57:00,1636171020.0,258.8,259.1,258.8,259.0,71.759
2021-11-06 03:58:00,1636171080.0,259.1,259.4,259.1,259.4,40.288
2021-11-06 03:59:00,1636171140.0,259.3,259.4,259.3,259.4,11.45
2021-11-06 04:00:00,1636171200.0,259.3,259.7,259.3,259.6,91.537
2021-11-06 04:01:00,1636171260.0,259.7,259.7,259.4,259.5,14.727
2021-11-06 04:02:00,1636171320.0,259.5,259.7,259.5,259.7,12.12
2021-11-06 04:03:00,1636171380.0,259.6,259.7,259.6,259.6,1.61
2021-11-06 04:04:00,1636171440.0,259.6,259.7,259.6,259.6,9.945
2021-11-06 04:05:00,1636171500.0,259.6,259.9,259.6,259.8,107.156
2021-11-06 04:06:00,1636171560.0,259.7,259.8,259.7,259.8,4.224
2021-11-06 04:07:00,1636171620.0,259.8,259.8,259.8,259.8,0.0
2021-11-06 04:08:00,1636171680.0,259.7,259.8,259.6,259.7,35.104
2021-11-06 04:09:00,1636171740.0,259.7,259.9,259.7,259.8,34.352
2021-11-06 04:10:00,1636171800.0,259.7,259.8,259.6,259.7,19.927
2021-11-06 04:11:00,1636171860.0,259.7,259.8,259.4,259.5,114.428
2021-11-06 04:12:00,1636171920.0,259.4,259.7,259.4,259.5,53.438
2021-11-06 04:13:00,1636171980.0,259.6,259.6,259.5,259.5,2.196
2021-11-06 04:14:00,1636172040.0,259.6,259.6,259.5,259.5,0.5
2021-11-06 04:15:00,1636172100.0,259.5,259.6,259.4,259.5,17.193
2021-11-06 04:16:00,1636172160.0,259.5,259.5,259.1,259.2,60.258
2021-11-06 04:17:00,1636172220.0,259.2,259.3,259.1,259.2,51.519
2021-11-06 04:18:00,1636172280.0,259.2,259.2,259.2,259.2,0.512
2021-11-06 04:19:00,1636172340.0,259.1,259.2,259.0,259.0,4.514
2021-11-06 04:20:00,1636172400.0,259.0,259.4,259.0,259.4,38.918
2021-11-06 04:21:00,1636172460.0,259.4,259.5,259.4,259.4,30.863
2021-11-06 04:22:00,1636172520.0,259.5,259.6,259.4,259.4,9.439
2021-11-06 04:23:00,1636172580.0,259.5,259.6,259.4,259.5,31.609
2021-11-06 04:24:00,1636172640.0,259.5,259.6,259.5,259.6,2.767
2021-11-06 04:25:00,1636172700.0,259.5,259.6,259.5,259.6,1.376
2021-11-06 04:26:00,1636172760.0,259.6,259.6,259.6,259.6,1.734
2021-11-06 04:27:00,1636172820.0,259.5,259.5,259.5,259.5,3.69
2021-11-06 04:28:00,1636172880.0,259.5,259.5,259.5,259.5,0.0
2021-11-06 04:29:00,1636172940.0,259.6,259.6,259.5,259.5,3.361
2021-11-06 04:30:00,1636173000.0,259.5,259.6,259.5,259.5,7.158
2021-11-06 04:31:00,1636173060.0,259.6,259.6,259.4,259.5,10.202
2021-11-06 04:32:00,1636173120.0,259.5,259.5,259.4,259.4,13.874
2021-11-06 04:33:00,1636173180.0,259.4,259.4,259.3,259.4,15.346
2021-11-06 04:34:00,1636173240.0,259.4,259.6,259.4,259.5,11.934
2021-11-06 04:35:00,1636173300.0,259.5,259.5,259.5,259.5,5.733
2021-11-06 04:36:00,1636173360.0,259.5,259.6,259.5,259.6,12.395
2021-11-06 04:37:00,1636173420.0,259.5,259.7,259.5,259.6,63.486
2021-11-06 04:38:00,1636173480.0,259.6,259.7,259.5,259.6,15.708
2021-11-06 04:39:00,1636173540.0,259.5,259.6,259.5,259.5,15.351
2021-11-06 04:40:00,1636173600.0,259.5,259.8,259.5,259.5,71.407
2021-11-06 04:41:00,1636173660.0,259.5,259.6,259.5,259.5,29.571
2021-11-06 04:42:00,1636173720.0,259.5,259.6,259.5,259.6,18.579
2021-11-06 04:43:00,1636173780.0,259.5,259.6,259.5,259.5,13.847
2021-11-06 04:44:00,1636173840.0,259.5,259.6,259.4,259.5,21.099
2021-11-06 04:45:00,1636173900.0,259.6,259.7,259.5,259.6,29.06
2021-11-06 04:46:00,1636173960.0,259.5,259.5,259.4,259.5,5.21
2021-11-06 04:47:00,1636174020.0,259.4,259.5,259.4,259.5,5.972
2021-11-06 04:48:00,1636174080.0,259.4,259.9,259.4,259.8,81.094
2021-11-06 04:49:00,1636174140.0,259.8,259.8,259.7,259.8,5.975
2021-11-06 04:50:00,1636174200.0,259.8,259.8,259.8,259.8,12.56
2021-11-06 04:51:00,1636174260.0,259.9,259.9,259.7,259.7,9.16
2021-11-06 04:52:00,1636174320.0,259.7,259.8,259.7,259.7,1.967
2021-11-06 04:53:00,1636174380.0,259.7,259.8,259.7,259.8,4.621
2021-11-06 04:54:00,1636174440.0,259.7,259.7,259.7,259.7,1.0
2021-11-06 04:55:00,1636174500.0,259.8,259.8,259.6,259.7,7.176
2021-11-06 04:56:00,1636174560.0,259.7,259.7,259.6,259.6,20.721
2021-11-06 04:57:00,1636174620.0,259.7,259.7,259.6,259.7,10.22
2021-11-06 04:58:00,1636174680.0,259.6,259.7,259.6,259.6,7.388
2021-11-06 04:59:00,1636174740.0,259.7,259.7,259.4,259.4,68.471
2021-11-06 05:00:00,1636174800.0,259.4,259.8,259.4,259.8,187.574
2021-11-06 05:01:00,1636174860.0,259.7,259.8,259.7,259.8,10.084
2021-11-06 05:02:00,1636174920.0,259.8,259.9,259.8,259.9,19.227
2021-11-06 05:03:00,1636174980.0,259.9,260.0,259.9,260.0,3.072
2021-11-06 05:04:00,1636175040.0,260.0,260.0,260.0,260.0,3.499
2021-11-06 05:05:00,1636175100.0,259.9,259.9,259.9,259.9,0.077
2021-11-06 05:06:00,1636175160.0,260.0,260.0,259.9,259.9,3.041
2021-11-06 05:07:00,1636175220.0,259.9,260.0,259.9,260.0,5.123
2021-11-06 05:08:00,1636175280.0,260.0,260.0,259.9,260.0,18.49
2021-11-06 05:09:00,1636175340.0,259.9,260.2,259.9,260.1,70.43
2021-11-06 05:10:00,1636175400.0,260.1,260.4,260.1,260.2,42.144
2021-11-06 05:11:00,1636175460.0,260.1,260.3,260.0,260.3,28.096
2021-11-06 05:12:00,1636175520.0,260.2,260.2,259.9,260.0,89.342
2021-11-06 05:13:00,1636175580.0,259.9,260.1,259.8,260.0,26.72
2021-11-06 05:14:00,1636175640.0,259.9,260.0,259.9,260.0,3.596
2021-11-06 05:15:00,1636175700.0,259.9,260.0,259.9,259.9,6.448
2021-11-06 05:16:00,1636175760.0,260.0,260.0,260.0,260.0,2.148
2021-11-06 05:17:00,1636175820.0,259.9,259.9,259.8,259.8,28.092
2021-11-06 05:18:00,1636175880.0,259.8,259.9,259.8,259.9,11.539
2021-11-06 05:19:00,1636175940.0,259.9,260.0,259.8,259.9,19.699
2021-11-06 05:20:00,1636176000.0,260.0,260.0,259.9,259.9,2.03
2021-11-06 05:21:00,1636176060.0,259.9,259.9,259.7,259.7,7.466
2021-11-06 05:22:00,1636176120.0,259.7,259.7,259.6,259.7,10.203
2021-11-06 05:23:00,1636176180.0,259.6,259.6,259.4,259.4,59.544
2021-11-06 05:24:00,1636176240.0,259.5,259.5,259.3,259.4,11.885
2021-11-06 05:25:00,1636176300.0,259.4,259.4,259.3,259.3,18.34
2021-11-06 05:26:00,1636176360.0,259.4,259.4,259.2,259.2,16.082
2021-11-06 05:27:00,1636176420.0,259.2,259.3,259.2,259.2,28.393
2021-11-06 05:28:00,1636176480.0,259.2,259.2,259.2,259.2,6.591
2021-11-06 05:29:00,1636176540.0,259.2,259.2,259.2,259.2,0.193
2021-11-06 05:30:00,1636176600.0,259.3,259.8,259.2,259.8,44.285
2021-11-06 05:31:00,1636176660.0,259.9,260.0,259.8,259.9,150.138
2021-11-06 05:32:00,1636176720.0,259.9,259.9,259.9,259.9,1.979
2021-11-06 05:33:00,1636176780.0,260.0,260.6,259.9,260.5,505.066
2021-11-06 05:34:00,1636176840.0,260.6,260.8,260.4,260.5,109.951
2021-11-06 05:35:00,1636176900.0,260.6,260.9,260.6,260.7,45.741
2021-11-06 05:36:00,1636176960.0,260.7,260.9,260.7,260.9,22.936
2021-11-06 05:37:00,1636177020.0,260.8,260.8,260.7,260.8,28.362
2021-11-06 05:38:00,1636177080.0,260.7,260.9,260.7,260.8,13.699
2021-11-06 05:39:00,1636177140.0,260.8,260.8,260.5,260.5,41.255
2021-11-06 05:40:00,1636177200.0,260.5,260.6,260.4,260.6,28.162
2021-11-06 05:41:00,1636177260.0,260.6,260.6,260.5,260.5,0.558
2021-11-06 05:42:00,1636177320.0,260.5,260.5,260.3,260.3,7.707
2021-11-06 05:43:00,1636177380.0,260.3,261.0,260.3,260.6,254.092
2021-11-06 05:44:00,1636177440.0,260.5,260.8,260.5,260.8,13.222
2021-11-06 05:45:00,1636177500.0,260.8,260.8,260.6,260.6,13.39
2021-11-06 05:46:00,1636177560.0,260.5,260.7,260.3,260.7,74.546
2021-11-06 05:47:00,1636177620.0,260.8,261.0,260.8,261.0,54.843
2021-11-06 05:48:00,1636177680.0,261.0,261.0,260.8,260.8,9.473
2021-11-06 05:49:00,1636177740.0,260.9,261.3,260.9,261.2,110.345
2021-11-06 05:50:00,1636177800.0,261.2,261.4,261.1,261.3,114.252
2021-11-06 05:51:00,1636177860.0,261.3,261.4,261.2,261.4,92.913
2021-11-06 05:52:00,1636177920.0,261.3,261.7,261.2,261.6,164.89
2021-11-06 05:53:00,1636177980.0,261.7,261.8,261.6,261.7,24.761
2021-11-06 05:54:00,1636178040.0,261.6,262.0,261.6,262.0,134.612
2021-11-06 05:55:00,1636178100.0,261.9,262.2,261.8,261.9,333.464
2021-11-06 05:56:00,1636178160.0,261.9,262.0,261.5,261.7,143.766
2021-11-06 05:57:00,1636178220.0,261.6,262.3,261.6,262.1,154.186
2021-11-06 05:58:00,1636178280.0,262.2,262.3,262.0,262.1,67.0
2021-11-06 05:59:00,1636178340.0,262.1,262.2,261.9,262.2,73.762
2021-11-06 06:00:00,1636178400.0,262.2,262.7,262.1,262.5,191.054
2021-11-06 06:01:00,1636178460.0,262.5,262.6,261.4,261.4,308.623
2021-11-06 06:02:00,1636178520.0,261.4,261.6,261.2,261.2,94.49
2021-11-06 06:03:00,1636178580.0,261.2,261.4,261.1,261.2,9.259
2021-11-06 06:04:00,1636178640.0,261.2,261.4,261.2,261.3,54.908
2021-11-06 06:05:00,1636178700.0,261.4,261.4,261.1,261.3,35.916
2021-11-06 06:06:00,1636178760.0,261.2,261.3,261.1,261.3,41.844
2021-11-06 06:07:00,1636178820.0,261.4,261.4,261.2,261.2,5.523
2021-11-06 06:08:00,1636178880.0,261.2,261.3,261.1,261.3,60.27
2021-11-06 06:09:00,1636178940.0,261.2,261.2,260.9,261.0,120.225
2021-11-06 06:10:00,1636179000.0,261.0,261.1,260.7,260.8,44.783
2021-11-06 06:11:00,1636179060.0,260.7,260.7,260.5,260.5,79.735
2021-11-06 06:12:00,1636179120.0,260.6,260.7,260.6,260.7,21.278
2021-11-06 06:13:00,1636179180.0,260.7,260.7,260.6,260.6,3.338
2021-11-06 06:14:00,1636179240.0,260.6,260.7,260.6,260.6,4.501
2021-11-06 06:15:00,1636179300.0,260.6,260.8,260.6,260.7,32.387
2021-11-06 06:16:00,1636179360.0,260.7,260.7,260.7,260.7,1.077
2021-11-06 06:17:00,1636179420.0,260.7,260.7,260.3,260.4,180.925
2021-11-06 06:18:00,1636179480.0,260.4,260.5,260.3,260.4,15.667
2021-11-06 06:19:00,1636179540.0,260.4,260.4,260.3,260.3,1.698
2021-11-06 06:20:00,1636179600.0,260.3,260.4,260.3,260.4,2.16
2021-11-06 06:21:00,1636179660.0,260.3,260.7,260.3,260.6,43.757
2021-11-06 06:22:00,1636179720.0,260.5,260.6,260.5,260.5,12.474
2021-11-06 06:23:00,1636179780.0,260.4,260.4,260.3,260.3,4.347
2021-11-06 06:24:00,1636179840.0,260.3,260.3,260.3,260.3,0.091
2021-11-06 06:25:00,1636179900.0,260.3,260.4,260.3,260.4,7.439
2021-11-06 06:26:00,1636179960.0,260.4,260.4,260.4,260.4,0.0
2021-11-06 06:27:00,1636180020.0,260.4,260.5,260.4,260.5,2.87
2021-11-06 06:28:00,1636180080.0,260.5,260.6,260.5,260.5,26.094
2021-11-06 06:29:00,1636180140.0,260.4,260.5,260.3,260.3,3.163
2021-11-06 06:30:00,1636180200.0,260.3,260.9,260.3,260.7,153.254
2021-11-06 06:31:00,1636180260.0,260.7,261.1,260.7,261.1,90.456
2021-11-06 06:32:00,1636180320.0,261.1,261.2,261.1,261.1,8.276
2021-11-06 06:33:00,1636180380.0,261.1,261.1,260.9,261.1,25.561
2021-11-06 06:34:00,1636180440.0,261.2,261.2,261.2,261.2,12.957
2021-11-06 06:35:00,1636180500.0,261.2,261.2,260.8,261.0,50.275
2021-11-06 06:36:00,1636180560.0,261.0,261.0,260.8,260.8,3.286
2021-11-06 06:37:00,1636180620.0,260.8,260.9,260.8,260.9,6.671
2021-11-06 06:38:00,1636180680.0,260.9,260.9,260.8,260.9,3.423
2021-11-06 06:39:00,1636180740.0,260.9,260.9,260.8,260.8,22.504
2021-11-06 06:40:00,1636180800.0,260.9,260.9,260.7,260.8,19.442
2021-11-06 06:41:00,1636180860.0,260.8,260.8,260.7,260.8,1.803
2021-11-06 06:42:00,1636180920.0,260.8,260.8,260.7,260.7,9.02
2021-11-06 06:43:00,1636180980.0,260.8,260.9,260.7,260.8,25.449
2021-11-06 06:44:00,1636181040.0,260.7,260.7,260.6,260.6,11.0
2021-11-06 06:45:00,1636181100.0,260.7,260.7,260.4,260.4,36.598
2021-11-06 06:46:00,1636181160.0,260.5,260.5,260.3,260.3,3.076
2021-11-06 06:47:00,1636181220.0,260.4,260.6,260.3,260.5,197.625
2021-11-06 06:48:00,1636181280.0,260.5,260.5,260.5,260.5,3.115
2021-11-06 06:49:00,1636181340.0,260.4,260.5,260.3,260.5,26.576
2021-11-06 06:50:00,1636181400.0,260.4,260.5,260.2,260.4,11.695
2021-11-06 06:51:00,1636181460.0,260.3,260.4,260.3,260.4,20.218
2021-11-06 06:52:00,1636181520.0,260.3,260.3,260.2,260.3,9.424
2021-11-06 06:53:00,1636181580.0,260.3,260.3,260.3,260.3,0.352
2021-11-06 06:54:00,1636181640.0,260.4,260.5,260.4,260.5,3.696
2021-11-06 06:55:00,1636181700.0,260.5,260.5,260.5,260.5,0.406
2021-11-06 06:56:00,1636181760.0,260.4,260.4,260.4,260.4,0.541
2021-11-06 06:57:00,1636181820.0,260.4,260.4,260.4,260.4,20.272
2021-11-06 06:58:00,1636181880.0,260.3,260.5,260.3,260.5,14.47
2021-11-06 06:59:00,1636181940.0,260.5,260.7,260.5,260.7,18.118
2021-11-06 07:00:00,1636182000.0,260.7,260.7,260.6,260.6,0.588
2021-11-06 07:01:00,1636182060.0,260.7,260.7,260.6,260.7,3.38
2021-11-06 07:02:00,1636182120.0,260.7,260.7,260.6,260.6,11.036
2021-11-06 07:03:00,1636182180.0,260.6,260.6,260.5,260.5,22.504
2021-11-06 07:04:00,1636182240.0,260.5,260.5,260.5,260.5,0.388
2021-11-06 07:05:00,1636182300.0,260.5,260.5,260.5,260.5,17.82
2021-11-06 07:06:00,1636182360.0,260.5,260.5,260.4,260.4,10.416
2021-11-06 07:07:00,1636182420.0,260.5,260.5,260.5,260.5,0.422
2021-11-06 07:08:00,1636182480.0,260.5,260.5,260.5,260.5,0.0
2021-11-06 07:09:00,1636182540.0,260.5,260.5,260.5,260.5,0.077
2021-11-06 07:10:00,1636182600.0,260.4,260.5,260.4,260.4,1.284
2021-11-06 07:11:00,1636182660.0,260.5,260.5,260.4,260.5,14.59
2021-11-06 07:12:00,1636182720.0,260.4,260.4,260.1,260.2,26.244
2021-11-06 07:13:00,1636182780.0,260.1,260.3,260.1,260.1,11.149
2021-11-06 07:14:00,1636182840.0,260.1,260.4,260.1,260.2,68.186
2021-11-06 07:15:00,1636182900.0,260.1,260.2,260.0,260.2,25.183
2021-11-06 07:16:00,1636182960.0,260.1,260.1,260.1,260.1,0.599
2021-11-06 07:17:00,1636183020.0,260.1,260.1,260.0,260.0,4.106
2021-11-06 07:18:00,1636183080.0,260.0,260.0,259.8,259.9,23.659
2021-11-06 07:19:00,1636183140.0,259.9,259.9,259.8,259.9,25.873
2021-11-06 07:20:00,1636183200.0,260.0,260.0,259.8,259.8,39.418
2021-11-06 07:21:00,1636183260.0,259.8,259.8,259.5,259.5,90.3
2021-11-06 07:22:00,1636183320.0,259.5,259.7,259.1,259.3,110.792
2021-11-06 07:23:00,1636183380.0,259.3,259.3,258.9,258.9,85.941
2021-11-06 07:24:00,1636183440.0,259.0,259.1,258.9,258.9,8.189
2021-11-06 07:25:00,1636183500.0,259.0,259.0,258.5,258.5,34.576
2021-11-06 07:26:00,1636183560.0,258.5,258.8,258.2,258.5,96.248
2021-11-06 07:27:00,1636183620.0,258.4,258.4,257.9,257.9,58.066
2021-11-06 07:28:00,1636183680.0,258.0,258.3,257.9,258.1,77.392
2021-11-06 07:29:00,1636183740.0,258.1,258.2,258.0,258.1,40.946
2021-11-06 07:30:00,1636183800.0,258.1,258.1,257.6,257.8,58.412
2021-11-06 07:31:00,1636183860.0,257.8,257.8,257.5,257.6,38.612
2021-11-06 07:32:00,1636183920.0,257.5,257.8,257.5,257.7,49.223
2021-11-06 07:33:00,1636183980.0,257.8,258.0,257.8,257.9,24.408
2021-11-06 07:34:00,1636184040.0,257.9,257.9,257.8,257.8,4.492
2021-11-06 07:35:00,1636184100.0,257.8,257.9,257.8,257.8,18.658
2021-11-06 07:36:00,1636184160.0,257.9,257.9,257.9,257.9,21.148
2021-11-06 07:37:00,1636184220.0,258.0,258.0,257.7,257.7,4.974
2021-11-06 07:38:00,1636184280.0,257.7,257.8,257.7,257.8,0.555
2021-11-06 07:39:00,1636184340.0,257.7,257.8,257.5,257.6,10.364
2021-11-06 07:40:00,1636184400.0,257.5,257.6,257.5,257.5,6.472
2021-11-06 07:41:00,1636184460.0,257.5,257.6,257.5,257.6,11.275
2021-11-06 07:42:00,1636184520.0,257.6,257.8,257.6,257.8,27.417
2021-11-06 07:43:00,1636184580.0,257.9,257.9,257.7,257.7,5.164
2021-11-06 07:44:00,1636184640.0,257.8,257.8,257.6,257.7,3.749
2021-11-06 07:45:00,1636184700.0,257.6,257.7,257.5,257.6,14.759
2021-11-06 07:46:00,1636184760.0,257.6,257.6,257.6,257.6,0.041
2021-11-06 07:47:00,1636184820.0,257.6,257.6,257.6,257.6,2.302
2021-11-06 07:48:00,1636184880.0,257.6,257.6,257.5,257.5,3.01
2021-11-06 07:49:00,1636184940.0,257.4,257.5,257.2,257.5,116.574
2021-11-06 07:50:00,1636185000.0,257.4,257.7,257.3,257.7,29.655
2021-11-06 07:51:00,1636185060.0,257.7,257.7,257.5,257.6,45.197
2021-11-06 07:52:00,1636185120.0,257.6,257.7,257.6,257.7,3.726
2021-11-06 07:53:00,1636185180.0,257.7,257.7,257.1,257.5,338.804
2021-11-06 07:54:00,1636185240.0,257.5,257.5,257.3,257.4,24.085
2021-11-06 07:55:00,1636185300.0,257.4,257.4,257.4,257.4,10.853
2021-11-06 07:56:00,1636185360.0,257.4,257.4,257.4,257.4,5.222
2021-11-06 07:57:00,1636185420.0,257.4,257.5,257.4,257.5,2.584
2021-11-06 07:58:00,1636185480.0,257.5,257.7,257.4,257.5,69.472
2021-11-06 07:59:00,1636185540.0,257.4,257.7,257.4,257.7,42.543
2021-11-06 08:00:00,1636185600.0,257.8,258.1,257.7,257.7,255.717
2021-11-06 08:01:00,1636185660.0,257.6,257.6,257.5,257.5,41.759
2021-11-06 08:02:00,1636185720.0,257.4,257.5,257.4,257.5,1.14
2021-11-06 08:03:00,1636185780.0,257.4,257.5,257.4,257.5,8.027
2021-11-06 08:04:00,1636185840.0,257.4,257.5,257.3,257.4,6.506
2021-11-06 08:05:00,1636185900.0,257.3,257.3,257.3,257.3,5.535
2021-11-06 08:06:00,1636185960.0,257.4,257.6,257.3,257.6,70.096
2021-11-06 08:07:00,1636186020.0,257.6,258.5,257.6,258.5,154.7
2021-11-06 08:08:00,1636186080.0,258.5,258.9,258.5,258.7,67.651
2021-11-06 08:09:00,1636186140.0,258.7,258.8,258.7,258.7,42.012
2021-11-06 08:10:00,1636186200.0,258.7,258.7,258.4,258.5,78.867
2021-11-06 08:11:00,1636186260.0,258.5,259.2,258.5,259.2,143.161
2021-11-06 08:12:00,1636186320.0,259.2,259.3,258.9,258.9,42.516
2021-11-06 08:13:00,1636186380.0,258.9,259.0,258.9,259.0,22.319
2021-11-06 08:14:00,1636186440.0,259.0,259.0,258.9,259.0,2.387
2021-11-06 08:15:00,1636186500.0,259.0,259.3,259.0,259.3,63.379
2021-11-06 08:16:00,1636186560.0,259.3,259.3,259.3,259.3,6.646
2021-11-06 08:17:00,1636186620.0,259.3,259.3,259.1,259.1,36.818
2021-11-06 08:18:00,1636186680.0,259.1,259.1,259.0,259.0,2.652
2021-11-06 08:19:00,1636186740.0,258.9,259.0,258.9,258.9,15.181
2021-11-06 08:20:00,1636186800.0,258.9,259.0,258.9,259.0,3.948
2021-11-06 08:21:00,1636186860.0,259.0,259.1,259.0,259.1,23.113
2021-11-06 08:22:00,1636186920.0,259.1,259.1,259.0,259.1,4.255
2021-11-06 08:23:00,1636186980.0,259.1,259.1,259.0,259.1,5.385
2021-11-06 08:24:00,1636187040.0,259.0,259.0,258.9,259.0,4.784
2021-11-06 08:25:00,1636187100.0,259.0,259.0,258.6,258.6,175.908
2021-11-06 08:26:00,1636187160.0,258.6,258.6,258.0,258.2,135.009
2021-11-06 08:27:00,1636187220.0,258.2,258.2,258.0,258.0,5.324
2021-11-06 08:28:00,1636187280.0,258.0,258.0,258.0,258.0,22.743
2021-11-06 08:29:00,1636187340.0,258.0,258.0,258.0,258.0,0.219
2021-11-06 08:30:00,1636187400.0,258.0,258.2,258.0,258.2,1.631
2021-11-06 08:31:00,1636187460.0,258.1,258.3,258.1,258.3,21.067
2021-11-06 08:32:00,1636187520.0,258.4,258.4,258.3,258.3,2.789
2021-11-06 08:33:00,1636187580.0,258.4,258.4,258.4,258.4,0.294
2021-11-06 08:34:00,1636187640.0,258.3,258.3,258.3,258.3,4.335
2021-11-06 08:35:00,1636187700.0,258.2,258.2,258.0,258.0,11.96
2021-11-06 08:36:00,1636187760.0,258.0,258.0,258.0,258.0,0.078
2021-11-06 08:37:00,1636187820.0,257.9,258.0,257.9,258.0,6.587
2021-11-06 08:38:00,1636187880.0,258.0,258.2,258.0,258.2,11.664
2021-11-06 08:39:00,1636187940.0,258.0,258.1,257.9,257.9,3.205
2021-11-06 08:40:00,1636188000.0,257.9,257.9,257.9,257.9,0.198
2021-11-06 08:41:00,1636188060.0,258.0,258.0,258.0,258.0,1.3
2021-11-06 08:42:00,1636188120.0,257.9,258.0,257.9,258.0,0.444
2021-11-06 08:43:00,1636188180.0,258.0,258.0,257.9,257.9,9.863
2021-11-06 08:44:00,1636188240.0,257.9,258.2,257.9,258.2,47.562
2021-11-06 08:45:00,1636188300.0,258.1,258.2,258.0,258.2,9.519
2021-11-06 08:46:00,1636188360.0,258.1,258.2,258.1,258.1,6.025
2021-11-06 08:47:00,1636188420.0,258.1,258.1,258.1,258.1,11.26
2021-11-06 08:48:00,1636188480.0,258.0,258.1,257.9,258.1,187.191
2021-11-06 08:49:00,1636188540.0,258.1,258.1,257.4,257.6,581.479
2021-11-06 08:50:00,1636188600.0,257.6,257.7,257.6,257.7,12.641
2021-11-06 08:51:00,1636188660.0,257.7,257.7,257.6,257.7,1.074
2021-11-06 08:52:00,1636188720.0,257.8,258.0,257.8,257.8,33.567
2021-11-06 08:53:00,1636188780.0,257.9,257.9,257.8,257.8,91.058
2021-11-06 08:54:00,1636188840.0,257.9,257.9,257.8,257.8,28.596
2021-11-06 08:55:00,1636188900.0,257.9,258.3,257.9,258.2,209.297
2021-11-06 08:56:00,1636188960.0,258.2,258.3,258.2,258.2,12.594
2021-11-06 08:57:00,1636189020.0,258.2,258.2,258.1,258.2,4.808
2021-11-06 08:58:00,1636189080.0,258.1,258.1,258.0,258.1,3.869
2021-11-06 08:59:00,1636189140.0,258.1,258.1,258.0,258.0,2.202
2021-11-06 09:00:00,1636189200.0,258.0,258.0,257.9,257.9,4.929
2021-11-06 09:01:00,1636189260.0,258.0,258.2,258.0,258.1,20.592
2021-11-06 09:02:00,1636189320.0,258.1,258.1,257.9,257.9,22.35
2021-11-06 09:03:00,1636189380.0,257.8,257.9,257.4,257.5,208.862
2021-11-06 09:04:00,1636189440.0,257.5,257.5,257.3,257.4,26.253
2021-11-06 09:05:00,1636189500.0,257.4,257.4,257.4,257.4,0.0
2021-11-06 09:06:00,1636189560.0,257.4,257.8,257.4,257.7,44.727
2021-11-06 09:07:00,1636189620.0,257.8,257.8,257.7,257.8,1.708
2021-11-06 09:08:00,1636189680.0,257.8,257.9,257.7,257.9,36.109
2021-11-06 09:09:00,1636189740.0,258.0,258.0,257.9,257.9,10.899
2021-11-06 09:10:00,1636189800.0,257.8,257.8,257.6,257.8,53.287
2021-11-06 09:11:00,1636189860.0,257.9,257.9,257.7,257.7,7.371
2021-11-06 09:12:00,1636189920.0,257.8,257.9,257.8,257.9,30.098
2021-11-06 09:13:00,1636189980.0,257.9,257.9,257.8,257.9,2.817
2021-11-06 09:14:00,1636190040.0,257.8,257.8,257.8,257.8,9.835
2021-11-06 09:15:00,1636190100.0,257.8,257.9,257.8,257.9,9.256
2021-11-06 09:16:00,1636190160.0,257.9,258.0,257.9,257.9,5.151
2021-11-06 09:17:00,1636190220.0,258.0,258.1,258.0,258.1,7.36
2021-11-06 09:18:00,1636190280.0,258.2,258.2,258.0,258.1,14.836
2021-11-06 09:19:00,1636190340.0,258.2,258.3,258.2,258.2,60.38
2021-11-06 09:20:00,1636190400.0,258.4,258.4,258.4,258.4,15.463
2021-11-06 09:21:00,1636190460.0,258.4,258.5,258.4,258.4,29.287
2021-11-06 09:22:00,1636190520.0,258.4,258.5,258.3,258.3,4.284
2021-11-06 09:23:00,1636190580.0,258.3,258.3,258.3,258.3,0.423
2021-11-06 09:24:00,1636190640.0,258.3,258.4,258.3,258.3,4.03
2021-11-06 09:25:00,1636190700.0,258.4,258.4,258.3,258.3,5.522
2021-11-06 09:26:00,1636190760.0,258.3,258.3,258.3,258.3,0.0
2021-11-06 09:27:00,1636190820.0,258.2,258.2,258.2,258.2,0.59
2021-11-06 09:28:00,1636190880.0,258.2,258.3,258.2,258.2,1.987
2021-11-06 09:29:00,1636190940.0,258.2,258.3,258.2,258.3,3.304
2021-11-06 09:30:00,1636191000.0,258.2,258.3,258.2,258.2,7.631
2021-11-06 09:31:00,1636191060.0,258.3,258.4,258.2,258.4,22.195
2021-11-06 09:32:00,1636191120.0,258.3,258.3,258.2,258.2,19.472
2021-11-06 09:33:00,1636191180.0,258.3,258.3,258.2,258.2,11.326
2021-11-06 09:34:00,1636191240.0,258.2,258.2,258.2,258.2,0.0
2021-11-06 09:35:00,1636191300.0,258.3,258.3,258.3,258.3,2.528
2021-11-06 09:36:00,1636191360.0,258.3,258.3,258.2,258.3,1.474
2021-11-06 09:37:00,1636191420.0,258.3,258.4,258.3,258.3,10.398
2021-11-06 09:38:00,1636191480.0,258.3,258.7,258.3,258.6,174.78
2021-11-06 09:39:00,1636191540.0,258.6,258.7,258.6,258.7,30.578
2021-11-06 09:40:00,1636191600.0,258.7,258.7,258.6,258.6,0.25
2021-11-06 09:41:00,1636191660.0,258.6,258.9,258.6,258.9,16.018
2021-11-06 09:42:00,1636191720.0,258.8,258.8,258.8,258.8,107.644
2021-11-06 09:43:00,1636191780.0,258.8,258.8,258.8,258.8,0.052
2021-11-06 09:44:00,1636191840.0,258.9,259.1,258.9,259.0,29.291
2021-11-06 09:45:00,1636191900.0,259.1,259.1,259.1,259.1,0.546
2021-11-06 09:46:00,1636191960.0,259.1,259.1,259.0,259.0,3.097
2021-11-06 09:47:00,1636192020.0,259.1,259.3,259.1,259.3,88.55
2021-11-06 09:48:00,1636192080.0,259.3,259.4,259.3,259.3,1.472
2021-11-06 09:49:00,1636192140.0,259.3,259.3,259.3,259.3,38.098
2021-11-06 09:50:00,1636192200.0,259.2,259.2,259.0,259.1,26.579
2021-11-06 09:51:00,1636192260.0,259.1,259.1,259.0,259.1,0.751
2021-11-06 09:52:00,1636192320.0,259.1,259.1,259.0,259.0,4.209
2021-11-06 09:53:00,1636192380.0,259.1,259.1,259.0,259.1,10.974
2021-11-06 09:54:00,1636192440.0,259.1,259.2,259.0,259.0,9.311
2021-11-06 09:55:00,1636192500.0,259.0,259.0,258.9,259.0,2.835
2021-11-06 09:56:00,1636192560.0,259.0,259.0,258.9,258.9,1.822
2021-11-06 09:57:00,1636192620.0,259.0,259.0,258.9,258.9,0.224
2021-11-06 09:58:00,1636192680.0,258.9,258.9,258.8,258.9,10.811
2021-11-06 09:59:00,1636192740.0,258.8,258.8,258.6,258.6,13.854
2021-11-06 10:00:00,1636192800.0,258.7,258.7,258.6,258.6,5.603
2021-11-06 10:01:00,1636192860.0,258.6,258.6,258.6,258.6,0.0
2021-11-06 10:02:00,1636192920.0,258.6,258.7,258.6,258.7,1.353
2021-11-06 10:03:00,1636192980.0,258.7,258.8,258.6,258.7,17.621
2021-11-06 10:04:00,1636193040.0,258.8,258.9,258.7,258.9,18.191
2021-11-06 10:05:00,1636193100.0,258.9,258.9,258.8,258.9,12.405
2021-11-06 10:06:00,1636193160.0,258.9,258.9,258.9,258.9,9.945
2021-11-06 10:07:00,1636193220.0,258.9,259.0,258.9,259.0,21.048
2021-11-06 10:08:00,1636193280.0,259.0,259.6,259.0,259.4,407.9
2021-11-06 10:09:00,1636193340.0,259.4,259.5,259.4,259.4,14.669
2021-11-06 10:10:00,1636193400.0,259.4,259.4,259.4,259.4,2.391
2021-11-06 10:11:00,1636193460.0,259.3,259.3,259.2,259.3,24.012
2021-11-06 10:12:00,1636193520.0,259.3,259.4,259.3,259.3,10.215
2021-11-06 10:13:00,1636193580.0,259.4,259.4,259.3,259.3,0.383
2021-11-06 10:14:00,1636193640.0,259.3,259.4,259.3,259.4,17.072
2021-11-06 10:15:00,1636193700.0,259.3,259.5,259.3,259.3,9.693
2021-11-06 10:16:00,1636193760.0,259.4,259.5,259.2,259.4,72.603
2021-11-06 10:17:00,1636193820.0,259.4,259.4,259.3,259.3,5.657
2021-11-06 10:18:00,1636193880.0,259.2,259.2,259.1,259.1,7.128
2021-11-06 10:19:00,1636193940.0,259.2,259.3,259.1,259.3,1.72
2021-11-06 10:20:00,1636194000.0,259.3,259.3,259.0,259.1,32.463
2021-11-06 10:21:00,1636194060.0,259.1,259.2,259.1,259.2,13.823
2021-11-06 10:22:00,1636194120.0,259.2,259.3,259.1,259.2,16.165
2021-11-06 10:23:00,1636194180.0,259.2,259.2,259.1,259.2,4.189
2021-11-06 10:24:00,1636194240.0,259.2,259.2,258.9,259.1,58.185
2021-11-06 10:25:00,1636194300.0,259.0,259.0,258.6,258.7,32.792
2021-11-06 10:26:00,1636194360.0,258.7,258.7,258.5,258.7,8.183
2021-11-06 10:27:00,1636194420.0,258.6,258.8,258.6,258.7,14.721
2021-11-06 10:28:00,1636194480.0,258.7,258.7,258.4,258.4,13.08
2021-11-06 10:29:00,1636194540.0,258.4,258.5,258.3,258.3,11.611
2021-11-06 10:30:00,1636194600.0,258.3,258.6,258.2,258.5,61.813
2021-11-06 10:31:00,1636194660.0,258.5,258.5,258.3,258.4,8.125
2021-11-06 10:32:00,1636194720.0,258.4,258.6,258.3,258.6,16.025
2021-11-06 10:33:00,1636194780.0,258.5,258.6,258.4,258.4,101.966
2021-11-06 10:34:00,1636194840.0,258.4,258.4,257.8,257.9,261.333
2021-11-06 10:35:00,1636194900.0,257.9,258.0,257.6,257.7,76.391
2021-11-06 10:36:00,1636194960.0,257.6,257.6,257.5,257.5,9.311
2021-11-06 10:37:00,1636195020.0,257.4,257.5,257.4,257.5,6.548
2021-11-06 10:38:00,1636195080.0,257.4,257.4,257.2,257.2,17.303
2021-11-06 10:39:00,1636195140.0,257.3,257.4,257.3,257.4,4.734
2021-11-06 10:40:00,1636195200.0,257.3,257.3,256.9,257.1,81.932
2021-11-06 10:41:00,1636195260.0,256.9,257.2,256.8,257.0,112.896
2021-11-06 10:42:00,1636195320.0,257.0,257.0,256.6,256.8,38.591
2021-11-06 10:43:00,1636195380.0,256.7,256.7,256.5,256.6,14.076
2021-11-06 10:44:00,1636195440.0,256.6,256.9,256.4,256.6,36.347
2021-11-06 10:45:00,1636195500.0,256.5,256.6,256.5,256.5,14.476
2021-11-06 10:46:00,1636195560.0,256.5,256.6,256.4,256.4,22.893
2021-11-06 10:47:00,1636195620.0,256.4,256.7,256.3,256.7,33.946
2021-11-06 10:48:00,1636195680.0,256.6,256.7,256.5,256.5,37.304
2021-11-06 10:49:00,1636195740.0,256.6,256.6,256.4,256.4,5.392
2021-11-06 10:50:00,1636195800.0,256.4,256.4,256.4,256.4,22.321
2021-11-06 10:51:00,1636195860.0,256.3,256.3,256.0,256.0,42.817
2021-11-06 10:52:00,1636195920.0,256.0,256.1,255.8,255.8,25.961
2021-11-06 10:53:00,1636195980.0,255.9,255.9,253.2,254.5,1465.097
2021-11-06 10:54:00,1636196040.0,254.5,254.5,253.8,254.0,132.425
2021-11-06 10:55:00,1636196100.0,253.9,254.1,253.1,253.6,985.041
2021-11-06 10:56:00,1636196160.0,253.6,254.1,253.3,254.0,276.765
2021-11-06 10:57:00,1636196220.0,253.9,254.1,253.8,253.8,110.746
2021-11-06 10:58:00,1636196280.0,253.8,253.9,253.7,253.8,4.008
2021-11-06 10:59:00,1636196340.0,253.7,253.7,253.4,253.5,42.76
2021-11-06 11:00:00,1636196400.0,253.5,253.5,253.0,253.0,205.927
2021-11-06 11:01:00,1636196460.0,253.0,253.2,252.8,252.8,242.596
2021-11-06 11:02:00,1636196520.0,252.8,252.9,251.5,251.8,751.268
2021-11-06 11:03:00,1636196580.0,251.8,251.8,250.7,250.8,443.354
2021-11-06 11:04:00,1636196640.0,250.9,250.9,250.2,250.4,315.826
2021-11-06 11:05:00,1636196700.0,250.4,250.4,249.2,249.4,806.192
2021-11-06 11:06:00,1636196760.0,249.3,250.5,249.0,250.5,503.439
2021-11-06 11:07:00,1636196820.0,250.5,250.9,249.9,250.7,358.362
2021-11-06 11:08:00,1636196880.0,250.7,251.0,250.6,250.8,92.159
2021-11-06 11:09:00,1636196940.0,250.9,251.0,250.6,251.0,45.255
2021-11-06 11:10:00,1636197000.0,251.0,251.7,250.9,251.3,133.529
2021-11-06 11:11:00,1636197060.0,251.3,251.4,250.7,251.1,76.049
2021-11-06 11:12:00,1636197120.0,251.1,251.6,251.1,251.5,49.184
2021-11-06 11:13:00,1636197180.0,251.6,251.7,251.5,251.7,15.298
2021-11-06 11:14:00,1636197240.0,251.7,251.7,251.2,251.7,45.922
2021-11-06 11:15:00,1636197300.0,251.7,252.1,251.6,252.1,56.764
2021-11-06 11:16:00,1636197360.0,252.1,252.1,251.7,252.0,56.149
2021-11-06 11:17:00,1636197420.0,252.0,252.1,251.9,252.1,27.423
2021-11-06 11:18:00,1636197480.0,252.1,252.1,251.9,252.1,112.158
2021-11-06 11:19:00,1636197540.0,252.1,252.7,252.1,252.7,121.764
2021-11-06 11:20:00,1636197600.0,252.7,252.8,252.4,252.8,29.337
2021-11-06 11:21:00,1636197660.0,252.8,253.1,252.6,253.0,126.471
2021-11-06 11:22:00,1636197720.0,253.1,253.1,252.9,253.0,27.486
2021-11-06 11:23:00,1636197780.0,252.9,252.9,252.5,252.8,74.064
2021-11-06 11:24:00,1636197840.0,252.7,253.1,252.7,252.9,39.024
2021-11-06 11:25:00,1636197900.0,252.9,253.0,252.8,253.0,26.145
2021-11-06 11:26:00,1636197960.0,253.0,253.2,252.9,253.1,34.731
2021-11-06 11:27:00,1636198020.0,253.1,253.1,252.9,253.1,77.047
2021-11-06 11:28:00,1636198080.0,253.0,253.0,252.7,252.8,76.305
2021-11-06 11:29:00,1636198140.0,252.9,252.9,252.8,252.9,7.189
2021-11-06 11:30:00,1636198200.0,252.7,252.7,251.2,252.0,301.425
2021-11-06 11:31:00,1636198260.0,252.0,252.0,251.8,252.0,23.081
2021-11-06 11:32:00,1636198320.0,252.0,252.3,252.0,252.2,76.951
2021-11-06 11:33:00,1636198380.0,252.2,252.3,252.2,252.3,7.887
2021-11-06 11:34:00,1636198440.0,252.3,252.4,252.3,252.4,18.45
2021-11-06 11:35:00,1636198500.0,252.3,252.4,252.3,252.3,29.259
2021-11-06 11:36:00,1636198560.0,252.3,252.4,251.8,251.8,41.952
2021-11-06 11:37:00,1636198620.0,251.9,252.1,251.8,251.9,47.966
2021-11-06 11:38:00,1636198680.0,251.9,251.9,251.6,251.6,73.385
2021-11-06 11:39:00,1636198740.0,251.7,251.9,251.7,251.9,20.359
2021-11-06 11:40:00,1636198800.0,251.9,251.9,251.7,251.7,4.073
2021-11-06 11:41:00,1636198860.0,251.6,251.6,251.5,251.6,14.402
2021-11-06 11:42:00,1636198920.0,251.6,251.6,251.4,251.4,31.879
2021-11-06 11:43:00,1636198980.0,251.4,251.5,251.3,251.3,48.241
2021-11-06 11:44:00,1636199040.0,251.3,251.3,251.3,251.3,0.537
2021-11-06 11:45:00,1636199100.0,251.3,251.3,251.3,251.3,1.624
2021-11-06 11:46:00,1636199160.0,251.4,251.8,251.4,251.7,82.701
2021-11-06 11:47:00,1636199220.0,251.6,251.7,251.6,251.7,24.689
2021-11-06 11:48:00,1636199280.0,251.7,251.8,251.6,251.6,37.862
2021-11-06 11:49:00,1636199340.0,251.5,251.8,251.5,251.8,41.7
2021-11-06 11:50:00,1636199400.0,251.8,252.0,251.6,251.9,110.748
2021-11-06 11:51:00,1636199460.0,251.9,252.0,251.8,252.0,17.424
2021-11-06 11:52:00,1636199520.0,252.0,252.0,251.8,251.8,14.735
2021-11-06 11:53:00,1636199580.0,251.8,251.8,251.6,251.7,42.273
2021-11-06 11:54:00,1636199640.0,251.6,251.7,251.5,251.5,21.493
2021-11-06 11:55:00,1636199700.0,251.6,252.0,251.5,251.8,121.403
2021-11-06 11:56:00,1636199760.0,251.8,252.3,251.8,252.3,30.147
2021-11-06 11:57:00,1636199820.0,252.2,252.8,252.1,252.6,264.088
2021-11-06 11:58:00,1636199880.0,252.6,253.1,252.6,253.1,164.624
2021-11-06 11:59:00,1636199940.0,253.0,253.3,253.0,253.1,98.317
2021-11-06 12:00:00,1636200000.0,253.0,253.3,252.7,253.1,56.961
2021-11-06 12:01:00,1636200060.0,253.1,253.4,253.0,253.2,183.126
2021-11-06 12:02:00,1636200120.0,253.2,253.3,252.9,253.0,34.087
2021-11-06 12:03:00,1636200180.0,253.0,253.0,252.4,252.5,135.508
2021-11-06 12:04:00,1636200240.0,252.5,252.8,252.4,252.6,31.977
2021-11-06 12:05:00,1636200300.0,252.7,252.8,252.6,252.6,16.132
2021-11-06 12:06:00,1636200360.0,252.7,252.8,252.6,252.8,12.438
2021-11-06 12:07:00,1636200420.0,252.8,252.8,252.4,252.4,73.076
2021-11-06 12:08:00,1636200480.0,252.3,252.5,251.9,252.0,67.25
2021-11-06 12:09:00,1636200540.0,252.0,252.1,251.9,251.9,14.898
2021-11-06 12:10:00,1636200600.0,251.9,252.0,251.7,251.8,17.638
2021-11-06 12:11:00,1636200660.0,251.8,251.9,251.7,251.9,7.097
2021-11-06 12:12:00,1636200720.0,251.9,251.9,251.7,251.7,20.306
2021-11-06 12:13:00,1636200780.0,251.6,251.8,251.5,251.8,33.622
2021-11-06 12:14:00,1636200840.0,251.8,252.1,251.7,251.7,58.609
2021-11-06 12:15:00,1636200900.0,251.7,251.8,251.7,251.7,20.051
2021-11-06 12:16:00,1636200960.0,251.6,251.6,251.2,251.4,101.749
2021-11-06 12:17:00,1636201020.0,251.5,251.5,251.3,251.3,21.249
2021-11-06 12:18:00,1636201080.0,251.3,251.3,251.0,251.0,16.118
2021-11-06 12:19:00,1636201140.0,251.0,251.3,251.0,251.1,33.467
2021-11-06 12:20:00,1636201200.0,251.3,252.2,251.3,252.2,57.204
2021-11-06 12:21:00,1636201260.0,252.2,252.3,252.1,252.3,7.339
2021-11-06 12:22:00,1636201320.0,252.2,253.1,252.0,253.1,44.843
2021-11-06 12:23:00,1636201380.0,253.2,253.5,253.2,253.5,18.264
2021-11-06 12:24:00,1636201440.0,253.4,253.7,253.3,253.6,38.372
2021-11-06 12:25:00,1636201500.0,253.6,253.6,253.4,253.5,25.724
2021-11-06 12:26:00,1636201560.0,253.5,253.9,253.5,253.9,89.95
2021-11-06 12:27:00,1636201620.0,254.0,254.3,253.9,254.2,45.788
2021-11-06 12:28:00,1636201680.0,254.3,254.3,254.0,254.1,18.262
2021-11-06 12:29:00,1636201740.0,254.1,254.3,254.1,254.3,3.043
2021-11-06 12:30:00,1636201800.0,254.3,254.4,254.3,254.4,14.171
2021-11-06 12:31:00,1636201860.0,254.5,254.5,254.4,254.5,11.687
2021-11-06 12:32:00,1636201920.0,254.4,254.5,254.0,254.1,21.112
2021-11-06 12:33:00,1636201980.0,254.1,254.6,254.0,254.4,94.029
2021-11-06 12:34:00,1636202040.0,254.5,254.6,254.4,254.6,24.003
2021-11-06 12:35:00,1636202100.0,254.5,254.5,254.2,254.2,15.771
2021-11-06 12:36:00,1636202160.0,254.3,254.4,254.2,254.3,21.267
2021-11-06 12:37:00,1636202220.0,254.2,254.2,253.9,254.0,101.947
2021-11-06 12:38:00,1636202280.0,254.0,254.2,254.0,254.0,38.419
2021-11-06 12:39:00,1636202340.0,254.0,254.3,254.0,254.1,27.191
2021-11-06 12:40:00,1636202400.0,254.1,254.1,254.0,254.0,15.756
2021-11-06 12:41:00,1636202460.0,254.1,254.3,254.0,254.2,24.97
2021-11-06 12:42:00,1636202520.0,254.2,254.8,254.2,254.6,37.26
2021-11-06 12:43:00,1636202580.0,254.6,254.7,254.2,254.2,105.696
2021-11-06 12:44:00,1636202640.0,254.3,254.3,254.1,254.2,1.289
2021-11-06 12:45:00,1636202700.0,254.2,254.2,253.9,253.9,10.045
2021-11-06 12:46:00,1636202760.0,254.0,254.0,253.9,253.9,1.204
2021-11-06 12:47:00,1636202820.0,253.9,254.0,253.7,253.8,19.559
2021-11-06 12:48:00,1636202880.0,253.7,253.7,253.2,253.2,90.246
2021-11-06 12:49:00,1636202940.0,253.2,253.3,253.1,253.1,40.595
2021-11-06 12:50:00,1636203000.0,253.2,253.8,253.1,253.5,218.993
2021-11-06 12:51:00,1636203060.0,253.5,253.5,253.3,253.5,17.721
2021-11-06 12:52:00,1636203120.0,253.5,253.5,253.3,253.3,3.014
2021-11-06 12:53:00,1636203180.0,253.4,253.4,253.2,253.2,6.358
2021-11-06 12:54:00,1636203240.0,253.2,253.4,253.1,253.1,8.594
2021-11-06 12:55:00,1636203300.0,253.2,253.4,253.2,253.2,7.537
2021-11-06 12:56:00,1636203360.0,253.3,253.6,253.3,253.5,25.903
2021-11-06 12:57:00,1636203420.0,253.5,253.5,253.1,253.1,62.261
2021-11-06 12:58:00,1636203480.0,253.2,253.7,253.1,253.3,50.663
2021-11-06 12:59:00,1636203540.0,253.3,253.6,253.2,253.6,14.854
2021-11-06 13:00:00,1636203600.0,253.5,253.6,253.2,253.5,247.226
2021-11-06 13:01:00,1636203660.0,253.5,253.8,253.5,253.7,18.023
2021-11-06 13:02:00,1636203720.0,253.6,253.7,253.4,253.6,41.82
2021-11-06 13:03:00,1636203780.0,253.5,253.5,253.0,253.1,86.826
2021-11-06 13:04:00,1636203840.0,253.1,253.5,253.1,253.5,22.097
2021-11-06 13:05:00,1636203900.0,253.6,254.0,253.6,254.0,24.842
2021-11-06 13:06:00,1636203960.0,254.1,254.2,254.1,254.2,17.354
2021-11-06 13:07:00,1636204020.0,254.3,254.3,253.6,253.6,26.505
2021-11-06 13:08:00,1636204080.0,253.7,254.0,253.6,253.6,54.198
2021-11-06 13:09:00,1636204140.0,253.7,254.0,253.6,253.6,112.669
2021-11-06 13:10:00,1636204200.0,253.7,254.1,253.7,254.1,25.02
2021-11-06 13:11:00,1636204260.0,254.2,254.2,253.9,253.9,49.084
2021-11-06 13:12:00,1636204320.0,254.0,254.0,253.8,254.0,5.767
2021-11-06 13:13:00,1636204380.0,254.1,254.6,254.1,254.6,42.128
2021-11-06 13:14:00,1636204440.0,254.5,254.6,254.4,254.6,21.644
2021-11-06 13:15:00,1636204500.0,254.6,254.6,254.3,254.4,9.849
2021-11-06 13:16:00,1636204560.0,254.4,254.4,253.7,253.8,158.852
2021-11-06 13:17:00,1636204620.0,253.8,254.1,253.8,254.1,15.474
2021-11-06 13:18:00,1636204680.0,254.0,254.2,253.9,254.2,42.772
2021-11-06 13:19:00,1636204740.0,254.1,254.1,254.0,254.1,25.688
2021-11-06 13:20:00,1636204800.0,254.2,254.5,254.2,254.5,47.813
2021-11-06 13:21:00,1636204860.0,254.5,254.8,254.4,254.8,19.337
2021-11-06 13:22:00,1636204920.0,254.7,254.8,254.4,254.6,198.745
2021-11-06 13:23:00,1636204980.0,254.6,255.1,254.5,255.0,242.061
2021-11-06 13:24:00,1636205040.0,255.0,255.0,254.9,254.9,1.632
2021-11-06 13:25:00,1636205100.0,254.9,254.9,254.9,254.9,9.551
2021-11-06 13:26:00,1636205160.0,254.9,254.9,254.7,254.8,22.724
2021-11-06 13:27:00,1636205220.0,254.7,254.7,254.6,254.6,7.114
2021-11-06 13:28:00,1636205280.0,254.7,254.7,254.4,254.4,51.709
2021-11-06 13:29:00,1636205340.0,254.5,254.6,254.4,254.5,21.832
2021-11-06 13:30:00,1636205400.0,254.5,254.5,254.4,254.4,2.721
2021-11-06 13:31:00,1636205460.0,254.4,254.6,254.4,254.4,4.552
2021-11-06 13:32:00,1636205520.0,254.5,254.6,254.2,254.2,44.534
2021-11-06 13:33:00,1636205580.0,254.2,254.3,254.1,254.3,23.612
2021-11-06 13:34:00,1636205640.0,254.2,254.3,254.1,254.2,6.497
2021-11-06 13:35:00,1636205700.0,254.2,254.5,254.1,254.3,125.283
2021-11-06 13:36:00,1636205760.0,254.4,254.6,254.4,254.6,23.63
2021-11-06 13:37:00,1636205820.0,254.6,254.7,254.5,254.5,16.738
2021-11-06 13:38:00,1636205880.0,254.5,254.6,254.5,254.6,2.79
2021-11-06 13:39:00,1636205940.0,254.5,254.6,254.3,254.4,64.328
2021-11-06 13:40:00,1636206000.0,254.5,254.5,254.4,254.4,1.8
2021-11-06 13:41:00,1636206060.0,254.6,254.7,254.5,254.6,2.237
2021-11-06 13:42:00,1636206120.0,254.7,254.7,254.6,254.6,1.477
2021-11-06 13:43:00,1636206180.0,254.6,254.7,254.6,254.7,1.76
2021-11-06 13:44:00,1636206240.0,254.6,254.6,254.5,254.6,7.719
2021-11-06 13:45:00,1636206300.0,254.7,255.1,254.7,255.0,80.949
2021-11-06 13:46:00,1636206360.0,254.9,254.9,254.8,254.9,8.674
2021-11-06 13:47:00,1636206420.0,254.8,254.8,254.7,254.8,4.666
2021-11-06 13:48:00,1636206480.0,254.8,255.1,254.8,255.0,52.927
2021-11-06 13:49:00,1636206540.0,255.0,255.0,254.4,254.5,148.884
2021-11-06 13:50:00,1636206600.0,254.5,254.5,254.5,254.5,5.926
2021-11-06 13:51:00,1636206660.0,254.5,254.5,254.3,254.3,17.243
2021-11-06 13:52:00,1636206720.0,254.3,254.4,254.3,254.4,22.162
2021-11-06 13:53:00,1636206780.0,254.4,254.4,254.2,254.4,36.353
2021-11-06 13:54:00,1636206840.0,254.4,254.5,254.4,254.4,5.629
2021-11-06 13:55:00,1636206900.0,254.3,254.4,254.3,254.3,4.312
2021-11-06 13:56:00,1636206960.0,254.4,254.4,254.3,254.4,3.846
2021-11-06 13:57:00,1636207020.0,254.5,254.5,254.5,254.5,1.571
2021-11-06 13:58:00,1636207080.0,254.5,254.5,254.4,254.5,6.852
2021-11-06 13:59:00,1636207140.0,254.5,255.0,254.5,254.9,80.544
2021-11-06 14:00:00,1636207200.0,255.0,255.0,254.7,254.8,3.36
2021-11-06 14:01:00,1636207260.0,254.8,254.8,254.3,254.4,23.914
2021-11-06 14:02:00,1636207320.0,254.4,254.4,254.4,254.4,0.231
2021-11-06 14:03:00,1636207380.0,254.4,254.4,254.3,254.3,2.281
2021-11-06 14:04:00,1636207440.0,254.4,254.5,254.4,254.5,6.549
2021-11-06 14:05:00,1636207500.0,254.5,254.5,254.4,254.5,44.258
2021-11-06 14:06:00,1636207560.0,254.5,254.7,254.5,254.7,36.829
2021-11-06 14:07:00,1636207620.0,254.7,255.1,254.7,255.1,36.246
2021-11-06 14:08:00,1636207680.0,255.1,255.1,255.0,255.0,4.582
2021-11-06 14:09:00,1636207740.0,255.0,255.0,254.8,254.8,8.641
2021-11-06 14:10:00,1636207800.0,254.8,254.8,254.6,254.6,47.454
2021-11-06 14:11:00,1636207860.0,254.7,254.7,254.4,254.4,8.58
2021-11-06 14:12:00,1636207920.0,254.4,254.4,254.4,254.4,0.0
2021-11-06 14:13:00,1636207980.0,254.3,254.3,254.0,254.0,22.575
2021-11-06 14:14:00,1636208040.0,254.1,254.2,253.5,253.5,248.771
2021-11-06 14:15:00,1636208100.0,253.5,253.8,253.5,253.7,50.037
2021-11-06 14:16:00,1636208160.0,253.8,254.0,253.8,254.0,76.725
2021-11-06 14:17:00,1636208220.0,254.0,254.0,253.9,253.9,1.347
2021-11-06 14:18:00,1636208280.0,253.9,254.0,253.9,254.0,3.853
2021-11-06 14:19:00,1636208340.0,254.1,254.1,253.9,253.9,29.352
2021-11-06 14:20:00,1636208400.0,253.9,254.1,253.8,254.0,27.921
2021-11-06 14:21:00,1636208460.0,254.0,254.0,253.8,253.9,1.251
2021-11-06 14:22:00,1636208520.0,253.9,253.9,253.3,253.3,364.494
2021-11-06 14:23:00,1636208580.0,253.4,253.5,253.3,253.4,31.989
2021-11-06 14:24:00,1636208640.0,253.4,253.6,253.4,253.5,18.987
2021-11-06 14:25:00,1636208700.0,253.5,253.8,253.4,253.7,271.338
2021-11-06 14:26:00,1636208760.0,253.8,253.9,253.7,253.8,25.81
2021-11-06 14:27:00,1636208820.0,253.8,254.0,253.6,253.8,185.545
2021-11-06 14:28:00,1636208880.0,253.8,254.0,253.8,254.0,46.154
2021-11-06 14:29:00,1636208940.0,254.0,254.0,253.7,253.7,2.802
2021-11-06 14:30:00,1636209000.0,253.7,253.8,253.7,253.8,34.925
2021-11-06 14:31:00,1636209060.0,253.8,253.9,253.8,253.9,40.098
2021-11-06 14:32:00,1636209120.0,253.8,254.4,253.8,254.3,78.266
2021-11-06 14:33:00,1636209180.0,254.4,254.8,254.4,254.7,30.184
2021-11-06 14:34:00,1636209240.0,254.7,254.7,254.6,254.6,5.195
2021-11-06 14:35:00,1636209300.0,254.6,254.6,254.6,254.6,0.0
2021-11-06 14:36:00,1636209360.0,254.7,255.0,254.6,255.0,21.518
2021-11-06 14:37:00,1636209420.0,255.0,255.5,255.0,255.4,70.145
2021-11-06 14:38:00,1636209480.0,255.4,255.5,255.3,255.3,16.006
2021-11-06 14:39:00,1636209540.0,255.4,255.5,255.3,255.3,4.182
2021-11-06 14:40:00,1636209600.0,255.3,255.4,255.3,255.3,41.141
2021-11-06 14:41:00,1636209660.0,255.3,255.3,255.2,255.3,11.737
2021-11-06 14:42:00,1636209720.0,255.3,255.3,255.2,255.3,0.15
2021-11-06 14:43:00,1636209780.0,255.3,255.4,255.3,255.4,3.272
2021-11-06 14:44:00,1636209840.0,255.4,255.6,255.4,255.6,10.397
2021-11-06 14:45:00,1636209900.0,255.5,255.6,255.4,255.6,25.604
2021-11-06 14:46:00,1636209960.0,255.5,255.9,255.5,255.8,27.101
2021-11-06 14:47:00,1636210020.0,255.8,256.0,255.8,255.9,242.272
2021-11-06 14:48:00,1636210080.0,256.0,256.1,256.0,256.0,25.805
2021-11-06 14:49:00,1636210140.0,256.1,256.1,256.0,256.1,12.318
2021-11-06 14:50:00,1636210200.0,256.1,256.2,256.0,256.0,21.71
2021-11-06 14:51:00,1636210260.0,256.0,256.0,255.7,255.8,51.56
2021-11-06 14:52:00,1636210320.0,255.8,255.8,255.7,255.8,0.735
2021-11-06 14:53:00,1636210380.0,255.8,255.8,255.8,255.8,3.959
2021-11-06 14:54:00,1636210440.0,255.8,255.8,255.8,255.8,2.118
2021-11-06 14:55:00,1636210500.0,255.8,255.9,255.8,255.8,23.196
2021-11-06 14:56:00,1636210560.0,255.8,255.9,255.7,255.7,25.99
2021-11-06 14:57:00,1636210620.0,255.7,255.7,255.6,255.6,6.113
2021-11-06 14:58:00,1636210680.0,255.6,255.8,255.6,255.8,1.506
2021-11-06 14:59:00,1636210740.0,255.7,255.8,255.7,255.8,22.553
2021-11-06 15:00:00,1636210800.0,255.9,255.9,255.8,255.9,1.378
2021-11-06 15:01:00,1636210860.0,255.9,256.0,255.9,256.0,24.559
2021-11-06 15:02:00,1636210920.0,256.0,256.0,255.9,256.0,13.16
2021-11-06 15:03:00,1636210980.0,256.0,256.0,256.0,256.0,7.926
2021-11-06 15:04:00,1636211040.0,255.9,256.0,255.9,256.0,27.792
2021-11-06 15:05:00,1636211100.0,256.0,256.5,255.9,256.3,60.721
2021-11-06 15:06:00,1636211160.0,256.3,256.5,256.3,256.5,19.086
2021-11-06 15:07:00,1636211220.0,256.5,256.6,256.5,256.5,42.132
2021-11-06 15:08:00,1636211280.0,256.5,256.6,256.2,256.3,30.875
2021-11-06 15:09:00,1636211340.0,256.5,256.6,256.4,256.6,17.964
2021-11-06 15:10:00,1636211400.0,256.5,256.6,256.4,256.5,23.558
2021-11-06 15:11:00,1636211460.0,256.6,256.6,256.4,256.4,52.022
2021-11-06 15:12:00,1636211520.0,256.4,256.5,256.3,256.3,22.203
2021-11-06 15:13:00,1636211580.0,256.3,256.7,256.3,256.6,34.11
2021-11-06 15:14:00,1636211640.0,256.6,256.6,256.4,256.5,67.294
2021-11-06 15:15:00,1636211700.0,256.5,256.7,256.5,256.7,34.964
2021-11-06 15:16:00,1636211760.0,256.6,256.6,256.5,256.5,10.349
2021-11-06 15:17:00,1636211820.0,256.5,256.7,256.4,256.6,13.505
2021-11-06 15:18:00,1636211880.0,256.5,256.6,256.3,256.5,65.417
2021-11-06 15:19:00,1636211940.0,256.5,256.7,256.5,256.7,30.509
2021-11-06 15:20:00,1636212000.0,256.7,257.2,256.7,257.2,198.104
2021-11-06 15:21:00,1636212060.0,257.2,257.2,257.0,257.1,93.003
2021-11-06 15:22:00,1636212120.0,257.1,257.1,256.9,257.0,26.028
2021-11-06 15:23:00,1636212180.0,257.0,257.1,256.9,256.9,14.43
2021-11-06 15:24:00,1636212240.0,257.0,257.0,256.6,256.8,44.648
2021-11-06 15:25:00,1636212300.0,256.7,256.8,256.7,256.8,2.357
2021-11-06 15:26:00,1636212360.0,256.8,256.9,256.7,256.9,13.035
2021-11-06 15:27:00,1636212420.0,256.8,256.8,256.5,256.5,46.794
2021-11-06 15:28:00,1636212480.0,256.5,256.6,256.3,256.5,21.915
2021-11-06 15:29:00,1636212540.0,256.5,256.6,256.5,256.5,16.931
2021-11-06 15:30:00,1636212600.0,256.5,256.7,256.5,256.7,1.59
2021-11-06 15:31:00,1636212660.0,256.7,256.7,256.5,256.7,14.314
2021-11-06 15:32:00,1636212720.0,256.7,256.8,256.7,256.8,16.556
2021-11-06 15:33:00,1636212780.0,256.8,256.8,256.6,256.7,6.054
2021-11-06 15:34:00,1636212840.0,256.6,256.6,256.1,256.3,149.525
2021-11-06 15:35:00,1636212900.0,256.3,256.3,255.8,256.2,156.346
2021-11-06 15:36:00,1636212960.0,256.2,256.2,255.9,255.9,81.524
2021-11-06 15:37:00,1636213020.0,256.0,256.1,255.9,256.0,85.108
2021-11-06 15:38:00,1636213080.0,256.0,256.1,256.0,256.1,6.331
2021-11-06 15:39:00,1636213140.0,256.1,256.1,256.0,256.0,3.028
2021-11-06 15:40:00,1636213200.0,256.1,256.3,256.1,256.3,12.41
2021-11-06 15:41:00,1636213260.0,256.3,256.4,256.2,256.2,27.418
2021-11-06 15:42:00,1636213320.0,256.3,256.4,256.1,256.4,26.281
2021-11-06 15:43:00,1636213380.0,256.3,256.5,256.3,256.5,32.837
2021-11-06 15:44:00,1636213440.0,256.5,256.8,256.0,256.1,447.129
2021-11-06 15:45:00,1636213500.0,256.3,256.6,256.3,256.6,34.597
2021-11-06 15:46:00,1636213560.0,256.5,256.6,256.5,256.5,20.167
2021-11-06 15:47:00,1636213620.0,256.5,256.6,256.5,256.6,2.774
2021-11-06 15:48:00,1636213680.0,256.7,256.7,256.6,256.6,0.559
2021-11-06 15:49:00,1636213740.0,256.6,256.6,256.5,256.5,4.164
2021-11-06 15:50:00,1636213800.0,256.6,256.6,256.2,256.2,54.568
2021-11-06 15:51:00,1636213860.0,256.2,256.5,256.2,256.4,100.724
2021-11-06 15:52:00,1636213920.0,256.4,256.4,256.4,256.4,0.0
2021-11-06 15:53:00,1636213980.0,256.4,256.4,256.2,256.2,30.982
2021-11-06 15:54:00,1636214040.0,256.2,256.3,256.2,256.3,0.4
2021-11-06 15:55:00,1636214100.0,256.3,256.4,256.3,256.3,1.411
2021-11-06 15:56:00,1636214160.0,256.3,256.4,256.3,256.4,10.981
2021-11-06 15:57:00,1636214220.0,256.4,256.6,256.4,256.5,52.927
2021-11-06 15:58:00,1636214280.0,256.4,256.5,256.3,256.3,6.177
2021-11-06 15:59:00,1636214340.0,256.4,256.4,256.3,256.3,54.457
2021-11-06 16:00:00,1636214400.0,256.4,256.5,256.4,256.5,6.933
2021-11-06 16:01:00,1636214460.0,256.4,256.4,256.3,256.3,0.902
2021-11-06 16:02:00,1636214520.0,256.3,256.5,256.3,256.3,6.306
2021-11-06 16:03:00,1636214580.0,256.5,256.8,256.5,256.8,16.06
2021-11-06 16:04:00,1636214640.0,256.8,256.8,256.6,256.6,13.595
2021-11-06 16:05:00,1636214700.0,256.5,256.5,256.1,256.1,41.74
2021-11-06 16:06:00,1636214760.0,256.1,256.4,256.1,256.4,75.632
2021-11-06 16:07:00,1636214820.0,256.3,256.3,256.3,256.3,0.141
2021-11-06 16:08:00,1636214880.0,256.2,256.4,256.2,256.3,5.278
2021-11-06 16:09:00,1636214940.0,256.2,256.2,256.0,256.0,46.437
2021-11-06 16:10:00,1636215000.0,256.0,256.1,255.9,256.1,41.678
2021-11-06 16:11:00,1636215060.0,256.1,256.6,256.0,256.6,28.082
2021-11-06 16:12:00,1636215120.0,256.6,256.8,256.6,256.8,19.549
2021-11-06 16:13:00,1636215180.0,256.8,256.8,256.4,256.6,208.585
2021-11-06 16:14:00,1636215240.0,256.5,256.5,256.4,256.5,31.992
2021-11-06 16:15:00,1636215300.0,256.5,256.5,256.5,256.5,0.422
2021-11-06 16:16:00,1636215360.0,256.6,256.8,256.6,256.6,3.438
2021-11-06 16:17:00,1636215420.0,256.7,256.7,256.0,256.0,51.546
2021-11-06 16:18:00,1636215480.0,256.1,256.2,256.0,256.1,46.393
2021-11-06 16:19:00,1636215540.0,256.1,256.1,255.8,255.8,17.091
2021-11-06 16:20:00,1636215600.0,255.9,256.2,255.9,256.2,48.249
2021-11-06 16:21:00,1636215660.0,256.1,256.2,256.0,256.2,10.248
2021-11-06 16:22:00,1636215720.0,256.2,256.3,256.2,256.2,5.058
2021-11-06 16:23:00,1636215780.0,256.2,256.3,256.1,256.1,24.731
2021-11-06 16:24:00,1636215840.0,256.2,256.2,256.1,256.1,4.011
2021-11-06 16:25:00,1636215900.0,256.1,256.1,255.9,256.0,31.567
2021-11-06 16:26:00,1636215960.0,256.0,256.0,255.2,255.2,80.35
2021-11-06 16:27:00,1636216020.0,255.2,255.4,255.2,255.4,6.197
2021-11-06 16:28:00,1636216080.0,255.3,255.4,255.2,255.4,3.793
2021-11-06 16:29:00,1636216140.0,255.4,255.5,255.3,255.4,73.464
2021-11-06 16:30:00,1636216200.0,255.4,255.5,255.2,255.4,22.744
2021-11-06 16:31:00,1636216260.0,255.4,255.5,255.4,255.5,7.935
2021-11-06 16:32:00,1636216320.0,255.6,255.8,255.6,255.7,31.614
2021-11-06 16:33:00,1636216380.0,255.8,255.8,255.5,255.6,14.695
2021-11-06 16:34:00,1636216440.0,255.6,255.6,255.6,255.6,1.541
2021-11-06 16:35:00,1636216500.0,255.6,255.6,255.3,255.4,22.041
2021-11-06 16:36:00,1636216560.0,255.4,255.5,255.4,255.4,3.156
2021-11-06 16:37:00,1636216620.0,255.3,255.3,255.0,255.1,29.868
2021-11-06 16:38:00,1636216680.0,255.2,255.2,254.9,255.0,25.315
2021-11-06 16:39:00,1636216740.0,255.0,255.0,254.9,254.9,23.545
2021-11-06 16:40:00,1636216800.0,254.9,255.0,254.9,255.0,2.519
2021-11-06 16:41:00,1636216860.0,255.1,255.1,254.9,254.9,4.016
2021-11-06 16:42:00,1636216920.0,255.1,255.1,255.1,255.1,0.901
2021-11-06 16:43:00,1636216980.0,255.1,255.1,255.1,255.1,1.338
2021-11-06 16:44:00,1636217040.0,255.0,255.1,254.6,254.7,91.763
2021-11-06 16:45:00,1636217100.0,254.7,254.9,254.7,254.9,30.599
2021-11-06 16:46:00,1636217160.0,254.9,254.9,254.9,254.9,2.481
2021-11-06 16:47:00,1636217220.0,255.0,255.0,255.0,255.0,47.236
2021-11-06 16:48:00,1636217280.0,255.0,255.1,255.0,255.1,1.029
2021-11-06 16:49:00,1636217340.0,255.1,255.3,255.1,255.3,23.284
2021-11-06 16:50:00,1636217400.0,255.2,255.3,255.2,255.2,3.515
2021-11-06 16:51:00,1636217460.0,255.2,255.3,255.0,255.2,44.923
2021-11-06 16:52:00,1636217520.0,255.2,255.2,255.2,255.2,1.587
2021-11-06 16:53:00,1636217580.0,255.2,255.2,255.2,255.2,0.338
2021-11-06 16:54:00,1636217640.0,255.2,255.4,255.2,255.3,24.825
2021-11-06 16:55:00,1636217700.0,255.3,255.3,255.1,255.3,35.199
2021-11-06 16:56:00,1636217760.0,255.3,255.5,255.3,255.5,4.291
2021-11-06 16:57:00,1636217820.0,255.4,255.5,255.3,255.4,6.488
2021-11-06 16:58:00,1636217880.0,255.4,255.5,255.4,255.5,3.288
2021-11-06 16:59:00,1636217940.0,255.5,255.6,255.5,255.5,4.77
2021-11-06 17:00:00,1636218000.0,255.4,255.4,255.4,255.4,0.24
2021-11-06 17:01:00,1636218060.0,255.5,255.6,255.5,255.6,34.903
2021-11-06 17:02:00,1636218120.0,255.6,255.8,255.6,255.7,30.569
2021-11-06 17:03:00,1636218180.0,255.8,256.2,255.8,255.8,89.916
2021-11-06 17:04:00,1636218240.0,256.1,256.2,256.1,256.2,8.733
2021-11-06 17:05:00,1636218300.0,256.2,256.2,256.1,256.1,3.222
2021-11-06 17:06:00,1636218360.0,256.2,256.2,256.1,256.1,47.573
2021-11-06 17:07:00,1636218420.0,256.2,256.3,256.2,256.2,1.438
2021-11-06 17:08:00,1636218480.0,256.3,256.5,256.3,256.4,79.672
2021-11-06 17:09:00,1636218540.0,256.3,256.4,256.3,256.4,0.633
2021-11-06 17:10:00,1636218600.0,256.4,256.5,256.4,256.4,69.884
2021-11-06 17:11:00,1636218660.0,256.5,256.5,256.4,256.4,11.612
2021-11-06 17:12:00,1636218720.0,256.4,256.6,256.4,256.5,9.458
2021-11-06 17:13:00,1636218780.0,256.5,256.6,256.4,256.6,6.536
2021-11-06 17:14:00,1636218840.0,256.6,256.7,256.6,256.6,41.711
2021-11-06 17:15:00,1636218900.0,256.5,256.9,256.5,256.8,112.795
2021-11-06 17:16:00,1636218960.0,256.8,257.0,256.6,257.0,35.258
2021-11-06 17:17:00,1636219020.0,256.9,257.0,256.7,256.8,66.865
2021-11-06 17:18:00,1636219080.0,256.7,256.9,256.7,256.9,22.157
2021-11-06 17:19:00,1636219140.0,256.9,257.0,256.7,256.7,52.057
2021-11-06 17:20:00,1636219200.0,256.7,256.7,256.6,256.6,24.61
2021-11-06 17:21:00,1636219260.0,256.6,256.6,256.5,256.6,37.711
2021-11-06 17:22:00,1636219320.0,256.6,256.7,256.5,256.7,40.234
2021-11-06 17:23:00,1636219380.0,256.7,256.7,256.6,256.6,0.146
2021-11-06 17:24:00,1636219440.0,256.6,256.6,256.6,256.6,0.077
2021-11-06 17:25:00,1636219500.0,256.5,256.7,256.5,256.6,40.985
2021-11-06 17:26:00,1636219560.0,256.8,256.8,256.7,256.8,6.563
2021-11-06 17:27:00,1636219620.0,256.8,256.8,256.8,256.8,0.233
2021-11-06 17:28:00,1636219680.0,256.8,256.8,256.7,256.7,2.787
2021-11-06 17:29:00,1636219740.0,256.8,257.2,256.6,256.8,163.919
2021-11-06 17:30:00,1636219800.0,257.0,257.0,256.9,257.0,30.727
2021-11-06 17:31:00,1636219860.0,257.0,257.1,257.0,257.0,8.528
2021-11-06 17:32:00,1636219920.0,257.0,257.0,256.8,256.8,187.002
2021-11-06 17:33:00,1636219980.0,256.8,257.0,256.8,257.0,6.092
2021-11-06 17:34:00,1636220040.0,257.1,257.1,256.8,256.8,7.339
2021-11-06 17:35:00,1636220100.0,256.8,256.9,256.6,256.6,22.177
2021-11-06 17:36:00,1636220160.0,256.7,256.8,256.7,256.8,34.303
2021-11-06 17:37:00,1636220220.0,256.8,256.8,256.7,256.7,2.779
2021-11-06 17:38:00,1636220280.0,256.7,256.8,256.7,256.7,5.742
2021-11-06 17:39:00,1636220340.0,256.8,256.8,256.6,256.6,1.653
2021-11-06 17:40:00,1636220400.0,256.7,256.7,256.2,256.2,240.006
2021-11-06 17:41:00,1636220460.0,256.2,256.2,255.9,256.0,104.428
2021-11-06 17:42:00,1636220520.0,255.9,256.1,255.8,255.9,35.095
2021-11-06 17:43:00,1636220580.0,255.9,255.9,255.8,255.9,4.817
2021-11-06 17:44:00,1636220640.0,255.9,255.9,255.8,255.8,3.056
2021-11-06 17:45:00,1636220700.0,255.8,255.9,255.8,255.8,2.78
2021-11-06 17:46:00,1636220760.0,255.8,255.9,255.7,255.7,12.304
2021-11-06 17:47:00,1636220820.0,255.6,255.6,255.3,255.6,110.216
2021-11-06 17:48:00,1636220880.0,255.5,255.6,255.4,255.6,13.856
2021-11-06 17:49:00,1636220940.0,255.6,255.6,255.4,255.6,25.574
2021-11-06 17:50:00,1636221000.0,255.5,255.8,255.5,255.8,14.874
2021-11-06 17:51:00,1636221060.0,255.7,256.1,255.7,256.1,41.83
2021-11-06 17:52:00,1636221120.0,256.1,256.2,256.0,256.2,5.714
2021-11-06 17:53:00,1636221180.0,256.2,256.2,256.1,256.2,1.982
2021-11-06 17:54:00,1636221240.0,256.2,256.2,256.1,256.1,4.8
2021-11-06 17:55:00,1636221300.0,256.0,256.0,255.9,255.9,14.883
2021-11-06 17:56:00,1636221360.0,255.9,256.2,255.9,256.1,7.635
2021-11-06 17:57:00,1636221420.0,256.1,256.1,255.8,255.8,35.257
2021-11-06 17:58:00,1636221480.0,255.9,256.0,255.8,255.9,35.022
2021-11-06 17:59:00,1636221540.0,255.8,256.1,255.8,256.1,17.611
2021-11-06 18:00:00,1636221600.0,256.1,256.3,256.1,256.3,19.109
2021-11-06 18:01:00,1636221660.0,256.2,256.2,256.1,256.1,3.149
2021-11-06 18:02:00,1636221720.0,256.1,256.3,256.0,256.1,2.58
2021-11-06 18:03:00,1636221780.0,256.3,256.3,256.2,256.2,0.567
2021-11-06 18:04:00,1636221840.0,256.2,256.2,256.2,256.2,0.0
2021-11-06 18:05:00,1636221900.0,256.3,256.3,256.3,256.3,2.611
2021-11-06 18:06:00,1636221960.0,256.3,256.4,256.3,256.4,0.33
2021-11-06 18:07:00,1636222020.0,256.3,256.4,256.3,256.3,23.825
2021-11-06 18:08:00,1636222080.0,256.3,256.3,256.2,256.3,7.286
2021-11-06 18:09:00,1636222140.0,256.3,257.3,256.3,257.2,290.822
2021-11-06 18:10:00,1636222200.0,257.1,257.5,257.1,257.3,93.786
2021-11-06 18:11:00,1636222260.0,257.2,257.4,257.2,257.3,53.159
2021-11-06 18:12:00,1636222320.0,257.3,257.4,257.3,257.4,26.357
2021-11-06 18:13:00,1636222380.0,257.4,257.4,257.2,257.2,4.128
2021-11-06 18:14:00,1636222440.0,257.1,257.2,257.1,257.1,0.51
2021-11-06 18:15:00,1636222500.0,257.2,257.2,256.9,256.9,45.859
2021-11-06 18:16:00,1636222560.0,256.9,257.0,256.8,256.8,25.44
2021-11-06 18:17:00,1636222620.0,256.8,256.8,256.5,256.6,14.357
2021-11-06 18:18:00,1636222680.0,256.6,256.7,256.6,256.7,20.352
2021-11-06 18:19:00,1636222740.0,256.7,256.7,256.6,256.6,7.66
2021-11-06 18:20:00,1636222800.0,256.6,257.1,256.6,257.1,144.081
2021-11-06 18:21:00,1636222860.0,257.1,257.4,257.1,257.4,54.593
2021-11-06 18:22:00,1636222920.0,257.5,257.5,257.4,257.5,14.328
2021-11-06 18:23:00,1636222980.0,257.4,257.5,257.4,257.5,7.892
2021-11-06 18:24:00,1636223040.0,257.4,257.7,257.4,257.7,13.616
2021-11-06 18:25:00,1636223100.0,257.6,257.6,257.5,257.5,15.958
2021-11-06 18:26:00,1636223160.0,257.5,257.6,257.4,257.6,15.34
2021-11-06 18:27:00,1636223220.0,257.5,257.7,257.5,257.6,11.347
2021-11-06 18:28:00,1636223280.0,257.6,257.6,257.4,257.5,19.147
2021-11-06 18:29:00,1636223340.0,257.5,257.5,257.4,257.4,3.1
2021-11-06 18:30:00,1636223400.0,257.4,257.4,257.1,257.2,19.003
2021-11-06 18:31:00,1636223460.0,257.2,257.2,257.2,257.2,3.284
2021-11-06 18:32:00,1636223520.0,257.3,257.3,257.2,257.2,24.362
2021-11-06 18:33:00,1636223580.0,257.1,257.2,257.1,257.2,1.033
2021-11-06 18:34:00,1636223640.0,257.1,257.3,257.1,257.3,27.74
2021-11-06 18:35:00,1636223700.0,257.3,257.3,257.3,257.3,3.195
2021-11-06 18:36:00,1636223760.0,257.3,257.3,257.2,257.3,1.563
2021-11-06 18:37:00,1636223820.0,257.2,257.2,257.0,257.0,45.99
2021-11-06 18:38:00,1636223880.0,257.1,257.2,257.1,257.1,11.795
2021-11-06 18:39:00,1636223940.0,257.2,257.3,257.2,257.3,5.757
2021-11-06 18:40:00,1636224000.0,257.3,257.3,257.1,257.1,5.724
2021-11-06 18:41:00,1636224060.0,257.2,257.2,257.2,257.2,0.509
2021-11-06 18:42:00,1636224120.0,257.2,257.2,257.2,257.2,1.229
2021-11-06 18:43:00,1636224180.0,257.1,257.2,257.1,257.2,10.456
2021-11-06 18:44:00,1636224240.0,257.2,257.2,257.0,257.1,22.45
2021-11-06 18:45:00,1636224300.0,257.2,257.2,257.0,257.1,3.739
2021-11-06 18:46:00,1636224360.0,257.1,257.1,256.8,256.9,25.311
2021-11-06 18:47:00,1636224420.0,256.9,256.9,256.9,256.9,0.0
2021-11-06 18:48:00,1636224480.0,256.9,256.9,256.6,256.6,38.731
2021-11-06 18:49:00,1636224540.0,256.8,256.8,256.6,256.7,4.37
2021-11-06 18:50:00,1636224600.0,256.7,256.7,256.4,256.6,43.743
2021-11-06 18:51:00,1636224660.0,256.6,256.7,256.6,256.7,15.548
2021-11-06 18:52:00,1636224720.0,256.8,256.8,256.7,256.7,2.796
2021-11-06 18:53:00,1636224780.0,256.8,256.8,256.8,256.8,1.138
2021-11-06 18:54:00,1636224840.0,256.8,256.9,256.8,256.8,32.367
2021-11-06 18:55:00,1636224900.0,256.9,257.0,256.8,256.9,54.472
2021-11-06 18:56:00,1636224960.0,256.9,256.9,256.8,256.8,0.271
2021-11-06 18:57:00,1636225020.0,256.9,257.1,256.9,257.0,123.574
2021-11-06 18:58:00,1636225080.0,256.9,257.0,256.9,257.0,0.715
2021-11-06 18:59:00,1636225140.0,257.0,257.1,256.7,257.0,42.582
2021-11-06 19:00:00,1636225200.0,257.0,257.0,256.8,256.8,36.452
2021-11-06 19:01:00,1636225260.0,256.8,256.8,256.5,256.6,59.992
2021-11-06 19:02:00,1636225320.0,256.5,256.5,256.5,256.5,33.491
2021-11-06 19:03:00,1636225380.0,256.6,256.8,256.6,256.8,16.174
2021-11-06 19:04:00,1636225440.0,256.8,256.8,256.7,256.8,4.656
2021-11-06 19:05:00,1636225500.0,256.7,256.7,256.7,256.7,1.0
2021-11-06 19:06:00,1636225560.0,256.8,256.9,256.8,256.9,18.798
2021-11-06 19:07:00,1636225620.0,256.9,256.9,256.9,256.9,0.573
2021-11-06 19:08:00,1636225680.0,257.0,257.2,257.0,257.2,20.521
2021-11-06 19:09:00,1636225740.0,257.3,257.3,257.1,257.1,43.604
2021-11-06 19:10:00,1636225800.0,257.2,257.3,257.2,257.3,36.72
2021-11-06 19:11:00,1636225860.0,257.3,257.4,257.1,257.4,71.471
2021-11-06 19:12:00,1636225920.0,257.3,257.3,257.1,257.1,31.941
2021-11-06 19:13:00,1636225980.0,257.2,257.3,257.1,257.1,50.921
2021-11-06 19:14:00,1636226040.0,257.0,257.1,256.6,256.7,43.477
2021-11-06 19:15:00,1636226100.0,256.6,256.9,256.6,256.9,3.392
2021-11-06 19:16:00,1636226160.0,256.8,256.9,256.8,256.9,15.383
2021-11-06 19:17:00,1636226220.0,256.8,256.9,256.8,256.9,10.921
2021-11-06 19:18:00,1636226280.0,256.9,257.0,256.7,256.8,132.085
2021-11-06 19:19:00,1636226340.0,256.7,256.7,256.5,256.7,113.993
2021-11-06 19:20:00,1636226400.0,256.8,256.8,256.7,256.8,5.563
2021-11-06 19:21:00,1636226460.0,256.8,256.9,256.8,256.9,0.892
2021-11-06 19:22:00,1636226520.0,256.9,256.9,256.7,256.8,112.739
2021-11-06 19:23:00,1636226580.0,256.8,256.8,256.7,256.7,12.276
2021-11-06 19:24:00,1636226640.0,256.7,256.7,256.7,256.7,2.588
2021-11-06 19:25:00,1636226700.0,256.8,256.8,256.8,256.8,4.06
2021-11-06 19:26:00,1636226760.0,256.8,257.0,256.8,257.0,38.115
2021-11-06 19:27:00,1636226820.0,257.0,257.0,256.9,256.9,6.153
2021-11-06 19:28:00,1636226880.0,256.9,256.9,256.8,256.8,2.145
2021-11-06 19:29:00,1636226940.0,256.9,257.0,256.8,256.8,16.072
2021-11-06 19:30:00,1636227000.0,256.8,257.0,256.8,257.0,24.533
2021-11-06 19:31:00,1636227060.0,257.0,257.1,256.9,257.1,12.964
2021-11-06 19:32:00,1636227120.0,257.1,257.1,257.0,257.0,4.769
2021-11-06 19:33:00,1636227180.0,257.0,257.0,256.7,256.9,93.276
2021-11-06 19:34:00,1636227240.0,257.0,257.0,256.8,256.8,52.301
2021-11-06 19:35:00,1636227300.0,256.9,256.9,256.7,256.7,8.357
2021-11-06 19:36:00,1636227360.0,256.8,256.8,256.8,256.8,9.051
2021-11-06 19:37:00,1636227420.0,256.7,256.8,256.7,256.8,0.995
2021-11-06 19:38:00,1636227480.0,256.8,256.8,256.8,256.8,0.154
2021-11-06 19:39:00,1636227540.0,256.7,256.8,256.6,256.7,34.556
2021-11-06 19:40:00,1636227600.0,256.8,256.9,256.8,256.9,51.193
2021-11-06 19:41:00,1636227660.0,256.9,256.9,256.8,256.9,109.723
2021-11-06 19:42:00,1636227720.0,256.9,257.1,256.9,257.0,48.998
2021-11-06 19:43:00,1636227780.0,257.1,257.1,257.0,257.1,2.209
2021-11-06 19:44:00,1636227840.0,257.1,257.2,256.9,257.2,27.575
2021-11-06 19:45:00,1636227900.0,257.2,257.3,257.1,257.1,11.536
2021-11-06 19:46:00,1636227960.0,257.2,257.4,257.2,257.3,38.464
2021-11-06 19:47:00,1636228020.0,257.4,257.5,257.3,257.5,56.564
2021-11-06 19:48:00,1636228080.0,257.5,257.5,257.4,257.5,1.562
2021-11-06 19:49:00,1636228140.0,257.4,257.6,257.4,257.5,67.881
2021-11-06 19:50:00,1636228200.0,257.6,257.8,257.6,257.8,66.842
2021-11-06 19:51:00,1636228260.0,257.7,257.9,257.7,257.9,33.955
2021-11-06 19:52:00,1636228320.0,257.8,257.8,257.4,257.7,92.096
2021-11-06 19:53:00,1636228380.0,257.7,257.9,257.6,257.8,24.832
2021-11-06 19:54:00,1636228440.0,257.8,257.8,257.5,257.6,27.782
2021-11-06 19:55:00,1636228500.0,257.6,257.8,257.6,257.7,7.295
2021-11-06 19:56:00,1636228560.0,257.8,257.8,257.7,257.7,4.479
2021-11-06 19:57:00,1636228620.0,257.7,257.8,257.6,257.6,23.725
2021-11-06 19:58:00,1636228680.0,257.7,257.8,257.7,257.7,33.306
2021-11-06 19:59:00,1636228740.0,257.7,257.9,257.7,257.8,21.693
2021-11-06 20:00:00,1636228800.0,257.9,258.0,257.9,257.9,40.548
2021-11-06 20:01:00,1636228860.0,257.9,258.0,257.8,258.0,8.065
2021-11-06 20:02:00,1636228920.0,258.0,258.1,257.9,258.1,46.485
2021-11-06 20:03:00,1636228980.0,258.0,258.1,258.0,258.0,4.211
2021-11-06 20:04:00,1636229040.0,258.1,258.1,257.9,258.0,18.173
2021-11-06 20:05:00,1636229100.0,257.9,258.0,257.8,257.8,94.988
2021-11-06 20:06:00,1636229160.0,257.8,257.8,257.7,257.7,105.592
2021-11-06 20:07:00,1636229220.0,257.7,257.7,257.6,257.7,46.359
2021-11-06 20:08:00,1636229280.0,257.6,257.7,257.6,257.6,6.052
2021-11-06 20:09:00,1636229340.0,257.6,257.8,257.6,257.8,14.869
2021-11-06 20:10:00,1636229400.0,257.8,257.8,257.7,257.7,8.361
2021-11-06 20:11:00,1636229460.0,257.8,257.9,257.7,257.8,3.505
2021-11-06 20:12:00,1636229520.0,257.9,257.9,257.7,257.7,12.821
2021-11-06 20:13:00,1636229580.0,257.8,257.9,257.8,257.9,1.056
2021-11-06 20:14:00,1636229640.0,257.8,257.8,257.8,257.8,44.666
2021-11-06 20:15:00,1636229700.0,257.9,258.0,257.9,258.0,61.736
2021-11-06 20:16:00,1636229760.0,258.0,258.0,257.9,257.9,6.064
2021-11-06 20:17:00,1636229820.0,257.8,257.8,257.8,257.8,0.427
2021-11-06 20:18:00,1636229880.0,257.7,257.7,257.6,257.6,6.299
2021-11-06 20:19:00,1636229940.0,257.6,257.7,257.6,257.6,56.802
2021-11-06 20:20:00,1636230000.0,257.6,257.8,257.6,257.8,5.149
2021-11-06 20:21:00,1636230060.0,257.7,257.7,257.5,257.6,25.885
2021-11-06 20:22:00,1636230120.0,257.6,257.6,257.6,257.6,0.414
2021-11-06 20:23:00,1636230180.0,257.6,258.0,257.6,257.8,40.065
2021-11-06 20:24:00,1636230240.0,257.9,258.2,257.8,257.8,48.142
2021-11-06 20:25:00,1636230300.0,257.8,258.0,257.7,257.9,84.264
2021-11-06 20:26:00,1636230360.0,258.0,258.3,257.9,258.0,52.227
2021-11-06 20:27:00,1636230420.0,258.2,258.2,257.9,257.9,55.905
2021-11-06 20:28:00,1636230480.0,258.0,258.0,257.9,257.9,0.506
2021-11-06 20:29:00,1636230540.0,257.9,257.9,257.9,257.9,0.336
2021-11-06 20:30:00,1636230600.0,257.9,258.3,257.6,258.1,98.637
2021-11-06 20:31:00,1636230660.0,258.1,258.3,258.1,258.3,3.381
2021-11-06 20:32:00,1636230720.0,258.2,258.4,258.2,258.2,40.631
2021-11-06 20:33:00,1636230780.0,258.2,258.2,257.9,257.9,13.923
2021-11-06 20:34:00,1636230840.0,257.9,258.1,257.7,258.1,64.571
2021-11-06 20:35:00,1636230900.0,258.1,258.1,257.8,257.9,9.118
2021-11-06 20:36:00,1636230960.0,258.0,258.0,257.8,257.9,16.388
2021-11-06 20:37:00,1636231020.0,257.9,258.0,257.9,258.0,23.153
2021-11-06 20:38:00,1636231080.0,258.0,258.0,257.7,257.9,19.178
2021-11-06 20:39:00,1636231140.0,257.8,258.0,257.7,257.8,15.347
2021-11-06 20:40:00,1636231200.0,257.8,257.9,257.7,257.9,39.95
2021-11-06 20:41:00,1636231260.0,257.9,258.0,257.9,258.0,76.067
2021-11-06 20:42:00,1636231320.0,258.1,258.1,257.9,257.9,16.235
2021-11-06 20:43:00,1636231380.0,258.0,258.1,258.0,258.1,2.061
2021-11-06 20:44:00,1636231440.0,258.1,258.1,258.0,258.1,18.276
2021-11-06 20:45:00,1636231500.0,258.1,258.2,258.0,258.0,21.038
2021-11-06 20:46:00,1636231560.0,258.1,258.2,258.1,258.2,17.538
2021-11-06 20:47:00,1636231620.0,258.2,258.2,258.2,258.2,0.0
2021-11-06 20:48:00,1636231680.0,258.1,258.2,258.0,258.0,19.841
2021-11-06 20:49:00,1636231740.0,257.9,257.9,257.8,257.8,83.055
2021-11-06 20:50:00,1636231800.0,257.8,257.8,257.8,257.8,6.723
2021-11-06 20:51:00,1636231860.0,257.8,257.8,257.8,257.8,3.299
2021-11-06 20:52:00,1636231920.0,257.7,257.8,257.7,257.8,14.97
2021-11-06 20:53:00,1636231980.0,257.8,257.8,257.7,257.7,2.303
2021-11-06 20:54:00,1636232040.0,257.6,257.8,257.6,257.7,64.697
2021-11-06 20:55:00,1636232100.0,257.7,257.7,257.6,257.6,36.361
2021-11-06 20:56:00,1636232160.0,257.6,257.6,257.5,257.6,6.765
2021-11-06 20:57:00,1636232220.0,257.7,257.7,257.5,257.6,19.715
2021-11-06 20:58:00,1636232280.0,257.7,257.7,257.5,257.5,54.963
2021-11-06 20:59:00,1636232340.0,257.5,257.8,257.5,257.8,80.591
2021-11-06 21:00:00,1636232400.0,257.8,257.9,257.7,257.8,40.104
2021-11-06 21:01:00,1636232460.0,257.9,257.9,257.8,257.8,5.631
2021-11-06 21:02:00,1636232520.0,257.9,258.0,257.8,257.9,50.664
2021-11-06 21:03:00,1636232580.0,257.9,258.0,257.8,258.0,8.994
2021-11-06 21:04:00,1636232640.0,257.9,258.1,257.8,258.1,99.5
2021-11-06 21:05:00,1636232700.0,258.1,258.6,258.0,258.5,132.635
2021-11-06 21:06:00,1636232760.0,258.5,258.6,258.4,258.5,42.813
2021-11-06 21:07:00,1636232820.0,258.5,258.6,258.4,258.6,9.884
2021-11-06 21:08:00,1636232880.0,258.4,258.5,258.4,258.5,12.998
2021-11-06 21:09:00,1636232940.0,258.5,258.5,258.4,258.4,18.35
2021-11-06 21:10:00,1636233000.0,258.4,258.5,258.4,258.5,6.958
2021-11-06 21:11:00,1636233060.0,258.4,258.4,258.4,258.4,0.053
2021-11-06 21:12:00,1636233120.0,258.5,258.5,258.4,258.5,35.829
2021-11-06 21:13:00,1636233180.0,258.4,258.5,258.4,258.4,13.868
2021-11-06 21:14:00,1636233240.0,258.5,258.6,258.4,258.6,26.212
2021-11-06 21:15:00,1636233300.0,258.5,258.6,258.5,258.5,4.827
2021-11-06 21:16:00,1636233360.0,258.5,258.6,258.5,258.6,8.709
2021-11-06 21:17:00,1636233420.0,258.5,258.5,258.5,258.5,0.42
2021-11-06 21:18:00,1636233480.0,258.5,258.7,258.4,258.7,39.63
2021-11-06 21:19:00,1636233540.0,258.5,258.6,258.3,258.4,42.009
2021-11-06 21:20:00,1636233600.0,258.4,259.1,258.4,259.0,232.347
2021-11-06 21:21:00,1636233660.0,259.1,259.1,259.0,259.0,1.756
2021-11-06 21:22:00,1636233720.0,259.1,259.1,259.0,259.0,8.143
2021-11-06 21:23:00,1636233780.0,259.0,259.1,259.0,259.1,2.706
2021-11-06 21:24:00,1636233840.0,259.0,259.0,258.9,258.9,8.683
2021-11-06 21:25:00,1636233900.0,258.9,258.9,258.9,258.9,1.332
2021-11-06 21:26:00,1636233960.0,258.9,259.0,258.9,259.0,24.059
2021-11-06 21:27:00,1636234020.0,259.0,259.0,258.8,258.9,11.204
2021-11-06 21:28:00,1636234080.0,258.9,258.9,258.6,258.7,63.355
2021-11-06 21:29:00,1636234140.0,258.7,258.7,258.6,258.7,11.865
2021-11-06 21:30:00,1636234200.0,258.7,258.8,258.7,258.7,18.371
2021-11-06 21:31:00,1636234260.0,258.8,258.9,258.8,258.8,17.796
2021-11-06 21:32:00,1636234320.0,258.9,258.9,258.7,258.9,15.811
2021-11-06 21:33:00,1636234380.0,258.9,259.0,258.8,258.8,31.603
2021-11-06 21:34:00,1636234440.0,258.9,258.9,258.7,258.8,24.838
2021-11-06 21:35:00,1636234500.0,258.8,258.9,258.7,258.8,17.364
2021-11-06 21:36:00,1636234560.0,258.9,258.9,258.7,258.8,22.028
2021-11-06 21:37:00,1636234620.0,258.8,258.9,258.7,258.7,14.764
2021-11-06 21:38:00,1636234680.0,258.8,258.9,258.7,258.8,35.073
2021-11-06 21:39:00,1636234740.0,258.7,258.9,258.7,258.9,29.729
2021-11-06 21:40:00,1636234800.0,258.9,258.9,258.7,258.9,31.622
2021-11-06 21:41:00,1636234860.0,258.9,258.9,258.9,258.9,4.545
2021-11-06 21:42:00,1636234920.0,258.9,258.9,258.8,258.8,13.609
2021-11-06 21:43:00,1636234980.0,258.9,259.0,258.8,259.0,3.016
2021-11-06 21:44:00,1636235040.0,259.0,259.0,258.9,259.0,50.949
2021-11-06 21:45:00,1636235100.0,259.0,259.1,259.0,259.0,9.087
2021-11-06 21:46:00,1636235160.0,259.1,259.2,258.9,259.1,43.615
2021-11-06 21:47:00,1636235220.0,259.0,259.1,258.9,259.1,51.745
2021-11-06 21:48:00,1636235280.0,259.1,259.1,258.9,258.9,5.496
2021-11-06 21:49:00,1636235340.0,259.0,259.0,258.8,259.0,8.742
2021-11-06 21:50:00,1636235400.0,259.0,259.0,258.8,258.9,6.255
2021-11-06 21:51:00,1636235460.0,258.9,259.0,258.8,258.9,5.256
2021-11-06 21:52:00,1636235520.0,258.9,259.0,258.8,258.9,21.973
2021-11-06 21:53:00,1636235580.0,258.9,259.1,258.9,259.1,19.801
2021-11-06 21:54:00,1636235640.0,259.1,259.2,258.9,258.9,14.592
2021-11-06 21:55:00,1636235700.0,259.0,259.1,258.9,259.0,6.358
2021-11-06 21:56:00,1636235760.0,259.1,259.1,258.9,258.9,8.228
2021-11-06 21:57:00,1636235820.0,259.0,259.0,258.9,259.0,8.06
2021-11-06 21:58:00,1636235880.0,259.0,259.2,259.0,259.1,52.289
2021-11-06 21:59:00,1636235940.0,259.2,259.3,259.1,259.3,20.981
2021-11-06 22:00:00,1636236000.0,259.2,259.3,259.2,259.2,10.555
2021-11-06 22:01:00,1636236060.0,259.3,259.4,259.2,259.3,6.658
2021-11-06 22:02:00,1636236120.0,259.3,259.3,259.2,259.3,3.994
2021-11-06 22:03:00,1636236180.0,259.3,259.3,259.0,259.0,9.112
2021-11-06 22:04:00,1636236240.0,259.1,259.1,259.0,259.0,8.763
2021-11-06 22:05:00,1636236300.0,259.0,259.1,258.8,259.0,52.575
2021-11-06 22:06:00,1636236360.0,259.1,259.2,259.0,259.2,60.368
2021-11-06 22:07:00,1636236420.0,259.2,259.8,259.2,259.7,261.924
2021-11-06 22:08:00,1636236480.0,259.6,259.7,259.5,259.5,116.618
2021-11-06 22:09:00,1636236540.0,259.5,259.6,259.3,259.3,74.794
2021-11-06 22:10:00,1636236600.0,259.3,259.4,259.3,259.3,33.046
2021-11-06 22:11:00,1636236660.0,259.3,259.3,259.1,259.1,17.966
2021-11-06 22:12:00,1636236720.0,259.2,259.2,259.2,259.2,6.665
2021-11-06 22:13:00,1636236780.0,259.1,259.2,259.1,259.2,0.679
2021-11-06 22:14:00,1636236840.0,259.2,259.2,259.2,259.2,2.011
2021-11-06 22:15:00,1636236900.0,259.1,259.2,259.1,259.2,13.421
2021-11-06 22:16:00,1636236960.0,259.2,259.2,259.2,259.2,10.37
2021-11-06 22:17:00,1636237020.0,259.2,259.2,259.2,259.2,0.0
2021-11-06 22:18:00,1636237080.0,259.1,259.2,259.1,259.2,29.984
2021-11-06 22:19:00,1636237140.0,259.1,259.1,258.8,258.9,30.069
2021-11-06 22:20:00,1636237200.0,258.9,258.9,258.5,258.5,77.448
2021-11-06 22:21:00,1636237260.0,258.5,258.6,258.5,258.6,5.11
2021-11-06 22:22:00,1636237320.0,258.6,258.9,258.6,258.7,210.754
2021-11-06 22:23:00,1636237380.0,258.6,258.6,258.4,258.4,49.96
2021-11-06 22:24:00,1636237440.0,258.4,258.6,258.4,258.6,17.893
2021-11-06 22:25:00,1636237500.0,258.6,258.7,258.3,258.5,96.078
2021-11-06 22:26:00,1636237560.0,258.5,258.5,258.4,258.4,43.694
2021-11-06 22:27:00,1636237620.0,258.4,258.4,258.4,258.4,1.111
2021-11-06 22:28:00,1636237680.0,258.4,258.5,258.4,258.5,1.085
2021-11-06 22:29:00,1636237740.0,258.4,258.6,258.4,258.6,41.483
2021-11-06 22:30:00,1636237800.0,258.6,258.6,258.6,258.6,0.918
2021-11-06 22:31:00,1636237860.0,258.6,258.6,258.6,258.6,0.779
2021-11-06 22:32:00,1636237920.0,258.5,258.6,258.5,258.5,6.788
2021-11-06 22:33:00,1636237980.0,258.6,258.6,258.6,258.6,0.428
2021-11-06 22:34:00,1636238040.0,258.7,258.7,258.6,258.6,0.992
2021-11-06 22:35:00,1636238100.0,258.7,258.7,258.7,258.7,8.984
2021-11-06 22:36:00,1636238160.0,258.7,258.8,258.7,258.8,24.84
2021-11-06 22:37:00,1636238220.0,258.9,258.9,258.9,258.9,0.316
2021-11-06 22:38:00,1636238280.0,258.8,259.1,258.8,259.1,45.609
2021-11-06 22:39:00,1636238340.0,259.1,259.1,258.9,258.9,7.225
2021-11-06 22:40:00,1636238400.0,258.9,258.9,258.9,258.9,12.999
2021-11-06 22:41:00,1636238460.0,259.0,259.2,259.0,259.2,48.11
2021-11-06 22:42:00,1636238520.0,259.1,259.2,259.0,259.1,23.428
2021-11-06 22:43:00,1636238580.0,259.1,259.1,259.0,259.0,82.048
2021-11-06 22:44:00,1636238640.0,259.0,259.1,259.0,259.1,3.62
2021-11-06 22:45:00,1636238700.0,259.1,259.1,259.0,259.0,2.105
2021-11-06 22:46:00,1636238760.0,259.0,259.1,258.9,259.1,41.283
2021-11-06 22:47:00,1636238820.0,259.1,259.1,258.9,258.9,0.961
2021-11-06 22:48:00,1636238880.0,259.0,259.0,259.0,259.0,0.039
2021-11-06 22:49:00,1636238940.0,259.0,259.0,258.9,258.9,1.904
2021-11-06 22:50:00,1636239000.0,259.0,259.0,258.7,258.7,15.22
2021-11-06 22:51:00,1636239060.0,258.7,258.7,258.7,258.7,6.441
2021-11-06 22:52:00,1636239120.0,258.7,258.7,258.7,258.7,0.046
2021-11-06 22:53:00,1636239180.0,258.7,258.8,258.7,258.8,37.234
2021-11-06 22:54:00,1636239240.0,258.7,258.8,258.7,258.7,10.533
2021-11-06 22:55:00,1636239300.0,258.7,258.8,258.7,258.8,0.481
2021-11-06 22:56:00,1636239360.0,258.8,258.8,258.7,258.7,8.006
2021-11-06 22:57:00,1636239420.0,258.8,258.9,258.8,258.9,2.139
2021-11-06 22:58:00,1636239480.0,258.8,258.9,258.8,258.9,0.943
2021-11-06 22:59:00,1636239540.0,258.8,259.0,258.7,259.0,27.524
2021-11-06 23:00:00,1636239600.0,259.0,259.1,259.0,259.1,0.647
2021-11-06 23:01:00,1636239660.0,259.1,259.1,259.1,259.1,0.894
2021-11-06 23:02:00,1636239720.0,259.0,259.1,259.0,259.0,44.706
2021-11-06 23:03:00,1636239780.0,259.0,259.1,258.9,259.0,4.753
2021-11-06 23:04:00,1636239840.0,259.1,259.1,259.1,259.1,2.15
2021-11-06 23:05:00,1636239900.0,259.1,259.1,259.0,259.1,1.17
2021-11-06 23:06:00,1636239960.0,259.1,259.1,258.7,258.7,17.552
2021-11-06 23:07:00,1636240020.0,258.8,259.0,258.8,258.8,14.092
2021-11-06 23:08:00,1636240080.0,258.8,258.9,258.8,258.9,19.34
2021-11-06 23:09:00,1636240140.0,259.0,259.1,259.0,259.1,107.493
2021-11-06 23:10:00,1636240200.0,259.1,259.3,259.1,259.3,59.581
2021-11-06 23:11:00,1636240260.0,259.3,259.6,259.3,259.6,208.763
2021-11-06 23:12:00,1636240320.0,259.5,259.6,259.5,259.5,1.494
2021-11-06 23:13:00,1636240380.0,259.6,259.7,259.6,259.6,18.373
2021-11-06 23:14:00,1636240440.0,259.5,259.6,259.5,259.5,34.756
2021-11-06 23:15:00,1636240500.0,259.6,259.6,259.5,259.5,5.05
2021-11-06 23:16:00,1636240560.0,259.6,259.6,259.6,259.6,0.168
2021-11-06 23:17:00,1636240620.0,259.5,259.5,259.5,259.5,0.041
2021-11-06 23:18:00,1636240680.0,259.5,259.6,259.5,259.6,1.346
2021-11-06 23:19:00,1636240740.0,259.6,259.6,259.5,259.6,6.561
2021-11-06 23:20:00,1636240800.0,259.6,259.8,259.6,259.6,22.885
2021-11-06 23:21:00,1636240860.0,259.6,259.9,259.6,259.7,44.345
2021-11-06 23:22:00,1636240920.0,259.8,260.0,259.7,259.8,108.4
2021-11-06 23:23:00,1636240980.0,259.9,259.9,259.8,259.8,8.476
2021-11-06 23:24:00,1636241040.0,259.9,259.9,259.9,259.9,0.614
2021-11-06 23:25:00,1636241100.0,259.9,260.0,259.9,259.9,34.509
2021-11-06 23:26:00,1636241160.0,259.9,260.0,259.9,259.9,15.959
2021-11-06 23:27:00,1636241220.0,260.0,260.0,259.9,259.9,3.013
2021-11-06 23:28:00,1636241280.0,260.0,260.0,259.9,259.9,7.754
2021-11-06 23:29:00,1636241340.0,259.9,259.9,259.9,259.9,2.958
2021-11-06 23:30:00,1636241400.0,260.0,260.1,260.0,260.0,92.905
2021-11-06 23:31:00,1636241460.0,260.1,260.3,260.1,260.2,345.151
2021-11-06 23:32:00,1636241520.0,260.2,260.3,260.2,260.3,1.431
2021-11-06 23:33:00,1636241580.0,260.2,260.2,259.7,260.1,105.744
2021-11-06 23:34:00,1636241640.0,260.1,260.1,259.9,259.9,11.689
2021-11-06 23:35:00,1636241700.0,259.9,260.2,259.9,260.1,161.701
2021-11-06 23:36:00,1636241760.0,260.2,260.2,260.0,260.0,1.725
2021-11-06 23:37:00,1636241820.0,260.0,260.3,260.0,260.3,116.126
2021-11-06 23:38:00,1636241880.0,260.3,260.3,260.0,260.0,9.691
2021-11-06 23:39:00,1636241940.0,260.1,260.1,259.9,260.0,15.564
2021-11-06 23:40:00,1636242000.0,260.0,260.1,260.0,260.1,2.337
2021-11-06 23:41:00,1636242060.0,260.0,260.0,260.0,260.0,1.039
2021-11-06 23:42:00,1636242120.0,260.0,260.1,260.0,260.0,2.985
2021-11-06 23:43:00,1636242180.0,259.9,260.0,259.9,259.9,7.93
2021-11-06 23:44:00,1636242240.0,259.9,260.0,259.7,259.7,60.46
2021-11-06 23:45:00,1636242300.0,259.8,259.9,259.7,259.8,11.666
2021-11-06 23:46:00,1636242360.0,259.9,259.9,259.8,259.8,1.005
2021-11-06 23:47:00,1636242420.0,259.8,259.8,259.8,259.8,0.109
2021-11-06 23:48:00,1636242480.0,259.8,259.9,259.8,259.9,4.119
2021-11-06 23:49:00,1636242540.0,259.9,259.9,259.8,259.8,9.057
2021-11-06 23:50:00,1636242600.0,259.9,259.9,259.9,259.9,8.048
2021-11-06 23:51:00,1636242660.0,259.8,259.8,259.8,259.8,0.393
2021-11-06 23:52:00,1636242720.0,259.9,259.9,259.8,259.8,17.212
2021-11-06 23:53:00,1636242780.0,259.8,259.8,259.5,259.6,66.101
2021-11-06 23:54:00,1636242840.0,259.5,259.6,259.5,259.6,25.117
2021-11-06 23:55:00,1636242900.0,259.6,259.7,259.6,259.7,20.285
2021-11-06 23:56:00,1636242960.0,259.7,259.7,259.7,259.7,0.0
2021-11-06 23:57:00,1636243020.0,259.6,259.7,259.6,259.7,5.779
2021-11-06 23:58:00,1636243080.0,259.8,259.8,259.7,259.7,27.843
2021-11-06 23:59:00,1636243140.0,259.7,260.0,259.7,259.9,36.279
