Universal Time,Unix Time,Open,High,Low,Close,Volume
2024-11-06 00:00:00,1730851200.0,10.84,10.86,10.83,10.86,1141.44
2024-11-06 00:01:00,1730851260.0,10.85,10.85,10.82,10.84,3366.82
2024-11-06 00:02:00,1730851320.0,10.83,10.84,10.82,10.82,531.35
2024-11-06 00:03:00,1730851380.0,10.82,10.85,10.82,10.85,3459.47
2024-11-06 00:04:00,1730851440.0,10.84,10.85,10.83,10.84,278.27
2024-11-06 00:05:00,1730851500.0,10.83,10.85,10.82,10.85,2462.72
2024-11-06 00:06:00,1730851560.0,10.84,10.85,10.84,10.84,1647.19
2024-11-06 00:07:00,1730851620.0,10.84,10.84,10.82,10.82,1845.33
2024-11-06 00:08:00,1730851680.0,10.83,10.84,10.8,10.82,2754.96
2024-11-06 00:09:00,1730851740.0,10.81,10.82,10.8,10.81,763.8
2024-11-06 00:10:00,1730851800.0,10.81,10.84,10.81,10.84,2030.54
2024-11-06 00:11:00,1730851860.0,10.84,10.84,10.82,10.83,946.86
2024-11-06 00:12:00,1730851920.0,10.83,10.84,10.82,10.84,1177.21
2024-11-06 00:13:00,1730851980.0,10.84,10.85,10.83,10.85,4763.6
2024-11-06 00:14:00,1730852040.0,10.85,10.86,10.83,10.84,3858.91
2024-11-06 00:15:00,1730852100.0,10.84,10.84,10.81,10.83,2870.23
2024-11-06 00:16:00,1730852160.0,10.83,10.85,10.82,10.85,5338.41
2024-11-06 00:17:00,1730852220.0,10.85,10.86,10.84,10.85,1184.11
2024-11-06 00:18:00,1730852280.0,10.85,10.87,10.85,10.87,1160.81
2024-11-06 00:19:00,1730852340.0,10.86,10.87,10.85,10.85,3096.48
2024-11-06 00:20:00,1730852400.0,10.85,10.85,10.83,10.84,7362.88
2024-11-06 00:21:00,1730852460.0,10.84,10.85,10.84,10.85,277.24
2024-11-06 00:22:00,1730852520.0,10.86,10.87,10.86,10.86,1016.77
2024-11-06 00:23:00,1730852580.0,10.87,10.89,10.87,10.88,2443.73
2024-11-06 00:24:00,1730852640.0,10.88,10.89,10.88,10.89,1553.28
2024-11-06 00:25:00,1730852700.0,10.9,10.92,10.89,10.92,3097.03
2024-11-06 00:26:00,1730852760.0,10.91,10.93,10.91,10.92,2121.07
2024-11-06 00:27:00,1730852820.0,10.93,10.94,10.92,10.93,163.76
2024-11-06 00:28:00,1730852880.0,10.92,10.94,10.9,10.93,1691.82
2024-11-06 00:29:00,1730852940.0,10.92,10.93,10.91,10.92,6562.23
2024-11-06 00:30:00,1730853000.0,10.93,10.96,10.93,10.95,6823.05
2024-11-06 00:31:00,1730853060.0,10.95,10.98,10.95,10.97,6850.22
2024-11-06 00:32:00,1730853120.0,10.96,10.97,10.95,10.97,1662.06
2024-11-06 00:33:00,1730853180.0,10.97,10.98,10.94,10.97,4594.91
2024-11-06 00:34:00,1730853240.0,10.98,11.0,10.97,10.98,5198.28
2024-11-06 00:35:00,1730853300.0,10.98,11.01,10.98,10.99,7633.46
2024-11-06 00:36:00,1730853360.0,11.0,11.03,11.0,11.03,7180.17
2024-11-06 00:37:00,1730853420.0,11.03,11.03,11.0,11.03,5734.06
2024-11-06 00:38:00,1730853480.0,11.02,11.03,10.99,11.01,7841.51
2024-11-06 00:39:00,1730853540.0,11.01,11.01,10.96,10.99,5124.98
2024-11-06 00:40:00,1730853600.0,11.0,11.01,10.99,11.01,5112.64
2024-11-06 00:41:00,1730853660.0,11.01,11.02,10.99,11.02,7573.1
2024-11-06 00:42:00,1730853720.0,11.01,11.03,11.01,11.01,3068.9
2024-11-06 00:43:00,1730853780.0,11.01,11.03,11.01,11.01,3945.23
2024-11-06 00:44:00,1730853840.0,11.02,11.05,11.02,11.03,7583.17
2024-11-06 00:45:00,1730853900.0,11.04,11.05,11.03,11.04,3840.05
2024-11-06 00:46:00,1730853960.0,11.04,11.05,11.02,11.03,6578.6
2024-11-06 00:47:00,1730854020.0,11.03,11.04,10.99,11.0,4076.53
2024-11-06 00:48:00,1730854080.0,11.0,11.03,10.99,11.02,2183.59
2024-11-06 00:49:00,1730854140.0,11.03,11.07,11.03,11.06,6162.1
2024-11-06 00:50:00,1730854200.0,11.06,11.07,11.04,11.06,7942.97
2024-11-06 00:51:00,1730854260.0,11.05,11.05,11.03,11.05,3407.65
2024-11-06 00:52:00,1730854320.0,11.05,11.06,11.04,11.04,2293.18
2024-11-06 00:53:00,1730854380.0,11.05,11.06,11.05,11.06,4413.33
2024-11-06 00:54:00,1730854440.0,11.07,11.08,11.07,11.08,3139.42
2024-11-06 00:55:00,1730854500.0,11.08,11.09,11.06,11.09,7278.8
2024-11-06 00:56:00,1730854560.0,11.08,11.08,11.06,11.08,1563.63
2024-11-06 00:57:00,1730854620.0,11.07,11.07,11.04,11.05,9271.05
2024-11-06 00:58:00,1730854680.0,11.05,11.06,11.04,11.06,3823.47
2024-11-06 00:59:00,1730854740.0,11.06,11.08,11.04,11.06,3483.76
2024-11-06 01:00:00,1730854800.0,11.06,11.09,11.06,11.09,3400.12
2024-11-06 01:01:00,1730854860.0,11.08,11.12,11.07,11.11,3168.62
2024-11-06 01:02:00,1730854920.0,11.12,11.12,11.08,11.09,5088.38
2024-11-06 01:03:00,1730854980.0,11.08,11.11,11.08,11.1,2485.89
2024-11-06 01:04:00,1730855040.0,11.1,11.11,11.09,11.1,2957.66
2024-11-06 01:05:00,1730855100.0,11.11,11.13,11.09,11.11,3845.73
2024-11-06 01:06:00,1730855160.0,11.11,11.12,11.1,11.12,2333.09
2024-11-06 01:07:00,1730855220.0,11.12,11.13,11.11,11.13,3497.34
2024-11-06 01:08:00,1730855280.0,11.13,11.14,11.12,11.14,2467.14
2024-11-06 01:09:00,1730855340.0,11.14,11.15,11.13,11.15,2169.42
2024-11-06 01:10:00,1730855400.0,11.15,11.17,11.15,11.16,3534.05
2024-11-06 01:11:00,1730855460.0,11.16,11.18,11.14,11.16,4862.17
2024-11-06 01:12:00,1730855520.0,11.16,11.18,11.16,11.16,2144.78
2024-11-06 01:13:00,1730855580.0,11.16,11.17,11.14,11.16,5156.14
2024-11-06 01:14:00,1730855640.0,11.15,11.17,11.15,11.17,3880.27
2024-11-06 01:15:00,1730855700.0,11.17,11.18,11.11,11.12,11475.3
2024-11-06 01:16:00,1730855760.0,11.12,11.12,11.08,11.09,3686.67
2024-11-06 01:17:00,1730855820.0,11.09,11.09,11.0,11.02,27047.92
2024-11-06 01:18:00,1730855880.0,11.03,11.09,11.03,11.08,10960.44
2024-11-06 01:19:00,1730855940.0,11.07,11.1,11.07,11.08,8917.6
2024-11-06 01:20:00,1730856000.0,11.08,11.09,11.05,11.08,10909.47
2024-11-06 01:21:00,1730856060.0,11.07,11.07,11.02,11.03,2459.59
2024-11-06 01:22:00,1730856120.0,11.03,11.03,11.0,11.01,2894.6
2024-11-06 01:23:00,1730856180.0,11.0,11.04,11.0,11.03,4574.81
2024-11-06 01:24:00,1730856240.0,11.03,11.05,11.01,11.05,3888.08
2024-11-06 01:25:00,1730856300.0,11.05,11.06,11.02,11.02,2548.34
2024-11-06 01:26:00,1730856360.0,11.02,11.06,11.01,11.06,15008.81
2024-11-06 01:27:00,1730856420.0,11.05,11.05,11.02,11.03,5248.14
2024-11-06 01:28:00,1730856480.0,11.03,11.1,11.03,11.09,3912.21
2024-11-06 01:29:00,1730856540.0,11.09,11.12,11.09,11.1,6367.12
2024-11-06 01:30:00,1730856600.0,11.11,11.13,11.11,11.13,5986.65
2024-11-06 01:31:00,1730856660.0,11.13,11.15,11.12,11.12,2757.61
2024-11-06 01:32:00,1730856720.0,11.13,11.14,11.11,11.12,4319.81
2024-11-06 01:33:00,1730856780.0,11.13,11.13,11.09,11.09,3187.3
2024-11-06 01:34:00,1730856840.0,11.1,11.12,11.09,11.12,3938.63
2024-11-06 01:35:00,1730856900.0,11.11,11.13,11.09,11.1,2651.66
2024-11-06 01:36:00,1730856960.0,11.09,11.12,11.08,11.12,3216.95
2024-11-06 01:37:00,1730857020.0,11.12,11.12,11.08,11.11,2706.36
2024-11-06 01:38:00,1730857080.0,11.1,11.11,11.09,11.11,430.51
2024-11-06 01:39:00,1730857140.0,11.1,11.11,11.09,11.11,2458.0
2024-11-06 01:40:00,1730857200.0,11.11,11.12,11.09,11.1,7778.17
2024-11-06 01:41:00,1730857260.0,11.1,11.1,11.07,11.07,5167.57
2024-11-06 01:42:00,1730857320.0,11.08,11.12,11.08,11.12,3855.06
2024-11-06 01:43:00,1730857380.0,11.11,11.13,11.1,11.11,2901.3
2024-11-06 01:44:00,1730857440.0,11.1,11.11,11.1,11.1,1341.28
2024-11-06 01:45:00,1730857500.0,11.1,11.11,11.08,11.11,3196.07
2024-11-06 01:46:00,1730857560.0,11.11,11.12,11.09,11.1,6453.09
2024-11-06 01:47:00,1730857620.0,11.11,11.11,11.09,11.1,1139.52
2024-11-06 01:48:00,1730857680.0,11.1,11.1,11.08,11.1,1531.86
2024-11-06 01:49:00,1730857740.0,11.1,11.12,11.1,11.12,1088.18
2024-11-06 01:50:00,1730857800.0,11.11,11.13,11.11,11.13,3611.9
2024-11-06 01:51:00,1730857860.0,11.12,11.13,11.11,11.13,1014.19
2024-11-06 01:52:00,1730857920.0,11.13,11.15,11.1,11.14,8010.75
2024-11-06 01:53:00,1730857980.0,11.15,11.15,11.11,11.11,1303.63
2024-11-06 01:54:00,1730858040.0,11.12,11.13,11.11,11.13,1824.19
2024-11-06 01:55:00,1730858100.0,11.13,11.14,11.12,11.13,3840.98
2024-11-06 01:56:00,1730858160.0,11.13,11.16,11.12,11.15,853.28
2024-11-06 01:57:00,1730858220.0,11.15,11.15,11.11,11.11,2150.95
2024-11-06 01:58:00,1730858280.0,11.12,11.13,11.11,11.11,2475.47
2024-11-06 01:59:00,1730858340.0,11.11,11.12,11.11,11.12,106.02
2024-11-06 02:00:00,1730858400.0,11.12,11.14,11.11,11.13,650.32
2024-11-06 02:01:00,1730858460.0,11.13,11.13,11.12,11.13,3470.54
2024-11-06 02:02:00,1730858520.0,11.14,11.14,11.11,11.12,468.02
2024-11-06 02:03:00,1730858580.0,11.11,11.12,11.11,11.11,2398.8
2024-11-06 02:04:00,1730858640.0,11.12,11.13,11.11,11.11,1869.23
2024-11-06 02:05:00,1730858700.0,11.11,11.12,11.09,11.09,5135.96
2024-11-06 02:06:00,1730858760.0,11.09,11.09,11.08,11.08,2036.34
2024-11-06 02:07:00,1730858820.0,11.09,11.11,11.08,11.1,1276.09
2024-11-06 02:08:00,1730858880.0,11.09,11.14,11.09,11.14,473.31
2024-11-06 02:09:00,1730858940.0,11.14,11.16,11.14,11.16,4156.21
2024-11-06 02:10:00,1730859000.0,11.15,11.16,11.14,11.15,1828.44
2024-11-06 02:11:00,1730859060.0,11.16,11.17,11.15,11.16,1174.9
2024-11-06 02:12:00,1730859120.0,11.17,11.17,11.15,11.16,2991.05
2024-11-06 02:13:00,1730859180.0,11.17,11.19,11.16,11.18,4948.59
2024-11-06 02:14:00,1730859240.0,11.18,11.19,11.16,11.18,2121.1
2024-11-06 02:15:00,1730859300.0,11.17,11.21,11.17,11.2,4861.81
2024-11-06 02:16:00,1730859360.0,11.21,11.24,11.2,11.23,9968.88
2024-11-06 02:17:00,1730859420.0,11.22,11.26,11.21,11.25,7047.66
2024-11-06 02:18:00,1730859480.0,11.25,11.26,11.23,11.24,3978.04
2024-11-06 02:19:00,1730859540.0,11.25,11.28,11.24,11.28,7558.19
2024-11-06 02:20:00,1730859600.0,11.28,11.31,11.27,11.29,21488.04
2024-11-06 02:21:00,1730859660.0,11.29,11.31,11.28,11.29,5516.98
2024-11-06 02:22:00,1730859720.0,11.3,11.32,11.28,11.29,2759.44
2024-11-06 02:23:00,1730859780.0,11.3,11.32,11.29,11.32,2764.57
2024-11-06 02:24:00,1730859840.0,11.32,11.32,11.3,11.32,2118.12
2024-11-06 02:25:00,1730859900.0,11.31,11.34,11.31,11.33,5147.98
2024-11-06 02:26:00,1730859960.0,11.33,11.34,11.32,11.34,1315.08
2024-11-06 02:27:00,1730860020.0,11.34,11.35,11.33,11.35,5427.66
2024-11-06 02:28:00,1730860080.0,11.35,11.38,11.34,11.37,9411.6
2024-11-06 02:29:00,1730860140.0,11.37,11.39,11.36,11.38,6972.53
2024-11-06 02:30:00,1730860200.0,11.39,11.43,11.37,11.42,10714.07
2024-11-06 02:31:00,1730860260.0,11.42,11.43,11.39,11.42,7083.81
2024-11-06 02:32:00,1730860320.0,11.42,11.43,11.4,11.41,4671.7
2024-11-06 02:33:00,1730860380.0,11.41,11.44,11.41,11.43,6013.58
2024-11-06 02:34:00,1730860440.0,11.43,11.46,11.43,11.44,4687.6
2024-11-06 02:35:00,1730860500.0,11.43,11.46,11.43,11.44,5779.52
2024-11-06 02:36:00,1730860560.0,11.44,11.46,11.41,11.46,7370.15
2024-11-06 02:37:00,1730860620.0,11.46,11.47,11.44,11.47,3525.8
2024-11-06 02:38:00,1730860680.0,11.47,11.47,11.45,11.45,5510.16
2024-11-06 02:39:00,1730860740.0,11.45,11.47,11.43,11.45,3007.38
2024-11-06 02:40:00,1730860800.0,11.45,11.45,11.39,11.41,7424.56
2024-11-06 02:41:00,1730860860.0,11.4,11.42,11.39,11.41,7409.47
2024-11-06 02:42:00,1730860920.0,11.42,11.43,11.4,11.43,5198.91
2024-11-06 02:43:00,1730860980.0,11.43,11.47,11.43,11.46,5467.48
2024-11-06 02:44:00,1730861040.0,11.47,11.48,11.46,11.47,6157.6
2024-11-06 02:45:00,1730861100.0,11.47,11.5,11.47,11.48,3244.3
2024-11-06 02:46:00,1730861160.0,11.49,11.5,11.45,11.47,5948.49
2024-11-06 02:47:00,1730861220.0,11.47,11.48,11.46,11.46,3877.63
2024-11-06 02:48:00,1730861280.0,11.47,11.5,11.47,11.48,4234.45
2024-11-06 02:49:00,1730861340.0,11.48,11.5,11.48,11.5,5290.17
2024-11-06 02:50:00,1730861400.0,11.5,11.5,11.48,11.49,1518.19
2024-11-06 02:51:00,1730861460.0,11.49,11.5,11.47,11.48,1629.81
2024-11-06 02:52:00,1730861520.0,11.49,11.5,11.47,11.48,12474.62
2024-11-06 02:53:00,1730861580.0,11.47,11.5,11.46,11.48,7328.98
2024-11-06 02:54:00,1730861640.0,11.48,11.5,11.48,11.5,4486.26
2024-11-06 02:55:00,1730861700.0,11.5,11.5,11.48,11.5,2766.8
2024-11-06 02:56:00,1730861760.0,11.5,11.51,11.49,11.51,4709.34
2024-11-06 02:57:00,1730861820.0,11.51,11.52,11.5,11.51,3552.22
2024-11-06 02:58:00,1730861880.0,11.52,11.53,11.5,11.51,5858.53
2024-11-06 02:59:00,1730861940.0,11.52,11.52,11.47,11.49,8160.66
2024-11-06 03:00:00,1730862000.0,11.48,11.51,11.48,11.49,5967.36
2024-11-06 03:01:00,1730862060.0,11.49,11.51,11.48,11.5,4330.22
2024-11-06 03:02:00,1730862120.0,11.5,11.54,11.5,11.53,5123.18
2024-11-06 03:03:00,1730862180.0,11.54,11.58,11.52,11.57,16088.55
2024-11-06 03:04:00,1730862240.0,11.57,11.65,11.57,11.63,25875.75
2024-11-06 03:05:00,1730862300.0,11.64,11.65,11.6,11.65,11137.65
2024-11-06 03:06:00,1730862360.0,11.65,11.7,11.64,11.7,17951.13
2024-11-06 03:07:00,1730862420.0,11.7,11.74,11.68,11.73,46479.6
2024-11-06 03:08:00,1730862480.0,11.74,11.78,11.69,11.71,46161.43
2024-11-06 03:09:00,1730862540.0,11.71,11.77,11.64,11.66,27885.15
2024-11-06 03:10:00,1730862600.0,11.67,11.67,11.56,11.61,56956.19
2024-11-06 03:11:00,1730862660.0,11.61,11.64,11.51,11.56,27796.97
2024-11-06 03:12:00,1730862720.0,11.56,11.59,11.5,11.59,26641.39
2024-11-06 03:13:00,1730862780.0,11.58,11.59,11.52,11.56,26424.55
2024-11-06 03:14:00,1730862840.0,11.57,11.64,11.57,11.63,6886.5
2024-11-06 03:15:00,1730862900.0,11.63,11.66,11.6,11.62,8475.49
2024-11-06 03:16:00,1730862960.0,11.62,11.64,11.59,11.6,7065.05
2024-11-06 03:17:00,1730863020.0,11.6,11.68,11.59,11.66,7795.46
2024-11-06 03:18:00,1730863080.0,11.67,11.7,11.66,11.67,7623.61
2024-11-06 03:19:00,1730863140.0,11.66,11.66,11.63,11.64,6667.26
2024-11-06 03:20:00,1730863200.0,11.64,11.67,11.63,11.66,3656.59
2024-11-06 03:21:00,1730863260.0,11.66,11.67,11.6,11.61,5277.44
2024-11-06 03:22:00,1730863320.0,11.6,11.63,11.59,11.59,15168.75
2024-11-06 03:23:00,1730863380.0,11.6,11.61,11.56,11.57,9280.89
2024-11-06 03:24:00,1730863440.0,11.58,11.58,11.53,11.57,9932.76
2024-11-06 03:25:00,1730863500.0,11.57,11.61,11.57,11.61,7127.72
2024-11-06 03:26:00,1730863560.0,11.6,11.65,11.6,11.61,9103.94
2024-11-06 03:27:00,1730863620.0,11.62,11.65,11.61,11.64,14604.54
2024-11-06 03:28:00,1730863680.0,11.64,11.65,11.61,11.61,12101.4
2024-11-06 03:29:00,1730863740.0,11.61,11.62,11.58,11.62,5467.9
2024-11-06 03:30:00,1730863800.0,11.61,11.63,11.6,11.61,12617.6
2024-11-06 03:31:00,1730863860.0,11.61,11.63,11.6,11.63,7839.35
2024-11-06 03:32:00,1730863920.0,11.62,11.63,11.59,11.62,3741.08
2024-11-06 03:33:00,1730863980.0,11.61,11.68,11.6,11.67,4873.24
2024-11-06 03:34:00,1730864040.0,11.67,11.68,11.62,11.65,6782.58
2024-11-06 03:35:00,1730864100.0,11.65,11.69,11.64,11.66,8344.8
2024-11-06 03:36:00,1730864160.0,11.67,11.69,11.64,11.67,10797.14
2024-11-06 03:37:00,1730864220.0,11.67,11.69,11.65,11.66,12658.09
2024-11-06 03:38:00,1730864280.0,11.67,11.69,11.66,11.67,4658.62
2024-11-06 03:39:00,1730864340.0,11.67,11.71,11.67,11.67,11131.22
2024-11-06 03:40:00,1730864400.0,11.67,11.7,11.65,11.67,12390.68
2024-11-06 03:41:00,1730864460.0,11.67,11.71,11.67,11.69,7494.95
2024-11-06 03:42:00,1730864520.0,11.69,11.7,11.65,11.66,11161.66
2024-11-06 03:43:00,1730864580.0,11.66,11.69,11.65,11.68,11075.84
2024-11-06 03:44:00,1730864640.0,11.69,11.69,11.66,11.68,4807.99
2024-11-06 03:45:00,1730864700.0,11.68,11.71,11.67,11.7,62008.54
2024-11-06 03:46:00,1730864760.0,11.7,11.7,11.65,11.66,15788.35
2024-11-06 03:47:00,1730864820.0,11.65,11.65,11.63,11.64,12914.92
2024-11-06 03:48:00,1730864880.0,11.64,11.7,11.64,11.69,24937.49
2024-11-06 03:49:00,1730864940.0,11.69,11.7,11.68,11.69,1920.36
2024-11-06 03:50:00,1730865000.0,11.68,11.71,11.68,11.69,3132.35
2024-11-06 03:51:00,1730865060.0,11.69,11.7,11.67,11.69,3304.02
2024-11-06 03:52:00,1730865120.0,11.68,11.69,11.67,11.67,8556.2
2024-11-06 03:53:00,1730865180.0,11.68,11.7,11.68,11.7,5868.59
2024-11-06 03:54:00,1730865240.0,11.7,11.7,11.67,11.69,4277.88
2024-11-06 03:55:00,1730865300.0,11.69,11.71,11.68,11.69,11231.16
2024-11-06 03:56:00,1730865360.0,11.7,11.71,11.7,11.71,5542.12
2024-11-06 03:57:00,1730865420.0,11.7,11.71,11.69,11.69,4611.94
2024-11-06 03:58:00,1730865480.0,11.69,11.71,11.68,11.7,7344.61
2024-11-06 03:59:00,1730865540.0,11.7,11.71,11.69,11.7,1573.82
2024-11-06 04:00:00,1730865600.0,11.7,11.74,11.69,11.73,9952.5
2024-11-06 04:01:00,1730865660.0,11.72,11.73,11.7,11.72,9569.62
2024-11-06 04:02:00,1730865720.0,11.72,11.74,11.71,11.72,4793.84
2024-11-06 04:03:00,1730865780.0,11.73,11.74,11.69,11.69,8907.38
2024-11-06 04:04:00,1730865840.0,11.69,11.71,11.66,11.68,14478.14
2024-11-06 04:05:00,1730865900.0,11.68,11.69,11.65,11.67,8178.45
2024-11-06 04:06:00,1730865960.0,11.68,11.69,11.65,11.67,6363.19
2024-11-06 04:07:00,1730866020.0,11.68,11.74,11.68,11.74,7153.47
2024-11-06 04:08:00,1730866080.0,11.73,11.77,11.7,11.76,8702.8
2024-11-06 04:09:00,1730866140.0,11.75,11.76,11.73,11.73,6451.74
2024-11-06 04:10:00,1730866200.0,11.74,11.77,11.74,11.76,6795.32
2024-11-06 04:11:00,1730866260.0,11.76,11.76,11.74,11.75,3770.09
2024-11-06 04:12:00,1730866320.0,11.76,11.76,11.73,11.74,2726.73
2024-11-06 04:13:00,1730866380.0,11.74,11.76,11.73,11.75,8535.08
2024-11-06 04:14:00,1730866440.0,11.76,11.77,11.75,11.76,5572.79
2024-11-06 04:15:00,1730866500.0,11.76,11.78,11.75,11.78,5190.52
2024-11-06 04:16:00,1730866560.0,11.77,11.78,11.74,11.75,6519.3
2024-11-06 04:17:00,1730866620.0,11.75,11.79,11.74,11.78,6729.08
2024-11-06 04:18:00,1730866680.0,11.77,11.78,11.74,11.76,2633.91
2024-11-06 04:19:00,1730866740.0,11.76,11.76,11.74,11.76,2396.76
2024-11-06 04:20:00,1730866800.0,11.76,11.78,11.75,11.77,4600.33
2024-11-06 04:21:00,1730866860.0,11.77,11.79,11.77,11.79,1160.87
2024-11-06 04:22:00,1730866920.0,11.79,11.8,11.77,11.79,9601.01
2024-11-06 04:23:00,1730866980.0,11.78,11.8,11.77,11.79,9716.77
2024-11-06 04:24:00,1730867040.0,11.78,11.8,11.76,11.79,7728.83
2024-11-06 04:25:00,1730867100.0,11.79,11.81,11.78,11.79,14001.66
2024-11-06 04:26:00,1730867160.0,11.79,11.79,11.73,11.75,12910.72
2024-11-06 04:27:00,1730867220.0,11.75,11.78,11.75,11.78,8898.4
2024-11-06 04:28:00,1730867280.0,11.77,11.79,11.76,11.78,8104.81
2024-11-06 04:29:00,1730867340.0,11.77,11.78,11.75,11.75,3504.11
2024-11-06 04:30:00,1730867400.0,11.74,11.76,11.71,11.73,5440.72
2024-11-06 04:31:00,1730867460.0,11.74,11.77,11.74,11.76,6343.58
2024-11-06 04:32:00,1730867520.0,11.77,11.77,11.75,11.76,2706.6
2024-11-06 04:33:00,1730867580.0,11.76,11.78,11.75,11.78,4026.53
2024-11-06 04:34:00,1730867640.0,11.78,11.79,11.76,11.77,2307.93
2024-11-06 04:35:00,1730867700.0,11.77,11.77,11.75,11.76,6793.82
2024-11-06 04:36:00,1730867760.0,11.77,11.78,11.76,11.78,2675.11
2024-11-06 04:37:00,1730867820.0,11.77,11.78,11.76,11.76,1023.27
2024-11-06 04:38:00,1730867880.0,11.76,11.76,11.72,11.73,4424.35
2024-11-06 04:39:00,1730867940.0,11.73,11.74,11.71,11.71,3471.99
2024-11-06 04:40:00,1730868000.0,11.72,11.73,11.7,11.71,2414.38
2024-11-06 04:41:00,1730868060.0,11.7,11.71,11.67,11.69,7384.02
2024-11-06 04:42:00,1730868120.0,11.7,11.72,11.69,11.72,9961.02
2024-11-06 04:43:00,1730868180.0,11.71,11.73,11.7,11.7,3555.1
2024-11-06 04:44:00,1730868240.0,11.71,11.71,11.69,11.7,1393.72
2024-11-06 04:45:00,1730868300.0,11.7,11.72,11.69,11.7,4373.49
2024-11-06 04:46:00,1730868360.0,11.7,11.71,11.69,11.69,1635.64
2024-11-06 04:47:00,1730868420.0,11.69,11.71,11.69,11.7,2680.98
2024-11-06 04:48:00,1730868480.0,11.7,11.71,11.67,11.67,5501.38
2024-11-06 04:49:00,1730868540.0,11.67,11.69,11.67,11.67,1732.06
2024-11-06 04:50:00,1730868600.0,11.68,11.68,11.66,11.67,4634.83
2024-11-06 04:51:00,1730868660.0,11.67,11.69,11.67,11.68,3595.46
2024-11-06 04:52:00,1730868720.0,11.69,11.71,11.68,11.68,4583.36
2024-11-06 04:53:00,1730868780.0,11.69,11.7,11.67,11.7,3728.65
2024-11-06 04:54:00,1730868840.0,11.7,11.72,11.69,11.71,4322.37
2024-11-06 04:55:00,1730868900.0,11.71,11.71,11.7,11.7,4591.31
2024-11-06 04:56:00,1730868960.0,11.7,11.71,11.68,11.68,3162.03
2024-11-06 04:57:00,1730869020.0,11.68,11.7,11.68,11.68,4061.2
2024-11-06 04:58:00,1730869080.0,11.69,11.69,11.68,11.68,4715.01
2024-11-06 04:59:00,1730869140.0,11.69,11.7,11.64,11.65,16065.17
2024-11-06 05:00:00,1730869200.0,11.65,11.69,11.65,11.66,9336.59
2024-11-06 05:01:00,1730869260.0,11.66,11.66,11.62,11.64,11826.12
2024-11-06 05:02:00,1730869320.0,11.63,11.64,11.57,11.6,20508.23
2024-11-06 05:03:00,1730869380.0,11.6,11.64,11.58,11.59,13597.14
2024-11-06 05:04:00,1730869440.0,11.59,11.64,11.59,11.62,7177.53
2024-11-06 05:05:00,1730869500.0,11.63,11.67,11.62,11.66,15057.23
2024-11-06 05:06:00,1730869560.0,11.65,11.68,11.65,11.65,8350.44
2024-11-06 05:07:00,1730869620.0,11.65,11.65,11.64,11.64,1960.98
2024-11-06 05:08:00,1730869680.0,11.64,11.66,11.62,11.63,3749.7
2024-11-06 05:09:00,1730869740.0,11.63,11.68,11.63,11.67,7861.77
2024-11-06 05:10:00,1730869800.0,11.66,11.69,11.65,11.65,9247.25
2024-11-06 05:11:00,1730869860.0,11.64,11.64,11.62,11.62,6188.79
2024-11-06 05:12:00,1730869920.0,11.63,11.65,11.61,11.62,5215.1
2024-11-06 05:13:00,1730869980.0,11.62,11.65,11.62,11.65,7010.49
2024-11-06 05:14:00,1730870040.0,11.65,11.66,11.62,11.65,3796.52
2024-11-06 05:15:00,1730870100.0,11.64,11.67,11.64,11.67,2993.87
2024-11-06 05:16:00,1730870160.0,11.68,11.69,11.65,11.66,3916.81
2024-11-06 05:17:00,1730870220.0,11.67,11.67,11.63,11.64,3592.82
2024-11-06 05:18:00,1730870280.0,11.65,11.66,11.62,11.66,1976.56
2024-11-06 05:19:00,1730870340.0,11.65,11.65,11.63,11.63,2595.0
2024-11-06 05:20:00,1730870400.0,11.64,11.65,11.63,11.64,2400.14
2024-11-06 05:21:00,1730870460.0,11.63,11.65,11.62,11.63,3216.64
2024-11-06 05:22:00,1730870520.0,11.62,11.64,11.62,11.63,5932.24
2024-11-06 05:23:00,1730870580.0,11.63,11.66,11.63,11.66,4672.8
2024-11-06 05:24:00,1730870640.0,11.66,11.68,11.65,11.66,6612.87
2024-11-06 05:25:00,1730870700.0,11.66,11.67,11.65,11.67,3659.55
2024-11-06 05:26:00,1730870760.0,11.66,11.72,11.66,11.71,15260.14
2024-11-06 05:27:00,1730870820.0,11.7,11.72,11.69,11.72,6877.82
2024-11-06 05:28:00,1730870880.0,11.72,11.74,11.71,11.73,5453.46
2024-11-06 05:29:00,1730870940.0,11.73,11.73,11.7,11.72,8283.33
2024-11-06 05:30:00,1730871000.0,11.71,11.73,11.71,11.71,7440.5
2024-11-06 05:31:00,1730871060.0,11.71,11.74,11.71,11.73,6098.37
2024-11-06 05:32:00,1730871120.0,11.73,11.75,11.73,11.74,4575.65
2024-11-06 05:33:00,1730871180.0,11.75,11.75,11.72,11.73,4447.49
2024-11-06 05:34:00,1730871240.0,11.73,11.74,11.72,11.72,3505.6
2024-11-06 05:35:00,1730871300.0,11.73,11.73,11.7,11.71,5767.31
2024-11-06 05:36:00,1730871360.0,11.72,11.73,11.69,11.7,5785.98
2024-11-06 05:37:00,1730871420.0,11.69,11.71,11.68,11.71,2554.24
2024-11-06 05:38:00,1730871480.0,11.71,11.73,11.7,11.71,3403.55
2024-11-06 05:39:00,1730871540.0,11.71,11.73,11.71,11.73,400.55
2024-11-06 05:40:00,1730871600.0,11.72,11.75,11.72,11.75,6973.75
2024-11-06 05:41:00,1730871660.0,11.76,11.76,11.74,11.75,1923.48
2024-11-06 05:42:00,1730871720.0,11.75,11.76,11.73,11.74,3038.07
2024-11-06 05:43:00,1730871780.0,11.74,11.76,11.74,11.75,3786.97
2024-11-06 05:44:00,1730871840.0,11.75,11.76,11.74,11.76,1481.69
2024-11-06 05:45:00,1730871900.0,11.75,11.76,11.74,11.75,3645.96
2024-11-06 05:46:00,1730871960.0,11.75,11.78,11.75,11.77,13866.33
2024-11-06 05:47:00,1730872020.0,11.77,11.78,11.76,11.77,5515.49
2024-11-06 05:48:00,1730872080.0,11.77,11.79,11.77,11.78,2230.06
2024-11-06 05:49:00,1730872140.0,11.78,11.79,11.77,11.79,1718.34
2024-11-06 05:50:00,1730872200.0,11.79,11.79,11.78,11.78,504.21
2024-11-06 05:51:00,1730872260.0,11.78,11.78,11.77,11.78,3411.11
2024-11-06 05:52:00,1730872320.0,11.77,11.78,11.77,11.78,1611.07
2024-11-06 05:53:00,1730872380.0,11.77,11.78,11.77,11.77,2837.69
2024-11-06 05:54:00,1730872440.0,11.78,11.78,11.77,11.77,1902.7
2024-11-06 05:55:00,1730872500.0,11.77,11.78,11.76,11.77,1609.3
2024-11-06 05:56:00,1730872560.0,11.77,11.78,11.77,11.77,1699.62
2024-11-06 05:57:00,1730872620.0,11.77,11.78,11.76,11.76,2234.99
2024-11-06 05:58:00,1730872680.0,11.77,11.77,11.75,11.77,9347.99
2024-11-06 05:59:00,1730872740.0,11.77,11.78,11.76,11.77,7818.08
2024-11-06 06:00:00,1730872800.0,11.77,11.77,11.75,11.77,7675.25
2024-11-06 06:01:00,1730872860.0,11.76,11.77,11.76,11.76,2335.28
2024-11-06 06:02:00,1730872920.0,11.77,11.79,11.76,11.79,8275.69
2024-11-06 06:03:00,1730872980.0,11.79,11.8,11.77,11.8,6872.71
2024-11-06 06:04:00,1730873040.0,11.8,11.8,11.78,11.8,8273.11
2024-11-06 06:05:00,1730873100.0,11.8,11.82,11.74,11.79,38026.39
2024-11-06 06:06:00,1730873160.0,11.79,11.79,11.72,11.74,25227.36
2024-11-06 06:07:00,1730873220.0,11.73,11.76,11.72,11.74,3111.3
2024-11-06 06:08:00,1730873280.0,11.74,11.75,11.73,11.73,9502.27
2024-11-06 06:09:00,1730873340.0,11.73,11.75,11.72,11.75,1147.16
2024-11-06 06:10:00,1730873400.0,11.76,11.79,11.74,11.77,10763.0
2024-11-06 06:11:00,1730873460.0,11.78,11.8,11.77,11.78,2434.13
2024-11-06 06:12:00,1730873520.0,11.79,11.8,11.78,11.8,4063.08
2024-11-06 06:13:00,1730873580.0,11.8,11.8,11.78,11.78,800.23
2024-11-06 06:14:00,1730873640.0,11.78,11.79,11.78,11.78,1101.54
2024-11-06 06:15:00,1730873700.0,11.78,11.79,11.77,11.79,4723.09
2024-11-06 06:16:00,1730873760.0,11.78,11.8,11.78,11.79,2960.31
2024-11-06 06:17:00,1730873820.0,11.79,11.82,11.79,11.82,5620.75
2024-11-06 06:18:00,1730873880.0,11.82,11.82,11.8,11.81,2511.35
2024-11-06 06:19:00,1730873940.0,11.81,11.82,11.81,11.82,7550.73
2024-11-06 06:20:00,1730874000.0,11.81,11.87,11.81,11.86,20208.25
2024-11-06 06:21:00,1730874060.0,11.85,11.87,11.84,11.86,9870.39
2024-11-06 06:22:00,1730874120.0,11.87,11.89,11.86,11.87,12473.81
2024-11-06 06:23:00,1730874180.0,11.87,11.91,11.87,11.91,8794.73
2024-11-06 06:24:00,1730874240.0,11.9,11.92,11.88,11.91,15207.9
2024-11-06 06:25:00,1730874300.0,11.91,11.94,11.9,11.93,9521.64
2024-11-06 06:26:00,1730874360.0,11.92,11.93,11.89,11.89,8980.82
2024-11-06 06:27:00,1730874420.0,11.89,11.9,11.86,11.87,6670.32
2024-11-06 06:28:00,1730874480.0,11.87,11.88,11.83,11.83,3241.44
2024-11-06 06:29:00,1730874540.0,11.84,11.84,11.81,11.83,4840.62
2024-11-06 06:30:00,1730874600.0,11.83,11.84,11.79,11.81,6450.81
2024-11-06 06:31:00,1730874660.0,11.81,11.86,11.81,11.84,5372.85
2024-11-06 06:32:00,1730874720.0,11.84,11.85,11.83,11.84,4532.53
2024-11-06 06:33:00,1730874780.0,11.84,11.88,11.84,11.86,1587.75
2024-11-06 06:34:00,1730874840.0,11.87,11.87,11.84,11.85,3291.18
2024-11-06 06:35:00,1730874900.0,11.86,11.89,11.85,11.89,3923.01
2024-11-06 06:36:00,1730874960.0,11.88,11.9,11.88,11.9,3412.12
2024-11-06 06:37:00,1730875020.0,11.9,11.92,11.89,11.9,7754.67
2024-11-06 06:38:00,1730875080.0,11.91,11.91,11.87,11.88,6032.37
2024-11-06 06:39:00,1730875140.0,11.89,11.89,11.84,11.86,34631.24
2024-11-06 06:40:00,1730875200.0,11.86,11.87,11.84,11.85,2733.45
2024-11-06 06:41:00,1730875260.0,11.85,11.86,11.84,11.86,382.6
2024-11-06 06:42:00,1730875320.0,11.86,11.86,11.84,11.85,4762.64
2024-11-06 06:43:00,1730875380.0,11.85,11.85,11.81,11.81,7327.75
2024-11-06 06:44:00,1730875440.0,11.82,11.82,11.8,11.82,2468.14
2024-11-06 06:45:00,1730875500.0,11.82,11.82,11.78,11.79,3416.88
2024-11-06 06:46:00,1730875560.0,11.79,11.8,11.76,11.79,14214.04
2024-11-06 06:47:00,1730875620.0,11.79,11.79,11.77,11.78,3782.84
2024-11-06 06:48:00,1730875680.0,11.79,11.84,11.78,11.83,5089.05
2024-11-06 06:49:00,1730875740.0,11.84,11.87,11.83,11.84,4432.99
2024-11-06 06:50:00,1730875800.0,11.85,11.85,11.81,11.83,2283.31
2024-11-06 06:51:00,1730875860.0,11.83,11.83,11.8,11.81,2952.16
2024-11-06 06:52:00,1730875920.0,11.82,11.82,11.78,11.79,4042.55
2024-11-06 06:53:00,1730875980.0,11.79,11.79,11.74,11.76,7379.0
2024-11-06 06:54:00,1730876040.0,11.76,11.79,11.76,11.78,6219.97
2024-11-06 06:55:00,1730876100.0,11.78,11.81,11.78,11.79,5620.64
2024-11-06 06:56:00,1730876160.0,11.79,11.8,11.76,11.77,3940.99
2024-11-06 06:57:00,1730876220.0,11.77,11.79,11.74,11.75,4010.9
2024-11-06 06:58:00,1730876280.0,11.74,11.75,11.73,11.73,5486.62
2024-11-06 06:59:00,1730876340.0,11.74,11.75,11.72,11.73,5975.4
2024-11-06 07:00:00,1730876400.0,11.72,11.76,11.72,11.75,5035.55
2024-11-06 07:01:00,1730876460.0,11.76,11.78,11.75,11.77,2512.73
2024-11-06 07:02:00,1730876520.0,11.77,11.77,11.74,11.77,4276.87
2024-11-06 07:03:00,1730876580.0,11.76,11.78,11.76,11.78,926.67
2024-11-06 07:04:00,1730876640.0,11.77,11.79,11.77,11.77,2725.75
2024-11-06 07:05:00,1730876700.0,11.77,11.78,11.76,11.78,2112.99
2024-11-06 07:06:00,1730876760.0,11.79,11.81,11.78,11.81,1847.89
2024-11-06 07:07:00,1730876820.0,11.81,11.82,11.79,11.81,3275.28
2024-11-06 07:08:00,1730876880.0,11.82,11.83,11.8,11.82,1334.46
2024-11-06 07:09:00,1730876940.0,11.82,11.84,11.8,11.83,6166.89
2024-11-06 07:10:00,1730877000.0,11.84,11.85,11.83,11.83,2473.31
2024-11-06 07:11:00,1730877060.0,11.83,11.85,11.82,11.85,2184.84
2024-11-06 07:12:00,1730877120.0,11.85,11.85,11.84,11.85,1634.08
2024-11-06 07:13:00,1730877180.0,11.86,11.86,11.84,11.84,1417.85
2024-11-06 07:14:00,1730877240.0,11.84,11.85,11.83,11.83,5532.17
2024-11-06 07:15:00,1730877300.0,11.83,11.87,11.82,11.86,14208.75
2024-11-06 07:16:00,1730877360.0,11.86,11.86,11.82,11.82,2438.86
2024-11-06 07:17:00,1730877420.0,11.82,11.84,11.81,11.83,1868.37
2024-11-06 07:18:00,1730877480.0,11.82,11.85,11.82,11.83,2560.27
2024-11-06 07:19:00,1730877540.0,11.84,11.84,11.83,11.84,2772.53
2024-11-06 07:20:00,1730877600.0,11.84,11.86,11.82,11.86,5362.66
2024-11-06 07:21:00,1730877660.0,11.85,11.87,11.84,11.85,3629.56
2024-11-06 07:22:00,1730877720.0,11.84,11.86,11.84,11.84,3630.31
2024-11-06 07:23:00,1730877780.0,11.84,11.86,11.84,11.84,3186.05
2024-11-06 07:24:00,1730877840.0,11.85,11.86,11.84,11.84,1517.85
2024-11-06 07:25:00,1730877900.0,11.85,11.87,11.85,11.87,5202.32
2024-11-06 07:26:00,1730877960.0,11.88,11.9,11.87,11.9,2932.57
2024-11-06 07:27:00,1730878020.0,11.9,11.93,11.9,11.92,5896.83
2024-11-06 07:28:00,1730878080.0,11.92,11.92,11.88,11.89,4323.29
2024-11-06 07:29:00,1730878140.0,11.88,11.91,11.87,11.88,5707.34
2024-11-06 07:30:00,1730878200.0,11.88,11.9,11.86,11.88,7476.56
2024-11-06 07:31:00,1730878260.0,11.89,11.92,11.89,11.92,4484.79
2024-11-06 07:32:00,1730878320.0,11.92,11.93,11.89,11.9,12187.45
2024-11-06 07:33:00,1730878380.0,11.91,11.95,11.9,11.93,40660.26
2024-11-06 07:34:00,1730878440.0,11.93,11.95,11.9,11.91,7630.36
2024-11-06 07:35:00,1730878500.0,11.92,11.96,11.91,11.96,5176.94
2024-11-06 07:36:00,1730878560.0,11.96,11.96,11.92,11.93,6065.86
2024-11-06 07:37:00,1730878620.0,11.92,11.92,11.9,11.91,742.08
2024-11-06 07:38:00,1730878680.0,11.91,11.91,11.89,11.89,8419.34
2024-11-06 07:39:00,1730878740.0,11.88,11.9,11.87,11.88,4089.99
2024-11-06 07:40:00,1730878800.0,11.88,11.88,11.84,11.85,4117.42
2024-11-06 07:41:00,1730878860.0,11.85,11.86,11.82,11.82,4802.03
2024-11-06 07:42:00,1730878920.0,11.82,11.82,11.7,11.74,26864.69
2024-11-06 07:43:00,1730878980.0,11.74,11.79,11.74,11.77,10560.18
2024-11-06 07:44:00,1730879040.0,11.78,11.79,11.75,11.79,6194.76
2024-11-06 07:45:00,1730879100.0,11.79,11.84,11.79,11.82,8197.3
2024-11-06 07:46:00,1730879160.0,11.82,11.82,11.77,11.78,7519.74
2024-11-06 07:47:00,1730879220.0,11.79,11.81,11.76,11.78,3058.93
2024-11-06 07:48:00,1730879280.0,11.78,11.79,11.74,11.76,4775.89
2024-11-06 07:49:00,1730879340.0,11.77,11.84,11.76,11.84,6069.99
2024-11-06 07:50:00,1730879400.0,11.83,11.86,11.82,11.86,12104.32
2024-11-06 07:51:00,1730879460.0,11.85,11.86,11.82,11.83,4008.49
2024-11-06 07:52:00,1730879520.0,11.83,11.83,11.79,11.79,2858.53
2024-11-06 07:53:00,1730879580.0,11.8,11.82,11.79,11.8,7504.53
2024-11-06 07:54:00,1730879640.0,11.8,11.81,11.78,11.8,5724.46
2024-11-06 07:55:00,1730879700.0,11.8,11.82,11.79,11.81,9314.47
2024-11-06 07:56:00,1730879760.0,11.81,11.81,11.78,11.8,6186.03
2024-11-06 07:57:00,1730879820.0,11.79,11.8,11.77,11.77,1017.55
2024-11-06 07:58:00,1730879880.0,11.77,11.78,11.71,11.74,20505.58
2024-11-06 07:59:00,1730879940.0,11.74,11.76,11.74,11.75,6697.46
2024-11-06 08:00:00,1730880000.0,11.75,11.79,11.74,11.77,4622.7
2024-11-06 08:01:00,1730880060.0,11.77,11.78,11.74,11.75,2410.13
2024-11-06 08:02:00,1730880120.0,11.76,11.77,11.73,11.73,10405.99
2024-11-06 08:03:00,1730880180.0,11.74,11.74,11.67,11.68,22987.67
2024-11-06 08:04:00,1730880240.0,11.69,11.7,11.62,11.63,15881.33
2024-11-06 08:05:00,1730880300.0,11.64,11.67,11.61,11.64,18264.25
2024-11-06 08:06:00,1730880360.0,11.64,11.69,11.63,11.66,9308.94
2024-11-06 08:07:00,1730880420.0,11.66,11.72,11.64,11.71,7316.64
2024-11-06 08:08:00,1730880480.0,11.71,11.73,11.68,11.7,6089.83
2024-11-06 08:09:00,1730880540.0,11.69,11.71,11.68,11.71,4147.87
2024-11-06 08:10:00,1730880600.0,11.7,11.7,11.64,11.66,9285.95
2024-11-06 08:11:00,1730880660.0,11.66,11.73,11.66,11.69,36461.39
2024-11-06 08:12:00,1730880720.0,11.69,11.71,11.67,11.69,10047.86
2024-11-06 08:13:00,1730880780.0,11.69,11.71,11.65,11.67,8518.95
2024-11-06 08:14:00,1730880840.0,11.67,11.72,11.67,11.7,6185.51
2024-11-06 08:15:00,1730880900.0,11.71,11.74,11.7,11.7,4949.91
2024-11-06 08:16:00,1730880960.0,11.69,11.69,11.64,11.65,4498.02
2024-11-06 08:17:00,1730881020.0,11.65,11.66,11.63,11.63,7041.05
2024-11-06 08:18:00,1730881080.0,11.64,11.66,11.62,11.65,20634.48
2024-11-06 08:19:00,1730881140.0,11.65,11.67,11.63,11.66,4752.79
2024-11-06 08:20:00,1730881200.0,11.65,11.65,11.62,11.62,4869.18
2024-11-06 08:21:00,1730881260.0,11.62,11.63,11.6,11.62,8234.66
2024-11-06 08:22:00,1730881320.0,11.61,11.62,11.55,11.56,19666.2
2024-11-06 08:23:00,1730881380.0,11.56,11.59,11.54,11.56,13334.58
2024-11-06 08:24:00,1730881440.0,11.56,11.58,11.55,11.56,9809.25
2024-11-06 08:25:00,1730881500.0,11.55,11.6,11.55,11.57,12699.99
2024-11-06 08:26:00,1730881560.0,11.57,11.61,11.57,11.61,8953.9
2024-11-06 08:27:00,1730881620.0,11.6,11.63,11.6,11.62,3657.13
2024-11-06 08:28:00,1730881680.0,11.62,11.62,11.57,11.6,4689.58
2024-11-06 08:29:00,1730881740.0,11.59,11.63,11.59,11.63,2836.91
2024-11-06 08:30:00,1730881800.0,11.62,11.64,11.6,11.62,10491.77
2024-11-06 08:31:00,1730881860.0,11.62,11.63,11.59,11.62,10084.57
2024-11-06 08:32:00,1730881920.0,11.62,11.62,11.55,11.56,30443.74
2024-11-06 08:33:00,1730881980.0,11.55,11.59,11.55,11.57,5447.12
2024-11-06 08:34:00,1730882040.0,11.57,11.58,11.54,11.57,3572.76
2024-11-06 08:35:00,1730882100.0,11.58,11.63,11.58,11.63,4623.74
2024-11-06 08:36:00,1730882160.0,11.63,11.64,11.6,11.61,13180.38
2024-11-06 08:37:00,1730882220.0,11.62,11.66,11.62,11.65,7835.98
2024-11-06 08:38:00,1730882280.0,11.65,11.68,11.65,11.68,5669.04
2024-11-06 08:39:00,1730882340.0,11.68,11.68,11.66,11.68,3290.69
2024-11-06 08:40:00,1730882400.0,11.68,11.69,11.66,11.69,6476.62
2024-11-06 08:41:00,1730882460.0,11.69,11.7,11.67,11.7,3367.02
2024-11-06 08:42:00,1730882520.0,11.7,11.72,11.69,11.7,6317.35
2024-11-06 08:43:00,1730882580.0,11.7,11.71,11.69,11.71,664.04
2024-11-06 08:44:00,1730882640.0,11.71,11.72,11.7,11.72,1381.44
2024-11-06 08:45:00,1730882700.0,11.73,11.73,11.7,11.73,3952.39
2024-11-06 08:46:00,1730882760.0,11.72,11.73,11.71,11.72,6807.51
2024-11-06 08:47:00,1730882820.0,11.72,11.74,11.7,11.73,52927.92
2024-11-06 08:48:00,1730882880.0,11.72,11.77,11.72,11.76,4820.17
2024-11-06 08:49:00,1730882940.0,11.76,11.77,11.73,11.74,1628.47
2024-11-06 08:50:00,1730883000.0,11.74,11.77,11.74,11.77,2834.64
2024-11-06 08:51:00,1730883060.0,11.77,11.78,11.76,11.77,2975.83
2024-11-06 08:52:00,1730883120.0,11.77,11.79,11.77,11.77,3192.96
2024-11-06 08:53:00,1730883180.0,11.77,11.77,11.75,11.75,4835.17
2024-11-06 08:54:00,1730883240.0,11.75,11.78,11.75,11.78,2328.86
2024-11-06 08:55:00,1730883300.0,11.79,11.79,11.75,11.77,2207.88
2024-11-06 08:56:00,1730883360.0,11.77,11.79,11.77,11.78,1447.19
2024-11-06 08:57:00,1730883420.0,11.78,11.8,11.77,11.79,5179.41
2024-11-06 08:58:00,1730883480.0,11.78,11.82,11.78,11.8,1832.61
2024-11-06 08:59:00,1730883540.0,11.8,11.81,11.8,11.8,331.5
2024-11-06 09:00:00,1730883600.0,11.8,11.82,11.8,11.81,4442.81
2024-11-06 09:01:00,1730883660.0,11.81,11.83,11.81,11.81,10254.56
2024-11-06 09:02:00,1730883720.0,11.81,11.82,11.79,11.8,3280.99
2024-11-06 09:03:00,1730883780.0,11.81,11.83,11.79,11.83,1332.34
2024-11-06 09:04:00,1730883840.0,11.83,11.84,11.82,11.84,4676.0
2024-11-06 09:05:00,1730883900.0,11.83,11.84,11.8,11.83,4937.42
2024-11-06 09:06:00,1730883960.0,11.83,11.85,11.81,11.82,4838.82
2024-11-06 09:07:00,1730884020.0,11.82,11.83,11.81,11.83,439.74
2024-11-06 09:08:00,1730884080.0,11.82,11.84,11.82,11.83,3388.16
2024-11-06 09:09:00,1730884140.0,11.83,11.85,11.82,11.84,4458.21
2024-11-06 09:10:00,1730884200.0,11.84,11.84,11.82,11.82,3436.92
2024-11-06 09:11:00,1730884260.0,11.83,11.83,11.81,11.82,2436.9
2024-11-06 09:12:00,1730884320.0,11.82,11.84,11.81,11.82,2471.13
2024-11-06 09:13:00,1730884380.0,11.83,11.84,11.82,11.84,832.39
2024-11-06 09:14:00,1730884440.0,11.83,11.84,11.8,11.81,3590.99
2024-11-06 09:15:00,1730884500.0,11.81,11.84,11.8,11.84,1881.64
2024-11-06 09:16:00,1730884560.0,11.83,11.84,11.83,11.84,3517.4
2024-11-06 09:17:00,1730884620.0,11.84,11.84,11.8,11.81,1670.33
2024-11-06 09:18:00,1730884680.0,11.81,11.82,11.8,11.8,1056.39
2024-11-06 09:19:00,1730884740.0,11.8,11.82,11.78,11.8,3769.42
2024-11-06 09:20:00,1730884800.0,11.8,11.8,11.78,11.79,5785.67
2024-11-06 09:21:00,1730884860.0,11.79,11.8,11.79,11.8,1375.34
2024-11-06 09:22:00,1730884920.0,11.8,11.8,11.78,11.8,4146.86
2024-11-06 09:23:00,1730884980.0,11.8,11.81,11.79,11.8,3082.17
2024-11-06 09:24:00,1730885040.0,11.79,11.81,11.79,11.81,3183.48
2024-11-06 09:25:00,1730885100.0,11.8,11.81,11.79,11.81,713.64
2024-11-06 09:26:00,1730885160.0,11.81,11.82,11.81,11.82,1682.74
2024-11-06 09:27:00,1730885220.0,11.82,11.82,11.81,11.81,74.16
2024-11-06 09:28:00,1730885280.0,11.82,11.84,11.81,11.84,1518.76
2024-11-06 09:29:00,1730885340.0,11.83,11.84,11.83,11.84,160.41
2024-11-06 09:30:00,1730885400.0,11.84,11.85,11.81,11.82,3256.91
2024-11-06 09:31:00,1730885460.0,11.82,11.84,11.82,11.82,3683.37
2024-11-06 09:32:00,1730885520.0,11.83,11.84,11.82,11.83,1810.16
2024-11-06 09:33:00,1730885580.0,11.83,11.85,11.82,11.85,23812.85
2024-11-06 09:34:00,1730885640.0,11.84,11.85,11.82,11.84,5577.33
2024-11-06 09:35:00,1730885700.0,11.84,11.86,11.82,11.85,4560.92
2024-11-06 09:36:00,1730885760.0,11.85,11.86,11.83,11.84,3567.32
2024-11-06 09:37:00,1730885820.0,11.84,11.86,11.84,11.85,4123.79
2024-11-06 09:38:00,1730885880.0,11.84,11.88,11.84,11.87,6794.16
2024-11-06 09:39:00,1730885940.0,11.87,11.88,11.86,11.87,3555.6
2024-11-06 09:40:00,1730886000.0,11.87,11.88,11.87,11.88,1083.07
2024-11-06 09:41:00,1730886060.0,11.87,11.88,11.86,11.86,1127.93
2024-11-06 09:42:00,1730886120.0,11.86,11.87,11.83,11.84,4813.68
2024-11-06 09:43:00,1730886180.0,11.85,11.86,11.82,11.82,4151.76
2024-11-06 09:44:00,1730886240.0,11.83,11.84,11.82,11.83,1534.63
2024-11-06 09:45:00,1730886300.0,11.84,11.86,11.83,11.86,2264.28
2024-11-06 09:46:00,1730886360.0,11.85,11.86,11.84,11.85,451.31
2024-11-06 09:47:00,1730886420.0,11.85,11.85,11.82,11.83,2720.53
2024-11-06 09:48:00,1730886480.0,11.82,11.84,11.82,11.83,805.12
2024-11-06 09:49:00,1730886540.0,11.84,11.84,11.81,11.82,1763.34
2024-11-06 09:50:00,1730886600.0,11.82,11.85,11.82,11.85,3178.17
2024-11-06 09:51:00,1730886660.0,11.85,11.86,11.84,11.86,192.8
2024-11-06 09:52:00,1730886720.0,11.85,11.86,11.84,11.84,1013.19
2024-11-06 09:53:00,1730886780.0,11.84,11.85,11.83,11.84,998.34
2024-11-06 09:54:00,1730886840.0,11.83,11.84,11.82,11.83,1103.02
2024-11-06 09:55:00,1730886900.0,11.84,11.84,11.82,11.82,240.57
2024-11-06 09:56:00,1730886960.0,11.83,11.84,11.83,11.83,722.92
2024-11-06 09:57:00,1730887020.0,11.83,11.84,11.81,11.83,1216.3
2024-11-06 09:58:00,1730887080.0,11.83,11.85,11.82,11.83,1650.17
2024-11-06 09:59:00,1730887140.0,11.84,11.84,11.82,11.84,1948.44
2024-11-06 10:00:00,1730887200.0,11.84,11.87,11.83,11.86,9014.04
2024-11-06 10:01:00,1730887260.0,11.86,11.87,11.84,11.85,5315.56
2024-11-06 10:02:00,1730887320.0,11.86,11.87,11.85,11.86,3042.66
2024-11-06 10:03:00,1730887380.0,11.86,11.86,11.84,11.85,2207.26
2024-11-06 10:04:00,1730887440.0,11.85,11.86,11.84,11.85,2438.39
2024-11-06 10:05:00,1730887500.0,11.85,11.85,11.81,11.82,6336.1
2024-11-06 10:06:00,1730887560.0,11.83,11.83,11.8,11.81,1434.96
2024-11-06 10:07:00,1730887620.0,11.8,11.8,11.77,11.79,8614.42
2024-11-06 10:08:00,1730887680.0,11.79,11.82,11.79,11.8,4161.35
2024-11-06 10:09:00,1730887740.0,11.81,11.84,11.81,11.81,6353.55
2024-11-06 10:10:00,1730887800.0,11.81,11.83,11.8,11.83,1221.48
2024-11-06 10:11:00,1730887860.0,11.83,11.83,11.8,11.81,2888.79
2024-11-06 10:12:00,1730887920.0,11.82,11.82,11.8,11.81,3795.87
2024-11-06 10:13:00,1730887980.0,11.81,11.82,11.81,11.82,676.41
2024-11-06 10:14:00,1730888040.0,11.81,11.82,11.81,11.82,394.91
2024-11-06 10:15:00,1730888100.0,11.81,11.82,11.8,11.81,2698.61
2024-11-06 10:16:00,1730888160.0,11.81,11.84,11.81,11.82,4555.63
2024-11-06 10:17:00,1730888220.0,11.83,11.83,11.82,11.83,1973.68
2024-11-06 10:18:00,1730888280.0,11.82,11.82,11.8,11.81,4289.54
2024-11-06 10:19:00,1730888340.0,11.82,11.82,11.8,11.82,1430.23
2024-11-06 10:20:00,1730888400.0,11.83,11.83,11.81,11.82,1466.77
2024-11-06 10:21:00,1730888460.0,11.81,11.83,11.81,11.82,5287.5
2024-11-06 10:22:00,1730888520.0,11.82,11.83,11.81,11.83,900.94
2024-11-06 10:23:00,1730888580.0,11.83,11.83,11.82,11.82,1447.92
2024-11-06 10:24:00,1730888640.0,11.83,11.83,11.82,11.83,622.62
2024-11-06 10:25:00,1730888700.0,11.82,11.84,11.82,11.83,1656.09
2024-11-06 10:26:00,1730888760.0,11.82,11.83,11.82,11.82,1720.18
2024-11-06 10:27:00,1730888820.0,11.83,11.83,11.82,11.83,1071.59
2024-11-06 10:28:00,1730888880.0,11.82,11.84,11.82,11.83,1719.07
2024-11-06 10:29:00,1730888940.0,11.83,11.83,11.8,11.81,1808.91
2024-11-06 10:30:00,1730889000.0,11.8,11.8,11.79,11.8,1666.06
2024-11-06 10:31:00,1730889060.0,11.8,11.8,11.78,11.8,1829.09
2024-11-06 10:32:00,1730889120.0,11.8,11.81,11.8,11.8,805.64
2024-11-06 10:33:00,1730889180.0,11.81,11.84,11.81,11.83,1171.42
2024-11-06 10:34:00,1730889240.0,11.83,11.84,11.82,11.84,3876.1
2024-11-06 10:35:00,1730889300.0,11.83,11.85,11.83,11.85,988.47
2024-11-06 10:36:00,1730889360.0,11.85,11.88,11.85,11.87,6471.99
2024-11-06 10:37:00,1730889420.0,11.87,11.88,11.85,11.87,2938.11
2024-11-06 10:38:00,1730889480.0,11.86,11.87,11.85,11.87,5709.45
2024-11-06 10:39:00,1730889540.0,11.86,11.88,11.86,11.88,526.76
2024-11-06 10:40:00,1730889600.0,11.88,11.88,11.87,11.87,835.91
2024-11-06 10:41:00,1730889660.0,11.88,11.88,11.86,11.87,2581.41
2024-11-06 10:42:00,1730889720.0,11.88,11.89,11.87,11.89,653.6
2024-11-06 10:43:00,1730889780.0,11.89,11.9,11.88,11.88,1459.37
2024-11-06 10:44:00,1730889840.0,11.89,11.9,11.88,11.9,2891.03
2024-11-06 10:45:00,1730889900.0,11.9,11.9,11.87,11.88,1731.44
2024-11-06 10:46:00,1730889960.0,11.87,11.88,11.87,11.88,1220.83
2024-11-06 10:47:00,1730890020.0,11.87,11.88,11.84,11.84,4661.79
2024-11-06 10:48:00,1730890080.0,11.85,11.86,11.83,11.84,1532.91
2024-11-06 10:49:00,1730890140.0,11.84,11.84,11.82,11.83,573.06
2024-11-06 10:50:00,1730890200.0,11.82,11.83,11.82,11.83,203.96
2024-11-06 10:51:00,1730890260.0,11.83,11.83,11.82,11.83,2819.84
2024-11-06 10:52:00,1730890320.0,11.82,11.85,11.82,11.84,2217.55
2024-11-06 10:53:00,1730890380.0,11.83,11.84,11.83,11.83,870.15
2024-11-06 10:54:00,1730890440.0,11.83,11.84,11.82,11.83,1180.5
2024-11-06 10:55:00,1730890500.0,11.82,11.84,11.82,11.84,2541.71
2024-11-06 10:56:00,1730890560.0,11.84,11.84,11.83,11.83,432.74
2024-11-06 10:57:00,1730890620.0,11.83,11.83,11.82,11.82,3606.16
2024-11-06 10:58:00,1730890680.0,11.83,11.83,11.82,11.83,2880.47
2024-11-06 10:59:00,1730890740.0,11.82,11.84,11.82,11.84,392.72
2024-11-06 11:00:00,1730890800.0,11.84,11.88,11.83,11.86,11435.62
2024-11-06 11:01:00,1730890860.0,11.87,11.87,11.84,11.84,1759.16
2024-11-06 11:02:00,1730890920.0,11.84,11.85,11.81,11.82,6130.02
2024-11-06 11:03:00,1730890980.0,11.82,11.83,11.82,11.83,4479.27
2024-11-06 11:04:00,1730891040.0,11.83,11.83,11.81,11.82,4636.51
2024-11-06 11:05:00,1730891100.0,11.83,11.83,11.81,11.81,2831.24
2024-11-06 11:06:00,1730891160.0,11.82,11.83,11.81,11.82,5110.9
2024-11-06 11:07:00,1730891220.0,11.81,11.83,11.81,11.81,1562.74
2024-11-06 11:08:00,1730891280.0,11.82,11.83,11.81,11.83,3279.72
2024-11-06 11:09:00,1730891340.0,11.82,11.83,11.81,11.82,467.18
2024-11-06 11:10:00,1730891400.0,11.82,11.83,11.81,11.82,2213.4
2024-11-06 11:11:00,1730891460.0,11.82,11.84,11.81,11.83,2328.77
2024-11-06 11:12:00,1730891520.0,11.84,11.84,11.83,11.84,1667.59
2024-11-06 11:13:00,1730891580.0,11.83,11.84,11.83,11.84,86.38
2024-11-06 11:14:00,1730891640.0,11.85,11.86,11.84,11.85,790.36
2024-11-06 11:15:00,1730891700.0,11.85,11.85,11.84,11.84,566.76
2024-11-06 11:16:00,1730891760.0,11.85,11.85,11.83,11.84,422.82
2024-11-06 11:17:00,1730891820.0,11.83,11.84,11.82,11.83,1028.75
2024-11-06 11:18:00,1730891880.0,11.83,11.84,11.83,11.84,1023.05
2024-11-06 11:19:00,1730891940.0,11.84,11.87,11.82,11.86,20994.28
2024-11-06 11:20:00,1730892000.0,11.85,11.85,11.83,11.85,7627.72
2024-11-06 11:21:00,1730892060.0,11.84,11.85,11.84,11.84,4628.54
2024-11-06 11:22:00,1730892120.0,11.84,11.85,11.82,11.83,1437.2
2024-11-06 11:23:00,1730892180.0,11.82,11.83,11.81,11.83,818.3
2024-11-06 11:24:00,1730892240.0,11.83,11.84,11.83,11.84,220.27
2024-11-06 11:25:00,1730892300.0,11.84,11.86,11.83,11.86,915.28
2024-11-06 11:26:00,1730892360.0,11.85,11.87,11.84,11.86,6218.21
2024-11-06 11:27:00,1730892420.0,11.85,11.86,11.85,11.86,160.71
2024-11-06 11:28:00,1730892480.0,11.86,11.86,11.85,11.85,2114.91
2024-11-06 11:29:00,1730892540.0,11.85,11.85,11.84,11.84,1163.65
2024-11-06 11:30:00,1730892600.0,11.85,11.85,11.82,11.84,2843.74
2024-11-06 11:31:00,1730892660.0,11.84,11.85,11.83,11.84,1011.29
2024-11-06 11:32:00,1730892720.0,11.84,11.85,11.83,11.83,4750.43
2024-11-06 11:33:00,1730892780.0,11.84,11.86,11.84,11.85,3915.17
2024-11-06 11:34:00,1730892840.0,11.84,11.85,11.83,11.85,688.43
2024-11-06 11:35:00,1730892900.0,11.84,11.87,11.83,11.87,9180.51
2024-11-06 11:36:00,1730892960.0,11.86,11.87,11.85,11.86,1082.1
2024-11-06 11:37:00,1730893020.0,11.85,11.87,11.84,11.85,2827.42
2024-11-06 11:38:00,1730893080.0,11.85,11.87,11.85,11.85,1110.93
2024-11-06 11:39:00,1730893140.0,11.85,11.85,11.82,11.83,8931.56
2024-11-06 11:40:00,1730893200.0,11.83,11.83,11.81,11.81,343.41
2024-11-06 11:41:00,1730893260.0,11.82,11.83,11.82,11.82,1313.51
2024-11-06 11:42:00,1730893320.0,11.83,11.84,11.82,11.83,922.05
2024-11-06 11:43:00,1730893380.0,11.83,11.84,11.82,11.83,370.0
2024-11-06 11:44:00,1730893440.0,11.83,11.83,11.81,11.83,1441.21
2024-11-06 11:45:00,1730893500.0,11.82,11.84,11.82,11.84,1650.72
2024-11-06 11:46:00,1730893560.0,11.84,11.85,11.83,11.83,1610.73
2024-11-06 11:47:00,1730893620.0,11.83,11.83,11.81,11.82,5325.11
2024-11-06 11:48:00,1730893680.0,11.83,11.84,11.82,11.83,731.38
2024-11-06 11:49:00,1730893740.0,11.84,11.84,11.81,11.82,4570.98
2024-11-06 11:50:00,1730893800.0,11.83,11.84,11.83,11.84,968.95
2024-11-06 11:51:00,1730893860.0,11.84,11.84,11.82,11.82,435.05
2024-11-06 11:52:00,1730893920.0,11.83,11.83,11.81,11.82,1118.24
2024-11-06 11:53:00,1730893980.0,11.82,11.82,11.8,11.8,449.35
2024-11-06 11:54:00,1730894040.0,11.8,11.82,11.8,11.81,307.77
2024-11-06 11:55:00,1730894100.0,11.82,11.83,11.81,11.83,626.2
2024-11-06 11:56:00,1730894160.0,11.83,11.84,11.82,11.83,2802.28
2024-11-06 11:57:00,1730894220.0,11.83,11.84,11.83,11.83,425.65
2024-11-06 11:58:00,1730894280.0,11.83,11.85,11.83,11.85,9059.04
2024-11-06 11:59:00,1730894340.0,11.84,11.86,11.83,11.84,3312.32
2024-11-06 12:00:00,1730894400.0,11.83,11.85,11.83,11.83,614.35
2024-11-06 12:01:00,1730894460.0,11.84,11.86,11.84,11.85,856.81
2024-11-06 12:02:00,1730894520.0,11.86,11.86,11.85,11.86,392.42
2024-11-06 12:03:00,1730894580.0,11.86,11.87,11.85,11.87,6745.96
2024-11-06 12:04:00,1730894640.0,11.87,11.87,11.86,11.87,2964.02
2024-11-06 12:05:00,1730894700.0,11.87,11.89,11.87,11.89,1916.81
2024-11-06 12:06:00,1730894760.0,11.88,11.9,11.87,11.88,1768.25
2024-11-06 12:07:00,1730894820.0,11.89,11.9,11.88,11.89,4791.98
2024-11-06 12:08:00,1730894880.0,11.89,11.89,11.88,11.89,234.41
2024-11-06 12:09:00,1730894940.0,11.88,11.9,11.88,11.88,3730.2
2024-11-06 12:10:00,1730895000.0,11.89,11.9,11.87,11.88,3158.04
2024-11-06 12:11:00,1730895060.0,11.88,11.89,11.85,11.85,2321.88
2024-11-06 12:12:00,1730895120.0,11.86,11.86,11.84,11.86,1030.14
2024-11-06 12:13:00,1730895180.0,11.85,11.86,11.85,11.85,470.1
2024-11-06 12:14:00,1730895240.0,11.86,11.87,11.85,11.85,1803.35
2024-11-06 12:15:00,1730895300.0,11.85,11.87,11.85,11.86,1111.59
2024-11-06 12:16:00,1730895360.0,11.87,11.88,11.86,11.87,6233.2
2024-11-06 12:17:00,1730895420.0,11.87,11.88,11.86,11.87,2168.61
2024-11-06 12:18:00,1730895480.0,11.88,11.88,11.86,11.87,2741.94
2024-11-06 12:19:00,1730895540.0,11.86,11.88,11.86,11.86,1909.76
2024-11-06 12:20:00,1730895600.0,11.86,11.87,11.84,11.84,5523.2
2024-11-06 12:21:00,1730895660.0,11.85,11.87,11.85,11.86,2716.0
2024-11-06 12:22:00,1730895720.0,11.86,11.86,11.85,11.85,387.32
2024-11-06 12:23:00,1730895780.0,11.85,11.87,11.85,11.85,1548.71
2024-11-06 12:24:00,1730895840.0,11.86,11.87,11.84,11.84,748.46
2024-11-06 12:25:00,1730895900.0,11.85,11.87,11.84,11.86,1105.13
2024-11-06 12:26:00,1730895960.0,11.85,11.87,11.85,11.85,855.85
2024-11-06 12:27:00,1730896020.0,11.85,11.86,11.84,11.84,1901.42
2024-11-06 12:28:00,1730896080.0,11.84,11.84,11.83,11.83,443.44
2024-11-06 12:29:00,1730896140.0,11.84,11.84,11.82,11.83,869.32
2024-11-06 12:30:00,1730896200.0,11.83,11.85,11.83,11.85,1837.85
2024-11-06 12:31:00,1730896260.0,11.84,11.84,11.82,11.82,890.23
2024-11-06 12:32:00,1730896320.0,11.82,11.83,11.82,11.82,4832.49
2024-11-06 12:33:00,1730896380.0,11.82,11.83,11.82,11.83,2291.17
2024-11-06 12:34:00,1730896440.0,11.82,11.83,11.82,11.83,1093.05
2024-11-06 12:35:00,1730896500.0,11.83,11.84,11.82,11.82,1222.87
2024-11-06 12:36:00,1730896560.0,11.83,11.84,11.82,11.83,833.36
2024-11-06 12:37:00,1730896620.0,11.82,11.83,11.82,11.82,717.41
2024-11-06 12:38:00,1730896680.0,11.82,11.83,11.82,11.82,1170.21
2024-11-06 12:39:00,1730896740.0,11.82,11.83,11.81,11.82,1306.52
2024-11-06 12:40:00,1730896800.0,11.82,11.85,11.82,11.85,3632.97
2024-11-06 12:41:00,1730896860.0,11.85,11.86,11.85,11.85,2628.74
2024-11-06 12:42:00,1730896920.0,11.85,11.85,11.83,11.83,3078.68
2024-11-06 12:43:00,1730896980.0,11.84,11.85,11.83,11.83,514.09
2024-11-06 12:44:00,1730897040.0,11.83,11.85,11.83,11.84,2334.91
2024-11-06 12:45:00,1730897100.0,11.84,11.86,11.84,11.85,2715.95
2024-11-06 12:46:00,1730897160.0,11.86,11.87,11.85,11.86,1683.86
2024-11-06 12:47:00,1730897220.0,11.87,11.87,11.86,11.86,88.65
2024-11-06 12:48:00,1730897280.0,11.87,11.87,11.85,11.86,1304.97
2024-11-06 12:49:00,1730897340.0,11.85,11.86,11.85,11.85,164.6
2024-11-06 12:50:00,1730897400.0,11.85,11.86,11.83,11.85,16409.01
2024-11-06 12:51:00,1730897460.0,11.86,11.86,11.84,11.86,3279.4
2024-11-06 12:52:00,1730897520.0,11.87,11.88,11.85,11.86,6585.97
2024-11-06 12:53:00,1730897580.0,11.86,11.88,11.86,11.87,1071.94
2024-11-06 12:54:00,1730897640.0,11.87,11.88,11.86,11.87,3466.13
2024-11-06 12:55:00,1730897700.0,11.87,11.87,11.85,11.85,515.35
2024-11-06 12:56:00,1730897760.0,11.86,11.86,11.84,11.86,1900.66
2024-11-06 12:57:00,1730897820.0,11.85,11.86,11.84,11.84,1047.41
2024-11-06 12:58:00,1730897880.0,11.85,11.85,11.82,11.82,264.63
2024-11-06 12:59:00,1730897940.0,11.83,11.84,11.82,11.82,2339.54
2024-11-06 13:00:00,1730898000.0,11.83,11.85,11.82,11.85,6723.59
2024-11-06 13:01:00,1730898060.0,11.85,11.86,11.84,11.84,1393.37
2024-11-06 13:02:00,1730898120.0,11.84,11.85,11.83,11.84,8808.93
2024-11-06 13:03:00,1730898180.0,11.83,11.84,11.82,11.83,1998.94
2024-11-06 13:04:00,1730898240.0,11.83,11.85,11.83,11.85,3329.84
2024-11-06 13:05:00,1730898300.0,11.85,11.85,11.84,11.84,1514.77
2024-11-06 13:06:00,1730898360.0,11.84,11.86,11.84,11.86,1066.62
2024-11-06 13:07:00,1730898420.0,11.86,11.86,11.83,11.83,1444.46
2024-11-06 13:08:00,1730898480.0,11.83,11.85,11.82,11.85,2404.65
2024-11-06 13:09:00,1730898540.0,11.85,11.85,11.84,11.84,1313.22
2024-11-06 13:10:00,1730898600.0,11.83,11.85,11.83,11.84,1075.44
2024-11-06 13:11:00,1730898660.0,11.85,11.86,11.83,11.85,787.65
2024-11-06 13:12:00,1730898720.0,11.84,11.85,11.84,11.85,1836.22
2024-11-06 13:13:00,1730898780.0,11.86,11.86,11.84,11.84,3165.58
2024-11-06 13:14:00,1730898840.0,11.85,11.85,11.83,11.84,2050.68
2024-11-06 13:15:00,1730898900.0,11.84,11.86,11.84,11.85,1839.32
2024-11-06 13:16:00,1730898960.0,11.86,11.86,11.83,11.83,2651.0
2024-11-06 13:17:00,1730899020.0,11.83,11.83,11.81,11.81,2101.67
2024-11-06 13:18:00,1730899080.0,11.82,11.82,11.8,11.81,1318.81
2024-11-06 13:19:00,1730899140.0,11.8,11.81,11.78,11.8,5170.2
2024-11-06 13:20:00,1730899200.0,11.79,11.81,11.78,11.79,11727.71
2024-11-06 13:21:00,1730899260.0,11.79,11.8,11.78,11.79,1864.1
2024-11-06 13:22:00,1730899320.0,11.79,11.81,11.79,11.8,4812.62
2024-11-06 13:23:00,1730899380.0,11.8,11.8,11.77,11.78,1840.46
2024-11-06 13:24:00,1730899440.0,11.78,11.8,11.77,11.78,1265.59
2024-11-06 13:25:00,1730899500.0,11.79,11.82,11.78,11.82,654.28
2024-11-06 13:26:00,1730899560.0,11.81,11.81,11.8,11.8,665.28
2024-11-06 13:27:00,1730899620.0,11.81,11.83,11.81,11.82,1377.03
2024-11-06 13:28:00,1730899680.0,11.82,11.84,11.82,11.84,1598.38
2024-11-06 13:29:00,1730899740.0,11.83,11.84,11.82,11.82,1025.24
2024-11-06 13:30:00,1730899800.0,11.83,11.84,11.82,11.83,1371.11
2024-11-06 13:31:00,1730899860.0,11.82,11.83,11.8,11.8,1011.15
2024-11-06 13:32:00,1730899920.0,11.81,11.84,11.81,11.82,570.17
2024-11-06 13:33:00,1730899980.0,11.82,11.83,11.82,11.82,393.99
2024-11-06 13:34:00,1730900040.0,11.82,11.84,11.81,11.84,1975.71
2024-11-06 13:35:00,1730900100.0,11.84,11.84,11.82,11.83,3711.94
2024-11-06 13:36:00,1730900160.0,11.83,11.84,11.83,11.84,868.07
2024-11-06 13:37:00,1730900220.0,11.83,11.84,11.82,11.82,548.59
2024-11-06 13:38:00,1730900280.0,11.82,11.83,11.81,11.82,561.07
2024-11-06 13:39:00,1730900340.0,11.82,11.82,11.81,11.82,1979.18
2024-11-06 13:40:00,1730900400.0,11.81,11.82,11.8,11.8,1091.49
2024-11-06 13:41:00,1730900460.0,11.8,11.81,11.79,11.8,1395.17
2024-11-06 13:42:00,1730900520.0,11.8,11.8,11.79,11.8,1387.35
2024-11-06 13:43:00,1730900580.0,11.8,11.8,11.79,11.8,356.75
2024-11-06 13:44:00,1730900640.0,11.79,11.8,11.78,11.78,1177.92
2024-11-06 13:45:00,1730900700.0,11.79,11.79,11.78,11.79,2460.0
2024-11-06 13:46:00,1730900760.0,11.78,11.79,11.77,11.78,2394.41
2024-11-06 13:47:00,1730900820.0,11.77,11.79,11.77,11.78,1098.55
2024-11-06 13:48:00,1730900880.0,11.79,11.8,11.79,11.8,1265.82
2024-11-06 13:49:00,1730900940.0,11.79,11.8,11.78,11.78,1211.57
2024-11-06 13:50:00,1730901000.0,11.79,11.8,11.78,11.79,1768.03
2024-11-06 13:51:00,1730901060.0,11.78,11.79,11.77,11.79,1792.31
2024-11-06 13:52:00,1730901120.0,11.79,11.79,11.77,11.78,1310.94
2024-11-06 13:53:00,1730901180.0,11.78,11.78,11.77,11.77,1221.07
2024-11-06 13:54:00,1730901240.0,11.77,11.78,11.76,11.77,6864.31
2024-11-06 13:55:00,1730901300.0,11.77,11.77,11.75,11.77,968.49
2024-11-06 13:56:00,1730901360.0,11.77,11.77,11.75,11.77,2135.66
2024-11-06 13:57:00,1730901420.0,11.77,11.79,11.77,11.78,4252.81
2024-11-06 13:58:00,1730901480.0,11.78,11.78,11.77,11.78,1577.5
2024-11-06 13:59:00,1730901540.0,11.77,11.78,11.77,11.77,302.81
2024-11-06 14:00:00,1730901600.0,11.78,11.8,11.77,11.79,3566.21
2024-11-06 14:01:00,1730901660.0,11.8,11.8,11.79,11.79,824.11
2024-11-06 14:02:00,1730901720.0,11.79,11.8,11.79,11.8,789.83
2024-11-06 14:03:00,1730901780.0,11.8,11.82,11.79,11.8,756.04
2024-11-06 14:04:00,1730901840.0,11.8,11.8,11.79,11.8,334.72
2024-11-06 14:05:00,1730901900.0,11.79,11.8,11.79,11.79,2463.58
2024-11-06 14:06:00,1730901960.0,11.8,11.8,11.78,11.79,1033.36
2024-11-06 14:07:00,1730902020.0,11.79,11.79,11.76,11.77,3008.03
2024-11-06 14:08:00,1730902080.0,11.76,11.78,11.76,11.77,740.41
2024-11-06 14:09:00,1730902140.0,11.77,11.78,11.76,11.77,1827.93
2024-11-06 14:10:00,1730902200.0,11.76,11.77,11.75,11.76,220.71
2024-11-06 14:11:00,1730902260.0,11.76,11.77,11.74,11.74,3376.71
2024-11-06 14:12:00,1730902320.0,11.75,11.77,11.74,11.77,1874.84
2024-11-06 14:13:00,1730902380.0,11.77,11.77,11.76,11.76,1693.16
2024-11-06 14:14:00,1730902440.0,11.77,11.78,11.76,11.76,2208.07
2024-11-06 14:15:00,1730902500.0,11.77,11.78,11.76,11.77,1445.24
2024-11-06 14:16:00,1730902560.0,11.76,11.77,11.74,11.75,1794.72
2024-11-06 14:17:00,1730902620.0,11.75,11.75,11.74,11.75,1178.95
2024-11-06 14:18:00,1730902680.0,11.75,11.75,11.74,11.74,1970.76
2024-11-06 14:19:00,1730902740.0,11.74,11.76,11.74,11.75,530.33
2024-11-06 14:20:00,1730902800.0,11.75,11.77,11.75,11.76,858.92
2024-11-06 14:21:00,1730902860.0,11.76,11.77,11.75,11.77,1103.72
2024-11-06 14:22:00,1730902920.0,11.77,11.77,11.75,11.77,939.27
2024-11-06 14:23:00,1730902980.0,11.76,11.76,11.73,11.74,2792.35
2024-11-06 14:24:00,1730903040.0,11.74,11.76,11.74,11.75,1224.3
2024-11-06 14:25:00,1730903100.0,11.75,11.77,11.75,11.77,1716.33
2024-11-06 14:26:00,1730903160.0,11.77,11.77,11.76,11.77,385.33
2024-11-06 14:27:00,1730903220.0,11.77,11.78,11.77,11.77,1413.89
2024-11-06 14:28:00,1730903280.0,11.78,11.79,11.78,11.78,1210.03
2024-11-06 14:29:00,1730903340.0,11.79,11.8,11.78,11.8,1669.6
2024-11-06 14:30:00,1730903400.0,11.8,11.83,11.79,11.83,7801.16
2024-11-06 14:31:00,1730903460.0,11.83,11.84,11.78,11.78,5457.44
2024-11-06 14:32:00,1730903520.0,11.79,11.81,11.79,11.8,3286.77
2024-11-06 14:33:00,1730903580.0,11.8,11.83,11.79,11.82,2251.94
2024-11-06 14:34:00,1730903640.0,11.82,11.82,11.79,11.8,1325.9
2024-11-06 14:35:00,1730903700.0,11.8,11.82,11.8,11.81,2912.04
2024-11-06 14:36:00,1730903760.0,11.81,11.84,11.81,11.83,3374.65
2024-11-06 14:37:00,1730903820.0,11.83,11.84,11.82,11.82,2970.96
2024-11-06 14:38:00,1730903880.0,11.82,11.83,11.82,11.83,4956.34
2024-11-06 14:39:00,1730903940.0,11.83,11.85,11.83,11.84,4037.7
2024-11-06 14:40:00,1730904000.0,11.85,11.87,11.81,11.81,35278.66
2024-11-06 14:41:00,1730904060.0,11.81,11.84,11.8,11.84,3029.81
2024-11-06 14:42:00,1730904120.0,11.84,11.84,11.83,11.84,67.95
2024-11-06 14:43:00,1730904180.0,11.84,11.84,11.81,11.81,727.78
2024-11-06 14:44:00,1730904240.0,11.82,11.83,11.79,11.8,5634.24
2024-11-06 14:45:00,1730904300.0,11.8,11.81,11.78,11.79,6558.53
2024-11-06 14:46:00,1730904360.0,11.78,11.78,11.75,11.76,3857.02
2024-11-06 14:47:00,1730904420.0,11.75,11.77,11.75,11.75,7151.97
2024-11-06 14:48:00,1730904480.0,11.75,11.76,11.72,11.75,2682.27
2024-11-06 14:49:00,1730904540.0,11.75,11.75,11.72,11.73,2891.63
2024-11-06 14:50:00,1730904600.0,11.73,11.73,11.68,11.69,6854.66
2024-11-06 14:51:00,1730904660.0,11.69,11.72,11.68,11.68,8740.75
2024-11-06 14:52:00,1730904720.0,11.68,11.7,11.66,11.7,13571.22
2024-11-06 14:53:00,1730904780.0,11.69,11.72,11.67,11.71,8915.49
2024-11-06 14:54:00,1730904840.0,11.72,11.72,11.67,11.67,4397.35
2024-11-06 14:55:00,1730904900.0,11.68,11.7,11.68,11.69,1817.28
2024-11-06 14:56:00,1730904960.0,11.68,11.68,11.65,11.66,5438.04
2024-11-06 14:57:00,1730905020.0,11.67,11.7,11.67,11.67,4068.09
2024-11-06 14:58:00,1730905080.0,11.67,11.68,11.66,11.67,3840.99
2024-11-06 14:59:00,1730905140.0,11.67,11.69,11.66,11.68,3286.38
2024-11-06 15:00:00,1730905200.0,11.69,11.7,11.67,11.68,7490.86
2024-11-06 15:01:00,1730905260.0,11.68,11.74,11.68,11.73,6409.05
2024-11-06 15:02:00,1730905320.0,11.73,11.77,11.72,11.76,3767.83
2024-11-06 15:03:00,1730905380.0,11.76,11.78,11.75,11.77,2311.07
2024-11-06 15:04:00,1730905440.0,11.77,11.77,11.74,11.76,5658.22
2024-11-06 15:05:00,1730905500.0,11.76,11.77,11.75,11.77,879.75
2024-11-06 15:06:00,1730905560.0,11.77,11.77,11.71,11.73,3770.68
2024-11-06 15:07:00,1730905620.0,11.72,11.74,11.7,11.74,2669.95
2024-11-06 15:08:00,1730905680.0,11.74,11.81,11.74,11.8,71066.21
2024-11-06 15:09:00,1730905740.0,11.8,11.82,11.8,11.81,1444.07
2024-11-06 15:10:00,1730905800.0,11.82,11.83,11.81,11.83,3148.81
2024-11-06 15:11:00,1730905860.0,11.82,11.84,11.82,11.83,4638.37
2024-11-06 15:12:00,1730905920.0,11.83,11.83,11.81,11.83,3804.14
2024-11-06 15:13:00,1730905980.0,11.82,11.85,11.82,11.84,5250.67
2024-11-06 15:14:00,1730906040.0,11.84,11.85,11.83,11.84,1181.68
2024-11-06 15:15:00,1730906100.0,11.85,11.85,11.81,11.82,1707.38
2024-11-06 15:16:00,1730906160.0,11.82,11.83,11.8,11.83,3644.74
2024-11-06 15:17:00,1730906220.0,11.84,11.85,11.82,11.84,5071.05
2024-11-06 15:18:00,1730906280.0,11.84,11.87,11.83,11.86,5709.74
2024-11-06 15:19:00,1730906340.0,11.86,11.87,11.84,11.86,3254.17
2024-11-06 15:20:00,1730906400.0,11.86,11.88,11.85,11.86,2281.87
2024-11-06 15:21:00,1730906460.0,11.87,11.87,11.84,11.86,3753.96
2024-11-06 15:22:00,1730906520.0,11.86,11.87,11.84,11.86,2024.38
2024-11-06 15:23:00,1730906580.0,11.86,11.87,11.86,11.86,1453.16
2024-11-06 15:24:00,1730906640.0,11.86,11.88,11.86,11.87,2369.44
2024-11-06 15:25:00,1730906700.0,11.86,11.87,11.85,11.87,1812.89
2024-11-06 15:26:00,1730906760.0,11.87,11.88,11.86,11.88,998.64
2024-11-06 15:27:00,1730906820.0,11.87,11.88,11.86,11.86,1817.8
2024-11-06 15:28:00,1730906880.0,11.87,11.88,11.86,11.86,1221.85
2024-11-06 15:29:00,1730906940.0,11.86,11.87,11.86,11.86,21.33
2024-11-06 15:30:00,1730907000.0,11.86,11.86,11.84,11.85,992.61
2024-11-06 15:31:00,1730907060.0,11.84,11.84,11.82,11.83,6687.14
2024-11-06 15:32:00,1730907120.0,11.83,11.84,11.81,11.84,2084.61
2024-11-06 15:33:00,1730907180.0,11.83,11.83,11.81,11.81,1138.88
2024-11-06 15:34:00,1730907240.0,11.81,11.81,11.79,11.79,2902.99
2024-11-06 15:35:00,1730907300.0,11.79,11.81,11.78,11.81,2344.88
2024-11-06 15:36:00,1730907360.0,11.82,11.82,11.78,11.8,1787.67
2024-11-06 15:37:00,1730907420.0,11.8,11.8,11.78,11.79,1123.46
2024-11-06 15:38:00,1730907480.0,11.79,11.85,11.79,11.84,13689.29
2024-11-06 15:39:00,1730907540.0,11.85,11.85,11.83,11.84,9538.03
2024-11-06 15:40:00,1730907600.0,11.84,11.84,11.82,11.82,1921.03
2024-11-06 15:41:00,1730907660.0,11.82,11.85,11.82,11.84,4886.31
2024-11-06 15:42:00,1730907720.0,11.84,11.84,11.82,11.83,2348.82
2024-11-06 15:43:00,1730907780.0,11.84,11.84,11.83,11.84,214.41
2024-11-06 15:44:00,1730907840.0,11.85,11.85,11.83,11.83,975.68
2024-11-06 15:45:00,1730907900.0,11.84,11.85,11.83,11.85,2034.12
2024-11-06 15:46:00,1730907960.0,11.85,11.85,11.84,11.85,1363.66
2024-11-06 15:47:00,1730908020.0,11.84,11.89,11.84,11.88,10713.27
2024-11-06 15:48:00,1730908080.0,11.88,11.89,11.86,11.88,2158.35
2024-11-06 15:49:00,1730908140.0,11.88,11.9,11.88,11.88,3686.53
2024-11-06 15:50:00,1730908200.0,11.87,11.87,11.85,11.85,1714.93
2024-11-06 15:51:00,1730908260.0,11.86,11.87,11.85,11.86,1092.11
2024-11-06 15:52:00,1730908320.0,11.85,11.85,11.83,11.85,1509.15
2024-11-06 15:53:00,1730908380.0,11.85,11.85,11.83,11.84,1238.13
2024-11-06 15:54:00,1730908440.0,11.83,11.86,11.83,11.86,3120.97
2024-11-06 15:55:00,1730908500.0,11.86,11.86,11.84,11.84,462.16
2024-11-06 15:56:00,1730908560.0,11.84,11.84,11.83,11.84,73.79
2024-11-06 15:57:00,1730908620.0,11.84,11.84,11.83,11.83,422.17
2024-11-06 15:58:00,1730908680.0,11.83,11.84,11.82,11.82,360.7
2024-11-06 15:59:00,1730908740.0,11.83,11.83,11.8,11.81,699.39
2024-11-06 16:00:00,1730908800.0,11.8,11.82,11.79,11.81,3025.77
2024-11-06 16:01:00,1730908860.0,11.81,11.82,11.8,11.82,1322.22
2024-11-06 16:02:00,1730908920.0,11.82,11.85,11.82,11.85,1385.65
2024-11-06 16:03:00,1730908980.0,11.85,11.87,11.85,11.86,1764.43
2024-11-06 16:04:00,1730909040.0,11.87,11.87,11.84,11.84,2386.15
2024-11-06 16:05:00,1730909100.0,11.85,11.86,11.85,11.85,312.52
2024-11-06 16:06:00,1730909160.0,11.85,11.86,11.84,11.85,2353.35
2024-11-06 16:07:00,1730909220.0,11.85,11.85,11.82,11.83,845.64
2024-11-06 16:08:00,1730909280.0,11.84,11.86,11.83,11.86,2064.57
2024-11-06 16:09:00,1730909340.0,11.86,11.88,11.86,11.86,3428.64
2024-11-06 16:10:00,1730909400.0,11.87,11.88,11.85,11.87,1587.29
2024-11-06 16:11:00,1730909460.0,11.87,11.89,11.87,11.88,1010.03
2024-11-06 16:12:00,1730909520.0,11.88,11.91,11.88,11.89,5869.07
2024-11-06 16:13:00,1730909580.0,11.9,11.9,11.88,11.88,776.42
2024-11-06 16:14:00,1730909640.0,11.89,11.89,11.85,11.86,8370.12
2024-11-06 16:15:00,1730909700.0,11.86,11.89,11.86,11.88,5380.67
2024-11-06 16:16:00,1730909760.0,11.88,11.89,11.86,11.86,779.72
2024-11-06 16:17:00,1730909820.0,11.87,11.87,11.84,11.85,1748.23
2024-11-06 16:18:00,1730909880.0,11.84,11.86,11.84,11.85,1529.51
2024-11-06 16:19:00,1730909940.0,11.86,11.86,11.85,11.86,640.13
2024-11-06 16:20:00,1730910000.0,11.86,11.86,11.83,11.84,708.26
2024-11-06 16:21:00,1730910060.0,11.85,11.85,11.82,11.83,476.03
2024-11-06 16:22:00,1730910120.0,11.83,11.83,11.82,11.82,525.48
2024-11-06 16:23:00,1730910180.0,11.81,11.83,11.8,11.83,1640.33
2024-11-06 16:24:00,1730910240.0,11.83,11.84,11.81,11.82,8127.37
2024-11-06 16:25:00,1730910300.0,11.82,11.83,11.81,11.83,7176.6
2024-11-06 16:26:00,1730910360.0,11.82,11.85,11.82,11.84,1308.8
2024-11-06 16:27:00,1730910420.0,11.84,11.86,11.83,11.86,2118.43
2024-11-06 16:28:00,1730910480.0,11.86,11.87,11.85,11.86,1165.97
2024-11-06 16:29:00,1730910540.0,11.86,11.86,11.84,11.86,2501.8
2024-11-06 16:30:00,1730910600.0,11.86,11.88,11.86,11.86,802.76
2024-11-06 16:31:00,1730910660.0,11.86,11.86,11.85,11.86,365.48
2024-11-06 16:32:00,1730910720.0,11.85,11.86,11.84,11.85,674.11
2024-11-06 16:33:00,1730910780.0,11.86,11.86,11.84,11.86,598.38
2024-11-06 16:34:00,1730910840.0,11.85,11.86,11.85,11.85,1222.77
2024-11-06 16:35:00,1730910900.0,11.85,11.86,11.84,11.86,849.76
2024-11-06 16:36:00,1730910960.0,11.86,11.88,11.86,11.87,1091.26
2024-11-06 16:37:00,1730911020.0,11.88,11.89,11.87,11.88,1856.91
2024-11-06 16:38:00,1730911080.0,11.89,11.9,11.88,11.9,1118.86
2024-11-06 16:39:00,1730911140.0,11.89,11.9,11.89,11.89,292.2
2024-11-06 16:40:00,1730911200.0,11.9,11.9,11.89,11.9,199.2
2024-11-06 16:41:00,1730911260.0,11.9,11.91,11.89,11.9,1563.15
2024-11-06 16:42:00,1730911320.0,11.9,11.91,11.89,11.9,2198.92
2024-11-06 16:43:00,1730911380.0,11.89,11.9,11.87,11.89,1638.24
2024-11-06 16:44:00,1730911440.0,11.88,11.89,11.86,11.87,2488.28
2024-11-06 16:45:00,1730911500.0,11.88,11.9,11.87,11.88,893.47
2024-11-06 16:46:00,1730911560.0,11.87,11.89,11.87,11.88,433.54
2024-11-06 16:47:00,1730911620.0,11.88,11.9,11.88,11.9,2885.67
2024-11-06 16:48:00,1730911680.0,11.89,11.89,11.88,11.89,133.71
2024-11-06 16:49:00,1730911740.0,11.89,11.91,11.87,11.91,4024.88
2024-11-06 16:50:00,1730911800.0,11.9,11.91,11.89,11.89,1857.77
2024-11-06 16:51:00,1730911860.0,11.89,11.9,11.88,11.9,1650.82
2024-11-06 16:52:00,1730911920.0,11.9,11.9,11.89,11.9,48.2
2024-11-06 16:53:00,1730911980.0,11.89,11.9,11.87,11.88,2590.33
2024-11-06 16:54:00,1730912040.0,11.88,11.9,11.88,11.89,1539.48
2024-11-06 16:55:00,1730912100.0,11.89,11.89,11.85,11.85,15185.5
2024-11-06 16:56:00,1730912160.0,11.86,11.87,11.85,11.86,2439.68
2024-11-06 16:57:00,1730912220.0,11.86,11.87,11.85,11.85,440.63
2024-11-06 16:58:00,1730912280.0,11.85,11.87,11.85,11.87,783.72
2024-11-06 16:59:00,1730912340.0,11.87,11.87,11.86,11.86,9.74
2024-11-06 17:00:00,1730912400.0,11.86,11.86,11.85,11.85,1632.64
2024-11-06 17:01:00,1730912460.0,11.86,11.86,11.84,11.85,2113.98
2024-11-06 17:02:00,1730912520.0,11.86,11.86,11.82,11.84,11161.82
2024-11-06 17:03:00,1730912580.0,11.85,11.86,11.83,11.84,3931.41
2024-11-06 17:04:00,1730912640.0,11.84,11.85,11.83,11.84,742.03
2024-11-06 17:05:00,1730912700.0,11.84,11.85,11.83,11.84,2951.39
2024-11-06 17:06:00,1730912760.0,11.83,11.86,11.83,11.84,2559.93
2024-11-06 17:07:00,1730912820.0,11.84,11.85,11.83,11.84,1739.32
2024-11-06 17:08:00,1730912880.0,11.85,11.86,11.84,11.86,1491.39
2024-11-06 17:09:00,1730912940.0,11.86,11.86,11.85,11.85,208.14
2024-11-06 17:10:00,1730913000.0,11.85,11.85,11.84,11.84,1813.74
2024-11-06 17:11:00,1730913060.0,11.85,11.85,11.84,11.85,2046.94
2024-11-06 17:12:00,1730913120.0,11.85,11.85,11.84,11.85,447.84
2024-11-06 17:13:00,1730913180.0,11.84,11.85,11.84,11.85,1482.82
2024-11-06 17:14:00,1730913240.0,11.84,11.86,11.84,11.85,768.44
2024-11-06 17:15:00,1730913300.0,11.86,11.86,11.84,11.84,4783.82
2024-11-06 17:16:00,1730913360.0,11.85,11.86,11.85,11.85,1907.08
2024-11-06 17:17:00,1730913420.0,11.85,11.86,11.84,11.84,891.51
2024-11-06 17:18:00,1730913480.0,11.85,11.86,11.84,11.86,1599.57
2024-11-06 17:19:00,1730913540.0,11.85,11.86,11.84,11.85,1520.78
2024-11-06 17:20:00,1730913600.0,11.86,11.86,11.83,11.83,4231.31
2024-11-06 17:21:00,1730913660.0,11.84,11.84,11.82,11.84,1819.92
2024-11-06 17:22:00,1730913720.0,11.84,11.84,11.82,11.82,1057.73
2024-11-06 17:23:00,1730913780.0,11.83,11.84,11.82,11.84,1757.15
2024-11-06 17:24:00,1730913840.0,11.84,11.86,11.83,11.84,899.08
2024-11-06 17:25:00,1730913900.0,11.84,11.85,11.84,11.84,1241.47
2024-11-06 17:26:00,1730913960.0,11.85,11.87,11.85,11.87,1486.08
2024-11-06 17:27:00,1730914020.0,11.87,11.87,11.86,11.86,1074.22
2024-11-06 17:28:00,1730914080.0,11.86,11.88,11.86,11.88,4436.59
2024-11-06 17:29:00,1730914140.0,11.88,11.88,11.86,11.87,2104.25
2024-11-06 17:30:00,1730914200.0,11.87,11.88,11.86,11.87,1949.95
2024-11-06 17:31:00,1730914260.0,11.86,11.86,11.85,11.86,494.32
2024-11-06 17:32:00,1730914320.0,11.86,11.87,11.86,11.87,440.77
2024-11-06 17:33:00,1730914380.0,11.87,11.87,11.86,11.87,304.28
2024-11-06 17:34:00,1730914440.0,11.87,11.87,11.86,11.87,200.93
2024-11-06 17:35:00,1730914500.0,11.87,11.88,11.86,11.88,1431.94
2024-11-06 17:36:00,1730914560.0,11.88,11.88,11.87,11.87,229.01
2024-11-06 17:37:00,1730914620.0,11.87,11.87,11.85,11.86,616.11
2024-11-06 17:38:00,1730914680.0,11.86,11.87,11.85,11.86,759.32
2024-11-06 17:39:00,1730914740.0,11.87,11.87,11.86,11.87,30.15
2024-11-06 17:40:00,1730914800.0,11.86,11.87,11.86,11.87,769.16
2024-11-06 17:41:00,1730914860.0,11.87,11.87,11.86,11.86,1691.45
2024-11-06 17:42:00,1730914920.0,11.86,11.86,11.85,11.85,24.27
2024-11-06 17:43:00,1730914980.0,11.86,11.86,11.85,11.86,1547.26
2024-11-06 17:44:00,1730915040.0,11.86,11.87,11.86,11.87,1184.34
2024-11-06 17:45:00,1730915100.0,11.87,11.87,11.86,11.87,1420.51
2024-11-06 17:46:00,1730915160.0,11.87,11.87,11.83,11.83,575.91
2024-11-06 17:47:00,1730915220.0,11.83,11.84,11.81,11.81,2104.18
2024-11-06 17:48:00,1730915280.0,11.82,11.84,11.82,11.84,693.29
2024-11-06 17:49:00,1730915340.0,11.85,11.85,11.83,11.83,1843.83
2024-11-06 17:50:00,1730915400.0,11.83,11.85,11.83,11.83,3733.1
2024-11-06 17:51:00,1730915460.0,11.84,11.84,11.82,11.82,2157.64
2024-11-06 17:52:00,1730915520.0,11.83,11.84,11.82,11.83,830.85
2024-11-06 17:53:00,1730915580.0,11.83,11.83,11.82,11.82,1106.09
2024-11-06 17:54:00,1730915640.0,11.82,11.82,11.81,11.81,305.2
2024-11-06 17:55:00,1730915700.0,11.81,11.82,11.81,11.82,581.94
2024-11-06 17:56:00,1730915760.0,11.81,11.82,11.81,11.82,392.12
2024-11-06 17:57:00,1730915820.0,11.81,11.82,11.81,11.82,91.12
2024-11-06 17:58:00,1730915880.0,11.82,11.83,11.81,11.82,2191.16
2024-11-06 17:59:00,1730915940.0,11.82,11.83,11.82,11.82,80.51
2024-11-06 18:00:00,1730916000.0,11.82,11.83,11.82,11.83,2399.64
2024-11-06 18:01:00,1730916060.0,11.83,11.85,11.83,11.83,4330.52
2024-11-06 18:02:00,1730916120.0,11.84,11.87,11.84,11.87,2158.16
2024-11-06 18:03:00,1730916180.0,11.86,11.88,11.86,11.86,2855.08
2024-11-06 18:04:00,1730916240.0,11.87,11.87,11.86,11.87,653.49
2024-11-06 18:05:00,1730916300.0,11.87,11.87,11.86,11.86,129.42
2024-11-06 18:06:00,1730916360.0,11.85,11.86,11.85,11.86,326.41
2024-11-06 18:07:00,1730916420.0,11.85,11.86,11.85,11.85,449.02
2024-11-06 18:08:00,1730916480.0,11.85,11.86,11.85,11.86,1158.46
2024-11-06 18:09:00,1730916540.0,11.85,11.88,11.85,11.88,2187.47
2024-11-06 18:10:00,1730916600.0,11.88,11.89,11.87,11.89,2066.66
2024-11-06 18:11:00,1730916660.0,11.88,11.88,11.87,11.88,1644.04
2024-11-06 18:12:00,1730916720.0,11.88,11.89,11.87,11.88,559.8
2024-11-06 18:13:00,1730916780.0,11.89,11.89,11.86,11.87,437.74
2024-11-06 18:14:00,1730916840.0,11.87,11.88,11.86,11.87,1295.48
2024-11-06 18:15:00,1730916900.0,11.88,11.88,11.85,11.85,9714.77
2024-11-06 18:16:00,1730916960.0,11.85,11.86,11.85,11.85,1895.53
2024-11-06 18:17:00,1730917020.0,11.86,11.87,11.85,11.87,1281.49
2024-11-06 18:18:00,1730917080.0,11.87,11.87,11.85,11.86,111.46
2024-11-06 18:19:00,1730917140.0,11.86,11.86,11.85,11.86,213.78
2024-11-06 18:20:00,1730917200.0,11.86,11.86,11.85,11.85,71.48
2024-11-06 18:21:00,1730917260.0,11.85,11.86,11.84,11.85,2463.53
2024-11-06 18:22:00,1730917320.0,11.85,11.86,11.84,11.86,323.68
2024-11-06 18:23:00,1730917380.0,11.86,11.86,11.84,11.84,373.01
2024-11-06 18:24:00,1730917440.0,11.85,11.87,11.85,11.85,2969.63
2024-11-06 18:25:00,1730917500.0,11.86,11.87,11.85,11.86,1607.84
2024-11-06 18:26:00,1730917560.0,11.86,11.88,11.86,11.87,843.82
2024-11-06 18:27:00,1730917620.0,11.86,11.87,11.86,11.86,449.34
2024-11-06 18:28:00,1730917680.0,11.85,11.87,11.85,11.87,1283.95
2024-11-06 18:29:00,1730917740.0,11.87,11.87,11.85,11.86,3420.38
2024-11-06 18:30:00,1730917800.0,11.87,11.87,11.85,11.85,727.31
2024-11-06 18:31:00,1730917860.0,11.86,11.87,11.86,11.86,2820.59
2024-11-06 18:32:00,1730917920.0,11.86,11.87,11.85,11.86,487.34
2024-11-06 18:33:00,1730917980.0,11.86,11.87,11.85,11.85,1117.14
2024-11-06 18:34:00,1730918040.0,11.86,11.86,11.84,11.85,10414.77
2024-11-06 18:35:00,1730918100.0,11.85,11.85,11.84,11.84,533.76
2024-11-06 18:36:00,1730918160.0,11.84,11.85,11.83,11.85,2531.63
2024-11-06 18:37:00,1730918220.0,11.84,11.84,11.82,11.83,3274.1
2024-11-06 18:38:00,1730918280.0,11.83,11.84,11.83,11.84,1166.68
2024-11-06 18:39:00,1730918340.0,11.83,11.85,11.83,11.85,951.37
2024-11-06 18:40:00,1730918400.0,11.85,11.87,11.83,11.87,2956.85
2024-11-06 18:41:00,1730918460.0,11.87,11.87,11.85,11.87,1468.84
2024-11-06 18:42:00,1730918520.0,11.87,11.88,11.86,11.88,1877.5
2024-11-06 18:43:00,1730918580.0,11.88,11.88,11.87,11.88,1265.93
2024-11-06 18:44:00,1730918640.0,11.87,11.89,11.87,11.89,1312.56
2024-11-06 18:45:00,1730918700.0,11.88,11.88,11.86,11.86,1977.47
2024-11-06 18:46:00,1730918760.0,11.87,11.88,11.84,11.86,2642.63
2024-11-06 18:47:00,1730918820.0,11.86,11.87,11.85,11.86,841.82
2024-11-06 18:48:00,1730918880.0,11.86,11.86,11.85,11.86,111.01
2024-11-06 18:49:00,1730918940.0,11.85,11.86,11.85,11.86,2217.66
2024-11-06 18:50:00,1730919000.0,11.86,11.86,11.85,11.86,1522.57
2024-11-06 18:51:00,1730919060.0,11.86,11.87,11.85,11.86,1299.63
2024-11-06 18:52:00,1730919120.0,11.86,11.87,11.86,11.87,680.03
2024-11-06 18:53:00,1730919180.0,11.87,11.88,11.85,11.85,1067.19
2024-11-06 18:54:00,1730919240.0,11.86,11.87,11.85,11.87,1681.89
2024-11-06 18:55:00,1730919300.0,11.87,11.87,11.86,11.87,325.74
2024-11-06 18:56:00,1730919360.0,11.87,11.87,11.86,11.86,129.47
2024-11-06 18:57:00,1730919420.0,11.86,11.87,11.86,11.86,1408.0
2024-11-06 18:58:00,1730919480.0,11.87,11.88,11.87,11.87,2842.33
2024-11-06 18:59:00,1730919540.0,11.87,11.87,11.86,11.87,768.2
2024-11-06 19:00:00,1730919600.0,11.87,11.88,11.86,11.87,2772.31
2024-11-06 19:01:00,1730919660.0,11.88,11.88,11.87,11.88,992.69
2024-11-06 19:02:00,1730919720.0,11.88,11.89,11.87,11.89,1749.88
2024-11-06 19:03:00,1730919780.0,11.88,11.89,11.87,11.87,1945.78
2024-11-06 19:04:00,1730919840.0,11.88,11.88,11.85,11.87,3948.43
2024-11-06 19:05:00,1730919900.0,11.87,11.88,11.87,11.87,1102.5
2024-11-06 19:06:00,1730919960.0,11.86,11.89,11.86,11.89,1803.8
2024-11-06 19:07:00,1730920020.0,11.88,11.9,11.88,11.89,711.72
2024-11-06 19:08:00,1730920080.0,11.9,11.9,11.89,11.9,750.56
2024-11-06 19:09:00,1730920140.0,11.9,11.9,11.89,11.89,538.6
2024-11-06 19:10:00,1730920200.0,11.9,11.91,11.89,11.9,9148.88
2024-11-06 19:11:00,1730920260.0,11.9,11.9,11.89,11.89,5312.68
2024-11-06 19:12:00,1730920320.0,11.89,11.92,11.89,11.92,6157.85
2024-11-06 19:13:00,1730920380.0,11.91,11.93,11.91,11.92,5644.22
2024-11-06 19:14:00,1730920440.0,11.91,11.93,11.91,11.93,3589.82
2024-11-06 19:15:00,1730920500.0,11.92,11.92,11.9,11.91,4625.59
2024-11-06 19:16:00,1730920560.0,11.92,11.92,11.89,11.9,3195.13
2024-11-06 19:17:00,1730920620.0,11.89,11.89,11.88,11.88,1984.98
2024-11-06 19:18:00,1730920680.0,11.89,11.91,11.88,11.9,1980.45
2024-11-06 19:19:00,1730920740.0,11.9,11.9,11.89,11.9,2708.69
2024-11-06 19:20:00,1730920800.0,11.9,11.9,11.88,11.89,3202.92
2024-11-06 19:21:00,1730920860.0,11.88,11.93,11.88,11.93,7372.8
2024-11-06 19:22:00,1730920920.0,11.92,11.93,11.91,11.92,2604.76
2024-11-06 19:23:00,1730920980.0,11.93,11.93,11.92,11.93,78.28
2024-11-06 19:24:00,1730921040.0,11.93,11.94,11.92,11.93,1455.99
2024-11-06 19:25:00,1730921100.0,11.94,11.94,11.92,11.93,922.31
2024-11-06 19:26:00,1730921160.0,11.92,11.93,11.92,11.93,506.16
2024-11-06 19:27:00,1730921220.0,11.92,11.92,11.91,11.92,2611.89
2024-11-06 19:28:00,1730921280.0,11.92,11.93,11.91,11.92,2248.32
2024-11-06 19:29:00,1730921340.0,11.92,11.93,11.9,11.9,1529.25
2024-11-06 19:30:00,1730921400.0,11.91,11.93,11.9,11.92,5108.19
2024-11-06 19:31:00,1730921460.0,11.92,11.93,11.91,11.93,1872.66
2024-11-06 19:32:00,1730921520.0,11.92,11.92,11.9,11.92,2501.3
2024-11-06 19:33:00,1730921580.0,11.92,11.93,11.91,11.92,1655.06
2024-11-06 19:34:00,1730921640.0,11.92,11.93,11.91,11.91,1256.03
2024-11-06 19:35:00,1730921700.0,11.92,11.94,11.91,11.91,1499.98
2024-11-06 19:36:00,1730921760.0,11.92,11.93,11.91,11.93,888.87
2024-11-06 19:37:00,1730921820.0,11.93,11.93,11.92,11.93,2331.54
2024-11-06 19:38:00,1730921880.0,11.93,11.93,11.91,11.93,472.09
2024-11-06 19:39:00,1730921940.0,11.93,11.93,11.91,11.93,2465.78
2024-11-06 19:40:00,1730922000.0,11.93,11.94,11.92,11.94,826.26
2024-11-06 19:41:00,1730922060.0,11.93,11.93,11.92,11.93,2610.41
2024-11-06 19:42:00,1730922120.0,11.93,11.98,11.93,11.97,26185.54
2024-11-06 19:43:00,1730922180.0,11.97,11.97,11.96,11.97,755.64
2024-11-06 19:44:00,1730922240.0,11.96,11.97,11.94,11.94,1784.94
2024-11-06 19:45:00,1730922300.0,11.95,11.95,11.93,11.94,576.91
2024-11-06 19:46:00,1730922360.0,11.93,11.95,11.92,11.94,3442.31
2024-11-06 19:47:00,1730922420.0,11.94,11.94,11.93,11.94,212.15
2024-11-06 19:48:00,1730922480.0,11.94,11.96,11.92,11.93,3061.79
2024-11-06 19:49:00,1730922540.0,11.93,11.93,11.91,11.92,810.17
2024-11-06 19:50:00,1730922600.0,11.93,11.93,11.91,11.93,1004.94
2024-11-06 19:51:00,1730922660.0,11.93,11.94,11.93,11.93,3029.34
2024-11-06 19:52:00,1730922720.0,11.94,11.94,11.93,11.94,500.46
2024-11-06 19:53:00,1730922780.0,11.95,11.95,11.93,11.94,3956.3
2024-11-06 19:54:00,1730922840.0,11.93,11.94,11.93,11.94,1491.38
2024-11-06 19:55:00,1730922900.0,11.94,11.97,11.93,11.96,13271.62
2024-11-06 19:56:00,1730922960.0,11.97,11.97,11.94,11.94,3265.41
2024-11-06 19:57:00,1730923020.0,11.95,11.96,11.93,11.94,3940.74
2024-11-06 19:58:00,1730923080.0,11.94,11.96,11.94,11.96,9415.14
2024-11-06 19:59:00,1730923140.0,11.96,11.98,11.95,11.97,5188.29
2024-11-06 20:00:00,1730923200.0,11.96,11.98,11.96,11.97,1232.15
2024-11-06 20:01:00,1730923260.0,11.97,11.98,11.96,11.96,2924.87
2024-11-06 20:02:00,1730923320.0,11.97,11.98,11.96,11.96,4275.85
2024-11-06 20:03:00,1730923380.0,11.96,11.97,11.95,11.96,7294.33
2024-11-06 20:04:00,1730923440.0,11.96,11.96,11.93,11.94,2576.87
2024-11-06 20:05:00,1730923500.0,11.95,11.97,11.94,11.97,2957.68
2024-11-06 20:06:00,1730923560.0,11.96,11.97,11.95,11.96,601.08
2024-11-06 20:07:00,1730923620.0,11.96,11.99,11.95,11.98,5254.8
2024-11-06 20:08:00,1730923680.0,11.98,12.0,11.98,11.99,4673.8
2024-11-06 20:09:00,1730923740.0,12.0,12.0,11.99,11.99,1963.43
2024-11-06 20:10:00,1730923800.0,11.99,12.03,11.99,12.0,27353.87
2024-11-06 20:11:00,1730923860.0,12.0,12.02,11.99,12.01,4599.77
2024-11-06 20:12:00,1730923920.0,12.01,12.02,12.0,12.0,2713.35
2024-11-06 20:13:00,1730923980.0,12.0,12.02,11.98,12.01,3666.87
2024-11-06 20:14:00,1730924040.0,12.01,12.02,12.0,12.01,4893.71
2024-11-06 20:15:00,1730924100.0,12.01,12.02,11.99,12.0,2253.66
2024-11-06 20:16:00,1730924160.0,12.01,12.01,12.0,12.0,1721.86
2024-11-06 20:17:00,1730924220.0,12.01,12.01,11.98,11.98,3153.98
2024-11-06 20:18:00,1730924280.0,11.98,12.0,11.98,11.99,2001.41
2024-11-06 20:19:00,1730924340.0,11.99,11.99,11.97,11.98,3065.2
2024-11-06 20:20:00,1730924400.0,11.98,12.0,11.98,11.99,5590.95
2024-11-06 20:21:00,1730924460.0,11.99,11.99,11.96,11.96,3195.25
2024-11-06 20:22:00,1730924520.0,11.96,11.98,11.96,11.98,4628.25
2024-11-06 20:23:00,1730924580.0,11.97,11.98,11.96,11.96,403.56
2024-11-06 20:24:00,1730924640.0,11.96,11.96,11.94,11.96,3680.96
2024-11-06 20:25:00,1730924700.0,11.95,11.97,11.95,11.96,408.22
2024-11-06 20:26:00,1730924760.0,11.97,11.98,11.97,11.97,434.66
2024-11-06 20:27:00,1730924820.0,11.98,12.01,11.98,12.01,2892.6
2024-11-06 20:28:00,1730924880.0,12.0,12.01,11.97,11.97,3011.49
2024-11-06 20:29:00,1730924940.0,11.96,11.97,11.95,11.96,4419.36
2024-11-06 20:30:00,1730925000.0,11.96,11.98,11.96,11.97,3466.11
2024-11-06 20:31:00,1730925060.0,11.97,11.97,11.96,11.96,2175.36
2024-11-06 20:32:00,1730925120.0,11.97,11.97,11.95,11.97,1897.69
2024-11-06 20:33:00,1730925180.0,11.97,11.97,11.95,11.96,1479.62
2024-11-06 20:34:00,1730925240.0,11.96,11.96,11.95,11.96,1131.2
2024-11-06 20:35:00,1730925300.0,11.95,11.97,11.95,11.95,2782.99
2024-11-06 20:36:00,1730925360.0,11.95,11.96,11.94,11.94,893.27
2024-11-06 20:37:00,1730925420.0,11.94,11.95,11.94,11.94,673.51
2024-11-06 20:38:00,1730925480.0,11.94,11.96,11.94,11.95,2655.96
2024-11-06 20:39:00,1730925540.0,11.94,11.95,11.94,11.94,758.33
2024-11-06 20:40:00,1730925600.0,11.94,11.96,11.94,11.95,3224.72
2024-11-06 20:41:00,1730925660.0,11.96,11.96,11.95,11.95,2261.0
2024-11-06 20:42:00,1730925720.0,11.95,11.96,11.94,11.95,976.12
2024-11-06 20:43:00,1730925780.0,11.95,11.96,11.95,11.96,1160.51
2024-11-06 20:44:00,1730925840.0,11.95,11.97,11.95,11.97,1246.72
2024-11-06 20:45:00,1730925900.0,11.97,11.99,11.97,11.99,351.99
2024-11-06 20:46:00,1730925960.0,11.99,11.99,11.96,11.96,2807.63
2024-11-06 20:47:00,1730926020.0,11.96,11.97,11.96,11.96,1250.71
2024-11-06 20:48:00,1730926080.0,11.96,11.96,11.95,11.95,1011.81
2024-11-06 20:49:00,1730926140.0,11.95,11.97,11.95,11.96,2017.08
2024-11-06 20:50:00,1730926200.0,11.96,11.97,11.95,11.96,1959.06
2024-11-06 20:51:00,1730926260.0,11.95,11.95,11.93,11.93,1519.11
2024-11-06 20:52:00,1730926320.0,11.94,11.96,11.93,11.96,4555.07
2024-11-06 20:53:00,1730926380.0,11.96,11.98,11.95,11.98,2446.94
2024-11-06 20:54:00,1730926440.0,11.97,12.01,11.97,11.99,10211.85
2024-11-06 20:55:00,1730926500.0,12.0,12.03,11.99,12.02,13016.3
2024-11-06 20:56:00,1730926560.0,12.01,12.03,12.01,12.03,1833.65
2024-11-06 20:57:00,1730926620.0,12.02,12.03,12.0,12.01,7430.95
2024-11-06 20:58:00,1730926680.0,12.0,12.01,11.98,11.98,2287.37
2024-11-06 20:59:00,1730926740.0,11.99,12.02,11.99,12.01,2010.08
2024-11-06 21:00:00,1730926800.0,12.0,12.0,11.98,11.98,1529.02
2024-11-06 21:01:00,1730926860.0,11.98,12.0,11.96,11.99,2189.77
2024-11-06 21:02:00,1730926920.0,12.0,12.01,12.0,12.01,2838.44
2024-11-06 21:03:00,1730926980.0,12.0,12.01,11.98,11.98,1814.27
2024-11-06 21:04:00,1730927040.0,11.98,11.98,11.96,11.97,3006.26
2024-11-06 21:05:00,1730927100.0,11.96,11.98,11.96,11.97,2381.76
2024-11-06 21:06:00,1730927160.0,11.98,11.99,11.96,11.99,5310.78
2024-11-06 21:07:00,1730927220.0,11.99,11.99,11.97,11.98,2898.27
2024-11-06 21:08:00,1730927280.0,11.97,11.99,11.97,11.99,672.69
2024-11-06 21:09:00,1730927340.0,11.98,11.99,11.98,11.99,1435.51
2024-11-06 21:10:00,1730927400.0,11.99,12.02,11.99,12.02,1203.61
2024-11-06 21:11:00,1730927460.0,12.02,12.03,12.01,12.01,2414.36
2024-11-06 21:12:00,1730927520.0,12.01,12.01,12.0,12.0,1983.95
2024-11-06 21:13:00,1730927580.0,12.0,12.0,11.98,12.0,1756.88
2024-11-06 21:14:00,1730927640.0,12.0,12.02,12.0,12.02,1554.99
2024-11-06 21:15:00,1730927700.0,12.02,12.04,12.0,12.02,3647.91
2024-11-06 21:16:00,1730927760.0,12.03,12.03,12.02,12.03,772.68
2024-11-06 21:17:00,1730927820.0,12.03,12.04,12.02,12.03,3077.01
2024-11-06 21:18:00,1730927880.0,12.04,12.04,12.0,12.01,2646.26
2024-11-06 21:19:00,1730927940.0,12.02,12.02,12.0,12.02,1568.77
2024-11-06 21:20:00,1730928000.0,12.01,12.03,12.01,12.02,1619.6
2024-11-06 21:21:00,1730928060.0,12.02,12.03,12.01,12.03,2486.81
2024-11-06 21:22:00,1730928120.0,12.03,12.04,12.02,12.03,810.3
2024-11-06 21:23:00,1730928180.0,12.03,12.04,12.02,12.03,1106.52
2024-11-06 21:24:00,1730928240.0,12.03,12.05,12.03,12.04,2673.04
2024-11-06 21:25:00,1730928300.0,12.05,12.05,12.03,12.04,286.69
2024-11-06 21:26:00,1730928360.0,12.04,12.05,12.02,12.03,2483.62
2024-11-06 21:27:00,1730928420.0,12.04,12.05,12.03,12.04,5672.53
2024-11-06 21:28:00,1730928480.0,12.03,12.03,12.02,12.03,499.48
2024-11-06 21:29:00,1730928540.0,12.02,12.02,12.01,12.01,32.45
2024-11-06 21:30:00,1730928600.0,12.02,12.03,12.01,12.03,2234.34
2024-11-06 21:31:00,1730928660.0,12.02,12.04,12.01,12.03,7484.23
2024-11-06 21:32:00,1730928720.0,12.03,12.06,12.02,12.04,4100.43
2024-11-06 21:33:00,1730928780.0,12.04,12.05,12.03,12.05,6184.93
2024-11-06 21:34:00,1730928840.0,12.05,12.06,12.04,12.05,9199.84
2024-11-06 21:35:00,1730928900.0,12.05,12.07,12.04,12.06,2106.15
2024-11-06 21:36:00,1730928960.0,12.05,12.06,12.03,12.05,13495.38
2024-11-06 21:37:00,1730929020.0,12.05,12.07,12.04,12.05,2586.01
2024-11-06 21:38:00,1730929080.0,12.05,12.08,12.05,12.07,2874.84
2024-11-06 21:39:00,1730929140.0,12.07,12.08,12.06,12.08,3749.36
2024-11-06 21:40:00,1730929200.0,12.08,12.08,12.06,12.07,1436.73
2024-11-06 21:41:00,1730929260.0,12.08,12.08,12.05,12.06,3368.89
2024-11-06 21:42:00,1730929320.0,12.06,12.07,12.05,12.05,839.31
2024-11-06 21:43:00,1730929380.0,12.06,12.08,12.05,12.07,2827.79
2024-11-06 21:44:00,1730929440.0,12.07,12.08,12.07,12.07,201.01
2024-11-06 21:45:00,1730929500.0,12.08,12.09,12.07,12.09,3212.14
2024-11-06 21:46:00,1730929560.0,12.08,12.09,12.07,12.07,2453.76
2024-11-06 21:47:00,1730929620.0,12.07,12.07,12.05,12.06,2454.51
2024-11-06 21:48:00,1730929680.0,12.06,12.07,12.06,12.07,1325.94
2024-11-06 21:49:00,1730929740.0,12.07,12.09,12.07,12.07,1434.14
2024-11-06 21:50:00,1730929800.0,12.07,12.08,12.06,12.08,2368.51
2024-11-06 21:51:00,1730929860.0,12.08,12.09,12.06,12.07,5033.55
2024-11-06 21:52:00,1730929920.0,12.08,12.09,12.07,12.09,918.75
2024-11-06 21:53:00,1730929980.0,12.08,12.09,12.08,12.09,523.83
2024-11-06 21:54:00,1730930040.0,12.09,12.09,12.07,12.08,419.94
2024-11-06 21:55:00,1730930100.0,12.08,12.09,12.07,12.07,883.42
2024-11-06 21:56:00,1730930160.0,12.08,12.09,12.07,12.09,2133.57
2024-11-06 21:57:00,1730930220.0,12.09,12.09,12.08,12.08,428.85
2024-11-06 21:58:00,1730930280.0,12.09,12.09,12.08,12.09,1040.22
2024-11-06 21:59:00,1730930340.0,12.1,12.1,12.08,12.08,1539.36
2024-11-06 22:00:00,1730930400.0,12.09,12.11,12.08,12.11,4115.57
2024-11-06 22:01:00,1730930460.0,12.11,12.13,12.1,12.12,2274.92
2024-11-06 22:02:00,1730930520.0,12.12,12.15,12.11,12.14,16249.95
2024-11-06 22:03:00,1730930580.0,12.13,12.14,12.12,12.14,1735.22
2024-11-06 22:04:00,1730930640.0,12.14,12.15,12.13,12.14,3138.32
2024-11-06 22:05:00,1730930700.0,12.14,12.14,12.11,12.12,3461.6
2024-11-06 22:06:00,1730930760.0,12.11,12.12,12.1,12.12,4083.48
2024-11-06 22:07:00,1730930820.0,12.12,12.12,12.1,12.11,957.31
2024-11-06 22:08:00,1730930880.0,12.11,12.14,12.1,12.13,5415.45
2024-11-06 22:09:00,1730930940.0,12.12,12.14,12.12,12.13,1079.36
2024-11-06 22:10:00,1730931000.0,12.13,12.14,12.12,12.13,1586.85
2024-11-06 22:11:00,1730931060.0,12.14,12.15,12.13,12.15,3190.26
2024-11-06 22:12:00,1730931120.0,12.15,12.15,12.11,12.11,869.26
2024-11-06 22:13:00,1730931180.0,12.11,12.12,12.1,12.11,1861.15
2024-11-06 22:14:00,1730931240.0,12.11,12.11,12.07,12.08,13832.9
2024-11-06 22:15:00,1730931300.0,12.08,12.09,12.06,12.06,3307.18
2024-11-06 22:16:00,1730931360.0,12.07,12.08,12.06,12.06,801.98
2024-11-06 22:17:00,1730931420.0,12.07,12.08,12.07,12.08,1029.46
2024-11-06 22:18:00,1730931480.0,12.09,12.09,12.07,12.09,760.73
2024-11-06 22:19:00,1730931540.0,12.1,12.1,12.09,12.1,1025.71
2024-11-06 22:20:00,1730931600.0,12.09,12.11,12.09,12.11,1404.3
2024-11-06 22:21:00,1730931660.0,12.1,12.11,12.1,12.11,218.6
2024-11-06 22:22:00,1730931720.0,12.1,12.11,12.1,12.11,654.71
2024-11-06 22:23:00,1730931780.0,12.1,12.11,12.09,12.1,477.48
2024-11-06 22:24:00,1730931840.0,12.09,12.1,12.09,12.1,166.98
2024-11-06 22:25:00,1730931900.0,12.09,12.1,12.08,12.09,3537.84
2024-11-06 22:26:00,1730931960.0,12.08,12.1,12.08,12.1,3434.66
2024-11-06 22:27:00,1730932020.0,12.1,12.1,12.09,12.1,2053.48
2024-11-06 22:28:00,1730932080.0,12.1,12.11,12.09,12.11,2450.03
2024-11-06 22:29:00,1730932140.0,12.11,12.13,12.11,12.12,2318.04
2024-11-06 22:30:00,1730932200.0,12.12,12.13,12.12,12.12,80.82
2024-11-06 22:31:00,1730932260.0,12.13,12.13,12.12,12.12,191.88
2024-11-06 22:32:00,1730932320.0,12.12,12.16,12.12,12.15,4008.43
2024-11-06 22:33:00,1730932380.0,12.15,12.16,12.15,12.15,788.69
2024-11-06 22:34:00,1730932440.0,12.15,12.16,12.14,12.16,6982.39
2024-11-06 22:35:00,1730932500.0,12.16,12.17,12.15,12.16,9192.24
2024-11-06 22:36:00,1730932560.0,12.15,12.16,12.14,12.14,1404.7
2024-11-06 22:37:00,1730932620.0,12.15,12.18,12.15,12.18,4983.43
2024-11-06 22:38:00,1730932680.0,12.18,12.18,12.16,12.17,2418.17
2024-11-06 22:39:00,1730932740.0,12.17,12.17,12.14,12.17,3652.42
2024-11-06 22:40:00,1730932800.0,12.17,12.19,12.17,12.18,4091.64
2024-11-06 22:41:00,1730932860.0,12.18,12.2,12.17,12.2,5969.77
2024-11-06 22:42:00,1730932920.0,12.2,12.2,12.18,12.19,3012.79
2024-11-06 22:43:00,1730932980.0,12.19,12.21,12.19,12.2,2609.28
2024-11-06 22:44:00,1730933040.0,12.2,12.22,12.2,12.21,3884.96
2024-11-06 22:45:00,1730933100.0,12.21,12.22,12.2,12.21,5245.33
2024-11-06 22:46:00,1730933160.0,12.21,12.22,12.21,12.21,545.59
2024-11-06 22:47:00,1730933220.0,12.22,12.23,12.21,12.23,2128.82
2024-11-06 22:48:00,1730933280.0,12.23,12.25,12.22,12.24,4949.63
2024-11-06 22:49:00,1730933340.0,12.25,12.25,12.23,12.25,6028.17
2024-11-06 22:50:00,1730933400.0,12.25,12.26,12.24,12.25,2079.78
2024-11-06 22:51:00,1730933460.0,12.26,12.26,12.24,12.25,3176.42
2024-11-06 22:52:00,1730933520.0,12.24,12.26,12.24,12.24,2327.65
2024-11-06 22:53:00,1730933580.0,12.24,12.29,12.24,12.28,7220.78
2024-11-06 22:54:00,1730933640.0,12.29,12.3,12.27,12.3,2263.73
2024-11-06 22:55:00,1730933700.0,12.29,12.3,12.28,12.3,2866.53
2024-11-06 22:56:00,1730933760.0,12.29,12.3,12.27,12.28,2196.77
2024-11-06 22:57:00,1730933820.0,12.28,12.29,12.27,12.29,4986.77
2024-11-06 22:58:00,1730933880.0,12.29,12.29,12.28,12.28,1496.34
2024-11-06 22:59:00,1730933940.0,12.28,12.28,12.26,12.27,1260.73
2024-11-06 23:00:00,1730934000.0,12.28,12.31,12.28,12.3,15003.99
2024-11-06 23:01:00,1730934060.0,12.31,12.32,12.29,12.29,3273.27
2024-11-06 23:02:00,1730934120.0,12.3,12.31,12.26,12.26,9630.91
2024-11-06 23:03:00,1730934180.0,12.26,12.26,12.24,12.26,5578.94
2024-11-06 23:04:00,1730934240.0,12.26,12.29,12.26,12.26,4376.2
2024-11-06 23:05:00,1730934300.0,12.27,12.27,12.25,12.27,3641.03
2024-11-06 23:06:00,1730934360.0,12.26,12.29,12.26,12.28,7403.63
2024-11-06 23:07:00,1730934420.0,12.27,12.28,12.25,12.26,817.47
2024-11-06 23:08:00,1730934480.0,12.26,12.26,12.25,12.26,561.29
2024-11-06 23:09:00,1730934540.0,12.25,12.27,12.24,12.27,4250.04
2024-11-06 23:10:00,1730934600.0,12.26,12.3,12.26,12.3,2507.57
2024-11-06 23:11:00,1730934660.0,12.3,12.3,12.27,12.29,3216.74
2024-11-06 23:12:00,1730934720.0,12.29,12.29,12.27,12.27,1256.48
2024-11-06 23:13:00,1730934780.0,12.27,12.27,12.25,12.27,1219.71
2024-11-06 23:14:00,1730934840.0,12.27,12.27,12.26,12.26,142.51
2024-11-06 23:15:00,1730934900.0,12.26,12.27,12.25,12.26,5255.62
2024-11-06 23:16:00,1730934960.0,12.25,12.27,12.24,12.26,3327.11
2024-11-06 23:17:00,1730935020.0,12.26,12.26,12.24,12.25,3858.45
2024-11-06 23:18:00,1730935080.0,12.24,12.26,12.23,12.24,3341.44
2024-11-06 23:19:00,1730935140.0,12.24,12.26,12.24,12.24,4875.9
2024-11-06 23:20:00,1730935200.0,12.24,12.24,12.22,12.22,6348.1
2024-11-06 23:21:00,1730935260.0,12.23,12.23,12.21,12.23,2614.03
2024-11-06 23:22:00,1730935320.0,12.23,12.23,12.2,12.2,9772.46
2024-11-06 23:23:00,1730935380.0,12.21,12.25,12.2,12.24,10713.2
2024-11-06 23:24:00,1730935440.0,12.24,12.24,12.21,12.23,2004.39
2024-11-06 23:25:00,1730935500.0,12.22,12.23,12.21,12.22,833.2
2024-11-06 23:26:00,1730935560.0,12.23,12.23,12.21,12.22,753.44
2024-11-06 23:27:00,1730935620.0,12.22,12.23,12.21,12.23,2125.15
2024-11-06 23:28:00,1730935680.0,12.23,12.24,12.22,12.23,785.59
2024-11-06 23:29:00,1730935740.0,12.24,12.24,12.22,12.23,795.14
2024-11-06 23:30:00,1730935800.0,12.22,12.22,12.21,12.21,4618.88
2024-11-06 23:31:00,1730935860.0,12.21,12.21,12.16,12.17,14891.41
2024-11-06 23:32:00,1730935920.0,12.17,12.18,12.15,12.16,3352.06
2024-11-06 23:33:00,1730935980.0,12.15,12.17,12.15,12.16,1736.5
2024-11-06 23:34:00,1730936040.0,12.15,12.16,12.14,12.15,1010.79
2024-11-06 23:35:00,1730936100.0,12.14,12.15,12.13,12.15,3244.49
2024-11-06 23:36:00,1730936160.0,12.15,12.16,12.14,12.14,733.06
2024-11-06 23:37:00,1730936220.0,12.15,12.16,12.14,12.14,735.44
2024-11-06 23:38:00,1730936280.0,12.15,12.16,12.14,12.16,1367.07
2024-11-06 23:39:00,1730936340.0,12.16,12.16,12.15,12.15,946.06
2024-11-06 23:40:00,1730936400.0,12.15,12.16,12.14,12.15,6211.81
2024-11-06 23:41:00,1730936460.0,12.16,12.16,12.14,12.14,1692.66
2024-11-06 23:42:00,1730936520.0,12.15,12.16,12.14,12.15,1252.78
2024-11-06 23:43:00,1730936580.0,12.14,12.15,12.13,12.13,4718.79
2024-11-06 23:44:00,1730936640.0,12.13,12.15,12.12,12.14,2790.73
2024-11-06 23:45:00,1730936700.0,12.14,12.15,12.13,12.14,755.88
2024-11-06 23:46:00,1730936760.0,12.14,12.14,12.12,12.13,2728.79
2024-11-06 23:47:00,1730936820.0,12.14,12.16,12.13,12.16,2443.94
2024-11-06 23:48:00,1730936880.0,12.16,12.16,12.14,12.14,1515.73
2024-11-06 23:49:00,1730936940.0,12.15,12.16,12.14,12.15,2418.15
2024-11-06 23:50:00,1730937000.0,12.15,12.17,12.15,12.15,2244.37
2024-11-06 23:51:00,1730937060.0,12.15,12.16,12.14,12.14,2471.85
2024-11-06 23:52:00,1730937120.0,12.15,12.16,12.15,12.16,827.5
2024-11-06 23:53:00,1730937180.0,12.16,12.16,12.14,12.16,945.98
2024-11-06 23:54:00,1730937240.0,12.15,12.15,12.14,12.15,750.98
2024-11-06 23:55:00,1730937300.0,12.14,12.17,12.14,12.16,3270.31
2024-11-06 23:56:00,1730937360.0,12.16,12.17,12.16,12.17,40.32
2024-11-06 23:57:00,1730937420.0,12.17,12.18,12.16,12.17,1731.46
2024-11-06 23:58:00,1730937480.0,12.18,12.18,12.17,12.18,1283.35
2024-11-06 23:59:00,1730937540.0,12.18,12.18,12.16,12.17,2635.44
