Universal Time,Unix Time,Open,High,Low,Close,Volume
2019-11-24 00:00:00,1574553600.0,2.4272,2.4282,2.4237,2.4268,1752.37
2019-11-24 00:01:00,1574553660.0,2.4287,2.445,2.4287,2.4401,28480.02
2019-11-24 00:02:00,1574553720.0,2.4423,2.4505,2.4408,2.4415,26528.03
2019-11-24 00:03:00,1574553780.0,2.4449,2.4515,2.4449,2.4515,3789.12
2019-11-24 00:04:00,1574553840.0,2.452,2.4533,2.4463,2.45,3776.26
2019-11-24 00:05:00,1574553900.0,2.4511,2.4511,2.4462,2.4462,1168.15
2019-11-24 00:06:00,1574553960.0,2.4461,2.4461,2.4236,2.4333,17155.06
2019-11-24 00:07:00,1574554020.0,2.4339,2.4364,2.426,2.4342,2638.6
2019-11-24 00:08:00,1574554080.0,2.4342,2.4342,2.4255,2.4257,3022.53
2019-11-24 00:09:00,1574554140.0,2.4275,2.4275,2.4225,2.4245,1255.43
2019-11-24 00:10:00,1574554200.0,2.4226,2.4226,2.412,2.4226,8186.56
2019-11-24 00:11:00,1574554260.0,2.4226,2.4276,2.4201,2.4205,7277.09
2019-11-24 00:12:00,1574554320.0,2.4225,2.426,2.4225,2.4248,5442.0
2019-11-24 00:13:00,1574554380.0,2.4222,2.4227,2.4216,2.4227,1312.36
2019-11-24 00:14:00,1574554440.0,2.4223,2.4223,2.4171,2.4171,3931.64
2019-11-24 00:15:00,1574554500.0,2.418,2.4187,2.418,2.4187,605.53
2019-11-24 00:16:00,1574554560.0,2.4217,2.4217,2.4177,2.4209,90.62
2019-11-24 00:17:00,1574554620.0,2.4209,2.4209,2.4156,2.4172,3014.82
2019-11-24 00:18:00,1574554680.0,2.4189,2.4197,2.4176,2.4197,1124.52
2019-11-24 00:19:00,1574554740.0,2.4213,2.4213,2.4199,2.4201,496.25
2019-11-24 00:20:00,1574554800.0,2.4182,2.4182,2.4152,2.4152,583.08
2019-11-24 00:21:00,1574554860.0,2.4152,2.422,2.4152,2.422,2765.04
2019-11-24 00:22:00,1574554920.0,2.4157,2.4157,2.4155,2.4155,133.48
2019-11-24 00:23:00,1574554980.0,2.4184,2.4184,2.4159,2.416,574.72
2019-11-24 00:24:00,1574555040.0,2.4175,2.4175,2.4157,2.4157,1513.13
2019-11-24 00:25:00,1574555100.0,2.4151,2.4152,2.415,2.415,2256.92
2019-11-24 00:26:00,1574555160.0,2.415,2.4155,2.415,2.4155,263.06
2019-11-24 00:27:00,1574555220.0,2.4158,2.4162,2.4155,2.4156,761.61
2019-11-24 00:28:00,1574555280.0,2.4155,2.4155,2.4155,2.4155,10640.75
2019-11-24 00:29:00,1574555340.0,2.4155,2.4155,2.4134,2.4155,8181.65
2019-11-24 00:30:00,1574555400.0,2.4176,2.42,2.4121,2.4158,2371.03
2019-11-24 00:31:00,1574555460.0,2.4139,2.414,2.4086,2.4086,1306.57
2019-11-24 00:32:00,1574555520.0,2.4112,2.414,2.4112,2.4128,1661.81
2019-11-24 00:33:00,1574555580.0,2.41,2.4106,2.4053,2.4074,3467.31
2019-11-24 00:34:00,1574555640.0,2.4078,2.4078,2.4054,2.4069,1352.53
2019-11-24 00:35:00,1574555700.0,2.4067,2.41,2.4055,2.4099,3460.82
2019-11-24 00:36:00,1574555760.0,2.4103,2.412,2.4103,2.412,1794.84
2019-11-24 00:37:00,1574555820.0,2.4092,2.4092,2.3982,2.4041,22140.29
2019-11-24 00:38:00,1574555880.0,2.4027,2.4099,2.3985,2.4038,5989.96
2019-11-24 00:39:00,1574555940.0,2.4048,2.4051,2.404,2.4041,329.45
2019-11-24 00:40:00,1574556000.0,2.4041,2.4073,2.4041,2.4073,1502.57
2019-11-24 00:41:00,1574556060.0,2.4067,2.4067,2.3988,2.4037,7647.16
2019-11-24 00:42:00,1574556120.0,2.4019,2.4025,2.3934,2.3993,15839.78
2019-11-24 00:43:00,1574556180.0,2.3997,2.4018,2.39,2.3904,10566.5
2019-11-24 00:44:00,1574556240.0,2.3933,2.3933,2.3908,2.3926,3767.56
2019-11-24 00:45:00,1574556300.0,2.3926,2.3947,2.3924,2.3931,870.68
2019-11-24 00:46:00,1574556360.0,2.3935,2.395,2.3932,2.3932,3813.72
2019-11-24 00:47:00,1574556420.0,2.3922,2.3922,2.39,2.39,4528.71
2019-11-24 00:48:00,1574556480.0,2.3918,2.3945,2.391,2.3912,3806.25
2019-11-24 00:49:00,1574556540.0,2.3913,2.3949,2.3903,2.3917,8093.56
2019-11-24 00:50:00,1574556600.0,2.3917,2.3932,2.3834,2.3869,20722.57
2019-11-24 00:51:00,1574556660.0,2.3875,2.3913,2.3805,2.3805,10241.84
2019-11-24 00:52:00,1574556720.0,2.3808,2.3824,2.3746,2.3747,18098.51
2019-11-24 00:53:00,1574556780.0,2.377,2.377,2.3511,2.3599,81907.06
2019-11-24 00:54:00,1574556840.0,2.3607,2.3611,2.3359,2.3416,84713.61
2019-11-24 00:55:00,1574556900.0,2.3433,2.3477,2.3389,2.3469,19147.32
2019-11-24 00:56:00,1574556960.0,2.345,2.3665,2.3447,2.362,29472.66
2019-11-24 00:57:00,1574557020.0,2.359,2.3668,2.3589,2.3625,9803.44
2019-11-24 00:58:00,1574557080.0,2.3628,2.3693,2.3595,2.3595,10685.75
2019-11-24 00:59:00,1574557140.0,2.3603,2.3692,2.3603,2.3662,4518.87
2019-11-24 01:00:00,1574557200.0,2.3644,2.37,2.3643,2.3681,4446.88
2019-11-24 01:01:00,1574557260.0,2.3696,2.3772,2.3691,2.3742,8675.37
2019-11-24 01:02:00,1574557320.0,2.376,2.3771,2.3744,2.3746,1407.15
2019-11-24 01:03:00,1574557380.0,2.3747,2.376,2.3705,2.3724,3065.16
2019-11-24 01:04:00,1574557440.0,2.3724,2.3724,2.3672,2.3721,2250.51
2019-11-24 01:05:00,1574557500.0,2.374,2.3741,2.3729,2.373,441.07
2019-11-24 01:06:00,1574557560.0,2.3725,2.3725,2.3691,2.3691,949.53
2019-11-24 01:07:00,1574557620.0,2.3693,2.3719,2.368,2.369,3110.39
2019-11-24 01:08:00,1574557680.0,2.3685,2.3708,2.3685,2.3708,2317.61
2019-11-24 01:09:00,1574557740.0,2.3694,2.3702,2.3675,2.3675,3108.43
2019-11-24 01:10:00,1574557800.0,2.3693,2.3693,2.3691,2.3691,76.0
2019-11-24 01:11:00,1574557860.0,2.3691,2.3741,2.3691,2.3729,2353.95
2019-11-24 01:12:00,1574557920.0,2.373,2.3754,2.3714,2.3754,2530.26
2019-11-24 01:13:00,1574557980.0,2.375,2.3759,2.3709,2.3746,2194.05
2019-11-24 01:14:00,1574558040.0,2.3744,2.3765,2.3712,2.3747,1386.56
2019-11-24 01:15:00,1574558100.0,2.3745,2.3751,2.3736,2.3736,171.9
2019-11-24 01:16:00,1574558160.0,2.3725,2.3725,2.369,2.372,1270.02
2019-11-24 01:17:00,1574558220.0,2.3725,2.3731,2.3723,2.3723,160.06
2019-11-24 01:18:00,1574558280.0,2.3723,2.375,2.3723,2.3743,1494.19
2019-11-24 01:19:00,1574558340.0,2.3746,2.3774,2.3692,2.3692,4108.08
2019-11-24 01:20:00,1574558400.0,2.3689,2.3716,2.3636,2.3709,38307.31
2019-11-24 01:21:00,1574558460.0,2.3691,2.3691,2.3669,2.3669,36.37
2019-11-24 01:22:00,1574558520.0,2.3698,2.3717,2.3698,2.3717,48.83
2019-11-24 01:23:00,1574558580.0,2.37,2.3701,2.3665,2.3665,3795.62
2019-11-24 01:24:00,1574558640.0,2.366,2.3693,2.3651,2.3651,208.59
2019-11-24 01:25:00,1574558700.0,2.3673,2.3751,2.3673,2.3681,6261.91
2019-11-24 01:26:00,1574558760.0,2.3713,2.3713,2.3657,2.3671,1154.48
2019-11-24 01:27:00,1574558820.0,2.3677,2.3705,2.3671,2.3695,52.84
2019-11-24 01:28:00,1574558880.0,2.3696,2.3704,2.3696,2.3704,443.98
2019-11-24 01:29:00,1574558940.0,2.3686,2.3711,2.3682,2.3711,518.12
2019-11-24 01:30:00,1574559000.0,2.3697,2.3712,2.3694,2.3712,1219.23
2019-11-24 01:31:00,1574559060.0,2.3703,2.3728,2.3703,2.3728,473.67
2019-11-24 01:32:00,1574559120.0,2.3728,2.3728,2.3718,2.3718,160.52
2019-11-24 01:33:00,1574559180.0,2.3725,2.3725,2.3695,2.3695,436.44
2019-11-24 01:34:00,1574559240.0,2.3687,2.3696,2.3651,2.3689,16841.69
2019-11-24 01:35:00,1574559300.0,2.3668,2.3668,2.3623,2.3632,2410.38
2019-11-24 01:36:00,1574559360.0,2.3633,2.3633,2.3612,2.3619,97.94
2019-11-24 01:37:00,1574559420.0,2.3622,2.3655,2.3607,2.3655,6298.62
2019-11-24 01:38:00,1574559480.0,2.3647,2.3746,2.3647,2.3718,12147.35
2019-11-24 01:39:00,1574559540.0,2.3729,2.3729,2.3712,2.3721,17.98
2019-11-24 01:40:00,1574559600.0,2.3677,2.3683,2.3644,2.3683,171.22
2019-11-24 01:41:00,1574559660.0,2.3683,2.3708,2.3683,2.3708,467.59
2019-11-24 01:42:00,1574559720.0,2.3681,2.3681,2.3611,2.364,4399.24
2019-11-24 01:43:00,1574559780.0,2.3633,2.3635,2.3628,2.3635,852.39
2019-11-24 01:44:00,1574559840.0,2.3621,2.3635,2.3621,2.3635,902.73
2019-11-24 01:45:00,1574559900.0,2.3635,2.3669,2.362,2.3624,3646.99
2019-11-24 01:46:00,1574559960.0,2.3621,2.3632,2.3621,2.3632,1022.77
2019-11-24 01:47:00,1574560020.0,2.3609,2.3609,2.3606,2.3609,132.42
2019-11-24 01:48:00,1574560080.0,2.3609,2.363,2.3553,2.363,4410.21
2019-11-24 01:49:00,1574560140.0,2.3619,2.3622,2.3569,2.3617,3363.0
2019-11-24 01:50:00,1574560200.0,2.3606,2.3621,2.3605,2.3618,804.7
2019-11-24 01:51:00,1574560260.0,2.3617,2.3621,2.3617,2.3617,6949.69
2019-11-24 01:52:00,1574560320.0,2.3622,2.3622,2.3617,2.3622,262.14
2019-11-24 01:53:00,1574560380.0,2.3622,2.3632,2.3618,2.3618,310.5
2019-11-24 01:54:00,1574560440.0,2.3625,2.3625,2.3605,2.3606,1403.89
2019-11-24 01:55:00,1574560500.0,2.3597,2.3605,2.3597,2.3605,204.88
2019-11-24 01:56:00,1574560560.0,2.3599,2.3605,2.3599,2.3604,113.43
2019-11-24 01:57:00,1574560620.0,2.3604,2.3672,2.3604,2.3671,3322.12
2019-11-24 01:58:00,1574560680.0,2.3671,2.3687,2.366,2.3673,541.81
2019-11-24 01:59:00,1574560740.0,2.3673,2.3687,2.3673,2.3687,12.63
2019-11-24 02:00:00,1574560800.0,2.369,2.3723,2.3669,2.3669,2403.07
2019-11-24 02:01:00,1574560860.0,2.369,2.3697,2.367,2.3697,416.83
2019-11-24 02:02:00,1574560920.0,2.3697,2.3725,2.3697,2.3725,94.84
2019-11-24 02:03:00,1574560980.0,2.3716,2.3724,2.3715,2.3724,1299.58
2019-11-24 02:04:00,1574561040.0,2.3723,2.3739,2.3723,2.3739,2094.72
2019-11-24 02:05:00,1574561100.0,2.3739,2.3739,2.3739,2.3739,0.0
2019-11-24 02:06:00,1574561160.0,2.3738,2.3739,2.3726,2.3726,1025.0
2019-11-24 02:07:00,1574561220.0,2.374,2.3746,2.3707,2.3736,2846.76
2019-11-24 02:08:00,1574561280.0,2.3729,2.3756,2.3729,2.3744,797.04
2019-11-24 02:09:00,1574561340.0,2.3743,2.3763,2.3731,2.3753,8378.22
2019-11-24 02:10:00,1574561400.0,2.3746,2.3774,2.3744,2.3774,3826.01
2019-11-24 02:11:00,1574561460.0,2.3768,2.3768,2.3754,2.3765,101.67
2019-11-24 02:12:00,1574561520.0,2.3765,2.3769,2.3743,2.3766,2147.97
2019-11-24 02:13:00,1574561580.0,2.3751,2.3762,2.3713,2.3762,4461.86
2019-11-24 02:14:00,1574561640.0,2.3752,2.3763,2.3743,2.3763,347.64
2019-11-24 02:15:00,1574561700.0,2.3766,2.3769,2.3766,2.3769,386.99
2019-11-24 02:16:00,1574561760.0,2.3769,2.3789,2.3767,2.3767,1739.45
2019-11-24 02:17:00,1574561820.0,2.3774,2.3775,2.3759,2.3759,599.71
2019-11-24 02:18:00,1574561880.0,2.3759,2.3789,2.3758,2.3789,3846.34
2019-11-24 02:19:00,1574561940.0,2.3776,2.3793,2.3776,2.3793,48.41
2019-11-24 02:20:00,1574562000.0,2.3793,2.3793,2.3737,2.377,20792.45
2019-11-24 02:21:00,1574562060.0,2.377,2.3775,2.377,2.3775,1.71
2019-11-24 02:22:00,1574562120.0,2.3775,2.3793,2.3775,2.3793,138.41
2019-11-24 02:23:00,1574562180.0,2.3793,2.3808,2.3793,2.3808,321.55
2019-11-24 02:24:00,1574562240.0,2.3807,2.383,2.3807,2.3825,1994.78
2019-11-24 02:25:00,1574562300.0,2.3829,2.385,2.3829,2.385,3322.48
2019-11-24 02:26:00,1574562360.0,2.3844,2.3855,2.3844,2.3855,539.16
2019-11-24 02:27:00,1574562420.0,2.3857,2.387,2.3826,2.3826,1560.02
2019-11-24 02:28:00,1574562480.0,2.3855,2.3855,2.3821,2.3833,725.11
2019-11-24 02:29:00,1574562540.0,2.3822,2.3822,2.3798,2.3816,1220.32
2019-11-24 02:30:00,1574562600.0,2.3816,2.3817,2.3779,2.3804,444.32
2019-11-24 02:31:00,1574562660.0,2.3777,2.3777,2.3653,2.3653,5058.59
2019-11-24 02:32:00,1574562720.0,2.3672,2.3719,2.3672,2.3716,1310.08
2019-11-24 02:33:00,1574562780.0,2.3729,2.3729,2.3726,2.3726,2.61
2019-11-24 02:34:00,1574562840.0,2.3697,2.3697,2.3697,2.3697,8.42
2019-11-24 02:35:00,1574562900.0,2.3694,2.3695,2.3694,2.3695,55.6
2019-11-24 02:36:00,1574562960.0,2.3706,2.3706,2.3703,2.3703,520.36
2019-11-24 02:37:00,1574563020.0,2.3702,2.3702,2.3686,2.3686,215.43
2019-11-24 02:38:00,1574563080.0,2.3688,2.3689,2.3686,2.3688,170.1
2019-11-24 02:39:00,1574563140.0,2.3688,2.3688,2.3672,2.3672,81.31
2019-11-24 02:40:00,1574563200.0,2.3673,2.3673,2.3652,2.3673,924.39
2019-11-24 02:41:00,1574563260.0,2.3656,2.3656,2.3607,2.3626,6248.09
2019-11-24 02:42:00,1574563320.0,2.3646,2.3647,2.3645,2.3645,180.57
2019-11-24 02:43:00,1574563380.0,2.3644,2.3644,2.358,2.3597,3004.72
2019-11-24 02:44:00,1574563440.0,2.3596,2.3684,2.3596,2.3684,552.68
2019-11-24 02:45:00,1574563500.0,2.3666,2.3666,2.3642,2.3645,83.98
2019-11-24 02:46:00,1574563560.0,2.3642,2.3645,2.3642,2.3644,29.14
2019-11-24 02:47:00,1574563620.0,2.3644,2.3657,2.3644,2.3656,74.27
2019-11-24 02:48:00,1574563680.0,2.3674,2.3674,2.3665,2.3665,58.19
2019-11-24 02:49:00,1574563740.0,2.3648,2.3648,2.3626,2.3626,77.13
2019-11-24 02:50:00,1574563800.0,2.3641,2.3649,2.361,2.361,162.1
2019-11-24 02:51:00,1574563860.0,2.3604,2.3633,2.3603,2.3633,1157.42
2019-11-24 02:52:00,1574563920.0,2.3646,2.3668,2.3646,2.3668,148.95
2019-11-24 02:53:00,1574563980.0,2.3653,2.3666,2.3651,2.3655,353.03
2019-11-24 02:54:00,1574564040.0,2.3654,2.3663,2.3645,2.3645,406.45
2019-11-24 02:55:00,1574564100.0,2.3654,2.3654,2.3618,2.362,3209.21
2019-11-24 02:56:00,1574564160.0,2.3619,2.3668,2.3617,2.3666,1268.93
2019-11-24 02:57:00,1574564220.0,2.3666,2.3666,2.3666,2.3666,0.0
2019-11-24 02:58:00,1574564280.0,2.3666,2.3666,2.3666,2.3666,0.0
2019-11-24 02:59:00,1574564340.0,2.3644,2.3644,2.3644,2.3644,8.0
2019-11-24 03:00:00,1574564400.0,2.3644,2.3644,2.3587,2.3587,218.17
2019-11-24 03:01:00,1574564460.0,2.358,2.3582,2.3535,2.3535,4191.73
2019-11-24 03:02:00,1574564520.0,2.3546,2.3551,2.345,2.3477,6712.82
2019-11-24 03:03:00,1574564580.0,2.3477,2.3518,2.3416,2.3446,6762.12
2019-11-24 03:04:00,1574564640.0,2.3438,2.3442,2.3416,2.3416,723.78
2019-11-24 03:05:00,1574564700.0,2.3416,2.3501,2.341,2.3493,5819.63
2019-11-24 03:06:00,1574564760.0,2.3453,2.3473,2.3449,2.3454,4183.83
2019-11-24 03:07:00,1574564820.0,2.3436,2.3436,2.3406,2.3409,1287.44
2019-11-24 03:08:00,1574564880.0,2.3434,2.3493,2.3433,2.3441,1092.67
2019-11-24 03:09:00,1574564940.0,2.3449,2.3449,2.3437,2.3437,74.4
2019-11-24 03:10:00,1574565000.0,2.3447,2.3485,2.3447,2.3485,103.53
2019-11-24 03:11:00,1574565060.0,2.3483,2.3485,2.3462,2.3462,3108.09
2019-11-24 03:12:00,1574565120.0,2.3464,2.3464,2.3461,2.3461,100.0
2019-11-24 03:13:00,1574565180.0,2.3479,2.3481,2.3479,2.3481,189.27
2019-11-24 03:14:00,1574565240.0,2.3499,2.3514,2.3486,2.3486,1771.65
2019-11-24 03:15:00,1574565300.0,2.3492,2.3525,2.3492,2.3498,767.61
2019-11-24 03:16:00,1574565360.0,2.3498,2.3498,2.3493,2.3496,163.44
2019-11-24 03:17:00,1574565420.0,2.3497,2.3518,2.3484,2.3518,917.45
2019-11-24 03:18:00,1574565480.0,2.3527,2.3527,2.3527,2.3527,133.2
2019-11-24 03:19:00,1574565540.0,2.3505,2.3505,2.3484,2.3484,3474.2
2019-11-24 03:20:00,1574565600.0,2.3484,2.3501,2.3484,2.3497,670.79
2019-11-24 03:21:00,1574565660.0,2.349,2.3506,2.347,2.347,3098.35
2019-11-24 03:22:00,1574565720.0,2.3498,2.3517,2.3498,2.3517,2017.23
2019-11-24 03:23:00,1574565780.0,2.3516,2.3522,2.3499,2.3501,872.45
2019-11-24 03:24:00,1574565840.0,2.35,2.3501,2.3489,2.3501,251.32
2019-11-24 03:25:00,1574565900.0,2.3516,2.353,2.3444,2.3463,2141.94
2019-11-24 03:26:00,1574565960.0,2.3464,2.3486,2.3464,2.3473,2873.38
2019-11-24 03:27:00,1574566020.0,2.3473,2.3474,2.3473,2.3474,7844.02
2019-11-24 03:28:00,1574566080.0,2.348,2.3491,2.348,2.3491,935.91
2019-11-24 03:29:00,1574566140.0,2.3475,2.3491,2.3475,2.3491,406.9
2019-11-24 03:30:00,1574566200.0,2.3495,2.35,2.3495,2.35,3532.47
2019-11-24 03:31:00,1574566260.0,2.3519,2.3538,2.3495,2.3537,4343.63
2019-11-24 03:32:00,1574566320.0,2.3549,2.3549,2.3518,2.3519,2093.89
2019-11-24 03:33:00,1574566380.0,2.3531,2.3531,2.3503,2.3505,2597.32
2019-11-24 03:34:00,1574566440.0,2.3505,2.3505,2.3505,2.3505,0.0
2019-11-24 03:35:00,1574566500.0,2.3529,2.353,2.3529,2.353,337.81
2019-11-24 03:36:00,1574566560.0,2.3539,2.354,2.3539,2.354,237.49
2019-11-24 03:37:00,1574566620.0,2.353,2.3548,2.3518,2.3548,39.54
2019-11-24 03:38:00,1574566680.0,2.353,2.353,2.353,2.353,15.75
2019-11-24 03:39:00,1574566740.0,2.3531,2.3548,2.353,2.3548,559.42
2019-11-24 03:40:00,1574566800.0,2.3547,2.3548,2.3547,2.3548,18.0
2019-11-24 03:41:00,1574566860.0,2.3533,2.3533,2.3532,2.3532,153.62
2019-11-24 03:42:00,1574566920.0,2.354,2.3549,2.354,2.3548,8560.17
2019-11-24 03:43:00,1574566980.0,2.3537,2.3549,2.3537,2.3548,518.17
2019-11-24 03:44:00,1574567040.0,2.3548,2.3549,2.3548,2.3549,712.6
2019-11-24 03:45:00,1574567100.0,2.3549,2.3561,2.3541,2.3561,2483.16
2019-11-24 03:46:00,1574567160.0,2.3561,2.3561,2.3561,2.3561,842.31
2019-11-24 03:47:00,1574567220.0,2.3557,2.3573,2.3557,2.3572,987.55
2019-11-24 03:48:00,1574567280.0,2.3572,2.3626,2.3572,2.3597,6638.15
2019-11-24 03:49:00,1574567340.0,2.3597,2.3665,2.3594,2.3638,10090.19
2019-11-24 03:50:00,1574567400.0,2.3635,2.3676,2.3635,2.3652,1001.89
2019-11-24 03:51:00,1574567460.0,2.3652,2.3652,2.3652,2.3652,0.0
2019-11-24 03:52:00,1574567520.0,2.3657,2.3693,2.3649,2.3667,1599.21
2019-11-24 03:53:00,1574567580.0,2.3651,2.3696,2.3651,2.3668,2184.1
2019-11-24 03:54:00,1574567640.0,2.3664,2.3666,2.3644,2.3644,697.94
2019-11-24 03:55:00,1574567700.0,2.3614,2.3614,2.3614,2.3614,190.52
2019-11-24 03:56:00,1574567760.0,2.3621,2.3628,2.3621,2.3628,970.94
2019-11-24 03:57:00,1574567820.0,2.3649,2.3675,2.3649,2.3659,3660.33
2019-11-24 03:58:00,1574567880.0,2.3673,2.3675,2.3651,2.3651,885.91
2019-11-24 03:59:00,1574567940.0,2.3651,2.3651,2.3651,2.3651,0.0
2019-11-24 04:00:00,1574568000.0,2.3651,2.3651,2.3651,2.3651,0.0
2019-11-24 04:01:00,1574568060.0,2.364,2.3648,2.3605,2.3648,1142.65
2019-11-24 04:02:00,1574568120.0,2.3648,2.3656,2.3621,2.3628,2713.64
2019-11-24 04:03:00,1574568180.0,2.3628,2.3631,2.36,2.3631,1655.13
2019-11-24 04:04:00,1574568240.0,2.3626,2.364,2.3626,2.3631,143.79
2019-11-24 04:05:00,1574568300.0,2.3643,2.3645,2.3643,2.3645,47.92
2019-11-24 04:06:00,1574568360.0,2.3645,2.3645,2.3645,2.3645,0.0
2019-11-24 04:07:00,1574568420.0,2.3655,2.3661,2.3645,2.3661,390.61
2019-11-24 04:08:00,1574568480.0,2.3624,2.3624,2.3624,2.3624,148.75
2019-11-24 04:09:00,1574568540.0,2.3624,2.3624,2.3624,2.3624,0.0
2019-11-24 04:10:00,1574568600.0,2.3624,2.3624,2.3624,2.3624,68.0
2019-11-24 04:11:00,1574568660.0,2.3624,2.3624,2.3624,2.3624,0.0
2019-11-24 04:12:00,1574568720.0,2.3614,2.3614,2.3614,2.3614,8.45
2019-11-24 04:13:00,1574568780.0,2.3598,2.3611,2.3583,2.3602,3994.55
2019-11-24 04:14:00,1574568840.0,2.3589,2.3591,2.3586,2.3591,772.76
2019-11-24 04:15:00,1574568900.0,2.3602,2.3602,2.359,2.359,339.23
2019-11-24 04:16:00,1574568960.0,2.359,2.359,2.359,2.359,754.6
2019-11-24 04:17:00,1574569020.0,2.359,2.359,2.359,2.359,0.0
2019-11-24 04:18:00,1574569080.0,2.359,2.359,2.3589,2.3589,81.53
2019-11-24 04:19:00,1574569140.0,2.3589,2.3589,2.3589,2.3589,0.0
2019-11-24 04:20:00,1574569200.0,2.3586,2.3586,2.3586,2.3586,90.0
2019-11-24 04:21:00,1574569260.0,2.3601,2.3601,2.3589,2.359,122.36
2019-11-24 04:22:00,1574569320.0,2.359,2.3602,2.3589,2.3602,72.57
2019-11-24 04:23:00,1574569380.0,2.3587,2.3599,2.3586,2.3586,346.93
2019-11-24 04:24:00,1574569440.0,2.3586,2.3586,2.348,2.3524,26871.5
2019-11-24 04:25:00,1574569500.0,2.3506,2.3506,2.345,2.3451,7060.58
2019-11-24 04:26:00,1574569560.0,2.345,2.3451,2.3423,2.3423,901.7
2019-11-24 04:27:00,1574569620.0,2.3419,2.3422,2.3419,2.3422,377.13
2019-11-24 04:28:00,1574569680.0,2.3435,2.3444,2.3435,2.3444,70.5
2019-11-24 04:29:00,1574569740.0,2.3439,2.3439,2.3378,2.3399,8211.99
2019-11-24 04:30:00,1574569800.0,2.3391,2.3462,2.3381,2.3462,8270.39
2019-11-24 04:31:00,1574569860.0,2.3463,2.3481,2.3463,2.3481,106.66
2019-11-24 04:32:00,1574569920.0,2.3483,2.3486,2.3418,2.3418,2610.66
2019-11-24 04:33:00,1574569980.0,2.3418,2.3443,2.3418,2.3443,521.59
2019-11-24 04:34:00,1574570040.0,2.3443,2.3482,2.3443,2.3482,316.3
2019-11-24 04:35:00,1574570100.0,2.3454,2.3454,2.3452,2.3452,68.16
2019-11-24 04:36:00,1574570160.0,2.3442,2.3474,2.3442,2.3474,843.48
2019-11-24 04:37:00,1574570220.0,2.3464,2.3472,2.3432,2.3432,4616.89
2019-11-24 04:38:00,1574570280.0,2.3416,2.3416,2.3407,2.3407,120.57
2019-11-24 04:39:00,1574570340.0,2.3393,2.3393,2.3391,2.3391,361.98
2019-11-24 04:40:00,1574570400.0,2.3418,2.3455,2.3414,2.3455,1571.77
2019-11-24 04:41:00,1574570460.0,2.3436,2.3436,2.3436,2.3436,8.52
2019-11-24 04:42:00,1574570520.0,2.3442,2.3449,2.3417,2.3417,425.44
2019-11-24 04:43:00,1574570580.0,2.3419,2.3435,2.3386,2.3402,989.92
2019-11-24 04:44:00,1574570640.0,2.3406,2.3406,2.3387,2.3387,32.53
2019-11-24 04:45:00,1574570700.0,2.3387,2.3406,2.3386,2.3405,170.82
2019-11-24 04:46:00,1574570760.0,2.34,2.3448,2.34,2.343,6080.87
2019-11-24 04:47:00,1574570820.0,2.343,2.343,2.3419,2.3419,517.53
2019-11-24 04:48:00,1574570880.0,2.3429,2.343,2.339,2.339,1645.93
2019-11-24 04:49:00,1574570940.0,2.3416,2.3416,2.3388,2.339,3112.67
2019-11-24 04:50:00,1574571000.0,2.3393,2.3393,2.339,2.339,665.86
2019-11-24 04:51:00,1574571060.0,2.3389,2.339,2.3383,2.339,830.21
2019-11-24 04:52:00,1574571120.0,2.3382,2.339,2.3358,2.339,5432.67
2019-11-24 04:53:00,1574571180.0,2.339,2.339,2.339,2.339,428.3
2019-11-24 04:54:00,1574571240.0,2.3424,2.3424,2.3424,2.3424,103.2
2019-11-24 04:55:00,1574571300.0,2.3424,2.3424,2.3424,2.3424,0.0
2019-11-24 04:56:00,1574571360.0,2.3431,2.344,2.3421,2.3424,176.85
2019-11-24 04:57:00,1574571420.0,2.3419,2.3419,2.3382,2.3408,888.82
2019-11-24 04:58:00,1574571480.0,2.3412,2.3414,2.3392,2.3414,334.64
2019-11-24 04:59:00,1574571540.0,2.3403,2.3403,2.338,2.3381,2298.84
2019-11-24 05:00:00,1574571600.0,2.3384,2.339,2.3369,2.339,171.38
2019-11-24 05:01:00,1574571660.0,2.3395,2.3402,2.3395,2.3402,432.68
2019-11-24 05:02:00,1574571720.0,2.3406,2.3406,2.3406,2.3406,1660.08
2019-11-24 05:03:00,1574571780.0,2.3395,2.34,2.339,2.339,255.12
2019-11-24 05:04:00,1574571840.0,2.3392,2.3392,2.339,2.339,649.4
2019-11-24 05:05:00,1574571900.0,2.3395,2.3404,2.3395,2.3404,82.46
2019-11-24 05:06:00,1574571960.0,2.3403,2.3426,2.3403,2.3424,1205.36
2019-11-24 05:07:00,1574572020.0,2.3431,2.344,2.3424,2.3424,796.45
2019-11-24 05:08:00,1574572080.0,2.3425,2.3428,2.3419,2.3427,41.11
2019-11-24 05:09:00,1574572140.0,2.342,2.3437,2.3419,2.3437,458.87
2019-11-24 05:10:00,1574572200.0,2.3428,2.3485,2.3424,2.344,3670.86
2019-11-24 05:11:00,1574572260.0,2.3451,2.3451,2.3445,2.3445,2410.72
2019-11-24 05:12:00,1574572320.0,2.3421,2.3438,2.3421,2.3438,53.9
2019-11-24 05:13:00,1574572380.0,2.3441,2.3464,2.3419,2.3454,2505.99
2019-11-24 05:14:00,1574572440.0,2.3454,2.3461,2.3437,2.3451,160.57
2019-11-24 05:15:00,1574572500.0,2.345,2.345,2.3445,2.3449,311.77
2019-11-24 05:16:00,1574572560.0,2.3447,2.3449,2.3445,2.3449,625.72
2019-11-24 05:17:00,1574572620.0,2.3447,2.3447,2.3447,2.3447,29.57
2019-11-24 05:18:00,1574572680.0,2.3447,2.3447,2.3447,2.3447,486.14
2019-11-24 05:19:00,1574572740.0,2.3447,2.3447,2.3447,2.3447,0.0
2019-11-24 05:20:00,1574572800.0,2.3447,2.3448,2.3447,2.3448,22.38
2019-11-24 05:21:00,1574572860.0,2.3448,2.3449,2.3447,2.3449,1102.73
2019-11-24 05:22:00,1574572920.0,2.3461,2.3477,2.3461,2.3477,845.08
2019-11-24 05:23:00,1574572980.0,2.3477,2.3481,2.3477,2.3481,151.89
2019-11-24 05:24:00,1574573040.0,2.3478,2.3478,2.3477,2.3478,350.5
2019-11-24 05:25:00,1574573100.0,2.3477,2.3477,2.3456,2.3456,926.82
2019-11-24 05:26:00,1574573160.0,2.3452,2.3458,2.3451,2.3455,940.8
2019-11-24 05:27:00,1574573220.0,2.3457,2.3489,2.3446,2.3489,9751.13
2019-11-24 05:28:00,1574573280.0,2.3482,2.3482,2.3482,2.3482,9.0
2019-11-24 05:29:00,1574573340.0,2.3491,2.3496,2.3478,2.3478,19.44
2019-11-24 05:30:00,1574573400.0,2.347,2.3483,2.3467,2.3478,124.87
2019-11-24 05:31:00,1574573460.0,2.3479,2.3491,2.3478,2.3489,51.51
2019-11-24 05:32:00,1574573520.0,2.3489,2.349,2.3467,2.3467,1214.08
2019-11-24 05:33:00,1574573580.0,2.3481,2.3495,2.3466,2.3495,462.71
2019-11-24 05:34:00,1574573640.0,2.3495,2.3495,2.3495,2.3495,0.0
2019-11-24 05:35:00,1574573700.0,2.3495,2.3495,2.3495,2.3495,114.0
2019-11-24 05:36:00,1574573760.0,2.3495,2.3502,2.3495,2.3502,127.1
2019-11-24 05:37:00,1574573820.0,2.3515,2.352,2.3515,2.352,149.61
2019-11-24 05:38:00,1574573880.0,2.352,2.352,2.352,2.352,0.0
2019-11-24 05:39:00,1574573940.0,2.3515,2.3526,2.3515,2.3526,440.65
2019-11-24 05:40:00,1574574000.0,2.3526,2.3533,2.3526,2.3533,1236.48
2019-11-24 05:41:00,1574574060.0,2.3531,2.3531,2.3531,2.3531,8.0
2019-11-24 05:42:00,1574574120.0,2.3531,2.3531,2.3526,2.3526,551.02
2019-11-24 05:43:00,1574574180.0,2.3526,2.353,2.3526,2.3526,384.64
2019-11-24 05:44:00,1574574240.0,2.3526,2.3526,2.3509,2.3509,714.76
2019-11-24 05:45:00,1574574300.0,2.3505,2.3505,2.3499,2.35,1914.37
2019-11-24 05:46:00,1574574360.0,2.3495,2.3495,2.3495,2.3495,24.22
2019-11-24 05:47:00,1574574420.0,2.3495,2.3495,2.3481,2.3487,234.71
2019-11-24 05:48:00,1574574480.0,2.3481,2.3481,2.3481,2.3481,51.88
2019-11-24 05:49:00,1574574540.0,2.3496,2.3499,2.3496,2.3499,100.0
2019-11-24 05:50:00,1574574600.0,2.3482,2.3482,2.3466,2.3467,325.51
2019-11-24 05:51:00,1574574660.0,2.3481,2.3498,2.3479,2.3479,382.88
2019-11-24 05:52:00,1574574720.0,2.3479,2.3488,2.3471,2.3488,122.81
2019-11-24 05:53:00,1574574780.0,2.3476,2.3476,2.3468,2.3469,1871.84
2019-11-24 05:54:00,1574574840.0,2.3469,2.3469,2.3468,2.3468,599.79
2019-11-24 05:55:00,1574574900.0,2.3467,2.3467,2.3444,2.3464,1517.31
2019-11-24 05:56:00,1574574960.0,2.3446,2.3446,2.342,2.342,1081.7
2019-11-24 05:57:00,1574575020.0,2.3437,2.3461,2.342,2.346,2578.36
2019-11-24 05:58:00,1574575080.0,2.3446,2.3458,2.3429,2.3452,919.06
2019-11-24 05:59:00,1574575140.0,2.3431,2.3461,2.3431,2.3455,4605.88
2019-11-24 06:00:00,1574575200.0,2.3455,2.3461,2.3438,2.3455,1933.52
2019-11-24 06:01:00,1574575260.0,2.3455,2.3457,2.3441,2.3441,1422.51
2019-11-24 06:02:00,1574575320.0,2.3452,2.3452,2.3452,2.3452,9.0
2019-11-24 06:03:00,1574575380.0,2.3452,2.3461,2.3452,2.3461,3550.27
2019-11-24 06:04:00,1574575440.0,2.3461,2.3461,2.3461,2.3461,0.0
2019-11-24 06:05:00,1574575500.0,2.3458,2.3461,2.3458,2.3461,658.0
2019-11-24 06:06:00,1574575560.0,2.3461,2.3461,2.3461,2.3461,110.0
2019-11-24 06:07:00,1574575620.0,2.3446,2.3446,2.344,2.344,870.93
2019-11-24 06:08:00,1574575680.0,2.3446,2.3446,2.3446,2.3446,8.0
2019-11-24 06:09:00,1574575740.0,2.3445,2.3451,2.343,2.343,1575.21
2019-11-24 06:10:00,1574575800.0,2.3431,2.3431,2.343,2.343,10.0
2019-11-24 06:11:00,1574575860.0,2.3447,2.3447,2.3434,2.3434,206.9
2019-11-24 06:12:00,1574575920.0,2.3449,2.3449,2.3449,2.3449,8.0
2019-11-24 06:13:00,1574575980.0,2.3438,2.345,2.3437,2.345,391.17
2019-11-24 06:14:00,1574576040.0,2.3459,2.3461,2.3459,2.3461,2618.76
2019-11-24 06:15:00,1574576100.0,2.3461,2.3461,2.346,2.346,1266.2
2019-11-24 06:16:00,1574576160.0,2.346,2.3461,2.346,2.3461,1058.41
2019-11-24 06:17:00,1574576220.0,2.3461,2.351,2.3461,2.3497,10245.8
2019-11-24 06:18:00,1574576280.0,2.3507,2.352,2.3507,2.352,967.75
2019-11-24 06:19:00,1574576340.0,2.3521,2.3547,2.352,2.3546,1040.16
2019-11-24 06:20:00,1574576400.0,2.3529,2.3529,2.3525,2.3525,1378.98
2019-11-24 06:21:00,1574576460.0,2.353,2.3593,2.353,2.3566,6117.39
2019-11-24 06:22:00,1574576520.0,2.3556,2.3599,2.3553,2.3599,969.47
2019-11-24 06:23:00,1574576580.0,2.3593,2.3632,2.3593,2.3632,2126.18
2019-11-24 06:24:00,1574576640.0,2.3635,2.3635,2.3575,2.3591,1633.7
2019-11-24 06:25:00,1574576700.0,2.3613,2.3665,2.3595,2.3649,1258.64
2019-11-24 06:26:00,1574576760.0,2.3649,2.3649,2.3575,2.3618,1519.76
2019-11-24 06:27:00,1574576820.0,2.36,2.364,2.358,2.3603,1722.78
2019-11-24 06:28:00,1574576880.0,2.3608,2.3662,2.3598,2.3658,1622.16
2019-11-24 06:29:00,1574576940.0,2.3663,2.3665,2.366,2.3665,442.41
2019-11-24 06:30:00,1574577000.0,2.3665,2.3698,2.3665,2.3674,2160.97
2019-11-24 06:31:00,1574577060.0,2.3684,2.3709,2.3652,2.3708,2181.27
2019-11-24 06:32:00,1574577120.0,2.3712,2.3733,2.3665,2.3672,5530.85
2019-11-24 06:33:00,1574577180.0,2.3667,2.3667,2.3639,2.3639,1079.7
2019-11-24 06:34:00,1574577240.0,2.3639,2.3652,2.3639,2.3641,179.92
2019-11-24 06:35:00,1574577300.0,2.3656,2.3656,2.3646,2.3646,508.44
2019-11-24 06:36:00,1574577360.0,2.3656,2.3659,2.3656,2.3659,16.43
2019-11-24 06:37:00,1574577420.0,2.3664,2.367,2.3661,2.3668,835.44
2019-11-24 06:38:00,1574577480.0,2.3654,2.3716,2.3653,2.3716,9602.61
2019-11-24 06:39:00,1574577540.0,2.3707,2.3707,2.3666,2.3668,4903.53
2019-11-24 06:40:00,1574577600.0,2.3685,2.3686,2.3659,2.366,1271.44
2019-11-24 06:41:00,1574577660.0,2.3644,2.3679,2.3574,2.3679,13372.19
2019-11-24 06:42:00,1574577720.0,2.3658,2.3682,2.3644,2.3644,24.32
2019-11-24 06:43:00,1574577780.0,2.3622,2.3664,2.3617,2.3664,12400.59
2019-11-24 06:44:00,1574577840.0,2.3633,2.3633,2.3608,2.3623,281.84
2019-11-24 06:45:00,1574577900.0,2.3635,2.3638,2.3623,2.3638,183.94
2019-11-24 06:46:00,1574577960.0,2.364,2.3647,2.364,2.3647,121.65
2019-11-24 06:47:00,1574578020.0,2.363,2.363,2.3605,2.3612,766.48
2019-11-24 06:48:00,1574578080.0,2.3606,2.3606,2.3597,2.3597,34.63
2019-11-24 06:49:00,1574578140.0,2.3587,2.3587,2.3572,2.3572,1523.27
2019-11-24 06:50:00,1574578200.0,2.3587,2.3635,2.3587,2.3635,622.74
2019-11-24 06:51:00,1574578260.0,2.3608,2.3608,2.3601,2.3601,21.34
2019-11-24 06:52:00,1574578320.0,2.3599,2.3599,2.3556,2.3586,3761.52
2019-11-24 06:53:00,1574578380.0,2.3573,2.3591,2.3566,2.3591,1008.0
2019-11-24 06:54:00,1574578440.0,2.3587,2.3587,2.3585,2.3585,10.38
2019-11-24 06:55:00,1574578500.0,2.3571,2.3571,2.3568,2.3568,96.57
2019-11-24 06:56:00,1574578560.0,2.357,2.357,2.3558,2.3558,896.31
2019-11-24 06:57:00,1574578620.0,2.3549,2.3556,2.3541,2.3541,2930.87
2019-11-24 06:58:00,1574578680.0,2.3527,2.3548,2.3527,2.3527,277.58
2019-11-24 06:59:00,1574578740.0,2.3525,2.3537,2.3492,2.3503,3464.59
2019-11-24 07:00:00,1574578800.0,2.3487,2.349,2.3435,2.3435,1490.16
2019-11-24 07:01:00,1574578860.0,2.3456,2.3456,2.339,2.339,11787.51
2019-11-24 07:02:00,1574578920.0,2.3413,2.345,2.3397,2.34,1581.18
2019-11-24 07:03:00,1574578980.0,2.3432,2.3462,2.34,2.3432,1588.93
2019-11-24 07:04:00,1574579040.0,2.3432,2.3447,2.3416,2.3447,1677.95
2019-11-24 07:05:00,1574579100.0,2.343,2.3432,2.3405,2.3407,1460.85
2019-11-24 07:06:00,1574579160.0,2.3405,2.3447,2.3403,2.3447,3627.98
2019-11-24 07:07:00,1574579220.0,2.3409,2.3438,2.3402,2.3409,1258.96
2019-11-24 07:08:00,1574579280.0,2.3409,2.3417,2.3401,2.3401,1628.09
2019-11-24 07:09:00,1574579340.0,2.3422,2.3464,2.3422,2.3464,995.56
2019-11-24 07:10:00,1574579400.0,2.3464,2.3513,2.3446,2.3478,2603.56
2019-11-24 07:11:00,1574579460.0,2.348,2.35,2.3477,2.35,9312.6
2019-11-24 07:12:00,1574579520.0,2.35,2.35,2.3499,2.35,2119.69
2019-11-24 07:13:00,1574579580.0,2.35,2.35,2.3493,2.3499,203.03
2019-11-24 07:14:00,1574579640.0,2.3498,2.3549,2.3497,2.3549,1109.41
2019-11-24 07:15:00,1574579700.0,2.3557,2.3562,2.3535,2.3541,133.97
2019-11-24 07:16:00,1574579760.0,2.3546,2.3569,2.3546,2.3569,261.41
2019-11-24 07:17:00,1574579820.0,2.3571,2.3573,2.3571,2.3573,341.32
2019-11-24 07:18:00,1574579880.0,2.3581,2.3581,2.3553,2.3553,1068.39
2019-11-24 07:19:00,1574579940.0,2.3547,2.3559,2.3544,2.3558,18.73
2019-11-24 07:20:00,1574580000.0,2.3558,2.3559,2.3524,2.3524,870.75
2019-11-24 07:21:00,1574580060.0,2.3525,2.353,2.3521,2.3521,100.68
2019-11-24 07:22:00,1574580120.0,2.3505,2.3505,2.3505,2.3505,8.49
2019-11-24 07:23:00,1574580180.0,2.3521,2.3529,2.3513,2.3529,67.21
2019-11-24 07:24:00,1574580240.0,2.3529,2.3529,2.3529,2.3529,0.83
2019-11-24 07:25:00,1574580300.0,2.3535,2.3535,2.3512,2.3512,686.66
2019-11-24 07:26:00,1574580360.0,2.3512,2.3512,2.3496,2.3509,1059.54
2019-11-24 07:27:00,1574580420.0,2.3492,2.3492,2.3479,2.348,106.03
2019-11-24 07:28:00,1574580480.0,2.348,2.3489,2.348,2.3489,9.0
2019-11-24 07:29:00,1574580540.0,2.3489,2.3489,2.3489,2.3489,0.0
2019-11-24 07:30:00,1574580600.0,2.3489,2.3489,2.3466,2.3479,1185.47
2019-11-24 07:31:00,1574580660.0,2.3473,2.3501,2.3473,2.3478,898.86
2019-11-24 07:32:00,1574580720.0,2.3461,2.3492,2.3461,2.3492,379.3
2019-11-24 07:33:00,1574580780.0,2.3492,2.3492,2.3492,2.3492,0.0
2019-11-24 07:34:00,1574580840.0,2.3495,2.3497,2.349,2.349,405.31
2019-11-24 07:35:00,1574580900.0,2.3475,2.3516,2.3474,2.3516,417.82
2019-11-24 07:36:00,1574580960.0,2.3492,2.3497,2.3492,2.3497,860.16
2019-11-24 07:37:00,1574581020.0,2.3497,2.3497,2.3497,2.3497,0.0
2019-11-24 07:38:00,1574581080.0,2.3505,2.3505,2.3505,2.3505,8.0
2019-11-24 07:39:00,1574581140.0,2.3505,2.3524,2.3491,2.3491,310.04
2019-11-24 07:40:00,1574581200.0,2.3485,2.3583,2.3472,2.3574,19166.81
2019-11-24 07:41:00,1574581260.0,2.356,2.3583,2.3545,2.3556,6034.42
2019-11-24 07:42:00,1574581320.0,2.3556,2.3558,2.3504,2.3504,11031.2
2019-11-24 07:43:00,1574581380.0,2.3537,2.3537,2.353,2.353,10.17
2019-11-24 07:44:00,1574581440.0,2.3529,2.3534,2.3491,2.3491,4131.09
2019-11-24 07:45:00,1574581500.0,2.3485,2.3532,2.3454,2.3471,13458.81
2019-11-24 07:46:00,1574581560.0,2.3504,2.3504,2.3476,2.3496,973.0
2019-11-24 07:47:00,1574581620.0,2.348,2.3548,2.3462,2.3548,644.0
2019-11-24 07:48:00,1574581680.0,2.3502,2.3522,2.3479,2.3522,4269.37
2019-11-24 07:49:00,1574581740.0,2.3494,2.3564,2.3494,2.3559,126.43
2019-11-24 07:50:00,1574581800.0,2.3559,2.3559,2.3493,2.3522,372.27
2019-11-24 07:51:00,1574581860.0,2.3518,2.3536,2.3494,2.3519,7539.42
2019-11-24 07:52:00,1574581920.0,2.3519,2.3519,2.3519,2.3519,0.0
2019-11-24 07:53:00,1574581980.0,2.3509,2.351,2.3509,2.351,296.94
2019-11-24 07:54:00,1574582040.0,2.3514,2.3515,2.3514,2.3515,120.59
2019-11-24 07:55:00,1574582100.0,2.3525,2.3525,2.351,2.3516,324.65
2019-11-24 07:56:00,1574582160.0,2.351,2.351,2.3494,2.3494,5944.22
2019-11-24 07:57:00,1574582220.0,2.3464,2.3468,2.3425,2.3425,595.15
2019-11-24 07:58:00,1574582280.0,2.3454,2.3454,2.3448,2.3448,913.25
2019-11-24 07:59:00,1574582340.0,2.3429,2.3452,2.3413,2.3451,403.98
2019-11-24 08:00:00,1574582400.0,2.3451,2.3489,2.343,2.3441,892.62
2019-11-24 08:01:00,1574582460.0,2.3441,2.3524,2.3441,2.3513,4102.63
2019-11-24 08:02:00,1574582520.0,2.3532,2.3533,2.347,2.347,425.96
2019-11-24 08:03:00,1574582580.0,2.3467,2.347,2.3467,2.347,109.87
2019-11-24 08:04:00,1574582640.0,2.348,2.348,2.3464,2.3464,43.81
2019-11-24 08:05:00,1574582700.0,2.3466,2.3466,2.346,2.3464,533.66
2019-11-24 08:06:00,1574582760.0,2.3451,2.3451,2.3433,2.3433,481.8
2019-11-24 08:07:00,1574582820.0,2.3432,2.3432,2.3432,2.3432,897.0
2019-11-24 08:08:00,1574582880.0,2.3448,2.3452,2.3431,2.3432,6666.3
2019-11-24 08:09:00,1574582940.0,2.3448,2.3483,2.3448,2.3482,177.99
2019-11-24 08:10:00,1574583000.0,2.3465,2.3502,2.3465,2.3502,313.83
2019-11-24 08:11:00,1574583060.0,2.3514,2.3515,2.351,2.3514,2625.95
2019-11-24 08:12:00,1574583120.0,2.3509,2.3511,2.3509,2.3511,288.96
2019-11-24 08:13:00,1574583180.0,2.3499,2.3499,2.3499,2.3499,36.17
2019-11-24 08:14:00,1574583240.0,2.3484,2.3484,2.345,2.345,2786.34
2019-11-24 08:15:00,1574583300.0,2.3486,2.3486,2.3475,2.3475,32.5
2019-11-24 08:16:00,1574583360.0,2.3489,2.3496,2.3489,2.3496,540.16
2019-11-24 08:17:00,1574583420.0,2.349,2.3506,2.3482,2.3506,57.94
2019-11-24 08:18:00,1574583480.0,2.3506,2.3506,2.3482,2.3503,1163.14
2019-11-24 08:19:00,1574583540.0,2.3486,2.3486,2.3486,2.3486,8.5
2019-11-24 08:20:00,1574583600.0,2.3489,2.3489,2.348,2.348,1346.1
2019-11-24 08:21:00,1574583660.0,2.3475,2.3497,2.3475,2.348,127.78
2019-11-24 08:22:00,1574583720.0,2.3476,2.3486,2.3476,2.3476,129.01
2019-11-24 08:23:00,1574583780.0,2.3496,2.3496,2.3479,2.3479,259.52
2019-11-24 08:24:00,1574583840.0,2.3479,2.3479,2.3479,2.3479,0.0
2019-11-24 08:25:00,1574583900.0,2.3482,2.3507,2.3482,2.3507,43.22
2019-11-24 08:26:00,1574583960.0,2.3507,2.3516,2.3507,2.3516,817.67
2019-11-24 08:27:00,1574584020.0,2.3516,2.3516,2.3516,2.3516,0.0
2019-11-24 08:28:00,1574584080.0,2.35,2.3508,2.3499,2.3508,273.92
2019-11-24 08:29:00,1574584140.0,2.3514,2.3529,2.3514,2.3529,1302.62
2019-11-24 08:30:00,1574584200.0,2.3529,2.3535,2.3529,2.3535,3945.03
2019-11-24 08:31:00,1574584260.0,2.3531,2.3538,2.3521,2.3521,3488.69
2019-11-24 08:32:00,1574584320.0,2.354,2.3573,2.354,2.3567,1231.49
2019-11-24 08:33:00,1574584380.0,2.3582,2.3589,2.3582,2.3589,1375.58
2019-11-24 08:34:00,1574584440.0,2.3584,2.3592,2.3565,2.3579,363.02
2019-11-24 08:35:00,1574584500.0,2.3579,2.3579,2.3579,2.3579,0.0
2019-11-24 08:36:00,1574584560.0,2.3564,2.3581,2.3564,2.3581,66.93
2019-11-24 08:37:00,1574584620.0,2.3592,2.3648,2.3592,2.3648,1078.16
2019-11-24 08:38:00,1574584680.0,2.3621,2.3621,2.3614,2.3619,746.21
2019-11-24 08:39:00,1574584740.0,2.3617,2.3672,2.3617,2.3634,4644.82
2019-11-24 08:40:00,1574584800.0,2.3663,2.3676,2.3654,2.3654,453.6
2019-11-24 08:41:00,1574584860.0,2.3655,2.3655,2.3618,2.3618,1847.99
2019-11-24 08:42:00,1574584920.0,2.3611,2.3615,2.3611,2.3614,103.29
2019-11-24 08:43:00,1574584980.0,2.3599,2.3599,2.3599,2.3599,99.48
2019-11-24 08:44:00,1574585040.0,2.3614,2.3654,2.3614,2.3646,519.94
2019-11-24 08:45:00,1574585100.0,2.3654,2.3654,2.3619,2.3619,311.4
2019-11-24 08:46:00,1574585160.0,2.3623,2.366,2.3623,2.3655,3787.14
2019-11-24 08:47:00,1574585220.0,2.364,2.3644,2.364,2.3644,132.35
2019-11-24 08:48:00,1574585280.0,2.3655,2.37,2.3655,2.3684,2171.01
2019-11-24 08:49:00,1574585340.0,2.367,2.367,2.3613,2.3626,4920.9
2019-11-24 08:50:00,1574585400.0,2.3642,2.3686,2.3642,2.3671,591.49
2019-11-24 08:51:00,1574585460.0,2.3682,2.3706,2.3682,2.3706,3693.22
2019-11-24 08:52:00,1574585520.0,2.3701,2.3724,2.3699,2.3704,1484.92
2019-11-24 08:53:00,1574585580.0,2.3718,2.3726,2.3671,2.3694,3328.08
2019-11-24 08:54:00,1574585640.0,2.3688,2.3688,2.3688,2.3688,25.27
2019-11-24 08:55:00,1574585700.0,2.3716,2.3717,2.37,2.37,356.21
2019-11-24 08:56:00,1574585760.0,2.37,2.371,2.3681,2.369,2648.36
2019-11-24 08:57:00,1574585820.0,2.369,2.3705,2.369,2.3694,830.6
2019-11-24 08:58:00,1574585880.0,2.3694,2.3697,2.3671,2.3685,1815.13
2019-11-24 08:59:00,1574585940.0,2.3662,2.3694,2.3641,2.3641,1090.23
2019-11-24 09:00:00,1574586000.0,2.3642,2.3648,2.3597,2.3615,5274.44
2019-11-24 09:01:00,1574586060.0,2.3598,2.3632,2.3593,2.362,4022.43
2019-11-24 09:02:00,1574586120.0,2.3617,2.3617,2.3589,2.3593,4901.29
2019-11-24 09:03:00,1574586180.0,2.3589,2.3589,2.358,2.358,2465.07
2019-11-24 09:04:00,1574586240.0,2.358,2.358,2.358,2.358,0.0
2019-11-24 09:05:00,1574586300.0,2.3583,2.3607,2.3581,2.3594,1432.25
2019-11-24 09:06:00,1574586360.0,2.3577,2.3577,2.3576,2.3576,233.87
2019-11-24 09:07:00,1574586420.0,2.3591,2.3605,2.3586,2.3605,93.33
2019-11-24 09:08:00,1574586480.0,2.3591,2.3613,2.3578,2.3613,4888.49
2019-11-24 09:09:00,1574586540.0,2.3623,2.3638,2.3602,2.3602,402.8
2019-11-24 09:10:00,1574586600.0,2.36,2.36,2.3571,2.3571,947.32
2019-11-24 09:11:00,1574586660.0,2.3571,2.3585,2.3549,2.3563,2116.33
2019-11-24 09:12:00,1574586720.0,2.3562,2.3562,2.3517,2.3544,6060.17
2019-11-24 09:13:00,1574586780.0,2.3543,2.3544,2.3517,2.354,1123.1
2019-11-24 09:14:00,1574586840.0,2.354,2.3544,2.3524,2.3524,1603.88
2019-11-24 09:15:00,1574586900.0,2.3532,2.3532,2.3488,2.3505,1958.47
2019-11-24 09:16:00,1574586960.0,2.351,2.3542,2.3502,2.3542,114.46
2019-11-24 09:17:00,1574587020.0,2.3542,2.3544,2.3527,2.3527,111.38
2019-11-24 09:18:00,1574587080.0,2.3506,2.3506,2.3442,2.3457,17182.84
2019-11-24 09:19:00,1574587140.0,2.3457,2.3459,2.3434,2.3434,1526.19
2019-11-24 09:20:00,1574587200.0,2.3434,2.3454,2.3434,2.3454,899.0
2019-11-24 09:21:00,1574587260.0,2.3452,2.3452,2.3433,2.3447,1216.11
2019-11-24 09:22:00,1574587320.0,2.3447,2.3549,2.3428,2.3549,14104.27
2019-11-24 09:23:00,1574587380.0,2.3548,2.3548,2.3483,2.3483,394.76
2019-11-24 09:24:00,1574587440.0,2.3469,2.3483,2.3469,2.3483,40.01
2019-11-24 09:25:00,1574587500.0,2.3481,2.3481,2.3464,2.3464,75.56
2019-11-24 09:26:00,1574587560.0,2.3483,2.3484,2.3466,2.3466,261.03
2019-11-24 09:27:00,1574587620.0,2.3443,2.348,2.3443,2.348,641.45
2019-11-24 09:28:00,1574587680.0,2.3481,2.3481,2.3449,2.3475,2329.09
2019-11-24 09:29:00,1574587740.0,2.348,2.3502,2.3452,2.3452,1574.27
2019-11-24 09:30:00,1574587800.0,2.3478,2.3507,2.3465,2.3505,1475.53
2019-11-24 09:31:00,1574587860.0,2.3508,2.3518,2.3495,2.3505,314.83
2019-11-24 09:32:00,1574587920.0,2.3507,2.3507,2.3507,2.3507,35.35
2019-11-24 09:33:00,1574587980.0,2.3515,2.353,2.3515,2.353,1126.55
2019-11-24 09:34:00,1574588040.0,2.3517,2.352,2.3515,2.3515,396.82
2019-11-24 09:35:00,1574588100.0,2.3515,2.3515,2.3511,2.3511,13.11
2019-11-24 09:36:00,1574588160.0,2.353,2.3535,2.353,2.3535,1102.27
2019-11-24 09:37:00,1574588220.0,2.3534,2.3634,2.3534,2.3618,5674.24
2019-11-24 09:38:00,1574588280.0,2.3644,2.372,2.3644,2.3705,11121.39
2019-11-24 09:39:00,1574588340.0,2.3705,2.3759,2.3666,2.3717,7880.6
2019-11-24 09:40:00,1574588400.0,2.3705,2.3707,2.3658,2.3707,2457.05
2019-11-24 09:41:00,1574588460.0,2.3712,2.3751,2.3652,2.3652,2209.11
2019-11-24 09:42:00,1574588520.0,2.3653,2.3667,2.3651,2.3661,2496.11
2019-11-24 09:43:00,1574588580.0,2.3661,2.3661,2.3661,2.3661,0.0
2019-11-24 09:44:00,1574588640.0,2.3701,2.3701,2.3701,2.3701,91.0
2019-11-24 09:45:00,1574588700.0,2.3711,2.3747,2.3711,2.3721,1174.95
2019-11-24 09:46:00,1574588760.0,2.3725,2.3727,2.3691,2.3691,1376.45
2019-11-24 09:47:00,1574588820.0,2.3709,2.3761,2.3709,2.3761,3646.08
2019-11-24 09:48:00,1574588880.0,2.376,2.3765,2.3733,2.3738,7433.68
2019-11-24 09:49:00,1574588940.0,2.3748,2.3787,2.3743,2.3787,1029.83
2019-11-24 09:50:00,1574589000.0,2.3788,2.3789,2.3788,2.3789,498.26
2019-11-24 09:51:00,1574589060.0,2.377,2.377,2.3723,2.3727,2778.5
2019-11-24 09:52:00,1574589120.0,2.3715,2.3718,2.3714,2.3718,186.86
2019-11-24 09:53:00,1574589180.0,2.3777,2.3777,2.3735,2.3735,1268.4
2019-11-24 09:54:00,1574589240.0,2.3734,2.3734,2.3717,2.3718,1077.51
2019-11-24 09:55:00,1574589300.0,2.3722,2.3728,2.3701,2.3701,648.61
2019-11-24 09:56:00,1574589360.0,2.3678,2.3678,2.3646,2.3661,5160.24
2019-11-24 09:57:00,1574589420.0,2.3684,2.37,2.3684,2.37,130.01
2019-11-24 09:58:00,1574589480.0,2.371,2.371,2.3686,2.3704,344.67
2019-11-24 09:59:00,1574589540.0,2.3708,2.3731,2.3708,2.3718,386.84
2019-11-24 10:00:00,1574589600.0,2.3726,2.3786,2.3726,2.3786,2379.36
2019-11-24 10:01:00,1574589660.0,2.3787,2.3829,2.3787,2.3797,5914.75
2019-11-24 10:02:00,1574589720.0,2.3822,2.383,2.3808,2.3811,168.26
2019-11-24 10:03:00,1574589780.0,2.3811,2.383,2.3797,2.3818,2116.85
2019-11-24 10:04:00,1574589840.0,2.3808,2.3815,2.3768,2.3768,4266.33
2019-11-24 10:05:00,1574589900.0,2.3768,2.3768,2.3729,2.3729,891.76
2019-11-24 10:06:00,1574589960.0,2.3742,2.3742,2.373,2.373,899.71
2019-11-24 10:07:00,1574590020.0,2.3766,2.3766,2.3726,2.3726,238.82
2019-11-24 10:08:00,1574590080.0,2.373,2.3784,2.3726,2.3771,1720.03
2019-11-24 10:09:00,1574590140.0,2.3771,2.378,2.3757,2.3778,1292.27
2019-11-24 10:10:00,1574590200.0,2.3771,2.3778,2.3771,2.3778,202.33
2019-11-24 10:11:00,1574590260.0,2.3778,2.3778,2.3778,2.3778,0.0
2019-11-24 10:12:00,1574590320.0,2.3778,2.3778,2.3778,2.3778,0.0
2019-11-24 10:13:00,1574590380.0,2.3764,2.3775,2.3761,2.3774,5291.04
2019-11-24 10:14:00,1574590440.0,2.3774,2.3774,2.3761,2.3761,740.9
2019-11-24 10:15:00,1574590500.0,2.3756,2.3764,2.3756,2.3764,9.49
2019-11-24 10:16:00,1574590560.0,2.3764,2.3764,2.3764,2.3764,0.0
2019-11-24 10:17:00,1574590620.0,2.3749,2.3749,2.37,2.3711,606.66
2019-11-24 10:18:00,1574590680.0,2.3702,2.3702,2.3478,2.35,12319.49
2019-11-24 10:19:00,1574590740.0,2.35,2.3503,2.34,2.34,7935.3
2019-11-24 10:20:00,1574590800.0,2.3398,2.34,2.3258,2.3327,54306.44
2019-11-24 10:21:00,1574590860.0,2.3304,2.3433,2.3301,2.3368,11831.79
2019-11-24 10:22:00,1574590920.0,2.3368,2.3399,2.3335,2.3335,2563.77
2019-11-24 10:23:00,1574590980.0,2.3377,2.3443,2.3375,2.3402,9900.15
2019-11-24 10:24:00,1574591040.0,2.3394,2.3439,2.3393,2.3437,8554.62
2019-11-24 10:25:00,1574591100.0,2.3441,2.3441,2.3382,2.3382,11382.83
2019-11-24 10:26:00,1574591160.0,2.3366,2.3392,2.3358,2.3366,3777.35
2019-11-24 10:27:00,1574591220.0,2.3387,2.344,2.3387,2.339,1460.33
2019-11-24 10:28:00,1574591280.0,2.343,2.348,2.34,2.348,3610.46
2019-11-24 10:29:00,1574591340.0,2.3458,2.3458,2.3429,2.3453,299.23
2019-11-24 10:30:00,1574591400.0,2.343,2.3434,2.3429,2.3429,4292.49
2019-11-24 10:31:00,1574591460.0,2.3423,2.3435,2.3412,2.3434,3419.44
2019-11-24 10:32:00,1574591520.0,2.3444,2.3444,2.3444,2.3444,160.59
2019-11-24 10:33:00,1574591580.0,2.3459,2.3499,2.3459,2.3499,7343.28
2019-11-24 10:34:00,1574591640.0,2.3481,2.35,2.3445,2.3479,9815.03
2019-11-24 10:35:00,1574591700.0,2.348,2.3497,2.3475,2.3475,571.17
2019-11-24 10:36:00,1574591760.0,2.3475,2.3475,2.3453,2.3453,451.08
2019-11-24 10:37:00,1574591820.0,2.3446,2.3449,2.3427,2.3447,607.25
2019-11-24 10:38:00,1574591880.0,2.3447,2.345,2.3433,2.3446,1095.7
2019-11-24 10:39:00,1574591940.0,2.3452,2.3452,2.3448,2.3448,344.81
2019-11-24 10:40:00,1574592000.0,2.3448,2.3552,2.3444,2.3504,6289.68
2019-11-24 10:41:00,1574592060.0,2.3516,2.3536,2.3512,2.3536,111.97
2019-11-24 10:42:00,1574592120.0,2.3533,2.355,2.3525,2.3526,3435.72
2019-11-24 10:43:00,1574592180.0,2.3526,2.3526,2.3515,2.3515,1516.06
2019-11-24 10:44:00,1574592240.0,2.3499,2.35,2.3467,2.3467,1553.94
2019-11-24 10:45:00,1574592300.0,2.3481,2.35,2.3456,2.35,1327.75
2019-11-24 10:46:00,1574592360.0,2.3486,2.3486,2.342,2.342,1152.24
2019-11-24 10:47:00,1574592420.0,2.3421,2.3421,2.342,2.342,433.15
2019-11-24 10:48:00,1574592480.0,2.3433,2.3433,2.3399,2.3422,717.29
2019-11-24 10:49:00,1574592540.0,2.3393,2.3393,2.338,2.3383,1516.15
2019-11-24 10:50:00,1574592600.0,2.3386,2.3386,2.3335,2.3335,4366.61
2019-11-24 10:51:00,1574592660.0,2.3336,2.336,2.3312,2.336,5544.4
2019-11-24 10:52:00,1574592720.0,2.3395,2.3483,2.3395,2.3453,2749.57
2019-11-24 10:53:00,1574592780.0,2.343,2.3447,2.3402,2.3432,237.81
2019-11-24 10:54:00,1574592840.0,2.3417,2.3431,2.3396,2.3431,40.44
2019-11-24 10:55:00,1574592900.0,2.3401,2.3401,2.3394,2.3394,26.0
2019-11-24 10:56:00,1574592960.0,2.3395,2.3395,2.3353,2.3353,1572.52
2019-11-24 10:57:00,1574593020.0,2.3353,2.3411,2.331,2.3411,2116.53
2019-11-24 10:58:00,1574593080.0,2.3403,2.343,2.3387,2.3387,834.82
2019-11-24 10:59:00,1574593140.0,2.3385,2.339,2.3385,2.3385,98.63
2019-11-24 11:00:00,1574593200.0,2.3385,2.3398,2.3367,2.3382,951.6
2019-11-24 11:01:00,1574593260.0,2.3389,2.3397,2.3381,2.3381,108.5
2019-11-24 11:02:00,1574593320.0,2.3382,2.3415,2.3372,2.3412,905.31
2019-11-24 11:03:00,1574593380.0,2.339,2.3402,2.3384,2.3389,1001.61
2019-11-24 11:04:00,1574593440.0,2.339,2.339,2.3372,2.3372,1319.75
2019-11-24 11:05:00,1574593500.0,2.3373,2.35,2.3372,2.35,4410.97
2019-11-24 11:06:00,1574593560.0,2.35,2.3785,2.35,2.3644,20866.09
2019-11-24 11:07:00,1574593620.0,2.3682,2.3739,2.3654,2.3704,1272.43
2019-11-24 11:08:00,1574593680.0,2.368,2.3694,2.3579,2.3602,4498.01
2019-11-24 11:09:00,1574593740.0,2.3624,2.3651,2.3607,2.3624,1236.83
2019-11-24 11:10:00,1574593800.0,2.3608,2.3608,2.3541,2.3547,1563.98
2019-11-24 11:11:00,1574593860.0,2.353,2.3588,2.352,2.3562,6522.65
2019-11-24 11:12:00,1574593920.0,2.3579,2.3582,2.3521,2.3521,180.93
2019-11-24 11:13:00,1574593980.0,2.352,2.3598,2.3503,2.3598,677.78
2019-11-24 11:14:00,1574594040.0,2.3582,2.3583,2.352,2.3559,103.69
2019-11-24 11:15:00,1574594100.0,2.3559,2.3622,2.3539,2.3567,655.06
2019-11-24 11:16:00,1574594160.0,2.3566,2.3566,2.3566,2.3566,1021.0
2019-11-24 11:17:00,1574594220.0,2.3572,2.3572,2.3572,2.3572,8.47
2019-11-24 11:18:00,1574594280.0,2.359,2.3593,2.359,2.3593,445.53
2019-11-24 11:19:00,1574594340.0,2.3613,2.3613,2.3591,2.3607,500.56
2019-11-24 11:20:00,1574594400.0,2.3593,2.3594,2.3579,2.3579,1642.99
2019-11-24 11:21:00,1574594460.0,2.3593,2.3593,2.3506,2.3506,61.28
2019-11-24 11:22:00,1574594520.0,2.3502,2.3522,2.3432,2.3483,4756.65
2019-11-24 11:23:00,1574594580.0,2.3468,2.3549,2.3468,2.3525,620.09
2019-11-24 11:24:00,1574594640.0,2.3537,2.3562,2.3525,2.3562,829.41
2019-11-24 11:25:00,1574594700.0,2.3561,2.3573,2.3561,2.3573,324.75
2019-11-24 11:26:00,1574594760.0,2.3573,2.3573,2.3573,2.3573,0.0
2019-11-24 11:27:00,1574594820.0,2.3549,2.3549,2.3525,2.3549,170.84
2019-11-24 11:28:00,1574594880.0,2.3549,2.3572,2.3533,2.3572,212.18
2019-11-24 11:29:00,1574594940.0,2.3571,2.3573,2.3571,2.3573,148.26
2019-11-24 11:30:00,1574595000.0,2.3577,2.3598,2.3557,2.3598,229.65
2019-11-24 11:31:00,1574595060.0,2.3572,2.3596,2.355,2.3587,460.59
2019-11-24 11:32:00,1574595120.0,2.3587,2.3587,2.3587,2.3587,0.0
2019-11-24 11:33:00,1574595180.0,2.3587,2.3587,2.3587,2.3587,0.0
2019-11-24 11:34:00,1574595240.0,2.3592,2.3626,2.3592,2.3626,279.86
2019-11-24 11:35:00,1574595300.0,2.3615,2.3615,2.3583,2.3583,79.74
2019-11-24 11:36:00,1574595360.0,2.3593,2.3593,2.358,2.358,151.66
2019-11-24 11:37:00,1574595420.0,2.358,2.363,2.358,2.3609,116.45
2019-11-24 11:38:00,1574595480.0,2.3585,2.3586,2.3576,2.3576,65.72
2019-11-24 11:39:00,1574595540.0,2.36,2.3624,2.3596,2.3616,27.82
2019-11-24 11:40:00,1574595600.0,2.3603,2.3626,2.3603,2.3626,28.95
2019-11-24 11:41:00,1574595660.0,2.3614,2.3616,2.3614,2.3614,1010.67
2019-11-24 11:42:00,1574595720.0,2.3615,2.3615,2.3595,2.3595,699.24
2019-11-24 11:43:00,1574595780.0,2.3588,2.3588,2.3558,2.358,1625.39
2019-11-24 11:44:00,1574595840.0,2.3587,2.3607,2.358,2.3596,384.39
2019-11-24 11:45:00,1574595900.0,2.3611,2.3617,2.3611,2.3617,54.94
2019-11-24 11:46:00,1574595960.0,2.3617,2.3661,2.3616,2.3633,2297.61
2019-11-24 11:47:00,1574596020.0,2.3657,2.3658,2.3618,2.3618,65.45
2019-11-24 11:48:00,1574596080.0,2.3623,2.3645,2.3611,2.3612,1027.84
2019-11-24 11:49:00,1574596140.0,2.3612,2.3612,2.3611,2.3611,727.68
2019-11-24 11:50:00,1574596200.0,2.3611,2.3611,2.3577,2.3577,4467.67
2019-11-24 11:51:00,1574596260.0,2.3577,2.3598,2.3577,2.3582,662.35
2019-11-24 11:52:00,1574596320.0,2.3604,2.3609,2.3588,2.3588,122.17
2019-11-24 11:53:00,1574596380.0,2.3588,2.3588,2.3588,2.3588,0.0
2019-11-24 11:54:00,1574596440.0,2.3588,2.3588,2.3588,2.3588,0.0
2019-11-24 11:55:00,1574596500.0,2.3588,2.3588,2.3588,2.3588,0.0
2019-11-24 11:56:00,1574596560.0,2.3588,2.3591,2.3577,2.3591,341.16
2019-11-24 11:57:00,1574596620.0,2.3591,2.3593,2.3591,2.3592,47.36
2019-11-24 11:58:00,1574596680.0,2.3592,2.3611,2.3592,2.3611,3733.99
2019-11-24 11:59:00,1574596740.0,2.3611,2.3611,2.3611,2.3611,33.74
2019-11-24 12:00:00,1574596800.0,2.3595,2.3607,2.3585,2.3585,38.66
2019-11-24 12:01:00,1574596860.0,2.3606,2.3611,2.3597,2.3597,563.3
2019-11-24 12:02:00,1574596920.0,2.3597,2.3597,2.358,2.358,124.94
2019-11-24 12:03:00,1574596980.0,2.3598,2.3598,2.3598,2.3598,8.0
2019-11-24 12:04:00,1574597040.0,2.3586,2.3586,2.3586,2.3586,6.0
2019-11-24 12:05:00,1574597100.0,2.3582,2.3582,2.3574,2.3575,746.9
2019-11-24 12:06:00,1574597160.0,2.3571,2.3571,2.3571,2.3571,59.38
2019-11-24 12:07:00,1574597220.0,2.3571,2.3571,2.3571,2.3571,24.0
2019-11-24 12:08:00,1574597280.0,2.3569,2.3572,2.3569,2.3572,5615.37
2019-11-24 12:09:00,1574597340.0,2.358,2.358,2.3579,2.3579,196.22
2019-11-24 12:10:00,1574597400.0,2.3579,2.358,2.3579,2.358,89.41
2019-11-24 12:11:00,1574597460.0,2.358,2.358,2.358,2.358,75.0
2019-11-24 12:12:00,1574597520.0,2.3564,2.3564,2.3564,2.3564,8.48
2019-11-24 12:13:00,1574597580.0,2.3564,2.3564,2.3549,2.3563,1720.29
2019-11-24 12:14:00,1574597640.0,2.3549,2.3549,2.3522,2.3538,4347.72
2019-11-24 12:15:00,1574597700.0,2.3537,2.3537,2.3535,2.3535,328.8
2019-11-24 12:16:00,1574597760.0,2.3534,2.3535,2.3505,2.351,3070.4
2019-11-24 12:17:00,1574597820.0,2.3502,2.3502,2.3487,2.3487,343.88
2019-11-24 12:18:00,1574597880.0,2.3487,2.3541,2.3477,2.354,857.6
2019-11-24 12:19:00,1574597940.0,2.354,2.3557,2.352,2.3521,237.74
2019-11-24 12:20:00,1574598000.0,2.3492,2.3521,2.3474,2.3521,3415.11
2019-11-24 12:21:00,1574598060.0,2.3521,2.3521,2.3521,2.3521,0.0
2019-11-24 12:22:00,1574598120.0,2.3518,2.3521,2.3457,2.3457,967.8
2019-11-24 12:23:00,1574598180.0,2.3458,2.3458,2.3438,2.3457,966.97
2019-11-24 12:24:00,1574598240.0,2.3455,2.3487,2.3455,2.3469,1091.48
2019-11-24 12:25:00,1574598300.0,2.3465,2.3509,2.3465,2.3478,5154.53
2019-11-24 12:26:00,1574598360.0,2.3455,2.3455,2.3437,2.3444,2912.25
2019-11-24 12:27:00,1574598420.0,2.3439,2.3479,2.3423,2.3479,463.45
2019-11-24 12:28:00,1574598480.0,2.3455,2.346,2.343,2.3456,606.61
2019-11-24 12:29:00,1574598540.0,2.3456,2.3465,2.3416,2.3465,3825.0
2019-11-24 12:30:00,1574598600.0,2.3465,2.347,2.3465,2.347,24.41
2019-11-24 12:31:00,1574598660.0,2.347,2.347,2.347,2.347,0.0
2019-11-24 12:32:00,1574598720.0,2.3462,2.3462,2.3445,2.3447,75.02
2019-11-24 12:33:00,1574598780.0,2.3447,2.3455,2.3447,2.345,533.69
2019-11-24 12:34:00,1574598840.0,2.3454,2.3454,2.342,2.342,1635.52
2019-11-24 12:35:00,1574598900.0,2.344,2.344,2.344,2.344,8.51
2019-11-24 12:36:00,1574598960.0,2.3441,2.3441,2.3441,2.3441,291.65
2019-11-24 12:37:00,1574599020.0,2.3435,2.3473,2.3435,2.3473,18.44
2019-11-24 12:38:00,1574599080.0,2.3469,2.3481,2.3442,2.3445,61.41
2019-11-24 12:39:00,1574599140.0,2.3445,2.3445,2.3445,2.3445,0.0
2019-11-24 12:40:00,1574599200.0,2.3445,2.3445,2.3445,2.3445,0.0
2019-11-24 12:41:00,1574599260.0,2.3448,2.3448,2.3447,2.3447,200.57
2019-11-24 12:42:00,1574599320.0,2.3464,2.3492,2.3464,2.3492,57.05
2019-11-24 12:43:00,1574599380.0,2.3495,2.3548,2.3495,2.3544,1240.75
2019-11-24 12:44:00,1574599440.0,2.3549,2.3549,2.3501,2.3501,373.36
2019-11-24 12:45:00,1574599500.0,2.3515,2.3515,2.3504,2.3504,178.19
2019-11-24 12:46:00,1574599560.0,2.351,2.351,2.351,2.351,17.0
2019-11-24 12:47:00,1574599620.0,2.3501,2.3501,2.3501,2.3501,206.0
2019-11-24 12:48:00,1574599680.0,2.3495,2.3495,2.3396,2.3396,2460.13
2019-11-24 12:49:00,1574599740.0,2.339,2.3402,2.3323,2.3364,8661.76
2019-11-24 12:50:00,1574599800.0,2.3328,2.3358,2.3323,2.3348,4924.67
2019-11-24 12:51:00,1574599860.0,2.3333,2.3333,2.3293,2.3293,5061.62
2019-11-24 12:52:00,1574599920.0,2.332,2.3343,2.332,2.3333,2698.64
2019-11-24 12:53:00,1574599980.0,2.3349,2.335,2.3322,2.3326,307.8
2019-11-24 12:54:00,1574600040.0,2.3326,2.3369,2.3326,2.3332,20.17
2019-11-24 12:55:00,1574600100.0,2.3335,2.3335,2.3322,2.3322,580.77
2019-11-24 12:56:00,1574600160.0,2.33,2.332,2.3273,2.3308,9009.72
2019-11-24 12:57:00,1574600220.0,2.3293,2.3293,2.3293,2.3293,8.57
2019-11-24 12:58:00,1574600280.0,2.3301,2.3301,2.3281,2.3281,735.28
2019-11-24 12:59:00,1574600340.0,2.3297,2.33,2.3266,2.3299,2884.18
2019-11-24 13:00:00,1574600400.0,2.33,2.33,2.3283,2.3283,593.48
2019-11-24 13:01:00,1574600460.0,2.3285,2.3299,2.3271,2.3298,1265.24
2019-11-24 13:02:00,1574600520.0,2.3298,2.3299,2.3282,2.3282,154.34
2019-11-24 13:03:00,1574600580.0,2.3299,2.3312,2.3267,2.3267,5485.16
2019-11-24 13:04:00,1574600640.0,2.3283,2.3295,2.3283,2.3295,2211.83
2019-11-24 13:05:00,1574600700.0,2.3286,2.33,2.328,2.328,1074.99
2019-11-24 13:06:00,1574600760.0,2.3268,2.3268,2.3268,2.3268,2961.01
2019-11-24 13:07:00,1574600820.0,2.3268,2.3268,2.3268,2.3268,7500.0
2019-11-24 13:08:00,1574600880.0,2.3268,2.3268,2.3197,2.3213,12380.54
2019-11-24 13:09:00,1574600940.0,2.3212,2.3213,2.3166,2.3182,4870.36
2019-11-24 13:10:00,1574601000.0,2.3182,2.3185,2.3107,2.3124,8395.16
2019-11-24 13:11:00,1574601060.0,2.311,2.3165,2.3109,2.3125,5120.17
2019-11-24 13:12:00,1574601120.0,2.3128,2.3156,2.3119,2.3154,1937.7
2019-11-24 13:13:00,1574601180.0,2.3147,2.317,2.312,2.317,3728.92
2019-11-24 13:14:00,1574601240.0,2.317,2.3191,2.3167,2.3167,2833.56
2019-11-24 13:15:00,1574601300.0,2.3152,2.3154,2.3131,2.3143,963.36
2019-11-24 13:16:00,1574601360.0,2.3154,2.328,2.3154,2.328,4624.78
2019-11-24 13:17:00,1574601420.0,2.3291,2.335,2.3291,2.3312,9842.3
2019-11-24 13:18:00,1574601480.0,2.3325,2.3375,2.3321,2.3334,1834.02
2019-11-24 13:19:00,1574601540.0,2.3361,2.3361,2.3321,2.334,2872.96
2019-11-24 13:20:00,1574601600.0,2.3327,2.3337,2.3321,2.3337,2067.07
2019-11-24 13:21:00,1574601660.0,2.3337,2.336,2.3328,2.3328,921.44
2019-11-24 13:22:00,1574601720.0,2.3322,2.3322,2.3321,2.3321,8020.62
2019-11-24 13:23:00,1574601780.0,2.3337,2.3346,2.3322,2.3323,2424.32
2019-11-24 13:24:00,1574601840.0,2.3328,2.3328,2.3328,2.3328,223.0
2019-11-24 13:25:00,1574601900.0,2.3328,2.34,2.3328,2.34,712.82
2019-11-24 13:26:00,1574601960.0,2.3402,2.3419,2.3376,2.3419,1980.41
2019-11-24 13:27:00,1574602020.0,2.3409,2.3409,2.3177,2.3237,89594.49
2019-11-24 13:28:00,1574602080.0,2.321,2.321,2.3153,2.3174,7606.88
2019-11-24 13:29:00,1574602140.0,2.3173,2.3224,2.3165,2.32,17812.47
2019-11-24 13:30:00,1574602200.0,2.3182,2.3186,2.3094,2.3114,14892.49
2019-11-24 13:31:00,1574602260.0,2.3114,2.3123,2.3072,2.3078,3694.45
2019-11-24 13:32:00,1574602320.0,2.3078,2.3161,2.3078,2.315,13110.9
2019-11-24 13:33:00,1574602380.0,2.315,2.315,2.3083,2.31,8821.95
2019-11-24 13:34:00,1574602440.0,2.3084,2.315,2.3083,2.315,2359.29
2019-11-24 13:35:00,1574602500.0,2.3137,2.3137,2.3125,2.3128,1852.93
2019-11-24 13:36:00,1574602560.0,2.313,2.3146,2.3127,2.3146,67.73
2019-11-24 13:37:00,1574602620.0,2.3126,2.3126,2.3125,2.3125,1169.12
2019-11-24 13:38:00,1574602680.0,2.3141,2.3152,2.3125,2.3125,9445.84
2019-11-24 13:39:00,1574602740.0,2.3125,2.3129,2.3097,2.311,7008.61
2019-11-24 13:40:00,1574602800.0,2.3088,2.3119,2.3085,2.311,5078.03
2019-11-24 13:41:00,1574602860.0,2.312,2.3122,2.312,2.3121,583.92
2019-11-24 13:42:00,1574602920.0,2.311,2.3112,2.3097,2.3098,345.06
2019-11-24 13:43:00,1574602980.0,2.3112,2.3144,2.3105,2.3105,2258.13
2019-11-24 13:44:00,1574603040.0,2.3086,2.3086,2.3086,2.3086,108.23
2019-11-24 13:45:00,1574603100.0,2.3083,2.3143,2.3083,2.3143,3480.46
2019-11-24 13:46:00,1574603160.0,2.3161,2.3182,2.3156,2.3178,1690.22
2019-11-24 13:47:00,1574603220.0,2.3185,2.3185,2.3083,2.3117,3521.41
2019-11-24 13:48:00,1574603280.0,2.3127,2.3127,2.3111,2.3116,654.12
2019-11-24 13:49:00,1574603340.0,2.3118,2.3126,2.3099,2.31,2213.2
2019-11-24 13:50:00,1574603400.0,2.3099,2.3149,2.3099,2.3121,389.33
2019-11-24 13:51:00,1574603460.0,2.3118,2.3118,2.3114,2.3118,375.04
2019-11-24 13:52:00,1574603520.0,2.3099,2.3115,2.3099,2.3104,468.23
2019-11-24 13:53:00,1574603580.0,2.3104,2.3112,2.3083,2.3083,2795.7
2019-11-24 13:54:00,1574603640.0,2.3097,2.3103,2.3097,2.3099,586.57
2019-11-24 13:55:00,1574603700.0,2.3099,2.3108,2.3098,2.3099,5534.09
2019-11-24 13:56:00,1574603760.0,2.3099,2.3114,2.3098,2.3109,865.8
2019-11-24 13:57:00,1574603820.0,2.3118,2.3131,2.3103,2.3103,11626.59
2019-11-24 13:58:00,1574603880.0,2.3132,2.3148,2.3123,2.3146,1715.49
2019-11-24 13:59:00,1574603940.0,2.3117,2.3133,2.3099,2.312,1189.03
2019-11-24 14:00:00,1574604000.0,2.3108,2.3131,2.3108,2.3111,487.98
2019-11-24 14:01:00,1574604060.0,2.3111,2.3111,2.3084,2.3105,11416.38
2019-11-24 14:02:00,1574604120.0,2.3101,2.3101,2.3032,2.3034,12452.6
2019-11-24 14:03:00,1574604180.0,2.3034,2.3083,2.3034,2.3083,15993.14
2019-11-24 14:04:00,1574604240.0,2.3069,2.31,2.3033,2.31,14092.49
2019-11-24 14:05:00,1574604300.0,2.31,2.3142,2.31,2.3102,7651.46
2019-11-24 14:06:00,1574604360.0,2.3102,2.3102,2.306,2.306,8422.43
2019-11-24 14:07:00,1574604420.0,2.3065,2.307,2.303,2.3038,6178.63
2019-11-24 14:08:00,1574604480.0,2.3051,2.3067,2.303,2.3041,864.35
2019-11-24 14:09:00,1574604540.0,2.3053,2.3069,2.3053,2.3069,454.7
2019-11-24 14:10:00,1574604600.0,2.3076,2.3079,2.3067,2.3079,865.35
2019-11-24 14:11:00,1574604660.0,2.3088,2.3122,2.3088,2.3112,1645.72
2019-11-24 14:12:00,1574604720.0,2.3096,2.3102,2.307,2.3097,812.18
2019-11-24 14:13:00,1574604780.0,2.3098,2.3108,2.3079,2.3108,1878.58
2019-11-24 14:14:00,1574604840.0,2.3109,2.3109,2.3097,2.31,322.18
2019-11-24 14:15:00,1574604900.0,2.31,2.3148,2.31,2.3148,276.02
2019-11-24 14:16:00,1574604960.0,2.3154,2.3177,2.3147,2.3147,1017.26
2019-11-24 14:17:00,1574605020.0,2.3168,2.3193,2.3165,2.3191,52.41
2019-11-24 14:18:00,1574605080.0,2.3191,2.3258,2.3186,2.32,4574.6
2019-11-24 14:19:00,1574605140.0,2.3193,2.3218,2.317,2.3218,1948.93
2019-11-24 14:20:00,1574605200.0,2.3195,2.3195,2.3195,2.3195,8.6
2019-11-24 14:21:00,1574605260.0,2.3195,2.3195,2.3155,2.3155,1625.68
2019-11-24 14:22:00,1574605320.0,2.3174,2.3186,2.3148,2.3186,2507.54
2019-11-24 14:23:00,1574605380.0,2.3178,2.3178,2.3172,2.3172,308.62
2019-11-24 14:24:00,1574605440.0,2.3178,2.3244,2.3171,2.3218,2420.25
2019-11-24 14:25:00,1574605500.0,2.3221,2.3221,2.3195,2.3197,1420.65
2019-11-24 14:26:00,1574605560.0,2.3194,2.3196,2.318,2.318,1339.06
2019-11-24 14:27:00,1574605620.0,2.3172,2.3207,2.3172,2.3207,1118.65
2019-11-24 14:28:00,1574605680.0,2.3186,2.3186,2.3156,2.3157,521.99
2019-11-24 14:29:00,1574605740.0,2.3178,2.3192,2.3156,2.3156,786.48
2019-11-24 14:30:00,1574605800.0,2.3146,2.3146,2.3131,2.3139,1051.82
2019-11-24 14:31:00,1574605860.0,2.3123,2.3164,2.3122,2.3153,2144.17
2019-11-24 14:32:00,1574605920.0,2.3144,2.3172,2.3129,2.3169,914.41
2019-11-24 14:33:00,1574605980.0,2.3151,2.3151,2.308,2.3101,3241.94
2019-11-24 14:34:00,1574606040.0,2.3108,2.3137,2.3076,2.3137,1900.46
2019-11-24 14:35:00,1574606100.0,2.3124,2.3124,2.31,2.31,1130.47
2019-11-24 14:36:00,1574606160.0,2.308,2.3109,2.3079,2.3085,1836.42
2019-11-24 14:37:00,1574606220.0,2.3097,2.3106,2.3094,2.3094,189.58
2019-11-24 14:38:00,1574606280.0,2.3091,2.3101,2.303,2.303,1653.35
2019-11-24 14:39:00,1574606340.0,2.303,2.3037,2.2956,2.2956,35803.65
2019-11-24 14:40:00,1574606400.0,2.2956,2.2956,2.2872,2.2923,13129.54
2019-11-24 14:41:00,1574606460.0,2.2924,2.2951,2.2859,2.2859,3954.64
2019-11-24 14:42:00,1574606520.0,2.287,2.2878,2.2751,2.2777,9296.29
2019-11-24 14:43:00,1574606580.0,2.2776,2.2819,2.275,2.2819,13192.58
2019-11-24 14:44:00,1574606640.0,2.2819,2.2819,2.2775,2.2787,8553.43
2019-11-24 14:45:00,1574606700.0,2.2777,2.2895,2.2772,2.284,11942.08
2019-11-24 14:46:00,1574606760.0,2.284,2.2848,2.273,2.2752,33524.59
2019-11-24 14:47:00,1574606820.0,2.2752,2.2752,2.2736,2.2752,4298.07
2019-11-24 14:48:00,1574606880.0,2.2737,2.2749,2.2662,2.2663,27377.04
2019-11-24 14:49:00,1574606940.0,2.2666,2.269,2.25,2.2542,52576.94
2019-11-24 14:50:00,1574607000.0,2.2539,2.256,2.2295,2.2448,80060.03
2019-11-24 14:51:00,1574607060.0,2.243,2.256,2.2377,2.2529,22336.5
2019-11-24 14:52:00,1574607120.0,2.253,2.257,2.25,2.2548,9933.33
2019-11-24 14:53:00,1574607180.0,2.2548,2.2553,2.2509,2.2541,4634.58
2019-11-24 14:54:00,1574607240.0,2.2541,2.2543,2.2474,2.2493,10894.3
2019-11-24 14:55:00,1574607300.0,2.2553,2.2658,2.2526,2.2658,12403.09
2019-11-24 14:56:00,1574607360.0,2.2657,2.273,2.2652,2.273,15755.39
2019-11-24 14:57:00,1574607420.0,2.2729,2.2829,2.2697,2.2747,45204.45
2019-11-24 14:58:00,1574607480.0,2.2733,2.2832,2.2733,2.2789,1975.59
2019-11-24 14:59:00,1574607540.0,2.2781,2.2792,2.2746,2.2758,1644.23
2019-11-24 15:00:00,1574607600.0,2.2753,2.2758,2.2635,2.2635,11502.04
2019-11-24 15:01:00,1574607660.0,2.2635,2.266,2.2559,2.2623,27343.36
2019-11-24 15:02:00,1574607720.0,2.2623,2.2666,2.2597,2.2636,5197.84
2019-11-24 15:03:00,1574607780.0,2.2645,2.2663,2.2598,2.26,2623.25
2019-11-24 15:04:00,1574607840.0,2.2624,2.2624,2.2604,2.2617,2605.2
2019-11-24 15:05:00,1574607900.0,2.2631,2.2663,2.2631,2.2646,9122.02
2019-11-24 15:06:00,1574607960.0,2.2652,2.2787,2.2652,2.2787,10646.76
2019-11-24 15:07:00,1574608020.0,2.2774,2.279,2.2705,2.2729,5307.75
2019-11-24 15:08:00,1574608080.0,2.2749,2.2839,2.2749,2.2827,3981.05
2019-11-24 15:09:00,1574608140.0,2.283,2.2839,2.28,2.282,8636.71
2019-11-24 15:10:00,1574608200.0,2.2846,2.2875,2.2815,2.2817,6412.18
2019-11-24 15:11:00,1574608260.0,2.282,2.2839,2.2774,2.2789,6770.77
2019-11-24 15:12:00,1574608320.0,2.2779,2.285,2.2758,2.285,471.86
2019-11-24 15:13:00,1574608380.0,2.2833,2.2842,2.28,2.2806,2032.84
2019-11-24 15:14:00,1574608440.0,2.2801,2.2831,2.2775,2.2819,3600.75
2019-11-24 15:15:00,1574608500.0,2.2805,2.2819,2.2753,2.2773,2026.18
2019-11-24 15:16:00,1574608560.0,2.2774,2.2775,2.2746,2.2746,5851.74
2019-11-24 15:17:00,1574608620.0,2.2769,2.2787,2.2749,2.275,1423.73
2019-11-24 15:18:00,1574608680.0,2.275,2.275,2.2576,2.2576,28245.45
2019-11-24 15:19:00,1574608740.0,2.2599,2.2646,2.256,2.2627,3841.9
2019-11-24 15:20:00,1574608800.0,2.2628,2.2665,2.26,2.2633,5945.5
2019-11-24 15:21:00,1574608860.0,2.2666,2.2764,2.2666,2.2731,2901.01
2019-11-24 15:22:00,1574608920.0,2.2719,2.274,2.2709,2.2725,1776.78
2019-11-24 15:23:00,1574608980.0,2.2734,2.2734,2.2655,2.2709,5336.08
2019-11-24 15:24:00,1574609040.0,2.274,2.2742,2.2585,2.2651,32059.81
2019-11-24 15:25:00,1574609100.0,2.2634,2.2682,2.2624,2.2641,1205.81
2019-11-24 15:26:00,1574609160.0,2.2665,2.2665,2.26,2.2624,3810.31
2019-11-24 15:27:00,1574609220.0,2.2625,2.2626,2.258,2.2608,6137.0
2019-11-24 15:28:00,1574609280.0,2.2604,2.2619,2.2572,2.2605,4586.97
2019-11-24 15:29:00,1574609340.0,2.2613,2.2619,2.261,2.2619,3708.37
2019-11-24 15:30:00,1574609400.0,2.2619,2.2619,2.2606,2.2606,894.25
2019-11-24 15:31:00,1574609460.0,2.2618,2.2651,2.2618,2.2635,2351.12
2019-11-24 15:32:00,1574609520.0,2.2675,2.2685,2.261,2.2644,2414.43
2019-11-24 15:33:00,1574609580.0,2.2652,2.268,2.2649,2.2666,1461.05
2019-11-24 15:34:00,1574609640.0,2.2666,2.2666,2.266,2.266,217.21
2019-11-24 15:35:00,1574609700.0,2.2652,2.2666,2.2632,2.2639,3578.67
2019-11-24 15:36:00,1574609760.0,2.2641,2.2642,2.262,2.2623,2310.76
2019-11-24 15:37:00,1574609820.0,2.26,2.2609,2.2531,2.2554,3010.2
2019-11-24 15:38:00,1574609880.0,2.2554,2.2558,2.2515,2.2515,5180.42
2019-11-24 15:39:00,1574609940.0,2.2528,2.2528,2.2481,2.2504,2910.48
2019-11-24 15:40:00,1574610000.0,2.2501,2.2537,2.2465,2.2521,10675.78
2019-11-24 15:41:00,1574610060.0,2.2515,2.2521,2.2499,2.2521,321.93
2019-11-24 15:42:00,1574610120.0,2.2521,2.254,2.2521,2.253,3699.59
2019-11-24 15:43:00,1574610180.0,2.2521,2.2524,2.2456,2.2461,7749.66
2019-11-24 15:44:00,1574610240.0,2.2462,2.2527,2.2414,2.2527,6481.86
2019-11-24 15:45:00,1574610300.0,2.2518,2.2552,2.25,2.2516,6708.21
2019-11-24 15:46:00,1574610360.0,2.2517,2.2518,2.2463,2.2463,1588.84
2019-11-24 15:47:00,1574610420.0,2.2477,2.2477,2.2408,2.2421,3113.95
2019-11-24 15:48:00,1574610480.0,2.2421,2.2431,2.2381,2.2416,8408.93
2019-11-24 15:49:00,1574610540.0,2.2434,2.2436,2.2434,2.2436,76.08
2019-11-24 15:50:00,1574610600.0,2.2436,2.2436,2.2436,2.2436,324.7
2019-11-24 15:51:00,1574610660.0,2.2445,2.2445,2.2377,2.2389,864.99
2019-11-24 15:52:00,1574610720.0,2.2381,2.2405,2.2379,2.2401,2971.04
2019-11-24 15:53:00,1574610780.0,2.239,2.2406,2.2306,2.2309,12802.46
2019-11-24 15:54:00,1574610840.0,2.2301,2.2336,2.22,2.2233,34459.0
2019-11-24 15:55:00,1574610900.0,2.2212,2.2232,2.2127,2.2189,12319.91
2019-11-24 15:56:00,1574610960.0,2.2184,2.2346,2.2141,2.2309,6371.53
2019-11-24 15:57:00,1574611020.0,2.2346,2.2377,2.2247,2.2339,12526.12
2019-11-24 15:58:00,1574611080.0,2.234,2.2356,2.2221,2.23,6687.24
2019-11-24 15:59:00,1574611140.0,2.23,2.2376,2.2219,2.2366,7674.61
2019-11-24 16:00:00,1574611200.0,2.2368,2.2368,2.2225,2.2225,4542.62
2019-11-24 16:01:00,1574611260.0,2.2225,2.2311,2.2133,2.2311,16374.39
2019-11-24 16:02:00,1574611320.0,2.2318,2.2605,2.2318,2.2597,17249.62
2019-11-24 16:03:00,1574611380.0,2.2596,2.2617,2.2536,2.2571,1857.76
2019-11-24 16:04:00,1574611440.0,2.2617,2.27,2.2558,2.27,2486.99
2019-11-24 16:05:00,1574611500.0,2.27,2.2714,2.265,2.2658,8384.34
2019-11-24 16:06:00,1574611560.0,2.2674,2.2705,2.2671,2.2672,346.56
2019-11-24 16:07:00,1574611620.0,2.2674,2.2694,2.266,2.2694,186.19
2019-11-24 16:08:00,1574611680.0,2.2671,2.2671,2.2515,2.2515,4788.06
2019-11-24 16:09:00,1574611740.0,2.2511,2.2511,2.245,2.2501,3117.62
2019-11-24 16:10:00,1574611800.0,2.2501,2.2501,2.2403,2.2405,1207.73
2019-11-24 16:11:00,1574611860.0,2.2404,2.2439,2.2349,2.2403,1834.14
2019-11-24 16:12:00,1574611920.0,2.24,2.24,2.2289,2.2342,9237.19
2019-11-24 16:13:00,1574611980.0,2.2341,2.2401,2.2244,2.2244,8186.23
2019-11-24 16:14:00,1574612040.0,2.224,2.225,2.2162,2.2216,4647.86
2019-11-24 16:15:00,1574612100.0,2.2211,2.2225,2.2113,2.2141,25231.76
2019-11-24 16:16:00,1574612160.0,2.2118,2.2216,2.2101,2.2182,14812.54
2019-11-24 16:17:00,1574612220.0,2.2216,2.2267,2.2182,2.2267,8538.59
2019-11-24 16:18:00,1574612280.0,2.2267,2.2396,2.2235,2.2337,3536.7
2019-11-24 16:19:00,1574612340.0,2.2339,2.236,2.2304,2.2317,2952.69
2019-11-24 16:20:00,1574612400.0,2.2327,2.2609,2.2327,2.2582,20012.56
2019-11-24 16:21:00,1574612460.0,2.2561,2.258,2.2535,2.2579,2771.2
2019-11-24 16:22:00,1574612520.0,2.2579,2.2579,2.248,2.248,3625.0
2019-11-24 16:23:00,1574612580.0,2.248,2.248,2.2383,2.2415,948.1
2019-11-24 16:24:00,1574612640.0,2.2434,2.2434,2.2346,2.2346,5240.86
2019-11-24 16:25:00,1574612700.0,2.2326,2.2515,2.2307,2.2515,4086.2
2019-11-24 16:26:00,1574612760.0,2.2509,2.2515,2.2352,2.2403,5022.48
2019-11-24 16:27:00,1574612820.0,2.24,2.245,2.2397,2.2443,3738.27
2019-11-24 16:28:00,1574612880.0,2.2425,2.2425,2.2365,2.2365,939.27
2019-11-24 16:29:00,1574612940.0,2.2372,2.2399,2.2372,2.2399,99.18
2019-11-24 16:30:00,1574613000.0,2.2381,2.241,2.2327,2.241,31584.37
2019-11-24 16:31:00,1574613060.0,2.241,2.241,2.2359,2.2359,4715.3
2019-11-24 16:32:00,1574613120.0,2.2374,2.241,2.2374,2.241,4727.14
2019-11-24 16:33:00,1574613180.0,2.241,2.2495,2.2404,2.2455,7472.35
2019-11-24 16:34:00,1574613240.0,2.2469,2.247,2.2446,2.2461,790.67
2019-11-24 16:35:00,1574613300.0,2.2463,2.2495,2.2456,2.2473,589.27
2019-11-24 16:36:00,1574613360.0,2.2479,2.2579,2.2479,2.256,2962.29
2019-11-24 16:37:00,1574613420.0,2.256,2.256,2.2467,2.2467,2514.02
2019-11-24 16:38:00,1574613480.0,2.2467,2.248,2.242,2.248,9423.44
2019-11-24 16:39:00,1574613540.0,2.2479,2.2512,2.2477,2.2512,1462.09
2019-11-24 16:40:00,1574613600.0,2.2482,2.2493,2.2479,2.2491,165.85
2019-11-24 16:41:00,1574613660.0,2.245,2.245,2.2375,2.2375,2628.47
2019-11-24 16:42:00,1574613720.0,2.2374,2.2422,2.2301,2.2314,8144.42
2019-11-24 16:43:00,1574613780.0,2.2344,2.2385,2.2344,2.2375,2687.8
2019-11-24 16:44:00,1574613840.0,2.238,2.238,2.2353,2.2353,1382.85
2019-11-24 16:45:00,1574613900.0,2.2336,2.2339,2.2292,2.2339,6013.92
2019-11-24 16:46:00,1574613960.0,2.236,2.2389,2.2289,2.238,5831.61
2019-11-24 16:47:00,1574614020.0,2.2373,2.2373,2.2339,2.2354,354.94
2019-11-24 16:48:00,1574614080.0,2.2367,2.239,2.2327,2.2327,4355.56
2019-11-24 16:49:00,1574614140.0,2.2345,2.2385,2.2334,2.2349,2171.38
2019-11-24 16:50:00,1574614200.0,2.2334,2.2372,2.2334,2.2369,1865.62
2019-11-24 16:51:00,1574614260.0,2.2355,2.239,2.2349,2.239,484.18
2019-11-24 16:52:00,1574614320.0,2.2389,2.239,2.2373,2.239,37.86
2019-11-24 16:53:00,1574614380.0,2.239,2.2406,2.2386,2.239,2879.83
2019-11-24 16:54:00,1574614440.0,2.2395,2.2402,2.2395,2.2402,4676.6
2019-11-24 16:55:00,1574614500.0,2.2435,2.2449,2.2421,2.2421,1094.39
2019-11-24 16:56:00,1574614560.0,2.2422,2.2494,2.2422,2.2473,9490.69
2019-11-24 16:57:00,1574614620.0,2.2458,2.2458,2.2422,2.2422,1776.96
2019-11-24 16:58:00,1574614680.0,2.2447,2.248,2.2436,2.2468,2728.92
2019-11-24 16:59:00,1574614740.0,2.2479,2.2529,2.2479,2.2522,13551.85
2019-11-24 17:00:00,1574614800.0,2.2522,2.2546,2.2488,2.2529,7620.36
2019-11-24 17:01:00,1574614860.0,2.2545,2.2607,2.2545,2.2599,6433.61
2019-11-24 17:02:00,1574614920.0,2.2599,2.2599,2.2536,2.2599,3331.25
2019-11-24 17:03:00,1574614980.0,2.26,2.2656,2.259,2.2621,8510.81
2019-11-24 17:04:00,1574615040.0,2.2576,2.2647,2.2576,2.2647,4824.74
2019-11-24 17:05:00,1574615100.0,2.2618,2.263,2.2618,2.2622,1179.02
2019-11-24 17:06:00,1574615160.0,2.2602,2.2637,2.2602,2.2637,392.1
2019-11-24 17:07:00,1574615220.0,2.2652,2.2657,2.2652,2.2657,2244.38
2019-11-24 17:08:00,1574615280.0,2.2637,2.2638,2.2607,2.2627,3626.12
2019-11-24 17:09:00,1574615340.0,2.2628,2.2628,2.2626,2.2628,4206.02
2019-11-24 17:10:00,1574615400.0,2.2626,2.2635,2.2626,2.2626,2714.0
2019-11-24 17:11:00,1574615460.0,2.2626,2.2677,2.2626,2.2664,5084.19
2019-11-24 17:12:00,1574615520.0,2.2663,2.2705,2.2663,2.2703,5013.27
2019-11-24 17:13:00,1574615580.0,2.2708,2.2731,2.2696,2.2727,1682.82
2019-11-24 17:14:00,1574615640.0,2.2749,2.2785,2.2742,2.2763,4487.9
2019-11-24 17:15:00,1574615700.0,2.2758,2.2784,2.2679,2.2713,12137.91
2019-11-24 17:16:00,1574615760.0,2.2687,2.2694,2.268,2.2693,273.37
2019-11-24 17:17:00,1574615820.0,2.2693,2.2765,2.2693,2.2765,5228.54
2019-11-24 17:18:00,1574615880.0,2.2732,2.2732,2.2705,2.2732,171.3
2019-11-24 17:19:00,1574615940.0,2.2715,2.2715,2.2667,2.2667,62.54
2019-11-24 17:20:00,1574616000.0,2.2689,2.2697,2.2689,2.2697,255.33
2019-11-24 17:21:00,1574616060.0,2.2699,2.2727,2.2666,2.27,7872.88
2019-11-24 17:22:00,1574616120.0,2.2681,2.2754,2.2655,2.2662,3827.05
2019-11-24 17:23:00,1574616180.0,2.27,2.2726,2.2699,2.2708,1614.22
2019-11-24 17:24:00,1574616240.0,2.2709,2.2709,2.267,2.2701,2665.14
2019-11-24 17:25:00,1574616300.0,2.2695,2.2701,2.2695,2.2701,954.62
2019-11-24 17:26:00,1574616360.0,2.2716,2.2716,2.267,2.267,3851.97
2019-11-24 17:27:00,1574616420.0,2.269,2.2701,2.2687,2.2701,1919.72
2019-11-24 17:28:00,1574616480.0,2.2727,2.2737,2.2696,2.27,4947.96
2019-11-24 17:29:00,1574616540.0,2.2696,2.2696,2.2677,2.2677,2025.59
2019-11-24 17:30:00,1574616600.0,2.2677,2.2689,2.2671,2.2674,1104.81
2019-11-24 17:31:00,1574616660.0,2.2674,2.2693,2.2674,2.2693,2331.99
2019-11-24 17:32:00,1574616720.0,2.2717,2.286,2.2716,2.2859,10811.28
2019-11-24 17:33:00,1574616780.0,2.2859,2.2859,2.2804,2.2854,2641.14
2019-11-24 17:34:00,1574616840.0,2.2832,2.2852,2.2731,2.2766,2926.12
2019-11-24 17:35:00,1574616900.0,2.2748,2.2748,2.2719,2.2731,382.0
2019-11-24 17:36:00,1574616960.0,2.2734,2.2745,2.2714,2.2714,1639.58
2019-11-24 17:37:00,1574617020.0,2.2745,2.2811,2.2745,2.2786,2492.53
2019-11-24 17:38:00,1574617080.0,2.2786,2.279,2.2729,2.279,625.42
2019-11-24 17:39:00,1574617140.0,2.2764,2.281,2.2763,2.2799,1639.29
2019-11-24 17:40:00,1574617200.0,2.2798,2.28,2.2785,2.2785,2290.56
2019-11-24 17:41:00,1574617260.0,2.28,2.286,2.28,2.2856,11076.02
2019-11-24 17:42:00,1574617320.0,2.2832,2.2849,2.2825,2.2825,2373.92
2019-11-24 17:43:00,1574617380.0,2.283,2.285,2.2801,2.2825,1051.17
2019-11-24 17:44:00,1574617440.0,2.283,2.2844,2.2801,2.2824,5388.22
2019-11-24 17:45:00,1574617500.0,2.2817,2.2823,2.2817,2.2823,263.99
2019-11-24 17:46:00,1574617560.0,2.2823,2.2848,2.2823,2.2848,765.72
2019-11-24 17:47:00,1574617620.0,2.2848,2.2848,2.2788,2.2788,1846.64
2019-11-24 17:48:00,1574617680.0,2.2787,2.2797,2.2763,2.2795,4999.08
2019-11-24 17:49:00,1574617740.0,2.2791,2.2792,2.2791,2.2792,89.32
2019-11-24 17:50:00,1574617800.0,2.279,2.279,2.2724,2.2724,616.99
2019-11-24 17:51:00,1574617860.0,2.2765,2.2828,2.2765,2.2828,3275.63
2019-11-24 17:52:00,1574617920.0,2.2827,2.2828,2.2812,2.2812,101.98
2019-11-24 17:53:00,1574617980.0,2.2805,2.2846,2.2795,2.2846,2382.68
2019-11-24 17:54:00,1574618040.0,2.2847,2.2847,2.2775,2.282,2148.4
2019-11-24 17:55:00,1574618100.0,2.2811,2.2811,2.281,2.281,28.92
2019-11-24 17:56:00,1574618160.0,2.2791,2.2791,2.2769,2.2769,42.07
2019-11-24 17:57:00,1574618220.0,2.2786,2.28,2.2786,2.28,7678.7
2019-11-24 17:58:00,1574618280.0,2.2797,2.2799,2.275,2.275,1175.29
2019-11-24 17:59:00,1574618340.0,2.275,2.275,2.275,2.275,0.0
2019-11-24 18:00:00,1574618400.0,2.2759,2.2759,2.2714,2.2714,449.69
2019-11-24 18:01:00,1574618460.0,2.2733,2.2735,2.2733,2.2734,94.07
2019-11-24 18:02:00,1574618520.0,2.2802,2.2806,2.2802,2.2806,529.62
2019-11-24 18:03:00,1574618580.0,2.2802,2.2802,2.2802,2.2802,266.02
2019-11-24 18:04:00,1574618640.0,2.2819,2.284,2.2819,2.284,1197.24
2019-11-24 18:05:00,1574618700.0,2.2823,2.2845,2.2781,2.2845,2712.93
2019-11-24 18:06:00,1574618760.0,2.2845,2.2845,2.2784,2.2784,100.01
2019-11-24 18:07:00,1574618820.0,2.2812,2.2812,2.2797,2.2797,304.4
2019-11-24 18:08:00,1574618880.0,2.28,2.28,2.2747,2.2747,200.0
2019-11-24 18:09:00,1574618940.0,2.2767,2.282,2.2764,2.282,435.67
2019-11-24 18:10:00,1574619000.0,2.282,2.282,2.282,2.282,0.0
2019-11-24 18:11:00,1574619060.0,2.2766,2.2767,2.2753,2.2753,371.75
2019-11-24 18:12:00,1574619120.0,2.2772,2.2772,2.2749,2.2768,298.61
2019-11-24 18:13:00,1574619180.0,2.2772,2.28,2.2772,2.28,13736.44
2019-11-24 18:14:00,1574619240.0,2.2759,2.2759,2.2736,2.2736,566.79
2019-11-24 18:15:00,1574619300.0,2.2797,2.2807,2.2759,2.2759,3322.45
2019-11-24 18:16:00,1574619360.0,2.2733,2.2781,2.2732,2.2781,116.95
2019-11-24 18:17:00,1574619420.0,2.2785,2.2787,2.2782,2.2782,263.85
2019-11-24 18:18:00,1574619480.0,2.2782,2.2782,2.2782,2.2782,0.0
2019-11-24 18:19:00,1574619540.0,2.279,2.279,2.2788,2.2789,668.73
2019-11-24 18:20:00,1574619600.0,2.2786,2.2786,2.2747,2.2747,242.58
2019-11-24 18:21:00,1574619660.0,2.2718,2.2718,2.2718,2.2718,182.73
2019-11-24 18:22:00,1574619720.0,2.2718,2.2718,2.2718,2.2718,0.0
2019-11-24 18:23:00,1574619780.0,2.2724,2.2724,2.2669,2.2669,2034.79
2019-11-24 18:24:00,1574619840.0,2.2673,2.2695,2.2622,2.2622,5450.6
2019-11-24 18:25:00,1574619900.0,2.2622,2.2637,2.2591,2.2591,2432.25
2019-11-24 18:26:00,1574619960.0,2.2597,2.2622,2.2573,2.259,13489.23
2019-11-24 18:27:00,1574620020.0,2.262,2.2664,2.2592,2.2664,1675.57
2019-11-24 18:28:00,1574620080.0,2.267,2.2686,2.267,2.2686,324.74
2019-11-24 18:29:00,1574620140.0,2.2687,2.2687,2.2671,2.2671,57.34
2019-11-24 18:30:00,1574620200.0,2.2671,2.2688,2.2665,2.2665,183.91
2019-11-24 18:31:00,1574620260.0,2.265,2.2652,2.26,2.2606,5925.54
2019-11-24 18:32:00,1574620320.0,2.2578,2.2597,2.2571,2.2574,1838.56
2019-11-24 18:33:00,1574620380.0,2.2586,2.2586,2.2557,2.2557,973.06
2019-11-24 18:34:00,1574620440.0,2.2575,2.2575,2.2557,2.2572,3455.44
2019-11-24 18:35:00,1574620500.0,2.2574,2.2585,2.2573,2.2584,575.65
2019-11-24 18:36:00,1574620560.0,2.259,2.259,2.254,2.2553,11377.34
2019-11-24 18:37:00,1574620620.0,2.255,2.2574,2.255,2.2573,2816.85
2019-11-24 18:38:00,1574620680.0,2.2579,2.26,2.2579,2.2592,140.2
2019-11-24 18:39:00,1574620740.0,2.2597,2.2597,2.2576,2.2576,1486.14
2019-11-24 18:40:00,1574620800.0,2.2577,2.2583,2.2552,2.2552,2243.85
2019-11-24 18:41:00,1574620860.0,2.2551,2.2619,2.2551,2.2558,1349.71
2019-11-24 18:42:00,1574620920.0,2.2552,2.2567,2.2541,2.2552,414.78
2019-11-24 18:43:00,1574620980.0,2.2569,2.2787,2.2569,2.2743,9163.13
2019-11-24 18:44:00,1574621040.0,2.2742,2.2742,2.2692,2.2715,694.49
2019-11-24 18:45:00,1574621100.0,2.2696,2.274,2.2696,2.2725,1571.02
2019-11-24 18:46:00,1574621160.0,2.2725,2.273,2.2626,2.2626,1198.16
2019-11-24 18:47:00,1574621220.0,2.2622,2.2622,2.2605,2.2612,435.86
2019-11-24 18:48:00,1574621280.0,2.2619,2.265,2.2617,2.2632,1610.27
2019-11-24 18:49:00,1574621340.0,2.2627,2.2641,2.2626,2.2626,64.24
2019-11-24 18:50:00,1574621400.0,2.263,2.264,2.263,2.264,1262.78
2019-11-24 18:51:00,1574621460.0,2.264,2.265,2.264,2.265,1206.0
2019-11-24 18:52:00,1574621520.0,2.265,2.2663,2.265,2.2663,1439.73
2019-11-24 18:53:00,1574621580.0,2.2663,2.2686,2.2634,2.2647,137.36
2019-11-24 18:54:00,1574621640.0,2.2661,2.2661,2.2636,2.2636,45.0
2019-11-24 18:55:00,1574621700.0,2.2655,2.2655,2.2635,2.2635,48.36
2019-11-24 18:56:00,1574621760.0,2.2628,2.2628,2.2628,2.2628,192.27
2019-11-24 18:57:00,1574621820.0,2.2629,2.2666,2.2629,2.2659,725.71
2019-11-24 18:58:00,1574621880.0,2.2659,2.2669,2.2659,2.2669,1368.01
2019-11-24 18:59:00,1574621940.0,2.2669,2.2674,2.2669,2.2673,39.71
2019-11-24 19:00:00,1574622000.0,2.2673,2.2675,2.2672,2.2675,631.72
2019-11-24 19:01:00,1574622060.0,2.2674,2.2686,2.2674,2.2681,679.25
2019-11-24 19:02:00,1574622120.0,2.2677,2.269,2.2664,2.2679,917.6
2019-11-24 19:03:00,1574622180.0,2.268,2.268,2.2674,2.2674,58.18
2019-11-24 19:04:00,1574622240.0,2.2671,2.2671,2.2668,2.2668,211.76
2019-11-24 19:05:00,1574622300.0,2.267,2.267,2.2664,2.2664,12.37
2019-11-24 19:06:00,1574622360.0,2.2662,2.2662,2.2662,2.2662,8.81
2019-11-24 19:07:00,1574622420.0,2.2662,2.2662,2.2662,2.2662,0.0
2019-11-24 19:08:00,1574622480.0,2.2676,2.2676,2.2656,2.2656,41.23
2019-11-24 19:09:00,1574622540.0,2.2692,2.2702,2.2669,2.2669,119.07
2019-11-24 19:10:00,1574622600.0,2.2669,2.2669,2.2669,2.2669,8.0
2019-11-24 19:11:00,1574622660.0,2.2654,2.2658,2.2619,2.2648,1312.59
2019-11-24 19:12:00,1574622720.0,2.2648,2.2648,2.2648,2.2648,0.0
2019-11-24 19:13:00,1574622780.0,2.2633,2.2638,2.2633,2.2638,14.74
2019-11-24 19:14:00,1574622840.0,2.2633,2.2634,2.2633,2.2634,76.53
2019-11-24 19:15:00,1574622900.0,2.263,2.2642,2.2614,2.264,582.0
2019-11-24 19:16:00,1574622960.0,2.2636,2.2636,2.2636,2.2636,100.0
2019-11-24 19:17:00,1574623020.0,2.2625,2.2628,2.2624,2.2628,39.82
2019-11-24 19:18:00,1574623080.0,2.2628,2.2629,2.2605,2.2605,62.19
2019-11-24 19:19:00,1574623140.0,2.2625,2.2625,2.261,2.2612,642.23
2019-11-24 19:20:00,1574623200.0,2.2604,2.2604,2.2591,2.2591,318.57
2019-11-24 19:21:00,1574623260.0,2.2606,2.2606,2.2589,2.2589,204.54
2019-11-24 19:22:00,1574623320.0,2.2589,2.2589,2.2586,2.2587,73.44
2019-11-24 19:23:00,1574623380.0,2.2587,2.2593,2.2565,2.2575,686.24
2019-11-24 19:24:00,1574623440.0,2.2575,2.2575,2.2574,2.2574,167.73
2019-11-24 19:25:00,1574623500.0,2.2572,2.2572,2.256,2.257,319.84
2019-11-24 19:26:00,1574623560.0,2.2569,2.257,2.2569,2.257,88.61
2019-11-24 19:27:00,1574623620.0,2.2564,2.2564,2.2564,2.2564,5.0
2019-11-24 19:28:00,1574623680.0,2.2556,2.2594,2.2556,2.2594,9556.77
2019-11-24 19:29:00,1574623740.0,2.2594,2.2651,2.2594,2.261,4981.12
2019-11-24 19:30:00,1574623800.0,2.2626,2.2638,2.2626,2.2638,16.87
2019-11-24 19:31:00,1574623860.0,2.2626,2.263,2.2625,2.2626,153.71
2019-11-24 19:32:00,1574623920.0,2.2635,2.2639,2.2635,2.2639,238.44
2019-11-24 19:33:00,1574623980.0,2.2638,2.2644,2.2638,2.2644,842.91
2019-11-24 19:34:00,1574624040.0,2.2662,2.2676,2.2662,2.2676,879.0
2019-11-24 19:35:00,1574624100.0,2.268,2.27,2.268,2.27,2971.4
2019-11-24 19:36:00,1574624160.0,2.2685,2.2685,2.2684,2.2685,62.18
2019-11-24 19:37:00,1574624220.0,2.2684,2.2714,2.2684,2.2714,1614.06
2019-11-24 19:38:00,1574624280.0,2.2697,2.2697,2.2681,2.2693,288.02
2019-11-24 19:39:00,1574624340.0,2.2681,2.2693,2.2663,2.2663,1747.11
2019-11-24 19:40:00,1574624400.0,2.2663,2.2663,2.2663,2.2663,0.0
2019-11-24 19:41:00,1574624460.0,2.2654,2.2654,2.2654,2.2654,49.95
2019-11-24 19:42:00,1574624520.0,2.2658,2.2662,2.2636,2.2658,2159.17
2019-11-24 19:43:00,1574624580.0,2.266,2.266,2.2624,2.2646,1350.6
2019-11-24 19:44:00,1574624640.0,2.2646,2.2646,2.2646,2.2646,91.34
2019-11-24 19:45:00,1574624700.0,2.2646,2.2646,2.2646,2.2646,5.0
2019-11-24 19:46:00,1574624760.0,2.2659,2.2659,2.2628,2.2646,1375.87
2019-11-24 19:47:00,1574624820.0,2.2624,2.2631,2.2607,2.262,988.65
2019-11-24 19:48:00,1574624880.0,2.262,2.262,2.262,2.262,0.0
2019-11-24 19:49:00,1574624940.0,2.2634,2.2634,2.2583,2.2583,902.38
2019-11-24 19:50:00,1574625000.0,2.257,2.2583,2.2502,2.257,7759.78
2019-11-24 19:51:00,1574625060.0,2.2555,2.2555,2.247,2.2492,4646.0
2019-11-24 19:52:00,1574625120.0,2.249,2.2559,2.249,2.2528,1065.76
2019-11-24 19:53:00,1574625180.0,2.2527,2.2541,2.2522,2.2522,2515.22
2019-11-24 19:54:00,1574625240.0,2.2522,2.2522,2.2469,2.2469,6159.83
2019-11-24 19:55:00,1574625300.0,2.2472,2.2501,2.2472,2.2501,21.16
2019-11-24 19:56:00,1574625360.0,2.2547,2.2547,2.2547,2.2547,15.84
2019-11-24 19:57:00,1574625420.0,2.2514,2.2514,2.2514,2.2514,8.0
2019-11-24 19:58:00,1574625480.0,2.2533,2.2533,2.2533,2.2533,8.0
2019-11-24 19:59:00,1574625540.0,2.2535,2.2548,2.2532,2.2548,199.73
2019-11-24 20:00:00,1574625600.0,2.2567,2.2567,2.249,2.2498,1531.64
2019-11-24 20:01:00,1574625660.0,2.2495,2.2496,2.2469,2.2469,2039.04
2019-11-24 20:02:00,1574625720.0,2.2469,2.2525,2.243,2.252,7075.65
2019-11-24 20:03:00,1574625780.0,2.2485,2.2485,2.2428,2.2462,296.95
2019-11-24 20:04:00,1574625840.0,2.2456,2.2456,2.2388,2.2421,4603.24
2019-11-24 20:05:00,1574625900.0,2.2418,2.2418,2.2383,2.2415,2797.95
2019-11-24 20:06:00,1574625960.0,2.2409,2.241,2.2376,2.2376,4022.0
2019-11-24 20:07:00,1574626020.0,2.238,2.2381,2.236,2.2378,1489.52
2019-11-24 20:08:00,1574626080.0,2.2369,2.241,2.2366,2.2395,4105.13
2019-11-24 20:09:00,1574626140.0,2.2403,2.2413,2.2376,2.2409,1556.26
2019-11-24 20:10:00,1574626200.0,2.2409,2.2409,2.2409,2.2409,0.0
2019-11-24 20:11:00,1574626260.0,2.2399,2.2399,2.2355,2.2355,1251.42
2019-11-24 20:12:00,1574626320.0,2.2398,2.2398,2.2355,2.2355,158.0
2019-11-24 20:13:00,1574626380.0,2.2355,2.2355,2.2325,2.2325,3296.0
2019-11-24 20:14:00,1574626440.0,2.2341,2.2372,2.2323,2.2372,6360.65
2019-11-24 20:15:00,1574626500.0,2.2383,2.248,2.2383,2.248,3860.25
2019-11-24 20:16:00,1574626560.0,2.2481,2.2494,2.2443,2.2494,813.57
2019-11-24 20:17:00,1574626620.0,2.2476,2.2476,2.2476,2.2476,8.0
2019-11-24 20:18:00,1574626680.0,2.2493,2.2515,2.2493,2.2498,646.53
2019-11-24 20:19:00,1574626740.0,2.2499,2.2518,2.2488,2.2518,220.38
2019-11-24 20:20:00,1574626800.0,2.2522,2.2523,2.2514,2.2515,117.42
2019-11-24 20:21:00,1574626860.0,2.2515,2.2515,2.25,2.25,345.28
2019-11-24 20:22:00,1574626920.0,2.2478,2.25,2.2478,2.25,760.25
2019-11-24 20:23:00,1574626980.0,2.2529,2.2573,2.2529,2.2573,1313.99
2019-11-24 20:24:00,1574627040.0,2.2555,2.2557,2.2542,2.2542,2461.0
2019-11-24 20:25:00,1574627100.0,2.2571,2.2573,2.2566,2.2573,359.96
2019-11-24 20:26:00,1574627160.0,2.2569,2.2611,2.2515,2.2611,2748.46
2019-11-24 20:27:00,1574627220.0,2.2572,2.2572,2.2546,2.2554,301.63
2019-11-24 20:28:00,1574627280.0,2.2613,2.2613,2.2575,2.2575,41.84
2019-11-24 20:29:00,1574627340.0,2.257,2.257,2.257,2.257,8.84
2019-11-24 20:30:00,1574627400.0,2.2571,2.2571,2.2506,2.2506,197.35
2019-11-24 20:31:00,1574627460.0,2.2539,2.2558,2.2539,2.2558,11.0
2019-11-24 20:32:00,1574627520.0,2.2522,2.2522,2.2502,2.2502,174.5
2019-11-24 20:33:00,1574627580.0,2.2501,2.252,2.2445,2.252,11022.36
2019-11-24 20:34:00,1574627640.0,2.2491,2.2505,2.2472,2.2505,260.97
2019-11-24 20:35:00,1574627700.0,2.2476,2.2476,2.2476,2.2476,8.0
2019-11-24 20:36:00,1574627760.0,2.2476,2.2476,2.2419,2.2475,1021.9
2019-11-24 20:37:00,1574627820.0,2.2484,2.2489,2.2463,2.2489,281.88
2019-11-24 20:38:00,1574627880.0,2.2489,2.2498,2.2489,2.2498,1.48
2019-11-24 20:39:00,1574627940.0,2.2487,2.2487,2.2487,2.2487,6.0
2019-11-24 20:40:00,1574628000.0,2.2499,2.2527,2.2499,2.2522,3060.11
2019-11-24 20:41:00,1574628060.0,2.2526,2.2545,2.2526,2.2528,1168.95
2019-11-24 20:42:00,1574628120.0,2.2531,2.2546,2.2512,2.2525,1124.13
2019-11-24 20:43:00,1574628180.0,2.255,2.2583,2.255,2.2552,1302.96
2019-11-24 20:44:00,1574628240.0,2.2572,2.2577,2.2572,2.2577,196.31
2019-11-24 20:45:00,1574628300.0,2.258,2.2628,2.2579,2.2628,4441.64
2019-11-24 20:46:00,1574628360.0,2.2635,2.2637,2.2611,2.2633,861.12
2019-11-24 20:47:00,1574628420.0,2.2632,2.2658,2.2632,2.2658,759.62
2019-11-24 20:48:00,1574628480.0,2.2662,2.2708,2.2662,2.2663,5106.95
2019-11-24 20:49:00,1574628540.0,2.2638,2.2659,2.2638,2.2659,27.8
2019-11-24 20:50:00,1574628600.0,2.2669,2.2682,2.2632,2.2647,110.41
2019-11-24 20:51:00,1574628660.0,2.2651,2.2651,2.2651,2.2651,8.0
2019-11-24 20:52:00,1574628720.0,2.2651,2.2651,2.2651,2.2651,0.82
2019-11-24 20:53:00,1574628780.0,2.2645,2.2645,2.2596,2.2596,1775.76
2019-11-24 20:54:00,1574628840.0,2.2584,2.2594,2.2571,2.2594,1166.98
2019-11-24 20:55:00,1574628900.0,2.2594,2.2643,2.2594,2.2643,74.16
2019-11-24 20:56:00,1574628960.0,2.2643,2.2683,2.2643,2.2683,237.66
2019-11-24 20:57:00,1574629020.0,2.2683,2.2683,2.2648,2.2648,500.55
2019-11-24 20:58:00,1574629080.0,2.2648,2.2668,2.2648,2.2668,178.6
2019-11-24 20:59:00,1574629140.0,2.2664,2.2678,2.2664,2.2666,651.37
2019-11-24 21:00:00,1574629200.0,2.2666,2.2692,2.2665,2.2665,9364.66
2019-11-24 21:01:00,1574629260.0,2.2636,2.2678,2.2636,2.2678,13.93
2019-11-24 21:02:00,1574629320.0,2.2678,2.27,2.2678,2.2678,503.61
2019-11-24 21:03:00,1574629380.0,2.2685,2.2792,2.2685,2.2753,4320.44
2019-11-24 21:04:00,1574629440.0,2.2768,2.2793,2.2745,2.278,4335.59
2019-11-24 21:05:00,1574629500.0,2.2801,2.2805,2.2774,2.2777,646.3
2019-11-24 21:06:00,1574629560.0,2.2789,2.2811,2.2777,2.2777,309.15
2019-11-24 21:07:00,1574629620.0,2.2796,2.2796,2.2786,2.2789,231.15
2019-11-24 21:08:00,1574629680.0,2.2792,2.2806,2.2752,2.2805,4013.42
2019-11-24 21:09:00,1574629740.0,2.2805,2.2825,2.2767,2.2767,2228.1
2019-11-24 21:10:00,1574629800.0,2.2802,2.2822,2.2802,2.2807,606.63
2019-11-24 21:11:00,1574629860.0,2.2799,2.2799,2.2767,2.2767,126.96
2019-11-24 21:12:00,1574629920.0,2.2768,2.2792,2.2759,2.2792,1530.65
2019-11-24 21:13:00,1574629980.0,2.277,2.2825,2.277,2.2825,10631.68
2019-11-24 21:14:00,1574630040.0,2.2819,2.2836,2.2819,2.2825,2723.93
2019-11-24 21:15:00,1574630100.0,2.2807,2.2838,2.278,2.2838,3882.87
2019-11-24 21:16:00,1574630160.0,2.2838,2.285,2.2824,2.2828,11036.56
2019-11-24 21:17:00,1574630220.0,2.2833,2.2878,2.2801,2.2877,8894.47
2019-11-24 21:18:00,1574630280.0,2.2877,2.2878,2.284,2.2857,2574.27
2019-11-24 21:19:00,1574630340.0,2.2859,2.2901,2.2849,2.2891,7157.23
2019-11-24 21:20:00,1574630400.0,2.2891,2.292,2.2871,2.2878,2075.83
2019-11-24 21:21:00,1574630460.0,2.2885,2.292,2.2846,2.2871,455.95
2019-11-24 21:22:00,1574630520.0,2.2872,2.2875,2.2869,2.287,273.77
2019-11-24 21:23:00,1574630580.0,2.288,2.2897,2.2853,2.2853,1709.2
2019-11-24 21:24:00,1574630640.0,2.2865,2.2865,2.284,2.2851,290.28
2019-11-24 21:25:00,1574630700.0,2.2856,2.2856,2.2833,2.2845,48.29
2019-11-24 21:26:00,1574630760.0,2.2845,2.2846,2.281,2.281,682.4
2019-11-24 21:27:00,1574630820.0,2.2831,2.2902,2.2831,2.2901,2406.05
2019-11-24 21:28:00,1574630880.0,2.2908,2.291,2.2843,2.2859,653.49
2019-11-24 21:29:00,1574630940.0,2.2885,2.2932,2.2885,2.2902,3049.0
2019-11-24 21:30:00,1574631000.0,2.2902,2.2902,2.2883,2.29,200.96
2019-11-24 21:31:00,1574631060.0,2.2894,2.2947,2.2893,2.2931,6829.63
2019-11-24 21:32:00,1574631120.0,2.2946,2.2946,2.2916,2.293,217.22
2019-11-24 21:33:00,1574631180.0,2.2947,2.2947,2.2932,2.2946,465.74
2019-11-24 21:34:00,1574631240.0,2.2942,2.2943,2.2916,2.2927,1214.84
2019-11-24 21:35:00,1574631300.0,2.2931,2.2931,2.289,2.29,4559.86
2019-11-24 21:36:00,1574631360.0,2.2899,2.2899,2.2866,2.2897,132.17
2019-11-24 21:37:00,1574631420.0,2.2899,2.2899,2.2891,2.2895,218.91
2019-11-24 21:38:00,1574631480.0,2.2895,2.2895,2.2895,2.2895,0.0
2019-11-24 21:39:00,1574631540.0,2.2894,2.2895,2.2893,2.2895,1471.82
2019-11-24 21:40:00,1574631600.0,2.2881,2.2892,2.287,2.2892,216.49
2019-11-24 21:41:00,1574631660.0,2.2892,2.29,2.2881,2.2881,551.39
2019-11-24 21:42:00,1574631720.0,2.2879,2.2883,2.2879,2.2883,329.21
2019-11-24 21:43:00,1574631780.0,2.2888,2.29,2.2888,2.2899,2551.55
2019-11-24 21:44:00,1574631840.0,2.2899,2.2899,2.2862,2.2862,823.54
2019-11-24 21:45:00,1574631900.0,2.2862,2.287,2.2849,2.2869,2949.47
2019-11-24 21:46:00,1574631960.0,2.2871,2.288,2.2868,2.288,195.63
2019-11-24 21:47:00,1574632020.0,2.2897,2.2897,2.2882,2.2886,1152.53
2019-11-24 21:48:00,1574632080.0,2.289,2.289,2.2838,2.2858,2291.91
2019-11-24 21:49:00,1574632140.0,2.2858,2.2858,2.2851,2.2851,239.01
2019-11-24 21:50:00,1574632200.0,2.2873,2.2873,2.2831,2.2831,2406.43
2019-11-24 21:51:00,1574632260.0,2.2848,2.2848,2.2804,2.2804,344.0
2019-11-24 21:52:00,1574632320.0,2.2823,2.2826,2.2781,2.28,2658.95
2019-11-24 21:53:00,1574632380.0,2.2828,2.2828,2.2813,2.2813,409.52
2019-11-24 21:54:00,1574632440.0,2.2808,2.2814,2.2786,2.2786,1085.43
2019-11-24 21:55:00,1574632500.0,2.2773,2.2775,2.2731,2.2775,2421.46
2019-11-24 21:56:00,1574632560.0,2.2778,2.2779,2.2762,2.2779,1360.82
2019-11-24 21:57:00,1574632620.0,2.2777,2.2803,2.2757,2.2803,1017.06
2019-11-24 21:58:00,1574632680.0,2.2783,2.2783,2.2775,2.2783,137.74
2019-11-24 21:59:00,1574632740.0,2.2783,2.2799,2.2783,2.2797,1577.29
2019-11-24 22:00:00,1574632800.0,2.2776,2.2787,2.2738,2.2787,353.06
2019-11-24 22:01:00,1574632860.0,2.2759,2.2759,2.2741,2.2741,613.98
2019-11-24 22:02:00,1574632920.0,2.2735,2.2735,2.2735,2.2735,8.79
2019-11-24 22:03:00,1574632980.0,2.272,2.272,2.2631,2.2638,3890.46
2019-11-24 22:04:00,1574633040.0,2.2649,2.2722,2.2627,2.2698,8558.7
2019-11-24 22:05:00,1574633100.0,2.2703,2.2722,2.2679,2.268,5846.68
2019-11-24 22:06:00,1574633160.0,2.2712,2.2735,2.2712,2.2735,247.93
2019-11-24 22:07:00,1574633220.0,2.2765,2.2767,2.2716,2.2741,1418.37
2019-11-24 22:08:00,1574633280.0,2.276,2.276,2.276,2.276,6.0
2019-11-24 22:09:00,1574633340.0,2.2757,2.2767,2.2712,2.2738,2339.87
2019-11-24 22:10:00,1574633400.0,2.2738,2.2739,2.2719,2.2719,306.73
2019-11-24 22:11:00,1574633460.0,2.2703,2.2703,2.2679,2.2701,36.21
2019-11-24 22:12:00,1574633520.0,2.2695,2.271,2.2694,2.271,43.82
2019-11-24 22:13:00,1574633580.0,2.2709,2.2716,2.2709,2.271,1895.1
2019-11-24 22:14:00,1574633640.0,2.271,2.274,2.271,2.274,935.23
2019-11-24 22:15:00,1574633700.0,2.274,2.274,2.274,2.274,1939.83
2019-11-24 22:16:00,1574633760.0,2.2743,2.2763,2.2739,2.2763,7895.32
2019-11-24 22:17:00,1574633820.0,2.2762,2.2773,2.2734,2.277,144.64
2019-11-24 22:18:00,1574633880.0,2.2778,2.2787,2.2768,2.2787,2963.47
2019-11-24 22:19:00,1574633940.0,2.2772,2.2772,2.2772,2.2772,8.77
2019-11-24 22:20:00,1574634000.0,2.2771,2.2792,2.2749,2.2792,2271.93
2019-11-24 22:21:00,1574634060.0,2.2793,2.2801,2.2793,2.28,7134.22
2019-11-24 22:22:00,1574634120.0,2.2806,2.2816,2.2806,2.2807,966.0
2019-11-24 22:23:00,1574634180.0,2.2807,2.2835,2.2801,2.281,3723.4
2019-11-24 22:24:00,1574634240.0,2.2811,2.2831,2.281,2.2811,69.0
2019-11-24 22:25:00,1574634300.0,2.283,2.283,2.283,2.283,17.5
2019-11-24 22:26:00,1574634360.0,2.2833,2.2833,2.2833,2.2833,8.75
2019-11-24 22:27:00,1574634420.0,2.2836,2.2839,2.2836,2.2839,56.68
2019-11-24 22:28:00,1574634480.0,2.2846,2.2859,2.2846,2.2855,135.23
2019-11-24 22:29:00,1574634540.0,2.285,2.285,2.2828,2.2843,108.93
2019-11-24 22:30:00,1574634600.0,2.2856,2.2856,2.2856,2.2856,13.0
2019-11-24 22:31:00,1574634660.0,2.2856,2.2856,2.2856,2.2856,0.58
2019-11-24 22:32:00,1574634720.0,2.2856,2.2856,2.2856,2.2856,5.83
2019-11-24 22:33:00,1574634780.0,2.2856,2.2856,2.2856,2.2856,0.0
2019-11-24 22:34:00,1574634840.0,2.287,2.2896,2.287,2.2881,313.81
2019-11-24 22:35:00,1574634900.0,2.2881,2.2881,2.2848,2.2848,441.41
2019-11-24 22:36:00,1574634960.0,2.2861,2.2861,2.2785,2.2785,3659.38
2019-11-24 22:37:00,1574635020.0,2.2785,2.2785,2.2692,2.2708,5693.13
2019-11-24 22:38:00,1574635080.0,2.2763,2.2763,2.2711,2.2711,3529.53
2019-11-24 22:39:00,1574635140.0,2.2746,2.2746,2.2746,2.2746,8.76
2019-11-24 22:40:00,1574635200.0,2.2766,2.2781,2.2765,2.2781,478.07
2019-11-24 22:41:00,1574635260.0,2.2769,2.2775,2.276,2.2775,504.62
2019-11-24 22:42:00,1574635320.0,2.2777,2.278,2.2754,2.2758,532.76
2019-11-24 22:43:00,1574635380.0,2.2743,2.2769,2.2737,2.2764,867.25
2019-11-24 22:44:00,1574635440.0,2.2797,2.2797,2.2797,2.2797,40.0
2019-11-24 22:45:00,1574635500.0,2.2799,2.28,2.2799,2.28,1593.07
2019-11-24 22:46:00,1574635560.0,2.28,2.285,2.28,2.285,3404.85
2019-11-24 22:47:00,1574635620.0,2.2863,2.2863,2.2786,2.2786,661.11
2019-11-24 22:48:00,1574635680.0,2.2786,2.2787,2.2771,2.2784,316.38
2019-11-24 22:49:00,1574635740.0,2.2796,2.2796,2.2769,2.2794,685.55
2019-11-24 22:50:00,1574635800.0,2.2795,2.2842,2.2747,2.2842,1601.73
2019-11-24 22:51:00,1574635860.0,2.2792,2.2792,2.2789,2.2789,189.94
2019-11-24 22:52:00,1574635920.0,2.2736,2.2757,2.2735,2.2754,715.69
2019-11-24 22:53:00,1574635980.0,2.2754,2.2754,2.2754,2.2754,500.0
2019-11-24 22:54:00,1574636040.0,2.2754,2.2754,2.2754,2.2754,0.0
2019-11-24 22:55:00,1574636100.0,2.2754,2.2754,2.2754,2.2754,0.0
2019-11-24 22:56:00,1574636160.0,2.2788,2.2798,2.2788,2.2798,266.6
2019-11-24 22:57:00,1574636220.0,2.277,2.277,2.277,2.277,1251.51
2019-11-24 22:58:00,1574636280.0,2.2776,2.2794,2.2773,2.2794,214.67
2019-11-24 22:59:00,1574636340.0,2.2763,2.2763,2.2735,2.2738,1978.63
2019-11-24 23:00:00,1574636400.0,2.2747,2.2789,2.2747,2.2789,54.72
2019-11-24 23:01:00,1574636460.0,2.2759,2.2759,2.2754,2.2754,159.18
2019-11-24 23:02:00,1574636520.0,2.2755,2.2755,2.2714,2.2741,488.89
2019-11-24 23:03:00,1574636580.0,2.2708,2.2712,2.2685,2.2712,1462.29
2019-11-24 23:04:00,1574636640.0,2.2711,2.2746,2.271,2.2746,68.63
2019-11-24 23:05:00,1574636700.0,2.2715,2.2715,2.2629,2.2673,15868.52
2019-11-24 23:06:00,1574636760.0,2.2661,2.2661,2.2553,2.2578,5290.9
2019-11-24 23:07:00,1574636820.0,2.2576,2.2584,2.2527,2.2527,5269.17
2019-11-24 23:08:00,1574636880.0,2.2515,2.2571,2.25,2.2571,3074.66
2019-11-24 23:09:00,1574636940.0,2.2547,2.2547,2.2493,2.2506,4775.98
2019-11-24 23:10:00,1574637000.0,2.253,2.253,2.2449,2.2449,5696.91
2019-11-24 23:11:00,1574637060.0,2.246,2.2484,2.2457,2.2472,1044.59
2019-11-24 23:12:00,1574637120.0,2.2469,2.25,2.2462,2.2462,3190.61
2019-11-24 23:13:00,1574637180.0,2.245,2.2472,2.2445,2.2472,3692.74
2019-11-24 23:14:00,1574637240.0,2.2486,2.251,2.2457,2.2491,1795.15
2019-11-24 23:15:00,1574637300.0,2.2486,2.2512,2.2479,2.2512,7965.12
2019-11-24 23:16:00,1574637360.0,2.2512,2.252,2.2493,2.252,958.43
2019-11-24 23:17:00,1574637420.0,2.2498,2.2525,2.2477,2.2525,1512.56
2019-11-24 23:18:00,1574637480.0,2.2502,2.251,2.25,2.2501,1223.09
2019-11-24 23:19:00,1574637540.0,2.2514,2.2525,2.2514,2.2522,1516.07
2019-11-24 23:20:00,1574637600.0,2.2506,2.2506,2.247,2.247,15392.95
2019-11-24 23:21:00,1574637660.0,2.2453,2.2453,2.2322,2.237,19170.73
2019-11-24 23:22:00,1574637720.0,2.2347,2.2383,2.2322,2.2368,1576.78
2019-11-24 23:23:00,1574637780.0,2.2378,2.2393,2.2378,2.2392,1267.97
2019-11-24 23:24:00,1574637840.0,2.2372,2.2372,2.2336,2.2364,2717.53
2019-11-24 23:25:00,1574637900.0,2.2347,2.2351,2.2322,2.2351,7807.05
2019-11-24 23:26:00,1574637960.0,2.233,2.2336,2.2296,2.2325,1627.76
2019-11-24 23:27:00,1574638020.0,2.2318,2.2337,2.2269,2.2269,4897.04
2019-11-24 23:28:00,1574638080.0,2.2307,2.2336,2.2266,2.2304,281.66
2019-11-24 23:29:00,1574638140.0,2.2268,2.2323,2.2248,2.2311,2756.56
2019-11-24 23:30:00,1574638200.0,2.2291,2.2358,2.2269,2.2348,10018.21
2019-11-24 23:31:00,1574638260.0,2.235,2.24,2.235,2.24,2768.08
2019-11-24 23:32:00,1574638320.0,2.2405,2.2515,2.2405,2.2512,7402.09
2019-11-24 23:33:00,1574638380.0,2.248,2.25,2.2373,2.2445,24167.91
2019-11-24 23:34:00,1574638440.0,2.2413,2.2459,2.24,2.244,1322.0
2019-11-24 23:35:00,1574638500.0,2.243,2.2524,2.2412,2.2524,2917.68
2019-11-24 23:36:00,1574638560.0,2.2522,2.2557,2.2522,2.2546,1486.86
2019-11-24 23:37:00,1574638620.0,2.2545,2.2545,2.2524,2.2525,675.8
2019-11-24 23:38:00,1574638680.0,2.2544,2.256,2.2524,2.2524,5382.04
2019-11-24 23:39:00,1574638740.0,2.2524,2.2541,2.2362,2.2404,2710.84
2019-11-24 23:40:00,1574638800.0,2.2415,2.2425,2.2396,2.2396,698.05
2019-11-24 23:41:00,1574638860.0,2.2422,2.2424,2.2404,2.2424,2675.35
2019-11-24 23:42:00,1574638920.0,2.2446,2.2446,2.2424,2.2424,608.9
2019-11-24 23:43:00,1574638980.0,2.24,2.2414,2.24,2.2414,1021.18
2019-11-24 23:44:00,1574639040.0,2.2408,2.2411,2.237,2.2407,480.99
2019-11-24 23:45:00,1574639100.0,2.2399,2.2399,2.2352,2.2365,600.96
2019-11-24 23:46:00,1574639160.0,2.2393,2.2396,2.2381,2.2392,106.18
2019-11-24 23:47:00,1574639220.0,2.2366,2.24,2.2352,2.2352,13109.11
2019-11-24 23:48:00,1574639280.0,2.2353,2.2367,2.2286,2.2292,6641.21
2019-11-24 23:49:00,1574639340.0,2.2282,2.2548,2.2281,2.2481,38869.65
2019-11-24 23:50:00,1574639400.0,2.2412,2.2466,2.2353,2.2392,6407.21
2019-11-24 23:51:00,1574639460.0,2.2426,2.2426,2.225,2.225,10192.39
2019-11-24 23:52:00,1574639520.0,2.2254,2.2254,2.2179,2.2179,22078.9
2019-11-24 23:53:00,1574639580.0,2.2196,2.2211,2.211,2.211,12109.15
2019-11-24 23:54:00,1574639640.0,2.2129,2.2166,2.2129,2.2166,1646.59
2019-11-24 23:55:00,1574639700.0,2.2123,2.2137,2.2,2.2023,28410.16
2019-11-24 23:56:00,1574639760.0,2.2085,2.2121,2.2027,2.2059,13948.13
2019-11-24 23:57:00,1574639820.0,2.2083,2.2264,2.2064,2.2255,18751.58
2019-11-24 23:58:00,1574639880.0,2.2187,2.2269,2.2142,2.2223,4212.17
2019-11-24 23:59:00,1574639940.0,2.222,2.225,2.2183,2.2216,1455.43
