Universal Time,Unix Time,Open,High,Low,Close,Volume
2021-02-02 00:00:00,1612224000.0,4.6148,4.621,4.6116,4.6171,5020.74
2021-02-02 00:01:00,1612224060.0,4.6171,4.6265,4.6171,4.6172,8422.74
2021-02-02 00:02:00,1612224120.0,4.6173,4.6254,4.6173,4.6182,9048.82
2021-02-02 00:03:00,1612224180.0,4.6172,4.6178,4.6116,4.6171,651.4
2021-02-02 00:04:00,1612224240.0,4.6171,4.6208,4.6115,4.6115,810.9
2021-02-02 00:05:00,1612224300.0,4.612,4.6224,4.612,4.6192,238.88
2021-02-02 00:06:00,1612224360.0,4.6208,4.6258,4.6201,4.6201,880.74
2021-02-02 00:07:00,1612224420.0,4.6236,4.6258,4.6199,4.6204,1191.21
2021-02-02 00:08:00,1612224480.0,4.6204,4.6204,4.613,4.6196,1229.25
2021-02-02 00:09:00,1612224540.0,4.6198,4.62,4.612,4.612,901.38
2021-02-02 00:10:00,1612224600.0,4.6154,4.6182,4.6079,4.6079,1941.51
2021-02-02 00:11:00,1612224660.0,4.6079,4.6084,4.5865,4.5877,2895.08
2021-02-02 00:12:00,1612224720.0,4.5857,4.5882,4.5819,4.5819,2795.25
2021-02-02 00:13:00,1612224780.0,4.5821,4.5842,4.5799,4.5834,2117.55
2021-02-02 00:14:00,1612224840.0,4.5835,4.5835,4.5758,4.579,2342.84
2021-02-02 00:15:00,1612224900.0,4.5783,4.593,4.5783,4.585,1878.92
2021-02-02 00:16:00,1612224960.0,4.5883,4.5903,4.5431,4.5467,18081.96
2021-02-02 00:17:00,1612225020.0,4.5463,4.5491,4.5292,4.5397,6500.39
2021-02-02 00:18:00,1612225080.0,4.5397,4.5403,4.5205,4.5273,7758.28
2021-02-02 00:19:00,1612225140.0,4.5271,4.5435,4.5189,4.5403,9148.31
2021-02-02 00:20:00,1612225200.0,4.5399,4.5406,4.5321,4.5373,683.63
2021-02-02 00:21:00,1612225260.0,4.5372,4.5372,4.5287,4.5309,779.73
2021-02-02 00:22:00,1612225320.0,4.5309,4.5309,4.5211,4.5236,2982.46
2021-02-02 00:23:00,1612225380.0,4.5215,4.5268,4.515,4.5197,2026.24
2021-02-02 00:24:00,1612225440.0,4.5174,4.5205,4.5155,4.5188,846.64
2021-02-02 00:25:00,1612225500.0,4.5188,4.5248,4.5061,4.5108,5449.58
2021-02-02 00:26:00,1612225560.0,4.5107,4.5193,4.5094,4.5157,2475.63
2021-02-02 00:27:00,1612225620.0,4.5157,4.5192,4.5124,4.5154,624.15
2021-02-02 00:28:00,1612225680.0,4.5154,4.5193,4.5127,4.5154,7671.36
2021-02-02 00:29:00,1612225740.0,4.5154,4.5167,4.5098,4.5141,4734.69
2021-02-02 00:30:00,1612225800.0,4.5141,4.5347,4.5098,4.5347,3852.66
2021-02-02 00:31:00,1612225860.0,4.5347,4.5348,4.5302,4.5347,846.69
2021-02-02 00:32:00,1612225920.0,4.5318,4.5348,4.53,4.5348,401.89
2021-02-02 00:33:00,1612225980.0,4.5348,4.5348,4.5272,4.5274,731.72
2021-02-02 00:34:00,1612226040.0,4.5311,4.5348,4.5311,4.5342,941.97
2021-02-02 00:35:00,1612226100.0,4.5342,4.5348,4.53,4.5335,1159.79
2021-02-02 00:36:00,1612226160.0,4.5334,4.5334,4.53,4.5321,525.38
2021-02-02 00:37:00,1612226220.0,4.5333,4.5333,4.5147,4.5147,5914.6
2021-02-02 00:38:00,1612226280.0,4.5168,4.5193,4.5141,4.5155,383.78
2021-02-02 00:39:00,1612226340.0,4.5183,4.5209,4.5164,4.5164,191.34
2021-02-02 00:40:00,1612226400.0,4.5174,4.53,4.5158,4.5158,5930.34
2021-02-02 00:41:00,1612226460.0,4.5159,4.5172,4.515,4.5172,914.54
2021-02-02 00:42:00,1612226520.0,4.5144,4.52,4.5123,4.52,400.51
2021-02-02 00:43:00,1612226580.0,4.5151,4.5191,4.5125,4.5176,1953.5
2021-02-02 00:44:00,1612226640.0,4.5175,4.5256,4.5168,4.525,179.73
2021-02-02 00:45:00,1612226700.0,4.5245,4.5354,4.5245,4.5353,1512.23
2021-02-02 00:46:00,1612226760.0,4.5326,4.5495,4.5326,4.5495,532.21
2021-02-02 00:47:00,1612226820.0,4.5458,4.5481,4.5456,4.5481,180.65
2021-02-02 00:48:00,1612226880.0,4.5475,4.5495,4.5443,4.5495,203.89
2021-02-02 00:49:00,1612226940.0,4.549,4.5495,4.5458,4.5458,187.93
2021-02-02 00:50:00,1612227000.0,4.5463,4.5538,4.5463,4.5534,1161.93
2021-02-02 00:51:00,1612227060.0,4.5528,4.5529,4.5448,4.5451,353.08
2021-02-02 00:52:00,1612227120.0,4.5465,4.5493,4.5419,4.5473,226.73
2021-02-02 00:53:00,1612227180.0,4.5473,4.5563,4.5473,4.5496,1116.33
2021-02-02 00:54:00,1612227240.0,4.5496,4.5519,4.5446,4.5446,393.08
2021-02-02 00:55:00,1612227300.0,4.5467,4.5489,4.5447,4.5489,34.01
2021-02-02 00:56:00,1612227360.0,4.5507,4.5512,4.542,4.5422,1390.44
2021-02-02 00:57:00,1612227420.0,4.5417,4.5417,4.5273,4.5273,753.9
2021-02-02 00:58:00,1612227480.0,4.532,4.5321,4.4767,4.481,14796.24
2021-02-02 00:59:00,1612227540.0,4.4881,4.5084,4.4794,4.4908,3079.27
2021-02-02 01:00:00,1612227600.0,4.4908,4.5016,4.4783,4.4815,2991.25
2021-02-02 01:01:00,1612227660.0,4.4816,4.4901,4.478,4.486,1748.61
2021-02-02 01:02:00,1612227720.0,4.4806,4.5,4.4806,4.4966,2861.03
2021-02-02 01:03:00,1612227780.0,4.4952,4.4952,4.4868,4.4868,920.14
2021-02-02 01:04:00,1612227840.0,4.4911,4.4911,4.4715,4.483,1527.16
2021-02-02 01:05:00,1612227900.0,4.4873,4.4926,4.4847,4.4897,320.66
2021-02-02 01:06:00,1612227960.0,4.487,4.4888,4.4651,4.4887,5292.5
2021-02-02 01:07:00,1612228020.0,4.4878,4.492,4.4834,4.4834,1243.44
2021-02-02 01:08:00,1612228080.0,4.4894,4.492,4.4773,4.4902,81.09
2021-02-02 01:09:00,1612228140.0,4.4892,4.4987,4.4892,4.4976,970.8
2021-02-02 01:10:00,1612228200.0,4.4977,4.4977,4.4854,4.4931,165.8
2021-02-02 01:11:00,1612228260.0,4.4908,4.4908,4.4841,4.4843,222.87
2021-02-02 01:12:00,1612228320.0,4.4843,4.4924,4.4813,4.4874,730.3
2021-02-02 01:13:00,1612228380.0,4.4871,4.4871,4.4742,4.4777,1391.61
2021-02-02 01:14:00,1612228440.0,4.4777,4.4797,4.4739,4.475,254.01
2021-02-02 01:15:00,1612228500.0,4.4818,4.482,4.4739,4.4739,192.35
2021-02-02 01:16:00,1612228560.0,4.4736,4.4867,4.465,4.4682,3806.79
2021-02-02 01:17:00,1612228620.0,4.474,4.4741,4.4726,4.4726,113.11
2021-02-02 01:18:00,1612228680.0,4.4796,4.4853,4.4721,4.4731,426.36
2021-02-02 01:19:00,1612228740.0,4.4724,4.481,4.4723,4.4766,281.09
2021-02-02 01:20:00,1612228800.0,4.4756,4.4845,4.4743,4.4845,945.62
2021-02-02 01:21:00,1612228860.0,4.4847,4.487,4.4809,4.487,505.98
2021-02-02 01:22:00,1612228920.0,4.4859,4.4865,4.4807,4.4808,190.72
2021-02-02 01:23:00,1612228980.0,4.4848,4.4935,4.4848,4.4931,644.51
2021-02-02 01:24:00,1612229040.0,4.4937,4.508,4.4937,4.5,6113.22
2021-02-02 01:25:00,1612229100.0,4.5,4.5,4.5,4.5,0.0
2021-02-02 01:26:00,1612229160.0,4.5004,4.5004,4.5,4.5,75.72
2021-02-02 01:27:00,1612229220.0,4.5,4.5003,4.5,4.5001,243.55
2021-02-02 01:28:00,1612229280.0,4.5076,4.5109,4.5042,4.5044,445.54
2021-02-02 01:29:00,1612229340.0,4.5065,4.5065,4.5008,4.5008,158.16
2021-02-02 01:30:00,1612229400.0,4.5061,4.5107,4.5055,4.5055,178.12
2021-02-02 01:31:00,1612229460.0,4.5093,4.5105,4.5035,4.5105,153.24
2021-02-02 01:32:00,1612229520.0,4.5105,4.5253,4.5084,4.5086,10735.5
2021-02-02 01:33:00,1612229580.0,4.5085,4.5167,4.5044,4.5071,728.58
2021-02-02 01:34:00,1612229640.0,4.5072,4.5236,4.5072,4.5198,1440.73
2021-02-02 01:35:00,1612229700.0,4.5241,4.5241,4.5116,4.5227,207.03
2021-02-02 01:36:00,1612229760.0,4.5254,4.5266,4.5203,4.5266,204.8
2021-02-02 01:37:00,1612229820.0,4.5273,4.5289,4.5193,4.5193,523.97
2021-02-02 01:38:00,1612229880.0,4.5237,4.527,4.5,4.5,2452.79
2021-02-02 01:39:00,1612229940.0,4.4961,4.5021,4.4861,4.4959,1469.7
2021-02-02 01:40:00,1612230000.0,4.4957,4.5044,4.4947,4.499,222.18
2021-02-02 01:41:00,1612230060.0,4.4967,4.4967,4.4809,4.4891,2625.17
2021-02-02 01:42:00,1612230120.0,4.4953,4.4953,4.4777,4.4789,1837.31
2021-02-02 01:43:00,1612230180.0,4.4789,4.4831,4.4763,4.4763,623.98
2021-02-02 01:44:00,1612230240.0,4.4842,4.4915,4.4792,4.4915,589.3
2021-02-02 01:45:00,1612230300.0,4.4849,4.4894,4.4787,4.4787,861.87
2021-02-02 01:46:00,1612230360.0,4.4787,4.4802,4.4757,4.48,110.61
2021-02-02 01:47:00,1612230420.0,4.4799,4.4836,4.475,4.4836,221.43
2021-02-02 01:48:00,1612230480.0,4.4807,4.4828,4.4807,4.4818,122.95
2021-02-02 01:49:00,1612230540.0,4.4765,4.4827,4.4765,4.4827,28.85
2021-02-02 01:50:00,1612230600.0,4.4823,4.4834,4.4823,4.4834,41.3
2021-02-02 01:51:00,1612230660.0,4.4802,4.4836,4.4802,4.4836,37.47
2021-02-02 01:52:00,1612230720.0,4.4836,4.4836,4.4787,4.4787,590.41
2021-02-02 01:53:00,1612230780.0,4.4835,4.4835,4.4835,4.4835,4.4
2021-02-02 01:54:00,1612230840.0,4.4834,4.4852,4.474,4.4801,766.28
2021-02-02 01:55:00,1612230900.0,4.4778,4.4887,4.4777,4.4887,933.8
2021-02-02 01:56:00,1612230960.0,4.4843,4.4947,4.4843,4.4947,9.0
2021-02-02 01:57:00,1612231020.0,4.495,4.5042,4.4936,4.5042,198.21
2021-02-02 01:58:00,1612231080.0,4.5058,4.506,4.5057,4.5057,123.45
2021-02-02 01:59:00,1612231140.0,4.503,4.5044,4.503,4.5044,56.31
2021-02-02 02:00:00,1612231200.0,4.5055,4.5105,4.5015,4.5097,969.58
2021-02-02 02:01:00,1612231260.0,4.5097,4.5105,4.5082,4.5083,181.25
2021-02-02 02:02:00,1612231320.0,4.5083,4.5117,4.501,4.501,1825.06
2021-02-02 02:03:00,1612231380.0,4.49,4.4903,4.4897,4.4897,165.63
2021-02-02 02:04:00,1612231440.0,4.4835,4.4878,4.4632,4.4736,2698.93
2021-02-02 02:05:00,1612231500.0,4.4807,4.4812,4.4745,4.4745,439.21
2021-02-02 02:06:00,1612231560.0,4.4812,4.4965,4.4812,4.4965,41.07
2021-02-02 02:07:00,1612231620.0,4.4941,4.495,4.4896,4.495,285.51
2021-02-02 02:08:00,1612231680.0,4.5011,4.5072,4.5011,4.5072,76.67
2021-02-02 02:09:00,1612231740.0,4.5014,4.5014,4.4843,4.4894,318.76
2021-02-02 02:10:00,1612231800.0,4.4893,4.4956,4.4882,4.4882,1441.52
2021-02-02 02:11:00,1612231860.0,4.4949,4.495,4.4949,4.495,20.0
2021-02-02 02:12:00,1612231920.0,4.495,4.4967,4.495,4.4967,13.42
2021-02-02 02:13:00,1612231980.0,4.4967,4.5022,4.4967,4.5022,333.26
2021-02-02 02:14:00,1612232040.0,4.4999,4.5029,4.4926,4.4998,419.13
2021-02-02 02:15:00,1612232100.0,4.4995,4.5054,4.4987,4.5054,595.77
2021-02-02 02:16:00,1612232160.0,4.5052,4.5052,4.4982,4.4984,469.65
2021-02-02 02:17:00,1612232220.0,4.5005,4.5005,4.5005,4.5005,589.84
2021-02-02 02:18:00,1612232280.0,4.5068,4.5128,4.5033,4.5116,2579.57
2021-02-02 02:19:00,1612232340.0,4.5116,4.5122,4.5064,4.5122,407.39
2021-02-02 02:20:00,1612232400.0,4.5107,4.5107,4.51,4.51,362.57
2021-02-02 02:21:00,1612232460.0,4.5062,4.5108,4.5055,4.5065,115.07
2021-02-02 02:22:00,1612232520.0,4.508,4.5104,4.508,4.508,623.8
2021-02-02 02:23:00,1612232580.0,4.5113,4.5128,4.5085,4.5123,279.24
2021-02-02 02:24:00,1612232640.0,4.5119,4.5119,4.5088,4.5088,225.94
2021-02-02 02:25:00,1612232700.0,4.5102,4.5119,4.5092,4.5092,356.72
2021-02-02 02:26:00,1612232760.0,4.5092,4.5779,4.5092,4.5689,27850.01
2021-02-02 02:27:00,1612232820.0,4.5736,4.6157,4.5736,4.6085,8788.64
2021-02-02 02:28:00,1612232880.0,4.6098,4.6652,4.6029,4.6525,31030.62
2021-02-02 02:29:00,1612232940.0,4.655,4.6666,4.6279,4.6448,9170.46
2021-02-02 02:30:00,1612233000.0,4.6454,4.6636,4.6454,4.6544,7662.32
2021-02-02 02:31:00,1612233060.0,4.6592,4.6802,4.6503,4.68,11643.39
2021-02-02 02:32:00,1612233120.0,4.68,4.7192,4.6764,4.6863,43002.99
2021-02-02 02:33:00,1612233180.0,4.6854,4.7565,4.6782,4.7529,38996.59
2021-02-02 02:34:00,1612233240.0,4.7541,4.7587,4.7397,4.7551,17320.69
2021-02-02 02:35:00,1612233300.0,4.7551,4.79,4.7548,4.7745,35160.31
2021-02-02 02:36:00,1612233360.0,4.7732,4.8,4.7645,4.7892,44097.94
2021-02-02 02:37:00,1612233420.0,4.7855,4.7933,4.7828,4.7885,11237.25
2021-02-02 02:38:00,1612233480.0,4.7849,4.789,4.7709,4.7733,17448.15
2021-02-02 02:39:00,1612233540.0,4.7757,4.7758,4.77,4.7708,476.52
2021-02-02 02:40:00,1612233600.0,4.7708,4.7825,4.77,4.7744,2159.38
2021-02-02 02:41:00,1612233660.0,4.7705,4.779,4.77,4.7739,2083.41
2021-02-02 02:42:00,1612233720.0,4.7739,4.7788,4.7064,4.7654,40040.04
2021-02-02 02:43:00,1612233780.0,4.7652,4.7897,4.7551,4.7794,21785.29
2021-02-02 02:44:00,1612233840.0,4.7836,4.7997,4.7635,4.7953,27081.68
2021-02-02 02:45:00,1612233900.0,4.7954,4.81,4.7873,4.7954,10625.62
2021-02-02 02:46:00,1612233960.0,4.7905,4.7984,4.7698,4.7859,8273.27
2021-02-02 02:47:00,1612234020.0,4.781,4.799,4.781,4.7932,4562.13
2021-02-02 02:48:00,1612234080.0,4.7921,4.8178,4.7921,4.8119,10138.87
2021-02-02 02:49:00,1612234140.0,4.8124,4.8286,4.808,4.808,12993.38
2021-02-02 02:50:00,1612234200.0,4.8126,4.8126,4.79,4.7967,3857.29
2021-02-02 02:51:00,1612234260.0,4.7941,4.8451,4.7885,4.8354,18778.1
2021-02-02 02:52:00,1612234320.0,4.8364,4.847,4.8338,4.8376,3473.08
2021-02-02 02:53:00,1612234380.0,4.8375,4.8444,4.8318,4.8389,3218.52
2021-02-02 02:54:00,1612234440.0,4.8389,4.8429,4.8166,4.822,11140.48
2021-02-02 02:55:00,1612234500.0,4.8263,4.8558,4.8263,4.8452,20765.72
2021-02-02 02:56:00,1612234560.0,4.8465,4.8465,4.8295,4.8366,1890.81
2021-02-02 02:57:00,1612234620.0,4.8381,4.8558,4.8303,4.8484,8363.85
2021-02-02 02:58:00,1612234680.0,4.8482,4.8618,4.8431,4.8589,9931.64
2021-02-02 02:59:00,1612234740.0,4.8596,4.88,4.8418,4.8674,16185.57
2021-02-02 03:00:00,1612234800.0,4.8683,4.8728,4.8594,4.86,1525.52
2021-02-02 03:01:00,1612234860.0,4.86,4.8703,4.854,4.8627,10400.76
2021-02-02 03:02:00,1612234920.0,4.8602,4.8712,4.8548,4.8691,5233.32
2021-02-02 03:03:00,1612234980.0,4.8682,4.8682,4.8348,4.8392,9202.27
2021-02-02 03:04:00,1612235040.0,4.8382,4.8578,4.8302,4.8403,5644.57
2021-02-02 03:05:00,1612235100.0,4.8406,4.8415,4.8244,4.8352,14679.33
2021-02-02 03:06:00,1612235160.0,4.8353,4.8393,4.8301,4.838,6531.94
2021-02-02 03:07:00,1612235220.0,4.838,4.85,4.8332,4.8466,11061.63
2021-02-02 03:08:00,1612235280.0,4.8466,4.89,4.8451,4.8801,29110.73
2021-02-02 03:09:00,1612235340.0,4.8826,4.8942,4.8713,4.89,17930.64
2021-02-02 03:10:00,1612235400.0,4.8901,4.9027,4.878,4.9027,20837.12
2021-02-02 03:11:00,1612235460.0,4.8994,4.911,4.89,4.9031,20898.45
2021-02-02 03:12:00,1612235520.0,4.9031,4.92,4.8986,4.8999,16957.67
2021-02-02 03:13:00,1612235580.0,4.8999,4.9108,4.89,4.9046,14733.73
2021-02-02 03:14:00,1612235640.0,4.9014,4.905,4.8878,4.902,4627.06
2021-02-02 03:15:00,1612235700.0,4.902,4.9185,4.9001,4.9053,8537.7
2021-02-02 03:16:00,1612235760.0,4.9062,4.9096,4.9019,4.9048,2287.46
2021-02-02 03:17:00,1612235820.0,4.906,4.911,4.9009,4.9052,5597.82
2021-02-02 03:18:00,1612235880.0,4.9045,4.9077,4.8978,4.9027,4445.04
2021-02-02 03:19:00,1612235940.0,4.9027,4.9098,4.8976,4.9033,3671.37
2021-02-02 03:20:00,1612236000.0,4.9029,4.9108,4.901,4.9054,2256.73
2021-02-02 03:21:00,1612236060.0,4.9054,4.9104,4.898,4.9088,1551.23
2021-02-02 03:22:00,1612236120.0,4.9052,4.9056,4.89,4.902,10465.85
2021-02-02 03:23:00,1612236180.0,4.8971,4.904,4.8933,4.8994,10785.55
2021-02-02 03:24:00,1612236240.0,4.8994,4.9033,4.8869,4.8935,14053.27
2021-02-02 03:25:00,1612236300.0,4.8935,4.9113,4.8884,4.9001,14201.48
2021-02-02 03:26:00,1612236360.0,4.9001,4.9103,4.8809,4.8889,19900.51
2021-02-02 03:27:00,1612236420.0,4.8903,4.9102,4.8833,4.8912,16242.66
2021-02-02 03:28:00,1612236480.0,4.8912,4.8913,4.88,4.88,3005.65
2021-02-02 03:29:00,1612236540.0,4.88,4.8906,4.8717,4.8856,2477.0
2021-02-02 03:30:00,1612236600.0,4.8856,4.8899,4.86,4.8666,5744.57
2021-02-02 03:31:00,1612236660.0,4.8679,4.8679,4.8387,4.8414,3818.16
2021-02-02 03:32:00,1612236720.0,4.8444,4.8563,4.8414,4.8436,3985.52
2021-02-02 03:33:00,1612236780.0,4.8474,4.8999,4.8437,4.8527,11497.98
2021-02-02 03:34:00,1612236840.0,4.8477,4.8493,4.8317,4.8492,1892.44
2021-02-02 03:35:00,1612236900.0,4.8433,4.8628,4.84,4.845,999.03
2021-02-02 03:36:00,1612236960.0,4.849,4.86,4.8422,4.8531,2584.22
2021-02-02 03:37:00,1612237020.0,4.8564,4.8604,4.8387,4.8387,2891.16
2021-02-02 03:38:00,1612237080.0,4.8387,4.8478,4.8387,4.8434,1089.17
2021-02-02 03:39:00,1612237140.0,4.8394,4.8448,4.8322,4.8395,1585.93
2021-02-02 03:40:00,1612237200.0,4.8383,4.8412,4.8347,4.841,690.89
2021-02-02 03:41:00,1612237260.0,4.839,4.839,4.839,4.839,17.0
2021-02-02 03:42:00,1612237320.0,4.8386,4.8386,4.8145,4.8239,2189.34
2021-02-02 03:43:00,1612237380.0,4.8213,4.8269,4.8123,4.8218,2988.68
2021-02-02 03:44:00,1612237440.0,4.8217,4.8521,4.8074,4.8249,5360.63
2021-02-02 03:45:00,1612237500.0,4.8249,4.8285,4.808,4.8095,3562.49
2021-02-02 03:46:00,1612237560.0,4.8127,4.8152,4.7941,4.8066,4626.62
2021-02-02 03:47:00,1612237620.0,4.8072,4.8202,4.7897,4.7959,9448.74
2021-02-02 03:48:00,1612237680.0,4.7963,4.8161,4.785,4.8161,2999.74
2021-02-02 03:49:00,1612237740.0,4.8098,4.8116,4.7927,4.7954,1000.96
2021-02-02 03:50:00,1612237800.0,4.798,4.8065,4.7973,4.7999,612.62
2021-02-02 03:51:00,1612237860.0,4.8009,4.8043,4.7907,4.7907,361.31
2021-02-02 03:52:00,1612237920.0,4.7997,4.8041,4.7906,4.7906,1738.31
2021-02-02 03:53:00,1612237980.0,4.7906,4.8016,4.7906,4.7974,528.88
2021-02-02 03:54:00,1612238040.0,4.7974,4.8161,4.7962,4.8076,2715.25
2021-02-02 03:55:00,1612238100.0,4.8043,4.8089,4.7951,4.8041,1033.94
2021-02-02 03:56:00,1612238160.0,4.8041,4.8094,4.8005,4.806,527.07
2021-02-02 03:57:00,1612238220.0,4.8031,4.807,4.8011,4.8057,407.13
2021-02-02 03:58:00,1612238280.0,4.8057,4.8093,4.7972,4.8067,441.2
2021-02-02 03:59:00,1612238340.0,4.8066,4.8074,4.8039,4.8068,178.94
2021-02-02 04:00:00,1612238400.0,4.8039,4.8079,4.798,4.8078,806.57
2021-02-02 04:01:00,1612238460.0,4.8068,4.8068,4.7869,4.7935,4547.67
2021-02-02 04:02:00,1612238520.0,4.7967,4.8066,4.7966,4.8055,1639.81
2021-02-02 04:03:00,1612238580.0,4.804,4.8079,4.7931,4.8026,1095.93
2021-02-02 04:04:00,1612238640.0,4.8026,4.8073,4.8014,4.8032,1514.61
2021-02-02 04:05:00,1612238700.0,4.8062,4.8094,4.7929,4.8055,13890.47
2021-02-02 04:06:00,1612238760.0,4.8028,4.8047,4.7935,4.7935,2772.41
2021-02-02 04:07:00,1612238820.0,4.7974,4.8007,4.7875,4.7944,1355.76
2021-02-02 04:08:00,1612238880.0,4.7956,4.8156,4.7956,4.8055,1569.11
2021-02-02 04:09:00,1612238940.0,4.8055,4.8055,4.7981,4.804,1814.9
2021-02-02 04:10:00,1612239000.0,4.804,4.8056,4.7973,4.7974,369.25
2021-02-02 04:11:00,1612239060.0,4.7963,4.8,4.7895,4.7983,625.51
2021-02-02 04:12:00,1612239120.0,4.7975,4.7983,4.7905,4.7941,273.36
2021-02-02 04:13:00,1612239180.0,4.7904,4.7917,4.7806,4.7904,2771.58
2021-02-02 04:14:00,1612239240.0,4.7871,4.7901,4.7792,4.7812,1115.74
2021-02-02 04:15:00,1612239300.0,4.7812,4.7914,4.7716,4.7883,1994.69
2021-02-02 04:16:00,1612239360.0,4.7854,4.7872,4.7688,4.7754,3373.3
2021-02-02 04:17:00,1612239420.0,4.7747,4.7747,4.7489,4.7561,15269.17
2021-02-02 04:18:00,1612239480.0,4.7535,4.7561,4.7455,4.7486,2914.21
2021-02-02 04:19:00,1612239540.0,4.7486,4.7532,4.7459,4.7506,1697.28
2021-02-02 04:20:00,1612239600.0,4.7463,4.7825,4.7437,4.7791,7153.89
2021-02-02 04:21:00,1612239660.0,4.7767,4.7859,4.7693,4.7705,3466.01
2021-02-02 04:22:00,1612239720.0,4.7763,4.7893,4.7716,4.7887,1865.69
2021-02-02 04:23:00,1612239780.0,4.7853,4.7914,4.7808,4.79,1126.18
2021-02-02 04:24:00,1612239840.0,4.789,4.794,4.7819,4.794,2159.12
2021-02-02 04:25:00,1612239900.0,4.7906,4.8041,4.7906,4.8025,5343.12
2021-02-02 04:26:00,1612239960.0,4.8052,4.818,4.8046,4.818,1163.86
2021-02-02 04:27:00,1612240020.0,4.8101,4.8225,4.8095,4.8203,2935.32
2021-02-02 04:28:00,1612240080.0,4.8203,4.8245,4.816,4.816,845.71
2021-02-02 04:29:00,1612240140.0,4.816,4.8246,4.816,4.8195,455.44
2021-02-02 04:30:00,1612240200.0,4.8227,4.8246,4.8172,4.8172,227.4
2021-02-02 04:31:00,1612240260.0,4.8135,4.82,4.8085,4.8146,866.11
2021-02-02 04:32:00,1612240320.0,4.8165,4.8273,4.8146,4.8233,2403.59
2021-02-02 04:33:00,1612240380.0,4.8264,4.8275,4.8233,4.827,630.23
2021-02-02 04:34:00,1612240440.0,4.827,4.8289,4.8247,4.8289,224.38
2021-02-02 04:35:00,1612240500.0,4.8289,4.8289,4.8129,4.8169,446.51
2021-02-02 04:36:00,1612240560.0,4.816,4.8201,4.8138,4.8199,234.15
2021-02-02 04:37:00,1612240620.0,4.82,4.83,4.82,4.826,1315.79
2021-02-02 04:38:00,1612240680.0,4.826,4.826,4.786,4.7992,23796.66
2021-02-02 04:39:00,1612240740.0,4.8063,4.8092,4.7912,4.7912,1479.3
2021-02-02 04:40:00,1612240800.0,4.7962,4.7989,4.7891,4.7976,336.84
2021-02-02 04:41:00,1612240860.0,4.7971,4.8021,4.7879,4.8021,330.46
2021-02-02 04:42:00,1612240920.0,4.7987,4.8026,4.7932,4.794,231.23
2021-02-02 04:43:00,1612240980.0,4.7917,4.7917,4.7917,4.7917,14.59
2021-02-02 04:44:00,1612241040.0,4.7905,4.8018,4.7905,4.7999,2375.75
2021-02-02 04:45:00,1612241100.0,4.7964,4.799,4.7961,4.7988,179.14
2021-02-02 04:46:00,1612241160.0,4.7961,4.8028,4.7925,4.8028,2274.17
2021-02-02 04:47:00,1612241220.0,4.7989,4.7989,4.7891,4.794,1222.1
2021-02-02 04:48:00,1612241280.0,4.7928,4.7939,4.782,4.7905,1456.47
2021-02-02 04:49:00,1612241340.0,4.7906,4.8045,4.7906,4.8045,2117.94
2021-02-02 04:50:00,1612241400.0,4.8048,4.8158,4.7916,4.8075,1715.3
2021-02-02 04:51:00,1612241460.0,4.8047,4.8176,4.8019,4.8096,1094.47
2021-02-02 04:52:00,1612241520.0,4.8146,4.8207,4.8135,4.8175,365.03
2021-02-02 04:53:00,1612241580.0,4.8207,4.8207,4.8152,4.8153,489.71
2021-02-02 04:54:00,1612241640.0,4.8165,4.8178,4.814,4.8143,1575.38
2021-02-02 04:55:00,1612241700.0,4.817,4.8219,4.8153,4.8215,269.87
2021-02-02 04:56:00,1612241760.0,4.816,4.8215,4.8149,4.8215,606.47
2021-02-02 04:57:00,1612241820.0,4.8193,4.8219,4.8162,4.8162,1963.94
2021-02-02 04:58:00,1612241880.0,4.8209,4.8248,4.8145,4.8155,914.22
2021-02-02 04:59:00,1612241940.0,4.8155,4.823,4.8151,4.8177,232.17
2021-02-02 05:00:00,1612242000.0,4.8207,4.8256,4.8207,4.8208,1323.7
2021-02-02 05:01:00,1612242060.0,4.8174,4.8398,4.8174,4.832,5342.13
2021-02-02 05:02:00,1612242120.0,4.8318,4.8457,4.8294,4.8397,1413.13
2021-02-02 05:03:00,1612242180.0,4.8397,4.8461,4.8397,4.844,2145.69
2021-02-02 05:04:00,1612242240.0,4.844,4.8522,4.844,4.85,2900.64
2021-02-02 05:05:00,1612242300.0,4.85,4.8576,4.85,4.8524,7751.67
2021-02-02 05:06:00,1612242360.0,4.8524,4.8597,4.8522,4.8597,3390.69
2021-02-02 05:07:00,1612242420.0,4.8569,4.8714,4.8569,4.8669,7362.04
2021-02-02 05:08:00,1612242480.0,4.8669,4.8756,4.8669,4.8735,3816.46
2021-02-02 05:09:00,1612242540.0,4.8739,4.8865,4.8735,4.8836,5647.01
2021-02-02 05:10:00,1612242600.0,4.8815,4.8929,4.8815,4.8861,7739.02
2021-02-02 05:11:00,1612242660.0,4.8875,4.8893,4.8847,4.8855,1771.83
2021-02-02 05:12:00,1612242720.0,4.8855,4.8881,4.8676,4.8773,2259.96
2021-02-02 05:13:00,1612242780.0,4.8776,4.8837,4.8721,4.8837,1419.97
2021-02-02 05:14:00,1612242840.0,4.8843,4.906,4.882,4.8972,9282.24
2021-02-02 05:15:00,1612242900.0,4.8972,4.9003,4.8826,4.8864,1455.89
2021-02-02 05:16:00,1612242960.0,4.8864,4.8864,4.8813,4.8857,1499.04
2021-02-02 05:17:00,1612243020.0,4.8832,4.8832,4.8649,4.8729,1251.87
2021-02-02 05:18:00,1612243080.0,4.868,4.8777,4.8597,4.8597,530.83
2021-02-02 05:19:00,1612243140.0,4.8605,4.8609,4.8371,4.8482,8939.72
2021-02-02 05:20:00,1612243200.0,4.8482,4.8483,4.8443,4.8481,4763.33
2021-02-02 05:21:00,1612243260.0,4.8481,4.8506,4.8481,4.8489,222.7
2021-02-02 05:22:00,1612243320.0,4.8514,4.8514,4.8481,4.8486,475.99
2021-02-02 05:23:00,1612243380.0,4.8486,4.8509,4.83,4.8491,4573.11
2021-02-02 05:24:00,1612243440.0,4.8361,4.8436,4.8361,4.8369,209.88
2021-02-02 05:25:00,1612243500.0,4.8369,4.85,4.8321,4.844,4728.57
2021-02-02 05:26:00,1612243560.0,4.8442,4.8456,4.8388,4.8419,2720.93
2021-02-02 05:27:00,1612243620.0,4.8324,4.839,4.8324,4.8368,178.43
2021-02-02 05:28:00,1612243680.0,4.8423,4.8581,4.8423,4.8504,4608.7
2021-02-02 05:29:00,1612243740.0,4.8517,4.8637,4.8514,4.8531,655.84
2021-02-02 05:30:00,1612243800.0,4.8559,4.8706,4.8559,4.8599,6700.55
2021-02-02 05:31:00,1612243860.0,4.8584,4.8625,4.8487,4.8531,830.7
2021-02-02 05:32:00,1612243920.0,4.853,4.8759,4.8492,4.8665,3863.62
2021-02-02 05:33:00,1612243980.0,4.8711,4.8768,4.8656,4.8699,1136.45
2021-02-02 05:34:00,1612244040.0,4.8695,4.8717,4.849,4.849,1562.87
2021-02-02 05:35:00,1612244100.0,4.8545,4.86,4.8539,4.8582,894.5
2021-02-02 05:36:00,1612244160.0,4.8582,4.8674,4.8563,4.8645,5017.53
2021-02-02 05:37:00,1612244220.0,4.8669,4.872,4.8669,4.8694,739.74
2021-02-02 05:38:00,1612244280.0,4.8695,4.89,4.8694,4.883,24803.03
2021-02-02 05:39:00,1612244340.0,4.8827,4.8969,4.8804,4.8881,4688.92
2021-02-02 05:40:00,1612244400.0,4.8881,4.9,4.8825,4.8894,5324.05
2021-02-02 05:41:00,1612244460.0,4.8894,4.8924,4.884,4.887,3355.83
2021-02-02 05:42:00,1612244520.0,4.887,4.8873,4.8784,4.8797,384.4
2021-02-02 05:43:00,1612244580.0,4.8797,4.8875,4.8797,4.8841,681.24
2021-02-02 05:44:00,1612244640.0,4.8812,4.8901,4.88,4.8875,3369.0
2021-02-02 05:45:00,1612244700.0,4.8873,4.892,4.8814,4.8814,888.3
2021-02-02 05:46:00,1612244760.0,4.8886,4.9015,4.8873,4.8886,2388.75
2021-02-02 05:47:00,1612244820.0,4.8886,4.8918,4.8853,4.8853,855.7
2021-02-02 05:48:00,1612244880.0,4.8872,4.9,4.8852,4.8852,3026.29
2021-02-02 05:49:00,1612244940.0,4.8856,4.8889,4.8845,4.8846,586.33
2021-02-02 05:50:00,1612245000.0,4.8852,4.8868,4.8852,4.8868,212.6
2021-02-02 05:51:00,1612245060.0,4.8889,4.8942,4.8872,4.8899,247.78
2021-02-02 05:52:00,1612245120.0,4.8899,4.89,4.8865,4.8888,372.4
2021-02-02 05:53:00,1612245180.0,4.8886,4.8975,4.8886,4.8932,3040.29
2021-02-02 05:54:00,1612245240.0,4.8956,4.8957,4.8846,4.8907,609.52
2021-02-02 05:55:00,1612245300.0,4.889,4.8927,4.889,4.8898,97.57
2021-02-02 05:56:00,1612245360.0,4.889,4.89,4.8822,4.8863,1045.53
2021-02-02 05:57:00,1612245420.0,4.8861,4.8899,4.8825,4.8895,481.62
2021-02-02 05:58:00,1612245480.0,4.8899,4.9252,4.8899,4.9168,13537.25
2021-02-02 05:59:00,1612245540.0,4.9183,4.9385,4.9155,4.9351,9216.02
2021-02-02 06:00:00,1612245600.0,4.9352,4.9426,4.9234,4.9327,8139.02
2021-02-02 06:01:00,1612245660.0,4.9327,4.9374,4.9213,4.9281,2168.31
2021-02-02 06:02:00,1612245720.0,4.9285,4.9285,4.8969,4.9157,1723.58
2021-02-02 06:03:00,1612245780.0,4.9176,4.9176,4.9027,4.9063,1154.43
2021-02-02 06:04:00,1612245840.0,4.9092,4.9131,4.9063,4.9089,668.9
2021-02-02 06:05:00,1612245900.0,4.9108,4.9183,4.9062,4.9066,638.12
2021-02-02 06:06:00,1612245960.0,4.9066,4.9097,4.9045,4.9045,1056.84
2021-02-02 06:07:00,1612246020.0,4.9018,4.9026,4.8945,4.899,2039.06
2021-02-02 06:08:00,1612246080.0,4.8941,4.8942,4.879,4.8904,6345.29
2021-02-02 06:09:00,1612246140.0,4.8907,4.8998,4.8811,4.8998,1467.93
2021-02-02 06:10:00,1612246200.0,4.8963,4.8971,4.891,4.8924,245.91
2021-02-02 06:11:00,1612246260.0,4.8948,4.9095,4.8942,4.9049,509.28
2021-02-02 06:12:00,1612246320.0,4.905,4.9159,4.9012,4.9102,1369.68
2021-02-02 06:13:00,1612246380.0,4.9126,4.9126,4.9091,4.9095,178.67
2021-02-02 06:14:00,1612246440.0,4.91,4.9249,4.91,4.922,2128.32
2021-02-02 06:15:00,1612246500.0,4.9258,4.9399,4.9226,4.9347,768.88
2021-02-02 06:16:00,1612246560.0,4.9372,4.9623,4.9352,4.9602,10827.0
2021-02-02 06:17:00,1612246620.0,4.9561,4.9565,4.908,4.9086,5445.74
2021-02-02 06:18:00,1612246680.0,4.9122,4.9185,4.89,4.8941,3289.9
2021-02-02 06:19:00,1612246740.0,4.8944,4.8987,4.8868,4.8949,2271.6
2021-02-02 06:20:00,1612246800.0,4.8951,4.9055,4.8912,4.8995,2211.72
2021-02-02 06:21:00,1612246860.0,4.8993,4.9226,4.8942,4.9162,3902.33
2021-02-02 06:22:00,1612246920.0,4.9209,4.9456,4.9174,4.9425,2672.75
2021-02-02 06:23:00,1612246980.0,4.9455,4.9599,4.9433,4.9587,2949.13
2021-02-02 06:24:00,1612247040.0,4.9577,4.9642,4.9452,4.9601,5646.81
2021-02-02 06:25:00,1612247100.0,4.9601,4.976,4.9544,4.9685,12277.92
2021-02-02 06:26:00,1612247160.0,4.9661,4.9685,4.9151,4.9276,4676.07
2021-02-02 06:27:00,1612247220.0,4.9201,4.9261,4.9124,4.9124,2497.46
2021-02-02 06:28:00,1612247280.0,4.915,4.9673,4.9133,4.9417,1974.21
2021-02-02 06:29:00,1612247340.0,4.9485,4.987,4.9419,4.9774,13069.25
2021-02-02 06:30:00,1612247400.0,4.9829,4.987,4.9502,4.9832,13200.02
2021-02-02 06:31:00,1612247460.0,4.9812,4.9977,4.9702,4.9705,12883.06
2021-02-02 06:32:00,1612247520.0,4.977,4.9879,4.9698,4.9879,1764.87
2021-02-02 06:33:00,1612247580.0,4.9865,5.0096,4.9849,5.0096,33450.9
2021-02-02 06:34:00,1612247640.0,5.0099,5.03,4.9406,4.9495,21585.38
2021-02-02 06:35:00,1612247700.0,4.9493,4.9718,4.9438,4.9577,10298.79
2021-02-02 06:36:00,1612247760.0,4.9577,4.9577,4.9233,4.9411,3094.54
2021-02-02 06:37:00,1612247820.0,4.9393,4.9573,4.9316,4.9524,2047.51
2021-02-02 06:38:00,1612247880.0,4.9501,4.9546,4.9425,4.9517,317.32
2021-02-02 06:39:00,1612247940.0,4.9517,4.9555,4.936,4.9555,1209.81
2021-02-02 06:40:00,1612248000.0,4.9529,4.9529,4.9029,4.9129,1342.02
2021-02-02 06:41:00,1612248060.0,4.9114,4.9378,4.9061,4.9159,6311.91
2021-02-02 06:42:00,1612248120.0,4.9203,4.9311,4.9161,4.9289,1783.65
2021-02-02 06:43:00,1612248180.0,4.925,4.9375,4.9249,4.9355,333.39
2021-02-02 06:44:00,1612248240.0,4.9359,4.9373,4.9136,4.9157,8046.31
2021-02-02 06:45:00,1612248300.0,4.9225,4.924,4.9097,4.9099,1214.81
2021-02-02 06:46:00,1612248360.0,4.908,4.9133,4.9055,4.911,1206.12
2021-02-02 06:47:00,1612248420.0,4.9106,4.9106,4.8839,4.8968,6313.96
2021-02-02 06:48:00,1612248480.0,4.8946,4.9118,4.8868,4.9113,2569.13
2021-02-02 06:49:00,1612248540.0,4.9025,4.9063,4.8848,4.8929,12275.37
2021-02-02 06:50:00,1612248600.0,4.8929,4.904,4.8917,4.904,354.14
2021-02-02 06:51:00,1612248660.0,4.9032,4.9041,4.8952,4.8965,482.79
2021-02-02 06:52:00,1612248720.0,4.9,4.905,4.8964,4.905,382.94
2021-02-02 06:53:00,1612248780.0,4.9013,4.9032,4.8962,4.9032,2137.17
2021-02-02 06:54:00,1612248840.0,4.8957,4.8957,4.8905,4.8912,114.24
2021-02-02 06:55:00,1612248900.0,4.892,4.892,4.8913,4.8913,181.98
2021-02-02 06:56:00,1612248960.0,4.8982,4.9093,4.8914,4.908,2725.46
2021-02-02 06:57:00,1612249020.0,4.9121,4.9295,4.9037,4.9295,2642.14
2021-02-02 06:58:00,1612249080.0,4.9293,4.9414,4.8928,4.8996,5809.6
2021-02-02 06:59:00,1612249140.0,4.9005,4.9006,4.8839,4.8885,2660.98
2021-02-02 07:00:00,1612249200.0,4.8857,4.9074,4.8857,4.8982,1084.22
2021-02-02 07:01:00,1612249260.0,4.8982,4.905,4.8868,4.8904,2140.39
2021-02-02 07:02:00,1612249320.0,4.8961,4.8961,4.8847,4.8847,607.12
2021-02-02 07:03:00,1612249380.0,4.8904,4.8942,4.8833,4.8852,2125.53
2021-02-02 07:04:00,1612249440.0,4.8853,4.8911,4.8852,4.8911,172.8
2021-02-02 07:05:00,1612249500.0,4.8904,4.8952,4.8846,4.8909,1481.09
2021-02-02 07:06:00,1612249560.0,4.8909,4.8948,4.8876,4.8931,2877.25
2021-02-02 07:07:00,1612249620.0,4.8882,4.95,4.8882,4.9473,8105.03
2021-02-02 07:08:00,1612249680.0,4.9441,4.95,4.9378,4.9466,2060.65
2021-02-02 07:09:00,1612249740.0,4.9427,4.9665,4.941,4.9626,2995.63
2021-02-02 07:10:00,1612249800.0,4.9632,4.9666,4.9471,4.9509,1492.0
2021-02-02 07:11:00,1612249860.0,4.9553,4.9724,4.9484,4.9621,3492.45
2021-02-02 07:12:00,1612249920.0,4.9697,4.9697,4.9554,4.9554,1207.33
2021-02-02 07:13:00,1612249980.0,4.9545,4.9588,4.9511,4.9512,297.67
2021-02-02 07:14:00,1612250040.0,4.951,4.9587,4.951,4.9587,134.49
2021-02-02 07:15:00,1612250100.0,4.9536,4.9639,4.9515,4.9599,1206.2
2021-02-02 07:16:00,1612250160.0,4.9616,4.9635,4.9516,4.9593,1533.54
2021-02-02 07:17:00,1612250220.0,4.955,4.96,4.9508,4.9525,727.23
2021-02-02 07:18:00,1612250280.0,4.9555,4.9619,4.9471,4.9513,1480.24
2021-02-02 07:19:00,1612250340.0,4.9475,4.9552,4.9351,4.9351,2749.18
2021-02-02 07:20:00,1612250400.0,4.9378,4.9456,4.9378,4.9454,392.64
2021-02-02 07:21:00,1612250460.0,4.9455,4.9455,4.9345,4.9359,1475.89
2021-02-02 07:22:00,1612250520.0,4.9359,4.9392,4.9013,4.9042,11636.15
2021-02-02 07:23:00,1612250580.0,4.9043,4.9152,4.9011,4.9046,1882.69
2021-02-02 07:24:00,1612250640.0,4.9072,4.9072,4.8966,4.8984,2452.97
2021-02-02 07:25:00,1612250700.0,4.9043,4.9091,4.9043,4.9081,110.61
2021-02-02 07:26:00,1612250760.0,4.9082,4.9082,4.901,4.9042,373.29
2021-02-02 07:27:00,1612250820.0,4.9066,4.9148,4.9066,4.9137,3488.47
2021-02-02 07:28:00,1612250880.0,4.9137,4.9181,4.9013,4.908,1156.79
2021-02-02 07:29:00,1612250940.0,4.9019,4.9094,4.9019,4.9094,215.41
2021-02-02 07:30:00,1612251000.0,4.9092,4.9169,4.9008,4.9169,1856.88
2021-02-02 07:31:00,1612251060.0,4.91,4.9224,4.91,4.9224,464.54
2021-02-02 07:32:00,1612251120.0,4.9222,4.9268,4.9175,4.9268,607.37
2021-02-02 07:33:00,1612251180.0,4.9208,4.9208,4.9126,4.9198,1098.45
2021-02-02 07:34:00,1612251240.0,4.918,4.918,4.9129,4.9129,37.58
2021-02-02 07:35:00,1612251300.0,4.9179,4.9187,4.9179,4.9179,65.25
2021-02-02 07:36:00,1612251360.0,4.9176,4.9181,4.9076,4.9076,449.27
2021-02-02 07:37:00,1612251420.0,4.9085,4.9175,4.9076,4.912,6076.43
2021-02-02 07:38:00,1612251480.0,4.9162,4.9407,4.9033,4.9254,6514.5
2021-02-02 07:39:00,1612251540.0,4.9206,4.9206,4.913,4.9171,631.11
2021-02-02 07:40:00,1612251600.0,4.9143,4.9174,4.9119,4.9174,1388.74
2021-02-02 07:41:00,1612251660.0,4.9134,4.9207,4.9128,4.9147,695.13
2021-02-02 07:42:00,1612251720.0,4.9216,4.9218,4.9178,4.92,160.18
2021-02-02 07:43:00,1612251780.0,4.9154,4.9229,4.9154,4.9203,748.22
2021-02-02 07:44:00,1612251840.0,4.9211,4.9238,4.91,4.9205,4447.26
2021-02-02 07:45:00,1612251900.0,4.9204,4.9355,4.9204,4.9273,3516.89
2021-02-02 07:46:00,1612251960.0,4.9284,4.9292,4.923,4.9269,899.89
2021-02-02 07:47:00,1612252020.0,4.9217,4.9279,4.9144,4.9192,2751.7
2021-02-02 07:48:00,1612252080.0,4.9173,4.9225,4.9172,4.9221,795.85
2021-02-02 07:49:00,1612252140.0,4.9175,4.9221,4.9171,4.9221,918.41
2021-02-02 07:50:00,1612252200.0,4.922,4.9292,4.9219,4.9292,1707.25
2021-02-02 07:51:00,1612252260.0,4.9233,4.9233,4.9216,4.923,258.82
2021-02-02 07:52:00,1612252320.0,4.923,4.9294,4.923,4.9293,341.71
2021-02-02 07:53:00,1612252380.0,4.929,4.9299,4.9225,4.9272,510.79
2021-02-02 07:54:00,1612252440.0,4.923,4.9294,4.9225,4.9275,1322.24
2021-02-02 07:55:00,1612252500.0,4.9284,4.9472,4.9279,4.9437,4842.68
2021-02-02 07:56:00,1612252560.0,4.942,4.9487,4.942,4.9466,322.27
2021-02-02 07:57:00,1612252620.0,4.9395,4.9456,4.9355,4.9442,673.71
2021-02-02 07:58:00,1612252680.0,4.944,4.9499,4.9368,4.9499,1273.43
2021-02-02 07:59:00,1612252740.0,4.9465,4.96,4.9465,4.956,236.7
2021-02-02 08:00:00,1612252800.0,4.9562,4.9892,4.9562,4.9872,6078.51
2021-02-02 08:01:00,1612252860.0,4.9872,5.0,4.9814,4.9981,6660.59
2021-02-02 08:02:00,1612252920.0,5.0003,5.0134,4.9899,5.0048,8492.17
2021-02-02 08:03:00,1612252980.0,5.0123,5.02,5.0053,5.015,5447.66
2021-02-02 08:04:00,1612253040.0,5.0115,5.02,4.995,5.0182,6018.56
2021-02-02 08:05:00,1612253100.0,5.0095,5.0169,5.002,5.0048,9844.84
2021-02-02 08:06:00,1612253160.0,5.0025,5.02,4.9937,5.0155,3864.69
2021-02-02 08:07:00,1612253220.0,5.0156,5.0314,5.0155,5.021,5033.65
2021-02-02 08:08:00,1612253280.0,5.0218,5.0283,5.0092,5.0215,4678.34
2021-02-02 08:09:00,1612253340.0,5.0218,5.05,5.0166,5.0342,23251.71
2021-02-02 08:10:00,1612253400.0,5.0368,5.0527,5.0347,5.0526,12339.43
2021-02-02 08:11:00,1612253460.0,5.0527,5.0748,5.0527,5.0603,8560.62
2021-02-02 08:12:00,1612253520.0,5.0556,5.0838,5.0548,5.0836,6914.34
2021-02-02 08:13:00,1612253580.0,5.073,5.0894,5.073,5.0821,6976.83
2021-02-02 08:14:00,1612253640.0,5.0848,5.093,5.0764,5.0798,7606.24
2021-02-02 08:15:00,1612253700.0,5.0764,5.08,5.0374,5.0537,10631.61
2021-02-02 08:16:00,1612253760.0,5.0467,5.0611,5.0375,5.0378,16325.04
2021-02-02 08:17:00,1612253820.0,5.0397,5.0492,5.0386,5.0447,841.63
2021-02-02 08:18:00,1612253880.0,5.0388,5.0484,5.0388,5.0469,1054.25
2021-02-02 08:19:00,1612253940.0,5.0484,5.0557,5.0392,5.0458,7998.97
2021-02-02 08:20:00,1612254000.0,5.0408,5.0488,5.0316,5.0462,17123.51
2021-02-02 08:21:00,1612254060.0,5.0395,5.044,5.0341,5.0419,1615.9
2021-02-02 08:22:00,1612254120.0,5.0369,5.0461,5.0282,5.0298,10905.84
2021-02-02 08:23:00,1612254180.0,5.0292,5.0622,5.0292,5.0597,4748.7
2021-02-02 08:24:00,1612254240.0,5.0599,5.0622,5.0557,5.0622,2362.12
2021-02-02 08:25:00,1612254300.0,5.0618,5.0622,5.056,5.056,1149.88
2021-02-02 08:26:00,1612254360.0,5.0613,5.062,5.0376,5.0419,3950.4
2021-02-02 08:27:00,1612254420.0,5.0348,5.0505,5.0348,5.0493,6894.42
2021-02-02 08:28:00,1612254480.0,5.051,5.0622,5.051,5.056,5248.37
2021-02-02 08:29:00,1612254540.0,5.0622,5.0622,5.0541,5.0617,1265.46
2021-02-02 08:30:00,1612254600.0,5.06,5.0622,5.057,5.057,534.04
2021-02-02 08:31:00,1612254660.0,5.0601,5.0614,5.0511,5.0575,944.26
2021-02-02 08:32:00,1612254720.0,5.0575,5.06,5.053,5.053,1471.78
2021-02-02 08:33:00,1612254780.0,5.0522,5.0594,5.0507,5.0524,1277.36
2021-02-02 08:34:00,1612254840.0,5.0593,5.061,5.0478,5.061,2077.2
2021-02-02 08:35:00,1612254900.0,5.0589,5.0762,5.0557,5.0761,8225.37
2021-02-02 08:36:00,1612254960.0,5.0716,5.0853,5.0704,5.0853,2313.55
2021-02-02 08:37:00,1612255020.0,5.085,5.0974,5.0771,5.0809,8310.94
2021-02-02 08:38:00,1612255080.0,5.09,5.0988,5.0803,5.0813,2941.24
2021-02-02 08:39:00,1612255140.0,5.0835,5.0906,5.0803,5.0839,3457.49
2021-02-02 08:40:00,1612255200.0,5.0838,5.0838,5.0629,5.0695,8853.66
2021-02-02 08:41:00,1612255260.0,5.0665,5.14,5.0652,5.1219,25206.13
2021-02-02 08:42:00,1612255320.0,5.1223,5.2222,5.1215,5.2148,44675.98
2021-02-02 08:43:00,1612255380.0,5.2072,5.3204,5.2006,5.305,87835.57
2021-02-02 08:44:00,1612255440.0,5.3041,5.3585,5.272,5.2797,48073.21
2021-02-02 08:45:00,1612255500.0,5.2871,5.3281,5.2701,5.3185,45839.09
2021-02-02 08:46:00,1612255560.0,5.3173,5.3246,5.2762,5.2846,13694.05
2021-02-02 08:47:00,1612255620.0,5.2829,5.283,5.2517,5.2691,14996.21
2021-02-02 08:48:00,1612255680.0,5.2691,5.277,5.2541,5.2674,5050.86
2021-02-02 08:49:00,1612255740.0,5.2706,5.3505,5.26,5.3334,13208.22
2021-02-02 08:50:00,1612255800.0,5.3307,5.3319,5.2842,5.3082,8403.03
2021-02-02 08:51:00,1612255860.0,5.3018,5.3113,5.2787,5.2947,8025.4
2021-02-02 08:52:00,1612255920.0,5.2968,5.2968,5.25,5.2596,12674.98
2021-02-02 08:53:00,1612255980.0,5.2591,5.3,5.2517,5.3,7491.34
2021-02-02 08:54:00,1612256040.0,5.3,5.3372,5.2898,5.3199,11817.01
2021-02-02 08:55:00,1612256100.0,5.3193,5.3232,5.2602,5.2788,10112.46
2021-02-02 08:56:00,1612256160.0,5.2744,5.2933,5.2601,5.2745,4130.69
2021-02-02 08:57:00,1612256220.0,5.2791,5.2923,5.2606,5.2769,4253.71
2021-02-02 08:58:00,1612256280.0,5.2809,5.2817,5.2616,5.2698,2242.59
2021-02-02 08:59:00,1612256340.0,5.2739,5.2766,5.26,5.266,9066.91
2021-02-02 09:00:00,1612256400.0,5.2659,5.2794,5.26,5.2647,2161.88
2021-02-02 09:01:00,1612256460.0,5.2667,5.2708,5.25,5.2561,11349.94
2021-02-02 09:02:00,1612256520.0,5.2659,5.27,5.2567,5.2655,1866.9
2021-02-02 09:03:00,1612256580.0,5.2655,5.28,5.2559,5.256,7901.9
2021-02-02 09:04:00,1612256640.0,5.2585,5.2612,5.2377,5.246,7891.75
2021-02-02 09:05:00,1612256700.0,5.2461,5.2481,5.2328,5.238,5207.06
2021-02-02 09:06:00,1612256760.0,5.2413,5.2417,5.2121,5.224,13559.54
2021-02-02 09:07:00,1612256820.0,5.2259,5.2289,5.2,5.2066,15853.53
2021-02-02 09:08:00,1612256880.0,5.2021,5.2408,5.1943,5.2347,13206.18
2021-02-02 09:09:00,1612256940.0,5.2343,5.246,5.2161,5.2396,4296.47
2021-02-02 09:10:00,1612257000.0,5.2388,5.2694,5.2388,5.2578,9191.83
2021-02-02 09:11:00,1612257060.0,5.2539,5.2685,5.2493,5.2586,3603.4
2021-02-02 09:12:00,1612257120.0,5.2628,5.2718,5.1265,5.1697,69256.27
2021-02-02 09:13:00,1612257180.0,5.1611,5.1856,4.9929,5.176,80124.61
2021-02-02 09:14:00,1612257240.0,5.1778,5.2276,5.1686,5.1989,26943.95
2021-02-02 09:15:00,1612257300.0,5.2136,5.2136,5.1173,5.16,47490.98
2021-02-02 09:16:00,1612257360.0,5.16,5.23,5.1547,5.214,19163.29
2021-02-02 09:17:00,1612257420.0,5.214,5.2374,5.1887,5.2091,12043.17
2021-02-02 09:18:00,1612257480.0,5.208,5.2199,5.1999,5.2088,5415.37
2021-02-02 09:19:00,1612257540.0,5.205,5.2131,5.1971,5.2014,12589.1
2021-02-02 09:20:00,1612257600.0,5.1974,5.2097,5.1874,5.1876,9686.75
2021-02-02 09:21:00,1612257660.0,5.1927,5.1957,5.1867,5.1873,1200.33
2021-02-02 09:22:00,1612257720.0,5.1873,5.192,5.1814,5.1864,2382.27
2021-02-02 09:23:00,1612257780.0,5.1859,5.1859,5.1688,5.1729,3477.84
2021-02-02 09:24:00,1612257840.0,5.1729,5.1782,5.1642,5.1699,4062.79
2021-02-02 09:25:00,1612257900.0,5.1699,5.1788,5.1648,5.1728,1151.22
2021-02-02 09:26:00,1612257960.0,5.1728,5.1728,5.1664,5.1719,1374.06
2021-02-02 09:27:00,1612258020.0,5.172,5.192,5.1648,5.1801,12188.02
2021-02-02 09:28:00,1612258080.0,5.1719,5.1807,5.1521,5.1684,7336.64
2021-02-02 09:29:00,1612258140.0,5.1644,5.1774,5.1644,5.1687,2691.48
2021-02-02 09:30:00,1612258200.0,5.1691,5.1872,5.167,5.1814,5312.49
2021-02-02 09:31:00,1612258260.0,5.1872,5.2414,5.1872,5.2275,13039.24
2021-02-02 09:32:00,1612258320.0,5.2244,5.2331,5.1773,5.1957,10134.66
2021-02-02 09:33:00,1612258380.0,5.1947,5.2096,5.175,5.1793,3792.63
2021-02-02 09:34:00,1612258440.0,5.1753,5.1793,5.1651,5.1725,5919.29
2021-02-02 09:35:00,1612258500.0,5.17,5.1756,5.1657,5.1709,905.72
2021-02-02 09:36:00,1612258560.0,5.1749,5.1754,5.1626,5.1644,3630.92
2021-02-02 09:37:00,1612258620.0,5.1644,5.1698,5.1555,5.166,1361.8
2021-02-02 09:38:00,1612258680.0,5.1659,5.17,5.1568,5.1631,1707.72
2021-02-02 09:39:00,1612258740.0,5.1587,5.1625,5.1474,5.1555,3244.72
2021-02-02 09:40:00,1612258800.0,5.1544,5.1653,5.1533,5.1575,1924.56
2021-02-02 09:41:00,1612258860.0,5.1586,5.166,5.1567,5.1633,1846.0
2021-02-02 09:42:00,1612258920.0,5.1654,5.1686,5.1592,5.1686,358.36
2021-02-02 09:43:00,1612258980.0,5.1628,5.1687,5.1591,5.162,1150.42
2021-02-02 09:44:00,1612259040.0,5.1585,5.1687,5.1585,5.1647,510.16
2021-02-02 09:45:00,1612259100.0,5.1608,5.1685,5.1549,5.158,2205.96
2021-02-02 09:46:00,1612259160.0,5.157,5.1693,5.1548,5.1588,9139.75
2021-02-02 09:47:00,1612259220.0,5.1563,5.1625,5.1488,5.1488,2248.87
2021-02-02 09:48:00,1612259280.0,5.1488,5.1611,5.147,5.1611,2038.21
2021-02-02 09:49:00,1612259340.0,5.1622,5.1738,5.1622,5.1654,1316.86
2021-02-02 09:50:00,1612259400.0,5.1655,5.1739,5.1617,5.1719,942.77
2021-02-02 09:51:00,1612259460.0,5.1651,5.2,5.1651,5.1935,4200.67
2021-02-02 09:52:00,1612259520.0,5.1951,5.2145,5.195,5.2074,2297.57
2021-02-02 09:53:00,1612259580.0,5.21,5.2161,5.2045,5.2093,2569.4
2021-02-02 09:54:00,1612259640.0,5.2128,5.2146,5.2057,5.2086,488.29
2021-02-02 09:55:00,1612259700.0,5.205,5.2307,5.198,5.2219,12811.28
2021-02-02 09:56:00,1612259760.0,5.2197,5.2244,5.2143,5.2143,9501.93
2021-02-02 09:57:00,1612259820.0,5.2142,5.2174,5.2076,5.21,1647.81
2021-02-02 09:58:00,1612259880.0,5.2099,5.2099,5.1859,5.1934,1594.7
2021-02-02 09:59:00,1612259940.0,5.1891,5.1928,5.1617,5.1882,4661.84
2021-02-02 10:00:00,1612260000.0,5.179,5.2186,5.1753,5.1903,18226.57
2021-02-02 10:01:00,1612260060.0,5.1874,5.1997,5.1845,5.1916,4141.63
2021-02-02 10:02:00,1612260120.0,5.1916,5.1945,5.1794,5.1841,2334.3
2021-02-02 10:03:00,1612260180.0,5.1798,5.19,5.1798,5.1878,943.01
2021-02-02 10:04:00,1612260240.0,5.1878,5.1894,5.1805,5.1841,290.17
2021-02-02 10:05:00,1612260300.0,5.1831,5.1831,5.1551,5.1551,4179.59
2021-02-02 10:06:00,1612260360.0,5.1551,5.16,5.1116,5.1419,22185.25
2021-02-02 10:07:00,1612260420.0,5.1497,5.1568,5.1429,5.1527,2248.76
2021-02-02 10:08:00,1612260480.0,5.1517,5.165,5.1475,5.1588,1198.03
2021-02-02 10:09:00,1612260540.0,5.1587,5.1819,5.1522,5.1786,2907.26
2021-02-02 10:10:00,1612260600.0,5.1754,5.1817,5.1709,5.172,2109.98
2021-02-02 10:11:00,1612260660.0,5.1763,5.1827,5.1713,5.18,2022.54
2021-02-02 10:12:00,1612260720.0,5.18,5.203,5.18,5.1889,15275.08
2021-02-02 10:13:00,1612260780.0,5.1906,5.1915,5.1799,5.18,953.34
2021-02-02 10:14:00,1612260840.0,5.1843,5.1843,5.1699,5.176,1315.63
2021-02-02 10:15:00,1612260900.0,5.176,5.1873,5.1729,5.1827,3236.99
2021-02-02 10:16:00,1612260960.0,5.1808,5.2004,5.1775,5.1958,1740.11
2021-02-02 10:17:00,1612261020.0,5.1958,5.2128,5.1932,5.2023,4028.1
2021-02-02 10:18:00,1612261080.0,5.2023,5.2073,5.2019,5.2024,891.36
2021-02-02 10:19:00,1612261140.0,5.2066,5.2129,5.1982,5.2018,4646.33
2021-02-02 10:20:00,1612261200.0,5.2018,5.2293,5.2018,5.2207,6498.57
2021-02-02 10:21:00,1612261260.0,5.2233,5.2294,5.2199,5.2237,1189.11
2021-02-02 10:22:00,1612261320.0,5.2237,5.2392,5.2196,5.2301,4914.08
2021-02-02 10:23:00,1612261380.0,5.2301,5.2424,5.2301,5.237,5711.54
2021-02-02 10:24:00,1612261440.0,5.2393,5.2464,5.2015,5.2015,22635.1
2021-02-02 10:25:00,1612261500.0,5.205,5.2242,5.1999,5.215,2182.21
2021-02-02 10:26:00,1612261560.0,5.2207,5.226,5.2107,5.2149,2141.47
2021-02-02 10:27:00,1612261620.0,5.2181,5.2251,5.2142,5.2187,1989.93
2021-02-02 10:28:00,1612261680.0,5.2188,5.2233,5.2188,5.2219,292.26
2021-02-02 10:29:00,1612261740.0,5.2217,5.2219,5.2188,5.2219,203.16
2021-02-02 10:30:00,1612261800.0,5.2218,5.2288,5.2149,5.22,3028.02
2021-02-02 10:31:00,1612261860.0,5.2195,5.2241,5.2182,5.224,1149.89
2021-02-02 10:32:00,1612261920.0,5.2231,5.2451,5.2172,5.2386,1367.08
2021-02-02 10:33:00,1612261980.0,5.2384,5.2433,5.2319,5.2417,883.97
2021-02-02 10:34:00,1612262040.0,5.2385,5.2453,5.2358,5.2358,1310.9
2021-02-02 10:35:00,1612262100.0,5.2363,5.2453,5.2346,5.2419,324.2
2021-02-02 10:36:00,1612262160.0,5.2387,5.2462,5.237,5.2462,832.66
2021-02-02 10:37:00,1612262220.0,5.2438,5.2696,5.2435,5.2552,8454.28
2021-02-02 10:38:00,1612262280.0,5.2561,5.2681,5.2417,5.2595,11118.72
2021-02-02 10:39:00,1612262340.0,5.2595,5.2698,5.2589,5.26,3545.83
2021-02-02 10:40:00,1612262400.0,5.2639,5.2868,5.2608,5.282,12793.02
2021-02-02 10:41:00,1612262460.0,5.282,5.2868,5.2663,5.2748,4802.03
2021-02-02 10:42:00,1612262520.0,5.2745,5.2803,5.2694,5.2799,2797.94
2021-02-02 10:43:00,1612262580.0,5.2772,5.285,5.2767,5.2829,2395.4
2021-02-02 10:44:00,1612262640.0,5.2811,5.3272,5.2781,5.3027,29192.62
2021-02-02 10:45:00,1612262700.0,5.3027,5.3543,5.3027,5.347,17439.4
2021-02-02 10:46:00,1612262760.0,5.3448,5.3448,5.3141,5.3359,13904.58
2021-02-02 10:47:00,1612262820.0,5.3353,5.341,5.3228,5.3259,3317.18
2021-02-02 10:48:00,1612262880.0,5.3228,5.3266,5.2818,5.3205,10991.13
2021-02-02 10:49:00,1612262940.0,5.3142,5.3184,5.2731,5.2767,4147.77
2021-02-02 10:50:00,1612263000.0,5.2767,5.2818,5.2525,5.2577,7362.3
2021-02-02 10:51:00,1612263060.0,5.2597,5.2708,5.2544,5.2551,1562.0
2021-02-02 10:52:00,1612263120.0,5.2551,5.2903,5.2551,5.2828,3725.72
2021-02-02 10:53:00,1612263180.0,5.2846,5.3055,5.2846,5.3055,2063.91
2021-02-02 10:54:00,1612263240.0,5.3055,5.3124,5.3,5.3085,2472.7
2021-02-02 10:55:00,1612263300.0,5.3073,5.3318,5.3027,5.3237,5926.63
2021-02-02 10:56:00,1612263360.0,5.3235,5.3327,5.3162,5.3213,3727.14
2021-02-02 10:57:00,1612263420.0,5.3232,5.3343,5.3229,5.3343,1871.87
2021-02-02 10:58:00,1612263480.0,5.3286,5.3327,5.3239,5.3288,2590.42
2021-02-02 10:59:00,1612263540.0,5.3288,5.34,5.3273,5.3383,5287.9
2021-02-02 11:00:00,1612263600.0,5.3383,5.3395,5.3163,5.3182,2599.82
2021-02-02 11:01:00,1612263660.0,5.3182,5.3368,5.3182,5.3266,4360.35
2021-02-02 11:02:00,1612263720.0,5.3266,5.33,5.3115,5.3115,3635.27
2021-02-02 11:03:00,1612263780.0,5.3136,5.3251,5.3088,5.3183,3141.54
2021-02-02 11:04:00,1612263840.0,5.3183,5.33,5.317,5.3294,4458.22
2021-02-02 11:05:00,1612263900.0,5.3251,5.33,5.3175,5.3204,1066.22
2021-02-02 11:06:00,1612263960.0,5.3201,5.3233,5.3,5.3044,1470.26
2021-02-02 11:07:00,1612264020.0,5.3045,5.3063,5.2883,5.2926,3231.57
2021-02-02 11:08:00,1612264080.0,5.2896,5.2995,5.2704,5.2832,3076.31
2021-02-02 11:09:00,1612264140.0,5.2832,5.2967,5.2832,5.2946,1073.74
2021-02-02 11:10:00,1612264200.0,5.2968,5.2968,5.29,5.2967,2248.31
2021-02-02 11:11:00,1612264260.0,5.2909,5.2961,5.2803,5.2813,1175.85
2021-02-02 11:12:00,1612264320.0,5.2812,5.2835,5.2695,5.2731,3301.74
2021-02-02 11:13:00,1612264380.0,5.2731,5.2749,5.2664,5.2684,1478.27
2021-02-02 11:14:00,1612264440.0,5.2735,5.2798,5.2676,5.2696,1429.54
2021-02-02 11:15:00,1612264500.0,5.2736,5.2752,5.2669,5.2706,557.37
2021-02-02 11:16:00,1612264560.0,5.2707,5.2707,5.257,5.2571,2768.43
2021-02-02 11:17:00,1612264620.0,5.2582,5.2687,5.2582,5.2634,355.81
2021-02-02 11:18:00,1612264680.0,5.2589,5.2634,5.2531,5.2531,1506.74
2021-02-02 11:19:00,1612264740.0,5.2531,5.2631,5.25,5.2506,3173.7
2021-02-02 11:20:00,1612264800.0,5.2537,5.2605,5.2424,5.2429,3770.06
2021-02-02 11:21:00,1612264860.0,5.2424,5.2498,5.2238,5.2381,8124.74
2021-02-02 11:22:00,1612264920.0,5.2363,5.2416,5.2102,5.221,3758.85
2021-02-02 11:23:00,1612264980.0,5.2275,5.2362,5.2171,5.2272,5776.12
2021-02-02 11:24:00,1612265040.0,5.2287,5.2325,5.2155,5.2303,8547.58
2021-02-02 11:25:00,1612265100.0,5.2206,5.2241,5.2055,5.2184,6306.81
2021-02-02 11:26:00,1612265160.0,5.2128,5.2203,5.2049,5.2052,2972.46
2021-02-02 11:27:00,1612265220.0,5.2057,5.2163,5.2,5.2095,1754.39
2021-02-02 11:28:00,1612265280.0,5.2095,5.21,5.2,5.2002,1168.73
2021-02-02 11:29:00,1612265340.0,5.2002,5.2095,5.1929,5.1929,3970.94
2021-02-02 11:30:00,1612265400.0,5.1962,5.2,5.1832,5.1998,2076.14
2021-02-02 11:31:00,1612265460.0,5.1923,5.2128,5.1923,5.1993,9321.32
2021-02-02 11:32:00,1612265520.0,5.1989,5.2082,5.1957,5.2024,1513.9
2021-02-02 11:33:00,1612265580.0,5.2069,5.2143,5.2065,5.2081,1365.73
2021-02-02 11:34:00,1612265640.0,5.2051,5.2069,5.187,5.1966,2571.54
2021-02-02 11:35:00,1612265700.0,5.1971,5.2121,5.1879,5.1937,1659.48
2021-02-02 11:36:00,1612265760.0,5.189,5.2018,5.188,5.2018,1416.83
2021-02-02 11:37:00,1612265820.0,5.2022,5.2036,5.195,5.1955,134.39
2021-02-02 11:38:00,1612265880.0,5.1955,5.1955,5.1551,5.1756,21099.15
2021-02-02 11:39:00,1612265940.0,5.1747,5.1833,5.161,5.1745,4796.02
2021-02-02 11:40:00,1612266000.0,5.1745,5.1912,5.1734,5.186,1529.47
2021-02-02 11:41:00,1612266060.0,5.1855,5.188,5.1751,5.1836,2247.61
2021-02-02 11:42:00,1612266120.0,5.1833,5.2041,5.1833,5.1915,7836.0
2021-02-02 11:43:00,1612266180.0,5.1906,5.1957,5.1797,5.1921,1101.97
2021-02-02 11:44:00,1612266240.0,5.1878,5.1978,5.1877,5.1972,1042.72
2021-02-02 11:45:00,1612266300.0,5.1972,5.2001,5.1963,5.1967,1911.28
2021-02-02 11:46:00,1612266360.0,5.2,5.2008,5.1913,5.199,781.57
2021-02-02 11:47:00,1612266420.0,5.199,5.2127,5.199,5.2086,1679.44
2021-02-02 11:48:00,1612266480.0,5.2107,5.223,5.2086,5.2187,1840.69
2021-02-02 11:49:00,1612266540.0,5.2151,5.2317,5.2151,5.2254,4074.74
2021-02-02 11:50:00,1612266600.0,5.2253,5.2281,5.2066,5.2168,2510.62
2021-02-02 11:51:00,1612266660.0,5.2161,5.2241,5.2158,5.2208,1162.26
2021-02-02 11:52:00,1612266720.0,5.2155,5.2155,5.198,5.21,868.29
2021-02-02 11:53:00,1612266780.0,5.2092,5.2148,5.2092,5.212,991.11
2021-02-02 11:54:00,1612266840.0,5.2096,5.214,5.206,5.214,256.13
2021-02-02 11:55:00,1612266900.0,5.2109,5.22,5.2109,5.2162,503.26
2021-02-02 11:56:00,1612266960.0,5.2184,5.2195,5.2081,5.2081,261.86
2021-02-02 11:57:00,1612267020.0,5.2139,5.2153,5.2111,5.2111,606.43
2021-02-02 11:58:00,1612267080.0,5.2111,5.2111,5.1957,5.2,1293.27
2021-02-02 11:59:00,1612267140.0,5.2028,5.22,5.1976,5.22,8225.87
2021-02-02 12:00:00,1612267200.0,5.22,5.2272,5.1963,5.2057,14636.2
2021-02-02 12:01:00,1612267260.0,5.2047,5.2083,5.1957,5.1992,2637.35
2021-02-02 12:02:00,1612267320.0,5.1992,5.2067,5.1926,5.2067,4021.21
2021-02-02 12:03:00,1612267380.0,5.2029,5.2191,5.201,5.2057,1712.18
2021-02-02 12:04:00,1612267440.0,5.2093,5.2216,5.2054,5.209,1227.02
2021-02-02 12:05:00,1612267500.0,5.2164,5.2319,5.2128,5.2285,3697.91
2021-02-02 12:06:00,1612267560.0,5.2249,5.242,5.2119,5.2317,9138.81
2021-02-02 12:07:00,1612267620.0,5.2362,5.2364,5.2248,5.2335,1782.99
2021-02-02 12:08:00,1612267680.0,5.2331,5.234,5.21,5.2292,3157.52
2021-02-02 12:09:00,1612267740.0,5.2292,5.2292,5.2124,5.2268,2260.67
2021-02-02 12:10:00,1612267800.0,5.2235,5.2372,5.2232,5.2277,3045.86
2021-02-02 12:11:00,1612267860.0,5.2309,5.237,5.215,5.2284,5472.57
2021-02-02 12:12:00,1612267920.0,5.2301,5.2328,5.2157,5.2244,1365.71
2021-02-02 12:13:00,1612267980.0,5.2247,5.2256,5.2134,5.2217,1406.53
2021-02-02 12:14:00,1612268040.0,5.2216,5.2216,5.2045,5.2141,4108.73
2021-02-02 12:15:00,1612268100.0,5.2141,5.2166,5.2051,5.2074,1151.15
2021-02-02 12:16:00,1612268160.0,5.2074,5.2097,5.2007,5.2087,411.15
2021-02-02 12:17:00,1612268220.0,5.2044,5.21,5.2013,5.2052,699.64
2021-02-02 12:18:00,1612268280.0,5.2052,5.2068,5.1952,5.2048,1399.16
2021-02-02 12:19:00,1612268340.0,5.2013,5.2044,5.1884,5.1978,5699.39
2021-02-02 12:20:00,1612268400.0,5.1978,5.214,5.191,5.2131,2722.64
2021-02-02 12:21:00,1612268460.0,5.2121,5.2158,5.2094,5.2106,320.78
2021-02-02 12:22:00,1612268520.0,5.2122,5.2176,5.2115,5.2142,252.74
2021-02-02 12:23:00,1612268580.0,5.2142,5.2258,5.2103,5.2194,2698.78
2021-02-02 12:24:00,1612268640.0,5.2161,5.2191,5.2158,5.2191,240.48
2021-02-02 12:25:00,1612268700.0,5.2158,5.219,5.212,5.212,363.27
2021-02-02 12:26:00,1612268760.0,5.2098,5.212,5.2078,5.2078,273.14
2021-02-02 12:27:00,1612268820.0,5.2078,5.2288,5.2078,5.2137,3571.41
2021-02-02 12:28:00,1612268880.0,5.2215,5.2279,5.2077,5.2143,4386.32
2021-02-02 12:29:00,1612268940.0,5.2132,5.2201,5.2132,5.2152,916.21
2021-02-02 12:30:00,1612269000.0,5.215,5.2253,5.2117,5.2253,2091.99
2021-02-02 12:31:00,1612269060.0,5.2253,5.2277,5.2153,5.2201,1318.75
2021-02-02 12:32:00,1612269120.0,5.2199,5.2298,5.2179,5.2204,1287.39
2021-02-02 12:33:00,1612269180.0,5.2236,5.2293,5.2154,5.2293,1687.79
2021-02-02 12:34:00,1612269240.0,5.2272,5.2489,5.2262,5.2368,4375.87
2021-02-02 12:35:00,1612269300.0,5.2333,5.238,5.2304,5.236,497.14
2021-02-02 12:36:00,1612269360.0,5.236,5.244,5.2325,5.235,1497.18
2021-02-02 12:37:00,1612269420.0,5.235,5.2426,5.2313,5.2369,2479.13
2021-02-02 12:38:00,1612269480.0,5.2369,5.24,5.2346,5.2375,500.4
2021-02-02 12:39:00,1612269540.0,5.2375,5.2393,5.2141,5.2183,4899.06
2021-02-02 12:40:00,1612269600.0,5.2182,5.2227,5.2127,5.215,3632.9
2021-02-02 12:41:00,1612269660.0,5.2187,5.2199,5.21,5.2149,1330.97
2021-02-02 12:42:00,1612269720.0,5.2149,5.2199,5.2116,5.2187,1415.38
2021-02-02 12:43:00,1612269780.0,5.2187,5.2195,5.1995,5.2082,2488.85
2021-02-02 12:44:00,1612269840.0,5.2083,5.2188,5.1981,5.2187,1192.24
2021-02-02 12:45:00,1612269900.0,5.2188,5.2335,5.2187,5.2274,2075.49
2021-02-02 12:46:00,1612269960.0,5.2274,5.2348,5.2162,5.2316,10393.78
2021-02-02 12:47:00,1612270020.0,5.2304,5.2365,5.2269,5.2361,1761.28
2021-02-02 12:48:00,1612270080.0,5.2387,5.2499,5.2342,5.243,2998.29
2021-02-02 12:49:00,1612270140.0,5.243,5.25,5.2321,5.2352,2934.95
2021-02-02 12:50:00,1612270200.0,5.2352,5.2398,5.22,5.2218,1477.14
2021-02-02 12:51:00,1612270260.0,5.2173,5.2259,5.2105,5.2243,276.49
2021-02-02 12:52:00,1612270320.0,5.2243,5.2243,5.2033,5.2072,2121.09
2021-02-02 12:53:00,1612270380.0,5.2072,5.2215,5.2,5.2168,14088.43
2021-02-02 12:54:00,1612270440.0,5.2151,5.2209,5.2013,5.2098,1629.67
2021-02-02 12:55:00,1612270500.0,5.2085,5.2156,5.1945,5.1999,2111.15
2021-02-02 12:56:00,1612270560.0,5.1994,5.2006,5.1942,5.199,941.79
2021-02-02 12:57:00,1612270620.0,5.2004,5.2024,5.1966,5.1966,592.52
2021-02-02 12:58:00,1612270680.0,5.1996,5.2041,5.1956,5.1956,216.54
2021-02-02 12:59:00,1612270740.0,5.1999,5.2024,5.1945,5.1995,443.75
2021-02-02 13:00:00,1612270800.0,5.1995,5.2009,5.195,5.2009,704.72
2021-02-02 13:01:00,1612270860.0,5.1972,5.1996,5.1934,5.1934,2874.35
2021-02-02 13:02:00,1612270920.0,5.196,5.2035,5.1936,5.2027,927.39
2021-02-02 13:03:00,1612270980.0,5.1989,5.2004,5.1968,5.1989,196.23
2021-02-02 13:04:00,1612271040.0,5.1989,5.2004,5.1831,5.1903,6647.28
2021-02-02 13:05:00,1612271100.0,5.1903,5.1977,5.1844,5.1891,1655.51
2021-02-02 13:06:00,1612271160.0,5.1891,5.192,5.1857,5.1863,1255.73
2021-02-02 13:07:00,1612271220.0,5.1862,5.1892,5.179,5.1852,3570.48
2021-02-02 13:08:00,1612271280.0,5.1823,5.19,5.1799,5.19,1904.22
2021-02-02 13:09:00,1612271340.0,5.1904,5.193,5.1832,5.1867,2455.95
2021-02-02 13:10:00,1612271400.0,5.1857,5.1911,5.1832,5.1874,1163.43
2021-02-02 13:11:00,1612271460.0,5.1883,5.1906,5.1733,5.1824,2866.44
2021-02-02 13:12:00,1612271520.0,5.1795,5.1889,5.1792,5.1887,844.87
2021-02-02 13:13:00,1612271580.0,5.1887,5.2041,5.1879,5.1969,1798.59
2021-02-02 13:14:00,1612271640.0,5.1993,5.2016,5.1959,5.1963,476.04
2021-02-02 13:15:00,1612271700.0,5.1939,5.1965,5.1916,5.1962,1809.77
2021-02-02 13:16:00,1612271760.0,5.1962,5.201,5.1788,5.1807,2817.17
2021-02-02 13:17:00,1612271820.0,5.1854,5.1854,5.1689,5.1819,5480.63
2021-02-02 13:18:00,1612271880.0,5.1778,5.179,5.1744,5.1784,551.67
2021-02-02 13:19:00,1612271940.0,5.1784,5.1809,5.16,5.1736,8520.88
2021-02-02 13:20:00,1612272000.0,5.1726,5.1747,5.1621,5.1662,1267.38
2021-02-02 13:21:00,1612272060.0,5.1689,5.1689,5.162,5.162,1591.56
2021-02-02 13:22:00,1612272120.0,5.1668,5.1671,5.1567,5.1625,2080.88
2021-02-02 13:23:00,1612272180.0,5.1625,5.1692,5.1582,5.1596,1552.28
2021-02-02 13:24:00,1612272240.0,5.1615,5.1615,5.1481,5.1552,5717.47
2021-02-02 13:25:00,1612272300.0,5.1561,5.16,5.1536,5.1571,917.29
2021-02-02 13:26:00,1612272360.0,5.1595,5.1746,5.1574,5.16,2750.03
2021-02-02 13:27:00,1612272420.0,5.16,5.1702,5.1511,5.1615,2378.28
2021-02-02 13:28:00,1612272480.0,5.1615,5.1655,5.1541,5.1579,2599.81
2021-02-02 13:29:00,1612272540.0,5.1573,5.1579,5.1458,5.1515,7520.96
2021-02-02 13:30:00,1612272600.0,5.1515,5.1559,5.1448,5.1508,1668.41
2021-02-02 13:31:00,1612272660.0,5.1508,5.1549,5.1503,5.1548,709.09
2021-02-02 13:32:00,1612272720.0,5.1544,5.1549,5.1496,5.1544,1298.15
2021-02-02 13:33:00,1612272780.0,5.1542,5.1679,5.1517,5.1651,1835.92
2021-02-02 13:34:00,1612272840.0,5.1656,5.1781,5.1637,5.1781,1416.19
2021-02-02 13:35:00,1612272900.0,5.1781,5.1862,5.177,5.177,1456.68
2021-02-02 13:36:00,1612272960.0,5.175,5.177,5.1615,5.1757,3897.91
2021-02-02 13:37:00,1612273020.0,5.1694,5.1759,5.1644,5.1721,1192.29
2021-02-02 13:38:00,1612273080.0,5.1671,5.1809,5.1671,5.1807,2027.7
2021-02-02 13:39:00,1612273140.0,5.1803,5.1853,5.1764,5.1853,710.94
2021-02-02 13:40:00,1612273200.0,5.1852,5.1877,5.1743,5.18,529.3
2021-02-02 13:41:00,1612273260.0,5.18,5.1831,5.1747,5.1749,2288.57
2021-02-02 13:42:00,1612273320.0,5.1749,5.183,5.1736,5.1788,1146.06
2021-02-02 13:43:00,1612273380.0,5.1787,5.1807,5.1704,5.1722,1112.85
2021-02-02 13:44:00,1612273440.0,5.1779,5.18,5.1722,5.1793,849.15
2021-02-02 13:45:00,1612273500.0,5.1746,5.1787,5.1671,5.1769,3293.41
2021-02-02 13:46:00,1612273560.0,5.1734,5.1765,5.1674,5.17,766.15
2021-02-02 13:47:00,1612273620.0,5.1703,5.1766,5.17,5.1729,414.08
2021-02-02 13:48:00,1612273680.0,5.173,5.173,5.1687,5.173,1409.67
2021-02-02 13:49:00,1612273740.0,5.1767,5.1767,5.17,5.1724,1027.14
2021-02-02 13:50:00,1612273800.0,5.1721,5.1757,5.1698,5.175,553.92
2021-02-02 13:51:00,1612273860.0,5.175,5.2095,5.175,5.1916,8211.88
2021-02-02 13:52:00,1612273920.0,5.1894,5.1907,5.1738,5.1775,2883.88
2021-02-02 13:53:00,1612273980.0,5.1767,5.1856,5.173,5.1856,524.1
2021-02-02 13:54:00,1612274040.0,5.192,5.192,5.1743,5.1753,1308.93
2021-02-02 13:55:00,1612274100.0,5.1733,5.1809,5.17,5.1725,1062.29
2021-02-02 13:56:00,1612274160.0,5.1727,5.1758,5.1625,5.1665,2156.99
2021-02-02 13:57:00,1612274220.0,5.1673,5.169,5.1507,5.156,1524.81
2021-02-02 13:58:00,1612274280.0,5.1558,5.1598,5.1437,5.1471,6698.87
2021-02-02 13:59:00,1612274340.0,5.1503,5.1531,5.1477,5.1489,616.11
2021-02-02 14:00:00,1612274400.0,5.1514,5.159,5.148,5.159,1022.54
2021-02-02 14:01:00,1612274460.0,5.1623,5.1648,5.1547,5.1648,887.51
2021-02-02 14:02:00,1612274520.0,5.1602,5.1773,5.1598,5.1726,435.08
2021-02-02 14:03:00,1612274580.0,5.1707,5.172,5.151,5.1593,2848.43
2021-02-02 14:04:00,1612274640.0,5.1558,5.1582,5.1477,5.1571,1791.79
2021-02-02 14:05:00,1612274700.0,5.1571,5.1688,5.1465,5.1496,4159.24
2021-02-02 14:06:00,1612274760.0,5.1466,5.1534,5.136,5.1494,4289.31
2021-02-02 14:07:00,1612274820.0,5.1494,5.15,5.145,5.1497,732.16
2021-02-02 14:08:00,1612274880.0,5.1497,5.15,5.1437,5.1473,1186.48
2021-02-02 14:09:00,1612274940.0,5.1448,5.1476,5.1417,5.1476,1180.96
2021-02-02 14:10:00,1612275000.0,5.1484,5.1551,5.1439,5.1546,1666.17
2021-02-02 14:11:00,1612275060.0,5.1511,5.1635,5.1425,5.1635,464.93
2021-02-02 14:12:00,1612275120.0,5.1604,5.1604,5.1458,5.1545,619.09
2021-02-02 14:13:00,1612275180.0,5.1519,5.1633,5.1519,5.1633,470.4
2021-02-02 14:14:00,1612275240.0,5.1633,5.1633,5.1581,5.1632,866.92
2021-02-02 14:15:00,1612275300.0,5.1592,5.163,5.1592,5.163,23.6
2021-02-02 14:16:00,1612275360.0,5.163,5.1633,5.1535,5.16,532.38
2021-02-02 14:17:00,1612275420.0,5.1618,5.163,5.1559,5.1583,583.77
2021-02-02 14:18:00,1612275480.0,5.1609,5.1629,5.1504,5.1504,285.07
2021-02-02 14:19:00,1612275540.0,5.1543,5.1595,5.1496,5.1501,1089.1
2021-02-02 14:20:00,1612275600.0,5.1506,5.1562,5.1461,5.1469,603.52
2021-02-02 14:21:00,1612275660.0,5.147,5.1471,5.14,5.14,3035.23
2021-02-02 14:22:00,1612275720.0,5.1464,5.1504,5.1387,5.1449,6011.74
2021-02-02 14:23:00,1612275780.0,5.1447,5.1489,5.134,5.1346,2599.79
2021-02-02 14:24:00,1612275840.0,5.1322,5.1404,5.1232,5.1295,3309.37
2021-02-02 14:25:00,1612275900.0,5.124,5.1295,5.1137,5.1181,7647.73
2021-02-02 14:26:00,1612275960.0,5.1137,5.1194,5.1,5.105,8468.3
2021-02-02 14:27:00,1612276020.0,5.1056,5.1102,5.1,5.1079,4109.96
2021-02-02 14:28:00,1612276080.0,5.1043,5.1082,5.0922,5.1022,6644.22
2021-02-02 14:29:00,1612276140.0,5.0942,5.1017,5.0925,5.0983,5997.34
2021-02-02 14:30:00,1612276200.0,5.0983,5.0989,5.0869,5.09,2086.38
2021-02-02 14:31:00,1612276260.0,5.0943,5.0987,5.0769,5.0866,5323.29
2021-02-02 14:32:00,1612276320.0,5.0894,5.0925,5.0836,5.0924,722.54
2021-02-02 14:33:00,1612276380.0,5.092,5.1053,5.092,5.1016,4907.23
2021-02-02 14:34:00,1612276440.0,5.1001,5.1215,5.1001,5.1188,1837.53
2021-02-02 14:35:00,1612276500.0,5.1171,5.1241,5.1088,5.1194,672.03
2021-02-02 14:36:00,1612276560.0,5.1209,5.1311,5.1145,5.1267,1081.54
2021-02-02 14:37:00,1612276620.0,5.1282,5.1361,5.1157,5.1236,2304.48
2021-02-02 14:38:00,1612276680.0,5.1189,5.1346,5.1189,5.1343,984.86
2021-02-02 14:39:00,1612276740.0,5.1312,5.1325,5.1101,5.1229,926.2
2021-02-02 14:40:00,1612276800.0,5.1243,5.1347,5.1173,5.1293,775.54
2021-02-02 14:41:00,1612276860.0,5.128,5.1354,5.1174,5.1234,1015.81
2021-02-02 14:42:00,1612276920.0,5.1219,5.1219,5.1062,5.1148,426.6
2021-02-02 14:43:00,1612276980.0,5.1146,5.1155,5.1062,5.108,338.76
2021-02-02 14:44:00,1612277040.0,5.1061,5.1083,5.1009,5.1059,1069.76
2021-02-02 14:45:00,1612277100.0,5.1051,5.1237,5.102,5.1187,686.92
2021-02-02 14:46:00,1612277160.0,5.1219,5.1219,5.1112,5.1156,1155.28
2021-02-02 14:47:00,1612277220.0,5.1144,5.1164,5.1086,5.115,342.41
2021-02-02 14:48:00,1612277280.0,5.1174,5.1393,5.1174,5.1214,2523.5
2021-02-02 14:49:00,1612277340.0,5.1208,5.1249,5.1092,5.116,562.05
2021-02-02 14:50:00,1612277400.0,5.1115,5.131,5.1115,5.1212,2908.54
2021-02-02 14:51:00,1612277460.0,5.1217,5.1271,5.1163,5.1271,314.79
2021-02-02 14:52:00,1612277520.0,5.1286,5.1348,5.1244,5.131,571.38
2021-02-02 14:53:00,1612277580.0,5.1251,5.1251,5.1238,5.1238,157.41
2021-02-02 14:54:00,1612277640.0,5.1287,5.1288,5.123,5.1288,74.79
2021-02-02 14:55:00,1612277700.0,5.1288,5.1288,5.1194,5.125,1111.59
2021-02-02 14:56:00,1612277760.0,5.125,5.1276,5.1212,5.1263,461.39
2021-02-02 14:57:00,1612277820.0,5.1237,5.1307,5.1184,5.1234,1566.99
2021-02-02 14:58:00,1612277880.0,5.1182,5.1278,5.1182,5.121,1438.78
2021-02-02 14:59:00,1612277940.0,5.1229,5.1229,5.1175,5.1175,1118.64
2021-02-02 15:00:00,1612278000.0,5.1162,5.1229,5.1131,5.1229,1457.67
2021-02-02 15:01:00,1612278060.0,5.1229,5.1455,5.1185,5.1314,2920.06
2021-02-02 15:02:00,1612278120.0,5.1287,5.1419,5.1287,5.1407,376.41
2021-02-02 15:03:00,1612278180.0,5.14,5.14,5.1358,5.1377,164.39
2021-02-02 15:04:00,1612278240.0,5.1377,5.151,5.1377,5.1488,2443.69
2021-02-02 15:05:00,1612278300.0,5.1435,5.156,5.14,5.1523,4442.76
2021-02-02 15:06:00,1612278360.0,5.1513,5.172,5.1491,5.172,4987.12
2021-02-02 15:07:00,1612278420.0,5.1621,5.1717,5.1594,5.1604,1338.22
2021-02-02 15:08:00,1612278480.0,5.1621,5.1863,5.1615,5.1799,2590.11
2021-02-02 15:09:00,1612278540.0,5.1776,5.1861,5.1641,5.1765,3941.62
2021-02-02 15:10:00,1612278600.0,5.1768,5.1857,5.1762,5.1831,1019.9
2021-02-02 15:11:00,1612278660.0,5.1782,5.1865,5.1775,5.1807,1738.4
2021-02-02 15:12:00,1612278720.0,5.1807,5.1807,5.172,5.1721,502.56
2021-02-02 15:13:00,1612278780.0,5.1767,5.1785,5.1711,5.1785,1025.36
2021-02-02 15:14:00,1612278840.0,5.1785,5.1785,5.167,5.167,1232.88
2021-02-02 15:15:00,1612278900.0,5.1647,5.1766,5.1646,5.1686,482.55
2021-02-02 15:16:00,1612278960.0,5.1686,5.1743,5.1273,5.1273,2365.15
2021-02-02 15:17:00,1612279020.0,5.1273,5.1424,5.1178,5.1367,2530.49
2021-02-02 15:18:00,1612279080.0,5.1374,5.1496,5.1273,5.1296,1463.64
2021-02-02 15:19:00,1612279140.0,5.1437,5.1489,5.1392,5.1395,720.24
2021-02-02 15:20:00,1612279200.0,5.1494,5.1494,5.1351,5.143,542.44
2021-02-02 15:21:00,1612279260.0,5.1368,5.1419,5.1301,5.1305,1016.86
2021-02-02 15:22:00,1612279320.0,5.136,5.136,5.1022,5.1022,9328.98
2021-02-02 15:23:00,1612279380.0,5.1025,5.1154,5.1017,5.1075,470.15
2021-02-02 15:24:00,1612279440.0,5.1069,5.1134,5.1017,5.1024,1013.87
2021-02-02 15:25:00,1612279500.0,5.1062,5.1083,5.1017,5.1056,724.14
2021-02-02 15:26:00,1612279560.0,5.1056,5.108,5.0997,5.1056,1375.97
2021-02-02 15:27:00,1612279620.0,5.1052,5.1079,5.1,5.1009,931.68
2021-02-02 15:28:00,1612279680.0,5.0998,5.1045,5.0903,5.0941,2526.71
2021-02-02 15:29:00,1612279740.0,5.1002,5.1029,5.0942,5.0975,2185.28
2021-02-02 15:30:00,1612279800.0,5.1016,5.11,5.0975,5.11,1260.73
2021-02-02 15:31:00,1612279860.0,5.107,5.107,5.1003,5.1048,281.98
2021-02-02 15:32:00,1612279920.0,5.1,5.1039,5.0955,5.1006,1990.07
2021-02-02 15:33:00,1612279980.0,5.0986,5.1048,5.094,5.1048,1048.08
2021-02-02 15:34:00,1612280040.0,5.1011,5.1084,5.098,5.0981,384.21
2021-02-02 15:35:00,1612280100.0,5.0981,5.1043,5.098,5.1032,547.39
2021-02-02 15:36:00,1612280160.0,5.1036,5.1039,5.098,5.1023,369.04
2021-02-02 15:37:00,1612280220.0,5.098,5.1004,5.09,5.097,3459.94
2021-02-02 15:38:00,1612280280.0,5.0976,5.1014,5.0976,5.0979,126.73
2021-02-02 15:39:00,1612280340.0,5.1011,5.1011,5.0827,5.0934,4134.03
2021-02-02 15:40:00,1612280400.0,5.0934,5.0934,5.0488,5.0692,44705.59
2021-02-02 15:41:00,1612280460.0,5.0692,5.0759,5.0577,5.0716,2259.18
2021-02-02 15:42:00,1612280520.0,5.0677,5.0788,5.0664,5.0767,8504.53
2021-02-02 15:43:00,1612280580.0,5.0685,5.0743,5.0648,5.0731,847.81
2021-02-02 15:44:00,1612280640.0,5.0731,5.0775,5.0666,5.0772,1292.2
2021-02-02 15:45:00,1612280700.0,5.0705,5.0763,5.0701,5.0749,1941.83
2021-02-02 15:46:00,1612280760.0,5.0703,5.077,5.0665,5.072,1497.22
2021-02-02 15:47:00,1612280820.0,5.0714,5.0727,5.0543,5.0687,3027.23
2021-02-02 15:48:00,1612280880.0,5.0623,5.0685,5.0602,5.0602,1489.56
2021-02-02 15:49:00,1612280940.0,5.0668,5.0673,5.0507,5.0602,3929.74
2021-02-02 15:50:00,1612281000.0,5.0617,5.0657,5.0549,5.0589,985.49
2021-02-02 15:51:00,1612281060.0,5.0537,5.0583,5.0248,5.0266,8992.07
2021-02-02 15:52:00,1612281120.0,5.0342,5.0425,5.024,5.0403,8562.19
2021-02-02 15:53:00,1612281180.0,5.0403,5.0407,5.038,5.0405,688.0
2021-02-02 15:54:00,1612281240.0,5.0365,5.0552,5.0365,5.0552,577.09
2021-02-02 15:55:00,1612281300.0,5.0558,5.0687,5.0525,5.0677,1308.54
2021-02-02 15:56:00,1612281360.0,5.0691,5.0791,5.0689,5.0701,1122.78
2021-02-02 15:57:00,1612281420.0,5.0709,5.0765,5.067,5.072,572.16
2021-02-02 15:58:00,1612281480.0,5.0722,5.0738,5.0589,5.0656,204.99
2021-02-02 15:59:00,1612281540.0,5.0605,5.062,5.05,5.0612,487.07
2021-02-02 16:00:00,1612281600.0,5.0523,5.0808,5.0499,5.0795,4122.51
2021-02-02 16:01:00,1612281660.0,5.0793,5.0809,5.0755,5.0802,1111.85
2021-02-02 16:02:00,1612281720.0,5.0802,5.0802,5.0621,5.0689,1669.97
2021-02-02 16:03:00,1612281780.0,5.068,5.068,5.0401,5.0499,1974.49
2021-02-02 16:04:00,1612281840.0,5.0424,5.0495,5.0365,5.0386,3548.54
2021-02-02 16:05:00,1612281900.0,5.0447,5.0608,5.0365,5.0608,2366.92
2021-02-02 16:06:00,1612281960.0,5.0599,5.0666,5.0546,5.0587,7319.63
2021-02-02 16:07:00,1612282020.0,5.0558,5.06,5.0546,5.0595,1053.98
2021-02-02 16:08:00,1612282080.0,5.0594,5.0707,5.0593,5.0677,5877.82
2021-02-02 16:09:00,1612282140.0,5.0637,5.0676,5.0564,5.0667,1467.21
2021-02-02 16:10:00,1612282200.0,5.0671,5.0708,5.0641,5.0651,725.07
2021-02-02 16:11:00,1612282260.0,5.0704,5.0762,5.0678,5.0759,678.72
2021-02-02 16:12:00,1612282320.0,5.0753,5.0753,5.0546,5.062,1055.6
2021-02-02 16:13:00,1612282380.0,5.0556,5.062,5.0546,5.0554,5339.96
2021-02-02 16:14:00,1612282440.0,5.0559,5.0566,5.0386,5.0436,2860.64
2021-02-02 16:15:00,1612282500.0,5.0391,5.0476,5.0343,5.0343,3185.65
2021-02-02 16:16:00,1612282560.0,5.0375,5.0382,5.032,5.0362,723.31
2021-02-02 16:17:00,1612282620.0,5.032,5.0577,5.03,5.0569,4201.79
2021-02-02 16:18:00,1612282680.0,5.053,5.0722,5.053,5.0693,1057.82
2021-02-02 16:19:00,1612282740.0,5.0721,5.0855,5.0718,5.0855,1785.32
2021-02-02 16:20:00,1612282800.0,5.0835,5.0916,5.0784,5.0808,1973.02
2021-02-02 16:21:00,1612282860.0,5.0867,5.0919,5.083,5.0898,1449.68
2021-02-02 16:22:00,1612282920.0,5.0933,5.0993,5.0899,5.098,537.87
2021-02-02 16:23:00,1612282980.0,5.0931,5.1002,5.09,5.0989,1239.36
2021-02-02 16:24:00,1612283040.0,5.0988,5.0988,5.0853,5.0988,1147.51
2021-02-02 16:25:00,1612283100.0,5.0963,5.1247,5.0939,5.111,7908.98
2021-02-02 16:26:00,1612283160.0,5.11,5.1168,5.0947,5.1048,10549.5
2021-02-02 16:27:00,1612283220.0,5.1061,5.1191,5.1051,5.1191,6826.35
2021-02-02 16:28:00,1612283280.0,5.1145,5.1185,5.1117,5.1137,855.23
2021-02-02 16:29:00,1612283340.0,5.114,5.1184,5.1069,5.11,7722.34
2021-02-02 16:30:00,1612283400.0,5.11,5.1299,5.11,5.1269,3242.7
2021-02-02 16:31:00,1612283460.0,5.1182,5.1229,5.1004,5.1223,1477.15
2021-02-02 16:32:00,1612283520.0,5.1229,5.1299,5.1058,5.1146,3030.22
2021-02-02 16:33:00,1612283580.0,5.1146,5.1224,5.11,5.1185,739.16
2021-02-02 16:34:00,1612283640.0,5.1174,5.1207,5.1029,5.1108,2340.57
2021-02-02 16:35:00,1612283700.0,5.1137,5.1259,5.103,5.1196,2305.7
2021-02-02 16:36:00,1612283760.0,5.1147,5.1223,5.1054,5.1202,996.9
2021-02-02 16:37:00,1612283820.0,5.121,5.1269,5.1153,5.1253,582.54
2021-02-02 16:38:00,1612283880.0,5.1253,5.1256,5.107,5.1169,2737.3
2021-02-02 16:39:00,1612283940.0,5.1198,5.1256,5.1149,5.1241,607.65
2021-02-02 16:40:00,1612284000.0,5.1176,5.1308,5.1172,5.1231,1552.51
2021-02-02 16:41:00,1612284060.0,5.1206,5.1333,5.1206,5.1333,4030.85
2021-02-02 16:42:00,1612284120.0,5.1314,5.1331,5.1175,5.1272,663.47
2021-02-02 16:43:00,1612284180.0,5.1276,5.1315,5.1178,5.125,521.78
2021-02-02 16:44:00,1612284240.0,5.125,5.1253,5.1107,5.1207,1513.95
2021-02-02 16:45:00,1612284300.0,5.1182,5.1206,5.1175,5.1183,446.44
2021-02-02 16:46:00,1612284360.0,5.1186,5.1195,5.1101,5.1189,1130.0
2021-02-02 16:47:00,1612284420.0,5.1189,5.1201,5.1122,5.119,359.09
2021-02-02 16:48:00,1612284480.0,5.1186,5.1192,5.111,5.1186,1835.72
2021-02-02 16:49:00,1612284540.0,5.118,5.118,5.1091,5.11,1784.19
2021-02-02 16:50:00,1612284600.0,5.11,5.1144,5.1003,5.1003,1017.42
2021-02-02 16:51:00,1612284660.0,5.1015,5.102,5.1,5.1005,692.95
2021-02-02 16:52:00,1612284720.0,5.1058,5.117,5.1048,5.1082,495.67
2021-02-02 16:53:00,1612284780.0,5.1154,5.1389,5.1154,5.1306,4668.58
2021-02-02 16:54:00,1612284840.0,5.1292,5.1457,5.1254,5.1437,11473.11
2021-02-02 16:55:00,1612284900.0,5.1384,5.1453,5.1322,5.1322,974.87
2021-02-02 16:56:00,1612284960.0,5.136,5.1364,5.1296,5.1296,765.11
2021-02-02 16:57:00,1612285020.0,5.1296,5.1325,5.1183,5.1215,1376.38
2021-02-02 16:58:00,1612285080.0,5.1216,5.1281,5.1018,5.1059,1816.76
2021-02-02 16:59:00,1612285140.0,5.1086,5.1088,5.1025,5.1086,3710.26
2021-02-02 17:00:00,1612285200.0,5.1086,5.1088,5.1026,5.1088,1280.08
2021-02-02 17:01:00,1612285260.0,5.1087,5.1088,5.1028,5.1088,1021.85
2021-02-02 17:02:00,1612285320.0,5.1088,5.1088,5.1019,5.1022,721.92
2021-02-02 17:03:00,1612285380.0,5.1075,5.1088,5.1031,5.1057,900.11
2021-02-02 17:04:00,1612285440.0,5.1057,5.1057,5.0899,5.0957,4812.29
2021-02-02 17:05:00,1612285500.0,5.0973,5.1072,5.0973,5.1021,920.54
2021-02-02 17:06:00,1612285560.0,5.1031,5.1044,5.0939,5.0953,1478.93
2021-02-02 17:07:00,1612285620.0,5.0986,5.1011,5.0893,5.0951,7717.13
2021-02-02 17:08:00,1612285680.0,5.095,5.0957,5.0882,5.095,548.98
2021-02-02 17:09:00,1612285740.0,5.095,5.1088,5.095,5.0995,1040.27
2021-02-02 17:10:00,1612285800.0,5.1086,5.1252,5.1016,5.1224,952.09
2021-02-02 17:11:00,1612285860.0,5.1224,5.125,5.1144,5.1243,500.04
2021-02-02 17:12:00,1612285920.0,5.1239,5.1333,5.1178,5.1333,3166.08
2021-02-02 17:13:00,1612285980.0,5.1365,5.1435,5.1285,5.1411,5172.86
2021-02-02 17:14:00,1612286040.0,5.142,5.16,5.1374,5.1591,5910.71
2021-02-02 17:15:00,1612286100.0,5.1591,5.16,5.1489,5.1565,4788.74
2021-02-02 17:16:00,1612286160.0,5.1563,5.1564,5.135,5.1475,2197.55
2021-02-02 17:17:00,1612286220.0,5.1484,5.1529,5.1385,5.1496,818.98
2021-02-02 17:18:00,1612286280.0,5.1498,5.1509,5.1349,5.1465,1273.89
2021-02-02 17:19:00,1612286340.0,5.1376,5.1542,5.1333,5.1526,1173.19
2021-02-02 17:20:00,1612286400.0,5.1533,5.1534,5.1369,5.1449,567.4
2021-02-02 17:21:00,1612286460.0,5.1456,5.1466,5.1414,5.1466,453.63
2021-02-02 17:22:00,1612286520.0,5.1456,5.1494,5.1355,5.1494,289.61
2021-02-02 17:23:00,1612286580.0,5.1409,5.15,5.1403,5.1499,3848.1
2021-02-02 17:24:00,1612286640.0,5.1499,5.15,5.1434,5.1497,720.14
2021-02-02 17:25:00,1612286700.0,5.1518,5.1581,5.1461,5.1579,759.12
2021-02-02 17:26:00,1612286760.0,5.1534,5.164,5.1531,5.1587,1994.95
2021-02-02 17:27:00,1612286820.0,5.164,5.1705,5.1552,5.1634,1759.98
2021-02-02 17:28:00,1612286880.0,5.1643,5.1691,5.1615,5.1691,1435.83
2021-02-02 17:29:00,1612286940.0,5.1709,5.1766,5.1643,5.1766,1601.42
2021-02-02 17:30:00,1612287000.0,5.176,5.1986,5.166,5.192,7573.91
2021-02-02 17:31:00,1612287060.0,5.192,5.209,5.1892,5.2015,5261.79
2021-02-02 17:32:00,1612287120.0,5.2015,5.2098,5.1931,5.2044,4304.11
2021-02-02 17:33:00,1612287180.0,5.2054,5.2187,5.2022,5.2178,3766.77
2021-02-02 17:34:00,1612287240.0,5.2183,5.2279,5.2117,5.2262,5606.27
2021-02-02 17:35:00,1612287300.0,5.2271,5.2304,5.2184,5.2184,5916.07
2021-02-02 17:36:00,1612287360.0,5.2161,5.2248,5.2149,5.2239,1339.28
2021-02-02 17:37:00,1612287420.0,5.2235,5.2342,5.217,5.2333,4563.64
2021-02-02 17:38:00,1612287480.0,5.2332,5.2342,5.2013,5.2136,4500.8
2021-02-02 17:39:00,1612287540.0,5.2051,5.2158,5.1804,5.1974,6144.83
2021-02-02 17:40:00,1612287600.0,5.1984,5.207,5.1979,5.2069,3096.74
2021-02-02 17:41:00,1612287660.0,5.2028,5.2134,5.1961,5.2094,2790.24
2021-02-02 17:42:00,1612287720.0,5.2012,5.21,5.2012,5.2069,884.66
2021-02-02 17:43:00,1612287780.0,5.2067,5.21,5.202,5.2099,1388.72
2021-02-02 17:44:00,1612287840.0,5.21,5.2387,5.21,5.2254,4276.82
2021-02-02 17:45:00,1612287900.0,5.2269,5.2426,5.2229,5.2396,5917.55
2021-02-02 17:46:00,1612287960.0,5.2356,5.2529,5.2329,5.2529,4723.89
2021-02-02 17:47:00,1612288020.0,5.2458,5.2509,5.2421,5.248,987.12
2021-02-02 17:48:00,1612288080.0,5.2428,5.2499,5.242,5.2448,1912.84
2021-02-02 17:49:00,1612288140.0,5.242,5.2464,5.242,5.2459,1369.59
2021-02-02 17:50:00,1612288200.0,5.2424,5.2555,5.2424,5.25,3122.14
2021-02-02 17:51:00,1612288260.0,5.2456,5.2508,5.2432,5.2475,1012.64
2021-02-02 17:52:00,1612288320.0,5.2475,5.25,5.244,5.2499,693.48
2021-02-02 17:53:00,1612288380.0,5.2501,5.2604,5.2499,5.2565,1161.8
2021-02-02 17:54:00,1612288440.0,5.2565,5.2666,5.2548,5.2587,3524.02
2021-02-02 17:55:00,1612288500.0,5.2588,5.2588,5.2023,5.2076,13902.75
2021-02-02 17:56:00,1612288560.0,5.2065,5.2107,5.2007,5.2007,1227.95
2021-02-02 17:57:00,1612288620.0,5.2007,5.209,5.1814,5.209,5967.53
2021-02-02 17:58:00,1612288680.0,5.2041,5.2135,5.2016,5.2016,1262.41
2021-02-02 17:59:00,1612288740.0,5.2008,5.2047,5.1916,5.1916,2161.59
2021-02-02 18:00:00,1612288800.0,5.1916,5.1971,5.182,5.1894,3213.31
2021-02-02 18:01:00,1612288860.0,5.1894,5.1905,5.1672,5.1747,5763.53
2021-02-02 18:02:00,1612288920.0,5.1746,5.179,5.1567,5.1579,5598.35
2021-02-02 18:03:00,1612288980.0,5.1596,5.1724,5.1515,5.1593,6252.32
2021-02-02 18:04:00,1612289040.0,5.1583,5.1953,5.1435,5.1952,8768.1
2021-02-02 18:05:00,1612289100.0,5.195,5.196,5.1668,5.1819,4004.41
2021-02-02 18:06:00,1612289160.0,5.1815,5.1952,5.1792,5.1882,737.66
2021-02-02 18:07:00,1612289220.0,5.1957,5.1976,5.1889,5.1972,555.9
2021-02-02 18:08:00,1612289280.0,5.196,5.1968,5.178,5.1925,1719.91
2021-02-02 18:09:00,1612289340.0,5.1929,5.193,5.1847,5.1898,556.03
2021-02-02 18:10:00,1612289400.0,5.1896,5.19,5.1762,5.18,1890.13
2021-02-02 18:11:00,1612289460.0,5.18,5.19,5.18,5.1858,1604.84
2021-02-02 18:12:00,1612289520.0,5.1858,5.1978,5.1847,5.1967,1379.34
2021-02-02 18:13:00,1612289580.0,5.1979,5.199,5.1915,5.196,537.76
2021-02-02 18:14:00,1612289640.0,5.1956,5.1982,5.1909,5.1965,819.75
2021-02-02 18:15:00,1612289700.0,5.1969,5.1974,5.1912,5.1947,799.24
2021-02-02 18:16:00,1612289760.0,5.1931,5.199,5.1871,5.1919,2248.76
2021-02-02 18:17:00,1612289820.0,5.1937,5.1972,5.1871,5.1871,5362.87
2021-02-02 18:18:00,1612289880.0,5.1871,5.1878,5.1598,5.1636,4391.47
2021-02-02 18:19:00,1612289940.0,5.1573,5.16,5.1487,5.1507,2781.61
2021-02-02 18:20:00,1612290000.0,5.149,5.1559,5.141,5.1464,3325.64
2021-02-02 18:21:00,1612290060.0,5.1415,5.1552,5.1415,5.1546,941.03
2021-02-02 18:22:00,1612290120.0,5.1548,5.1749,5.1498,5.1749,867.14
2021-02-02 18:23:00,1612290180.0,5.1694,5.1721,5.1565,5.1591,376.54
2021-02-02 18:24:00,1612290240.0,5.1655,5.1655,5.1474,5.1474,330.16
2021-02-02 18:25:00,1612290300.0,5.1537,5.1553,5.1486,5.1536,1321.42
2021-02-02 18:26:00,1612290360.0,5.1545,5.1545,5.1401,5.1401,953.09
2021-02-02 18:27:00,1612290420.0,5.1401,5.1439,5.1336,5.1399,1779.4
2021-02-02 18:28:00,1612290480.0,5.1399,5.1423,5.1399,5.1423,270.19
2021-02-02 18:29:00,1612290540.0,5.1423,5.1446,5.1381,5.1423,107.86
2021-02-02 18:30:00,1612290600.0,5.1439,5.1497,5.14,5.1439,1141.34
2021-02-02 18:31:00,1612290660.0,5.1463,5.1577,5.1427,5.1513,1367.95
2021-02-02 18:32:00,1612290720.0,5.1591,5.162,5.1514,5.1514,696.54
2021-02-02 18:33:00,1612290780.0,5.1576,5.1838,5.1522,5.1812,1454.47
2021-02-02 18:34:00,1612290840.0,5.1798,5.1804,5.1723,5.1798,927.52
2021-02-02 18:35:00,1612290900.0,5.1798,5.1824,5.1749,5.1824,375.77
2021-02-02 18:36:00,1612290960.0,5.1825,5.1852,5.176,5.1815,477.99
2021-02-02 18:37:00,1612291020.0,5.1805,5.1843,5.1737,5.1777,951.84
2021-02-02 18:38:00,1612291080.0,5.1835,5.1844,5.1798,5.18,781.64
2021-02-02 18:39:00,1612291140.0,5.1837,5.1837,5.1775,5.1822,447.84
2021-02-02 18:40:00,1612291200.0,5.1829,5.1829,5.1629,5.1629,1641.3
2021-02-02 18:41:00,1612291260.0,5.1621,5.1668,5.1578,5.1641,2411.98
2021-02-02 18:42:00,1612291320.0,5.164,5.166,5.1599,5.1637,2452.05
2021-02-02 18:43:00,1612291380.0,5.1638,5.1721,5.1618,5.1668,567.35
2021-02-02 18:44:00,1612291440.0,5.1669,5.1696,5.1617,5.1672,1128.2
2021-02-02 18:45:00,1612291500.0,5.1629,5.1707,5.1621,5.1644,756.36
2021-02-02 18:46:00,1612291560.0,5.1641,5.1688,5.1617,5.1688,530.48
2021-02-02 18:47:00,1612291620.0,5.1651,5.1682,5.1618,5.1655,294.34
2021-02-02 18:48:00,1612291680.0,5.1655,5.1655,5.1617,5.1654,415.73
2021-02-02 18:49:00,1612291740.0,5.1654,5.1654,5.1617,5.1649,1548.45
2021-02-02 18:50:00,1612291800.0,5.1648,5.1648,5.1617,5.1617,338.92
2021-02-02 18:51:00,1612291860.0,5.1632,5.1775,5.1617,5.1725,2542.65
2021-02-02 18:52:00,1612291920.0,5.1724,5.1795,5.1631,5.1759,1564.07
2021-02-02 18:53:00,1612291980.0,5.1738,5.178,5.1677,5.1714,1053.36
2021-02-02 18:54:00,1612292040.0,5.1743,5.1782,5.1692,5.1782,1573.45
2021-02-02 18:55:00,1612292100.0,5.1744,5.1831,5.1744,5.1795,299.75
2021-02-02 18:56:00,1612292160.0,5.1764,5.1767,5.1718,5.176,480.87
2021-02-02 18:57:00,1612292220.0,5.1746,5.1794,5.1721,5.1745,246.58
2021-02-02 18:58:00,1612292280.0,5.1722,5.1722,5.166,5.166,710.82
2021-02-02 18:59:00,1612292340.0,5.168,5.1704,5.1617,5.1617,1763.58
2021-02-02 19:00:00,1612292400.0,5.1617,5.1653,5.1569,5.1653,1913.54
2021-02-02 19:01:00,1612292460.0,5.1652,5.1653,5.1611,5.1653,792.68
2021-02-02 19:02:00,1612292520.0,5.1654,5.1654,5.1609,5.1609,360.85
2021-02-02 19:03:00,1612292580.0,5.1609,5.1795,5.1604,5.1753,3148.48
2021-02-02 19:04:00,1612292640.0,5.1731,5.1766,5.134,5.1346,12132.34
2021-02-02 19:05:00,1612292700.0,5.1385,5.147,5.1343,5.1408,1296.68
2021-02-02 19:06:00,1612292760.0,5.1401,5.1541,5.1315,5.1438,3159.68
2021-02-02 19:07:00,1612292820.0,5.1407,5.1407,5.1288,5.1364,1870.58
2021-02-02 19:08:00,1612292880.0,5.1364,5.1364,5.1316,5.1341,1655.37
2021-02-02 19:09:00,1612292940.0,5.1341,5.1665,5.1341,5.1493,3798.63
2021-02-02 19:10:00,1612293000.0,5.1528,5.1777,5.1522,5.17,3712.5
2021-02-02 19:11:00,1612293060.0,5.1674,5.1729,5.1664,5.1681,525.29
2021-02-02 19:12:00,1612293120.0,5.1681,5.1692,5.1563,5.1616,1210.32
2021-02-02 19:13:00,1612293180.0,5.1614,5.1707,5.1576,5.1607,1478.98
2021-02-02 19:14:00,1612293240.0,5.1572,5.164,5.1562,5.1634,1127.77
2021-02-02 19:15:00,1612293300.0,5.1634,5.177,5.1589,5.174,4860.88
2021-02-02 19:16:00,1612293360.0,5.174,5.174,5.1624,5.1704,1923.99
2021-02-02 19:17:00,1612293420.0,5.1704,5.1805,5.1682,5.1704,1300.87
2021-02-02 19:18:00,1612293480.0,5.1719,5.176,5.1695,5.1733,400.35
2021-02-02 19:19:00,1612293540.0,5.1733,5.1788,5.1684,5.1688,809.08
2021-02-02 19:20:00,1612293600.0,5.1688,5.1739,5.1585,5.1628,1170.83
2021-02-02 19:21:00,1612293660.0,5.1615,5.1719,5.1604,5.1702,1751.8
2021-02-02 19:22:00,1612293720.0,5.1696,5.1696,5.163,5.1663,576.24
2021-02-02 19:23:00,1612293780.0,5.1662,5.1674,5.1606,5.1649,1508.18
2021-02-02 19:24:00,1612293840.0,5.1646,5.1647,5.1596,5.1624,726.39
2021-02-02 19:25:00,1612293900.0,5.1624,5.1656,5.1594,5.1594,730.36
2021-02-02 19:26:00,1612293960.0,5.1562,5.1637,5.1541,5.1633,1536.83
2021-02-02 19:27:00,1612294020.0,5.1656,5.1781,5.1644,5.1718,747.39
2021-02-02 19:28:00,1612294080.0,5.1762,5.1838,5.1695,5.1729,1356.46
2021-02-02 19:29:00,1612294140.0,5.1729,5.1787,5.169,5.1725,1023.34
2021-02-02 19:30:00,1612294200.0,5.174,5.1769,5.1581,5.1633,992.5
2021-02-02 19:31:00,1612294260.0,5.1601,5.1698,5.1601,5.1654,661.13
2021-02-02 19:32:00,1612294320.0,5.1654,5.1878,5.1654,5.1871,2950.31
2021-02-02 19:33:00,1612294380.0,5.1871,5.2019,5.1845,5.1997,4648.67
2021-02-02 19:34:00,1612294440.0,5.1987,5.2055,5.1975,5.2022,1221.79
2021-02-02 19:35:00,1612294500.0,5.1996,5.2102,5.1965,5.2039,2656.7
2021-02-02 19:36:00,1612294560.0,5.2034,5.2057,5.2,5.2034,780.31
2021-02-02 19:37:00,1612294620.0,5.2034,5.2064,5.1962,5.1962,989.43
2021-02-02 19:38:00,1612294680.0,5.2008,5.2013,5.1981,5.2012,377.66
2021-02-02 19:39:00,1612294740.0,5.2012,5.204,5.2,5.2033,688.06
2021-02-02 19:40:00,1612294800.0,5.2053,5.2053,5.171,5.1831,989.96
2021-02-02 19:41:00,1612294860.0,5.1831,5.185,5.1808,5.183,984.31
2021-02-02 19:42:00,1612294920.0,5.1828,5.1915,5.1811,5.1894,758.44
2021-02-02 19:43:00,1612294980.0,5.1894,5.1934,5.1843,5.1845,960.26
2021-02-02 19:44:00,1612295040.0,5.1869,5.187,5.1797,5.1837,714.74
2021-02-02 19:45:00,1612295100.0,5.1833,5.1935,5.1831,5.1933,948.5
2021-02-02 19:46:00,1612295160.0,5.1934,5.1979,5.1892,5.1898,1493.29
2021-02-02 19:47:00,1612295220.0,5.1883,5.1967,5.1883,5.1937,598.9
2021-02-02 19:48:00,1612295280.0,5.1937,5.2098,5.192,5.2067,2127.28
2021-02-02 19:49:00,1612295340.0,5.2026,5.2067,5.2026,5.2065,672.33
2021-02-02 19:50:00,1612295400.0,5.2065,5.2067,5.1968,5.1975,1518.68
2021-02-02 19:51:00,1612295460.0,5.2003,5.2032,5.1877,5.1899,2942.27
2021-02-02 19:52:00,1612295520.0,5.1876,5.192,5.1855,5.192,963.02
2021-02-02 19:53:00,1612295580.0,5.192,5.1973,5.1872,5.1954,2002.78
2021-02-02 19:54:00,1612295640.0,5.1951,5.1953,5.1863,5.1926,1228.28
2021-02-02 19:55:00,1612295700.0,5.1883,5.1969,5.1883,5.1925,1116.15
2021-02-02 19:56:00,1612295760.0,5.1941,5.1948,5.1642,5.1669,9091.41
2021-02-02 19:57:00,1612295820.0,5.1706,5.1936,5.1617,5.1751,6032.12
2021-02-02 19:58:00,1612295880.0,5.1754,5.1757,5.162,5.1657,1756.59
2021-02-02 19:59:00,1612295940.0,5.1657,5.1682,5.1599,5.1654,1401.83
2021-02-02 20:00:00,1612296000.0,5.1654,5.1654,5.1547,5.1601,2815.92
2021-02-02 20:01:00,1612296060.0,5.1601,5.1618,5.1547,5.1552,1802.78
2021-02-02 20:02:00,1612296120.0,5.1601,5.161,5.1457,5.15,2703.99
2021-02-02 20:03:00,1612296180.0,5.1532,5.1595,5.1491,5.1522,1851.97
2021-02-02 20:04:00,1612296240.0,5.1505,5.1532,5.1459,5.1506,1681.68
2021-02-02 20:05:00,1612296300.0,5.1506,5.1557,5.146,5.1487,1222.27
2021-02-02 20:06:00,1612296360.0,5.151,5.1568,5.1466,5.1497,1091.34
2021-02-02 20:07:00,1612296420.0,5.1469,5.1494,5.1393,5.1464,1994.88
2021-02-02 20:08:00,1612296480.0,5.1462,5.1529,5.143,5.1476,2472.93
2021-02-02 20:09:00,1612296540.0,5.1476,5.1485,5.1378,5.1436,2015.9
2021-02-02 20:10:00,1612296600.0,5.1438,5.1489,5.1346,5.1451,2864.72
2021-02-02 20:11:00,1612296660.0,5.148,5.1618,5.1401,5.1417,2477.53
2021-02-02 20:12:00,1612296720.0,5.142,5.1436,5.1323,5.1402,2660.97
2021-02-02 20:13:00,1612296780.0,5.1398,5.1563,5.138,5.15,3433.13
2021-02-02 20:14:00,1612296840.0,5.1517,5.1518,5.1373,5.1415,859.86
2021-02-02 20:15:00,1612296900.0,5.1417,5.1452,5.1302,5.1302,956.98
2021-02-02 20:16:00,1612296960.0,5.1372,5.1394,5.1355,5.1379,866.25
2021-02-02 20:17:00,1612297020.0,5.1379,5.1384,5.1343,5.1383,1695.91
2021-02-02 20:18:00,1612297080.0,5.1377,5.1414,5.1173,5.1297,3727.94
2021-02-02 20:19:00,1612297140.0,5.1297,5.1376,5.1257,5.1332,2605.42
2021-02-02 20:20:00,1612297200.0,5.1365,5.1434,5.1324,5.1427,998.24
2021-02-02 20:21:00,1612297260.0,5.1423,5.1682,5.1377,5.1377,5458.19
2021-02-02 20:22:00,1612297320.0,5.1343,5.1374,5.125,5.1295,2268.8
2021-02-02 20:23:00,1612297380.0,5.1294,5.1295,5.1109,5.1239,9737.66
2021-02-02 20:24:00,1612297440.0,5.1239,5.1321,5.1211,5.1265,1261.95
2021-02-02 20:25:00,1612297500.0,5.1264,5.1332,5.124,5.1261,877.24
2021-02-02 20:26:00,1612297560.0,5.1246,5.1279,5.1215,5.1223,883.29
2021-02-02 20:27:00,1612297620.0,5.1248,5.1453,5.1246,5.142,3655.53
2021-02-02 20:28:00,1612297680.0,5.142,5.142,5.1305,5.1343,745.48
2021-02-02 20:29:00,1612297740.0,5.1341,5.1383,5.1298,5.1298,1282.63
2021-02-02 20:30:00,1612297800.0,5.1311,5.14,5.1278,5.1394,838.35
2021-02-02 20:31:00,1612297860.0,5.1394,5.1534,5.1393,5.1503,2162.11
2021-02-02 20:32:00,1612297920.0,5.15,5.15,5.1364,5.1478,2553.67
2021-02-02 20:33:00,1612297980.0,5.1478,5.1536,5.1477,5.1521,797.09
2021-02-02 20:34:00,1612298040.0,5.1521,5.1615,5.1506,5.1549,1373.05
2021-02-02 20:35:00,1612298100.0,5.1549,5.161,5.1518,5.1567,1849.68
2021-02-02 20:36:00,1612298160.0,5.1567,5.1607,5.1401,5.1426,2017.66
2021-02-02 20:37:00,1612298220.0,5.1426,5.159,5.1426,5.1476,1543.74
2021-02-02 20:38:00,1612298280.0,5.1475,5.1563,5.1405,5.1451,1343.03
2021-02-02 20:39:00,1612298340.0,5.1451,5.1515,5.1409,5.1515,794.69
2021-02-02 20:40:00,1612298400.0,5.1514,5.1514,5.1375,5.1406,783.32
2021-02-02 20:41:00,1612298460.0,5.1406,5.1469,5.1367,5.1432,2800.31
2021-02-02 20:42:00,1612298520.0,5.1379,5.1433,5.1301,5.1381,3097.4
2021-02-02 20:43:00,1612298580.0,5.138,5.1437,5.1371,5.1405,1421.24
2021-02-02 20:44:00,1612298640.0,5.1405,5.1742,5.1405,5.1669,1997.82
2021-02-02 20:45:00,1612298700.0,5.1537,5.1714,5.1537,5.1618,1442.82
2021-02-02 20:46:00,1612298760.0,5.1638,5.17,5.1479,5.164,5764.66
2021-02-02 20:47:00,1612298820.0,5.1673,5.17,5.1643,5.1699,628.51
2021-02-02 20:48:00,1612298880.0,5.1699,5.1699,5.1494,5.1568,2116.39
2021-02-02 20:49:00,1612298940.0,5.1568,5.1568,5.1449,5.1501,969.68
2021-02-02 20:50:00,1612299000.0,5.1503,5.1529,5.1475,5.1513,529.86
2021-02-02 20:51:00,1612299060.0,5.1508,5.1508,5.1396,5.1437,752.56
2021-02-02 20:52:00,1612299120.0,5.1437,5.2192,5.1437,5.2111,28108.65
2021-02-02 20:53:00,1612299180.0,5.2086,5.2166,5.202,5.2062,3418.05
2021-02-02 20:54:00,1612299240.0,5.2109,5.25,5.2109,5.2395,8393.4
2021-02-02 20:55:00,1612299300.0,5.2444,5.2975,5.2444,5.2918,15045.09
2021-02-02 20:56:00,1612299360.0,5.2946,5.3,5.2483,5.2731,19464.35
2021-02-02 20:57:00,1612299420.0,5.2743,5.28,5.2453,5.2543,7436.16
2021-02-02 20:58:00,1612299480.0,5.254,5.272,5.2501,5.265,4060.53
2021-02-02 20:59:00,1612299540.0,5.265,5.3105,5.2552,5.3035,18025.65
2021-02-02 21:00:00,1612299600.0,5.3092,5.3105,5.2832,5.2911,7209.14
2021-02-02 21:01:00,1612299660.0,5.2947,5.3097,5.2694,5.2744,25523.47
2021-02-02 21:02:00,1612299720.0,5.2742,5.311,5.2664,5.2985,11209.39
2021-02-02 21:03:00,1612299780.0,5.2965,5.3052,5.2791,5.2791,3210.22
2021-02-02 21:04:00,1612299840.0,5.2838,5.2838,5.271,5.2718,801.6
2021-02-02 21:05:00,1612299900.0,5.2718,5.2771,5.2566,5.2569,4981.86
2021-02-02 21:06:00,1612299960.0,5.2569,5.2673,5.2553,5.261,1117.89
2021-02-02 21:07:00,1612300020.0,5.2611,5.2756,5.257,5.2618,3096.84
2021-02-02 21:08:00,1612300080.0,5.2653,5.2802,5.2614,5.2687,1662.81
2021-02-02 21:09:00,1612300140.0,5.2704,5.28,5.2633,5.2666,3966.87
2021-02-02 21:10:00,1612300200.0,5.2754,5.2956,5.2754,5.2872,908.51
2021-02-02 21:11:00,1612300260.0,5.2871,5.304,5.284,5.2969,2370.22
2021-02-02 21:12:00,1612300320.0,5.2982,5.2982,5.2875,5.293,775.59
2021-02-02 21:13:00,1612300380.0,5.2891,5.2946,5.2853,5.2865,1488.85
2021-02-02 21:14:00,1612300440.0,5.2836,5.2894,5.2823,5.285,412.94
2021-02-02 21:15:00,1612300500.0,5.2849,5.2948,5.2849,5.2921,234.46
2021-02-02 21:16:00,1612300560.0,5.295,5.3003,5.2865,5.2895,911.9
2021-02-02 21:17:00,1612300620.0,5.2951,5.3025,5.2881,5.297,2101.73
2021-02-02 21:18:00,1612300680.0,5.2951,5.2965,5.2799,5.2799,1367.19
2021-02-02 21:19:00,1612300740.0,5.2823,5.2868,5.2701,5.275,2565.63
2021-02-02 21:20:00,1612300800.0,5.2723,5.2723,5.2421,5.2585,4925.54
2021-02-02 21:21:00,1612300860.0,5.2591,5.2611,5.2494,5.2511,1971.65
2021-02-02 21:22:00,1612300920.0,5.2512,5.2563,5.2505,5.2553,806.54
2021-02-02 21:23:00,1612300980.0,5.2554,5.2578,5.252,5.2558,1573.97
2021-02-02 21:24:00,1612301040.0,5.253,5.2539,5.2435,5.2435,1246.03
2021-02-02 21:25:00,1612301100.0,5.2468,5.2496,5.2398,5.2398,1138.56
2021-02-02 21:26:00,1612301160.0,5.2447,5.2594,5.2405,5.2526,2062.07
2021-02-02 21:27:00,1612301220.0,5.25,5.2592,5.25,5.2525,488.37
2021-02-02 21:28:00,1612301280.0,5.2525,5.2553,5.2417,5.2477,1618.33
2021-02-02 21:29:00,1612301340.0,5.2526,5.2552,5.2481,5.2512,211.31
2021-02-02 21:30:00,1612301400.0,5.25,5.2523,5.2429,5.2499,611.85
2021-02-02 21:31:00,1612301460.0,5.2483,5.2577,5.2453,5.2533,777.9
2021-02-02 21:32:00,1612301520.0,5.2533,5.2585,5.2517,5.2557,218.63
2021-02-02 21:33:00,1612301580.0,5.2557,5.2604,5.2549,5.2563,325.91
2021-02-02 21:34:00,1612301640.0,5.2563,5.2563,5.2384,5.2391,1334.66
2021-02-02 21:35:00,1612301700.0,5.2419,5.2492,5.2332,5.2438,1243.22
2021-02-02 21:36:00,1612301760.0,5.2469,5.2502,5.2406,5.2457,257.92
2021-02-02 21:37:00,1612301820.0,5.2499,5.2522,5.2425,5.2425,193.47
2021-02-02 21:38:00,1612301880.0,5.2467,5.2509,5.2378,5.2422,1261.96
2021-02-02 21:39:00,1612301940.0,5.2442,5.2513,5.2392,5.2442,1944.48
2021-02-02 21:40:00,1612302000.0,5.2397,5.2433,5.2307,5.2406,662.22
2021-02-02 21:41:00,1612302060.0,5.241,5.2423,5.2238,5.2361,3041.08
2021-02-02 21:42:00,1612302120.0,5.2392,5.2466,5.2392,5.2421,198.55
2021-02-02 21:43:00,1612302180.0,5.2422,5.2527,5.237,5.2379,3889.36
2021-02-02 21:44:00,1612302240.0,5.2441,5.26,5.2418,5.2564,1633.85
2021-02-02 21:45:00,1612302300.0,5.2556,5.27,5.2556,5.2563,3803.76
2021-02-02 21:46:00,1612302360.0,5.2573,5.2651,5.2412,5.2412,250.76
2021-02-02 21:47:00,1612302420.0,5.2385,5.2471,5.218,5.2273,3701.3
2021-02-02 21:48:00,1612302480.0,5.2306,5.2413,5.2222,5.2366,812.51
2021-02-02 21:49:00,1612302540.0,5.2335,5.2405,5.2277,5.2312,1199.43
2021-02-02 21:50:00,1612302600.0,5.2343,5.2562,5.2343,5.2527,2190.58
2021-02-02 21:51:00,1612302660.0,5.2522,5.257,5.2463,5.2467,1820.19
2021-02-02 21:52:00,1612302720.0,5.2538,5.2576,5.2514,5.2514,671.29
2021-02-02 21:53:00,1612302780.0,5.2572,5.2625,5.2507,5.2594,1353.22
2021-02-02 21:54:00,1612302840.0,5.2593,5.2643,5.2445,5.2467,1568.82
2021-02-02 21:55:00,1612302900.0,5.2466,5.25,5.2408,5.25,290.93
2021-02-02 21:56:00,1612302960.0,5.2504,5.252,5.2099,5.2203,4915.56
2021-02-02 21:57:00,1612303020.0,5.2204,5.2434,5.2204,5.2217,1851.98
2021-02-02 21:58:00,1612303080.0,5.2223,5.2306,5.2118,5.2174,782.34
2021-02-02 21:59:00,1612303140.0,5.2196,5.2386,5.2191,5.2242,2004.36
2021-02-02 22:00:00,1612303200.0,5.224,5.2288,5.2102,5.2122,1208.62
2021-02-02 22:01:00,1612303260.0,5.2122,5.2192,5.2117,5.2124,239.0
2021-02-02 22:02:00,1612303320.0,5.2125,5.2188,5.2119,5.2119,276.95
2021-02-02 22:03:00,1612303380.0,5.2162,5.2297,5.2127,5.2127,967.16
2021-02-02 22:04:00,1612303440.0,5.2127,5.2204,5.2127,5.2146,763.07
2021-02-02 22:05:00,1612303500.0,5.2139,5.2182,5.2129,5.2131,640.19
2021-02-02 22:06:00,1612303560.0,5.2131,5.232,5.2131,5.232,1345.69
2021-02-02 22:07:00,1612303620.0,5.2312,5.2336,5.2237,5.2336,246.22
2021-02-02 22:08:00,1612303680.0,5.2344,5.2368,5.2288,5.2315,338.37
2021-02-02 22:09:00,1612303740.0,5.2311,5.24,5.2311,5.24,217.43
2021-02-02 22:10:00,1612303800.0,5.2398,5.2566,5.239,5.2566,2946.14
2021-02-02 22:11:00,1612303860.0,5.2566,5.2696,5.2516,5.2637,2199.68
2021-02-02 22:12:00,1612303920.0,5.2645,5.2883,5.2634,5.2873,6970.84
2021-02-02 22:13:00,1612303980.0,5.2868,5.2883,5.2806,5.2818,306.83
2021-02-02 22:14:00,1612304040.0,5.2868,5.2989,5.2867,5.2951,1937.88
2021-02-02 22:15:00,1612304100.0,5.2951,5.2985,5.2852,5.29,664.71
2021-02-02 22:16:00,1612304160.0,5.2931,5.3137,5.2931,5.3071,2962.58
2021-02-02 22:17:00,1612304220.0,5.301,5.3206,5.3002,5.3149,3418.1
2021-02-02 22:18:00,1612304280.0,5.32,5.3223,5.3088,5.3188,1016.11
2021-02-02 22:19:00,1612304340.0,5.3188,5.3223,5.3043,5.3073,4270.63
2021-02-02 22:20:00,1612304400.0,5.3073,5.3155,5.3073,5.3095,3160.29
2021-02-02 22:21:00,1612304460.0,5.308,5.317,5.3073,5.3122,251.35
2021-02-02 22:22:00,1612304520.0,5.3122,5.3213,5.3122,5.3123,830.16
2021-02-02 22:23:00,1612304580.0,5.3123,5.3171,5.3123,5.3123,641.23
2021-02-02 22:24:00,1612304640.0,5.3165,5.3176,5.3123,5.3123,532.6
2021-02-02 22:25:00,1612304700.0,5.3123,5.33,5.3123,5.33,3727.15
2021-02-02 22:26:00,1612304760.0,5.332,5.3741,5.3269,5.3576,17294.35
2021-02-02 22:27:00,1612304820.0,5.3586,5.4,5.3586,5.3946,12817.86
2021-02-02 22:28:00,1612304880.0,5.3868,5.3926,5.3726,5.3829,6995.53
2021-02-02 22:29:00,1612304940.0,5.3782,5.3986,5.3781,5.3839,1994.18
2021-02-02 22:30:00,1612305000.0,5.3895,5.3896,5.3673,5.3802,7909.07
2021-02-02 22:31:00,1612305060.0,5.3803,5.3858,5.3747,5.3785,2579.52
2021-02-02 22:32:00,1612305120.0,5.3788,5.4026,5.3773,5.3945,7020.11
2021-02-02 22:33:00,1612305180.0,5.3932,5.3999,5.3347,5.3457,9618.67
2021-02-02 22:34:00,1612305240.0,5.3427,5.354,5.3311,5.3394,1418.79
2021-02-02 22:35:00,1612305300.0,5.3345,5.3417,5.3186,5.3198,1866.47
2021-02-02 22:36:00,1612305360.0,5.3206,5.3274,5.3143,5.3253,1255.59
2021-02-02 22:37:00,1612305420.0,5.3245,5.3254,5.3127,5.3209,871.91
2021-02-02 22:38:00,1612305480.0,5.3214,5.3744,5.3213,5.3659,1979.98
2021-02-02 22:39:00,1612305540.0,5.3729,5.3729,5.3354,5.3417,6271.36
2021-02-02 22:40:00,1612305600.0,5.346,5.3465,5.3126,5.3167,3773.49
2021-02-02 22:41:00,1612305660.0,5.3118,5.3141,5.2995,5.3123,1827.29
2021-02-02 22:42:00,1612305720.0,5.3134,5.3198,5.3082,5.3187,519.93
2021-02-02 22:43:00,1612305780.0,5.3132,5.3406,5.3132,5.3406,2404.1
2021-02-02 22:44:00,1612305840.0,5.3417,5.3417,5.3252,5.3256,1701.23
2021-02-02 22:45:00,1612305900.0,5.3323,5.3416,5.3296,5.3416,1193.94
2021-02-02 22:46:00,1612305960.0,5.3416,5.3416,5.3151,5.3283,2389.71
2021-02-02 22:47:00,1612306020.0,5.3151,5.3259,5.3136,5.3254,2820.25
2021-02-02 22:48:00,1612306080.0,5.3223,5.339,5.3204,5.3292,488.67
2021-02-02 22:49:00,1612306140.0,5.3238,5.3366,5.32,5.3243,11550.89
2021-02-02 22:50:00,1612306200.0,5.3252,5.3355,5.3252,5.3327,872.65
2021-02-02 22:51:00,1612306260.0,5.3335,5.3562,5.3309,5.3457,2365.68
2021-02-02 22:52:00,1612306320.0,5.3476,5.3588,5.33,5.3464,3651.09
2021-02-02 22:53:00,1612306380.0,5.3402,5.3452,5.3245,5.3417,4970.42
2021-02-02 22:54:00,1612306440.0,5.3405,5.3529,5.3394,5.3507,1586.81
2021-02-02 22:55:00,1612306500.0,5.3451,5.3573,5.3392,5.3433,3397.98
2021-02-02 22:56:00,1612306560.0,5.3445,5.3466,5.3426,5.3452,1357.61
2021-02-02 22:57:00,1612306620.0,5.339,5.3435,5.3347,5.3347,445.41
2021-02-02 22:58:00,1612306680.0,5.3343,5.3343,5.2996,5.3026,4802.51
2021-02-02 22:59:00,1612306740.0,5.2982,5.303,5.2708,5.2834,1788.88
2021-02-02 23:00:00,1612306800.0,5.2811,5.2838,5.2697,5.2767,946.99
2021-02-02 23:01:00,1612306860.0,5.2713,5.2808,5.2713,5.2806,1258.42
2021-02-02 23:02:00,1612306920.0,5.2807,5.295,5.2776,5.2849,1302.3
2021-02-02 23:03:00,1612306980.0,5.2833,5.2965,5.2823,5.2911,306.69
2021-02-02 23:04:00,1612307040.0,5.2969,5.3056,5.2884,5.2939,2265.38
2021-02-02 23:05:00,1612307100.0,5.2978,5.2987,5.2895,5.2901,1782.75
2021-02-02 23:06:00,1612307160.0,5.2882,5.3007,5.2882,5.2932,693.25
2021-02-02 23:07:00,1612307220.0,5.2996,5.3006,5.2893,5.3004,266.42
2021-02-02 23:08:00,1612307280.0,5.2923,5.3007,5.2923,5.2937,907.48
2021-02-02 23:09:00,1612307340.0,5.3005,5.3005,5.294,5.2998,49.0
2021-02-02 23:10:00,1612307400.0,5.3,5.3197,5.3,5.3103,1917.72
2021-02-02 23:11:00,1612307460.0,5.3179,5.3267,5.3128,5.3159,2002.76
2021-02-02 23:12:00,1612307520.0,5.3171,5.3171,5.3115,5.3115,394.12
2021-02-02 23:13:00,1612307580.0,5.3235,5.3365,5.3215,5.3278,967.9
2021-02-02 23:14:00,1612307640.0,5.3247,5.3294,5.3234,5.328,1195.61
2021-02-02 23:15:00,1612307700.0,5.3242,5.3398,5.3242,5.3312,2113.34
2021-02-02 23:16:00,1612307760.0,5.3332,5.3383,5.3201,5.3303,1710.49
2021-02-02 23:17:00,1612307820.0,5.3303,5.3409,5.3303,5.3318,586.9
2021-02-02 23:18:00,1612307880.0,5.3315,5.3382,5.3268,5.3338,874.29
2021-02-02 23:19:00,1612307940.0,5.3317,5.3338,5.3317,5.3317,1393.39
2021-02-02 23:20:00,1612308000.0,5.3338,5.3338,5.3317,5.3338,300.27
2021-02-02 23:21:00,1612308060.0,5.3317,5.3413,5.3317,5.3336,2101.15
2021-02-02 23:22:00,1612308120.0,5.3336,5.3336,5.3336,5.3336,0.0
2021-02-02 23:23:00,1612308180.0,5.3355,5.3355,5.3336,5.3336,521.06
2021-02-02 23:24:00,1612308240.0,5.3337,5.338,5.3237,5.3237,1354.88
2021-02-02 23:25:00,1612308300.0,5.3232,5.3342,5.3211,5.333,712.31
2021-02-02 23:26:00,1612308360.0,5.3258,5.3292,5.3168,5.3176,687.85
2021-02-02 23:27:00,1612308420.0,5.319,5.3257,5.3172,5.3172,719.54
2021-02-02 23:28:00,1612308480.0,5.3189,5.3189,5.3071,5.3152,1796.21
2021-02-02 23:29:00,1612308540.0,5.3094,5.3152,5.3012,5.308,853.7
2021-02-02 23:30:00,1612308600.0,5.3016,5.3082,5.2806,5.2806,2024.13
2021-02-02 23:31:00,1612308660.0,5.28,5.2919,5.2753,5.2755,3739.68
2021-02-02 23:32:00,1612308720.0,5.2837,5.284,5.2612,5.2631,6071.12
2021-02-02 23:33:00,1612308780.0,5.2637,5.2831,5.263,5.2654,2910.7
2021-02-02 23:34:00,1612308840.0,5.2654,5.2712,5.26,5.2622,3214.68
2021-02-02 23:35:00,1612308900.0,5.2623,5.2764,5.2567,5.2694,4068.2
2021-02-02 23:36:00,1612308960.0,5.2593,5.2752,5.2582,5.2622,2469.19
2021-02-02 23:37:00,1612309020.0,5.2622,5.2729,5.2603,5.2634,2506.6
2021-02-02 23:38:00,1612309080.0,5.2636,5.2785,5.262,5.2671,1960.47
2021-02-02 23:39:00,1612309140.0,5.2643,5.279,5.2643,5.2693,2484.26
2021-02-02 23:40:00,1612309200.0,5.2765,5.2886,5.2683,5.2824,2840.46
2021-02-02 23:41:00,1612309260.0,5.2822,5.2823,5.2656,5.2723,2569.83
2021-02-02 23:42:00,1612309320.0,5.2668,5.28,5.2643,5.27,3387.75
2021-02-02 23:43:00,1612309380.0,5.2656,5.2784,5.262,5.2691,2737.18
2021-02-02 23:44:00,1612309440.0,5.283,5.283,5.2688,5.2742,2413.01
2021-02-02 23:45:00,1612309500.0,5.2799,5.2799,5.2617,5.2685,3142.61
2021-02-02 23:46:00,1612309560.0,5.262,5.2865,5.2618,5.2711,4073.47
2021-02-02 23:47:00,1612309620.0,5.2722,5.2842,5.2711,5.2792,1887.06
2021-02-02 23:48:00,1612309680.0,5.2716,5.2839,5.27,5.27,1896.14
2021-02-02 23:49:00,1612309740.0,5.27,5.2782,5.2647,5.2647,2331.81
2021-02-02 23:50:00,1612309800.0,5.2647,5.2758,5.2607,5.261,3483.56
2021-02-02 23:51:00,1612309860.0,5.2689,5.2705,5.2515,5.2556,4832.21
2021-02-02 23:52:00,1612309920.0,5.2636,5.2636,5.25,5.25,4951.24
2021-02-02 23:53:00,1612309980.0,5.2489,5.262,5.2407,5.254,4265.27
2021-02-02 23:54:00,1612310040.0,5.2448,5.259,5.2422,5.2526,4833.77
2021-02-02 23:55:00,1612310100.0,5.2525,5.2691,5.2525,5.2644,922.73
2021-02-02 23:56:00,1612310160.0,5.255,5.2664,5.255,5.2587,143.29
2021-02-02 23:57:00,1612310220.0,5.2655,5.267,5.2538,5.2636,457.19
2021-02-02 23:58:00,1612310280.0,5.2549,5.2646,5.2549,5.2646,269.95
2021-02-02 23:59:00,1612310340.0,5.2567,5.2567,5.222,5.2331,9420.43
