Universal Time,Unix Time,Open,High,Low,Close,Volume
2018-11-22 00:00:00,1542844800.0,3.8594,3.8654,3.8562,3.8585,6424.81
2018-11-22 00:01:00,1542844860.0,3.8578,3.8685,3.8574,3.8685,1719.75
2018-11-22 00:02:00,1542844920.0,3.8682,3.8682,3.8615,3.8632,1239.45
2018-11-22 00:03:00,1542844980.0,3.8619,3.8651,3.8544,3.8585,2291.16
2018-11-22 00:04:00,1542845040.0,3.8595,3.8741,3.8591,3.8722,3271.19
2018-11-22 00:05:00,1542845100.0,3.8712,3.8723,3.8653,3.8653,775.86
2018-11-22 00:06:00,1542845160.0,3.8678,3.869,3.867,3.867,394.4
2018-11-22 00:07:00,1542845220.0,3.8654,3.8679,3.8593,3.8667,4823.4
2018-11-22 00:08:00,1542845280.0,3.8711,3.8711,3.8576,3.8675,2703.79
2018-11-22 00:09:00,1542845340.0,3.864,3.8737,3.8617,3.8638,4170.53
2018-11-22 00:10:00,1542845400.0,3.8654,3.8656,3.8574,3.8574,1674.49
2018-11-22 00:11:00,1542845460.0,3.8576,3.8629,3.8533,3.8589,5404.69
2018-11-22 00:12:00,1542845520.0,3.859,3.864,3.8575,3.8589,1189.29
2018-11-22 00:13:00,1542845580.0,3.8594,3.8689,3.8593,3.8617,3374.08
2018-11-22 00:14:00,1542845640.0,3.8618,3.8644,3.8576,3.8576,763.73
2018-11-22 00:15:00,1542845700.0,3.855,3.8586,3.8523,3.856,1224.45
2018-11-22 00:16:00,1542845760.0,3.8572,3.8625,3.8572,3.8584,1680.98
2018-11-22 00:17:00,1542845820.0,3.8581,3.8619,3.8509,3.8619,3553.92
2018-11-22 00:18:00,1542845880.0,3.8636,3.8639,3.8549,3.8591,1484.86
2018-11-22 00:19:00,1542845940.0,3.8574,3.8574,3.8463,3.8503,6044.74
2018-11-22 00:20:00,1542846000.0,3.8477,3.858,3.8476,3.8507,3047.7
2018-11-22 00:21:00,1542846060.0,3.8525,3.8525,3.8487,3.8504,1334.96
2018-11-22 00:22:00,1542846120.0,3.8523,3.8535,3.8405,3.8483,9970.36
2018-11-22 00:23:00,1542846180.0,3.8456,3.8507,3.8408,3.8408,1452.25
2018-11-22 00:24:00,1542846240.0,3.8402,3.8548,3.8387,3.8464,4879.12
2018-11-22 00:25:00,1542846300.0,3.8507,3.8566,3.8452,3.8566,1411.81
2018-11-22 00:26:00,1542846360.0,3.8566,3.8568,3.8419,3.8432,9645.48
2018-11-22 00:27:00,1542846420.0,3.8439,3.8543,3.8439,3.8487,3410.34
2018-11-22 00:28:00,1542846480.0,3.8488,3.8488,3.846,3.8484,1185.54
2018-11-22 00:29:00,1542846540.0,3.8481,3.8503,3.8453,3.8453,1090.33
2018-11-22 00:30:00,1542846600.0,3.8487,3.8583,3.8487,3.8577,4958.07
2018-11-22 00:31:00,1542846660.0,3.8572,3.8572,3.8516,3.8543,1178.9
2018-11-22 00:32:00,1542846720.0,3.8544,3.8629,3.8491,3.8605,10262.02
2018-11-22 00:33:00,1542846780.0,3.8589,3.8689,3.8579,3.8579,10465.59
2018-11-22 00:34:00,1542846840.0,3.8618,3.8643,3.8596,3.8618,1069.4
2018-11-22 00:35:00,1542846900.0,3.8631,3.867,3.8585,3.8595,2724.12
2018-11-22 00:36:00,1542846960.0,3.8588,3.8644,3.8588,3.8641,1775.57
2018-11-22 00:37:00,1542847020.0,3.8636,3.8636,3.8591,3.8591,361.2
2018-11-22 00:38:00,1542847080.0,3.8593,3.8612,3.8548,3.8553,1469.76
2018-11-22 00:39:00,1542847140.0,3.8571,3.8598,3.8571,3.8572,1405.37
2018-11-22 00:40:00,1542847200.0,3.8572,3.8596,3.8561,3.8595,1228.65
2018-11-22 00:41:00,1542847260.0,3.8595,3.8632,3.8585,3.8608,2136.85
2018-11-22 00:42:00,1542847320.0,3.8607,3.8651,3.852,3.8569,5530.35
2018-11-22 00:43:00,1542847380.0,3.8572,3.8624,3.8564,3.8597,2649.62
2018-11-22 00:44:00,1542847440.0,3.8598,3.8648,3.857,3.8597,3629.23
2018-11-22 00:45:00,1542847500.0,3.8613,3.8649,3.8613,3.8645,2446.07
2018-11-22 00:46:00,1542847560.0,3.8665,3.87,3.8602,3.8602,3099.47
2018-11-22 00:47:00,1542847620.0,3.8645,3.8699,3.8645,3.8688,3282.0
2018-11-22 00:48:00,1542847680.0,3.87,3.87,3.866,3.866,562.82
2018-11-22 00:49:00,1542847740.0,3.863,3.8679,3.863,3.8672,846.19
2018-11-22 00:50:00,1542847800.0,3.8657,3.8686,3.8626,3.8654,2888.1
2018-11-22 00:51:00,1542847860.0,3.867,3.8671,3.8633,3.8646,1211.07
2018-11-22 00:52:00,1542847920.0,3.866,3.866,3.8577,3.8577,2858.43
2018-11-22 00:53:00,1542847980.0,3.8623,3.8643,3.8572,3.8631,7897.01
2018-11-22 00:54:00,1542848040.0,3.8615,3.8651,3.8606,3.8641,2227.48
2018-11-22 00:55:00,1542848100.0,3.8613,3.8649,3.855,3.8594,2033.04
2018-11-22 00:56:00,1542848160.0,3.8595,3.8636,3.8575,3.8632,3707.58
2018-11-22 00:57:00,1542848220.0,3.863,3.8636,3.8552,3.8564,4276.11
2018-11-22 00:58:00,1542848280.0,3.8589,3.862,3.8562,3.8607,1261.14
2018-11-22 00:59:00,1542848340.0,3.8608,3.863,3.8576,3.8602,815.56
2018-11-22 01:00:00,1542848400.0,3.8601,3.8617,3.8568,3.8617,682.27
2018-11-22 01:01:00,1542848460.0,3.8592,3.8616,3.8562,3.8564,1761.72
2018-11-22 01:02:00,1542848520.0,3.8565,3.8612,3.8565,3.8612,212.01
2018-11-22 01:03:00,1542848580.0,3.8607,3.8634,3.8568,3.8568,2643.95
2018-11-22 01:04:00,1542848640.0,3.857,3.8608,3.857,3.8606,451.77
2018-11-22 01:05:00,1542848700.0,3.8576,3.8625,3.8576,3.8625,425.21
2018-11-22 01:06:00,1542848760.0,3.8625,3.8632,3.86,3.8632,1051.4
2018-11-22 01:07:00,1542848820.0,3.8595,3.8657,3.8567,3.8608,1148.72
2018-11-22 01:08:00,1542848880.0,3.8605,3.8628,3.8576,3.8628,1064.6
2018-11-22 01:09:00,1542848940.0,3.864,3.8664,3.8627,3.8641,862.32
2018-11-22 01:10:00,1542849000.0,3.8629,3.8712,3.8629,3.8706,3403.72
2018-11-22 01:11:00,1542849060.0,3.8704,3.8732,3.8663,3.8663,2200.73
2018-11-22 01:12:00,1542849120.0,3.866,3.8715,3.8657,3.8706,4153.59
2018-11-22 01:13:00,1542849180.0,3.8684,3.8688,3.8659,3.8688,886.09
2018-11-22 01:14:00,1542849240.0,3.8681,3.8738,3.8681,3.8684,884.96
2018-11-22 01:15:00,1542849300.0,3.8712,3.8724,3.869,3.8724,911.77
2018-11-22 01:16:00,1542849360.0,3.8724,3.88,3.872,3.8798,5632.02
2018-11-22 01:17:00,1542849420.0,3.8781,3.883,3.8737,3.8768,4706.03
2018-11-22 01:18:00,1542849480.0,3.8761,3.8799,3.8714,3.8762,3269.95
2018-11-22 01:19:00,1542849540.0,3.8762,3.8804,3.874,3.874,651.3
2018-11-22 01:20:00,1542849600.0,3.8774,3.8826,3.8756,3.8815,2006.2
2018-11-22 01:21:00,1542849660.0,3.8845,3.8923,3.8817,3.8923,2973.08
2018-11-22 01:22:00,1542849720.0,3.891,3.8967,3.891,3.8931,1897.78
2018-11-22 01:23:00,1542849780.0,3.8948,3.897,3.8885,3.8885,4995.69
2018-11-22 01:24:00,1542849840.0,3.8908,3.9019,3.8886,3.9016,16650.98
2018-11-22 01:25:00,1542849900.0,3.8981,3.9015,3.8953,3.8971,2596.32
2018-11-22 01:26:00,1542849960.0,3.8951,3.8991,3.8933,3.896,2020.39
2018-11-22 01:27:00,1542850020.0,3.8961,3.8984,3.8878,3.8911,3434.8
2018-11-22 01:28:00,1542850080.0,3.8907,3.8925,3.8887,3.8918,4137.4
2018-11-22 01:29:00,1542850140.0,3.8919,3.8955,3.8904,3.8904,638.4
2018-11-22 01:30:00,1542850200.0,3.8922,3.8925,3.8909,3.8921,1319.59
2018-11-22 01:31:00,1542850260.0,3.8929,3.8975,3.891,3.8943,1732.16
2018-11-22 01:32:00,1542850320.0,3.8908,3.8974,3.8908,3.8974,963.41
2018-11-22 01:33:00,1542850380.0,3.8934,3.8968,3.8933,3.8965,390.73
2018-11-22 01:34:00,1542850440.0,3.8951,3.8965,3.8846,3.8846,3332.3
2018-11-22 01:35:00,1542850500.0,3.8856,3.8874,3.881,3.8874,1499.12
2018-11-22 01:36:00,1542850560.0,3.8854,3.8876,3.8837,3.8873,1470.19
2018-11-22 01:37:00,1542850620.0,3.8845,3.885,3.8813,3.8839,2386.86
2018-11-22 01:38:00,1542850680.0,3.8865,3.8879,3.8815,3.8879,1134.9
2018-11-22 01:39:00,1542850740.0,3.8853,3.8854,3.8818,3.8854,469.55
2018-11-22 01:40:00,1542850800.0,3.8853,3.8898,3.8835,3.8898,1686.27
2018-11-22 01:41:00,1542850860.0,3.8881,3.8947,3.8881,3.8896,2561.33
2018-11-22 01:42:00,1542850920.0,3.8897,3.895,3.8897,3.895,480.87
2018-11-22 01:43:00,1542850980.0,3.8957,3.9105,3.8934,3.9046,3051.58
2018-11-22 01:44:00,1542851040.0,3.9016,3.9091,3.8953,3.9035,4436.29
2018-11-22 01:45:00,1542851100.0,3.9002,3.9085,3.9002,3.9085,3081.96
2018-11-22 01:46:00,1542851160.0,3.9084,3.9093,3.9014,3.9014,2854.52
2018-11-22 01:47:00,1542851220.0,3.9014,3.9087,3.8987,3.9008,5097.9
2018-11-22 01:48:00,1542851280.0,3.9023,3.9035,3.8982,3.8983,1430.68
2018-11-22 01:49:00,1542851340.0,3.8998,3.9054,3.8998,3.9028,8426.49
2018-11-22 01:50:00,1542851400.0,3.902,3.903,3.8993,3.8995,508.55
2018-11-22 01:51:00,1542851460.0,3.9019,3.9019,3.8941,3.8941,2534.25
2018-11-22 01:52:00,1542851520.0,3.8942,3.8981,3.8924,3.8963,1821.34
2018-11-22 01:53:00,1542851580.0,3.8942,3.8961,3.892,3.8944,2255.51
2018-11-22 01:54:00,1542851640.0,3.8947,3.8985,3.8903,3.891,3664.97
2018-11-22 01:55:00,1542851700.0,3.8948,3.8964,3.891,3.891,972.11
2018-11-22 01:56:00,1542851760.0,3.8945,3.9024,3.8922,3.9024,5894.51
2018-11-22 01:57:00,1542851820.0,3.898,3.9126,3.8969,3.9011,4984.95
2018-11-22 01:58:00,1542851880.0,3.9037,3.9093,3.9037,3.9093,462.74
2018-11-22 01:59:00,1542851940.0,3.9102,3.9126,3.9037,3.9072,2915.36
2018-11-22 02:00:00,1542852000.0,3.9097,3.9108,3.9064,3.9095,2379.19
2018-11-22 02:01:00,1542852060.0,3.9113,3.9116,3.9009,3.9009,9396.5
2018-11-22 02:02:00,1542852120.0,3.9036,3.9078,3.9,3.9006,4705.47
2018-11-22 02:03:00,1542852180.0,3.9043,3.9072,3.9006,3.9006,1390.46
2018-11-22 02:04:00,1542852240.0,3.9026,3.9054,3.8935,3.8995,1958.91
2018-11-22 02:05:00,1542852300.0,3.8984,3.9005,3.8952,3.8952,1268.57
2018-11-22 02:06:00,1542852360.0,3.8938,3.8963,3.8879,3.8916,1542.22
2018-11-22 02:07:00,1542852420.0,3.8928,3.9018,3.8928,3.8958,4113.23
2018-11-22 02:08:00,1542852480.0,3.9,3.9,3.8964,3.8964,530.06
2018-11-22 02:09:00,1542852540.0,3.8961,3.8963,3.8908,3.8925,1257.13
2018-11-22 02:10:00,1542852600.0,3.8913,3.9007,3.8898,3.8928,3536.61
2018-11-22 02:11:00,1542852660.0,3.8902,3.8971,3.89,3.8971,1059.16
2018-11-22 02:12:00,1542852720.0,3.8981,3.8992,3.8941,3.8978,2524.46
2018-11-22 02:13:00,1542852780.0,3.8966,3.8991,3.89,3.8965,4462.38
2018-11-22 02:14:00,1542852840.0,3.8922,3.8962,3.8904,3.8904,5492.06
2018-11-22 02:15:00,1542852900.0,3.8915,3.8938,3.8875,3.8938,1118.8
2018-11-22 02:16:00,1542852960.0,3.8919,3.897,3.8919,3.8923,835.44
2018-11-22 02:17:00,1542853020.0,3.893,3.8942,3.8903,3.8939,1795.51
2018-11-22 02:18:00,1542853080.0,3.8915,3.892,3.8886,3.8916,3159.74
2018-11-22 02:19:00,1542853140.0,3.8902,3.8966,3.8887,3.8928,3379.48
2018-11-22 02:20:00,1542853200.0,3.8936,3.8965,3.8916,3.8916,717.0
2018-11-22 02:21:00,1542853260.0,3.8893,3.8923,3.8885,3.8914,437.2
2018-11-22 02:22:00,1542853320.0,3.8913,3.8913,3.88,3.881,4589.59
2018-11-22 02:23:00,1542853380.0,3.8865,3.889,3.8758,3.8758,7205.4
2018-11-22 02:24:00,1542853440.0,3.8793,3.8793,3.8734,3.8734,1010.2
2018-11-22 02:25:00,1542853500.0,3.8766,3.8767,3.8685,3.8705,8482.62
2018-11-22 02:26:00,1542853560.0,3.8734,3.8759,3.872,3.8759,3071.03
2018-11-22 02:27:00,1542853620.0,3.8789,3.8804,3.8748,3.879,577.81
2018-11-22 02:28:00,1542853680.0,3.8819,3.8819,3.8776,3.878,2310.22
2018-11-22 02:29:00,1542853740.0,3.879,3.8803,3.879,3.8803,251.3
2018-11-22 02:30:00,1542853800.0,3.8792,3.8859,3.8783,3.8821,1933.03
2018-11-22 02:31:00,1542853860.0,3.8798,3.8835,3.8798,3.88,1305.69
2018-11-22 02:32:00,1542853920.0,3.88,3.8836,3.8799,3.8815,1671.54
2018-11-22 02:33:00,1542853980.0,3.8851,3.8851,3.8794,3.8824,1520.2
2018-11-22 02:34:00,1542854040.0,3.8827,3.8859,3.8827,3.8856,956.18
2018-11-22 02:35:00,1542854100.0,3.883,3.8868,3.883,3.8864,1013.78
2018-11-22 02:36:00,1542854160.0,3.8864,3.8882,3.8833,3.8877,2122.36
2018-11-22 02:37:00,1542854220.0,3.8891,3.8891,3.8854,3.8871,569.85
2018-11-22 02:38:00,1542854280.0,3.8889,3.8889,3.8751,3.8751,2665.96
2018-11-22 02:39:00,1542854340.0,3.8769,3.8814,3.8769,3.8787,1026.77
2018-11-22 02:40:00,1542854400.0,3.8765,3.8784,3.873,3.8742,3319.37
2018-11-22 02:41:00,1542854460.0,3.8703,3.8771,3.8687,3.8717,2065.95
2018-11-22 02:42:00,1542854520.0,3.8725,3.878,3.868,3.8699,1776.41
2018-11-22 02:43:00,1542854580.0,3.8698,3.8753,3.8638,3.8709,5338.62
2018-11-22 02:44:00,1542854640.0,3.8676,3.8776,3.8654,3.8726,5884.22
2018-11-22 02:45:00,1542854700.0,3.8714,3.873,3.8681,3.8681,1670.33
2018-11-22 02:46:00,1542854760.0,3.8682,3.878,3.8681,3.873,2651.88
2018-11-22 02:47:00,1542854820.0,3.8739,3.874,3.8706,3.8732,283.66
2018-11-22 02:48:00,1542854880.0,3.8707,3.8742,3.8706,3.8722,606.51
2018-11-22 02:49:00,1542854940.0,3.8728,3.8739,3.8709,3.8729,767.66
2018-11-22 02:50:00,1542855000.0,3.872,3.874,3.8706,3.8706,507.61
2018-11-22 02:51:00,1542855060.0,3.8706,3.8789,3.8688,3.8788,2416.96
2018-11-22 02:52:00,1542855120.0,3.8806,3.881,3.8746,3.88,3487.37
2018-11-22 02:53:00,1542855180.0,3.8758,3.88,3.8724,3.8732,1575.54
2018-11-22 02:54:00,1542855240.0,3.8778,3.8778,3.8683,3.8742,2163.0
2018-11-22 02:55:00,1542855300.0,3.874,3.8774,3.8711,3.8736,1881.26
2018-11-22 02:56:00,1542855360.0,3.8736,3.8742,3.8707,3.8708,1116.77
2018-11-22 02:57:00,1542855420.0,3.8743,3.8769,3.8726,3.8731,2344.56
2018-11-22 02:58:00,1542855480.0,3.8742,3.8759,3.874,3.8741,977.85
2018-11-22 02:59:00,1542855540.0,3.8739,3.8765,3.8691,3.8747,5624.42
2018-11-22 03:00:00,1542855600.0,3.8724,3.8754,3.871,3.8743,1284.73
2018-11-22 03:01:00,1542855660.0,3.8738,3.8738,3.8683,3.8683,1686.99
2018-11-22 03:02:00,1542855720.0,3.8723,3.8765,3.8681,3.8742,3133.04
2018-11-22 03:03:00,1542855780.0,3.8754,3.8754,3.8721,3.8743,1048.11
2018-11-22 03:04:00,1542855840.0,3.8742,3.8742,3.8705,3.874,828.01
2018-11-22 03:05:00,1542855900.0,3.8704,3.916,3.8685,3.8765,17783.38
2018-11-22 03:06:00,1542855960.0,3.8784,3.8788,3.875,3.8768,1159.25
2018-11-22 03:07:00,1542856020.0,3.8751,3.8776,3.8726,3.8738,1553.41
2018-11-22 03:08:00,1542856080.0,3.8765,3.8786,3.8733,3.8753,1150.07
2018-11-22 03:09:00,1542856140.0,3.8729,3.8749,3.8708,3.871,1613.35
2018-11-22 03:10:00,1542856200.0,3.8705,3.8724,3.861,3.861,2203.32
2018-11-22 03:11:00,1542856260.0,3.8647,3.869,3.8603,3.8636,2381.69
2018-11-22 03:12:00,1542856320.0,3.8636,3.8673,3.8624,3.864,1537.42
2018-11-22 03:13:00,1542856380.0,3.8654,3.8656,3.8621,3.8621,905.9
2018-11-22 03:14:00,1542856440.0,3.8623,3.8639,3.8591,3.8602,1620.07
2018-11-22 03:15:00,1542856500.0,3.8602,3.8668,3.8602,3.8668,1513.29
2018-11-22 03:16:00,1542856560.0,3.8668,3.8733,3.8645,3.8682,2803.19
2018-11-22 03:17:00,1542856620.0,3.8682,3.8757,3.8671,3.8709,7526.02
2018-11-22 03:18:00,1542856680.0,3.873,3.8738,3.87,3.8704,959.63
2018-11-22 03:19:00,1542856740.0,3.8704,3.8734,3.8704,3.8709,1583.32
2018-11-22 03:20:00,1542856800.0,3.873,3.873,3.8707,3.8707,1212.09
2018-11-22 03:21:00,1542856860.0,3.8705,3.8717,3.8678,3.868,2612.67
2018-11-22 03:22:00,1542856920.0,3.8691,3.8703,3.8648,3.867,2688.26
2018-11-22 03:23:00,1542856980.0,3.8647,3.8693,3.8639,3.8679,616.55
2018-11-22 03:24:00,1542857040.0,3.8655,3.8683,3.8637,3.865,2656.93
2018-11-22 03:25:00,1542857100.0,3.8651,3.8679,3.8608,3.8679,3005.22
2018-11-22 03:26:00,1542857160.0,3.869,3.8702,3.8638,3.865,1610.98
2018-11-22 03:27:00,1542857220.0,3.8629,3.8657,3.8599,3.8614,2025.09
2018-11-22 03:28:00,1542857280.0,3.8614,3.8666,3.8605,3.8623,1710.57
2018-11-22 03:29:00,1542857340.0,3.8625,3.8649,3.862,3.8632,641.23
2018-11-22 03:30:00,1542857400.0,3.8642,3.8661,3.8563,3.8618,9958.32
2018-11-22 03:31:00,1542857460.0,3.8563,3.8631,3.8563,3.8576,1374.09
2018-11-22 03:32:00,1542857520.0,3.8572,3.8603,3.85,3.8546,3384.53
2018-11-22 03:33:00,1542857580.0,3.8586,3.8586,3.8496,3.8498,2835.43
2018-11-22 03:34:00,1542857640.0,3.8513,3.8633,3.8513,3.8576,3898.81
2018-11-22 03:35:00,1542857700.0,3.8578,3.8661,3.8563,3.8625,1937.0
2018-11-22 03:36:00,1542857760.0,3.8627,3.8651,3.8604,3.8606,967.54
2018-11-22 03:37:00,1542857820.0,3.8628,3.8642,3.8578,3.8578,2502.46
2018-11-22 03:38:00,1542857880.0,3.8578,3.8646,3.8553,3.8646,3467.53
2018-11-22 03:39:00,1542857940.0,3.8661,3.8661,3.86,3.8637,1134.52
2018-11-22 03:40:00,1542858000.0,3.8665,3.8665,3.8595,3.8631,1964.56
2018-11-22 03:41:00,1542858060.0,3.8611,3.8638,3.8558,3.8622,4289.81
2018-11-22 03:42:00,1542858120.0,3.8587,3.8673,3.8587,3.8673,2816.03
2018-11-22 03:43:00,1542858180.0,3.8654,3.8707,3.8643,3.8689,2069.4
2018-11-22 03:44:00,1542858240.0,3.8661,3.8733,3.8659,3.8733,907.5
2018-11-22 03:45:00,1542858300.0,3.8711,3.8753,3.8683,3.8685,2497.07
2018-11-22 03:46:00,1542858360.0,3.8712,3.8741,3.8707,3.8707,391.89
2018-11-22 03:47:00,1542858420.0,3.872,3.8736,3.8703,3.8727,1023.02
2018-11-22 03:48:00,1542858480.0,3.872,3.8769,3.869,3.8769,1404.12
2018-11-22 03:49:00,1542858540.0,3.8757,3.8793,3.8702,3.8702,2117.37
2018-11-22 03:50:00,1542858600.0,3.8736,3.8777,3.8722,3.8752,1280.42
2018-11-22 03:51:00,1542858660.0,3.8752,3.8752,3.8694,3.87,766.3
2018-11-22 03:52:00,1542858720.0,3.8699,3.8721,3.8652,3.8652,6179.7
2018-11-22 03:53:00,1542858780.0,3.8652,3.8691,3.864,3.8674,1939.42
2018-11-22 03:54:00,1542858840.0,3.8675,3.8675,3.8622,3.8622,600.34
2018-11-22 03:55:00,1542858900.0,3.8651,3.8711,3.8648,3.8693,2798.19
2018-11-22 03:56:00,1542858960.0,3.8655,3.8691,3.8653,3.8657,1449.4
2018-11-22 03:57:00,1542859020.0,3.8665,3.8714,3.8646,3.8673,1310.23
2018-11-22 03:58:00,1542859080.0,3.8656,3.8671,3.8599,3.8671,1378.68
2018-11-22 03:59:00,1542859140.0,3.8612,3.8671,3.8612,3.8617,958.17
2018-11-22 04:00:00,1542859200.0,3.8679,3.8689,3.8622,3.8655,2336.25
2018-11-22 04:01:00,1542859260.0,3.8674,3.8684,3.8638,3.8673,1449.7
2018-11-22 04:02:00,1542859320.0,3.8664,3.8687,3.8652,3.8666,1516.31
2018-11-22 04:03:00,1542859380.0,3.8666,3.8699,3.8666,3.8677,985.43
2018-11-22 04:04:00,1542859440.0,3.8698,3.8723,3.8677,3.8721,1840.09
2018-11-22 04:05:00,1542859500.0,3.8693,3.873,3.8651,3.8674,8197.36
2018-11-22 04:06:00,1542859560.0,3.8653,3.8698,3.8643,3.8653,2760.2
2018-11-22 04:07:00,1542859620.0,3.8653,3.8685,3.8653,3.8672,1100.21
2018-11-22 04:08:00,1542859680.0,3.8669,3.869,3.8669,3.8672,1399.7
2018-11-22 04:09:00,1542859740.0,3.8686,3.8686,3.8666,3.8669,566.19
2018-11-22 04:10:00,1542859800.0,3.8669,3.8689,3.8656,3.8667,2501.31
2018-11-22 04:11:00,1542859860.0,3.8657,3.8694,3.8657,3.8694,649.2
2018-11-22 04:12:00,1542859920.0,3.8695,3.8695,3.8641,3.8661,1026.58
2018-11-22 04:13:00,1542859980.0,3.8681,3.8681,3.8645,3.8645,671.81
2018-11-22 04:14:00,1542860040.0,3.8663,3.8714,3.8658,3.8706,1766.42
2018-11-22 04:15:00,1542860100.0,3.8707,3.8749,3.8673,3.8749,1741.99
2018-11-22 04:16:00,1542860160.0,3.8749,3.8749,3.8697,3.8728,1920.42
2018-11-22 04:17:00,1542860220.0,3.8702,3.8718,3.868,3.8718,797.66
2018-11-22 04:18:00,1542860280.0,3.872,3.8742,3.8704,3.8735,554.69
2018-11-22 04:19:00,1542860340.0,3.8736,3.8772,3.8721,3.8721,2608.21
2018-11-22 04:20:00,1542860400.0,3.8721,3.8749,3.8719,3.8749,2669.9
2018-11-22 04:21:00,1542860460.0,3.8749,3.877,3.8731,3.8731,1290.69
2018-11-22 04:22:00,1542860520.0,3.8723,3.8771,3.8709,3.873,1429.33
2018-11-22 04:23:00,1542860580.0,3.8729,3.8743,3.8707,3.8717,398.95
2018-11-22 04:24:00,1542860640.0,3.8703,3.875,3.8703,3.875,1525.03
2018-11-22 04:25:00,1542860700.0,3.875,3.875,3.8704,3.873,662.26
2018-11-22 04:26:00,1542860760.0,3.8703,3.8743,3.8695,3.8714,3384.66
2018-11-22 04:27:00,1542860820.0,3.8753,3.8753,3.871,3.8714,374.78
2018-11-22 04:28:00,1542860880.0,3.8714,3.8753,3.8713,3.8715,980.94
2018-11-22 04:29:00,1542860940.0,3.8759,3.8804,3.8759,3.8785,1172.35
2018-11-22 04:30:00,1542861000.0,3.8785,3.8792,3.876,3.8774,367.95
2018-11-22 04:31:00,1542861060.0,3.8783,3.88,3.8759,3.8767,4048.57
2018-11-22 04:32:00,1542861120.0,3.8768,3.8836,3.8768,3.8827,6215.74
2018-11-22 04:33:00,1542861180.0,3.8824,3.8836,3.8801,3.8805,770.09
2018-11-22 04:34:00,1542861240.0,3.8809,3.8809,3.8688,3.8688,28440.7
2018-11-22 04:35:00,1542861300.0,3.8689,3.8742,3.866,3.8679,6612.22
2018-11-22 04:36:00,1542861360.0,3.8693,3.8693,3.8648,3.8675,954.07
2018-11-22 04:37:00,1542861420.0,3.8639,3.8683,3.8568,3.8605,7908.28
2018-11-22 04:38:00,1542861480.0,3.8585,3.8643,3.8503,3.8539,8531.45
2018-11-22 04:39:00,1542861540.0,3.8541,3.8548,3.8483,3.8527,2519.62
2018-11-22 04:40:00,1542861600.0,3.852,3.8554,3.8457,3.8457,855.92
2018-11-22 04:41:00,1542861660.0,3.8458,3.8488,3.8435,3.8487,3663.4
2018-11-22 04:42:00,1542861720.0,3.8481,3.849,3.8455,3.8455,1502.43
2018-11-22 04:43:00,1542861780.0,3.8487,3.8495,3.8449,3.8485,4227.08
2018-11-22 04:44:00,1542861840.0,3.8458,3.8533,3.842,3.8506,5238.77
2018-11-22 04:45:00,1542861900.0,3.8498,3.8528,3.8449,3.8502,8010.68
2018-11-22 04:46:00,1542861960.0,3.8503,3.8514,3.8452,3.8461,4166.01
2018-11-22 04:47:00,1542862020.0,3.8452,3.8503,3.8439,3.8457,1149.04
2018-11-22 04:48:00,1542862080.0,3.8441,3.8489,3.8421,3.8463,3133.16
2018-11-22 04:49:00,1542862140.0,3.8461,3.8468,3.843,3.8452,2571.28
2018-11-22 04:50:00,1542862200.0,3.8452,3.8458,3.8424,3.8424,1735.21
2018-11-22 04:51:00,1542862260.0,3.8432,3.8504,3.8432,3.8472,2494.14
2018-11-22 04:52:00,1542862320.0,3.8463,3.8505,3.8463,3.849,2681.55
2018-11-22 04:53:00,1542862380.0,3.8509,3.8589,3.8488,3.8577,2939.24
2018-11-22 04:54:00,1542862440.0,3.8549,3.8551,3.8502,3.8544,5725.12
2018-11-22 04:55:00,1542862500.0,3.8522,3.8578,3.8522,3.8532,6288.45
2018-11-22 04:56:00,1542862560.0,3.8532,3.8577,3.8532,3.8577,5220.02
2018-11-22 04:57:00,1542862620.0,3.8577,3.859,3.8546,3.8547,701.88
2018-11-22 04:58:00,1542862680.0,3.8537,3.8547,3.852,3.852,1809.59
2018-11-22 04:59:00,1542862740.0,3.852,3.8549,3.852,3.8534,885.4
2018-11-22 05:00:00,1542862800.0,3.8533,3.8533,3.844,3.8496,6338.73
2018-11-22 05:01:00,1542862860.0,3.8496,3.8518,3.8457,3.8457,2827.31
2018-11-22 05:02:00,1542862920.0,3.8457,3.8499,3.8453,3.8478,946.37
2018-11-22 05:03:00,1542862980.0,3.8491,3.8612,3.847,3.8598,4046.53
2018-11-22 05:04:00,1542863040.0,3.8594,3.8614,3.8518,3.8578,8472.79
2018-11-22 05:05:00,1542863100.0,3.8565,3.8592,3.855,3.855,1324.3
2018-11-22 05:06:00,1542863160.0,3.8548,3.8665,3.8548,3.861,1758.71
2018-11-22 05:07:00,1542863220.0,3.861,3.868,3.8597,3.868,532.15
2018-11-22 05:08:00,1542863280.0,3.8676,3.8676,3.8626,3.8637,1485.38
2018-11-22 05:09:00,1542863340.0,3.8632,3.8673,3.862,3.8636,2374.84
2018-11-22 05:10:00,1542863400.0,3.8637,3.8656,3.858,3.8582,444.93
2018-11-22 05:11:00,1542863460.0,3.8608,3.8656,3.8608,3.8614,2437.8
2018-11-22 05:12:00,1542863520.0,3.8643,3.8657,3.8605,3.8621,2272.56
2018-11-22 05:13:00,1542863580.0,3.8622,3.8638,3.8574,3.8598,1942.85
2018-11-22 05:14:00,1542863640.0,3.8598,3.8668,3.8598,3.8611,1934.42
2018-11-22 05:15:00,1542863700.0,3.8628,3.8639,3.8575,3.8606,3293.1
2018-11-22 05:16:00,1542863760.0,3.8606,3.8669,3.8603,3.8605,1838.93
2018-11-22 05:17:00,1542863820.0,3.8619,3.8647,3.8596,3.8647,1023.29
2018-11-22 05:18:00,1542863880.0,3.8665,3.8665,3.8635,3.8635,342.55
2018-11-22 05:19:00,1542863940.0,3.8654,3.8654,3.8617,3.8619,1081.8
2018-11-22 05:20:00,1542864000.0,3.8619,3.8638,3.8619,3.8626,447.86
2018-11-22 05:21:00,1542864060.0,3.8629,3.8643,3.862,3.8622,671.55
2018-11-22 05:22:00,1542864120.0,3.8639,3.8646,3.8621,3.8646,1493.91
2018-11-22 05:23:00,1542864180.0,3.8641,3.8645,3.8619,3.8645,1665.26
2018-11-22 05:24:00,1542864240.0,3.8619,3.8624,3.8605,3.8606,767.81
2018-11-22 05:25:00,1542864300.0,3.8613,3.8632,3.8606,3.8629,805.91
2018-11-22 05:26:00,1542864360.0,3.8628,3.8643,3.8602,3.8602,1246.66
2018-11-22 05:27:00,1542864420.0,3.8604,3.8614,3.8591,3.8591,1610.31
2018-11-22 05:28:00,1542864480.0,3.8617,3.8623,3.8596,3.8623,951.04
2018-11-22 05:29:00,1542864540.0,3.8608,3.8649,3.8593,3.8649,902.42
2018-11-22 05:30:00,1542864600.0,3.8617,3.8646,3.8616,3.8616,650.64
2018-11-22 05:31:00,1542864660.0,3.8617,3.8642,3.8615,3.8624,1063.8
2018-11-22 05:32:00,1542864720.0,3.8632,3.8723,3.8605,3.8709,6440.23
2018-11-22 05:33:00,1542864780.0,3.8715,3.8715,3.8692,3.8692,463.48
2018-11-22 05:34:00,1542864840.0,3.8703,3.872,3.8671,3.8671,1555.67
2018-11-22 05:35:00,1542864900.0,3.8671,3.8716,3.8671,3.8698,1779.82
2018-11-22 05:36:00,1542864960.0,3.8661,3.8688,3.8643,3.8643,587.19
2018-11-22 05:37:00,1542865020.0,3.8629,3.8692,3.8629,3.8658,1246.41
2018-11-22 05:38:00,1542865080.0,3.8669,3.8687,3.866,3.8687,325.06
2018-11-22 05:39:00,1542865140.0,3.868,3.868,3.8662,3.8662,275.67
2018-11-22 05:40:00,1542865200.0,3.8654,3.8677,3.8654,3.8667,236.03
2018-11-22 05:41:00,1542865260.0,3.8655,3.8655,3.8628,3.8641,881.42
2018-11-22 05:42:00,1542865320.0,3.8658,3.8663,3.8622,3.863,864.48
2018-11-22 05:43:00,1542865380.0,3.8643,3.8652,3.8627,3.8636,767.26
2018-11-22 05:44:00,1542865440.0,3.864,3.8692,3.8623,3.8664,1096.87
2018-11-22 05:45:00,1542865500.0,3.8678,3.8678,3.8663,3.8663,527.74
2018-11-22 05:46:00,1542865560.0,3.8644,3.8672,3.8643,3.8644,536.1
2018-11-22 05:47:00,1542865620.0,3.8678,3.8687,3.8657,3.8687,2199.37
2018-11-22 05:48:00,1542865680.0,3.8677,3.8685,3.8666,3.8684,514.68
2018-11-22 05:49:00,1542865740.0,3.868,3.8685,3.8651,3.8652,536.55
2018-11-22 05:50:00,1542865800.0,3.8676,3.8695,3.8657,3.8657,2082.24
2018-11-22 05:51:00,1542865860.0,3.8664,3.8684,3.8651,3.8669,353.71
2018-11-22 05:52:00,1542865920.0,3.8649,3.8669,3.8606,3.8606,1669.29
2018-11-22 05:53:00,1542865980.0,3.8587,3.8677,3.8587,3.8631,4386.18
2018-11-22 05:54:00,1542866040.0,3.8623,3.8652,3.8621,3.8648,1642.07
2018-11-22 05:55:00,1542866100.0,3.8617,3.8675,3.8582,3.8599,3276.34
2018-11-22 05:56:00,1542866160.0,3.8576,3.8626,3.8576,3.86,1575.78
2018-11-22 05:57:00,1542866220.0,3.8619,3.864,3.853,3.8582,9072.49
2018-11-22 05:58:00,1542866280.0,3.8581,3.8626,3.8581,3.8625,846.86
2018-11-22 05:59:00,1542866340.0,3.8589,3.862,3.8575,3.8602,1584.61
2018-11-22 06:00:00,1542866400.0,3.8596,3.8597,3.857,3.8597,298.79
2018-11-22 06:01:00,1542866460.0,3.8565,3.8583,3.8553,3.8579,551.23
2018-11-22 06:02:00,1542866520.0,3.8559,3.8587,3.8555,3.8587,219.75
2018-11-22 06:03:00,1542866580.0,3.859,3.859,3.8563,3.8589,1335.15
2018-11-22 06:04:00,1542866640.0,3.859,3.8602,3.8563,3.8591,3852.06
2018-11-22 06:05:00,1542866700.0,3.8612,3.8612,3.8548,3.855,2306.18
2018-11-22 06:06:00,1542866760.0,3.8581,3.8582,3.8559,3.8559,1030.32
2018-11-22 06:07:00,1542866820.0,3.8545,3.8563,3.8534,3.8536,822.78
2018-11-22 06:08:00,1542866880.0,3.854,3.856,3.8532,3.8532,755.58
2018-11-22 06:09:00,1542866940.0,3.8528,3.8577,3.8528,3.8544,2329.57
2018-11-22 06:10:00,1542867000.0,3.8569,3.8576,3.8536,3.8552,994.6
2018-11-22 06:11:00,1542867060.0,3.8544,3.8563,3.8535,3.8535,572.08
2018-11-22 06:12:00,1542867120.0,3.8533,3.8533,3.8482,3.8491,2314.98
2018-11-22 06:13:00,1542867180.0,3.8493,3.8528,3.8476,3.8528,3143.73
2018-11-22 06:14:00,1542867240.0,3.8493,3.8518,3.8437,3.85,6325.84
2018-11-22 06:15:00,1542867300.0,3.8468,3.8518,3.8446,3.8471,2817.28
2018-11-22 06:16:00,1542867360.0,3.8509,3.8509,3.8424,3.8503,4190.67
2018-11-22 06:17:00,1542867420.0,3.8462,3.8505,3.8439,3.8446,1861.5
2018-11-22 06:18:00,1542867480.0,3.8447,3.8484,3.8438,3.8444,2008.12
2018-11-22 06:19:00,1542867540.0,3.8479,3.8482,3.8465,3.8482,713.06
2018-11-22 06:20:00,1542867600.0,3.8491,3.8504,3.842,3.842,7228.36
2018-11-22 06:21:00,1542867660.0,3.8439,3.8499,3.8439,3.8473,2280.53
2018-11-22 06:22:00,1542867720.0,3.8475,3.8506,3.8471,3.8484,1721.66
2018-11-22 06:23:00,1542867780.0,3.85,3.8513,3.8477,3.8478,2185.12
2018-11-22 06:24:00,1542867840.0,3.8497,3.8514,3.8475,3.8486,422.31
2018-11-22 06:25:00,1542867900.0,3.8486,3.8536,3.8442,3.8536,2480.64
2018-11-22 06:26:00,1542867960.0,3.8535,3.8535,3.8461,3.8477,1875.76
2018-11-22 06:27:00,1542868020.0,3.8477,3.849,3.8461,3.8479,858.9
2018-11-22 06:28:00,1542868080.0,3.8482,3.8503,3.8475,3.8475,550.75
2018-11-22 06:29:00,1542868140.0,3.8494,3.8529,3.8471,3.8529,1529.46
2018-11-22 06:30:00,1542868200.0,3.8491,3.8494,3.8484,3.8491,224.93
2018-11-22 06:31:00,1542868260.0,3.8502,3.8521,3.8491,3.85,1063.37
2018-11-22 06:32:00,1542868320.0,3.8501,3.8542,3.8501,3.8518,295.02
2018-11-22 06:33:00,1542868380.0,3.854,3.8541,3.8465,3.8492,1142.45
2018-11-22 06:34:00,1542868440.0,3.8512,3.8537,3.8474,3.8475,1348.57
2018-11-22 06:35:00,1542868500.0,3.8505,3.852,3.8474,3.8485,1085.59
2018-11-22 06:36:00,1542868560.0,3.8496,3.851,3.8458,3.8479,1269.13
2018-11-22 06:37:00,1542868620.0,3.8505,3.8505,3.8481,3.849,351.54
2018-11-22 06:38:00,1542868680.0,3.8483,3.8494,3.8483,3.8494,226.11
2018-11-22 06:39:00,1542868740.0,3.8491,3.8521,3.8479,3.8521,886.71
2018-11-22 06:40:00,1542868800.0,3.8522,3.8522,3.8481,3.8481,231.81
2018-11-22 06:41:00,1542868860.0,3.8493,3.8503,3.8487,3.8498,1234.17
2018-11-22 06:42:00,1542868920.0,3.8491,3.8521,3.8491,3.852,1281.86
2018-11-22 06:43:00,1542868980.0,3.8521,3.8559,3.8496,3.8525,732.9
2018-11-22 06:44:00,1542869040.0,3.8498,3.8498,3.8498,3.8498,5.18
2018-11-22 06:45:00,1542869100.0,3.8493,3.8514,3.8479,3.8514,760.38
2018-11-22 06:46:00,1542869160.0,3.848,3.8499,3.8479,3.8485,750.81
2018-11-22 06:47:00,1542869220.0,3.8478,3.8496,3.8472,3.8472,394.96
2018-11-22 06:48:00,1542869280.0,3.8471,3.8481,3.8463,3.8464,6212.33
2018-11-22 06:49:00,1542869340.0,3.849,3.8536,3.8467,3.8508,4476.69
2018-11-22 06:50:00,1542869400.0,3.85,3.85,3.8481,3.8482,338.28
2018-11-22 06:51:00,1542869460.0,3.8499,3.8507,3.8482,3.849,536.87
2018-11-22 06:52:00,1542869520.0,3.8499,3.8501,3.8483,3.8501,462.91
2018-11-22 06:53:00,1542869580.0,3.8483,3.851,3.8431,3.8465,3296.65
2018-11-22 06:54:00,1542869640.0,3.8464,3.8472,3.8438,3.8438,12760.5
2018-11-22 06:55:00,1542869700.0,3.8473,3.8473,3.8408,3.8462,1986.04
2018-11-22 06:56:00,1542869760.0,3.8429,3.8509,3.8416,3.8469,1123.31
2018-11-22 06:57:00,1542869820.0,3.8465,3.8486,3.8343,3.8395,4901.03
2018-11-22 06:58:00,1542869880.0,3.8396,3.8444,3.8348,3.8379,4667.21
2018-11-22 06:59:00,1542869940.0,3.8379,3.8401,3.8343,3.8376,6820.83
2018-11-22 07:00:00,1542870000.0,3.8413,3.8421,3.8366,3.8391,1229.52
2018-11-22 07:01:00,1542870060.0,3.8401,3.8414,3.8367,3.8414,967.06
2018-11-22 07:02:00,1542870120.0,3.8414,3.8431,3.8375,3.8394,1246.7
2018-11-22 07:03:00,1542870180.0,3.8419,3.8426,3.8387,3.8426,601.08
2018-11-22 07:04:00,1542870240.0,3.8398,3.8409,3.8351,3.84,1683.76
2018-11-22 07:05:00,1542870300.0,3.8371,3.8398,3.836,3.8394,3066.24
2018-11-22 07:06:00,1542870360.0,3.839,3.8421,3.8367,3.8381,2334.09
2018-11-22 07:07:00,1542870420.0,3.8344,3.8386,3.8325,3.8356,8919.51
2018-11-22 07:08:00,1542870480.0,3.8384,3.8385,3.8251,3.8319,5205.33
2018-11-22 07:09:00,1542870540.0,3.8314,3.8366,3.8266,3.8293,2402.04
2018-11-22 07:10:00,1542870600.0,3.83,3.8301,3.8232,3.8257,803.13
2018-11-22 07:11:00,1542870660.0,3.8268,3.8268,3.8211,3.8251,6631.28
2018-11-22 07:12:00,1542870720.0,3.8271,3.8291,3.8227,3.8234,1660.46
2018-11-22 07:13:00,1542870780.0,3.8254,3.8269,3.82,3.8217,2214.13
2018-11-22 07:14:00,1542870840.0,3.82,3.8239,3.8189,3.8221,2270.7
2018-11-22 07:15:00,1542870900.0,3.8198,3.8221,3.8184,3.8219,691.88
2018-11-22 07:16:00,1542870960.0,3.8194,3.8311,3.8192,3.8276,4039.19
2018-11-22 07:17:00,1542871020.0,3.8277,3.8277,3.8205,3.8247,2269.3
2018-11-22 07:18:00,1542871080.0,3.8208,3.8263,3.8208,3.8221,898.27
2018-11-22 07:19:00,1542871140.0,3.8221,3.8269,3.8208,3.8246,5668.4
2018-11-22 07:20:00,1542871200.0,3.8248,3.8305,3.8233,3.8263,3339.28
2018-11-22 07:21:00,1542871260.0,3.8248,3.8309,3.8248,3.83,616.72
2018-11-22 07:22:00,1542871320.0,3.8273,3.8315,3.8256,3.8268,1145.88
2018-11-22 07:23:00,1542871380.0,3.831,3.8313,3.8277,3.8297,2489.96
2018-11-22 07:24:00,1542871440.0,3.8308,3.8319,3.822,3.8306,3221.47
2018-11-22 07:25:00,1542871500.0,3.8309,3.832,3.8303,3.8319,520.2
2018-11-22 07:26:00,1542871560.0,3.8318,3.8323,3.8291,3.8291,1792.06
2018-11-22 07:27:00,1542871620.0,3.8322,3.8339,3.8322,3.8322,1855.33
2018-11-22 07:28:00,1542871680.0,3.8308,3.8325,3.8293,3.8293,1074.18
2018-11-22 07:29:00,1542871740.0,3.8293,3.8329,3.8292,3.8299,1724.88
2018-11-22 07:30:00,1542871800.0,3.8331,3.8359,3.8308,3.8359,666.09
2018-11-22 07:31:00,1542871860.0,3.8333,3.8345,3.8326,3.8326,305.1
2018-11-22 07:32:00,1542871920.0,3.8328,3.836,3.8326,3.836,753.71
2018-11-22 07:33:00,1542871980.0,3.8358,3.8422,3.8349,3.838,1100.21
2018-11-22 07:34:00,1542872040.0,3.8382,3.8419,3.8382,3.8409,569.64
2018-11-22 07:35:00,1542872100.0,3.8402,3.8444,3.8374,3.8374,1064.25
2018-11-22 07:36:00,1542872160.0,3.839,3.848,3.839,3.8423,3116.51
2018-11-22 07:37:00,1542872220.0,3.843,3.846,3.843,3.8438,669.23
2018-11-22 07:38:00,1542872280.0,3.8464,3.8517,3.8458,3.849,2202.71
2018-11-22 07:39:00,1542872340.0,3.8507,3.8517,3.848,3.8497,1483.94
2018-11-22 07:40:00,1542872400.0,3.8494,3.8496,3.8454,3.8473,1408.32
2018-11-22 07:41:00,1542872460.0,3.849,3.849,3.8454,3.847,1142.75
2018-11-22 07:42:00,1542872520.0,3.8484,3.8521,3.8479,3.8505,904.82
2018-11-22 07:43:00,1542872580.0,3.8507,3.8507,3.847,3.847,551.75
2018-11-22 07:44:00,1542872640.0,3.8469,3.8469,3.843,3.843,1678.74
2018-11-22 07:45:00,1542872700.0,3.844,3.844,3.8381,3.843,3002.82
2018-11-22 07:46:00,1542872760.0,3.843,3.843,3.8366,3.839,2090.4
2018-11-22 07:47:00,1542872820.0,3.8407,3.8443,3.8363,3.8443,1237.94
2018-11-22 07:48:00,1542872880.0,3.8407,3.8444,3.8397,3.8444,1711.56
2018-11-22 07:49:00,1542872940.0,3.8442,3.8466,3.8433,3.8466,2707.94
2018-11-22 07:50:00,1542873000.0,3.8466,3.8496,3.8438,3.8446,3242.68
2018-11-22 07:51:00,1542873060.0,3.8432,3.8475,3.8432,3.8461,1413.57
2018-11-22 07:52:00,1542873120.0,3.8499,3.8499,3.8462,3.8468,420.13
2018-11-22 07:53:00,1542873180.0,3.847,3.8505,3.8468,3.8505,722.89
2018-11-22 07:54:00,1542873240.0,3.8481,3.8483,3.8452,3.8466,1108.14
2018-11-22 07:55:00,1542873300.0,3.8457,3.8481,3.8442,3.8481,701.3
2018-11-22 07:56:00,1542873360.0,3.8505,3.8505,3.8455,3.8474,676.19
2018-11-22 07:57:00,1542873420.0,3.8481,3.8501,3.844,3.844,2441.85
2018-11-22 07:58:00,1542873480.0,3.8461,3.8461,3.8418,3.8421,3505.17
2018-11-22 07:59:00,1542873540.0,3.8421,3.8429,3.8388,3.8404,1162.1
2018-11-22 08:00:00,1542873600.0,3.8406,3.8407,3.8368,3.8407,857.49
2018-11-22 08:01:00,1542873660.0,3.8407,3.8426,3.8382,3.8384,327.47
2018-11-22 08:02:00,1542873720.0,3.8396,3.8421,3.8391,3.8391,407.24
2018-11-22 08:03:00,1542873780.0,3.8425,3.8425,3.8388,3.8401,1479.05
2018-11-22 08:04:00,1542873840.0,3.8417,3.8443,3.839,3.8419,1061.14
2018-11-22 08:05:00,1542873900.0,3.844,3.844,3.8395,3.8431,272.36
2018-11-22 08:06:00,1542873960.0,3.8444,3.8444,3.841,3.841,215.99
2018-11-22 08:07:00,1542874020.0,3.8408,3.8419,3.8395,3.8418,1494.19
2018-11-22 08:08:00,1542874080.0,3.8413,3.8432,3.8404,3.8431,1220.89
2018-11-22 08:09:00,1542874140.0,3.8412,3.843,3.8394,3.8394,734.78
2018-11-22 08:10:00,1542874200.0,3.8423,3.8423,3.8385,3.8401,295.79
2018-11-22 08:11:00,1542874260.0,3.8384,3.8407,3.8374,3.8374,777.3
2018-11-22 08:12:00,1542874320.0,3.8373,3.8407,3.8372,3.8407,857.6
2018-11-22 08:13:00,1542874380.0,3.8407,3.8407,3.8359,3.8362,652.0
2018-11-22 08:14:00,1542874440.0,3.8397,3.8397,3.8362,3.8382,320.85
2018-11-22 08:15:00,1542874500.0,3.8387,3.8406,3.8381,3.8406,1524.44
2018-11-22 08:16:00,1542874560.0,3.8407,3.8407,3.832,3.8329,2024.3
2018-11-22 08:17:00,1542874620.0,3.8349,3.8363,3.8298,3.833,1702.91
2018-11-22 08:18:00,1542874680.0,3.8332,3.8332,3.83,3.8322,967.88
2018-11-22 08:19:00,1542874740.0,3.8321,3.8321,3.8252,3.8253,132.24
2018-11-22 08:20:00,1542874800.0,3.8248,3.827,3.8245,3.8245,405.67
2018-11-22 08:21:00,1542874860.0,3.8264,3.8275,3.824,3.8251,554.98
2018-11-22 08:22:00,1542874920.0,3.8268,3.8289,3.8242,3.8286,350.16
2018-11-22 08:23:00,1542874980.0,3.8263,3.8284,3.8245,3.8278,1258.61
2018-11-22 08:24:00,1542875040.0,3.8247,3.8271,3.8237,3.8271,622.66
2018-11-22 08:25:00,1542875100.0,3.824,3.8254,3.8214,3.8247,1767.43
2018-11-22 08:26:00,1542875160.0,3.8221,3.8284,3.8208,3.8278,2967.07
2018-11-22 08:27:00,1542875220.0,3.8286,3.8328,3.8286,3.8322,267.62
2018-11-22 08:28:00,1542875280.0,3.8312,3.8321,3.8307,3.8307,234.94
2018-11-22 08:29:00,1542875340.0,3.8313,3.833,3.8299,3.8306,1502.45
2018-11-22 08:30:00,1542875400.0,3.8314,3.8328,3.8295,3.8301,1936.18
2018-11-22 08:31:00,1542875460.0,3.83,3.83,3.8263,3.8287,1231.71
2018-11-22 08:32:00,1542875520.0,3.83,3.8324,3.8271,3.8271,382.17
2018-11-22 08:33:00,1542875580.0,3.8271,3.8324,3.8271,3.8291,2742.94
2018-11-22 08:34:00,1542875640.0,3.8312,3.8312,3.8291,3.8293,424.72
2018-11-22 08:35:00,1542875700.0,3.8309,3.8341,3.83,3.8313,1046.17
2018-11-22 08:36:00,1542875760.0,3.8298,3.8333,3.8297,3.8322,1069.86
2018-11-22 08:37:00,1542875820.0,3.8322,3.8369,3.8322,3.8369,1966.96
2018-11-22 08:38:00,1542875880.0,3.8368,3.8381,3.8354,3.838,791.72
2018-11-22 08:39:00,1542875940.0,3.8372,3.8412,3.8365,3.8412,2422.93
2018-11-22 08:40:00,1542876000.0,3.8424,3.8445,3.8388,3.8405,1149.08
2018-11-22 08:41:00,1542876060.0,3.8424,3.8439,3.8412,3.8419,696.71
2018-11-22 08:42:00,1542876120.0,3.8414,3.8469,3.8414,3.8466,5883.97
2018-11-22 08:43:00,1542876180.0,3.8466,3.8469,3.8435,3.8438,1396.2
2018-11-22 08:44:00,1542876240.0,3.8447,3.8459,3.8372,3.8421,1795.14
2018-11-22 08:45:00,1542876300.0,3.8429,3.8447,3.841,3.8423,386.58
2018-11-22 08:46:00,1542876360.0,3.843,3.8446,3.8412,3.8446,2326.99
2018-11-22 08:47:00,1542876420.0,3.8411,3.8458,3.8397,3.8416,1899.96
2018-11-22 08:48:00,1542876480.0,3.8416,3.844,3.8398,3.8413,3640.29
2018-11-22 08:49:00,1542876540.0,3.8445,3.8458,3.8429,3.8457,3871.84
2018-11-22 08:50:00,1542876600.0,3.8457,3.8457,3.8421,3.8421,2051.13
2018-11-22 08:51:00,1542876660.0,3.8422,3.8436,3.8422,3.8436,353.75
2018-11-22 08:52:00,1542876720.0,3.8443,3.8459,3.8415,3.8457,1771.4
2018-11-22 08:53:00,1542876780.0,3.8461,3.8468,3.8461,3.8468,306.88
2018-11-22 08:54:00,1542876840.0,3.8462,3.8468,3.8443,3.8443,1404.55
2018-11-22 08:55:00,1542876900.0,3.8432,3.8472,3.8432,3.8441,1974.17
2018-11-22 08:56:00,1542876960.0,3.8467,3.8481,3.8461,3.8461,678.05
2018-11-22 08:57:00,1542877020.0,3.8448,3.8475,3.8448,3.8475,395.46
2018-11-22 08:58:00,1542877080.0,3.8476,3.8513,3.8469,3.8469,3632.42
2018-11-22 08:59:00,1542877140.0,3.848,3.8505,3.848,3.8505,352.32
2018-11-22 09:00:00,1542877200.0,3.8487,3.8544,3.8481,3.8491,848.09
2018-11-22 09:01:00,1542877260.0,3.8516,3.8529,3.8516,3.8528,499.09
2018-11-22 09:02:00,1542877320.0,3.8529,3.853,3.8492,3.8515,1365.14
2018-11-22 09:03:00,1542877380.0,3.851,3.8526,3.8491,3.8525,481.11
2018-11-22 09:04:00,1542877440.0,3.8496,3.8515,3.8475,3.8475,1572.58
2018-11-22 09:05:00,1542877500.0,3.845,3.8473,3.8381,3.8473,3098.39
2018-11-22 09:06:00,1542877560.0,3.8437,3.8437,3.839,3.839,2446.99
2018-11-22 09:07:00,1542877620.0,3.8384,3.8433,3.8375,3.8406,2592.47
2018-11-22 09:08:00,1542877680.0,3.8413,3.8439,3.8372,3.8372,944.93
2018-11-22 09:09:00,1542877740.0,3.836,3.8387,3.8334,3.8376,2367.45
2018-11-22 09:10:00,1542877800.0,3.8357,3.8378,3.8318,3.8337,3314.21
2018-11-22 09:11:00,1542877860.0,3.8351,3.8351,3.8306,3.8306,784.0
2018-11-22 09:12:00,1542877920.0,3.8329,3.8333,3.8301,3.8315,431.35
2018-11-22 09:13:00,1542877980.0,3.8321,3.8367,3.8319,3.8319,633.88
2018-11-22 09:14:00,1542878040.0,3.8321,3.8362,3.8321,3.8362,152.84
2018-11-22 09:15:00,1542878100.0,3.8348,3.8369,3.8334,3.8334,504.73
2018-11-22 09:16:00,1542878160.0,3.8356,3.8356,3.8334,3.8335,1514.32
2018-11-22 09:17:00,1542878220.0,3.8369,3.8371,3.8333,3.8333,848.87
2018-11-22 09:18:00,1542878280.0,3.8324,3.8337,3.831,3.8332,705.41
2018-11-22 09:19:00,1542878340.0,3.8332,3.8338,3.825,3.825,1372.81
2018-11-22 09:20:00,1542878400.0,3.8281,3.8294,3.8245,3.8294,1493.99
2018-11-22 09:21:00,1542878460.0,3.8262,3.8292,3.826,3.8292,761.72
2018-11-22 09:22:00,1542878520.0,3.8293,3.8294,3.8241,3.8256,2022.53
2018-11-22 09:23:00,1542878580.0,3.8248,3.8251,3.8023,3.8023,12741.98
2018-11-22 09:24:00,1542878640.0,3.8067,3.8068,3.7906,3.8002,23945.29
2018-11-22 09:25:00,1542878700.0,3.8001,3.8016,3.7852,3.7863,14872.61
2018-11-22 09:26:00,1542878760.0,3.7899,3.7986,3.7868,3.7946,15439.85
2018-11-22 09:27:00,1542878820.0,3.7947,3.7986,3.7926,3.7986,1686.05
2018-11-22 09:28:00,1542878880.0,3.7977,3.8049,3.7957,3.8001,1834.76
2018-11-22 09:29:00,1542878940.0,3.8001,3.8025,3.7964,3.7964,1653.67
2018-11-22 09:30:00,1542879000.0,3.7983,3.7983,3.7791,3.7848,16396.28
2018-11-22 09:31:00,1542879060.0,3.786,3.7867,3.7816,3.7825,5485.58
2018-11-22 09:32:00,1542879120.0,3.7818,3.7843,3.7761,3.7821,5056.39
2018-11-22 09:33:00,1542879180.0,3.7822,3.7915,3.7802,3.7866,9995.41
2018-11-22 09:34:00,1542879240.0,3.7879,3.7965,3.7844,3.7965,2985.17
2018-11-22 09:35:00,1542879300.0,3.7932,3.7953,3.7868,3.7924,2801.37
2018-11-22 09:36:00,1542879360.0,3.7941,3.7975,3.794,3.794,1173.77
2018-11-22 09:37:00,1542879420.0,3.7961,3.7999,3.7938,3.7941,2466.71
2018-11-22 09:38:00,1542879480.0,3.7941,3.7969,3.7916,3.7956,1047.69
2018-11-22 09:39:00,1542879540.0,3.7927,3.7943,3.7875,3.7906,2060.5
2018-11-22 09:40:00,1542879600.0,3.7905,3.7937,3.7895,3.7936,1129.38
2018-11-22 09:41:00,1542879660.0,3.7927,3.798,3.7927,3.7951,4372.82
2018-11-22 09:42:00,1542879720.0,3.7944,3.7958,3.7893,3.7918,4613.22
2018-11-22 09:43:00,1542879780.0,3.7941,3.7995,3.7893,3.796,9779.05
2018-11-22 09:44:00,1542879840.0,3.7987,3.8042,3.7935,3.7967,4805.2
2018-11-22 09:45:00,1542879900.0,3.7978,3.7995,3.7914,3.7953,10120.39
2018-11-22 09:46:00,1542879960.0,3.7959,3.8,3.7929,3.7947,3191.94
2018-11-22 09:47:00,1542880020.0,3.7928,3.7952,3.7837,3.7854,4507.76
2018-11-22 09:48:00,1542880080.0,3.789,3.7899,3.7831,3.7893,1533.19
2018-11-22 09:49:00,1542880140.0,3.789,3.7915,3.7879,3.7881,2870.45
2018-11-22 09:50:00,1542880200.0,3.7913,3.7919,3.7885,3.7919,924.38
2018-11-22 09:51:00,1542880260.0,3.7902,3.792,3.7865,3.7886,7160.63
2018-11-22 09:52:00,1542880320.0,3.7886,3.7901,3.7856,3.7877,2789.66
2018-11-22 09:53:00,1542880380.0,3.7873,3.7873,3.7767,3.7767,5519.3
2018-11-22 09:54:00,1542880440.0,3.7762,3.784,3.7722,3.7817,14484.44
2018-11-22 09:55:00,1542880500.0,3.7825,3.7845,3.776,3.776,1997.67
2018-11-22 09:56:00,1542880560.0,3.7744,3.7756,3.7622,3.7622,5929.01
2018-11-22 09:57:00,1542880620.0,3.764,3.7717,3.7615,3.7677,6321.37
2018-11-22 09:58:00,1542880680.0,3.7663,3.7774,3.7651,3.7736,3846.91
2018-11-22 09:59:00,1542880740.0,3.7736,3.7764,3.7708,3.7749,3123.68
2018-11-22 10:00:00,1542880800.0,3.7748,3.7794,3.773,3.7779,1678.6
2018-11-22 10:01:00,1542880860.0,3.782,3.7864,3.7756,3.7831,5104.31
2018-11-22 10:02:00,1542880920.0,3.783,3.7902,3.783,3.7857,3703.25
2018-11-22 10:03:00,1542880980.0,3.784,3.7868,3.7812,3.7833,1976.36
2018-11-22 10:04:00,1542881040.0,3.7832,3.7918,3.7794,3.787,5005.95
2018-11-22 10:05:00,1542881100.0,3.7867,3.792,3.7867,3.792,3445.82
2018-11-22 10:06:00,1542881160.0,3.7902,3.7926,3.7886,3.7926,1211.81
2018-11-22 10:07:00,1542881220.0,3.7927,3.795,3.7919,3.7946,2553.92
2018-11-22 10:08:00,1542881280.0,3.7949,3.7959,3.7917,3.7923,4288.72
2018-11-22 10:09:00,1542881340.0,3.7927,3.7964,3.7927,3.7964,3997.89
2018-11-22 10:10:00,1542881400.0,3.7988,3.801,3.7924,3.7937,2378.91
2018-11-22 10:11:00,1542881460.0,3.7935,3.7965,3.7935,3.7953,3270.02
2018-11-22 10:12:00,1542881520.0,3.7952,3.7952,3.7927,3.7939,1606.29
2018-11-22 10:13:00,1542881580.0,3.7948,3.7981,3.7888,3.7889,4105.86
2018-11-22 10:14:00,1542881640.0,3.7917,3.7956,3.7889,3.7905,3987.14
2018-11-22 10:15:00,1542881700.0,3.7921,3.7981,3.7921,3.7939,2255.23
2018-11-22 10:16:00,1542881760.0,3.7937,3.7967,3.7896,3.7967,3922.01
2018-11-22 10:17:00,1542881820.0,3.7971,3.7971,3.7881,3.7886,4116.79
2018-11-22 10:18:00,1542881880.0,3.7913,3.7915,3.7873,3.7915,3979.31
2018-11-22 10:19:00,1542881940.0,3.7912,3.7913,3.783,3.7888,5782.18
2018-11-22 10:20:00,1542882000.0,3.7888,3.7915,3.7865,3.7873,4087.73
2018-11-22 10:21:00,1542882060.0,3.7873,3.8,3.7873,3.7981,11289.08
2018-11-22 10:22:00,1542882120.0,3.7963,3.802,3.7963,3.802,2811.51
2018-11-22 10:23:00,1542882180.0,3.8033,3.8072,3.8016,3.8072,4349.11
2018-11-22 10:24:00,1542882240.0,3.8042,3.8074,3.7979,3.8005,6452.12
2018-11-22 10:25:00,1542882300.0,3.7975,3.8067,3.7972,3.8017,5627.22
2018-11-22 10:26:00,1542882360.0,3.8009,3.806,3.7979,3.798,6086.41
2018-11-22 10:27:00,1542882420.0,3.8022,3.803,3.7954,3.8004,4593.77
2018-11-22 10:28:00,1542882480.0,3.8018,3.8031,3.7994,3.8011,1841.76
2018-11-22 10:29:00,1542882540.0,3.8011,3.8092,3.8011,3.8016,9350.98
2018-11-22 10:30:00,1542882600.0,3.8037,3.8083,3.8037,3.8079,1756.58
2018-11-22 10:31:00,1542882660.0,3.805,3.8075,3.8044,3.8056,1944.2
2018-11-22 10:32:00,1542882720.0,3.8055,3.8075,3.8035,3.8047,1169.77
2018-11-22 10:33:00,1542882780.0,3.8022,3.8031,3.7995,3.8,1325.79
2018-11-22 10:34:00,1542882840.0,3.7997,3.8031,3.7975,3.803,1708.01
2018-11-22 10:35:00,1542882900.0,3.8031,3.8051,3.8016,3.8051,1478.48
2018-11-22 10:36:00,1542882960.0,3.8017,3.8036,3.8007,3.8016,1272.41
2018-11-22 10:37:00,1542883020.0,3.8031,3.8047,3.8,3.8046,7197.27
2018-11-22 10:38:00,1542883080.0,3.8033,3.8046,3.8033,3.8046,1289.29
2018-11-22 10:39:00,1542883140.0,3.804,3.8073,3.804,3.8072,1371.49
2018-11-22 10:40:00,1542883200.0,3.8056,3.8084,3.8056,3.8067,1226.65
2018-11-22 10:41:00,1542883260.0,3.8061,3.8064,3.7996,3.8034,4518.27
2018-11-22 10:42:00,1542883320.0,3.8006,3.8151,3.7978,3.8133,7077.3
2018-11-22 10:43:00,1542883380.0,3.8129,3.8165,3.805,3.8104,3434.43
2018-11-22 10:44:00,1542883440.0,3.8104,3.8106,3.8056,3.8069,1278.94
2018-11-22 10:45:00,1542883500.0,3.8095,3.8095,3.803,3.803,2154.07
2018-11-22 10:46:00,1542883560.0,3.8021,3.8064,3.8021,3.8027,550.79
2018-11-22 10:47:00,1542883620.0,3.8051,3.8051,3.8021,3.8034,499.8
2018-11-22 10:48:00,1542883680.0,3.8015,3.8015,3.7966,3.7967,2456.13
2018-11-22 10:49:00,1542883740.0,3.7966,3.8017,3.7965,3.7994,3354.79
2018-11-22 10:50:00,1542883800.0,3.7978,3.7978,3.795,3.795,1424.98
2018-11-22 10:51:00,1542883860.0,3.7944,3.7958,3.7931,3.7949,725.3
2018-11-22 10:52:00,1542883920.0,3.7959,3.8008,3.7932,3.7995,2067.13
2018-11-22 10:53:00,1542883980.0,3.8009,3.8022,3.7941,3.7942,4492.91
2018-11-22 10:54:00,1542884040.0,3.7958,3.8012,3.7938,3.7946,2557.8
2018-11-22 10:55:00,1542884100.0,3.7948,3.7994,3.7948,3.7994,1162.78
2018-11-22 10:56:00,1542884160.0,3.7994,3.801,3.7962,3.8,1365.99
2018-11-22 10:57:00,1542884220.0,3.7972,3.8006,3.7963,3.8006,938.48
2018-11-22 10:58:00,1542884280.0,3.797,3.8005,3.797,3.8003,1493.42
2018-11-22 10:59:00,1542884340.0,3.797,3.8024,3.797,3.8012,2020.2
2018-11-22 11:00:00,1542884400.0,3.8012,3.8012,3.7939,3.7988,1405.04
2018-11-22 11:01:00,1542884460.0,3.796,3.801,3.791,3.7988,2298.45
2018-11-22 11:02:00,1542884520.0,3.7964,3.7965,3.7936,3.7955,867.8
2018-11-22 11:03:00,1542884580.0,3.7963,3.7963,3.7926,3.7929,1276.19
2018-11-22 11:04:00,1542884640.0,3.7918,3.7964,3.7906,3.7964,2689.11
2018-11-22 11:05:00,1542884700.0,3.793,3.7941,3.7908,3.7921,1399.02
2018-11-22 11:06:00,1542884760.0,3.7922,3.8007,3.7922,3.7995,1774.26
2018-11-22 11:07:00,1542884820.0,3.7995,3.805,3.7988,3.8009,2753.78
2018-11-22 11:08:00,1542884880.0,3.8009,3.8027,3.7981,3.8027,435.13
2018-11-22 11:09:00,1542884940.0,3.8028,3.806,3.801,3.801,548.77
2018-11-22 11:10:00,1542885000.0,3.7993,3.8058,3.7993,3.8058,885.11
2018-11-22 11:11:00,1542885060.0,3.805,3.805,3.804,3.8049,1362.62
2018-11-22 11:12:00,1542885120.0,3.8047,3.8047,3.8005,3.8005,1233.03
2018-11-22 11:13:00,1542885180.0,3.8028,3.803,3.7982,3.8008,2619.63
2018-11-22 11:14:00,1542885240.0,3.8005,3.8005,3.7969,3.7985,1113.55
2018-11-22 11:15:00,1542885300.0,3.7985,3.8007,3.7985,3.8007,207.74
2018-11-22 11:16:00,1542885360.0,3.802,3.802,3.7973,3.8004,699.63
2018-11-22 11:17:00,1542885420.0,3.7969,3.7982,3.7902,3.7911,1872.71
2018-11-22 11:18:00,1542885480.0,3.7909,3.7925,3.7876,3.7876,2087.1
2018-11-22 11:19:00,1542885540.0,3.7872,3.7933,3.7858,3.7893,2322.57
2018-11-22 11:20:00,1542885600.0,3.7889,3.7898,3.7885,3.7894,788.1
2018-11-22 11:21:00,1542885660.0,3.7904,3.7924,3.7847,3.7924,2412.31
2018-11-22 11:22:00,1542885720.0,3.7913,3.7918,3.7871,3.7905,1941.61
2018-11-22 11:23:00,1542885780.0,3.7872,3.7872,3.7806,3.7806,5228.06
2018-11-22 11:24:00,1542885840.0,3.7807,3.7872,3.78,3.7835,6667.79
2018-11-22 11:25:00,1542885900.0,3.7817,3.7834,3.7811,3.7828,2132.07
2018-11-22 11:26:00,1542885960.0,3.781,3.7838,3.7707,3.7765,7725.36
2018-11-22 11:27:00,1542886020.0,3.7709,3.7812,3.7702,3.7743,5720.11
2018-11-22 11:28:00,1542886080.0,3.7732,3.7805,3.7732,3.7758,2493.32
2018-11-22 11:29:00,1542886140.0,3.7779,3.7779,3.7709,3.7724,4251.21
2018-11-22 11:30:00,1542886200.0,3.7727,3.7755,3.7685,3.7726,2856.54
2018-11-22 11:31:00,1542886260.0,3.7688,3.7736,3.7666,3.7705,3478.93
2018-11-22 11:32:00,1542886320.0,3.7705,3.7722,3.7532,3.7674,22921.18
2018-11-22 11:33:00,1542886380.0,3.767,3.7743,3.7589,3.765,7783.92
2018-11-22 11:34:00,1542886440.0,3.7659,3.7695,3.7591,3.769,4732.31
2018-11-22 11:35:00,1542886500.0,3.7689,3.785,3.7671,3.7847,9487.19
2018-11-22 11:36:00,1542886560.0,3.7822,3.7865,3.7731,3.7795,9287.34
2018-11-22 11:37:00,1542886620.0,3.7794,3.7864,3.7788,3.7851,2105.44
2018-11-22 11:38:00,1542886680.0,3.786,3.7874,3.7801,3.7874,1878.99
2018-11-22 11:39:00,1542886740.0,3.7875,3.789,3.7798,3.7866,3718.5
2018-11-22 11:40:00,1542886800.0,3.784,3.7844,3.7809,3.7834,1589.18
2018-11-22 11:41:00,1542886860.0,3.7845,3.785,3.7827,3.785,569.96
2018-11-22 11:42:00,1542886920.0,3.7857,3.7902,3.7857,3.7902,913.2
2018-11-22 11:43:00,1542886980.0,3.7903,3.7988,3.7871,3.7912,14704.2
2018-11-22 11:44:00,1542887040.0,3.7957,3.8,3.7911,3.7943,7311.54
2018-11-22 11:45:00,1542887100.0,3.7943,3.8032,3.7919,3.8032,2444.83
2018-11-22 11:46:00,1542887160.0,3.7978,3.8006,3.796,3.7994,3499.98
2018-11-22 11:47:00,1542887220.0,3.7974,3.7974,3.7916,3.7953,2174.0
2018-11-22 11:48:00,1542887280.0,3.7926,3.797,3.7917,3.7917,2740.83
2018-11-22 11:49:00,1542887340.0,3.7945,3.7971,3.791,3.7967,2637.03
2018-11-22 11:50:00,1542887400.0,3.7967,3.798,3.7905,3.7938,4426.46
2018-11-22 11:51:00,1542887460.0,3.794,3.794,3.7903,3.7924,658.12
2018-11-22 11:52:00,1542887520.0,3.7935,3.7935,3.79,3.793,1268.92
2018-11-22 11:53:00,1542887580.0,3.7954,3.7979,3.7907,3.7933,5670.36
2018-11-22 11:54:00,1542887640.0,3.792,3.7972,3.792,3.7964,1798.06
2018-11-22 11:55:00,1542887700.0,3.7955,3.7978,3.7927,3.793,2132.74
2018-11-22 11:56:00,1542887760.0,3.7959,3.7992,3.7954,3.7987,2543.96
2018-11-22 11:57:00,1542887820.0,3.8,3.8001,3.7946,3.7989,9272.13
2018-11-22 11:58:00,1542887880.0,3.7996,3.7998,3.7961,3.7961,1581.19
2018-11-22 11:59:00,1542887940.0,3.7945,3.7984,3.7922,3.7922,1119.72
2018-11-22 12:00:00,1542888000.0,3.794,3.7957,3.7877,3.7877,839.62
2018-11-22 12:01:00,1542888060.0,3.7909,3.7934,3.7888,3.7891,1878.61
2018-11-22 12:02:00,1542888120.0,3.7873,3.7912,3.7743,3.7782,10817.12
2018-11-22 12:03:00,1542888180.0,3.7783,3.7841,3.7744,3.7746,3430.62
2018-11-22 12:04:00,1542888240.0,3.7761,3.7836,3.7761,3.7821,3559.21
2018-11-22 12:05:00,1542888300.0,3.7812,3.7812,3.7742,3.778,13099.24
2018-11-22 12:06:00,1542888360.0,3.7776,3.7785,3.7719,3.7719,1026.25
2018-11-22 12:07:00,1542888420.0,3.7717,3.7758,3.7697,3.774,1773.14
2018-11-22 12:08:00,1542888480.0,3.7739,3.7778,3.7737,3.7745,750.02
2018-11-22 12:09:00,1542888540.0,3.7768,3.7769,3.7745,3.7747,852.12
2018-11-22 12:10:00,1542888600.0,3.7769,3.7864,3.7767,3.7858,5767.14
2018-11-22 12:11:00,1542888660.0,3.7865,3.7891,3.7829,3.7888,3934.68
2018-11-22 12:12:00,1542888720.0,3.7893,3.7897,3.7836,3.7856,967.01
2018-11-22 12:13:00,1542888780.0,3.7834,3.7865,3.7825,3.7831,1576.46
2018-11-22 12:14:00,1542888840.0,3.7845,3.7856,3.7827,3.7833,2163.48
2018-11-22 12:15:00,1542888900.0,3.7831,3.785,3.7831,3.7836,954.61
2018-11-22 12:16:00,1542888960.0,3.785,3.7899,3.7825,3.785,4054.19
2018-11-22 12:17:00,1542889020.0,3.7859,3.7883,3.7821,3.7869,1547.08
2018-11-22 12:18:00,1542889080.0,3.7833,3.79,3.7815,3.7861,5011.41
2018-11-22 12:19:00,1542889140.0,3.7866,3.7868,3.7839,3.7858,4737.28
2018-11-22 12:20:00,1542889200.0,3.7839,3.7839,3.7814,3.7814,762.16
2018-11-22 12:21:00,1542889260.0,3.781,3.7833,3.7762,3.7771,6740.39
2018-11-22 12:22:00,1542889320.0,3.7793,3.784,3.7775,3.784,2542.83
2018-11-22 12:23:00,1542889380.0,3.7816,3.7824,3.7808,3.7808,1120.98
2018-11-22 12:24:00,1542889440.0,3.7784,3.7804,3.7776,3.7776,499.41
2018-11-22 12:25:00,1542889500.0,3.7775,3.7812,3.7745,3.778,4709.41
2018-11-22 12:26:00,1542889560.0,3.7812,3.7852,3.7789,3.7852,3295.97
2018-11-22 12:27:00,1542889620.0,3.7832,3.7883,3.7805,3.7818,5050.64
2018-11-22 12:28:00,1542889680.0,3.7811,3.7824,3.7803,3.7813,1377.01
2018-11-22 12:29:00,1542889740.0,3.7803,3.782,3.7783,3.7797,2085.33
2018-11-22 12:30:00,1542889800.0,3.7795,3.787,3.7795,3.7842,1874.29
2018-11-22 12:31:00,1542889860.0,3.7843,3.7872,3.7823,3.7836,1496.39
2018-11-22 12:32:00,1542889920.0,3.7835,3.7861,3.7835,3.784,802.67
2018-11-22 12:33:00,1542889980.0,3.7866,3.7869,3.7847,3.7848,1438.84
2018-11-22 12:34:00,1542890040.0,3.7865,3.7865,3.7828,3.7842,1093.42
2018-11-22 12:35:00,1542890100.0,3.7839,3.7871,3.7838,3.7838,1428.18
2018-11-22 12:36:00,1542890160.0,3.7837,3.7838,3.7816,3.7831,1517.26
2018-11-22 12:37:00,1542890220.0,3.7826,3.7832,3.7817,3.7832,955.88
2018-11-22 12:38:00,1542890280.0,3.7816,3.7837,3.7816,3.7836,837.11
2018-11-22 12:39:00,1542890340.0,3.782,3.7843,3.7783,3.7825,4852.74
2018-11-22 12:40:00,1542890400.0,3.7826,3.7855,3.7808,3.7848,1797.88
2018-11-22 12:41:00,1542890460.0,3.7812,3.7846,3.7795,3.7816,1165.68
2018-11-22 12:42:00,1542890520.0,3.7823,3.7843,3.7806,3.7815,1036.26
2018-11-22 12:43:00,1542890580.0,3.7807,3.7832,3.7792,3.7832,3850.25
2018-11-22 12:44:00,1542890640.0,3.7802,3.7824,3.7771,3.7772,1194.54
2018-11-22 12:45:00,1542890700.0,3.7797,3.785,3.7796,3.7804,2230.34
2018-11-22 12:46:00,1542890760.0,3.7807,3.7834,3.7789,3.7789,2072.73
2018-11-22 12:47:00,1542890820.0,3.7845,3.7859,3.7808,3.7839,2732.74
2018-11-22 12:48:00,1542890880.0,3.784,3.784,3.7817,3.7817,451.84
2018-11-22 12:49:00,1542890940.0,3.7829,3.7845,3.7817,3.7817,312.46
2018-11-22 12:50:00,1542891000.0,3.7816,3.7836,3.7804,3.7823,1073.24
2018-11-22 12:51:00,1542891060.0,3.7837,3.7859,3.7777,3.7797,3476.42
2018-11-22 12:52:00,1542891120.0,3.7798,3.7828,3.7798,3.7802,240.36
2018-11-22 12:53:00,1542891180.0,3.7779,3.7781,3.7771,3.7771,448.35
2018-11-22 12:54:00,1542891240.0,3.7756,3.7756,3.771,3.7725,3037.65
2018-11-22 12:55:00,1542891300.0,3.7739,3.7747,3.765,3.7651,3999.78
2018-11-22 12:56:00,1542891360.0,3.7636,3.7727,3.7565,3.7565,12191.1
2018-11-22 12:57:00,1542891420.0,3.7621,3.7706,3.7593,3.7706,2934.91
2018-11-22 12:58:00,1542891480.0,3.7713,3.7775,3.7674,3.7698,5021.89
2018-11-22 12:59:00,1542891540.0,3.7698,3.7746,3.7649,3.7707,4603.32
2018-11-22 13:00:00,1542891600.0,3.7707,3.7709,3.7609,3.7622,4077.48
2018-11-22 13:01:00,1542891660.0,3.7649,3.7679,3.7558,3.7653,3480.38
2018-11-22 13:02:00,1542891720.0,3.7641,3.7642,3.75,3.75,10474.52
2018-11-22 13:03:00,1542891780.0,3.7533,3.7533,3.7359,3.7392,24684.82
2018-11-22 13:04:00,1542891840.0,3.7376,3.7391,3.7012,3.7108,38318.21
2018-11-22 13:05:00,1542891900.0,3.7108,3.7269,3.7,3.7261,15819.69
2018-11-22 13:06:00,1542891960.0,3.7223,3.7269,3.7132,3.7221,11533.36
2018-11-22 13:07:00,1542892020.0,3.7221,3.7289,3.7186,3.719,3095.53
2018-11-22 13:08:00,1542892080.0,3.719,3.7268,3.7166,3.7218,4003.27
2018-11-22 13:09:00,1542892140.0,3.7219,3.7289,3.7195,3.7289,7258.69
2018-11-22 13:10:00,1542892200.0,3.7248,3.7346,3.7247,3.7346,2611.51
2018-11-22 13:11:00,1542892260.0,3.7316,3.7342,3.7245,3.7265,5165.59
2018-11-22 13:12:00,1542892320.0,3.7268,3.7268,3.7187,3.7224,9336.59
2018-11-22 13:13:00,1542892380.0,3.7224,3.7224,3.7191,3.7196,3649.58
2018-11-22 13:14:00,1542892440.0,3.7204,3.7215,3.7187,3.7214,461.89
2018-11-22 13:15:00,1542892500.0,3.7224,3.7273,3.7162,3.7189,17561.9
2018-11-22 13:16:00,1542892560.0,3.7186,3.7198,3.7097,3.7097,6506.44
2018-11-22 13:17:00,1542892620.0,3.7119,3.7165,3.7093,3.7143,2993.77
2018-11-22 13:18:00,1542892680.0,3.7143,3.7217,3.714,3.7217,10188.02
2018-11-22 13:19:00,1542892740.0,3.7197,3.7276,3.7196,3.7275,3006.36
2018-11-22 13:20:00,1542892800.0,3.728,3.7352,3.7255,3.7322,3125.59
2018-11-22 13:21:00,1542892860.0,3.7341,3.7348,3.7301,3.7338,2908.43
2018-11-22 13:22:00,1542892920.0,3.7338,3.7359,3.7306,3.7316,1304.92
2018-11-22 13:23:00,1542892980.0,3.7352,3.7354,3.7299,3.7326,2935.63
2018-11-22 13:24:00,1542893040.0,3.7288,3.7394,3.7194,3.7393,18532.44
2018-11-22 13:25:00,1542893100.0,3.7369,3.7413,3.7344,3.7408,15480.52
2018-11-22 13:26:00,1542893160.0,3.741,3.742,3.7336,3.7339,3192.81
2018-11-22 13:27:00,1542893220.0,3.7351,3.7363,3.7295,3.7363,3330.43
2018-11-22 13:28:00,1542893280.0,3.7372,3.7424,3.7339,3.7406,4775.6
2018-11-22 13:29:00,1542893340.0,3.7381,3.7402,3.7361,3.7368,3322.81
2018-11-22 13:30:00,1542893400.0,3.7377,3.7396,3.7294,3.7314,5039.77
2018-11-22 13:31:00,1542893460.0,3.7318,3.7327,3.7189,3.7292,4296.74
2018-11-22 13:32:00,1542893520.0,3.7296,3.7312,3.728,3.7284,1497.88
2018-11-22 13:33:00,1542893580.0,3.7302,3.7302,3.7273,3.7281,461.49
2018-11-22 13:34:00,1542893640.0,3.7307,3.734,3.7307,3.7339,3454.59
2018-11-22 13:35:00,1542893700.0,3.735,3.7398,3.735,3.7398,1463.94
2018-11-22 13:36:00,1542893760.0,3.7369,3.749,3.7364,3.7477,29451.61
2018-11-22 13:37:00,1542893820.0,3.7498,3.7541,3.7484,3.7506,6946.02
2018-11-22 13:38:00,1542893880.0,3.7508,3.7555,3.7498,3.7536,4576.21
2018-11-22 13:39:00,1542893940.0,3.7508,3.7564,3.7465,3.7547,4156.37
2018-11-22 13:40:00,1542894000.0,3.7569,3.757,3.7331,3.7479,21114.3
2018-11-22 13:41:00,1542894060.0,3.7484,3.751,3.747,3.7484,2411.12
2018-11-22 13:42:00,1542894120.0,3.7493,3.7496,3.7455,3.7477,3060.82
2018-11-22 13:43:00,1542894180.0,3.7477,3.7494,3.7446,3.7446,1246.81
2018-11-22 13:44:00,1542894240.0,3.7445,3.7534,3.7445,3.7503,20013.78
2018-11-22 13:45:00,1542894300.0,3.7506,3.7513,3.7456,3.7463,1453.04
2018-11-22 13:46:00,1542894360.0,3.7439,3.7478,3.7406,3.7463,897.53
2018-11-22 13:47:00,1542894420.0,3.7463,3.749,3.7444,3.7454,1908.16
2018-11-22 13:48:00,1542894480.0,3.7454,3.7504,3.7454,3.7461,924.74
2018-11-22 13:49:00,1542894540.0,3.7448,3.7492,3.744,3.7444,3153.92
2018-11-22 13:50:00,1542894600.0,3.7441,3.745,3.7421,3.745,19421.96
2018-11-22 13:51:00,1542894660.0,3.7445,3.745,3.7421,3.7421,1523.02
2018-11-22 13:52:00,1542894720.0,3.7443,3.7473,3.7443,3.7473,1844.46
2018-11-22 13:53:00,1542894780.0,3.7493,3.7522,3.7475,3.7511,2791.93
2018-11-22 13:54:00,1542894840.0,3.7511,3.7551,3.7509,3.755,1153.18
2018-11-22 13:55:00,1542894900.0,3.755,3.755,3.7446,3.7446,1306.7
2018-11-22 13:56:00,1542894960.0,3.7444,3.7479,3.7422,3.7453,2943.43
2018-11-22 13:57:00,1542895020.0,3.7454,3.75,3.7447,3.7463,1937.65
2018-11-22 13:58:00,1542895080.0,3.7466,3.7516,3.7453,3.7483,3660.55
2018-11-22 13:59:00,1542895140.0,3.747,3.7506,3.747,3.7506,1420.75
2018-11-22 14:00:00,1542895200.0,3.7491,3.7492,3.7455,3.7455,2681.92
2018-11-22 14:01:00,1542895260.0,3.7467,3.7476,3.7422,3.7475,47916.73
2018-11-22 14:02:00,1542895320.0,3.7458,3.7516,3.7445,3.7485,1516.58
2018-11-22 14:03:00,1542895380.0,3.7485,3.7547,3.7484,3.7542,21018.18
2018-11-22 14:04:00,1542895440.0,3.7509,3.7579,3.7509,3.753,2975.74
2018-11-22 14:05:00,1542895500.0,3.753,3.7561,3.7512,3.7534,13374.54
2018-11-22 14:06:00,1542895560.0,3.7534,3.7545,3.752,3.7545,593.01
2018-11-22 14:07:00,1542895620.0,3.7565,3.7607,3.7545,3.7557,4610.44
2018-11-22 14:08:00,1542895680.0,3.7591,3.7602,3.7511,3.7582,3662.98
2018-11-22 14:09:00,1542895740.0,3.7595,3.7595,3.7472,3.7489,7323.91
2018-11-22 14:10:00,1542895800.0,3.7497,3.7529,3.7492,3.7522,1086.02
2018-11-22 14:11:00,1542895860.0,3.7478,3.7513,3.7478,3.7505,1428.51
2018-11-22 14:12:00,1542895920.0,3.7514,3.7532,3.7493,3.7493,1462.68
2018-11-22 14:13:00,1542895980.0,3.7485,3.7485,3.745,3.7485,1789.63
2018-11-22 14:14:00,1542896040.0,3.7484,3.7506,3.7468,3.7506,3321.22
2018-11-22 14:15:00,1542896100.0,3.75,3.7558,3.7488,3.7545,1664.83
2018-11-22 14:16:00,1542896160.0,3.7544,3.7571,3.7522,3.7523,4073.58
2018-11-22 14:17:00,1542896220.0,3.7543,3.7719,3.7542,3.7696,11266.69
2018-11-22 14:18:00,1542896280.0,3.7655,3.773,3.7587,3.7638,8679.57
2018-11-22 14:19:00,1542896340.0,3.7653,3.7702,3.7648,3.7687,4269.98
2018-11-22 14:20:00,1542896400.0,3.7654,3.7654,3.7574,3.7604,1726.54
2018-11-22 14:21:00,1542896460.0,3.76,3.7652,3.7579,3.7625,6574.08
2018-11-22 14:22:00,1542896520.0,3.7609,3.7641,3.7579,3.7588,1119.83
2018-11-22 14:23:00,1542896580.0,3.7603,3.7615,3.7579,3.7598,621.72
2018-11-22 14:24:00,1542896640.0,3.7586,3.7598,3.7551,3.7589,2785.58
2018-11-22 14:25:00,1542896700.0,3.756,3.7582,3.7552,3.7552,1003.74
2018-11-22 14:26:00,1542896760.0,3.7578,3.763,3.7578,3.7616,1892.48
2018-11-22 14:27:00,1542896820.0,3.7642,3.7647,3.7596,3.7596,2814.86
2018-11-22 14:28:00,1542896880.0,3.759,3.7626,3.759,3.7617,3114.98
2018-11-22 14:29:00,1542896940.0,3.7622,3.7631,3.7613,3.7623,1120.09
2018-11-22 14:30:00,1542897000.0,3.7614,3.7649,3.7614,3.7649,782.39
2018-11-22 14:31:00,1542897060.0,3.7656,3.7755,3.7636,3.7733,7019.41
2018-11-22 14:32:00,1542897120.0,3.7732,3.7853,3.7702,3.7781,10579.96
2018-11-22 14:33:00,1542897180.0,3.7795,3.7816,3.774,3.7742,5376.93
2018-11-22 14:34:00,1542897240.0,3.7742,3.7802,3.7742,3.7802,2685.66
2018-11-22 14:35:00,1542897300.0,3.778,3.7806,3.7736,3.7738,2077.28
2018-11-22 14:36:00,1542897360.0,3.7739,3.7751,3.7657,3.7686,4675.66
2018-11-22 14:37:00,1542897420.0,3.7662,3.7713,3.7659,3.767,3841.1
2018-11-22 14:38:00,1542897480.0,3.7672,3.7748,3.7672,3.7713,2915.1
2018-11-22 14:39:00,1542897540.0,3.7717,3.7742,3.7702,3.7738,3026.54
2018-11-22 14:40:00,1542897600.0,3.774,3.7767,3.774,3.7744,1502.81
2018-11-22 14:41:00,1542897660.0,3.776,3.7767,3.7744,3.7767,785.09
2018-11-22 14:42:00,1542897720.0,3.7766,3.7768,3.7758,3.7768,822.85
2018-11-22 14:43:00,1542897780.0,3.7765,3.78,3.7764,3.7799,1008.09
2018-11-22 14:44:00,1542897840.0,3.7793,3.78,3.7704,3.7704,4410.32
2018-11-22 14:45:00,1542897900.0,3.7696,3.7734,3.7689,3.7693,1421.81
2018-11-22 14:46:00,1542897960.0,3.7711,3.7711,3.7711,3.7711,109.96
2018-11-22 14:47:00,1542898020.0,3.7705,3.7705,3.7658,3.7662,4874.55
2018-11-22 14:48:00,1542898080.0,3.763,3.763,3.755,3.755,4879.2
2018-11-22 14:49:00,1542898140.0,3.7523,3.7591,3.7523,3.758,1720.8
2018-11-22 14:50:00,1542898200.0,3.7587,3.7587,3.75,3.75,1104.33
2018-11-22 14:51:00,1542898260.0,3.7536,3.7569,3.7536,3.7569,791.85
2018-11-22 14:52:00,1542898320.0,3.7564,3.7582,3.7542,3.7582,717.24
2018-11-22 14:53:00,1542898380.0,3.756,3.756,3.755,3.7559,325.2
2018-11-22 14:54:00,1542898440.0,3.756,3.7564,3.7536,3.7563,1161.21
2018-11-22 14:55:00,1542898500.0,3.7535,3.7545,3.7514,3.7524,781.01
2018-11-22 14:56:00,1542898560.0,3.7534,3.7534,3.7497,3.7497,413.35
2018-11-22 14:57:00,1542898620.0,3.7497,3.754,3.7497,3.7539,736.4
2018-11-22 14:58:00,1542898680.0,3.7546,3.7546,3.7505,3.7538,780.9
2018-11-22 14:59:00,1542898740.0,3.7538,3.758,3.7508,3.758,2004.2
2018-11-22 15:00:00,1542898800.0,3.759,3.759,3.7512,3.7585,886.3
2018-11-22 15:01:00,1542898860.0,3.7545,3.762,3.7544,3.762,1255.32
2018-11-22 15:02:00,1542898920.0,3.76,3.7615,3.7588,3.7615,1778.27
2018-11-22 15:03:00,1542898980.0,3.762,3.762,3.7609,3.761,523.77
2018-11-22 15:04:00,1542899040.0,3.761,3.7639,3.7601,3.7632,793.37
2018-11-22 15:05:00,1542899100.0,3.7596,3.7625,3.7581,3.7625,1278.83
2018-11-22 15:06:00,1542899160.0,3.7601,3.761,3.7567,3.7567,1417.85
2018-11-22 15:07:00,1542899220.0,3.7565,3.7596,3.7565,3.7596,1824.59
2018-11-22 15:08:00,1542899280.0,3.759,3.759,3.7511,3.7536,4430.86
2018-11-22 15:09:00,1542899340.0,3.7519,3.7561,3.7499,3.7546,1052.77
2018-11-22 15:10:00,1542899400.0,3.756,3.757,3.7502,3.7502,903.99
2018-11-22 15:11:00,1542899460.0,3.752,3.752,3.7477,3.7477,1595.17
2018-11-22 15:12:00,1542899520.0,3.7475,3.7478,3.7416,3.7471,900.35
2018-11-22 15:13:00,1542899580.0,3.7439,3.7453,3.74,3.7427,2287.39
2018-11-22 15:14:00,1542899640.0,3.7411,3.7443,3.741,3.7414,673.03
2018-11-22 15:15:00,1542899700.0,3.7426,3.7457,3.7426,3.7448,980.56
2018-11-22 15:16:00,1542899760.0,3.7432,3.7444,3.7432,3.7437,141.86
2018-11-22 15:17:00,1542899820.0,3.7433,3.7448,3.7427,3.7445,1060.35
2018-11-22 15:18:00,1542899880.0,3.7445,3.7445,3.7415,3.7437,275.83
2018-11-22 15:19:00,1542899940.0,3.7445,3.7449,3.743,3.743,1159.28
2018-11-22 15:20:00,1542900000.0,3.742,3.7505,3.742,3.7505,3456.42
2018-11-22 15:21:00,1542900060.0,3.749,3.749,3.7466,3.7466,115.7
2018-11-22 15:22:00,1542900120.0,3.7458,3.7473,3.7458,3.7472,662.32
2018-11-22 15:23:00,1542900180.0,3.7451,3.7488,3.7451,3.7488,743.45
2018-11-22 15:24:00,1542900240.0,3.7478,3.7488,3.7458,3.7488,467.24
2018-11-22 15:25:00,1542900300.0,3.7487,3.7489,3.7454,3.7454,665.43
2018-11-22 15:26:00,1542900360.0,3.7441,3.7487,3.7434,3.7487,3400.65
2018-11-22 15:27:00,1542900420.0,3.7462,3.7462,3.7433,3.744,1147.76
2018-11-22 15:28:00,1542900480.0,3.7437,3.7471,3.7424,3.7438,184.89
2018-11-22 15:29:00,1542900540.0,3.7423,3.743,3.74,3.743,309.38
2018-11-22 15:30:00,1542900600.0,3.7381,3.744,3.7374,3.7437,1201.74
2018-11-22 15:31:00,1542900660.0,3.7455,3.7582,3.7455,3.7559,11307.47
2018-11-22 15:32:00,1542900720.0,3.7559,3.76,3.7546,3.7581,1255.37
2018-11-22 15:33:00,1542900780.0,3.7602,3.7602,3.7572,3.7572,625.53
2018-11-22 15:34:00,1542900840.0,3.7557,3.7627,3.7557,3.7597,443.89
2018-11-22 15:35:00,1542900900.0,3.7598,3.7598,3.7589,3.7589,219.04
2018-11-22 15:36:00,1542900960.0,3.7583,3.7598,3.7565,3.7598,3016.66
2018-11-22 15:37:00,1542901020.0,3.7581,3.7581,3.754,3.7541,464.02
2018-11-22 15:38:00,1542901080.0,3.7519,3.7564,3.7504,3.7534,579.45
2018-11-22 15:39:00,1542901140.0,3.7547,3.7607,3.75,3.7607,14896.44
2018-11-22 15:40:00,1542901200.0,3.7622,3.7646,3.7603,3.7642,502.06
2018-11-22 15:41:00,1542901260.0,3.7639,3.7655,3.7639,3.7655,170.62
2018-11-22 15:42:00,1542901320.0,3.7654,3.7668,3.7654,3.7668,379.77
2018-11-22 15:43:00,1542901380.0,3.7657,3.767,3.7649,3.767,516.48
2018-11-22 15:44:00,1542901440.0,3.766,3.7685,3.7648,3.7672,1308.48
2018-11-22 15:45:00,1542901500.0,3.7684,3.7764,3.765,3.7718,21576.41
2018-11-22 15:46:00,1542901560.0,3.7752,3.7752,3.7716,3.7739,127.84
2018-11-22 15:47:00,1542901620.0,3.7733,3.7733,3.77,3.7706,752.24
2018-11-22 15:48:00,1542901680.0,3.7702,3.7702,3.765,3.7657,10648.22
2018-11-22 15:49:00,1542901740.0,3.7666,3.7666,3.763,3.763,165.48
2018-11-22 15:50:00,1542901800.0,3.7661,3.7661,3.7624,3.7641,73.84
2018-11-22 15:51:00,1542901860.0,3.7621,3.7642,3.7621,3.7629,437.32
2018-11-22 15:52:00,1542901920.0,3.76,3.762,3.76,3.762,241.63
2018-11-22 15:53:00,1542901980.0,3.7603,3.7641,3.7603,3.7621,714.83
2018-11-22 15:54:00,1542902040.0,3.7639,3.764,3.7604,3.7637,1179.42
2018-11-22 15:55:00,1542902100.0,3.7604,3.7607,3.7586,3.7586,839.62
2018-11-22 15:56:00,1542902160.0,3.7561,3.7599,3.7561,3.7588,995.25
2018-11-22 15:57:00,1542902220.0,3.7609,3.7651,3.7607,3.7618,481.45
2018-11-22 15:58:00,1542902280.0,3.7607,3.7628,3.7593,3.7623,1376.61
2018-11-22 15:59:00,1542902340.0,3.7621,3.7621,3.7586,3.7594,278.25
2018-11-22 16:00:00,1542902400.0,3.7587,3.7604,3.7524,3.7524,719.25
2018-11-22 16:01:00,1542902460.0,3.7524,3.7569,3.7483,3.7552,4335.89
2018-11-22 16:02:00,1542902520.0,3.7575,3.7582,3.754,3.754,981.81
2018-11-22 16:03:00,1542902580.0,3.754,3.754,3.754,3.754,0.0
2018-11-22 16:04:00,1542902640.0,3.7462,3.7554,3.7462,3.7512,1784.52
2018-11-22 16:05:00,1542902700.0,3.7512,3.7512,3.7458,3.7458,2611.09
2018-11-22 16:06:00,1542902760.0,3.7464,3.7521,3.7457,3.7457,4223.69
2018-11-22 16:07:00,1542902820.0,3.746,3.7499,3.746,3.7499,541.63
2018-11-22 16:08:00,1542902880.0,3.7512,3.7512,3.7495,3.7495,1097.93
2018-11-22 16:09:00,1542902940.0,3.751,3.7545,3.7506,3.7545,506.16
2018-11-22 16:10:00,1542903000.0,3.7548,3.7599,3.7503,3.7564,2199.79
2018-11-22 16:11:00,1542903060.0,3.7573,3.7586,3.7547,3.7547,965.65
2018-11-22 16:12:00,1542903120.0,3.7552,3.758,3.7518,3.752,4517.91
2018-11-22 16:13:00,1542903180.0,3.7503,3.7526,3.7501,3.7501,140.84
2018-11-22 16:14:00,1542903240.0,3.7485,3.7508,3.7463,3.7467,1241.95
2018-11-22 16:15:00,1542903300.0,3.7504,3.7504,3.7443,3.7444,1107.8
2018-11-22 16:16:00,1542903360.0,3.7458,3.7458,3.7437,3.744,917.7
2018-11-22 16:17:00,1542903420.0,3.7442,3.7461,3.7425,3.7461,1658.69
2018-11-22 16:18:00,1542903480.0,3.7462,3.7462,3.74,3.74,2678.12
2018-11-22 16:19:00,1542903540.0,3.74,3.74,3.7332,3.7332,5043.82
2018-11-22 16:20:00,1542903600.0,3.7332,3.7366,3.731,3.7313,3297.85
2018-11-22 16:21:00,1542903660.0,3.731,3.731,3.7124,3.7226,8035.5
2018-11-22 16:22:00,1542903720.0,3.7198,3.7198,3.7089,3.7148,7498.71
2018-11-22 16:23:00,1542903780.0,3.7174,3.7355,3.7133,3.7282,8404.27
2018-11-22 16:24:00,1542903840.0,3.7291,3.7318,3.7265,3.7307,788.07
2018-11-22 16:25:00,1542903900.0,3.7291,3.732,3.7291,3.732,1037.67
2018-11-22 16:26:00,1542903960.0,3.7343,3.7344,3.7281,3.7281,4980.98
2018-11-22 16:27:00,1542904020.0,3.7294,3.7294,3.7132,3.72,1989.84
2018-11-22 16:28:00,1542904080.0,3.7198,3.7294,3.7174,3.7251,2817.42
2018-11-22 16:29:00,1542904140.0,3.7244,3.731,3.7243,3.7255,724.23
2018-11-22 16:30:00,1542904200.0,3.728,3.7294,3.7239,3.7242,3094.87
2018-11-22 16:31:00,1542904260.0,3.7236,3.725,3.721,3.721,1913.84
2018-11-22 16:32:00,1542904320.0,3.7199,3.7207,3.7114,3.7207,4228.49
2018-11-22 16:33:00,1542904380.0,3.72,3.724,3.7173,3.7238,2288.61
2018-11-22 16:34:00,1542904440.0,3.7227,3.726,3.7227,3.7246,845.06
2018-11-22 16:35:00,1542904500.0,3.7249,3.7336,3.7249,3.7287,4296.99
2018-11-22 16:36:00,1542904560.0,3.7273,3.7293,3.7254,3.7254,3522.64
2018-11-22 16:37:00,1542904620.0,3.7262,3.7289,3.7253,3.7253,2454.04
2018-11-22 16:38:00,1542904680.0,3.7256,3.7259,3.7238,3.7259,855.17
2018-11-22 16:39:00,1542904740.0,3.725,3.7275,3.7244,3.7253,632.03
2018-11-22 16:40:00,1542904800.0,3.726,3.7274,3.726,3.726,506.18
2018-11-22 16:41:00,1542904860.0,3.728,3.7311,3.7262,3.7311,600.7
2018-11-22 16:42:00,1542904920.0,3.7299,3.7307,3.7279,3.7298,1147.21
2018-11-22 16:43:00,1542904980.0,3.7312,3.7326,3.7279,3.7279,739.83
2018-11-22 16:44:00,1542905040.0,3.7318,3.7318,3.7287,3.73,715.94
2018-11-22 16:45:00,1542905100.0,3.7293,3.7328,3.7293,3.7328,2167.74
2018-11-22 16:46:00,1542905160.0,3.7329,3.7392,3.7313,3.737,2152.46
2018-11-22 16:47:00,1542905220.0,3.737,3.7398,3.7359,3.7398,1036.35
2018-11-22 16:48:00,1542905280.0,3.7398,3.7398,3.7364,3.7364,122.9
2018-11-22 16:49:00,1542905340.0,3.7376,3.7409,3.7338,3.7344,3682.84
2018-11-22 16:50:00,1542905400.0,3.7345,3.7355,3.7308,3.7308,149.43
2018-11-22 16:51:00,1542905460.0,3.7327,3.7354,3.7308,3.7354,807.47
2018-11-22 16:52:00,1542905520.0,3.7316,3.7326,3.7311,3.7311,775.06
2018-11-22 16:53:00,1542905580.0,3.7341,3.7341,3.7333,3.734,529.09
2018-11-22 16:54:00,1542905640.0,3.7323,3.735,3.7302,3.7348,2467.4
2018-11-22 16:55:00,1542905700.0,3.7333,3.7355,3.7333,3.7337,605.13
2018-11-22 16:56:00,1542905760.0,3.7318,3.7341,3.7307,3.7317,970.6
2018-11-22 16:57:00,1542905820.0,3.7332,3.7349,3.7332,3.7349,497.24
2018-11-22 16:58:00,1542905880.0,3.7334,3.7345,3.7308,3.7308,711.11
2018-11-22 16:59:00,1542905940.0,3.7307,3.7325,3.7271,3.73,3234.95
2018-11-22 17:00:00,1542906000.0,3.7297,3.7326,3.7275,3.7326,1684.79
2018-11-22 17:01:00,1542906060.0,3.7327,3.7375,3.7325,3.7348,3677.29
2018-11-22 17:02:00,1542906120.0,3.7349,3.7607,3.7344,3.7583,14524.03
2018-11-22 17:03:00,1542906180.0,3.7586,3.763,3.7542,3.7572,2711.68
2018-11-22 17:04:00,1542906240.0,3.7571,3.7606,3.7471,3.7567,8227.04
2018-11-22 17:05:00,1542906300.0,3.7549,3.7564,3.7482,3.7489,3801.32
2018-11-22 17:06:00,1542906360.0,3.7521,3.756,3.7521,3.7522,1384.05
2018-11-22 17:07:00,1542906420.0,3.7506,3.7531,3.7502,3.7518,756.76
2018-11-22 17:08:00,1542906480.0,3.7533,3.7689,3.7533,3.7588,8218.38
2018-11-22 17:09:00,1542906540.0,3.7602,3.766,3.7596,3.766,917.39
2018-11-22 17:10:00,1542906600.0,3.7657,3.7658,3.7547,3.7632,5132.61
2018-11-22 17:11:00,1542906660.0,3.761,3.7647,3.7571,3.7602,3749.3
2018-11-22 17:12:00,1542906720.0,3.76,3.7662,3.76,3.7617,2120.46
2018-11-22 17:13:00,1542906780.0,3.7648,3.7712,3.7644,3.7661,3374.97
2018-11-22 17:14:00,1542906840.0,3.7703,3.7704,3.7651,3.7677,959.41
2018-11-22 17:15:00,1542906900.0,3.7691,3.7731,3.7669,3.7669,702.83
2018-11-22 17:16:00,1542906960.0,3.7662,3.769,3.7646,3.7667,830.66
2018-11-22 17:17:00,1542907020.0,3.7643,3.7684,3.7642,3.7649,513.09
2018-11-22 17:18:00,1542907080.0,3.7642,3.7642,3.7613,3.7639,1205.97
2018-11-22 17:19:00,1542907140.0,3.7619,3.7651,3.7596,3.7596,1334.4
2018-11-22 17:20:00,1542907200.0,3.76,3.76,3.7562,3.7589,391.46
2018-11-22 17:21:00,1542907260.0,3.7558,3.7651,3.7558,3.7614,2912.61
2018-11-22 17:22:00,1542907320.0,3.7624,3.7681,3.7624,3.7679,2114.72
2018-11-22 17:23:00,1542907380.0,3.7667,3.7669,3.764,3.764,214.44
2018-11-22 17:24:00,1542907440.0,3.7659,3.7659,3.7615,3.7638,852.85
2018-11-22 17:25:00,1542907500.0,3.7645,3.7646,3.7613,3.7646,3031.47
2018-11-22 17:26:00,1542907560.0,3.763,3.7655,3.763,3.7655,121.55
2018-11-22 17:27:00,1542907620.0,3.7646,3.7648,3.7623,3.7623,327.54
2018-11-22 17:28:00,1542907680.0,3.7623,3.7651,3.7622,3.7639,1604.07
2018-11-22 17:29:00,1542907740.0,3.7635,3.7636,3.7605,3.7634,3591.01
2018-11-22 17:30:00,1542907800.0,3.7608,3.7634,3.759,3.761,1677.45
2018-11-22 17:31:00,1542907860.0,3.761,3.761,3.7576,3.7576,822.54
2018-11-22 17:32:00,1542907920.0,3.7581,3.7592,3.7551,3.7575,1425.83
2018-11-22 17:33:00,1542907980.0,3.7575,3.7575,3.7547,3.7565,494.45
2018-11-22 17:34:00,1542908040.0,3.7567,3.7573,3.7548,3.7573,315.08
2018-11-22 17:35:00,1542908100.0,3.7581,3.763,3.7581,3.7588,1181.63
2018-11-22 17:36:00,1542908160.0,3.7589,3.767,3.7589,3.7668,2305.98
2018-11-22 17:37:00,1542908220.0,3.7678,3.7721,3.7678,3.7703,653.01
2018-11-22 17:38:00,1542908280.0,3.7703,3.7729,3.7695,3.7729,654.37
2018-11-22 17:39:00,1542908340.0,3.7701,3.7739,3.7692,3.7722,468.27
2018-11-22 17:40:00,1542908400.0,3.7704,3.7716,3.7688,3.7688,290.54
2018-11-22 17:41:00,1542908460.0,3.7686,3.7702,3.767,3.7673,1061.45
2018-11-22 17:42:00,1542908520.0,3.7672,3.7685,3.7623,3.7623,796.37
2018-11-22 17:43:00,1542908580.0,3.7621,3.7623,3.7621,3.7623,78.81
2018-11-22 17:44:00,1542908640.0,3.7601,3.7636,3.7601,3.7635,393.15
2018-11-22 17:45:00,1542908700.0,3.7612,3.7702,3.7612,3.7702,2734.98
2018-11-22 17:46:00,1542908760.0,3.7688,3.7699,3.7645,3.7645,1395.4
2018-11-22 17:47:00,1542908820.0,3.7669,3.7741,3.7655,3.7721,2692.03
2018-11-22 17:48:00,1542908880.0,3.7721,3.7721,3.7669,3.7679,2514.12
2018-11-22 17:49:00,1542908940.0,3.7673,3.7676,3.7673,3.7675,251.44
2018-11-22 17:50:00,1542909000.0,3.7668,3.7703,3.7668,3.7703,603.42
2018-11-22 17:51:00,1542909060.0,3.7711,3.7723,3.7693,3.7708,189.42
2018-11-22 17:52:00,1542909120.0,3.7685,3.7735,3.7647,3.7647,3108.2
2018-11-22 17:53:00,1542909180.0,3.7645,3.7694,3.7645,3.7692,990.11
2018-11-22 17:54:00,1542909240.0,3.7698,3.7709,3.7678,3.7678,274.25
2018-11-22 17:55:00,1542909300.0,3.7678,3.7702,3.7677,3.7678,348.14
2018-11-22 17:56:00,1542909360.0,3.7685,3.7691,3.7679,3.7691,242.18
2018-11-22 17:57:00,1542909420.0,3.77,3.77,3.7675,3.7677,373.68
2018-11-22 17:58:00,1542909480.0,3.7676,3.7699,3.7676,3.7682,180.15
2018-11-22 17:59:00,1542909540.0,3.7684,3.7726,3.7684,3.7705,159.22
2018-11-22 18:00:00,1542909600.0,3.7737,3.7752,3.7719,3.7719,1151.53
2018-11-22 18:01:00,1542909660.0,3.7725,3.7728,3.7704,3.7718,766.29
2018-11-22 18:02:00,1542909720.0,3.7704,3.7728,3.7688,3.7692,2071.44
2018-11-22 18:03:00,1542909780.0,3.7695,3.7696,3.7614,3.7654,4013.84
2018-11-22 18:04:00,1542909840.0,3.7651,3.7681,3.7618,3.7618,1660.38
2018-11-22 18:05:00,1542909900.0,3.7621,3.7621,3.7594,3.7595,3042.67
2018-11-22 18:06:00,1542909960.0,3.7583,3.7606,3.7571,3.76,1114.29
2018-11-22 18:07:00,1542910020.0,3.7593,3.7593,3.7571,3.7571,148.05
2018-11-22 18:08:00,1542910080.0,3.7591,3.7615,3.7569,3.7569,1334.29
2018-11-22 18:09:00,1542910140.0,3.7555,3.7587,3.7539,3.7587,1512.59
2018-11-22 18:10:00,1542910200.0,3.7602,3.7602,3.7563,3.7563,109.97
2018-11-22 18:11:00,1542910260.0,3.7577,3.7606,3.7566,3.7567,1502.53
2018-11-22 18:12:00,1542910320.0,3.7583,3.7589,3.7546,3.7577,3335.47
2018-11-22 18:13:00,1542910380.0,3.7577,3.7579,3.757,3.7571,188.67
2018-11-22 18:14:00,1542910440.0,3.7605,3.7605,3.7569,3.7569,2915.4
2018-11-22 18:15:00,1542910500.0,3.7555,3.758,3.7552,3.7552,473.75
2018-11-22 18:16:00,1542910560.0,3.7516,3.7582,3.7514,3.7558,1554.2
2018-11-22 18:17:00,1542910620.0,3.7546,3.7546,3.75,3.75,908.94
2018-11-22 18:18:00,1542910680.0,3.7498,3.7538,3.7498,3.7517,758.42
2018-11-22 18:19:00,1542910740.0,3.7568,3.7568,3.7514,3.7545,1007.54
2018-11-22 18:20:00,1542910800.0,3.7558,3.7558,3.752,3.752,221.18
2018-11-22 18:21:00,1542910860.0,3.7532,3.7532,3.7513,3.7513,196.38
2018-11-22 18:22:00,1542910920.0,3.7538,3.7596,3.7538,3.7572,867.46
2018-11-22 18:23:00,1542910980.0,3.7566,3.7584,3.7566,3.7584,792.36
2018-11-22 18:24:00,1542911040.0,3.7566,3.7616,3.7566,3.7616,22.81
2018-11-22 18:25:00,1542911100.0,3.7616,3.7616,3.7543,3.7566,692.64
2018-11-22 18:26:00,1542911160.0,3.7573,3.7581,3.7573,3.7575,222.29
2018-11-22 18:27:00,1542911220.0,3.7557,3.7562,3.7549,3.755,101.49
2018-11-22 18:28:00,1542911280.0,3.7549,3.755,3.7502,3.7513,1033.55
2018-11-22 18:29:00,1542911340.0,3.7499,3.7512,3.7496,3.7507,482.64
2018-11-22 18:30:00,1542911400.0,3.7525,3.7525,3.7494,3.7518,195.24
2018-11-22 18:31:00,1542911460.0,3.7483,3.7519,3.7483,3.751,492.7
2018-11-22 18:32:00,1542911520.0,3.7519,3.7556,3.7519,3.7541,232.05
2018-11-22 18:33:00,1542911580.0,3.7563,3.7567,3.7519,3.7519,282.69
2018-11-22 18:34:00,1542911640.0,3.7532,3.7532,3.7501,3.7503,2234.26
2018-11-22 18:35:00,1542911700.0,3.7493,3.7509,3.7486,3.7489,1139.59
2018-11-22 18:36:00,1542911760.0,3.7487,3.749,3.7471,3.7471,115.66
2018-11-22 18:37:00,1542911820.0,3.7472,3.7511,3.7471,3.7485,1325.96
2018-11-22 18:38:00,1542911880.0,3.7496,3.7558,3.7481,3.7486,879.46
2018-11-22 18:39:00,1542911940.0,3.7486,3.7556,3.7452,3.7485,1839.52
2018-11-22 18:40:00,1542912000.0,3.7505,3.7505,3.745,3.7459,296.04
2018-11-22 18:41:00,1542912060.0,3.7475,3.7491,3.7464,3.7464,3189.9
2018-11-22 18:42:00,1542912120.0,3.7464,3.7491,3.745,3.7491,2324.85
2018-11-22 18:43:00,1542912180.0,3.7483,3.7534,3.7483,3.7497,1742.51
2018-11-22 18:44:00,1542912240.0,3.7476,3.752,3.7476,3.7501,1232.62
2018-11-22 18:45:00,1542912300.0,3.7507,3.757,3.7507,3.7564,711.2
2018-11-22 18:46:00,1542912360.0,3.7544,3.7576,3.7537,3.7576,368.04
2018-11-22 18:47:00,1542912420.0,3.7543,3.7564,3.7541,3.7541,737.56
2018-11-22 18:48:00,1542912480.0,3.7519,3.755,3.7519,3.752,590.59
2018-11-22 18:49:00,1542912540.0,3.7554,3.7562,3.7522,3.755,1525.1
2018-11-22 18:50:00,1542912600.0,3.7561,3.7562,3.7513,3.7513,1649.91
2018-11-22 18:51:00,1542912660.0,3.7553,3.7575,3.7553,3.7575,214.33
2018-11-22 18:52:00,1542912720.0,3.7577,3.7582,3.7527,3.7535,943.96
2018-11-22 18:53:00,1542912780.0,3.7539,3.76,3.7539,3.7567,2116.89
2018-11-22 18:54:00,1542912840.0,3.7579,3.7579,3.7537,3.7538,1231.92
2018-11-22 18:55:00,1542912900.0,3.7538,3.7567,3.7525,3.7525,170.43
2018-11-22 18:56:00,1542912960.0,3.7561,3.7561,3.7517,3.7531,1042.73
2018-11-22 18:57:00,1542913020.0,3.7512,3.7544,3.7512,3.7512,274.87
2018-11-22 18:58:00,1542913080.0,3.7521,3.7548,3.7511,3.7533,494.41
2018-11-22 18:59:00,1542913140.0,3.753,3.7546,3.7525,3.7546,269.0
2018-11-22 19:00:00,1542913200.0,3.7529,3.7559,3.7529,3.7551,830.67
2018-11-22 19:01:00,1542913260.0,3.7551,3.7553,3.7537,3.7537,218.57
2018-11-22 19:02:00,1542913320.0,3.7555,3.7555,3.7534,3.7534,257.12
2018-11-22 19:03:00,1542913380.0,3.7544,3.7554,3.7527,3.7527,1049.15
2018-11-22 19:04:00,1542913440.0,3.7525,3.7525,3.7481,3.7506,1523.55
2018-11-22 19:05:00,1542913500.0,3.7502,3.7531,3.7485,3.7531,1968.53
2018-11-22 19:06:00,1542913560.0,3.7526,3.7535,3.7483,3.7505,4370.81
2018-11-22 19:07:00,1542913620.0,3.7517,3.7517,3.7489,3.7489,477.62
2018-11-22 19:08:00,1542913680.0,3.7507,3.7507,3.7431,3.7438,620.63
2018-11-22 19:09:00,1542913740.0,3.743,3.7471,3.7417,3.7417,1488.43
2018-11-22 19:10:00,1542913800.0,3.7444,3.7472,3.7431,3.7469,1767.7
2018-11-22 19:11:00,1542913860.0,3.7432,3.7461,3.7401,3.7422,4051.43
2018-11-22 19:12:00,1542913920.0,3.7422,3.7422,3.7413,3.7413,904.77
2018-11-22 19:13:00,1542913980.0,3.7411,3.7423,3.7411,3.7418,203.05
2018-11-22 19:14:00,1542914040.0,3.744,3.7492,3.744,3.7454,1169.09
2018-11-22 19:15:00,1542914100.0,3.7444,3.7477,3.744,3.7477,1141.98
2018-11-22 19:16:00,1542914160.0,3.7477,3.7504,3.7462,3.7484,329.94
2018-11-22 19:17:00,1542914220.0,3.7495,3.7495,3.7456,3.7462,2157.06
2018-11-22 19:18:00,1542914280.0,3.7493,3.7493,3.7458,3.7469,191.33
2018-11-22 19:19:00,1542914340.0,3.7457,3.7466,3.7387,3.7396,2630.38
2018-11-22 19:20:00,1542914400.0,3.7365,3.7414,3.7335,3.7414,3460.9
2018-11-22 19:21:00,1542914460.0,3.7374,3.7376,3.7373,3.7373,63.53
2018-11-22 19:22:00,1542914520.0,3.7403,3.7403,3.7372,3.7372,1153.84
2018-11-22 19:23:00,1542914580.0,3.74,3.7421,3.7386,3.7411,1846.89
2018-11-22 19:24:00,1542914640.0,3.742,3.7435,3.7387,3.7406,343.39
2018-11-22 19:25:00,1542914700.0,3.7395,3.7453,3.7395,3.7418,4256.26
2018-11-22 19:26:00,1542914760.0,3.7392,3.7417,3.7373,3.7373,357.74
2018-11-22 19:27:00,1542914820.0,3.7375,3.7378,3.7363,3.7373,1034.47
2018-11-22 19:28:00,1542914880.0,3.7376,3.7417,3.7356,3.7403,878.41
2018-11-22 19:29:00,1542914940.0,3.7387,3.7401,3.7351,3.7387,1470.94
2018-11-22 19:30:00,1542915000.0,3.7401,3.7401,3.7344,3.7382,490.88
2018-11-22 19:31:00,1542915060.0,3.7353,3.7375,3.7347,3.7347,301.86
2018-11-22 19:32:00,1542915120.0,3.7347,3.7369,3.731,3.7369,3041.91
2018-11-22 19:33:00,1542915180.0,3.7369,3.7369,3.7359,3.7369,209.7
2018-11-22 19:34:00,1542915240.0,3.7368,3.737,3.7351,3.7368,453.6
2018-11-22 19:35:00,1542915300.0,3.7369,3.7376,3.7355,3.737,220.55
2018-11-22 19:36:00,1542915360.0,3.7336,3.7349,3.7307,3.7349,332.06
2018-11-22 19:37:00,1542915420.0,3.7333,3.7362,3.7332,3.7362,795.71
2018-11-22 19:38:00,1542915480.0,3.7362,3.7415,3.7362,3.7362,997.58
2018-11-22 19:39:00,1542915540.0,3.7377,3.7377,3.7314,3.7314,2297.05
2018-11-22 19:40:00,1542915600.0,3.7324,3.7342,3.7232,3.7282,3818.08
2018-11-22 19:41:00,1542915660.0,3.7283,3.7312,3.7272,3.7275,2644.32
2018-11-22 19:42:00,1542915720.0,3.7244,3.7276,3.7217,3.7221,6565.08
2018-11-22 19:43:00,1542915780.0,3.7254,3.7316,3.7225,3.7266,6099.09
2018-11-22 19:44:00,1542915840.0,3.7264,3.7276,3.7218,3.7218,1791.82
2018-11-22 19:45:00,1542915900.0,3.7217,3.7315,3.71,3.7285,19450.02
2018-11-22 19:46:00,1542915960.0,3.7272,3.7326,3.7244,3.7325,3709.41
2018-11-22 19:47:00,1542916020.0,3.7326,3.74,3.732,3.7359,3649.65
2018-11-22 19:48:00,1542916080.0,3.7372,3.7424,3.7372,3.7424,3139.41
2018-11-22 19:49:00,1542916140.0,3.7384,3.7404,3.7272,3.7292,9451.58
2018-11-22 19:50:00,1542916200.0,3.7334,3.736,3.7295,3.736,1682.7
2018-11-22 19:51:00,1542916260.0,3.7343,3.741,3.7314,3.741,2459.36
2018-11-22 19:52:00,1542916320.0,3.7391,3.7419,3.7385,3.7398,1451.83
2018-11-22 19:53:00,1542916380.0,3.7392,3.7418,3.733,3.7337,1988.33
2018-11-22 19:54:00,1542916440.0,3.7343,3.7423,3.7337,3.7366,2005.99
2018-11-22 19:55:00,1542916500.0,3.7352,3.7388,3.7352,3.7388,431.32
2018-11-22 19:56:00,1542916560.0,3.7389,3.7389,3.7315,3.7347,2928.54
2018-11-22 19:57:00,1542916620.0,3.7339,3.738,3.7331,3.7333,2137.6
2018-11-22 19:58:00,1542916680.0,3.7336,3.7365,3.7322,3.7329,2026.93
2018-11-22 19:59:00,1542916740.0,3.7329,3.7356,3.7303,3.7342,3064.68
2018-11-22 20:00:00,1542916800.0,3.7339,3.7339,3.7192,3.7227,5467.0
2018-11-22 20:01:00,1542916860.0,3.72,3.7274,3.718,3.7254,9404.2
2018-11-22 20:02:00,1542916920.0,3.7272,3.7405,3.7272,3.7405,2085.5
2018-11-22 20:03:00,1542916980.0,3.7435,3.7435,3.7364,3.741,5184.96
2018-11-22 20:04:00,1542917040.0,3.7437,3.7462,3.7348,3.736,4771.36
2018-11-22 20:05:00,1542917100.0,3.7381,3.7451,3.7381,3.7426,2339.97
2018-11-22 20:06:00,1542917160.0,3.7412,3.743,3.7397,3.7398,810.82
2018-11-22 20:07:00,1542917220.0,3.7397,3.7426,3.739,3.7417,774.57
2018-11-22 20:08:00,1542917280.0,3.7401,3.7419,3.7392,3.7392,1455.02
2018-11-22 20:09:00,1542917340.0,3.7399,3.7399,3.7392,3.7395,1226.83
2018-11-22 20:10:00,1542917400.0,3.7412,3.7412,3.736,3.7383,1897.24
2018-11-22 20:11:00,1542917460.0,3.7383,3.7472,3.7383,3.7414,1749.86
2018-11-22 20:12:00,1542917520.0,3.7436,3.7437,3.7399,3.7403,1372.94
2018-11-22 20:13:00,1542917580.0,3.7396,3.7396,3.7365,3.7367,1240.43
2018-11-22 20:14:00,1542917640.0,3.7366,3.7366,3.73,3.7332,2494.36
2018-11-22 20:15:00,1542917700.0,3.7349,3.7364,3.7348,3.7364,616.49
2018-11-22 20:16:00,1542917760.0,3.7375,3.7375,3.7366,3.7366,532.71
2018-11-22 20:17:00,1542917820.0,3.7385,3.7417,3.7371,3.7405,1029.58
2018-11-22 20:18:00,1542917880.0,3.7373,3.7373,3.7345,3.7345,623.09
2018-11-22 20:19:00,1542917940.0,3.7328,3.738,3.7289,3.7315,3719.76
2018-11-22 20:20:00,1542918000.0,3.7339,3.7376,3.7339,3.7376,454.2
2018-11-22 20:21:00,1542918060.0,3.7368,3.7375,3.7352,3.7352,1450.68
2018-11-22 20:22:00,1542918120.0,3.7341,3.7352,3.7323,3.7352,676.01
2018-11-22 20:23:00,1542918180.0,3.7358,3.7358,3.7336,3.7347,444.46
2018-11-22 20:24:00,1542918240.0,3.7331,3.7349,3.7331,3.734,529.63
2018-11-22 20:25:00,1542918300.0,3.7352,3.7374,3.7293,3.7293,1230.61
2018-11-22 20:26:00,1542918360.0,3.7293,3.7324,3.7293,3.7312,524.92
2018-11-22 20:27:00,1542918420.0,3.7317,3.7371,3.7298,3.7371,403.2
2018-11-22 20:28:00,1542918480.0,3.7372,3.7383,3.7336,3.7336,2288.65
2018-11-22 20:29:00,1542918540.0,3.7347,3.7386,3.7347,3.7386,478.91
2018-11-22 20:30:00,1542918600.0,3.7385,3.7386,3.7352,3.7383,696.45
2018-11-22 20:31:00,1542918660.0,3.7382,3.7387,3.7328,3.7351,3253.13
2018-11-22 20:32:00,1542918720.0,3.7333,3.7333,3.7281,3.7281,1774.58
2018-11-22 20:33:00,1542918780.0,3.7313,3.7336,3.7313,3.7336,782.77
2018-11-22 20:34:00,1542918840.0,3.7301,3.7326,3.7287,3.7297,1448.3
2018-11-22 20:35:00,1542918900.0,3.7306,3.7343,3.7285,3.7342,550.66
2018-11-22 20:36:00,1542918960.0,3.7318,3.7344,3.7303,3.7344,798.25
2018-11-22 20:37:00,1542919020.0,3.7323,3.7326,3.7302,3.7302,490.68
2018-11-22 20:38:00,1542919080.0,3.7295,3.7331,3.7295,3.7322,470.25
2018-11-22 20:39:00,1542919140.0,3.7304,3.7313,3.7274,3.7277,318.33
2018-11-22 20:40:00,1542919200.0,3.7257,3.7295,3.7239,3.7282,2658.62
2018-11-22 20:41:00,1542919260.0,3.7277,3.734,3.7261,3.7328,2482.6
2018-11-22 20:42:00,1542919320.0,3.732,3.7336,3.7294,3.7294,1144.58
2018-11-22 20:43:00,1542919380.0,3.7271,3.7303,3.7271,3.7289,1548.99
2018-11-22 20:44:00,1542919440.0,3.7281,3.731,3.7249,3.7296,1788.66
2018-11-22 20:45:00,1542919500.0,3.7284,3.7284,3.7277,3.7284,419.73
2018-11-22 20:46:00,1542919560.0,3.729,3.7325,3.7269,3.7325,1274.37
2018-11-22 20:47:00,1542919620.0,3.732,3.7336,3.73,3.7319,2399.4
2018-11-22 20:48:00,1542919680.0,3.7317,3.7317,3.729,3.729,221.21
2018-11-22 20:49:00,1542919740.0,3.7316,3.7317,3.7263,3.7295,403.59
2018-11-22 20:50:00,1542919800.0,3.7263,3.7343,3.7263,3.7343,471.52
2018-11-22 20:51:00,1542919860.0,3.7308,3.7308,3.7277,3.7277,912.25
2018-11-22 20:52:00,1542919920.0,3.7277,3.7324,3.7277,3.7315,311.41
2018-11-22 20:53:00,1542919980.0,3.7316,3.7372,3.7316,3.7334,622.39
2018-11-22 20:54:00,1542920040.0,3.735,3.7395,3.7346,3.7395,949.4
2018-11-22 20:55:00,1542920100.0,3.7347,3.7351,3.7318,3.7321,198.02
2018-11-22 20:56:00,1542920160.0,3.7316,3.7365,3.7316,3.7365,874.29
2018-11-22 20:57:00,1542920220.0,3.7366,3.7395,3.7366,3.7395,200.92
2018-11-22 20:58:00,1542920280.0,3.7385,3.7397,3.7375,3.7397,575.23
2018-11-22 20:59:00,1542920340.0,3.7416,3.7459,3.741,3.741,386.22
2018-11-22 21:00:00,1542920400.0,3.7393,3.748,3.7393,3.7451,751.51
2018-11-22 21:01:00,1542920460.0,3.7488,3.7539,3.7462,3.7509,7425.57
2018-11-22 21:02:00,1542920520.0,3.7509,3.7514,3.7475,3.7514,538.13
2018-11-22 21:03:00,1542920580.0,3.751,3.754,3.749,3.754,261.32
2018-11-22 21:04:00,1542920640.0,3.755,3.7759,3.755,3.7583,19159.65
2018-11-22 21:05:00,1542920700.0,3.7574,3.77,3.7574,3.7609,6585.58
2018-11-22 21:06:00,1542920760.0,3.7609,3.7671,3.7587,3.7624,4719.77
2018-11-22 21:07:00,1542920820.0,3.7639,3.7665,3.7602,3.7603,670.16
2018-11-22 21:08:00,1542920880.0,3.7603,3.7603,3.7471,3.7553,8961.86
2018-11-22 21:09:00,1542920940.0,3.758,3.7617,3.7534,3.7555,1922.96
2018-11-22 21:10:00,1542921000.0,3.7527,3.7609,3.7527,3.7595,1427.98
2018-11-22 21:11:00,1542921060.0,3.7621,3.7696,3.7598,3.7693,3329.76
2018-11-22 21:12:00,1542921120.0,3.7677,3.773,3.7534,3.7637,12296.08
2018-11-22 21:13:00,1542921180.0,3.7602,3.7626,3.755,3.7563,7571.06
2018-11-22 21:14:00,1542921240.0,3.7592,3.763,3.7574,3.761,703.06
2018-11-22 21:15:00,1542921300.0,3.7632,3.7655,3.7497,3.7497,3937.28
2018-11-22 21:16:00,1542921360.0,3.752,3.754,3.7519,3.754,868.87
2018-11-22 21:17:00,1542921420.0,3.7525,3.7581,3.7525,3.7581,2216.01
2018-11-22 21:18:00,1542921480.0,3.7566,3.7605,3.7527,3.7536,5944.22
2018-11-22 21:19:00,1542921540.0,3.7523,3.7584,3.7523,3.7548,1247.14
2018-11-22 21:20:00,1542921600.0,3.7564,3.7564,3.7536,3.755,587.65
2018-11-22 21:21:00,1542921660.0,3.7535,3.757,3.7529,3.7554,3433.5
2018-11-22 21:22:00,1542921720.0,3.7533,3.7551,3.7468,3.7499,3431.2
2018-11-22 21:23:00,1542921780.0,3.7494,3.7517,3.7478,3.7478,208.3
2018-11-22 21:24:00,1542921840.0,3.749,3.7495,3.746,3.746,518.69
2018-11-22 21:25:00,1542921900.0,3.7433,3.7526,3.7433,3.7526,3492.66
2018-11-22 21:26:00,1542921960.0,3.7525,3.7525,3.7508,3.7508,644.22
2018-11-22 21:27:00,1542922020.0,3.7515,3.7537,3.7473,3.7508,7982.42
2018-11-22 21:28:00,1542922080.0,3.7481,3.7507,3.748,3.748,631.0
2018-11-22 21:29:00,1542922140.0,3.7499,3.7499,3.745,3.745,1139.99
2018-11-22 21:30:00,1542922200.0,3.7422,3.7517,3.7422,3.7494,10004.25
2018-11-22 21:31:00,1542922260.0,3.7493,3.7493,3.746,3.7474,1467.05
2018-11-22 21:32:00,1542922320.0,3.7473,3.7482,3.7473,3.7482,305.53
2018-11-22 21:33:00,1542922380.0,3.7476,3.7498,3.7442,3.7463,3766.47
2018-11-22 21:34:00,1542922440.0,3.7453,3.7471,3.7424,3.7471,4804.13
2018-11-22 21:35:00,1542922500.0,3.7472,3.7479,3.746,3.7477,1395.1
2018-11-22 21:36:00,1542922560.0,3.7443,3.7481,3.7443,3.7478,1059.5
2018-11-22 21:37:00,1542922620.0,3.7487,3.7487,3.7445,3.7464,1789.04
2018-11-22 21:38:00,1542922680.0,3.7447,3.7458,3.741,3.7429,2963.03
2018-11-22 21:39:00,1542922740.0,3.7431,3.7485,3.7431,3.7485,1321.03
2018-11-22 21:40:00,1542922800.0,3.7462,3.7473,3.7456,3.7459,1500.92
2018-11-22 21:41:00,1542922860.0,3.7466,3.748,3.7446,3.748,1006.04
2018-11-22 21:42:00,1542922920.0,3.748,3.7515,3.746,3.7479,896.1
2018-11-22 21:43:00,1542922980.0,3.7479,3.7479,3.7431,3.7439,1292.65
2018-11-22 21:44:00,1542923040.0,3.7431,3.7456,3.7418,3.7433,1684.59
2018-11-22 21:45:00,1542923100.0,3.744,3.7444,3.7423,3.7444,536.02
2018-11-22 21:46:00,1542923160.0,3.7444,3.7449,3.7412,3.7412,799.42
2018-11-22 21:47:00,1542923220.0,3.7412,3.7412,3.738,3.738,528.92
2018-11-22 21:48:00,1542923280.0,3.7378,3.7507,3.7378,3.7502,42890.44
2018-11-22 21:49:00,1542923340.0,3.7482,3.7482,3.7413,3.7415,5762.66
2018-11-22 21:50:00,1542923400.0,3.7419,3.7442,3.7346,3.7352,6157.7
2018-11-22 21:51:00,1542923460.0,3.7369,3.7372,3.7324,3.7324,1453.78
2018-11-22 21:52:00,1542923520.0,3.7312,3.7358,3.7311,3.7315,1190.12
2018-11-22 21:53:00,1542923580.0,3.7315,3.7338,3.7301,3.7301,787.14
2018-11-22 21:54:00,1542923640.0,3.729,3.7298,3.7283,3.7283,244.59
2018-11-22 21:55:00,1542923700.0,3.729,3.734,3.7274,3.734,1296.24
2018-11-22 21:56:00,1542923760.0,3.7306,3.7359,3.7303,3.7316,2528.56
2018-11-22 21:57:00,1542923820.0,3.7312,3.736,3.7295,3.7301,2784.94
2018-11-22 21:58:00,1542923880.0,3.7305,3.7362,3.7291,3.7291,1587.91
2018-11-22 21:59:00,1542923940.0,3.7328,3.7328,3.7224,3.7282,4963.72
2018-11-22 22:00:00,1542924000.0,3.7291,3.7318,3.7241,3.7285,3475.73
2018-11-22 22:01:00,1542924060.0,3.725,3.7277,3.7241,3.7241,1262.73
2018-11-22 22:02:00,1542924120.0,3.7278,3.7278,3.7249,3.7249,915.34
2018-11-22 22:03:00,1542924180.0,3.7273,3.7278,3.7234,3.7278,2205.25
2018-11-22 22:04:00,1542924240.0,3.7255,3.7274,3.724,3.7274,323.48
2018-11-22 22:05:00,1542924300.0,3.7244,3.7269,3.7233,3.7269,1978.57
2018-11-22 22:06:00,1542924360.0,3.7255,3.7271,3.7246,3.7259,1829.81
2018-11-22 22:07:00,1542924420.0,3.7287,3.732,3.7282,3.7304,3703.73
2018-11-22 22:08:00,1542924480.0,3.732,3.7345,3.732,3.7329,892.07
2018-11-22 22:09:00,1542924540.0,3.7324,3.7333,3.732,3.7328,626.21
2018-11-22 22:10:00,1542924600.0,3.7312,3.7314,3.7284,3.7314,955.21
2018-11-22 22:11:00,1542924660.0,3.7289,3.7358,3.7289,3.7327,2092.41
2018-11-22 22:12:00,1542924720.0,3.7361,3.7361,3.7319,3.7341,899.26
2018-11-22 22:13:00,1542924780.0,3.7329,3.7335,3.7313,3.7335,1030.82
2018-11-22 22:14:00,1542924840.0,3.7316,3.7322,3.7267,3.7276,1123.91
2018-11-22 22:15:00,1542924900.0,3.7291,3.7291,3.7255,3.7279,1893.78
2018-11-22 22:16:00,1542924960.0,3.7239,3.7252,3.7214,3.7247,1096.5
2018-11-22 22:17:00,1542925020.0,3.7247,3.7276,3.7247,3.7276,286.59
2018-11-22 22:18:00,1542925080.0,3.7239,3.7305,3.7238,3.7258,782.93
2018-11-22 22:19:00,1542925140.0,3.7297,3.7297,3.7267,3.7267,247.12
2018-11-22 22:20:00,1542925200.0,3.7293,3.7298,3.7268,3.7268,811.17
2018-11-22 22:21:00,1542925260.0,3.7269,3.7315,3.7269,3.7294,336.11
2018-11-22 22:22:00,1542925320.0,3.7278,3.7294,3.7278,3.7283,574.99
2018-11-22 22:23:00,1542925380.0,3.7286,3.73,3.7286,3.73,886.9
2018-11-22 22:24:00,1542925440.0,3.7283,3.73,3.7207,3.7229,7811.89
2018-11-22 22:25:00,1542925500.0,3.7236,3.7266,3.7229,3.7266,503.19
2018-11-22 22:26:00,1542925560.0,3.7232,3.7269,3.7232,3.7248,342.84
2018-11-22 22:27:00,1542925620.0,3.7267,3.73,3.7262,3.7262,2106.02
2018-11-22 22:28:00,1542925680.0,3.7258,3.7284,3.7113,3.7158,4396.97
2018-11-22 22:29:00,1542925740.0,3.7173,3.7173,3.708,3.7152,7946.36
2018-11-22 22:30:00,1542925800.0,3.7153,3.7167,3.7152,3.7167,1001.89
2018-11-22 22:31:00,1542925860.0,3.7177,3.7177,3.7161,3.7161,368.79
2018-11-22 22:32:00,1542925920.0,3.7176,3.7199,3.7155,3.7155,4427.6
2018-11-22 22:33:00,1542925980.0,3.7178,3.7199,3.7158,3.7199,2013.96
2018-11-22 22:34:00,1542926040.0,3.7199,3.72,3.716,3.716,711.24
2018-11-22 22:35:00,1542926100.0,3.7158,3.7174,3.7158,3.7161,421.19
2018-11-22 22:36:00,1542926160.0,3.7176,3.722,3.716,3.722,1615.01
2018-11-22 22:37:00,1542926220.0,3.7213,3.7272,3.7213,3.7233,3212.32
2018-11-22 22:38:00,1542926280.0,3.7202,3.7202,3.7192,3.7192,220.48
2018-11-22 22:39:00,1542926340.0,3.7199,3.7199,3.7148,3.7148,3376.22
2018-11-22 22:40:00,1542926400.0,3.7148,3.7188,3.712,3.7188,535.78
2018-11-22 22:41:00,1542926460.0,3.7205,3.7206,3.7152,3.7184,1871.73
2018-11-22 22:42:00,1542926520.0,3.7165,3.7216,3.7165,3.7187,1153.93
2018-11-22 22:43:00,1542926580.0,3.7191,3.7208,3.7191,3.7208,425.36
2018-11-22 22:44:00,1542926640.0,3.7207,3.7252,3.7195,3.7195,1119.17
2018-11-22 22:45:00,1542926700.0,3.7228,3.7228,3.7182,3.7182,797.98
2018-11-22 22:46:00,1542926760.0,3.7178,3.7197,3.7178,3.7193,503.14
2018-11-22 22:47:00,1542926820.0,3.7183,3.7211,3.7169,3.7169,864.97
2018-11-22 22:48:00,1542926880.0,3.7168,3.7185,3.7149,3.7161,841.51
2018-11-22 22:49:00,1542926940.0,3.7161,3.7188,3.7161,3.7178,731.86
2018-11-22 22:50:00,1542927000.0,3.7156,3.7192,3.7156,3.7192,271.33
2018-11-22 22:51:00,1542927060.0,3.7201,3.7201,3.7189,3.7189,353.93
2018-11-22 22:52:00,1542927120.0,3.721,3.7215,3.7199,3.7199,730.24
2018-11-22 22:53:00,1542927180.0,3.7207,3.721,3.7174,3.721,791.22
2018-11-22 22:54:00,1542927240.0,3.7217,3.7217,3.7178,3.7216,876.37
2018-11-22 22:55:00,1542927300.0,3.7226,3.7226,3.7206,3.7226,57.19
2018-11-22 22:56:00,1542927360.0,3.7258,3.7292,3.7241,3.7292,921.74
2018-11-22 22:57:00,1542927420.0,3.7291,3.7291,3.7261,3.7269,269.81
2018-11-22 22:58:00,1542927480.0,3.7271,3.7278,3.7259,3.7259,185.08
2018-11-22 22:59:00,1542927540.0,3.7257,3.7267,3.7208,3.724,880.39
2018-11-22 23:00:00,1542927600.0,3.7211,3.7249,3.721,3.7228,421.8
2018-11-22 23:01:00,1542927660.0,3.7211,3.725,3.7209,3.7218,626.22
2018-11-22 23:02:00,1542927720.0,3.7222,3.7225,3.7181,3.7225,730.65
2018-11-22 23:03:00,1542927780.0,3.7214,3.7215,3.7196,3.7215,208.93
2018-11-22 23:04:00,1542927840.0,3.7195,3.7195,3.7182,3.7182,118.31
2018-11-22 23:05:00,1542927900.0,3.7169,3.7203,3.7166,3.7178,511.17
2018-11-22 23:06:00,1542927960.0,3.7166,3.7184,3.7166,3.7166,404.91
2018-11-22 23:07:00,1542928020.0,3.719,3.7203,3.7171,3.7203,465.39
2018-11-22 23:08:00,1542928080.0,3.7171,3.7195,3.7171,3.7192,578.04
2018-11-22 23:09:00,1542928140.0,3.7181,3.7181,3.7153,3.7153,293.73
2018-11-22 23:10:00,1542928200.0,3.719,3.719,3.7164,3.7164,60.76
2018-11-22 23:11:00,1542928260.0,3.7197,3.7201,3.7154,3.7154,1939.39
2018-11-22 23:12:00,1542928320.0,3.715,3.7185,3.7143,3.7185,476.36
2018-11-22 23:13:00,1542928380.0,3.7184,3.7188,3.716,3.716,417.93
2018-11-22 23:14:00,1542928440.0,3.7186,3.72,3.7127,3.72,2821.14
2018-11-22 23:15:00,1542928500.0,3.7164,3.7164,3.7147,3.7154,221.11
2018-11-22 23:16:00,1542928560.0,3.7154,3.7186,3.7154,3.7176,197.03
2018-11-22 23:17:00,1542928620.0,3.7191,3.7191,3.7125,3.7174,3340.91
2018-11-22 23:18:00,1542928680.0,3.7199,3.7199,3.7078,3.7078,2223.49
2018-11-22 23:19:00,1542928740.0,3.7092,3.7092,3.6921,3.7067,22355.74
2018-11-22 23:20:00,1542928800.0,3.7035,3.7051,3.6937,3.6937,5672.98
2018-11-22 23:21:00,1542928860.0,3.6927,3.7099,3.692,3.7012,12053.95
2018-11-22 23:22:00,1542928920.0,3.7019,3.7057,3.6943,3.7036,3275.4
2018-11-22 23:23:00,1542928980.0,3.7036,3.7045,3.691,3.6957,8546.43
2018-11-22 23:24:00,1542929040.0,3.6961,3.698,3.6866,3.6866,1846.4
2018-11-22 23:25:00,1542929100.0,3.6866,3.6866,3.66,3.6721,33734.47
2018-11-22 23:26:00,1542929160.0,3.6725,3.6779,3.6635,3.6682,10262.43
2018-11-22 23:27:00,1542929220.0,3.6654,3.6654,3.6,3.6101,106419.66
2018-11-22 23:28:00,1542929280.0,3.6029,3.6099,3.58,3.5932,42436.81
2018-11-22 23:29:00,1542929340.0,3.596,3.6214,3.5902,3.6095,18746.02
2018-11-22 23:30:00,1542929400.0,3.6096,3.6096,3.5801,3.5872,16036.34
2018-11-22 23:31:00,1542929460.0,3.5928,3.6069,3.5852,3.6034,7499.4
2018-11-22 23:32:00,1542929520.0,3.6018,3.6251,3.5963,3.6204,18916.09
2018-11-22 23:33:00,1542929580.0,3.6207,3.64,3.6149,3.6398,7420.99
2018-11-22 23:34:00,1542929640.0,3.6368,3.6368,3.6125,3.6217,10740.03
2018-11-22 23:35:00,1542929700.0,3.6218,3.6286,3.6127,3.6215,7291.76
2018-11-22 23:36:00,1542929760.0,3.6156,3.6251,3.6156,3.6204,2679.81
2018-11-22 23:37:00,1542929820.0,3.6226,3.6327,3.6209,3.6238,3858.51
2018-11-22 23:38:00,1542929880.0,3.6262,3.637,3.6262,3.6318,5317.6
2018-11-22 23:39:00,1542929940.0,3.6311,3.6407,3.6302,3.6407,7196.69
2018-11-22 23:40:00,1542930000.0,3.6417,3.6418,3.6269,3.6336,11926.34
2018-11-22 23:41:00,1542930060.0,3.6282,3.6448,3.6281,3.6316,7551.14
2018-11-22 23:42:00,1542930120.0,3.6324,3.6398,3.621,3.6257,3288.23
2018-11-22 23:43:00,1542930180.0,3.6248,3.6326,3.6239,3.6297,3914.13
2018-11-22 23:44:00,1542930240.0,3.6283,3.6336,3.6241,3.6241,5787.54
2018-11-22 23:45:00,1542930300.0,3.6302,3.6325,3.6232,3.6268,8988.86
2018-11-22 23:46:00,1542930360.0,3.6292,3.6323,3.6203,3.6268,5406.58
2018-11-22 23:47:00,1542930420.0,3.6268,3.6285,3.6225,3.6225,1816.16
2018-11-22 23:48:00,1542930480.0,3.6221,3.628,3.618,3.628,4635.63
2018-11-22 23:49:00,1542930540.0,3.6268,3.6318,3.6268,3.6318,4671.8
2018-11-22 23:50:00,1542930600.0,3.6299,3.6367,3.623,3.6233,11511.6
2018-11-22 23:51:00,1542930660.0,3.6244,3.6282,3.6105,3.6105,11654.93
2018-11-22 23:52:00,1542930720.0,3.6154,3.6187,3.6064,3.6066,8063.74
2018-11-22 23:53:00,1542930780.0,3.6066,3.6133,3.6021,3.605,7034.14
2018-11-22 23:54:00,1542930840.0,3.6047,3.6047,3.5812,3.5855,11745.62
2018-11-22 23:55:00,1542930900.0,3.5853,3.5952,3.5063,3.5722,88411.34
2018-11-22 23:56:00,1542930960.0,3.5722,3.5778,3.5456,3.5532,25126.43
2018-11-22 23:57:00,1542931020.0,3.5458,3.5646,3.5335,3.537,49346.81
2018-11-22 23:58:00,1542931080.0,3.537,3.5399,3.5104,3.5314,40192.75
2018-11-22 23:59:00,1542931140.0,3.5328,3.5355,3.5137,3.5232,30565.24
