Universal Time,Unix Time,Open,High,Low,Close,Volume
2022-12-17 00:00:00,1671235200.0,0.872,0.873,0.871,0.872,5750.8
2022-12-17 00:01:00,1671235260.0,0.871,0.871,0.87,0.87,13344.8
2022-12-17 00:02:00,1671235320.0,0.87,0.871,0.869,0.871,7603.5
2022-12-17 00:03:00,1671235380.0,0.871,0.872,0.871,0.871,6462.0
2022-12-17 00:04:00,1671235440.0,0.87,0.873,0.87,0.872,8950.8
2022-12-17 00:05:00,1671235500.0,0.872,0.873,0.871,0.873,29789.5
2022-12-17 00:06:00,1671235560.0,0.873,0.874,0.872,0.873,2792.4
2022-12-17 00:07:00,1671235620.0,0.873,0.874,0.873,0.874,1878.8
2022-12-17 00:08:00,1671235680.0,0.874,0.875,0.873,0.874,20261.0
2022-12-17 00:09:00,1671235740.0,0.875,0.876,0.875,0.875,6031.7
2022-12-17 00:10:00,1671235800.0,0.876,0.877,0.875,0.876,36778.6
2022-12-17 00:11:00,1671235860.0,0.876,0.878,0.876,0.878,30280.6
2022-12-17 00:12:00,1671235920.0,0.878,0.878,0.877,0.877,4782.5
2022-12-17 00:13:00,1671235980.0,0.876,0.877,0.875,0.876,16597.1
2022-12-17 00:14:00,1671236040.0,0.876,0.877,0.874,0.877,13599.9
2022-12-17 00:15:00,1671236100.0,0.876,0.876,0.874,0.874,17314.1
2022-12-17 00:16:00,1671236160.0,0.874,0.874,0.873,0.874,6227.7
2022-12-17 00:17:00,1671236220.0,0.874,0.875,0.874,0.874,1476.6
2022-12-17 00:18:00,1671236280.0,0.874,0.874,0.873,0.874,8771.4
2022-12-17 00:19:00,1671236340.0,0.874,0.876,0.874,0.875,8994.5
2022-12-17 00:20:00,1671236400.0,0.875,0.875,0.873,0.874,5479.8
2022-12-17 00:21:00,1671236460.0,0.873,0.876,0.873,0.876,13356.0
2022-12-17 00:22:00,1671236520.0,0.876,0.876,0.876,0.876,3363.8
2022-12-17 00:23:00,1671236580.0,0.877,0.878,0.877,0.877,13336.5
2022-12-17 00:24:00,1671236640.0,0.877,0.878,0.877,0.878,15556.4
2022-12-17 00:25:00,1671236700.0,0.877,0.878,0.877,0.878,2565.4
2022-12-17 00:26:00,1671236760.0,0.878,0.879,0.878,0.878,2600.9
2022-12-17 00:27:00,1671236820.0,0.878,0.879,0.877,0.877,13336.7
2022-12-17 00:28:00,1671236880.0,0.878,0.878,0.877,0.877,8144.8
2022-12-17 00:29:00,1671236940.0,0.877,0.878,0.877,0.878,1019.5
2022-12-17 00:30:00,1671237000.0,0.878,0.878,0.878,0.878,7151.8
2022-12-17 00:31:00,1671237060.0,0.877,0.877,0.877,0.877,3051.9
2022-12-17 00:32:00,1671237120.0,0.877,0.877,0.876,0.876,896.9
2022-12-17 00:33:00,1671237180.0,0.877,0.877,0.876,0.877,7610.2
2022-12-17 00:34:00,1671237240.0,0.877,0.878,0.877,0.878,8590.0
2022-12-17 00:35:00,1671237300.0,0.878,0.879,0.878,0.878,4684.6
2022-12-17 00:36:00,1671237360.0,0.877,0.877,0.877,0.877,1209.8
2022-12-17 00:37:00,1671237420.0,0.877,0.877,0.876,0.876,3699.5
2022-12-17 00:38:00,1671237480.0,0.877,0.878,0.877,0.878,18324.2
2022-12-17 00:39:00,1671237540.0,0.878,0.879,0.878,0.879,4896.5
2022-12-17 00:40:00,1671237600.0,0.878,0.878,0.878,0.878,342.7
2022-12-17 00:41:00,1671237660.0,0.878,0.879,0.878,0.879,136.0
2022-12-17 00:42:00,1671237720.0,0.878,0.878,0.878,0.878,592.2
2022-12-17 00:43:00,1671237780.0,0.878,0.879,0.878,0.878,12921.4
2022-12-17 00:44:00,1671237840.0,0.877,0.877,0.877,0.877,21.3
2022-12-17 00:45:00,1671237900.0,0.878,0.878,0.877,0.877,2947.1
2022-12-17 00:46:00,1671237960.0,0.878,0.879,0.878,0.879,2748.1
2022-12-17 00:47:00,1671238020.0,0.879,0.88,0.879,0.879,1243.7
2022-12-17 00:48:00,1671238080.0,0.88,0.88,0.878,0.878,7061.1
2022-12-17 00:49:00,1671238140.0,0.877,0.879,0.877,0.879,5234.4
2022-12-17 00:50:00,1671238200.0,0.879,0.879,0.878,0.878,1524.7
2022-12-17 00:51:00,1671238260.0,0.877,0.878,0.877,0.877,440.8
2022-12-17 00:52:00,1671238320.0,0.878,0.88,0.878,0.88,4742.1
2022-12-17 00:53:00,1671238380.0,0.88,0.881,0.88,0.88,11584.1
2022-12-17 00:54:00,1671238440.0,0.879,0.88,0.879,0.879,66.5
2022-12-17 00:55:00,1671238500.0,0.879,0.88,0.879,0.88,36.0
2022-12-17 00:56:00,1671238560.0,0.879,0.881,0.879,0.88,3814.2
2022-12-17 00:57:00,1671238620.0,0.88,0.88,0.88,0.88,227.2
2022-12-17 00:58:00,1671238680.0,0.879,0.879,0.879,0.879,7334.4
2022-12-17 00:59:00,1671238740.0,0.879,0.879,0.879,0.879,8186.1
2022-12-17 01:00:00,1671238800.0,0.88,0.88,0.88,0.88,39.0
2022-12-17 01:01:00,1671238860.0,0.88,0.881,0.879,0.881,34830.0
2022-12-17 01:02:00,1671238920.0,0.881,0.881,0.88,0.88,37.7
2022-12-17 01:03:00,1671238980.0,0.88,0.881,0.88,0.88,3117.8
2022-12-17 01:04:00,1671239040.0,0.88,0.88,0.88,0.88,1475.6
2022-12-17 01:05:00,1671239100.0,0.881,0.881,0.879,0.879,3299.0
2022-12-17 01:06:00,1671239160.0,0.879,0.88,0.879,0.88,4396.2
2022-12-17 01:07:00,1671239220.0,0.88,0.88,0.88,0.88,312.1
2022-12-17 01:08:00,1671239280.0,0.881,0.881,0.88,0.88,6334.6
2022-12-17 01:09:00,1671239340.0,0.88,0.88,0.88,0.88,1619.2
2022-12-17 01:10:00,1671239400.0,0.88,0.881,0.88,0.881,4088.8
2022-12-17 01:11:00,1671239460.0,0.881,0.881,0.88,0.88,1373.8
2022-12-17 01:12:00,1671239520.0,0.88,0.88,0.879,0.879,3673.6
2022-12-17 01:13:00,1671239580.0,0.879,0.879,0.879,0.879,172.0
2022-12-17 01:14:00,1671239640.0,0.879,0.879,0.879,0.879,1989.0
2022-12-17 01:15:00,1671239700.0,0.879,0.879,0.879,0.879,420.4
2022-12-17 01:16:00,1671239760.0,0.879,0.879,0.879,0.879,33.6
2022-12-17 01:17:00,1671239820.0,0.88,0.881,0.88,0.881,1429.0
2022-12-17 01:18:00,1671239880.0,0.88,0.881,0.879,0.881,9939.8
2022-12-17 01:19:00,1671239940.0,0.88,0.88,0.879,0.879,932.6
2022-12-17 01:20:00,1671240000.0,0.879,0.879,0.879,0.879,0.0
2022-12-17 01:21:00,1671240060.0,0.88,0.88,0.879,0.879,7437.6
2022-12-17 01:22:00,1671240120.0,0.879,0.879,0.879,0.879,2837.3
2022-12-17 01:23:00,1671240180.0,0.879,0.879,0.877,0.877,3214.2
2022-12-17 01:24:00,1671240240.0,0.877,0.878,0.877,0.877,353.1
2022-12-17 01:25:00,1671240300.0,0.877,0.878,0.877,0.877,4581.7
2022-12-17 01:26:00,1671240360.0,0.877,0.877,0.876,0.876,3577.9
2022-12-17 01:27:00,1671240420.0,0.877,0.877,0.875,0.877,7692.6
2022-12-17 01:28:00,1671240480.0,0.876,0.876,0.874,0.875,6638.4
2022-12-17 01:29:00,1671240540.0,0.875,0.876,0.874,0.876,15968.1
2022-12-17 01:30:00,1671240600.0,0.875,0.876,0.874,0.875,3502.0
2022-12-17 01:31:00,1671240660.0,0.874,0.875,0.873,0.875,12128.4
2022-12-17 01:32:00,1671240720.0,0.876,0.877,0.875,0.876,15285.7
2022-12-17 01:33:00,1671240780.0,0.877,0.878,0.877,0.878,1751.7
2022-12-17 01:34:00,1671240840.0,0.877,0.879,0.877,0.878,17614.4
2022-12-17 01:35:00,1671240900.0,0.878,0.879,0.878,0.879,8197.6
2022-12-17 01:36:00,1671240960.0,0.879,0.879,0.879,0.879,0.0
2022-12-17 01:37:00,1671241020.0,0.877,0.878,0.877,0.878,1665.9
2022-12-17 01:38:00,1671241080.0,0.877,0.877,0.877,0.877,155.4
2022-12-17 01:39:00,1671241140.0,0.877,0.877,0.876,0.876,1431.5
2022-12-17 01:40:00,1671241200.0,0.876,0.876,0.875,0.876,13247.7
2022-12-17 01:41:00,1671241260.0,0.875,0.875,0.874,0.875,14513.7
2022-12-17 01:42:00,1671241320.0,0.875,0.875,0.875,0.875,4467.1
2022-12-17 01:43:00,1671241380.0,0.875,0.876,0.875,0.875,22490.0
2022-12-17 01:44:00,1671241440.0,0.875,0.875,0.874,0.874,6911.4
2022-12-17 01:45:00,1671241500.0,0.875,0.875,0.874,0.874,347.1
2022-12-17 01:46:00,1671241560.0,0.874,0.874,0.871,0.874,31779.1
2022-12-17 01:47:00,1671241620.0,0.873,0.873,0.873,0.873,597.3
2022-12-17 01:48:00,1671241680.0,0.873,0.873,0.872,0.872,13165.3
2022-12-17 01:49:00,1671241740.0,0.872,0.873,0.871,0.872,4962.6
2022-12-17 01:50:00,1671241800.0,0.871,0.872,0.871,0.872,179.0
2022-12-17 01:51:00,1671241860.0,0.871,0.872,0.871,0.872,27493.7
2022-12-17 01:52:00,1671241920.0,0.872,0.873,0.872,0.873,16465.3
2022-12-17 01:53:00,1671241980.0,0.873,0.874,0.873,0.874,20028.9
2022-12-17 01:54:00,1671242040.0,0.874,0.875,0.874,0.875,4638.3
2022-12-17 01:55:00,1671242100.0,0.875,0.875,0.875,0.875,15889.1
2022-12-17 01:56:00,1671242160.0,0.874,0.874,0.874,0.874,8216.9
2022-12-17 01:57:00,1671242220.0,0.873,0.874,0.873,0.873,4568.5
2022-12-17 01:58:00,1671242280.0,0.873,0.873,0.873,0.873,323.5
2022-12-17 01:59:00,1671242340.0,0.872,0.873,0.871,0.873,14278.1
2022-12-17 02:00:00,1671242400.0,0.873,0.873,0.873,0.873,200.0
2022-12-17 02:01:00,1671242460.0,0.872,0.873,0.872,0.872,12391.1
2022-12-17 02:02:00,1671242520.0,0.872,0.874,0.872,0.874,2601.4
2022-12-17 02:03:00,1671242580.0,0.874,0.874,0.871,0.871,12945.2
2022-12-17 02:04:00,1671242640.0,0.871,0.872,0.869,0.869,19420.5
2022-12-17 02:05:00,1671242700.0,0.871,0.872,0.871,0.871,9596.0
2022-12-17 02:06:00,1671242760.0,0.87,0.871,0.867,0.869,41100.0
2022-12-17 02:07:00,1671242820.0,0.869,0.87,0.867,0.869,25353.5
2022-12-17 02:08:00,1671242880.0,0.868,0.868,0.867,0.867,13235.8
2022-12-17 02:09:00,1671242940.0,0.867,0.87,0.866,0.87,24034.0
2022-12-17 02:10:00,1671243000.0,0.87,0.87,0.869,0.869,8152.7
2022-12-17 02:11:00,1671243060.0,0.868,0.869,0.868,0.869,6964.3
2022-12-17 02:12:00,1671243120.0,0.868,0.869,0.867,0.869,15085.0
2022-12-17 02:13:00,1671243180.0,0.868,0.868,0.868,0.868,2216.9
2022-12-17 02:14:00,1671243240.0,0.867,0.867,0.863,0.865,60667.3
2022-12-17 02:15:00,1671243300.0,0.864,0.867,0.864,0.866,21290.2
2022-12-17 02:16:00,1671243360.0,0.867,0.868,0.865,0.866,25826.8
2022-12-17 02:17:00,1671243420.0,0.866,0.867,0.865,0.866,27332.6
2022-12-17 02:18:00,1671243480.0,0.866,0.866,0.864,0.864,34524.7
2022-12-17 02:19:00,1671243540.0,0.865,0.865,0.862,0.863,27821.4
2022-12-17 02:20:00,1671243600.0,0.863,0.863,0.861,0.862,10485.2
2022-12-17 02:21:00,1671243660.0,0.862,0.862,0.859,0.86,29492.1
2022-12-17 02:22:00,1671243720.0,0.86,0.862,0.858,0.862,32684.4
2022-12-17 02:23:00,1671243780.0,0.861,0.864,0.861,0.862,20366.2
2022-12-17 02:24:00,1671243840.0,0.861,0.861,0.859,0.859,1841.1
2022-12-17 02:25:00,1671243900.0,0.86,0.86,0.859,0.86,16541.9
2022-12-17 02:26:00,1671243960.0,0.86,0.861,0.859,0.859,10671.2
2022-12-17 02:27:00,1671244020.0,0.859,0.863,0.859,0.86,16022.1
2022-12-17 02:28:00,1671244080.0,0.86,0.861,0.859,0.859,18310.8
2022-12-17 02:29:00,1671244140.0,0.86,0.862,0.86,0.861,2719.8
2022-12-17 02:30:00,1671244200.0,0.861,0.865,0.861,0.865,15782.9
2022-12-17 02:31:00,1671244260.0,0.865,0.867,0.865,0.866,30273.9
2022-12-17 02:32:00,1671244320.0,0.866,0.867,0.866,0.867,17461.1
2022-12-17 02:33:00,1671244380.0,0.867,0.867,0.866,0.867,19344.1
2022-12-17 02:34:00,1671244440.0,0.867,0.871,0.867,0.871,27477.8
2022-12-17 02:35:00,1671244500.0,0.87,0.872,0.87,0.87,37087.6
2022-12-17 02:36:00,1671244560.0,0.871,0.872,0.87,0.871,34223.6
2022-12-17 02:37:00,1671244620.0,0.87,0.872,0.87,0.87,18580.2
2022-12-17 02:38:00,1671244680.0,0.87,0.872,0.87,0.872,7614.7
2022-12-17 02:39:00,1671244740.0,0.872,0.872,0.871,0.872,5918.5
2022-12-17 02:40:00,1671244800.0,0.872,0.875,0.872,0.873,44896.3
2022-12-17 02:41:00,1671244860.0,0.873,0.874,0.873,0.873,17378.2
2022-12-17 02:42:00,1671244920.0,0.873,0.873,0.873,0.873,162.8
2022-12-17 02:43:00,1671244980.0,0.873,0.874,0.873,0.873,20986.6
2022-12-17 02:44:00,1671245040.0,0.872,0.872,0.872,0.872,35.3
2022-12-17 02:45:00,1671245100.0,0.873,0.874,0.872,0.873,19107.5
2022-12-17 02:46:00,1671245160.0,0.874,0.875,0.874,0.875,1697.1
2022-12-17 02:47:00,1671245220.0,0.875,0.876,0.875,0.875,12174.3
2022-12-17 02:48:00,1671245280.0,0.875,0.876,0.875,0.876,603.9
2022-12-17 02:49:00,1671245340.0,0.875,0.875,0.875,0.875,22.2
2022-12-17 02:50:00,1671245400.0,0.875,0.876,0.875,0.875,13065.3
2022-12-17 02:51:00,1671245460.0,0.875,0.875,0.875,0.875,1333.8
2022-12-17 02:52:00,1671245520.0,0.874,0.875,0.874,0.874,1261.3
2022-12-17 02:53:00,1671245580.0,0.874,0.875,0.874,0.874,7800.8
2022-12-17 02:54:00,1671245640.0,0.875,0.875,0.874,0.874,2080.1
2022-12-17 02:55:00,1671245700.0,0.874,0.874,0.873,0.873,1119.8
2022-12-17 02:56:00,1671245760.0,0.873,0.873,0.873,0.873,0.0
2022-12-17 02:57:00,1671245820.0,0.873,0.875,0.873,0.875,12922.4
2022-12-17 02:58:00,1671245880.0,0.875,0.875,0.875,0.875,2869.9
2022-12-17 02:59:00,1671245940.0,0.874,0.875,0.874,0.874,3089.2
2022-12-17 03:00:00,1671246000.0,0.875,0.877,0.875,0.877,11109.8
2022-12-17 03:01:00,1671246060.0,0.877,0.877,0.876,0.877,4899.9
2022-12-17 03:02:00,1671246120.0,0.877,0.877,0.876,0.876,109.1
2022-12-17 03:03:00,1671246180.0,0.876,0.877,0.876,0.877,1246.2
2022-12-17 03:04:00,1671246240.0,0.877,0.877,0.877,0.877,12.5
2022-12-17 03:05:00,1671246300.0,0.877,0.877,0.877,0.877,0.0
2022-12-17 03:06:00,1671246360.0,0.877,0.877,0.877,0.877,182.4
2022-12-17 03:07:00,1671246420.0,0.876,0.876,0.876,0.876,82.0
2022-12-17 03:08:00,1671246480.0,0.876,0.877,0.876,0.876,6611.0
2022-12-17 03:09:00,1671246540.0,0.876,0.877,0.876,0.877,4347.0
2022-12-17 03:10:00,1671246600.0,0.876,0.876,0.876,0.876,179.5
2022-12-17 03:11:00,1671246660.0,0.877,0.877,0.877,0.877,403.0
2022-12-17 03:12:00,1671246720.0,0.877,0.877,0.876,0.876,462.0
2022-12-17 03:13:00,1671246780.0,0.876,0.877,0.876,0.877,1948.7
2022-12-17 03:14:00,1671246840.0,0.877,0.877,0.876,0.876,6795.4
2022-12-17 03:15:00,1671246900.0,0.876,0.876,0.876,0.876,348.0
2022-12-17 03:16:00,1671246960.0,0.876,0.877,0.876,0.877,8546.7
2022-12-17 03:17:00,1671247020.0,0.877,0.877,0.877,0.877,0.0
2022-12-17 03:18:00,1671247080.0,0.876,0.877,0.875,0.875,2975.5
2022-12-17 03:19:00,1671247140.0,0.876,0.876,0.875,0.875,2055.3
2022-12-17 03:20:00,1671247200.0,0.876,0.877,0.876,0.876,5439.6
2022-12-17 03:21:00,1671247260.0,0.877,0.877,0.877,0.877,3110.6
2022-12-17 03:22:00,1671247320.0,0.878,0.878,0.877,0.877,424.7
2022-12-17 03:23:00,1671247380.0,0.877,0.878,0.877,0.878,5433.4
2022-12-17 03:24:00,1671247440.0,0.878,0.878,0.877,0.878,3994.9
2022-12-17 03:25:00,1671247500.0,0.877,0.878,0.877,0.877,439.9
2022-12-17 03:26:00,1671247560.0,0.877,0.877,0.877,0.877,2727.3
2022-12-17 03:27:00,1671247620.0,0.876,0.876,0.876,0.876,1806.8
2022-12-17 03:28:00,1671247680.0,0.876,0.876,0.874,0.876,12851.6
2022-12-17 03:29:00,1671247740.0,0.875,0.875,0.875,0.875,6840.5
2022-12-17 03:30:00,1671247800.0,0.876,0.877,0.876,0.877,15646.2
2022-12-17 03:31:00,1671247860.0,0.876,0.877,0.875,0.875,3830.7
2022-12-17 03:32:00,1671247920.0,0.875,0.875,0.875,0.875,0.0
2022-12-17 03:33:00,1671247980.0,0.876,0.876,0.875,0.876,11004.3
2022-12-17 03:34:00,1671248040.0,0.876,0.876,0.874,0.875,9918.5
2022-12-17 03:35:00,1671248100.0,0.875,0.876,0.874,0.876,4448.5
2022-12-17 03:36:00,1671248160.0,0.876,0.876,0.876,0.876,702.0
2022-12-17 03:37:00,1671248220.0,0.876,0.876,0.875,0.875,2600.7
2022-12-17 03:38:00,1671248280.0,0.875,0.875,0.875,0.875,114.2
2022-12-17 03:39:00,1671248340.0,0.875,0.876,0.875,0.876,2574.5
2022-12-17 03:40:00,1671248400.0,0.875,0.875,0.875,0.875,217.4
2022-12-17 03:41:00,1671248460.0,0.875,0.875,0.875,0.875,60.5
2022-12-17 03:42:00,1671248520.0,0.876,0.877,0.876,0.877,4254.8
2022-12-17 03:43:00,1671248580.0,0.877,0.877,0.877,0.877,0.0
2022-12-17 03:44:00,1671248640.0,0.877,0.877,0.877,0.877,0.0
2022-12-17 03:45:00,1671248700.0,0.877,0.878,0.877,0.878,14302.9
2022-12-17 03:46:00,1671248760.0,0.877,0.877,0.877,0.877,1200.0
2022-12-17 03:47:00,1671248820.0,0.878,0.878,0.877,0.877,237.8
2022-12-17 03:48:00,1671248880.0,0.877,0.877,0.877,0.877,0.0
2022-12-17 03:49:00,1671248940.0,0.878,0.879,0.878,0.879,9534.4
2022-12-17 03:50:00,1671249000.0,0.878,0.879,0.878,0.879,13516.6
2022-12-17 03:51:00,1671249060.0,0.879,0.881,0.879,0.879,38628.2
2022-12-17 03:52:00,1671249120.0,0.878,0.879,0.878,0.879,14525.3
2022-12-17 03:53:00,1671249180.0,0.878,0.878,0.878,0.878,13127.4
2022-12-17 03:54:00,1671249240.0,0.878,0.879,0.878,0.878,2494.0
2022-12-17 03:55:00,1671249300.0,0.878,0.878,0.878,0.878,120.0
2022-12-17 03:56:00,1671249360.0,0.877,0.877,0.877,0.877,8148.3
2022-12-17 03:57:00,1671249420.0,0.877,0.878,0.877,0.878,10012.5
2022-12-17 03:58:00,1671249480.0,0.878,0.878,0.877,0.877,2111.1
2022-12-17 03:59:00,1671249540.0,0.877,0.878,0.877,0.878,36704.7
2022-12-17 04:00:00,1671249600.0,0.878,0.879,0.878,0.878,16588.7
2022-12-17 04:01:00,1671249660.0,0.878,0.879,0.878,0.879,6836.6
2022-12-17 04:02:00,1671249720.0,0.879,0.879,0.878,0.878,3834.1
2022-12-17 04:03:00,1671249780.0,0.877,0.878,0.877,0.878,10978.1
2022-12-17 04:04:00,1671249840.0,0.878,0.878,0.878,0.878,10930.6
2022-12-17 04:05:00,1671249900.0,0.878,0.878,0.878,0.878,3708.9
2022-12-17 04:06:00,1671249960.0,0.878,0.878,0.877,0.877,2562.4
2022-12-17 04:07:00,1671250020.0,0.877,0.877,0.877,0.877,48.3
2022-12-17 04:08:00,1671250080.0,0.877,0.878,0.877,0.878,484.4
2022-12-17 04:09:00,1671250140.0,0.878,0.878,0.878,0.878,1024.0
2022-12-17 04:10:00,1671250200.0,0.877,0.879,0.877,0.878,4127.4
2022-12-17 04:11:00,1671250260.0,0.878,0.879,0.878,0.878,2755.8
2022-12-17 04:12:00,1671250320.0,0.877,0.879,0.877,0.879,3250.6
2022-12-17 04:13:00,1671250380.0,0.878,0.879,0.878,0.879,406.8
2022-12-17 04:14:00,1671250440.0,0.879,0.879,0.879,0.879,136.4
2022-12-17 04:15:00,1671250500.0,0.879,0.879,0.879,0.879,0.0
2022-12-17 04:16:00,1671250560.0,0.878,0.878,0.877,0.877,1022.7
2022-12-17 04:17:00,1671250620.0,0.877,0.877,0.877,0.877,1154.7
2022-12-17 04:18:00,1671250680.0,0.878,0.878,0.878,0.878,797.2
2022-12-17 04:19:00,1671250740.0,0.878,0.878,0.876,0.878,4771.8
2022-12-17 04:20:00,1671250800.0,0.878,0.879,0.878,0.879,15820.7
2022-12-17 04:21:00,1671250860.0,0.878,0.879,0.878,0.878,1782.5
2022-12-17 04:22:00,1671250920.0,0.878,0.878,0.878,0.878,6125.1
2022-12-17 04:23:00,1671250980.0,0.878,0.879,0.878,0.879,6957.0
2022-12-17 04:24:00,1671251040.0,0.879,0.879,0.879,0.879,4613.9
2022-12-17 04:25:00,1671251100.0,0.879,0.879,0.878,0.878,7841.3
2022-12-17 04:26:00,1671251160.0,0.878,0.88,0.878,0.88,17347.9
2022-12-17 04:27:00,1671251220.0,0.88,0.881,0.879,0.88,9280.4
2022-12-17 04:28:00,1671251280.0,0.88,0.883,0.88,0.882,26685.5
2022-12-17 04:29:00,1671251340.0,0.882,0.883,0.882,0.883,36850.2
2022-12-17 04:30:00,1671251400.0,0.883,0.883,0.882,0.882,6583.0
2022-12-17 04:31:00,1671251460.0,0.882,0.883,0.882,0.882,16993.9
2022-12-17 04:32:00,1671251520.0,0.882,0.883,0.882,0.882,1824.7
2022-12-17 04:33:00,1671251580.0,0.882,0.884,0.882,0.883,8652.6
2022-12-17 04:34:00,1671251640.0,0.883,0.883,0.883,0.883,3680.2
2022-12-17 04:35:00,1671251700.0,0.883,0.884,0.883,0.883,14701.3
2022-12-17 04:36:00,1671251760.0,0.883,0.883,0.883,0.883,29.5
2022-12-17 04:37:00,1671251820.0,0.884,0.884,0.884,0.884,3149.4
2022-12-17 04:38:00,1671251880.0,0.885,0.885,0.883,0.885,6692.8
2022-12-17 04:39:00,1671251940.0,0.884,0.885,0.883,0.884,7967.8
2022-12-17 04:40:00,1671252000.0,0.884,0.884,0.884,0.884,0.0
2022-12-17 04:41:00,1671252060.0,0.883,0.884,0.883,0.884,5295.0
2022-12-17 04:42:00,1671252120.0,0.884,0.884,0.883,0.883,5399.2
2022-12-17 04:43:00,1671252180.0,0.884,0.884,0.884,0.884,12.7
2022-12-17 04:44:00,1671252240.0,0.883,0.883,0.883,0.883,899.7
2022-12-17 04:45:00,1671252300.0,0.884,0.884,0.884,0.884,95.8
2022-12-17 04:46:00,1671252360.0,0.884,0.884,0.884,0.884,0.0
2022-12-17 04:47:00,1671252420.0,0.884,0.884,0.884,0.884,0.0
2022-12-17 04:48:00,1671252480.0,0.884,0.884,0.884,0.884,37.0
2022-12-17 04:49:00,1671252540.0,0.883,0.884,0.883,0.883,2821.0
2022-12-17 04:50:00,1671252600.0,0.883,0.886,0.883,0.885,31733.3
2022-12-17 04:51:00,1671252660.0,0.885,0.885,0.884,0.885,3558.0
2022-12-17 04:52:00,1671252720.0,0.884,0.884,0.884,0.884,60.7
2022-12-17 04:53:00,1671252780.0,0.883,0.884,0.883,0.884,1042.7
2022-12-17 04:54:00,1671252840.0,0.884,0.884,0.884,0.884,0.0
2022-12-17 04:55:00,1671252900.0,0.884,0.884,0.884,0.884,1529.9
2022-12-17 04:56:00,1671252960.0,0.884,0.885,0.884,0.884,7313.3
2022-12-17 04:57:00,1671253020.0,0.885,0.885,0.885,0.885,8501.4
2022-12-17 04:58:00,1671253080.0,0.885,0.885,0.884,0.884,238.5
2022-12-17 04:59:00,1671253140.0,0.884,0.884,0.884,0.884,119.9
2022-12-17 05:00:00,1671253200.0,0.885,0.887,0.885,0.886,15440.6
2022-12-17 05:01:00,1671253260.0,0.887,0.887,0.886,0.886,53.1
2022-12-17 05:02:00,1671253320.0,0.887,0.887,0.886,0.886,47.6
2022-12-17 05:03:00,1671253380.0,0.886,0.887,0.885,0.885,5327.8
2022-12-17 05:04:00,1671253440.0,0.886,0.886,0.886,0.886,30.9
2022-12-17 05:05:00,1671253500.0,0.886,0.887,0.886,0.886,10176.2
2022-12-17 05:06:00,1671253560.0,0.885,0.886,0.885,0.886,89.0
2022-12-17 05:07:00,1671253620.0,0.885,0.886,0.885,0.886,50.4
2022-12-17 05:08:00,1671253680.0,0.886,0.886,0.886,0.886,3155.6
2022-12-17 05:09:00,1671253740.0,0.886,0.886,0.885,0.886,3252.8
2022-12-17 05:10:00,1671253800.0,0.886,0.886,0.886,0.886,12.4
2022-12-17 05:11:00,1671253860.0,0.887,0.888,0.887,0.888,18824.5
2022-12-17 05:12:00,1671253920.0,0.888,0.89,0.888,0.888,30692.0
2022-12-17 05:13:00,1671253980.0,0.888,0.889,0.888,0.888,7176.0
2022-12-17 05:14:00,1671254040.0,0.888,0.888,0.887,0.888,2167.9
2022-12-17 05:15:00,1671254100.0,0.887,0.887,0.887,0.887,14.8
2022-12-17 05:16:00,1671254160.0,0.887,0.887,0.886,0.887,4165.0
2022-12-17 05:17:00,1671254220.0,0.887,0.887,0.887,0.887,5936.0
2022-12-17 05:18:00,1671254280.0,0.886,0.886,0.886,0.886,24.9
2022-12-17 05:19:00,1671254340.0,0.885,0.886,0.885,0.886,1758.3
2022-12-17 05:20:00,1671254400.0,0.885,0.885,0.885,0.885,18.0
2022-12-17 05:21:00,1671254460.0,0.886,0.886,0.886,0.886,404.1
2022-12-17 05:22:00,1671254520.0,0.885,0.885,0.885,0.885,427.1
2022-12-17 05:23:00,1671254580.0,0.886,0.887,0.886,0.887,2497.8
2022-12-17 05:24:00,1671254640.0,0.886,0.886,0.885,0.885,13524.8
2022-12-17 05:25:00,1671254700.0,0.885,0.885,0.885,0.885,37.1
2022-12-17 05:26:00,1671254760.0,0.885,0.885,0.885,0.885,0.0
2022-12-17 05:27:00,1671254820.0,0.886,0.887,0.886,0.887,1565.0
2022-12-17 05:28:00,1671254880.0,0.886,0.886,0.886,0.886,422.7
2022-12-17 05:29:00,1671254940.0,0.886,0.886,0.886,0.886,549.3
2022-12-17 05:30:00,1671255000.0,0.886,0.886,0.885,0.885,3931.6
2022-12-17 05:31:00,1671255060.0,0.885,0.886,0.885,0.885,494.9
2022-12-17 05:32:00,1671255120.0,0.885,0.885,0.885,0.885,7346.2
2022-12-17 05:33:00,1671255180.0,0.884,0.885,0.884,0.884,1275.8
2022-12-17 05:34:00,1671255240.0,0.885,0.885,0.885,0.885,4743.4
2022-12-17 05:35:00,1671255300.0,0.884,0.884,0.884,0.884,1620.7
2022-12-17 05:36:00,1671255360.0,0.885,0.885,0.885,0.885,1167.6
2022-12-17 05:37:00,1671255420.0,0.885,0.885,0.884,0.885,11255.9
2022-12-17 05:38:00,1671255480.0,0.885,0.885,0.884,0.884,4373.7
2022-12-17 05:39:00,1671255540.0,0.885,0.885,0.885,0.885,308.6
2022-12-17 05:40:00,1671255600.0,0.885,0.885,0.884,0.885,10825.9
2022-12-17 05:41:00,1671255660.0,0.884,0.884,0.883,0.883,8501.7
2022-12-17 05:42:00,1671255720.0,0.883,0.884,0.883,0.884,505.5
2022-12-17 05:43:00,1671255780.0,0.884,0.884,0.883,0.883,13439.2
2022-12-17 05:44:00,1671255840.0,0.883,0.883,0.883,0.883,0.0
2022-12-17 05:45:00,1671255900.0,0.884,0.884,0.883,0.883,824.4
2022-12-17 05:46:00,1671255960.0,0.884,0.884,0.884,0.884,4978.7
2022-12-17 05:47:00,1671256020.0,0.883,0.883,0.883,0.883,12.0
2022-12-17 05:48:00,1671256080.0,0.884,0.884,0.884,0.884,3308.1
2022-12-17 05:49:00,1671256140.0,0.883,0.884,0.883,0.883,12008.2
2022-12-17 05:50:00,1671256200.0,0.883,0.883,0.883,0.883,2412.2
2022-12-17 05:51:00,1671256260.0,0.884,0.884,0.883,0.884,10521.8
2022-12-17 05:52:00,1671256320.0,0.884,0.884,0.884,0.884,11288.9
2022-12-17 05:53:00,1671256380.0,0.883,0.884,0.883,0.883,10945.2
2022-12-17 05:54:00,1671256440.0,0.883,0.884,0.883,0.884,1415.0
2022-12-17 05:55:00,1671256500.0,0.883,0.883,0.883,0.883,4332.0
2022-12-17 05:56:00,1671256560.0,0.882,0.884,0.882,0.883,3373.0
2022-12-17 05:57:00,1671256620.0,0.883,0.884,0.883,0.883,685.1
2022-12-17 05:58:00,1671256680.0,0.883,0.884,0.883,0.884,877.0
2022-12-17 05:59:00,1671256740.0,0.883,0.883,0.883,0.883,6122.6
2022-12-17 06:00:00,1671256800.0,0.883,0.883,0.883,0.883,10040.9
2022-12-17 06:01:00,1671256860.0,0.882,0.882,0.88,0.882,56955.8
2022-12-17 06:02:00,1671256920.0,0.881,0.882,0.881,0.882,9915.2
2022-12-17 06:03:00,1671256980.0,0.882,0.882,0.88,0.881,31454.8
2022-12-17 06:04:00,1671257040.0,0.881,0.881,0.88,0.88,40829.1
2022-12-17 06:05:00,1671257100.0,0.881,0.881,0.88,0.881,24665.8
2022-12-17 06:06:00,1671257160.0,0.879,0.881,0.878,0.88,24755.6
2022-12-17 06:07:00,1671257220.0,0.88,0.88,0.88,0.88,200.0
2022-12-17 06:08:00,1671257280.0,0.88,0.881,0.88,0.881,10355.4
2022-12-17 06:09:00,1671257340.0,0.88,0.881,0.88,0.881,2814.5
2022-12-17 06:10:00,1671257400.0,0.881,0.882,0.881,0.881,1051.4
2022-12-17 06:11:00,1671257460.0,0.881,0.882,0.88,0.88,3093.1
2022-12-17 06:12:00,1671257520.0,0.88,0.88,0.88,0.88,1898.4
2022-12-17 06:13:00,1671257580.0,0.879,0.879,0.879,0.879,11.3
2022-12-17 06:14:00,1671257640.0,0.879,0.88,0.879,0.879,260.5
2022-12-17 06:15:00,1671257700.0,0.879,0.881,0.879,0.88,9576.7
2022-12-17 06:16:00,1671257760.0,0.88,0.881,0.88,0.881,1857.7
2022-12-17 06:17:00,1671257820.0,0.881,0.881,0.881,0.881,0.0
2022-12-17 06:18:00,1671257880.0,0.88,0.88,0.879,0.879,2195.8
2022-12-17 06:19:00,1671257940.0,0.879,0.88,0.879,0.88,2605.1
2022-12-17 06:20:00,1671258000.0,0.88,0.881,0.88,0.88,4777.5
2022-12-17 06:21:00,1671258060.0,0.88,0.88,0.879,0.879,99.0
2022-12-17 06:22:00,1671258120.0,0.879,0.879,0.879,0.879,3608.2
2022-12-17 06:23:00,1671258180.0,0.879,0.879,0.879,0.879,2202.5
2022-12-17 06:24:00,1671258240.0,0.879,0.879,0.879,0.879,29.7
2022-12-17 06:25:00,1671258300.0,0.879,0.879,0.879,0.879,656.6
2022-12-17 06:26:00,1671258360.0,0.879,0.879,0.879,0.879,588.6
2022-12-17 06:27:00,1671258420.0,0.879,0.879,0.879,0.879,2896.2
2022-12-17 06:28:00,1671258480.0,0.879,0.88,0.879,0.88,2642.8
2022-12-17 06:29:00,1671258540.0,0.88,0.88,0.88,0.88,7131.3
2022-12-17 06:30:00,1671258600.0,0.88,0.881,0.88,0.881,3688.3
2022-12-17 06:31:00,1671258660.0,0.881,0.881,0.881,0.881,1582.3
2022-12-17 06:32:00,1671258720.0,0.881,0.881,0.88,0.881,2902.7
2022-12-17 06:33:00,1671258780.0,0.881,0.882,0.881,0.882,1189.9
2022-12-17 06:34:00,1671258840.0,0.882,0.883,0.882,0.883,5286.5
2022-12-17 06:35:00,1671258900.0,0.882,0.885,0.882,0.884,1696.9
2022-12-17 06:36:00,1671258960.0,0.885,0.888,0.885,0.887,33773.9
2022-12-17 06:37:00,1671259020.0,0.887,0.888,0.886,0.887,11793.2
2022-12-17 06:38:00,1671259080.0,0.886,0.886,0.886,0.886,2219.2
2022-12-17 06:39:00,1671259140.0,0.885,0.885,0.884,0.885,455.6
2022-12-17 06:40:00,1671259200.0,0.884,0.886,0.884,0.886,13523.1
2022-12-17 06:41:00,1671259260.0,0.885,0.885,0.883,0.883,7034.8
2022-12-17 06:42:00,1671259320.0,0.884,0.886,0.884,0.885,14534.8
2022-12-17 06:43:00,1671259380.0,0.885,0.885,0.885,0.885,10130.2
2022-12-17 06:44:00,1671259440.0,0.885,0.886,0.885,0.885,718.8
2022-12-17 06:45:00,1671259500.0,0.886,0.886,0.886,0.886,79.1
2022-12-17 06:46:00,1671259560.0,0.886,0.887,0.886,0.887,4447.9
2022-12-17 06:47:00,1671259620.0,0.887,0.887,0.886,0.887,16087.1
2022-12-17 06:48:00,1671259680.0,0.887,0.887,0.887,0.887,3941.9
2022-12-17 06:49:00,1671259740.0,0.886,0.886,0.885,0.885,7781.8
2022-12-17 06:50:00,1671259800.0,0.885,0.885,0.885,0.885,571.5
2022-12-17 06:51:00,1671259860.0,0.884,0.884,0.883,0.884,5108.5
2022-12-17 06:52:00,1671259920.0,0.884,0.884,0.884,0.884,12703.9
2022-12-17 06:53:00,1671259980.0,0.883,0.883,0.883,0.883,2400.3
2022-12-17 06:54:00,1671260040.0,0.883,0.884,0.883,0.884,21531.7
2022-12-17 06:55:00,1671260100.0,0.884,0.884,0.884,0.884,211.1
2022-12-17 06:56:00,1671260160.0,0.884,0.884,0.883,0.883,937.2
2022-12-17 06:57:00,1671260220.0,0.883,0.883,0.883,0.883,0.0
2022-12-17 06:58:00,1671260280.0,0.883,0.883,0.883,0.883,1010.1
2022-12-17 06:59:00,1671260340.0,0.883,0.883,0.882,0.882,124.6
2022-12-17 07:00:00,1671260400.0,0.882,0.882,0.882,0.882,0.0
2022-12-17 07:01:00,1671260460.0,0.882,0.882,0.882,0.882,3663.4
2022-12-17 07:02:00,1671260520.0,0.883,0.885,0.883,0.884,16591.8
2022-12-17 07:03:00,1671260580.0,0.884,0.884,0.883,0.883,8626.1
2022-12-17 07:04:00,1671260640.0,0.883,0.883,0.882,0.882,1097.6
2022-12-17 07:05:00,1671260700.0,0.882,0.882,0.882,0.882,0.0
2022-12-17 07:06:00,1671260760.0,0.882,0.882,0.881,0.882,49361.9
2022-12-17 07:07:00,1671260820.0,0.882,0.882,0.881,0.881,68.2
2022-12-17 07:08:00,1671260880.0,0.881,0.882,0.881,0.881,471.5
2022-12-17 07:09:00,1671260940.0,0.882,0.882,0.881,0.882,5425.5
2022-12-17 07:10:00,1671261000.0,0.882,0.882,0.882,0.882,570.3
2022-12-17 07:11:00,1671261060.0,0.882,0.882,0.882,0.882,1257.2
2022-12-17 07:12:00,1671261120.0,0.882,0.882,0.881,0.881,9521.6
2022-12-17 07:13:00,1671261180.0,0.881,0.881,0.88,0.881,7059.9
2022-12-17 07:14:00,1671261240.0,0.881,0.882,0.881,0.882,1044.0
2022-12-17 07:15:00,1671261300.0,0.882,0.882,0.881,0.882,272.0
2022-12-17 07:16:00,1671261360.0,0.881,0.881,0.881,0.881,2919.8
2022-12-17 07:17:00,1671261420.0,0.881,0.881,0.881,0.881,0.0
2022-12-17 07:18:00,1671261480.0,0.881,0.881,0.881,0.881,5926.2
2022-12-17 07:19:00,1671261540.0,0.88,0.882,0.88,0.882,14426.5
2022-12-17 07:20:00,1671261600.0,0.881,0.881,0.881,0.881,2253.5
2022-12-17 07:21:00,1671261660.0,0.88,0.881,0.88,0.881,5044.3
2022-12-17 07:22:00,1671261720.0,0.881,0.881,0.881,0.881,0.0
2022-12-17 07:23:00,1671261780.0,0.881,0.882,0.881,0.881,5103.5
2022-12-17 07:24:00,1671261840.0,0.881,0.881,0.881,0.881,171.9
2022-12-17 07:25:00,1671261900.0,0.881,0.881,0.88,0.88,9086.3
2022-12-17 07:26:00,1671261960.0,0.88,0.88,0.88,0.88,25.2
2022-12-17 07:27:00,1671262020.0,0.88,0.88,0.88,0.88,46.9
2022-12-17 07:28:00,1671262080.0,0.881,0.881,0.88,0.881,5404.6
2022-12-17 07:29:00,1671262140.0,0.881,0.881,0.881,0.881,0.0
2022-12-17 07:30:00,1671262200.0,0.881,0.881,0.881,0.881,539.7
2022-12-17 07:31:00,1671262260.0,0.88,0.882,0.88,0.881,5404.5
2022-12-17 07:32:00,1671262320.0,0.88,0.88,0.88,0.88,56.8
2022-12-17 07:33:00,1671262380.0,0.88,0.88,0.88,0.88,56.9
2022-12-17 07:34:00,1671262440.0,0.88,0.882,0.88,0.881,7219.8
2022-12-17 07:35:00,1671262500.0,0.882,0.882,0.882,0.882,1048.2
2022-12-17 07:36:00,1671262560.0,0.882,0.882,0.882,0.882,11.4
2022-12-17 07:37:00,1671262620.0,0.882,0.882,0.882,0.882,24.3
2022-12-17 07:38:00,1671262680.0,0.882,0.882,0.882,0.882,3616.2
2022-12-17 07:39:00,1671262740.0,0.883,0.885,0.883,0.885,5789.0
2022-12-17 07:40:00,1671262800.0,0.885,0.885,0.885,0.885,3132.4
2022-12-17 07:41:00,1671262860.0,0.885,0.886,0.885,0.885,4625.1
2022-12-17 07:42:00,1671262920.0,0.885,0.885,0.884,0.884,132.9
2022-12-17 07:43:00,1671262980.0,0.884,0.884,0.884,0.884,13480.4
2022-12-17 07:44:00,1671263040.0,0.885,0.888,0.885,0.886,25355.5
2022-12-17 07:45:00,1671263100.0,0.887,0.887,0.885,0.887,19005.3
2022-12-17 07:46:00,1671263160.0,0.886,0.886,0.885,0.885,11398.9
2022-12-17 07:47:00,1671263220.0,0.885,0.886,0.885,0.886,999.5
2022-12-17 07:48:00,1671263280.0,0.885,0.885,0.884,0.885,14682.9
2022-12-17 07:49:00,1671263340.0,0.885,0.885,0.885,0.885,0.0
2022-12-17 07:50:00,1671263400.0,0.885,0.885,0.885,0.885,856.7
2022-12-17 07:51:00,1671263460.0,0.886,0.886,0.885,0.886,57.1
2022-12-17 07:52:00,1671263520.0,0.886,0.886,0.886,0.886,1578.0
2022-12-17 07:53:00,1671263580.0,0.885,0.885,0.885,0.885,135.0
2022-12-17 07:54:00,1671263640.0,0.886,0.886,0.885,0.885,70.9
2022-12-17 07:55:00,1671263700.0,0.885,0.885,0.885,0.885,20.1
2022-12-17 07:56:00,1671263760.0,0.885,0.885,0.885,0.885,1024.6
2022-12-17 07:57:00,1671263820.0,0.885,0.885,0.885,0.885,0.0
2022-12-17 07:58:00,1671263880.0,0.886,0.886,0.886,0.886,474.4
2022-12-17 07:59:00,1671263940.0,0.886,0.886,0.886,0.886,5523.4
2022-12-17 08:00:00,1671264000.0,0.887,0.887,0.886,0.886,11762.4
2022-12-17 08:01:00,1671264060.0,0.887,0.888,0.887,0.887,3774.4
2022-12-17 08:02:00,1671264120.0,0.888,0.888,0.887,0.887,3642.5
2022-12-17 08:03:00,1671264180.0,0.887,0.887,0.887,0.887,3656.7
2022-12-17 08:04:00,1671264240.0,0.888,0.888,0.887,0.887,487.6
2022-12-17 08:05:00,1671264300.0,0.888,0.889,0.888,0.889,21146.1
2022-12-17 08:06:00,1671264360.0,0.889,0.89,0.888,0.888,9750.2
2022-12-17 08:07:00,1671264420.0,0.887,0.887,0.887,0.887,88.0
2022-12-17 08:08:00,1671264480.0,0.887,0.887,0.887,0.887,615.9
2022-12-17 08:09:00,1671264540.0,0.887,0.887,0.887,0.887,405.1
2022-12-17 08:10:00,1671264600.0,0.887,0.888,0.887,0.887,1008.9
2022-12-17 08:11:00,1671264660.0,0.887,0.887,0.886,0.886,2416.3
2022-12-17 08:12:00,1671264720.0,0.886,0.888,0.886,0.887,4526.7
2022-12-17 08:13:00,1671264780.0,0.887,0.887,0.886,0.886,625.9
2022-12-17 08:14:00,1671264840.0,0.886,0.886,0.886,0.886,373.9
2022-12-17 08:15:00,1671264900.0,0.886,0.887,0.886,0.887,737.5
2022-12-17 08:16:00,1671264960.0,0.886,0.886,0.886,0.886,398.6
2022-12-17 08:17:00,1671265020.0,0.886,0.887,0.886,0.886,354.9
2022-12-17 08:18:00,1671265080.0,0.886,0.888,0.886,0.888,1916.3
2022-12-17 08:19:00,1671265140.0,0.887,0.889,0.887,0.889,2160.0
2022-12-17 08:20:00,1671265200.0,0.888,0.889,0.887,0.887,9247.1
2022-12-17 08:21:00,1671265260.0,0.888,0.888,0.887,0.887,2753.7
2022-12-17 08:22:00,1671265320.0,0.887,0.887,0.886,0.886,2328.1
2022-12-17 08:23:00,1671265380.0,0.886,0.886,0.886,0.886,326.2
2022-12-17 08:24:00,1671265440.0,0.886,0.886,0.886,0.886,537.0
2022-12-17 08:25:00,1671265500.0,0.886,0.886,0.886,0.886,15507.7
2022-12-17 08:26:00,1671265560.0,0.886,0.886,0.886,0.886,5093.6
2022-12-17 08:27:00,1671265620.0,0.886,0.886,0.886,0.886,602.8
2022-12-17 08:28:00,1671265680.0,0.886,0.887,0.886,0.886,722.8
2022-12-17 08:29:00,1671265740.0,0.886,0.886,0.885,0.885,942.5
2022-12-17 08:30:00,1671265800.0,0.885,0.885,0.885,0.885,1418.1
2022-12-17 08:31:00,1671265860.0,0.885,0.885,0.885,0.885,249.1
2022-12-17 08:32:00,1671265920.0,0.885,0.886,0.885,0.886,20763.2
2022-12-17 08:33:00,1671265980.0,0.886,0.886,0.885,0.886,1226.8
2022-12-17 08:34:00,1671266040.0,0.885,0.885,0.885,0.885,18.5
2022-12-17 08:35:00,1671266100.0,0.886,0.886,0.885,0.885,10934.8
2022-12-17 08:36:00,1671266160.0,0.885,0.885,0.884,0.885,6258.1
2022-12-17 08:37:00,1671266220.0,0.884,0.885,0.884,0.885,13011.2
2022-12-17 08:38:00,1671266280.0,0.885,0.885,0.884,0.884,8328.3
2022-12-17 08:39:00,1671266340.0,0.885,0.885,0.884,0.884,102.8
2022-12-17 08:40:00,1671266400.0,0.884,0.884,0.884,0.884,0.0
2022-12-17 08:41:00,1671266460.0,0.884,0.885,0.884,0.884,5459.7
2022-12-17 08:42:00,1671266520.0,0.884,0.885,0.884,0.884,2116.4
2022-12-17 08:43:00,1671266580.0,0.884,0.884,0.884,0.884,5860.0
2022-12-17 08:44:00,1671266640.0,0.884,0.885,0.884,0.885,5710.6
2022-12-17 08:45:00,1671266700.0,0.884,0.885,0.884,0.884,5778.1
2022-12-17 08:46:00,1671266760.0,0.884,0.885,0.884,0.885,8364.4
2022-12-17 08:47:00,1671266820.0,0.884,0.885,0.884,0.885,61.0
2022-12-17 08:48:00,1671266880.0,0.885,0.885,0.885,0.885,5088.6
2022-12-17 08:49:00,1671266940.0,0.885,0.885,0.885,0.885,3102.5
2022-12-17 08:50:00,1671267000.0,0.884,0.884,0.884,0.884,3391.4
2022-12-17 08:51:00,1671267060.0,0.884,0.884,0.884,0.884,2535.8
2022-12-17 08:52:00,1671267120.0,0.884,0.884,0.884,0.884,0.0
2022-12-17 08:53:00,1671267180.0,0.884,0.884,0.884,0.884,952.2
2022-12-17 08:54:00,1671267240.0,0.885,0.885,0.885,0.885,3406.7
2022-12-17 08:55:00,1671267300.0,0.885,0.885,0.885,0.885,31.0
2022-12-17 08:56:00,1671267360.0,0.885,0.885,0.884,0.884,7044.4
2022-12-17 08:57:00,1671267420.0,0.885,0.885,0.885,0.885,168.3
2022-12-17 08:58:00,1671267480.0,0.884,0.884,0.884,0.884,1161.9
2022-12-17 08:59:00,1671267540.0,0.884,0.884,0.884,0.884,0.0
2022-12-17 09:00:00,1671267600.0,0.884,0.885,0.884,0.885,5428.3
2022-12-17 09:01:00,1671267660.0,0.885,0.885,0.885,0.885,139.4
2022-12-17 09:02:00,1671267720.0,0.884,0.884,0.884,0.884,1929.9
2022-12-17 09:03:00,1671267780.0,0.883,0.883,0.883,0.883,319.3
2022-12-17 09:04:00,1671267840.0,0.884,0.884,0.883,0.884,2166.4
2022-12-17 09:05:00,1671267900.0,0.883,0.884,0.883,0.884,1223.2
2022-12-17 09:06:00,1671267960.0,0.884,0.884,0.884,0.884,2176.7
2022-12-17 09:07:00,1671268020.0,0.885,0.885,0.885,0.885,338.8
2022-12-17 09:08:00,1671268080.0,0.884,0.884,0.883,0.883,3964.7
2022-12-17 09:09:00,1671268140.0,0.884,0.884,0.884,0.884,101.4
2022-12-17 09:10:00,1671268200.0,0.884,0.884,0.883,0.884,425.5
2022-12-17 09:11:00,1671268260.0,0.883,0.883,0.883,0.883,560.0
2022-12-17 09:12:00,1671268320.0,0.883,0.883,0.883,0.883,771.4
2022-12-17 09:13:00,1671268380.0,0.883,0.883,0.883,0.883,0.0
2022-12-17 09:14:00,1671268440.0,0.883,0.883,0.883,0.883,0.0
2022-12-17 09:15:00,1671268500.0,0.884,0.885,0.884,0.884,3363.3
2022-12-17 09:16:00,1671268560.0,0.884,0.884,0.884,0.884,1891.1
2022-12-17 09:17:00,1671268620.0,0.885,0.885,0.884,0.884,128.3
2022-12-17 09:18:00,1671268680.0,0.885,0.885,0.885,0.885,56.4
2022-12-17 09:19:00,1671268740.0,0.884,0.885,0.884,0.885,5529.2
2022-12-17 09:20:00,1671268800.0,0.885,0.885,0.883,0.884,4634.6
2022-12-17 09:21:00,1671268860.0,0.883,0.883,0.883,0.883,3084.7
2022-12-17 09:22:00,1671268920.0,0.883,0.883,0.883,0.883,1698.5
2022-12-17 09:23:00,1671268980.0,0.882,0.883,0.882,0.883,25020.8
2022-12-17 09:24:00,1671269040.0,0.882,0.882,0.881,0.882,7127.1
2022-12-17 09:25:00,1671269100.0,0.882,0.883,0.882,0.882,776.3
2022-12-17 09:26:00,1671269160.0,0.882,0.882,0.882,0.882,2568.1
2022-12-17 09:27:00,1671269220.0,0.881,0.882,0.881,0.882,3419.0
2022-12-17 09:28:00,1671269280.0,0.882,0.883,0.882,0.882,4771.5
2022-12-17 09:29:00,1671269340.0,0.882,0.882,0.882,0.882,264.3
2022-12-17 09:30:00,1671269400.0,0.882,0.882,0.881,0.881,5481.1
2022-12-17 09:31:00,1671269460.0,0.882,0.882,0.881,0.881,68.2
2022-12-17 09:32:00,1671269520.0,0.881,0.882,0.881,0.882,651.3
2022-12-17 09:33:00,1671269580.0,0.881,0.882,0.88,0.881,22335.6
2022-12-17 09:34:00,1671269640.0,0.882,0.882,0.881,0.882,3074.8
2022-12-17 09:35:00,1671269700.0,0.882,0.883,0.881,0.882,4256.8
2022-12-17 09:36:00,1671269760.0,0.882,0.882,0.88,0.881,3657.4
2022-12-17 09:37:00,1671269820.0,0.88,0.881,0.88,0.88,267.5
2022-12-17 09:38:00,1671269880.0,0.881,0.881,0.88,0.881,6477.6
2022-12-17 09:39:00,1671269940.0,0.881,0.882,0.881,0.881,30565.8
2022-12-17 09:40:00,1671270000.0,0.882,0.882,0.881,0.881,916.5
2022-12-17 09:41:00,1671270060.0,0.882,0.883,0.881,0.881,18583.9
2022-12-17 09:42:00,1671270120.0,0.882,0.882,0.882,0.882,4604.4
2022-12-17 09:43:00,1671270180.0,0.881,0.882,0.881,0.882,3292.4
2022-12-17 09:44:00,1671270240.0,0.882,0.882,0.882,0.882,565.5
2022-12-17 09:45:00,1671270300.0,0.882,0.882,0.882,0.882,79.4
2022-12-17 09:46:00,1671270360.0,0.882,0.882,0.882,0.882,9916.1
2022-12-17 09:47:00,1671270420.0,0.882,0.882,0.882,0.882,225.6
2022-12-17 09:48:00,1671270480.0,0.882,0.882,0.882,0.882,5558.3
2022-12-17 09:49:00,1671270540.0,0.881,0.883,0.881,0.883,3556.7
2022-12-17 09:50:00,1671270600.0,0.883,0.883,0.883,0.883,20.3
2022-12-17 09:51:00,1671270660.0,0.882,0.883,0.882,0.883,130.2
2022-12-17 09:52:00,1671270720.0,0.883,0.883,0.883,0.883,870.3
2022-12-17 09:53:00,1671270780.0,0.883,0.883,0.883,0.883,49.0
2022-12-17 09:54:00,1671270840.0,0.882,0.882,0.882,0.882,4184.6
2022-12-17 09:55:00,1671270900.0,0.882,0.882,0.882,0.882,400.9
2022-12-17 09:56:00,1671270960.0,0.882,0.882,0.881,0.882,12734.8
2022-12-17 09:57:00,1671271020.0,0.881,0.881,0.881,0.881,276.6
2022-12-17 09:58:00,1671271080.0,0.881,0.882,0.881,0.882,387.7
2022-12-17 09:59:00,1671271140.0,0.882,0.882,0.882,0.882,0.0
2022-12-17 10:00:00,1671271200.0,0.881,0.881,0.881,0.881,1722.1
2022-12-17 10:01:00,1671271260.0,0.881,0.881,0.88,0.881,79.5
2022-12-17 10:02:00,1671271320.0,0.881,0.882,0.881,0.882,1557.2
2022-12-17 10:03:00,1671271380.0,0.881,0.882,0.881,0.882,68.2
2022-12-17 10:04:00,1671271440.0,0.882,0.882,0.882,0.882,0.0
2022-12-17 10:05:00,1671271500.0,0.882,0.882,0.882,0.882,7253.3
2022-12-17 10:06:00,1671271560.0,0.882,0.882,0.882,0.882,16.1
2022-12-17 10:07:00,1671271620.0,0.882,0.882,0.882,0.882,155.0
2022-12-17 10:08:00,1671271680.0,0.882,0.882,0.882,0.882,0.0
2022-12-17 10:09:00,1671271740.0,0.882,0.882,0.882,0.882,0.0
2022-12-17 10:10:00,1671271800.0,0.882,0.882,0.882,0.882,24.3
2022-12-17 10:11:00,1671271860.0,0.883,0.883,0.883,0.883,160.2
2022-12-17 10:12:00,1671271920.0,0.883,0.883,0.883,0.883,0.0
2022-12-17 10:13:00,1671271980.0,0.883,0.883,0.883,0.883,3778.3
2022-12-17 10:14:00,1671272040.0,0.883,0.883,0.882,0.882,40.6
2022-12-17 10:15:00,1671272100.0,0.882,0.882,0.882,0.882,0.0
2022-12-17 10:16:00,1671272160.0,0.883,0.883,0.882,0.883,3663.5
2022-12-17 10:17:00,1671272220.0,0.882,0.882,0.882,0.882,1761.1
2022-12-17 10:18:00,1671272280.0,0.883,0.883,0.883,0.883,1909.1
2022-12-17 10:19:00,1671272340.0,0.883,0.883,0.883,0.883,0.0
2022-12-17 10:20:00,1671272400.0,0.882,0.882,0.882,0.882,289.4
2022-12-17 10:21:00,1671272460.0,0.883,0.883,0.882,0.882,2174.9
2022-12-17 10:22:00,1671272520.0,0.882,0.882,0.882,0.882,13.2
2022-12-17 10:23:00,1671272580.0,0.882,0.882,0.882,0.882,532.8
2022-12-17 10:24:00,1671272640.0,0.882,0.882,0.882,0.882,1419.3
2022-12-17 10:25:00,1671272700.0,0.883,0.883,0.882,0.882,629.9
2022-12-17 10:26:00,1671272760.0,0.882,0.882,0.882,0.882,5349.2
2022-12-17 10:27:00,1671272820.0,0.882,0.882,0.882,0.882,2092.7
2022-12-17 10:28:00,1671272880.0,0.882,0.882,0.882,0.882,110.2
2022-12-17 10:29:00,1671272940.0,0.882,0.882,0.882,0.882,44.6
2022-12-17 10:30:00,1671273000.0,0.882,0.882,0.881,0.881,2705.7
2022-12-17 10:31:00,1671273060.0,0.881,0.881,0.881,0.881,77.9
2022-12-17 10:32:00,1671273120.0,0.881,0.881,0.881,0.881,20.6
2022-12-17 10:33:00,1671273180.0,0.882,0.882,0.881,0.881,3091.9
2022-12-17 10:34:00,1671273240.0,0.881,0.882,0.881,0.882,31618.1
2022-12-17 10:35:00,1671273300.0,0.881,0.881,0.881,0.881,71.0
2022-12-17 10:36:00,1671273360.0,0.881,0.881,0.881,0.881,2704.6
2022-12-17 10:37:00,1671273420.0,0.881,0.881,0.88,0.88,1359.0
2022-12-17 10:38:00,1671273480.0,0.88,0.881,0.88,0.88,15605.4
2022-12-17 10:39:00,1671273540.0,0.88,0.881,0.878,0.879,14927.4
2022-12-17 10:40:00,1671273600.0,0.88,0.881,0.88,0.881,3915.1
2022-12-17 10:41:00,1671273660.0,0.881,0.881,0.881,0.881,3263.2
2022-12-17 10:42:00,1671273720.0,0.881,0.882,0.881,0.882,10972.3
2022-12-17 10:43:00,1671273780.0,0.882,0.882,0.882,0.882,243.1
2022-12-17 10:44:00,1671273840.0,0.882,0.882,0.881,0.882,1097.2
2022-12-17 10:45:00,1671273900.0,0.881,0.882,0.881,0.881,376.7
2022-12-17 10:46:00,1671273960.0,0.881,0.882,0.881,0.881,861.6
2022-12-17 10:47:00,1671274020.0,0.881,0.881,0.881,0.881,0.0
2022-12-17 10:48:00,1671274080.0,0.881,0.881,0.88,0.881,15429.2
2022-12-17 10:49:00,1671274140.0,0.88,0.881,0.88,0.881,7457.6
2022-12-17 10:50:00,1671274200.0,0.881,0.881,0.88,0.881,447.0
2022-12-17 10:51:00,1671274260.0,0.881,0.881,0.881,0.881,18363.5
2022-12-17 10:52:00,1671274320.0,0.882,0.883,0.882,0.883,3573.0
2022-12-17 10:53:00,1671274380.0,0.883,0.884,0.883,0.884,11729.2
2022-12-17 10:54:00,1671274440.0,0.885,0.886,0.885,0.885,14605.2
2022-12-17 10:55:00,1671274500.0,0.885,0.885,0.885,0.885,3565.0
2022-12-17 10:56:00,1671274560.0,0.886,0.887,0.886,0.887,33099.8
2022-12-17 10:57:00,1671274620.0,0.887,0.887,0.887,0.887,12488.8
2022-12-17 10:58:00,1671274680.0,0.887,0.887,0.887,0.887,5963.9
2022-12-17 10:59:00,1671274740.0,0.887,0.887,0.887,0.887,4092.2
2022-12-17 11:00:00,1671274800.0,0.886,0.887,0.886,0.887,15611.8
2022-12-17 11:01:00,1671274860.0,0.887,0.888,0.886,0.886,16480.0
2022-12-17 11:02:00,1671274920.0,0.886,0.886,0.886,0.886,3187.9
2022-12-17 11:03:00,1671274980.0,0.886,0.886,0.886,0.886,0.0
2022-12-17 11:04:00,1671275040.0,0.886,0.886,0.885,0.885,5590.8
2022-12-17 11:05:00,1671275100.0,0.885,0.885,0.885,0.885,1104.7
2022-12-17 11:06:00,1671275160.0,0.885,0.885,0.885,0.885,0.0
2022-12-17 11:07:00,1671275220.0,0.884,0.884,0.884,0.884,400.6
2022-12-17 11:08:00,1671275280.0,0.885,0.885,0.885,0.885,596.5
2022-12-17 11:09:00,1671275340.0,0.884,0.885,0.884,0.885,913.9
2022-12-17 11:10:00,1671275400.0,0.884,0.884,0.884,0.884,8572.9
2022-12-17 11:11:00,1671275460.0,0.884,0.884,0.884,0.884,0.0
2022-12-17 11:12:00,1671275520.0,0.884,0.884,0.884,0.884,0.0
2022-12-17 11:13:00,1671275580.0,0.885,0.885,0.885,0.885,399.2
2022-12-17 11:14:00,1671275640.0,0.885,0.885,0.884,0.884,1716.9
2022-12-17 11:15:00,1671275700.0,0.884,0.885,0.884,0.884,11188.5
2022-12-17 11:16:00,1671275760.0,0.884,0.884,0.884,0.884,6238.5
2022-12-17 11:17:00,1671275820.0,0.884,0.884,0.882,0.882,24591.0
2022-12-17 11:18:00,1671275880.0,0.882,0.882,0.882,0.882,4394.3
2022-12-17 11:19:00,1671275940.0,0.883,0.883,0.883,0.883,15.0
2022-12-17 11:20:00,1671276000.0,0.883,0.883,0.883,0.883,11.3
2022-12-17 11:21:00,1671276060.0,0.882,0.882,0.881,0.882,15659.8
2022-12-17 11:22:00,1671276120.0,0.883,0.883,0.881,0.882,6329.3
2022-12-17 11:23:00,1671276180.0,0.882,0.882,0.881,0.882,2403.2
2022-12-17 11:24:00,1671276240.0,0.882,0.883,0.882,0.882,1271.3
2022-12-17 11:25:00,1671276300.0,0.882,0.882,0.881,0.881,4193.7
2022-12-17 11:26:00,1671276360.0,0.882,0.882,0.881,0.881,298.0
2022-12-17 11:27:00,1671276420.0,0.881,0.883,0.881,0.883,4285.7
2022-12-17 11:28:00,1671276480.0,0.883,0.883,0.883,0.883,2549.9
2022-12-17 11:29:00,1671276540.0,0.883,0.883,0.882,0.882,4014.8
2022-12-17 11:30:00,1671276600.0,0.881,0.882,0.881,0.882,683.2
2022-12-17 11:31:00,1671276660.0,0.882,0.882,0.881,0.882,1000.8
2022-12-17 11:32:00,1671276720.0,0.882,0.883,0.881,0.881,9466.2
2022-12-17 11:33:00,1671276780.0,0.881,0.882,0.881,0.882,432.8
2022-12-17 11:34:00,1671276840.0,0.881,0.882,0.881,0.881,4512.5
2022-12-17 11:35:00,1671276900.0,0.881,0.881,0.88,0.881,3931.6
2022-12-17 11:36:00,1671276960.0,0.881,0.881,0.881,0.881,0.0
2022-12-17 11:37:00,1671277020.0,0.88,0.881,0.88,0.881,3279.8
2022-12-17 11:38:00,1671277080.0,0.881,0.881,0.881,0.881,1190.1
2022-12-17 11:39:00,1671277140.0,0.881,0.881,0.881,0.881,80.0
2022-12-17 11:40:00,1671277200.0,0.881,0.881,0.881,0.881,0.0
2022-12-17 11:41:00,1671277260.0,0.88,0.88,0.88,0.88,17.9
2022-12-17 11:42:00,1671277320.0,0.88,0.88,0.88,0.88,0.0
2022-12-17 11:43:00,1671277380.0,0.881,0.881,0.881,0.881,46.3
2022-12-17 11:44:00,1671277440.0,0.88,0.88,0.88,0.88,585.1
2022-12-17 11:45:00,1671277500.0,0.881,0.882,0.881,0.881,4922.9
2022-12-17 11:46:00,1671277560.0,0.882,0.883,0.882,0.883,1946.1
2022-12-17 11:47:00,1671277620.0,0.882,0.882,0.882,0.882,3834.5
2022-12-17 11:48:00,1671277680.0,0.882,0.882,0.882,0.882,0.0
2022-12-17 11:49:00,1671277740.0,0.882,0.882,0.882,0.882,20.7
2022-12-17 11:50:00,1671277800.0,0.882,0.882,0.88,0.881,8001.3
2022-12-17 11:51:00,1671277860.0,0.881,0.881,0.88,0.881,3141.5
2022-12-17 11:52:00,1671277920.0,0.88,0.881,0.879,0.88,26085.9
2022-12-17 11:53:00,1671277980.0,0.88,0.88,0.88,0.88,0.0
2022-12-17 11:54:00,1671278040.0,0.88,0.881,0.88,0.881,5280.0
2022-12-17 11:55:00,1671278100.0,0.88,0.881,0.88,0.881,1167.2
2022-12-17 11:56:00,1671278160.0,0.881,0.881,0.881,0.881,775.6
2022-12-17 11:57:00,1671278220.0,0.881,0.882,0.881,0.882,5501.1
2022-12-17 11:58:00,1671278280.0,0.881,0.881,0.881,0.881,2191.5
2022-12-17 11:59:00,1671278340.0,0.882,0.883,0.882,0.883,4258.6
2022-12-17 12:00:00,1671278400.0,0.882,0.883,0.882,0.883,5534.7
2022-12-17 12:01:00,1671278460.0,0.883,0.883,0.882,0.882,1833.4
2022-12-17 12:02:00,1671278520.0,0.882,0.882,0.882,0.882,4945.2
2022-12-17 12:03:00,1671278580.0,0.881,0.882,0.881,0.882,96.7
2022-12-17 12:04:00,1671278640.0,0.881,0.881,0.881,0.881,1227.3
2022-12-17 12:05:00,1671278700.0,0.882,0.882,0.881,0.881,84.0
2022-12-17 12:06:00,1671278760.0,0.882,0.882,0.882,0.882,1571.4
2022-12-17 12:07:00,1671278820.0,0.882,0.882,0.882,0.882,0.0
2022-12-17 12:08:00,1671278880.0,0.881,0.881,0.881,0.881,8586.6
2022-12-17 12:09:00,1671278940.0,0.881,0.881,0.881,0.881,100.2
2022-12-17 12:10:00,1671279000.0,0.882,0.882,0.881,0.882,4590.2
2022-12-17 12:11:00,1671279060.0,0.882,0.882,0.882,0.882,2464.5
2022-12-17 12:12:00,1671279120.0,0.882,0.882,0.882,0.882,0.0
2022-12-17 12:13:00,1671279180.0,0.881,0.883,0.881,0.883,2637.9
2022-12-17 12:14:00,1671279240.0,0.883,0.885,0.883,0.885,102480.1
2022-12-17 12:15:00,1671279300.0,0.884,0.885,0.884,0.884,13107.6
2022-12-17 12:16:00,1671279360.0,0.884,0.884,0.884,0.884,0.0
2022-12-17 12:17:00,1671279420.0,0.883,0.883,0.883,0.883,17561.4
2022-12-17 12:18:00,1671279480.0,0.884,0.884,0.883,0.883,1388.0
2022-12-17 12:19:00,1671279540.0,0.883,0.884,0.883,0.883,3398.7
2022-12-17 12:20:00,1671279600.0,0.884,0.885,0.884,0.885,5014.6
2022-12-17 12:21:00,1671279660.0,0.885,0.885,0.884,0.884,35.9
2022-12-17 12:22:00,1671279720.0,0.885,0.885,0.884,0.884,216.6
2022-12-17 12:23:00,1671279780.0,0.884,0.885,0.884,0.884,12551.0
2022-12-17 12:24:00,1671279840.0,0.884,0.886,0.884,0.885,2461.7
2022-12-17 12:25:00,1671279900.0,0.886,0.886,0.885,0.885,413.5
2022-12-17 12:26:00,1671279960.0,0.885,0.885,0.884,0.884,3324.9
2022-12-17 12:27:00,1671280020.0,0.884,0.885,0.884,0.884,7709.4
2022-12-17 12:28:00,1671280080.0,0.885,0.885,0.885,0.885,22.5
2022-12-17 12:29:00,1671280140.0,0.884,0.884,0.884,0.884,12.8
2022-12-17 12:30:00,1671280200.0,0.885,0.885,0.884,0.884,3020.7
2022-12-17 12:31:00,1671280260.0,0.884,0.884,0.883,0.883,2316.8
2022-12-17 12:32:00,1671280320.0,0.884,0.884,0.884,0.884,1601.9
2022-12-17 12:33:00,1671280380.0,0.884,0.884,0.884,0.884,562.6
2022-12-17 12:34:00,1671280440.0,0.884,0.886,0.884,0.885,8683.0
2022-12-17 12:35:00,1671280500.0,0.885,0.886,0.885,0.886,218.6
2022-12-17 12:36:00,1671280560.0,0.886,0.886,0.886,0.886,1863.5
2022-12-17 12:37:00,1671280620.0,0.886,0.887,0.886,0.887,5629.5
2022-12-17 12:38:00,1671280680.0,0.886,0.886,0.885,0.885,2734.3
2022-12-17 12:39:00,1671280740.0,0.885,0.886,0.885,0.886,584.4
2022-12-17 12:40:00,1671280800.0,0.885,0.885,0.885,0.885,3107.0
2022-12-17 12:41:00,1671280860.0,0.885,0.885,0.884,0.884,274.9
2022-12-17 12:42:00,1671280920.0,0.884,0.884,0.884,0.884,3242.4
2022-12-17 12:43:00,1671280980.0,0.883,0.883,0.881,0.882,11929.2
2022-12-17 12:44:00,1671281040.0,0.883,0.883,0.882,0.883,32493.3
2022-12-17 12:45:00,1671281100.0,0.884,0.884,0.883,0.883,2668.8
2022-12-17 12:46:00,1671281160.0,0.883,0.884,0.883,0.884,1205.4
2022-12-17 12:47:00,1671281220.0,0.883,0.883,0.883,0.883,1200.0
2022-12-17 12:48:00,1671281280.0,0.883,0.883,0.882,0.883,7709.8
2022-12-17 12:49:00,1671281340.0,0.882,0.884,0.882,0.884,2770.3
2022-12-17 12:50:00,1671281400.0,0.884,0.884,0.883,0.883,11864.8
2022-12-17 12:51:00,1671281460.0,0.882,0.883,0.882,0.883,485.4
2022-12-17 12:52:00,1671281520.0,0.883,0.883,0.883,0.883,11.3
2022-12-17 12:53:00,1671281580.0,0.882,0.883,0.882,0.883,2009.9
2022-12-17 12:54:00,1671281640.0,0.883,0.883,0.883,0.883,0.0
2022-12-17 12:55:00,1671281700.0,0.883,0.883,0.883,0.883,59.9
2022-12-17 12:56:00,1671281760.0,0.884,0.884,0.884,0.884,130.6
2022-12-17 12:57:00,1671281820.0,0.883,0.884,0.883,0.884,569.2
2022-12-17 12:58:00,1671281880.0,0.884,0.884,0.884,0.884,3115.9
2022-12-17 12:59:00,1671281940.0,0.884,0.884,0.883,0.883,2377.0
2022-12-17 13:00:00,1671282000.0,0.884,0.884,0.884,0.884,352.6
2022-12-17 13:01:00,1671282060.0,0.884,0.885,0.884,0.885,3636.2
2022-12-17 13:02:00,1671282120.0,0.884,0.885,0.884,0.884,2445.0
2022-12-17 13:03:00,1671282180.0,0.883,0.884,0.883,0.884,322.0
2022-12-17 13:04:00,1671282240.0,0.884,0.884,0.884,0.884,0.0
2022-12-17 13:05:00,1671282300.0,0.884,0.884,0.884,0.884,58.7
2022-12-17 13:06:00,1671282360.0,0.883,0.884,0.883,0.884,1949.8
2022-12-17 13:07:00,1671282420.0,0.884,0.884,0.883,0.883,4510.9
2022-12-17 13:08:00,1671282480.0,0.884,0.885,0.884,0.884,2307.5
2022-12-17 13:09:00,1671282540.0,0.884,0.884,0.884,0.884,0.0
2022-12-17 13:10:00,1671282600.0,0.884,0.884,0.884,0.884,0.0
2022-12-17 13:11:00,1671282660.0,0.884,0.884,0.884,0.884,500.0
2022-12-17 13:12:00,1671282720.0,0.885,0.885,0.885,0.885,149.9
2022-12-17 13:13:00,1671282780.0,0.885,0.885,0.885,0.885,102.6
2022-12-17 13:14:00,1671282840.0,0.885,0.885,0.885,0.885,56.4
2022-12-17 13:15:00,1671282900.0,0.885,0.885,0.884,0.884,57.0
2022-12-17 13:16:00,1671282960.0,0.885,0.885,0.885,0.885,1454.7
2022-12-17 13:17:00,1671283020.0,0.884,0.884,0.884,0.884,41.9
2022-12-17 13:18:00,1671283080.0,0.884,0.884,0.884,0.884,95.4
2022-12-17 13:19:00,1671283140.0,0.884,0.884,0.884,0.884,18.9
2022-12-17 13:20:00,1671283200.0,0.884,0.884,0.884,0.884,0.0
2022-12-17 13:21:00,1671283260.0,0.885,0.885,0.885,0.885,3578.8
2022-12-17 13:22:00,1671283320.0,0.884,0.884,0.883,0.884,6481.8
2022-12-17 13:23:00,1671283380.0,0.883,0.883,0.881,0.882,6558.0
2022-12-17 13:24:00,1671283440.0,0.881,0.882,0.881,0.882,1865.9
2022-12-17 13:25:00,1671283500.0,0.882,0.882,0.882,0.882,73.2
2022-12-17 13:26:00,1671283560.0,0.883,0.883,0.883,0.883,635.9
2022-12-17 13:27:00,1671283620.0,0.883,0.883,0.883,0.883,12583.5
2022-12-17 13:28:00,1671283680.0,0.882,0.883,0.882,0.883,1837.3
2022-12-17 13:29:00,1671283740.0,0.883,0.883,0.883,0.883,792.9
2022-12-17 13:30:00,1671283800.0,0.882,0.882,0.882,0.882,111.8
2022-12-17 13:31:00,1671283860.0,0.883,0.883,0.883,0.883,809.6
2022-12-17 13:32:00,1671283920.0,0.883,0.883,0.883,0.883,0.0
2022-12-17 13:33:00,1671283980.0,0.883,0.883,0.882,0.882,1377.6
2022-12-17 13:34:00,1671284040.0,0.882,0.882,0.882,0.882,0.0
2022-12-17 13:35:00,1671284100.0,0.881,0.883,0.881,0.882,5357.5
2022-12-17 13:36:00,1671284160.0,0.882,0.883,0.882,0.883,283.7
2022-12-17 13:37:00,1671284220.0,0.882,0.882,0.882,0.882,336.6
2022-12-17 13:38:00,1671284280.0,0.882,0.882,0.882,0.882,18.8
2022-12-17 13:39:00,1671284340.0,0.882,0.882,0.882,0.882,71.6
2022-12-17 13:40:00,1671284400.0,0.882,0.882,0.882,0.882,14.1
2022-12-17 13:41:00,1671284460.0,0.882,0.882,0.882,0.882,0.0
2022-12-17 13:42:00,1671284520.0,0.883,0.883,0.883,0.883,2811.0
2022-12-17 13:43:00,1671284580.0,0.883,0.883,0.883,0.883,0.0
2022-12-17 13:44:00,1671284640.0,0.883,0.883,0.883,0.883,0.0
2022-12-17 13:45:00,1671284700.0,0.884,0.884,0.884,0.884,1047.0
2022-12-17 13:46:00,1671284760.0,0.883,0.883,0.883,0.883,42.5
2022-12-17 13:47:00,1671284820.0,0.884,0.884,0.883,0.883,3088.5
2022-12-17 13:48:00,1671284880.0,0.883,0.883,0.883,0.883,0.0
2022-12-17 13:49:00,1671284940.0,0.882,0.882,0.881,0.881,15643.6
2022-12-17 13:50:00,1671285000.0,0.881,0.881,0.88,0.88,698.4
2022-12-17 13:51:00,1671285060.0,0.881,0.881,0.881,0.881,3285.5
2022-12-17 13:52:00,1671285120.0,0.881,0.882,0.881,0.882,581.4
2022-12-17 13:53:00,1671285180.0,0.881,0.881,0.881,0.881,141.2
2022-12-17 13:54:00,1671285240.0,0.881,0.882,0.881,0.882,11326.7
2022-12-17 13:55:00,1671285300.0,0.882,0.882,0.882,0.882,0.0
2022-12-17 13:56:00,1671285360.0,0.882,0.882,0.882,0.882,112.2
2022-12-17 13:57:00,1671285420.0,0.881,0.881,0.881,0.881,3473.6
2022-12-17 13:58:00,1671285480.0,0.88,0.881,0.878,0.88,36689.3
2022-12-17 13:59:00,1671285540.0,0.88,0.881,0.879,0.879,6574.8
2022-12-17 14:00:00,1671285600.0,0.88,0.88,0.88,0.88,9185.8
2022-12-17 14:01:00,1671285660.0,0.881,0.882,0.88,0.881,3753.2
2022-12-17 14:02:00,1671285720.0,0.882,0.882,0.882,0.882,12077.8
2022-12-17 14:03:00,1671285780.0,0.882,0.883,0.882,0.883,2127.9
2022-12-17 14:04:00,1671285840.0,0.883,0.883,0.883,0.883,7464.6
2022-12-17 14:05:00,1671285900.0,0.883,0.883,0.883,0.883,6012.4
2022-12-17 14:06:00,1671285960.0,0.884,0.884,0.884,0.884,15842.6
2022-12-17 14:07:00,1671286020.0,0.884,0.884,0.884,0.884,12152.1
2022-12-17 14:08:00,1671286080.0,0.885,0.885,0.885,0.885,22283.0
2022-12-17 14:09:00,1671286140.0,0.884,0.884,0.884,0.884,58.9
2022-12-17 14:10:00,1671286200.0,0.885,0.885,0.885,0.885,196.5
2022-12-17 14:11:00,1671286260.0,0.884,0.884,0.884,0.884,834.7
2022-12-17 14:12:00,1671286320.0,0.884,0.884,0.884,0.884,1305.7
2022-12-17 14:13:00,1671286380.0,0.884,0.884,0.884,0.884,3857.9
2022-12-17 14:14:00,1671286440.0,0.884,0.884,0.884,0.884,0.0
2022-12-17 14:15:00,1671286500.0,0.884,0.884,0.884,0.884,460.5
2022-12-17 14:16:00,1671286560.0,0.884,0.884,0.884,0.884,21.8
2022-12-17 14:17:00,1671286620.0,0.884,0.885,0.884,0.885,2628.4
2022-12-17 14:18:00,1671286680.0,0.884,0.885,0.884,0.885,2551.8
2022-12-17 14:19:00,1671286740.0,0.885,0.886,0.885,0.886,8429.0
2022-12-17 14:20:00,1671286800.0,0.885,0.886,0.885,0.886,8355.6
2022-12-17 14:21:00,1671286860.0,0.885,0.885,0.885,0.885,13.2
2022-12-17 14:22:00,1671286920.0,0.885,0.885,0.885,0.885,6324.5
2022-12-17 14:23:00,1671286980.0,0.884,0.885,0.884,0.884,8866.0
2022-12-17 14:24:00,1671287040.0,0.884,0.884,0.884,0.884,4944.2
2022-12-17 14:25:00,1671287100.0,0.884,0.885,0.883,0.885,5789.9
2022-12-17 14:26:00,1671287160.0,0.884,0.884,0.884,0.884,1022.8
2022-12-17 14:27:00,1671287220.0,0.884,0.885,0.883,0.884,3118.7
2022-12-17 14:28:00,1671287280.0,0.884,0.885,0.884,0.884,2776.6
2022-12-17 14:29:00,1671287340.0,0.883,0.884,0.883,0.884,882.1
2022-12-17 14:30:00,1671287400.0,0.884,0.885,0.884,0.884,1403.6
2022-12-17 14:31:00,1671287460.0,0.885,0.885,0.883,0.883,1003.8
2022-12-17 14:32:00,1671287520.0,0.883,0.883,0.883,0.883,0.0
2022-12-17 14:33:00,1671287580.0,0.883,0.884,0.883,0.883,552.6
2022-12-17 14:34:00,1671287640.0,0.883,0.883,0.883,0.883,13.5
2022-12-17 14:35:00,1671287700.0,0.884,0.884,0.883,0.883,26.3
2022-12-17 14:36:00,1671287760.0,0.883,0.883,0.883,0.883,177.4
2022-12-17 14:37:00,1671287820.0,0.883,0.883,0.883,0.883,0.0
2022-12-17 14:38:00,1671287880.0,0.883,0.884,0.883,0.884,3926.1
2022-12-17 14:39:00,1671287940.0,0.884,0.884,0.884,0.884,8542.6
2022-12-17 14:40:00,1671288000.0,0.883,0.884,0.883,0.884,57.5
2022-12-17 14:41:00,1671288060.0,0.883,0.883,0.883,0.883,44.6
2022-12-17 14:42:00,1671288120.0,0.884,0.884,0.884,0.884,44.1
2022-12-17 14:43:00,1671288180.0,0.883,0.883,0.883,0.883,179.0
2022-12-17 14:44:00,1671288240.0,0.884,0.884,0.884,0.884,112.9
2022-12-17 14:45:00,1671288300.0,0.884,0.885,0.884,0.885,2709.0
2022-12-17 14:46:00,1671288360.0,0.884,0.886,0.884,0.885,6549.9
2022-12-17 14:47:00,1671288420.0,0.885,0.885,0.885,0.885,0.0
2022-12-17 14:48:00,1671288480.0,0.886,0.886,0.886,0.886,57.4
2022-12-17 14:49:00,1671288540.0,0.886,0.886,0.885,0.885,3869.6
2022-12-17 14:50:00,1671288600.0,0.885,0.885,0.884,0.884,2779.0
2022-12-17 14:51:00,1671288660.0,0.884,0.884,0.884,0.884,61.0
2022-12-17 14:52:00,1671288720.0,0.884,0.884,0.884,0.884,100.0
2022-12-17 14:53:00,1671288780.0,0.884,0.884,0.884,0.884,0.0
2022-12-17 14:54:00,1671288840.0,0.883,0.883,0.883,0.883,8502.9
2022-12-17 14:55:00,1671288900.0,0.883,0.884,0.883,0.883,2288.8
2022-12-17 14:56:00,1671288960.0,0.882,0.882,0.882,0.882,428.1
2022-12-17 14:57:00,1671289020.0,0.883,0.883,0.883,0.883,1771.5
2022-12-17 14:58:00,1671289080.0,0.883,0.883,0.883,0.883,0.0
2022-12-17 14:59:00,1671289140.0,0.883,0.883,0.882,0.882,8237.4
2022-12-17 15:00:00,1671289200.0,0.883,0.884,0.883,0.884,9825.2
2022-12-17 15:01:00,1671289260.0,0.883,0.883,0.882,0.882,4867.1
2022-12-17 15:02:00,1671289320.0,0.883,0.883,0.883,0.883,34.4
2022-12-17 15:03:00,1671289380.0,0.883,0.884,0.883,0.883,3262.8
2022-12-17 15:04:00,1671289440.0,0.883,0.883,0.883,0.883,6563.2
2022-12-17 15:05:00,1671289500.0,0.883,0.883,0.883,0.883,1501.4
2022-12-17 15:06:00,1671289560.0,0.883,0.884,0.883,0.883,2820.6
2022-12-17 15:07:00,1671289620.0,0.883,0.883,0.883,0.883,2476.9
2022-12-17 15:08:00,1671289680.0,0.883,0.884,0.883,0.884,3524.1
2022-12-17 15:09:00,1671289740.0,0.883,0.884,0.883,0.884,1093.3
2022-12-17 15:10:00,1671289800.0,0.884,0.884,0.883,0.883,1410.8
2022-12-17 15:11:00,1671289860.0,0.882,0.883,0.882,0.883,5845.2
2022-12-17 15:12:00,1671289920.0,0.882,0.882,0.882,0.882,1755.4
2022-12-17 15:13:00,1671289980.0,0.882,0.882,0.881,0.882,985.9
2022-12-17 15:14:00,1671290040.0,0.883,0.883,0.883,0.883,160.8
2022-12-17 15:15:00,1671290100.0,0.883,0.883,0.883,0.883,219.5
2022-12-17 15:16:00,1671290160.0,0.883,0.884,0.883,0.884,2372.9
2022-12-17 15:17:00,1671290220.0,0.884,0.884,0.883,0.883,1264.8
2022-12-17 15:18:00,1671290280.0,0.883,0.884,0.883,0.884,1248.1
2022-12-17 15:19:00,1671290340.0,0.884,0.884,0.883,0.883,140.9
2022-12-17 15:20:00,1671290400.0,0.883,0.883,0.883,0.883,1813.6
2022-12-17 15:21:00,1671290460.0,0.882,0.884,0.882,0.884,5784.5
2022-12-17 15:22:00,1671290520.0,0.884,0.884,0.884,0.884,195.6
2022-12-17 15:23:00,1671290580.0,0.884,0.884,0.883,0.884,179.5
2022-12-17 15:24:00,1671290640.0,0.884,0.884,0.884,0.884,2493.4
2022-12-17 15:25:00,1671290700.0,0.885,0.885,0.884,0.885,215.1
2022-12-17 15:26:00,1671290760.0,0.885,0.885,0.884,0.884,4844.8
2022-12-17 15:27:00,1671290820.0,0.885,0.885,0.884,0.885,2796.4
2022-12-17 15:28:00,1671290880.0,0.885,0.885,0.885,0.885,186.9
2022-12-17 15:29:00,1671290940.0,0.885,0.886,0.885,0.886,6786.6
2022-12-17 15:30:00,1671291000.0,0.885,0.886,0.885,0.886,447.7
2022-12-17 15:31:00,1671291060.0,0.886,0.886,0.885,0.886,174.8
2022-12-17 15:32:00,1671291120.0,0.886,0.887,0.886,0.886,3602.9
2022-12-17 15:33:00,1671291180.0,0.886,0.888,0.886,0.888,6263.2
2022-12-17 15:34:00,1671291240.0,0.888,0.888,0.887,0.887,11658.8
2022-12-17 15:35:00,1671291300.0,0.887,0.887,0.887,0.887,6697.6
2022-12-17 15:36:00,1671291360.0,0.886,0.887,0.886,0.887,658.6
2022-12-17 15:37:00,1671291420.0,0.887,0.888,0.887,0.888,270.8
2022-12-17 15:38:00,1671291480.0,0.887,0.888,0.887,0.887,2562.5
2022-12-17 15:39:00,1671291540.0,0.888,0.888,0.887,0.887,3520.0
2022-12-17 15:40:00,1671291600.0,0.887,0.888,0.887,0.888,463.7
2022-12-17 15:41:00,1671291660.0,0.887,0.887,0.887,0.887,5852.2
2022-12-17 15:42:00,1671291720.0,0.887,0.888,0.887,0.888,1858.0
2022-12-17 15:43:00,1671291780.0,0.887,0.888,0.887,0.888,118.0
2022-12-17 15:44:00,1671291840.0,0.888,0.888,0.888,0.888,6031.4
2022-12-17 15:45:00,1671291900.0,0.888,0.888,0.888,0.888,387.2
2022-12-17 15:46:00,1671291960.0,0.887,0.888,0.887,0.888,1098.0
2022-12-17 15:47:00,1671292020.0,0.888,0.888,0.887,0.887,4538.9
2022-12-17 15:48:00,1671292080.0,0.887,0.887,0.886,0.887,1826.2
2022-12-17 15:49:00,1671292140.0,0.887,0.887,0.887,0.887,204.3
2022-12-17 15:50:00,1671292200.0,0.886,0.887,0.886,0.887,165.8
2022-12-17 15:51:00,1671292260.0,0.887,0.887,0.887,0.887,78.2
2022-12-17 15:52:00,1671292320.0,0.887,0.887,0.886,0.886,247.5
2022-12-17 15:53:00,1671292380.0,0.887,0.887,0.887,0.887,63.1
2022-12-17 15:54:00,1671292440.0,0.887,0.888,0.887,0.888,1684.7
2022-12-17 15:55:00,1671292500.0,0.887,0.887,0.887,0.887,3325.0
2022-12-17 15:56:00,1671292560.0,0.887,0.887,0.886,0.886,3838.3
2022-12-17 15:57:00,1671292620.0,0.886,0.886,0.886,0.886,656.7
2022-12-17 15:58:00,1671292680.0,0.886,0.886,0.886,0.886,623.4
2022-12-17 15:59:00,1671292740.0,0.886,0.886,0.886,0.886,187.9
2022-12-17 16:00:00,1671292800.0,0.887,0.887,0.886,0.886,3596.6
2022-12-17 16:01:00,1671292860.0,0.885,0.885,0.885,0.885,13.4
2022-12-17 16:02:00,1671292920.0,0.886,0.886,0.886,0.886,9120.6
2022-12-17 16:03:00,1671292980.0,0.886,0.886,0.886,0.886,12315.7
2022-12-17 16:04:00,1671293040.0,0.886,0.886,0.886,0.886,0.0
2022-12-17 16:05:00,1671293100.0,0.886,0.886,0.886,0.886,62.8
2022-12-17 16:06:00,1671293160.0,0.886,0.886,0.886,0.886,0.0
2022-12-17 16:07:00,1671293220.0,0.885,0.885,0.885,0.885,96.2
2022-12-17 16:08:00,1671293280.0,0.885,0.885,0.885,0.885,41.4
2022-12-17 16:09:00,1671293340.0,0.886,0.886,0.885,0.885,607.3
2022-12-17 16:10:00,1671293400.0,0.886,0.886,0.886,0.886,610.4
2022-12-17 16:11:00,1671293460.0,0.886,0.886,0.886,0.886,133.0
2022-12-17 16:12:00,1671293520.0,0.886,0.886,0.886,0.886,111.4
2022-12-17 16:13:00,1671293580.0,0.886,0.886,0.886,0.886,50.5
2022-12-17 16:14:00,1671293640.0,0.885,0.886,0.885,0.886,10081.5
2022-12-17 16:15:00,1671293700.0,0.886,0.886,0.886,0.886,11.4
2022-12-17 16:16:00,1671293760.0,0.885,0.885,0.885,0.885,615.8
2022-12-17 16:17:00,1671293820.0,0.885,0.886,0.885,0.886,5367.9
2022-12-17 16:18:00,1671293880.0,0.886,0.886,0.886,0.886,70.5
2022-12-17 16:19:00,1671293940.0,0.885,0.885,0.885,0.885,5810.0
2022-12-17 16:20:00,1671294000.0,0.885,0.885,0.885,0.885,3363.3
2022-12-17 16:21:00,1671294060.0,0.885,0.885,0.885,0.885,12.2
2022-12-17 16:22:00,1671294120.0,0.886,0.886,0.886,0.886,175.0
2022-12-17 16:23:00,1671294180.0,0.886,0.886,0.886,0.886,0.0
2022-12-17 16:24:00,1671294240.0,0.886,0.886,0.886,0.886,1140.3
2022-12-17 16:25:00,1671294300.0,0.886,0.886,0.886,0.886,0.0
2022-12-17 16:26:00,1671294360.0,0.886,0.886,0.886,0.886,627.6
2022-12-17 16:27:00,1671294420.0,0.886,0.886,0.886,0.886,0.0
2022-12-17 16:28:00,1671294480.0,0.885,0.885,0.885,0.885,7798.1
2022-12-17 16:29:00,1671294540.0,0.885,0.885,0.884,0.885,18949.0
2022-12-17 16:30:00,1671294600.0,0.885,0.885,0.885,0.885,1928.1
2022-12-17 16:31:00,1671294660.0,0.884,0.884,0.883,0.884,14094.3
2022-12-17 16:32:00,1671294720.0,0.883,0.884,0.883,0.883,3678.8
2022-12-17 16:33:00,1671294780.0,0.884,0.884,0.883,0.884,5736.1
2022-12-17 16:34:00,1671294840.0,0.883,0.884,0.883,0.884,3267.3
2022-12-17 16:35:00,1671294900.0,0.884,0.885,0.884,0.884,419.5
2022-12-17 16:36:00,1671294960.0,0.884,0.885,0.884,0.885,6839.9
2022-12-17 16:37:00,1671295020.0,0.885,0.885,0.885,0.885,90.7
2022-12-17 16:38:00,1671295080.0,0.885,0.885,0.884,0.885,2760.7
2022-12-17 16:39:00,1671295140.0,0.885,0.885,0.885,0.885,4012.0
2022-12-17 16:40:00,1671295200.0,0.885,0.885,0.884,0.884,3893.0
2022-12-17 16:41:00,1671295260.0,0.883,0.883,0.883,0.883,1864.8
2022-12-17 16:42:00,1671295320.0,0.883,0.883,0.883,0.883,11714.9
2022-12-17 16:43:00,1671295380.0,0.884,0.884,0.884,0.884,11.6
2022-12-17 16:44:00,1671295440.0,0.883,0.883,0.882,0.882,2916.2
2022-12-17 16:45:00,1671295500.0,0.883,0.883,0.883,0.883,17482.8
2022-12-17 16:46:00,1671295560.0,0.884,0.884,0.883,0.883,6739.3
2022-12-17 16:47:00,1671295620.0,0.884,0.884,0.884,0.884,12.7
2022-12-17 16:48:00,1671295680.0,0.884,0.884,0.883,0.883,685.5
2022-12-17 16:49:00,1671295740.0,0.883,0.883,0.882,0.883,3612.5
2022-12-17 16:50:00,1671295800.0,0.883,0.884,0.883,0.884,85.1
2022-12-17 16:51:00,1671295860.0,0.884,0.884,0.884,0.884,0.0
2022-12-17 16:52:00,1671295920.0,0.884,0.884,0.884,0.884,0.0
2022-12-17 16:53:00,1671295980.0,0.883,0.883,0.883,0.883,983.7
2022-12-17 16:54:00,1671296040.0,0.884,0.884,0.884,0.884,6949.1
2022-12-17 16:55:00,1671296100.0,0.885,0.885,0.885,0.885,222.5
2022-12-17 16:56:00,1671296160.0,0.885,0.885,0.885,0.885,20.8
2022-12-17 16:57:00,1671296220.0,0.885,0.885,0.885,0.885,20.7
2022-12-17 16:58:00,1671296280.0,0.885,0.885,0.885,0.885,111.1
2022-12-17 16:59:00,1671296340.0,0.884,0.885,0.883,0.885,1983.7
2022-12-17 17:00:00,1671296400.0,0.885,0.885,0.884,0.884,103.9
2022-12-17 17:01:00,1671296460.0,0.884,0.884,0.884,0.884,2863.6
2022-12-17 17:02:00,1671296520.0,0.884,0.884,0.884,0.884,4720.6
2022-12-17 17:03:00,1671296580.0,0.884,0.884,0.884,0.884,0.0
2022-12-17 17:04:00,1671296640.0,0.883,0.883,0.882,0.883,22605.3
2022-12-17 17:05:00,1671296700.0,0.882,0.883,0.882,0.883,25.9
2022-12-17 17:06:00,1671296760.0,0.882,0.882,0.882,0.882,25.0
2022-12-17 17:07:00,1671296820.0,0.883,0.884,0.883,0.884,5566.1
2022-12-17 17:08:00,1671296880.0,0.884,0.884,0.884,0.884,0.0
2022-12-17 17:09:00,1671296940.0,0.884,0.884,0.883,0.884,378.0
2022-12-17 17:10:00,1671297000.0,0.884,0.884,0.883,0.883,7609.1
2022-12-17 17:11:00,1671297060.0,0.883,0.883,0.883,0.883,131.8
2022-12-17 17:12:00,1671297120.0,0.883,0.883,0.882,0.882,2283.7
2022-12-17 17:13:00,1671297180.0,0.882,0.882,0.882,0.882,43.9
2022-12-17 17:14:00,1671297240.0,0.882,0.882,0.881,0.881,12213.7
2022-12-17 17:15:00,1671297300.0,0.882,0.882,0.882,0.882,7400.0
2022-12-17 17:16:00,1671297360.0,0.882,0.882,0.882,0.882,2416.4
2022-12-17 17:17:00,1671297420.0,0.882,0.882,0.882,0.882,11.5
2022-12-17 17:18:00,1671297480.0,0.882,0.882,0.882,0.882,0.0
2022-12-17 17:19:00,1671297540.0,0.882,0.882,0.882,0.882,1033.0
2022-12-17 17:20:00,1671297600.0,0.882,0.882,0.882,0.882,1012.1
2022-12-17 17:21:00,1671297660.0,0.883,0.883,0.883,0.883,41.4
2022-12-17 17:22:00,1671297720.0,0.882,0.882,0.88,0.881,57474.3
2022-12-17 17:23:00,1671297780.0,0.882,0.882,0.882,0.882,420.6
2022-12-17 17:24:00,1671297840.0,0.881,0.882,0.881,0.881,1464.8
2022-12-17 17:25:00,1671297900.0,0.882,0.882,0.881,0.881,20176.0
2022-12-17 17:26:00,1671297960.0,0.881,0.881,0.88,0.88,1823.7
2022-12-17 17:27:00,1671298020.0,0.88,0.881,0.88,0.881,8653.9
2022-12-17 17:28:00,1671298080.0,0.881,0.882,0.881,0.882,8355.3
2022-12-17 17:29:00,1671298140.0,0.882,0.882,0.881,0.882,1212.9
2022-12-17 17:30:00,1671298200.0,0.882,0.882,0.881,0.882,3143.8
2022-12-17 17:31:00,1671298260.0,0.882,0.882,0.88,0.882,5494.3
2022-12-17 17:32:00,1671298320.0,0.881,0.882,0.881,0.882,744.5
2022-12-17 17:33:00,1671298380.0,0.881,0.882,0.881,0.881,740.2
2022-12-17 17:34:00,1671298440.0,0.882,0.882,0.881,0.881,1529.3
2022-12-17 17:35:00,1671298500.0,0.882,0.882,0.882,0.882,289.9
2022-12-17 17:36:00,1671298560.0,0.881,0.882,0.881,0.882,2175.2
2022-12-17 17:37:00,1671298620.0,0.882,0.883,0.881,0.881,23517.3
2022-12-17 17:38:00,1671298680.0,0.88,0.88,0.878,0.879,33899.1
2022-12-17 17:39:00,1671298740.0,0.879,0.881,0.879,0.88,6109.1
2022-12-17 17:40:00,1671298800.0,0.88,0.88,0.88,0.88,53.5
2022-12-17 17:41:00,1671298860.0,0.88,0.88,0.879,0.879,12726.6
2022-12-17 17:42:00,1671298920.0,0.879,0.879,0.878,0.879,5778.3
2022-12-17 17:43:00,1671298980.0,0.88,0.88,0.88,0.88,5376.3
2022-12-17 17:44:00,1671299040.0,0.881,0.882,0.881,0.882,6768.3
2022-12-17 17:45:00,1671299100.0,0.881,0.881,0.88,0.88,7360.5
2022-12-17 17:46:00,1671299160.0,0.88,0.881,0.88,0.881,7772.0
2022-12-17 17:47:00,1671299220.0,0.881,0.883,0.881,0.882,5713.0
2022-12-17 17:48:00,1671299280.0,0.881,0.882,0.881,0.882,1793.2
2022-12-17 17:49:00,1671299340.0,0.882,0.882,0.882,0.882,1841.2
2022-12-17 17:50:00,1671299400.0,0.882,0.883,0.882,0.882,786.1
2022-12-17 17:51:00,1671299460.0,0.882,0.882,0.882,0.882,1501.0
2022-12-17 17:52:00,1671299520.0,0.882,0.882,0.882,0.882,440.7
2022-12-17 17:53:00,1671299580.0,0.882,0.882,0.882,0.882,390.1
2022-12-17 17:54:00,1671299640.0,0.882,0.883,0.882,0.883,1886.8
2022-12-17 17:55:00,1671299700.0,0.882,0.882,0.882,0.882,1177.4
2022-12-17 17:56:00,1671299760.0,0.882,0.882,0.882,0.882,132.8
2022-12-17 17:57:00,1671299820.0,0.882,0.882,0.882,0.882,48.6
2022-12-17 17:58:00,1671299880.0,0.882,0.882,0.882,0.882,110.4
2022-12-17 17:59:00,1671299940.0,0.881,0.881,0.881,0.881,2600.9
2022-12-17 18:00:00,1671300000.0,0.881,0.881,0.88,0.881,2099.4
2022-12-17 18:01:00,1671300060.0,0.881,0.881,0.88,0.881,2055.2
2022-12-17 18:02:00,1671300120.0,0.881,0.881,0.88,0.88,1369.8
2022-12-17 18:03:00,1671300180.0,0.88,0.88,0.879,0.88,2572.8
2022-12-17 18:04:00,1671300240.0,0.881,0.881,0.879,0.88,1715.6
2022-12-17 18:05:00,1671300300.0,0.88,0.881,0.88,0.881,3359.1
2022-12-17 18:06:00,1671300360.0,0.881,0.881,0.88,0.881,1425.0
2022-12-17 18:07:00,1671300420.0,0.881,0.881,0.88,0.881,1766.5
2022-12-17 18:08:00,1671300480.0,0.881,0.881,0.88,0.881,662.7
2022-12-17 18:09:00,1671300540.0,0.881,0.881,0.88,0.881,4991.5
2022-12-17 18:10:00,1671300600.0,0.881,0.881,0.88,0.881,387.6
2022-12-17 18:11:00,1671300660.0,0.881,0.881,0.88,0.88,190.7
2022-12-17 18:12:00,1671300720.0,0.881,0.881,0.88,0.881,402.9
2022-12-17 18:13:00,1671300780.0,0.881,0.882,0.881,0.882,3401.1
2022-12-17 18:14:00,1671300840.0,0.881,0.882,0.881,0.882,286.4
2022-12-17 18:15:00,1671300900.0,0.882,0.882,0.881,0.882,1410.3
2022-12-17 18:16:00,1671300960.0,0.882,0.882,0.881,0.882,207.8
2022-12-17 18:17:00,1671301020.0,0.882,0.882,0.881,0.882,240.3
2022-12-17 18:18:00,1671301080.0,0.881,0.881,0.881,0.881,190.9
2022-12-17 18:19:00,1671301140.0,0.881,0.881,0.881,0.881,72.6
2022-12-17 18:20:00,1671301200.0,0.881,0.881,0.881,0.881,140.9
2022-12-17 18:21:00,1671301260.0,0.881,0.881,0.881,0.881,25.6
2022-12-17 18:22:00,1671301320.0,0.882,0.883,0.882,0.882,1259.6
2022-12-17 18:23:00,1671301380.0,0.882,0.882,0.882,0.882,580.7
2022-12-17 18:24:00,1671301440.0,0.882,0.882,0.882,0.882,96.5
2022-12-17 18:25:00,1671301500.0,0.882,0.883,0.882,0.882,97.7
2022-12-17 18:26:00,1671301560.0,0.883,0.883,0.882,0.883,1296.8
2022-12-17 18:27:00,1671301620.0,0.883,0.883,0.882,0.882,1107.5
2022-12-17 18:28:00,1671301680.0,0.882,0.883,0.88,0.883,31986.7
2022-12-17 18:29:00,1671301740.0,0.882,0.883,0.882,0.882,939.1
2022-12-17 18:30:00,1671301800.0,0.882,0.882,0.881,0.882,311.3
2022-12-17 18:31:00,1671301860.0,0.882,0.882,0.881,0.882,180.8
2022-12-17 18:32:00,1671301920.0,0.882,0.882,0.881,0.881,1171.4
2022-12-17 18:33:00,1671301980.0,0.882,0.882,0.881,0.882,332.7
2022-12-17 18:34:00,1671302040.0,0.882,0.882,0.881,0.882,516.4
2022-12-17 18:35:00,1671302100.0,0.882,0.883,0.882,0.882,1752.3
2022-12-17 18:36:00,1671302160.0,0.882,0.883,0.882,0.882,847.9
2022-12-17 18:37:00,1671302220.0,0.883,0.883,0.882,0.882,1264.0
2022-12-17 18:38:00,1671302280.0,0.882,0.882,0.882,0.882,153.4
2022-12-17 18:39:00,1671302340.0,0.882,0.883,0.882,0.883,1179.3
2022-12-17 18:40:00,1671302400.0,0.882,0.884,0.882,0.884,1838.8
2022-12-17 18:41:00,1671302460.0,0.883,0.884,0.883,0.883,12102.8
2022-12-17 18:42:00,1671302520.0,0.882,0.882,0.882,0.882,95.2
2022-12-17 18:43:00,1671302580.0,0.882,0.883,0.882,0.883,1200.8
2022-12-17 18:44:00,1671302640.0,0.882,0.882,0.882,0.882,482.5
2022-12-17 18:45:00,1671302700.0,0.882,0.882,0.881,0.881,3244.3
2022-12-17 18:46:00,1671302760.0,0.881,0.881,0.881,0.881,28.2
2022-12-17 18:47:00,1671302820.0,0.881,0.881,0.881,0.881,36.3
2022-12-17 18:48:00,1671302880.0,0.881,0.882,0.881,0.882,2384.4
2022-12-17 18:49:00,1671302940.0,0.882,0.882,0.882,0.882,116.6
2022-12-17 18:50:00,1671303000.0,0.882,0.882,0.882,0.882,167.3
2022-12-17 18:51:00,1671303060.0,0.882,0.882,0.882,0.882,48.8
2022-12-17 18:52:00,1671303120.0,0.882,0.882,0.882,0.882,2152.8
2022-12-17 18:53:00,1671303180.0,0.881,0.881,0.881,0.881,110.1
2022-12-17 18:54:00,1671303240.0,0.881,0.881,0.881,0.881,12.3
2022-12-17 18:55:00,1671303300.0,0.882,0.883,0.882,0.883,2960.0
2022-12-17 18:56:00,1671303360.0,0.882,0.882,0.882,0.882,24.2
2022-12-17 18:57:00,1671303420.0,0.882,0.882,0.882,0.882,20.5
2022-12-17 18:58:00,1671303480.0,0.882,0.882,0.882,0.882,1084.6
2022-12-17 18:59:00,1671303540.0,0.881,0.881,0.881,0.881,38.0
2022-12-17 19:00:00,1671303600.0,0.881,0.882,0.88,0.88,3449.3
2022-12-17 19:01:00,1671303660.0,0.88,0.88,0.88,0.88,35.0
2022-12-17 19:02:00,1671303720.0,0.88,0.88,0.88,0.88,11.6
2022-12-17 19:03:00,1671303780.0,0.88,0.881,0.88,0.88,280.4
2022-12-17 19:04:00,1671303840.0,0.881,0.882,0.881,0.881,5095.2
2022-12-17 19:05:00,1671303900.0,0.881,0.881,0.881,0.881,389.9
2022-12-17 19:06:00,1671303960.0,0.881,0.881,0.88,0.88,58.7
2022-12-17 19:07:00,1671304020.0,0.881,0.883,0.881,0.883,12891.3
2022-12-17 19:08:00,1671304080.0,0.883,0.883,0.882,0.882,2792.6
2022-12-17 19:09:00,1671304140.0,0.882,0.883,0.881,0.881,1707.4
2022-12-17 19:10:00,1671304200.0,0.881,0.881,0.881,0.881,91.1
2022-12-17 19:11:00,1671304260.0,0.881,0.881,0.881,0.881,60.5
2022-12-17 19:12:00,1671304320.0,0.882,0.883,0.882,0.883,1365.2
2022-12-17 19:13:00,1671304380.0,0.882,0.882,0.882,0.882,66.6
2022-12-17 19:14:00,1671304440.0,0.882,0.882,0.882,0.882,155.0
2022-12-17 19:15:00,1671304500.0,0.882,0.882,0.882,0.882,108.4
2022-12-17 19:16:00,1671304560.0,0.882,0.882,0.882,0.882,113.2
2022-12-17 19:17:00,1671304620.0,0.883,0.883,0.881,0.881,1541.7
2022-12-17 19:18:00,1671304680.0,0.881,0.881,0.881,0.881,317.4
2022-12-17 19:19:00,1671304740.0,0.881,0.881,0.881,0.881,244.3
2022-12-17 19:20:00,1671304800.0,0.881,0.882,0.881,0.881,1318.1
2022-12-17 19:21:00,1671304860.0,0.881,0.881,0.881,0.881,132.0
2022-12-17 19:22:00,1671304920.0,0.881,0.882,0.881,0.881,363.3
2022-12-17 19:23:00,1671304980.0,0.881,0.881,0.881,0.881,175.4
2022-12-17 19:24:00,1671305040.0,0.881,0.881,0.88,0.88,3233.4
2022-12-17 19:25:00,1671305100.0,0.88,0.88,0.88,0.88,2098.6
2022-12-17 19:26:00,1671305160.0,0.88,0.881,0.88,0.88,158.1
2022-12-17 19:27:00,1671305220.0,0.88,0.88,0.88,0.88,789.2
2022-12-17 19:28:00,1671305280.0,0.88,0.881,0.88,0.881,4499.7
2022-12-17 19:29:00,1671305340.0,0.881,0.881,0.881,0.881,77.0
2022-12-17 19:30:00,1671305400.0,0.881,0.881,0.881,0.881,153.4
2022-12-17 19:31:00,1671305460.0,0.881,0.882,0.881,0.881,3033.2
2022-12-17 19:32:00,1671305520.0,0.88,0.88,0.879,0.879,3317.2
2022-12-17 19:33:00,1671305580.0,0.879,0.88,0.879,0.879,125.7
2022-12-17 19:34:00,1671305640.0,0.88,0.881,0.879,0.88,11944.9
2022-12-17 19:35:00,1671305700.0,0.879,0.88,0.879,0.88,849.2
2022-12-17 19:36:00,1671305760.0,0.88,0.88,0.879,0.879,2345.0
2022-12-17 19:37:00,1671305820.0,0.879,0.88,0.879,0.88,3989.9
2022-12-17 19:38:00,1671305880.0,0.881,0.881,0.88,0.88,111.6
2022-12-17 19:39:00,1671305940.0,0.88,0.88,0.88,0.88,49.1
2022-12-17 19:40:00,1671306000.0,0.88,0.88,0.88,0.88,142.6
2022-12-17 19:41:00,1671306060.0,0.88,0.88,0.88,0.88,23.0
2022-12-17 19:42:00,1671306120.0,0.88,0.88,0.88,0.88,1714.5
2022-12-17 19:43:00,1671306180.0,0.88,0.88,0.88,0.88,1186.9
2022-12-17 19:44:00,1671306240.0,0.88,0.88,0.879,0.879,6198.6
2022-12-17 19:45:00,1671306300.0,0.879,0.88,0.879,0.879,1855.1
2022-12-17 19:46:00,1671306360.0,0.88,0.88,0.879,0.879,3054.0
2022-12-17 19:47:00,1671306420.0,0.879,0.88,0.879,0.879,6089.4
2022-12-17 19:48:00,1671306480.0,0.879,0.88,0.879,0.879,3527.6
2022-12-17 19:49:00,1671306540.0,0.879,0.879,0.878,0.878,1156.0
2022-12-17 19:50:00,1671306600.0,0.879,0.88,0.878,0.879,9253.5
2022-12-17 19:51:00,1671306660.0,0.879,0.879,0.878,0.878,3192.3
2022-12-17 19:52:00,1671306720.0,0.879,0.879,0.878,0.879,3831.9
2022-12-17 19:53:00,1671306780.0,0.878,0.878,0.878,0.878,350.6
2022-12-17 19:54:00,1671306840.0,0.879,0.879,0.878,0.879,3596.3
2022-12-17 19:55:00,1671306900.0,0.879,0.88,0.878,0.879,5875.5
2022-12-17 19:56:00,1671306960.0,0.879,0.879,0.879,0.879,34.3
2022-12-17 19:57:00,1671307020.0,0.879,0.879,0.879,0.879,40.8
2022-12-17 19:58:00,1671307080.0,0.879,0.879,0.879,0.879,2590.1
2022-12-17 19:59:00,1671307140.0,0.879,0.879,0.879,0.879,2294.4
2022-12-17 20:00:00,1671307200.0,0.88,0.88,0.879,0.879,3627.4
2022-12-17 20:01:00,1671307260.0,0.879,0.879,0.879,0.879,1146.4
2022-12-17 20:02:00,1671307320.0,0.878,0.878,0.878,0.878,131.5
2022-12-17 20:03:00,1671307380.0,0.879,0.879,0.879,0.879,81.2
2022-12-17 20:04:00,1671307440.0,0.879,0.88,0.879,0.88,4045.9
2022-12-17 20:05:00,1671307500.0,0.879,0.88,0.879,0.879,1972.0
2022-12-17 20:06:00,1671307560.0,0.879,0.879,0.879,0.879,0.0
2022-12-17 20:07:00,1671307620.0,0.879,0.879,0.879,0.879,0.0
2022-12-17 20:08:00,1671307680.0,0.88,0.88,0.88,0.88,805.6
2022-12-17 20:09:00,1671307740.0,0.881,0.882,0.881,0.882,7530.2
2022-12-17 20:10:00,1671307800.0,0.882,0.882,0.881,0.882,879.7
2022-12-17 20:11:00,1671307860.0,0.882,0.882,0.881,0.881,2684.1
2022-12-17 20:12:00,1671307920.0,0.881,0.882,0.88,0.882,5621.8
2022-12-17 20:13:00,1671307980.0,0.882,0.883,0.882,0.882,5116.1
2022-12-17 20:14:00,1671308040.0,0.882,0.883,0.882,0.883,2939.6
2022-12-17 20:15:00,1671308100.0,0.883,0.883,0.882,0.883,2028.8
2022-12-17 20:16:00,1671308160.0,0.883,0.883,0.883,0.883,13372.6
2022-12-17 20:17:00,1671308220.0,0.884,0.884,0.884,0.884,2239.4
2022-12-17 20:18:00,1671308280.0,0.884,0.884,0.882,0.882,4119.0
2022-12-17 20:19:00,1671308340.0,0.882,0.882,0.879,0.88,27182.1
2022-12-17 20:20:00,1671308400.0,0.88,0.88,0.879,0.879,2404.6
2022-12-17 20:21:00,1671308460.0,0.879,0.879,0.879,0.879,0.0
2022-12-17 20:22:00,1671308520.0,0.879,0.879,0.879,0.879,0.0
2022-12-17 20:23:00,1671308580.0,0.88,0.88,0.88,0.88,335.7
2022-12-17 20:24:00,1671308640.0,0.88,0.88,0.88,0.88,0.0
2022-12-17 20:25:00,1671308700.0,0.88,0.88,0.879,0.879,1846.4
2022-12-17 20:26:00,1671308760.0,0.879,0.879,0.879,0.879,0.0
2022-12-17 20:27:00,1671308820.0,0.879,0.879,0.879,0.879,0.0
2022-12-17 20:28:00,1671308880.0,0.879,0.879,0.879,0.879,0.0
2022-12-17 20:29:00,1671308940.0,0.879,0.879,0.879,0.879,100.0
2022-12-17 20:30:00,1671309000.0,0.88,0.88,0.88,0.88,28.4
2022-12-17 20:31:00,1671309060.0,0.88,0.88,0.88,0.88,113.6
2022-12-17 20:32:00,1671309120.0,0.879,0.879,0.879,0.879,113.6
2022-12-17 20:33:00,1671309180.0,0.88,0.88,0.88,0.88,4806.5
2022-12-17 20:34:00,1671309240.0,0.881,0.881,0.881,0.881,1566.7
2022-12-17 20:35:00,1671309300.0,0.881,0.881,0.881,0.881,700.6
2022-12-17 20:36:00,1671309360.0,0.881,0.881,0.881,0.881,34.1
2022-12-17 20:37:00,1671309420.0,0.88,0.88,0.88,0.88,737.0
2022-12-17 20:38:00,1671309480.0,0.88,0.88,0.88,0.88,20.4
2022-12-17 20:39:00,1671309540.0,0.88,0.88,0.88,0.88,15.8
2022-12-17 20:40:00,1671309600.0,0.88,0.88,0.88,0.88,0.0
2022-12-17 20:41:00,1671309660.0,0.881,0.881,0.881,0.881,159.2
2022-12-17 20:42:00,1671309720.0,0.881,0.881,0.881,0.881,0.0
2022-12-17 20:43:00,1671309780.0,0.881,0.881,0.881,0.881,1224.3
2022-12-17 20:44:00,1671309840.0,0.882,0.882,0.882,0.882,3152.5
2022-12-17 20:45:00,1671309900.0,0.882,0.882,0.882,0.882,282.6
2022-12-17 20:46:00,1671309960.0,0.882,0.882,0.882,0.882,25.0
2022-12-17 20:47:00,1671310020.0,0.882,0.882,0.882,0.882,0.0
2022-12-17 20:48:00,1671310080.0,0.881,0.881,0.881,0.881,1592.4
2022-12-17 20:49:00,1671310140.0,0.881,0.881,0.88,0.88,9821.3
2022-12-17 20:50:00,1671310200.0,0.88,0.88,0.88,0.88,0.0
2022-12-17 20:51:00,1671310260.0,0.88,0.88,0.88,0.88,0.0
2022-12-17 20:52:00,1671310320.0,0.881,0.881,0.881,0.881,262.7
2022-12-17 20:53:00,1671310380.0,0.88,0.88,0.88,0.88,100.0
2022-12-17 20:54:00,1671310440.0,0.88,0.88,0.88,0.88,0.0
2022-12-17 20:55:00,1671310500.0,0.88,0.88,0.88,0.88,0.0
2022-12-17 20:56:00,1671310560.0,0.88,0.88,0.88,0.88,113.3
2022-12-17 20:57:00,1671310620.0,0.88,0.88,0.88,0.88,0.0
2022-12-17 20:58:00,1671310680.0,0.881,0.881,0.88,0.88,104.5
2022-12-17 20:59:00,1671310740.0,0.881,0.881,0.88,0.881,1849.3
2022-12-17 21:00:00,1671310800.0,0.881,0.881,0.879,0.879,1534.5
2022-12-17 21:01:00,1671310860.0,0.88,0.88,0.88,0.88,3158.0
2022-12-17 21:02:00,1671310920.0,0.88,0.88,0.88,0.88,163.5
2022-12-17 21:03:00,1671310980.0,0.88,0.881,0.88,0.881,227.6
2022-12-17 21:04:00,1671311040.0,0.88,0.88,0.88,0.88,262.4
2022-12-17 21:05:00,1671311100.0,0.88,0.88,0.88,0.88,0.0
2022-12-17 21:06:00,1671311160.0,0.881,0.881,0.881,0.881,1149.8
2022-12-17 21:07:00,1671311220.0,0.881,0.881,0.881,0.881,170.9
2022-12-17 21:08:00,1671311280.0,0.882,0.882,0.88,0.88,7303.4
2022-12-17 21:09:00,1671311340.0,0.881,0.881,0.881,0.881,1044.8
2022-12-17 21:10:00,1671311400.0,0.882,0.882,0.882,0.882,240.2
2022-12-17 21:11:00,1671311460.0,0.881,0.882,0.881,0.882,133.8
2022-12-17 21:12:00,1671311520.0,0.882,0.882,0.882,0.882,20.5
2022-12-17 21:13:00,1671311580.0,0.882,0.882,0.882,0.882,0.0
2022-12-17 21:14:00,1671311640.0,0.882,0.882,0.882,0.882,74.2
2022-12-17 21:15:00,1671311700.0,0.882,0.882,0.882,0.882,34.4
2022-12-17 21:16:00,1671311760.0,0.882,0.882,0.882,0.882,21.4
2022-12-17 21:17:00,1671311820.0,0.882,0.883,0.882,0.883,6872.7
2022-12-17 21:18:00,1671311880.0,0.883,0.883,0.882,0.882,5971.3
2022-12-17 21:19:00,1671311940.0,0.882,0.884,0.882,0.884,2554.4
2022-12-17 21:20:00,1671312000.0,0.883,0.883,0.883,0.883,1529.5
2022-12-17 21:21:00,1671312060.0,0.882,0.883,0.882,0.883,660.2
2022-12-17 21:22:00,1671312120.0,0.883,0.883,0.883,0.883,0.0
2022-12-17 21:23:00,1671312180.0,0.882,0.882,0.882,0.882,644.6
2022-12-17 21:24:00,1671312240.0,0.882,0.882,0.882,0.882,3806.8
2022-12-17 21:25:00,1671312300.0,0.882,0.882,0.882,0.882,0.0
2022-12-17 21:26:00,1671312360.0,0.882,0.882,0.882,0.882,0.0
2022-12-17 21:27:00,1671312420.0,0.882,0.882,0.882,0.882,932.5
2022-12-17 21:28:00,1671312480.0,0.882,0.882,0.882,0.882,1086.6
2022-12-17 21:29:00,1671312540.0,0.882,0.882,0.882,0.882,0.0
2022-12-17 21:30:00,1671312600.0,0.882,0.882,0.882,0.882,19.4
2022-12-17 21:31:00,1671312660.0,0.882,0.882,0.881,0.882,13934.4
2022-12-17 21:32:00,1671312720.0,0.882,0.882,0.881,0.881,7352.8
2022-12-17 21:33:00,1671312780.0,0.883,0.883,0.883,0.883,34.0
2022-12-17 21:34:00,1671312840.0,0.882,0.882,0.882,0.882,4724.3
2022-12-17 21:35:00,1671312900.0,0.882,0.882,0.882,0.882,2955.3
2022-12-17 21:36:00,1671312960.0,0.881,0.881,0.881,0.881,3433.5
2022-12-17 21:37:00,1671313020.0,0.881,0.881,0.881,0.881,0.0
2022-12-17 21:38:00,1671313080.0,0.881,0.881,0.881,0.881,36.9
2022-12-17 21:39:00,1671313140.0,0.881,0.881,0.881,0.881,0.0
2022-12-17 21:40:00,1671313200.0,0.882,0.882,0.882,0.882,377.6
2022-12-17 21:41:00,1671313260.0,0.882,0.882,0.882,0.882,1196.7
2022-12-17 21:42:00,1671313320.0,0.882,0.882,0.882,0.882,204.0
2022-12-17 21:43:00,1671313380.0,0.882,0.883,0.882,0.883,2333.3
2022-12-17 21:44:00,1671313440.0,0.883,0.883,0.883,0.883,0.0
2022-12-17 21:45:00,1671313500.0,0.883,0.883,0.883,0.883,0.0
2022-12-17 21:46:00,1671313560.0,0.883,0.883,0.883,0.883,0.0
2022-12-17 21:47:00,1671313620.0,0.884,0.884,0.883,0.883,1452.6
2022-12-17 21:48:00,1671313680.0,0.883,0.883,0.883,0.883,0.0
2022-12-17 21:49:00,1671313740.0,0.883,0.883,0.883,0.883,23.7
2022-12-17 21:50:00,1671313800.0,0.882,0.883,0.882,0.883,163.5
2022-12-17 21:51:00,1671313860.0,0.883,0.883,0.883,0.883,0.0
2022-12-17 21:52:00,1671313920.0,0.883,0.883,0.883,0.883,11.3
2022-12-17 21:53:00,1671313980.0,0.883,0.883,0.883,0.883,0.0
2022-12-17 21:54:00,1671314040.0,0.883,0.883,0.883,0.883,0.0
2022-12-17 21:55:00,1671314100.0,0.883,0.883,0.883,0.883,330.0
2022-12-17 21:56:00,1671314160.0,0.883,0.883,0.883,0.883,0.0
2022-12-17 21:57:00,1671314220.0,0.883,0.883,0.883,0.883,0.0
2022-12-17 21:58:00,1671314280.0,0.883,0.883,0.883,0.883,0.0
2022-12-17 21:59:00,1671314340.0,0.882,0.882,0.882,0.882,2826.6
2022-12-17 22:00:00,1671314400.0,0.882,0.882,0.882,0.882,45.3
2022-12-17 22:01:00,1671314460.0,0.881,0.881,0.881,0.881,7055.5
2022-12-17 22:02:00,1671314520.0,0.881,0.881,0.881,0.881,41.1
2022-12-17 22:03:00,1671314580.0,0.881,0.881,0.88,0.881,4578.9
2022-12-17 22:04:00,1671314640.0,0.881,0.881,0.88,0.881,2469.8
2022-12-17 22:05:00,1671314700.0,0.88,0.88,0.88,0.88,32.2
2022-12-17 22:06:00,1671314760.0,0.881,0.881,0.881,0.881,34.3
2022-12-17 22:07:00,1671314820.0,0.88,0.881,0.88,0.881,1185.9
2022-12-17 22:08:00,1671314880.0,0.88,0.88,0.88,0.88,55.5
2022-12-17 22:09:00,1671314940.0,0.881,0.881,0.881,0.881,322.4
2022-12-17 22:10:00,1671315000.0,0.88,0.881,0.88,0.88,745.4
2022-12-17 22:11:00,1671315060.0,0.88,0.88,0.88,0.88,0.0
2022-12-17 22:12:00,1671315120.0,0.88,0.88,0.88,0.88,0.0
2022-12-17 22:13:00,1671315180.0,0.88,0.88,0.88,0.88,0.0
2022-12-17 22:14:00,1671315240.0,0.88,0.88,0.88,0.88,3312.8
2022-12-17 22:15:00,1671315300.0,0.88,0.88,0.88,0.88,190.0
2022-12-17 22:16:00,1671315360.0,0.881,0.881,0.881,0.881,85.1
2022-12-17 22:17:00,1671315420.0,0.881,0.881,0.881,0.881,0.0
2022-12-17 22:18:00,1671315480.0,0.881,0.881,0.881,0.881,0.0
2022-12-17 22:19:00,1671315540.0,0.881,0.881,0.881,0.881,0.0
2022-12-17 22:20:00,1671315600.0,0.88,0.88,0.88,0.88,581.3
2022-12-17 22:21:00,1671315660.0,0.881,0.881,0.881,0.881,49.5
2022-12-17 22:22:00,1671315720.0,0.88,0.88,0.88,0.88,100.0
2022-12-17 22:23:00,1671315780.0,0.88,0.88,0.88,0.88,0.0
2022-12-17 22:24:00,1671315840.0,0.881,0.881,0.88,0.88,48.5
2022-12-17 22:25:00,1671315900.0,0.88,0.88,0.88,0.88,0.0
2022-12-17 22:26:00,1671315960.0,0.881,0.881,0.881,0.881,200.8
2022-12-17 22:27:00,1671316020.0,0.881,0.881,0.881,0.881,733.3
2022-12-17 22:28:00,1671316080.0,0.881,0.881,0.881,0.881,8886.6
2022-12-17 22:29:00,1671316140.0,0.881,0.881,0.88,0.88,300.8
2022-12-17 22:30:00,1671316200.0,0.88,0.88,0.88,0.88,256.0
2022-12-17 22:31:00,1671316260.0,0.881,0.881,0.88,0.88,90.5
2022-12-17 22:32:00,1671316320.0,0.88,0.881,0.88,0.881,158.2
2022-12-17 22:33:00,1671316380.0,0.881,0.881,0.88,0.88,56.2
2022-12-17 22:34:00,1671316440.0,0.88,0.88,0.88,0.88,132.1
2022-12-17 22:35:00,1671316500.0,0.88,0.881,0.88,0.881,3278.8
2022-12-17 22:36:00,1671316560.0,0.881,0.881,0.881,0.881,0.0
2022-12-17 22:37:00,1671316620.0,0.882,0.882,0.882,0.882,3325.2
2022-12-17 22:38:00,1671316680.0,0.882,0.884,0.882,0.884,1757.0
2022-12-17 22:39:00,1671316740.0,0.884,0.884,0.883,0.883,224.2
2022-12-17 22:40:00,1671316800.0,0.884,0.885,0.883,0.883,2749.6
2022-12-17 22:41:00,1671316860.0,0.883,0.883,0.883,0.883,6274.7
2022-12-17 22:42:00,1671316920.0,0.883,0.883,0.883,0.883,0.0
2022-12-17 22:43:00,1671316980.0,0.883,0.883,0.883,0.883,2878.2
2022-12-17 22:44:00,1671317040.0,0.883,0.884,0.882,0.883,15333.9
2022-12-17 22:45:00,1671317100.0,0.884,0.885,0.884,0.885,3593.9
2022-12-17 22:46:00,1671317160.0,0.885,0.885,0.885,0.885,954.7
2022-12-17 22:47:00,1671317220.0,0.885,0.885,0.885,0.885,0.0
2022-12-17 22:48:00,1671317280.0,0.885,0.886,0.885,0.886,279.2
2022-12-17 22:49:00,1671317340.0,0.886,0.886,0.886,0.886,1434.2
2022-12-17 22:50:00,1671317400.0,0.886,0.886,0.886,0.886,419.6
2022-12-17 22:51:00,1671317460.0,0.886,0.886,0.886,0.886,1605.9
2022-12-17 22:52:00,1671317520.0,0.886,0.886,0.886,0.886,341.2
2022-12-17 22:53:00,1671317580.0,0.886,0.886,0.886,0.886,0.0
2022-12-17 22:54:00,1671317640.0,0.885,0.885,0.885,0.885,21.0
2022-12-17 22:55:00,1671317700.0,0.885,0.885,0.885,0.885,0.0
2022-12-17 22:56:00,1671317760.0,0.885,0.885,0.885,0.885,1956.0
2022-12-17 22:57:00,1671317820.0,0.886,0.886,0.885,0.885,1697.9
2022-12-17 22:58:00,1671317880.0,0.886,0.886,0.886,0.886,3192.6
2022-12-17 22:59:00,1671317940.0,0.886,0.889,0.886,0.888,42591.4
2022-12-17 23:00:00,1671318000.0,0.887,0.89,0.887,0.889,13464.2
2022-12-17 23:01:00,1671318060.0,0.889,0.889,0.887,0.887,4892.1
2022-12-17 23:02:00,1671318120.0,0.886,0.887,0.885,0.887,20083.2
2022-12-17 23:03:00,1671318180.0,0.887,0.887,0.887,0.887,2527.9
2022-12-17 23:04:00,1671318240.0,0.887,0.888,0.887,0.888,3199.8
2022-12-17 23:05:00,1671318300.0,0.888,0.888,0.888,0.888,1190.2
2022-12-17 23:06:00,1671318360.0,0.889,0.89,0.889,0.889,13817.2
2022-12-17 23:07:00,1671318420.0,0.89,0.89,0.888,0.888,16418.3
2022-12-17 23:08:00,1671318480.0,0.888,0.889,0.888,0.889,3835.8
2022-12-17 23:09:00,1671318540.0,0.889,0.889,0.888,0.888,2969.5
2022-12-17 23:10:00,1671318600.0,0.888,0.888,0.887,0.887,1858.9
2022-12-17 23:11:00,1671318660.0,0.888,0.888,0.887,0.887,150.3
2022-12-17 23:12:00,1671318720.0,0.887,0.887,0.887,0.887,9884.5
2022-12-17 23:13:00,1671318780.0,0.887,0.887,0.887,0.887,0.0
2022-12-17 23:14:00,1671318840.0,0.888,0.888,0.888,0.888,6179.9
2022-12-17 23:15:00,1671318900.0,0.888,0.888,0.888,0.888,1912.8
2022-12-17 23:16:00,1671318960.0,0.889,0.889,0.889,0.889,1246.9
2022-12-17 23:17:00,1671319020.0,0.889,0.89,0.889,0.89,1115.2
2022-12-17 23:18:00,1671319080.0,0.89,0.89,0.89,0.89,11174.2
2022-12-17 23:19:00,1671319140.0,0.89,0.891,0.89,0.89,15729.2
2022-12-17 23:20:00,1671319200.0,0.89,0.89,0.89,0.89,659.2
2022-12-17 23:21:00,1671319260.0,0.89,0.89,0.89,0.89,0.0
2022-12-17 23:22:00,1671319320.0,0.89,0.89,0.89,0.89,5149.1
2022-12-17 23:23:00,1671319380.0,0.89,0.89,0.89,0.89,0.0
2022-12-17 23:24:00,1671319440.0,0.89,0.89,0.89,0.89,1094.4
2022-12-17 23:25:00,1671319500.0,0.89,0.89,0.89,0.89,0.0
2022-12-17 23:26:00,1671319560.0,0.89,0.89,0.89,0.89,561.1
2022-12-17 23:27:00,1671319620.0,0.89,0.89,0.89,0.89,0.0
2022-12-17 23:28:00,1671319680.0,0.89,0.89,0.89,0.89,14.1
2022-12-17 23:29:00,1671319740.0,0.89,0.89,0.89,0.89,0.0
2022-12-17 23:30:00,1671319800.0,0.89,0.89,0.889,0.89,197.0
2022-12-17 23:31:00,1671319860.0,0.89,0.89,0.89,0.89,5282.1
2022-12-17 23:32:00,1671319920.0,0.89,0.89,0.89,0.89,1305.4
2022-12-17 23:33:00,1671319980.0,0.89,0.89,0.89,0.89,775.7
2022-12-17 23:34:00,1671320040.0,0.889,0.889,0.889,0.889,2147.9
2022-12-17 23:35:00,1671320100.0,0.889,0.889,0.889,0.889,0.0
2022-12-17 23:36:00,1671320160.0,0.889,0.889,0.888,0.889,5514.9
2022-12-17 23:37:00,1671320220.0,0.889,0.889,0.889,0.889,208.2
2022-12-17 23:38:00,1671320280.0,0.889,0.889,0.888,0.888,2143.7
2022-12-17 23:39:00,1671320340.0,0.889,0.89,0.889,0.89,1505.3
2022-12-17 23:40:00,1671320400.0,0.889,0.889,0.889,0.889,2688.3
2022-12-17 23:41:00,1671320460.0,0.889,0.889,0.888,0.888,113.7
2022-12-17 23:42:00,1671320520.0,0.888,0.89,0.888,0.89,8606.5
2022-12-17 23:43:00,1671320580.0,0.89,0.89,0.89,0.89,224.9
2022-12-17 23:44:00,1671320640.0,0.89,0.89,0.89,0.89,2504.6
2022-12-17 23:45:00,1671320700.0,0.89,0.893,0.89,0.891,33665.3
2022-12-17 23:46:00,1671320760.0,0.891,0.891,0.889,0.889,3069.2
2022-12-17 23:47:00,1671320820.0,0.89,0.89,0.89,0.89,7304.6
2022-12-17 23:48:00,1671320880.0,0.891,0.893,0.891,0.891,2796.6
2022-12-17 23:49:00,1671320940.0,0.892,0.893,0.892,0.892,4094.1
2022-12-17 23:50:00,1671321000.0,0.892,0.892,0.891,0.892,6700.7
2022-12-17 23:51:00,1671321060.0,0.892,0.892,0.892,0.892,4078.7
2022-12-17 23:52:00,1671321120.0,0.892,0.892,0.891,0.891,486.1
2022-12-17 23:53:00,1671321180.0,0.891,0.892,0.891,0.892,6001.4
2022-12-17 23:54:00,1671321240.0,0.892,0.892,0.891,0.891,6352.0
2022-12-17 23:55:00,1671321300.0,0.891,0.891,0.891,0.891,1930.4
2022-12-17 23:56:00,1671321360.0,0.891,0.891,0.891,0.891,2082.4
2022-12-17 23:57:00,1671321420.0,0.891,0.891,0.891,0.891,109.8
2022-12-17 23:58:00,1671321480.0,0.891,0.891,0.891,0.891,0.0
2022-12-17 23:59:00,1671321540.0,0.891,0.891,0.891,0.891,1428.8
