Universal Time,Unix Time,Open,High,Low,Close,Volume
2020-02-16 00:00:00,1581811200.0,438.88,439.66,437.93,438.5,91.71268
2020-02-16 00:01:00,1581811260.0,438.54,439.49,438.23,439.49,82.97439
2020-02-16 00:02:00,1581811320.0,439.27,439.52,438.38,438.52,70.95748
2020-02-16 00:03:00,1581811380.0,438.5,438.96,438.16,438.96,31.27593
2020-02-16 00:04:00,1581811440.0,438.94,439.06,438.19,438.37,218.02337
2020-02-16 00:05:00,1581811500.0,438.15,438.16,437.32,437.43,53.61532
2020-02-16 00:06:00,1581811560.0,437.52,437.81,436.34,436.77,77.92082
2020-02-16 00:07:00,1581811620.0,436.66,436.66,435.53,435.55,148.95659
2020-02-16 00:08:00,1581811680.0,435.54,436.18,435.03,436.02,140.23997
2020-02-16 00:09:00,1581811740.0,435.91,435.93,435.09,435.35,68.77271
2020-02-16 00:10:00,1581811800.0,435.3,435.31,432.55,433.98,688.74895
2020-02-16 00:11:00,1581811860.0,433.98,434.5,433.14,433.14,190.94626
2020-02-16 00:12:00,1581811920.0,433.23,436.01,433.23,435.72,368.56869
2020-02-16 00:13:00,1581811980.0,435.68,437.0,435.2,436.61,256.81959
2020-02-16 00:14:00,1581812040.0,436.62,438.71,436.5,437.43,286.61576
2020-02-16 00:15:00,1581812100.0,437.83,438.09,436.48,436.63,98.52365
2020-02-16 00:16:00,1581812160.0,436.71,437.16,435.59,437.09,253.17396
2020-02-16 00:17:00,1581812220.0,437.08,438.28,436.42,437.15,104.90203
2020-02-16 00:18:00,1581812280.0,437.15,437.44,435.83,436.7,87.86853
2020-02-16 00:19:00,1581812340.0,436.73,436.73,436.06,436.31,40.05981
2020-02-16 00:20:00,1581812400.0,436.18,437.21,436.17,437.21,114.16985
2020-02-16 00:21:00,1581812460.0,437.21,437.21,436.54,437.13,65.29388
2020-02-16 00:22:00,1581812520.0,437.2,439.27,437.2,438.1,282.60578
2020-02-16 00:23:00,1581812580.0,438.1,438.6,437.64,438.54,98.08516
2020-02-16 00:24:00,1581812640.0,438.51,439.79,438.51,439.63,166.78385
2020-02-16 00:25:00,1581812700.0,439.61,440.0,438.96,439.8,79.89426
2020-02-16 00:26:00,1581812760.0,439.65,439.98,439.25,439.98,19.42231
2020-02-16 00:27:00,1581812820.0,439.77,440.84,439.36,440.46,54.73846
2020-02-16 00:28:00,1581812880.0,440.24,442.18,440.05,441.16,250.02551
2020-02-16 00:29:00,1581812940.0,441.53,441.91,440.94,441.49,241.23321
2020-02-16 00:30:00,1581813000.0,441.7,441.71,440.33,440.52,90.11765
2020-02-16 00:31:00,1581813060.0,440.41,441.01,439.82,440.69,112.96247
2020-02-16 00:32:00,1581813120.0,440.89,440.89,440.38,440.6,14.1394
2020-02-16 00:33:00,1581813180.0,440.57,441.36,440.57,441.36,36.32785
2020-02-16 00:34:00,1581813240.0,441.34,442.99,441.34,442.99,34.53049
2020-02-16 00:35:00,1581813300.0,442.99,443.21,442.06,442.76,62.36534
2020-02-16 00:36:00,1581813360.0,442.9,442.93,442.1,442.14,73.32208
2020-02-16 00:37:00,1581813420.0,442.14,443.0,442.14,442.6,89.10241
2020-02-16 00:38:00,1581813480.0,442.54,442.85,442.08,442.85,12.88955
2020-02-16 00:39:00,1581813540.0,442.85,443.21,442.17,442.79,130.4739
2020-02-16 00:40:00,1581813600.0,443.03,444.8,442.97,444.78,151.52754
2020-02-16 00:41:00,1581813660.0,444.78,444.78,443.21,443.45,146.14505
2020-02-16 00:42:00,1581813720.0,443.55,443.93,443.03,443.78,45.12792
2020-02-16 00:43:00,1581813780.0,443.77,443.9,443.22,443.88,58.35533
2020-02-16 00:44:00,1581813840.0,443.92,443.92,443.08,443.2,213.61033
2020-02-16 00:45:00,1581813900.0,443.44,443.74,443.38,443.74,12.08752
2020-02-16 00:46:00,1581813960.0,443.84,444.05,443.7,444.05,15.77657
2020-02-16 00:47:00,1581814020.0,444.08,444.37,443.35,443.36,75.46477
2020-02-16 00:48:00,1581814080.0,443.51,443.84,442.6,442.91,49.40755
2020-02-16 00:49:00,1581814140.0,443.08,443.09,442.15,442.52,54.95363
2020-02-16 00:50:00,1581814200.0,442.6,444.01,442.57,443.74,103.4789
2020-02-16 00:51:00,1581814260.0,443.52,443.86,443.0,443.45,86.34238
2020-02-16 00:52:00,1581814320.0,443.65,443.78,443.28,443.64,43.07135
2020-02-16 00:53:00,1581814380.0,443.73,444.04,443.73,443.92,21.87062
2020-02-16 00:54:00,1581814440.0,443.77,444.4,443.77,444.23,19.38053
2020-02-16 00:55:00,1581814500.0,444.13,444.15,443.73,443.79,7.0745
2020-02-16 00:56:00,1581814560.0,443.97,444.06,443.63,443.66,53.51531
2020-02-16 00:57:00,1581814620.0,443.67,443.67,443.23,443.38,83.47865
2020-02-16 00:58:00,1581814680.0,443.43,443.76,443.43,443.73,77.61407
2020-02-16 00:59:00,1581814740.0,443.79,444.44,443.79,444.41,26.7713
2020-02-16 01:00:00,1581814800.0,444.53,444.85,444.35,444.61,86.36451
2020-02-16 01:01:00,1581814860.0,444.56,444.86,444.51,444.67,33.10093
2020-02-16 01:02:00,1581814920.0,444.64,444.81,444.51,444.52,89.4404
2020-02-16 01:03:00,1581814980.0,444.5,444.83,443.76,444.38,86.25801
2020-02-16 01:04:00,1581815040.0,444.16,444.16,443.37,443.48,42.37282
2020-02-16 01:05:00,1581815100.0,443.47,443.83,443.47,443.63,40.36588
2020-02-16 01:06:00,1581815160.0,443.66,443.66,442.88,442.99,187.90385
2020-02-16 01:07:00,1581815220.0,443.1,443.55,443.06,443.43,22.45425
2020-02-16 01:08:00,1581815280.0,443.4,443.52,443.19,443.27,10.41027
2020-02-16 01:09:00,1581815340.0,443.25,443.71,443.25,443.39,4.72807
2020-02-16 01:10:00,1581815400.0,443.38,443.52,443.38,443.45,6.02503
2020-02-16 01:11:00,1581815460.0,443.39,443.46,443.39,443.45,5.13596
2020-02-16 01:12:00,1581815520.0,443.45,444.38,443.37,444.26,89.28943
2020-02-16 01:13:00,1581815580.0,444.31,444.89,444.25,444.56,55.54089
2020-02-16 01:14:00,1581815640.0,444.58,444.99,444.32,444.99,22.60481
2020-02-16 01:15:00,1581815700.0,445.0,446.49,445.0,446.2,254.47042
2020-02-16 01:16:00,1581815760.0,446.2,447.0,446.19,446.8,88.62551
2020-02-16 01:17:00,1581815820.0,446.8,446.8,444.82,444.82,161.20931
2020-02-16 01:18:00,1581815880.0,444.84,445.73,444.83,445.29,196.6841
2020-02-16 01:19:00,1581815940.0,445.14,445.21,444.74,444.74,58.34475
2020-02-16 01:20:00,1581816000.0,444.74,444.74,444.0,444.06,66.78356
2020-02-16 01:21:00,1581816060.0,444.05,444.05,443.22,443.31,34.88469
2020-02-16 01:22:00,1581816120.0,443.37,443.75,443.36,443.63,30.09297
2020-02-16 01:23:00,1581816180.0,443.62,443.78,443.22,443.26,49.27667
2020-02-16 01:24:00,1581816240.0,443.26,443.64,443.22,443.57,39.81662
2020-02-16 01:25:00,1581816300.0,443.55,443.55,443.23,443.38,12.39696
2020-02-16 01:26:00,1581816360.0,443.43,444.46,443.43,444.03,86.57074
2020-02-16 01:27:00,1581816420.0,444.06,444.55,444.0,444.0,15.16431
2020-02-16 01:28:00,1581816480.0,443.82,444.01,443.47,443.87,115.60692
2020-02-16 01:29:00,1581816540.0,443.87,444.08,443.53,443.9,110.53415
2020-02-16 01:30:00,1581816600.0,443.97,443.97,443.52,443.79,21.09574
2020-02-16 01:31:00,1581816660.0,443.93,443.93,443.13,443.36,63.38981
2020-02-16 01:32:00,1581816720.0,443.35,443.74,443.33,443.42,9.49865
2020-02-16 01:33:00,1581816780.0,443.47,443.52,443.09,443.29,42.78064
2020-02-16 01:34:00,1581816840.0,443.3,443.3,443.13,443.22,10.88637
2020-02-16 01:35:00,1581816900.0,443.38,443.62,442.77,442.77,116.72695
2020-02-16 01:36:00,1581816960.0,442.74,442.86,441.98,442.05,73.83757
2020-02-16 01:37:00,1581817020.0,442.02,442.9,441.87,442.53,101.00515
2020-02-16 01:38:00,1581817080.0,442.55,443.16,442.32,442.32,20.80344
2020-02-16 01:39:00,1581817140.0,442.52,443.64,442.38,442.38,207.19187
2020-02-16 01:40:00,1581817200.0,442.34,442.57,442.2,442.2,21.49038
2020-02-16 01:41:00,1581817260.0,442.2,442.56,441.64,441.77,152.27958
2020-02-16 01:42:00,1581817320.0,441.88,442.11,441.64,441.75,18.48971
2020-02-16 01:43:00,1581817380.0,441.79,442.09,441.78,441.98,23.75105
2020-02-16 01:44:00,1581817440.0,441.96,442.09,441.65,441.65,18.44246
2020-02-16 01:45:00,1581817500.0,441.64,441.83,441.03,441.1,56.25426
2020-02-16 01:46:00,1581817560.0,441.1,441.87,440.95,441.74,67.01226
2020-02-16 01:47:00,1581817620.0,441.74,442.36,441.36,442.29,33.80133
2020-02-16 01:48:00,1581817680.0,442.36,443.43,442.35,443.43,54.66511
2020-02-16 01:49:00,1581817740.0,443.26,443.41,442.05,442.59,15.10446
2020-02-16 01:50:00,1581817800.0,442.51,442.51,441.91,442.4,4.28685
2020-02-16 01:51:00,1581817860.0,442.4,442.4,441.93,442.31,30.47367
2020-02-16 01:52:00,1581817920.0,442.39,444.0,442.39,443.55,80.87997
2020-02-16 01:53:00,1581817980.0,443.63,445.52,443.63,445.38,130.92159
2020-02-16 01:54:00,1581818040.0,445.55,445.88,444.46,444.95,432.84551
2020-02-16 01:55:00,1581818100.0,444.76,445.98,444.76,445.98,15.33135
2020-02-16 01:56:00,1581818160.0,445.99,447.75,445.79,446.25,203.34385
2020-02-16 01:57:00,1581818220.0,446.09,446.15,445.0,445.0,81.92099
2020-02-16 01:58:00,1581818280.0,445.0,445.3,444.08,444.36,48.88448
2020-02-16 01:59:00,1581818340.0,444.51,445.55,444.51,445.55,12.65864
2020-02-16 02:00:00,1581818400.0,445.43,445.88,445.09,445.46,196.11956
2020-02-16 02:01:00,1581818460.0,445.39,445.39,445.02,445.21,35.20107
2020-02-16 02:02:00,1581818520.0,445.17,445.48,445.01,445.48,28.45892
2020-02-16 02:03:00,1581818580.0,445.46,446.23,445.41,446.09,187.47379
2020-02-16 02:04:00,1581818640.0,446.05,446.05,445.01,445.32,43.10705
2020-02-16 02:05:00,1581818700.0,445.5,446.01,445.5,445.85,50.17507
2020-02-16 02:06:00,1581818760.0,445.85,446.87,445.58,446.3,143.44387
2020-02-16 02:07:00,1581818820.0,446.29,447.59,446.29,446.48,67.0003
2020-02-16 02:08:00,1581818880.0,446.48,446.5,445.94,446.22,31.34618
2020-02-16 02:09:00,1581818940.0,446.2,446.73,446.15,446.6,32.3028
2020-02-16 02:10:00,1581819000.0,446.58,446.61,445.42,445.51,90.41829
2020-02-16 02:11:00,1581819060.0,445.53,445.86,445.29,445.56,94.25655
2020-02-16 02:12:00,1581819120.0,445.55,445.97,445.45,445.59,44.89813
2020-02-16 02:13:00,1581819180.0,445.62,445.64,445.44,445.59,14.34725
2020-02-16 02:14:00,1581819240.0,445.57,445.94,445.35,445.85,22.53185
2020-02-16 02:15:00,1581819300.0,445.91,445.91,445.39,445.66,21.94279
2020-02-16 02:16:00,1581819360.0,445.58,445.58,445.05,445.33,24.06308
2020-02-16 02:17:00,1581819420.0,445.31,445.31,444.95,445.14,16.49628
2020-02-16 02:18:00,1581819480.0,445.1,445.21,444.71,444.92,43.09752
2020-02-16 02:19:00,1581819540.0,444.95,446.06,444.94,446.01,58.92544
2020-02-16 02:20:00,1581819600.0,446.01,446.18,445.82,446.17,11.19372
2020-02-16 02:21:00,1581819660.0,446.18,446.49,446.01,446.49,11.92072
2020-02-16 02:22:00,1581819720.0,446.42,446.92,446.06,446.85,56.11936
2020-02-16 02:23:00,1581819780.0,446.85,447.69,446.85,447.66,46.7483
2020-02-16 02:24:00,1581819840.0,447.66,448.95,447.63,448.28,211.51826
2020-02-16 02:25:00,1581819900.0,448.29,448.81,447.51,448.43,147.35406
2020-02-16 02:26:00,1581819960.0,448.33,448.33,447.61,447.85,16.16969
2020-02-16 02:27:00,1581820020.0,447.73,449.36,447.73,449.36,91.519
2020-02-16 02:28:00,1581820080.0,449.29,450.7,448.78,450.44,290.83392
2020-02-16 02:29:00,1581820140.0,450.47,451.57,450.0,450.26,247.21436
2020-02-16 02:30:00,1581820200.0,450.28,451.22,450.26,450.92,74.67121
2020-02-16 02:31:00,1581820260.0,450.91,452.69,450.88,452.69,337.42442
2020-02-16 02:32:00,1581820320.0,452.41,452.68,450.93,451.55,198.79614
2020-02-16 02:33:00,1581820380.0,451.61,451.8,451.07,451.69,61.75916
2020-02-16 02:34:00,1581820440.0,451.64,453.01,451.64,453.0,119.34886
2020-02-16 02:35:00,1581820500.0,452.91,453.17,452.41,452.64,109.05475
2020-02-16 02:36:00,1581820560.0,452.49,452.49,450.8,450.8,278.24288
2020-02-16 02:37:00,1581820620.0,451.01,451.86,451.01,451.4,75.23063
2020-02-16 02:38:00,1581820680.0,451.62,452.21,451.62,452.21,47.26816
2020-02-16 02:39:00,1581820740.0,452.09,452.8,451.86,452.8,88.35892
2020-02-16 02:40:00,1581820800.0,452.94,454.0,452.62,453.61,87.03325
2020-02-16 02:41:00,1581820860.0,453.62,453.62,452.06,453.13,86.18489
2020-02-16 02:42:00,1581820920.0,453.26,453.45,452.25,452.25,51.44161
2020-02-16 02:43:00,1581820980.0,452.35,453.13,452.28,453.13,61.34982
2020-02-16 02:44:00,1581821040.0,453.12,454.14,453.0,453.99,95.21529
2020-02-16 02:45:00,1581821100.0,454.13,454.22,453.13,453.7,67.54052
2020-02-16 02:46:00,1581821160.0,453.72,454.8,453.23,454.8,45.86698
2020-02-16 02:47:00,1581821220.0,454.73,455.83,454.09,454.59,826.41542
2020-02-16 02:48:00,1581821280.0,454.33,456.23,454.1,455.89,301.03085
2020-02-16 02:49:00,1581821340.0,455.98,457.37,455.59,456.54,340.32123
2020-02-16 02:50:00,1581821400.0,456.76,456.92,454.69,454.83,248.10423
2020-02-16 02:51:00,1581821460.0,454.84,456.64,454.48,456.0,174.27552
2020-02-16 02:52:00,1581821520.0,455.91,455.96,454.43,454.8,300.06373
2020-02-16 02:53:00,1581821580.0,454.83,455.18,453.56,454.92,304.85916
2020-02-16 02:54:00,1581821640.0,454.89,455.92,454.8,455.78,181.23245
2020-02-16 02:55:00,1581821700.0,455.56,456.24,455.41,455.99,81.02011
2020-02-16 02:56:00,1581821760.0,456.12,456.9,455.89,456.51,100.00392
2020-02-16 02:57:00,1581821820.0,456.48,458.0,456.37,457.61,314.69202
2020-02-16 02:58:00,1581821880.0,457.75,457.84,456.6,457.0,152.2657
2020-02-16 02:59:00,1581821940.0,456.8,457.95,456.76,457.95,174.31105
2020-02-16 03:00:00,1581822000.0,457.95,458.22,457.02,457.3,212.12198
2020-02-16 03:01:00,1581822060.0,457.37,457.46,455.0,455.21,313.37549
2020-02-16 03:02:00,1581822120.0,455.22,455.62,454.61,454.86,140.84972
2020-02-16 03:03:00,1581822180.0,454.89,455.47,454.7,454.91,119.43873
2020-02-16 03:04:00,1581822240.0,454.82,455.85,454.78,455.55,48.27286
2020-02-16 03:05:00,1581822300.0,455.69,456.0,455.54,455.67,71.67423
2020-02-16 03:06:00,1581822360.0,455.58,455.76,455.23,455.54,81.27826
2020-02-16 03:07:00,1581822420.0,455.54,455.7,455.35,455.41,78.97614
2020-02-16 03:08:00,1581822480.0,455.44,455.53,454.91,455.21,49.41718
2020-02-16 03:09:00,1581822540.0,455.21,455.21,453.09,453.31,369.0446
2020-02-16 03:10:00,1581822600.0,453.31,453.84,452.86,453.06,99.70341
2020-02-16 03:11:00,1581822660.0,452.98,453.25,452.36,452.36,151.00105
2020-02-16 03:12:00,1581822720.0,452.27,452.73,452.07,452.07,147.01152
2020-02-16 03:13:00,1581822780.0,452.06,453.26,452.0,452.73,133.70198
2020-02-16 03:14:00,1581822840.0,452.73,453.88,452.73,453.36,257.11807
2020-02-16 03:15:00,1581822900.0,453.28,453.32,452.52,452.81,457.8227
2020-02-16 03:16:00,1581822960.0,452.6,452.6,452.09,452.31,20.49619
2020-02-16 03:17:00,1581823020.0,452.29,452.44,451.42,451.54,121.85252
2020-02-16 03:18:00,1581823080.0,451.41,451.51,450.76,451.32,228.65731
2020-02-16 03:19:00,1581823140.0,451.29,451.74,451.02,451.02,497.60793
2020-02-16 03:20:00,1581823200.0,451.03,452.63,450.99,452.59,158.35518
2020-02-16 03:21:00,1581823260.0,452.64,452.7,451.32,451.61,229.35177
2020-02-16 03:22:00,1581823320.0,451.6,451.69,450.54,450.75,136.68559
2020-02-16 03:23:00,1581823380.0,450.59,452.44,450.59,452.44,143.17162
2020-02-16 03:24:00,1581823440.0,452.28,452.83,452.17,452.17,52.78646
2020-02-16 03:25:00,1581823500.0,452.34,452.55,451.9,452.44,114.79745
2020-02-16 03:26:00,1581823560.0,452.54,454.18,452.54,454.18,58.00972
2020-02-16 03:27:00,1581823620.0,454.08,454.29,453.53,454.06,113.06455
2020-02-16 03:28:00,1581823680.0,454.1,454.33,453.39,453.57,65.9692
2020-02-16 03:29:00,1581823740.0,453.51,453.93,453.25,453.85,310.91084
2020-02-16 03:30:00,1581823800.0,453.85,454.24,453.85,454.15,61.24659
2020-02-16 03:31:00,1581823860.0,454.23,454.8,453.63,453.63,65.06746
2020-02-16 03:32:00,1581823920.0,453.64,454.13,453.23,453.43,185.23903
2020-02-16 03:33:00,1581823980.0,453.37,453.4,452.67,452.96,62.93147
2020-02-16 03:34:00,1581824040.0,452.74,453.16,452.42,452.42,36.66217
2020-02-16 03:35:00,1581824100.0,452.43,452.88,452.4,452.52,49.97879
2020-02-16 03:36:00,1581824160.0,452.75,452.95,452.34,452.41,13.13944
2020-02-16 03:37:00,1581824220.0,452.49,452.73,452.41,452.64,9.95234
2020-02-16 03:38:00,1581824280.0,452.53,452.53,451.19,451.31,188.49605
2020-02-16 03:39:00,1581824340.0,451.28,452.0,451.16,451.78,206.33276
2020-02-16 03:40:00,1581824400.0,451.75,451.9,451.17,451.42,44.19813
2020-02-16 03:41:00,1581824460.0,451.42,451.42,450.65,451.33,63.39611
2020-02-16 03:42:00,1581824520.0,451.37,451.6,450.97,451.22,51.87387
2020-02-16 03:43:00,1581824580.0,451.08,451.21,450.78,450.99,20.24896
2020-02-16 03:44:00,1581824640.0,450.99,451.46,450.54,451.46,49.219
2020-02-16 03:45:00,1581824700.0,451.65,451.98,451.48,451.78,22.75522
2020-02-16 03:46:00,1581824760.0,451.77,451.77,450.85,451.01,107.25195
2020-02-16 03:47:00,1581824820.0,450.83,450.83,449.52,449.77,145.75402
2020-02-16 03:48:00,1581824880.0,449.78,450.73,449.78,450.73,72.61546
2020-02-16 03:49:00,1581824940.0,450.53,451.34,450.26,451.21,80.39411
2020-02-16 03:50:00,1581825000.0,451.06,451.14,450.88,450.89,51.57467
2020-02-16 03:51:00,1581825060.0,450.92,451.56,450.92,451.56,135.94083
2020-02-16 03:52:00,1581825120.0,451.58,452.32,451.58,451.88,99.42004
2020-02-16 03:53:00,1581825180.0,451.82,452.48,451.33,452.32,142.65318
2020-02-16 03:54:00,1581825240.0,452.25,452.5,452.11,452.18,66.29917
2020-02-16 03:55:00,1581825300.0,452.29,452.39,451.79,451.79,15.85747
2020-02-16 03:56:00,1581825360.0,451.79,452.38,451.72,451.85,18.10872
2020-02-16 03:57:00,1581825420.0,451.62,451.62,450.95,451.41,83.40873
2020-02-16 03:58:00,1581825480.0,451.29,452.42,451.29,451.53,63.92427
2020-02-16 03:59:00,1581825540.0,451.52,451.67,451.28,451.28,15.86366
2020-02-16 04:00:00,1581825600.0,451.28,452.92,451.28,452.92,100.23941
2020-02-16 04:01:00,1581825660.0,452.77,453.36,452.63,452.91,154.80666
2020-02-16 04:02:00,1581825720.0,452.91,453.69,452.76,453.29,145.55494
2020-02-16 04:03:00,1581825780.0,453.3,453.3,452.5,452.93,74.9135
2020-02-16 04:04:00,1581825840.0,452.83,454.05,452.82,452.99,74.42563
2020-02-16 04:05:00,1581825900.0,453.08,454.04,453.08,453.17,39.20171
2020-02-16 04:06:00,1581825960.0,453.01,453.09,451.97,452.19,192.25147
2020-02-16 04:07:00,1581826020.0,452.19,452.46,451.99,452.29,82.32342
2020-02-16 04:08:00,1581826080.0,452.2,452.42,451.0,451.0,236.55169
2020-02-16 04:09:00,1581826140.0,451.67,452.12,450.91,452.12,462.78368
2020-02-16 04:10:00,1581826200.0,451.97,452.57,451.95,452.16,226.68858
2020-02-16 04:11:00,1581826260.0,452.16,452.19,451.6,451.6,108.39036
2020-02-16 04:12:00,1581826320.0,451.73,452.43,451.7,452.35,49.84975
2020-02-16 04:13:00,1581826380.0,452.36,452.68,452.01,452.67,85.06026
2020-02-16 04:14:00,1581826440.0,452.42,452.64,452.22,452.64,19.46485
2020-02-16 04:15:00,1581826500.0,452.64,452.84,452.35,452.64,43.51816
2020-02-16 04:16:00,1581826560.0,452.68,452.68,451.6,452.1,80.6272
2020-02-16 04:17:00,1581826620.0,452.03,452.29,451.76,452.06,33.57332
2020-02-16 04:18:00,1581826680.0,451.98,452.17,451.68,452.17,53.93901
2020-02-16 04:19:00,1581826740.0,452.12,452.12,451.79,451.79,14.07381
2020-02-16 04:20:00,1581826800.0,451.82,452.13,451.36,451.36,25.94429
2020-02-16 04:21:00,1581826860.0,451.27,451.91,451.27,451.88,11.79906
2020-02-16 04:22:00,1581826920.0,451.9,452.62,451.9,452.46,32.08206
2020-02-16 04:23:00,1581826980.0,452.44,452.78,452.27,452.78,75.51509
2020-02-16 04:24:00,1581827040.0,452.74,453.0,452.5,452.77,20.77932
2020-02-16 04:25:00,1581827100.0,452.84,453.11,452.63,452.78,18.34655
2020-02-16 04:26:00,1581827160.0,452.77,452.77,452.13,452.13,55.84355
2020-02-16 04:27:00,1581827220.0,452.12,452.54,451.8,451.84,56.32239
2020-02-16 04:28:00,1581827280.0,451.81,452.1,451.25,451.6,97.44173
2020-02-16 04:29:00,1581827340.0,451.48,452.06,451.32,451.53,67.89128
2020-02-16 04:30:00,1581827400.0,451.52,452.23,451.17,452.02,22.69968
2020-02-16 04:31:00,1581827460.0,452.04,452.04,451.33,451.7,72.97752
2020-02-16 04:32:00,1581827520.0,451.85,452.27,451.85,452.2,6.92959
2020-02-16 04:33:00,1581827580.0,452.31,452.68,452.27,452.67,27.43216
2020-02-16 04:34:00,1581827640.0,452.56,453.0,451.89,452.49,115.64733
2020-02-16 04:35:00,1581827700.0,452.51,452.88,452.5,452.53,5.29526
2020-02-16 04:36:00,1581827760.0,452.6,452.82,452.6,452.82,3.67127
2020-02-16 04:37:00,1581827820.0,452.92,452.95,452.69,452.82,50.948
2020-02-16 04:38:00,1581827880.0,452.75,452.87,452.35,452.87,46.7408
2020-02-16 04:39:00,1581827940.0,452.84,452.87,452.43,452.43,26.95534
2020-02-16 04:40:00,1581828000.0,452.3,452.93,452.25,452.8,50.95115
2020-02-16 04:41:00,1581828060.0,452.62,452.62,452.13,452.21,19.17512
2020-02-16 04:42:00,1581828120.0,452.42,452.85,452.42,452.7,4.51444
2020-02-16 04:43:00,1581828180.0,452.56,452.85,452.52,452.76,32.92353
2020-02-16 04:44:00,1581828240.0,452.68,452.68,452.06,452.11,23.02156
2020-02-16 04:45:00,1581828300.0,452.12,452.42,451.79,452.2,63.17135
2020-02-16 04:46:00,1581828360.0,452.21,452.21,451.73,451.81,48.16317
2020-02-16 04:47:00,1581828420.0,451.79,452.34,451.68,452.0,214.16953
2020-02-16 04:48:00,1581828480.0,451.85,452.32,451.75,451.75,89.76745
2020-02-16 04:49:00,1581828540.0,451.74,452.7,451.74,452.7,57.79454
2020-02-16 04:50:00,1581828600.0,452.58,452.69,451.81,452.06,48.81767
2020-02-16 04:51:00,1581828660.0,452.21,452.58,452.07,452.33,90.60693
2020-02-16 04:52:00,1581828720.0,452.36,452.61,452.0,452.13,44.07043
2020-02-16 04:53:00,1581828780.0,452.01,452.09,451.67,451.87,29.96146
2020-02-16 04:54:00,1581828840.0,452.05,452.45,451.97,452.38,70.4044
2020-02-16 04:55:00,1581828900.0,452.38,452.39,451.91,451.91,20.22959
2020-02-16 04:56:00,1581828960.0,451.94,452.36,451.78,451.78,28.48737
2020-02-16 04:57:00,1581829020.0,451.79,452.5,451.79,452.4,21.66904
2020-02-16 04:58:00,1581829080.0,452.25,452.36,451.95,452.3,14.77117
2020-02-16 04:59:00,1581829140.0,452.37,452.94,452.33,452.75,31.94592
2020-02-16 05:00:00,1581829200.0,452.66,453.68,452.59,453.5,46.29841
2020-02-16 05:01:00,1581829260.0,453.69,454.0,453.61,453.62,135.28379
2020-02-16 05:02:00,1581829320.0,453.52,453.62,453.29,453.55,9.47995
2020-02-16 05:03:00,1581829380.0,453.55,454.53,453.55,454.53,52.97966
2020-02-16 05:04:00,1581829440.0,454.52,454.58,454.12,454.58,23.31722
2020-02-16 05:05:00,1581829500.0,454.37,454.58,454.35,454.52,48.90946
2020-02-16 05:06:00,1581829560.0,454.54,454.72,454.52,454.72,5.49489
2020-02-16 05:07:00,1581829620.0,454.72,455.3,454.32,454.33,133.42025
2020-02-16 05:08:00,1581829680.0,454.32,454.32,453.78,454.07,51.9009
2020-02-16 05:09:00,1581829740.0,454.03,454.03,453.49,453.49,58.50769
2020-02-16 05:10:00,1581829800.0,453.57,453.59,452.65,453.07,86.22226
2020-02-16 05:11:00,1581829860.0,453.1,453.34,453.0,453.05,21.03249
2020-02-16 05:12:00,1581829920.0,453.03,453.03,452.43,452.63,42.84781
2020-02-16 05:13:00,1581829980.0,452.59,452.59,451.88,452.51,98.20135
2020-02-16 05:14:00,1581830040.0,452.49,452.49,451.43,451.48,153.45845
2020-02-16 05:15:00,1581830100.0,451.72,452.04,451.72,451.89,14.55433
2020-02-16 05:16:00,1581830160.0,451.89,452.0,451.17,451.37,79.93571
2020-02-16 05:17:00,1581830220.0,451.43,451.64,451.11,451.16,27.71621
2020-02-16 05:18:00,1581830280.0,451.12,451.2,450.56,450.67,59.28767
2020-02-16 05:19:00,1581830340.0,450.64,450.9,450.26,450.54,108.25498
2020-02-16 05:20:00,1581830400.0,450.42,450.72,449.86,450.37,87.8169
2020-02-16 05:21:00,1581830460.0,450.53,451.45,450.45,451.25,69.63144
2020-02-16 05:22:00,1581830520.0,451.06,451.48,450.74,451.04,26.32148
2020-02-16 05:23:00,1581830580.0,450.89,451.05,450.6,450.6,36.93024
2020-02-16 05:24:00,1581830640.0,450.59,450.95,450.47,450.47,32.04857
2020-02-16 05:25:00,1581830700.0,450.47,450.47,449.25,449.3,134.684
2020-02-16 05:26:00,1581830760.0,449.51,449.71,448.68,449.69,169.30706
2020-02-16 05:27:00,1581830820.0,449.68,450.0,449.36,449.92,75.8946
2020-02-16 05:28:00,1581830880.0,449.84,449.98,449.53,449.78,54.09719
2020-02-16 05:29:00,1581830940.0,449.89,450.05,449.11,449.11,23.69942
2020-02-16 05:30:00,1581831000.0,449.12,449.28,448.0,448.15,429.07344
2020-02-16 05:31:00,1581831060.0,448.23,448.69,448.23,448.38,71.63191
2020-02-16 05:32:00,1581831120.0,448.31,448.56,447.99,448.1,118.93173
2020-02-16 05:33:00,1581831180.0,448.2,448.4,446.76,446.86,93.66941
2020-02-16 05:34:00,1581831240.0,446.86,448.0,446.86,447.26,180.98685
2020-02-16 05:35:00,1581831300.0,447.44,447.97,447.34,447.58,259.06934
2020-02-16 05:36:00,1581831360.0,447.65,447.67,445.61,445.64,172.6241
2020-02-16 05:37:00,1581831420.0,445.85,445.94,445.08,445.49,174.44917
2020-02-16 05:38:00,1581831480.0,445.48,446.25,444.65,446.23,518.12645
2020-02-16 05:39:00,1581831540.0,446.07,447.47,446.06,446.81,113.11376
2020-02-16 05:40:00,1581831600.0,446.7,447.13,446.66,446.86,33.35525
2020-02-16 05:41:00,1581831660.0,446.85,447.33,446.68,446.9,89.83966
2020-02-16 05:42:00,1581831720.0,446.8,446.8,445.6,446.04,137.26577
2020-02-16 05:43:00,1581831780.0,445.96,446.72,445.94,446.72,69.18254
2020-02-16 05:44:00,1581831840.0,446.97,447.33,446.78,447.33,194.54418
2020-02-16 05:45:00,1581831900.0,447.33,447.62,445.88,446.6,157.68885
2020-02-16 05:46:00,1581831960.0,446.6,446.6,445.19,445.48,128.75294
2020-02-16 05:47:00,1581832020.0,445.58,446.0,444.86,445.15,133.4297
2020-02-16 05:48:00,1581832080.0,445.15,445.15,443.33,444.47,305.45115
2020-02-16 05:49:00,1581832140.0,444.51,445.31,444.11,444.4,346.46669
2020-02-16 05:50:00,1581832200.0,444.31,445.52,444.28,445.26,188.69429
2020-02-16 05:51:00,1581832260.0,445.22,446.75,445.22,445.46,207.31751
2020-02-16 05:52:00,1581832320.0,445.49,446.14,445.16,445.85,140.62683
2020-02-16 05:53:00,1581832380.0,445.99,446.72,445.68,446.37,372.80085
2020-02-16 05:54:00,1581832440.0,446.57,447.1,446.47,447.1,34.9185
2020-02-16 05:55:00,1581832500.0,447.14,448.18,447.0,447.44,205.01421
2020-02-16 05:56:00,1581832560.0,447.43,447.9,446.75,447.31,107.13754
2020-02-16 05:57:00,1581832620.0,447.31,447.6,446.82,446.82,47.16218
2020-02-16 05:58:00,1581832680.0,446.93,447.63,446.92,447.07,77.3317
2020-02-16 05:59:00,1581832740.0,447.07,447.54,446.83,447.54,17.25854
2020-02-16 06:00:00,1581832800.0,447.36,447.36,446.92,447.13,20.80507
2020-02-16 06:01:00,1581832860.0,447.12,447.86,446.89,447.8,139.40408
2020-02-16 06:02:00,1581832920.0,447.79,448.21,447.63,448.21,55.98592
2020-02-16 06:03:00,1581832980.0,448.21,449.27,448.21,448.8,213.14547
2020-02-16 06:04:00,1581833040.0,448.82,448.97,448.52,448.96,28.10908
2020-02-16 06:05:00,1581833100.0,449.0,449.0,447.28,447.78,115.15615
2020-02-16 06:06:00,1581833160.0,447.85,447.94,447.27,447.76,31.38252
2020-02-16 06:07:00,1581833220.0,447.55,447.6,447.18,447.42,60.21134
2020-02-16 06:08:00,1581833280.0,447.39,447.73,446.38,446.6,88.28259
2020-02-16 06:09:00,1581833340.0,446.6,447.26,446.6,447.03,50.59597
2020-02-16 06:10:00,1581833400.0,446.97,446.97,445.79,446.15,144.59269
2020-02-16 06:11:00,1581833460.0,446.15,446.43,445.66,446.03,53.19619
2020-02-16 06:12:00,1581833520.0,446.13,447.19,446.13,447.19,54.02539
2020-02-16 06:13:00,1581833580.0,447.13,447.13,446.24,446.38,23.03362
2020-02-16 06:14:00,1581833640.0,446.6,447.08,446.35,446.79,11.63775
2020-02-16 06:15:00,1581833700.0,446.63,446.83,445.86,446.65,150.9082
2020-02-16 06:16:00,1581833760.0,446.61,447.12,446.55,447.12,30.87175
2020-02-16 06:17:00,1581833820.0,447.23,448.48,447.23,447.92,96.06241
2020-02-16 06:18:00,1581833880.0,448.04,448.64,447.71,448.25,133.8246
2020-02-16 06:19:00,1581833940.0,448.25,448.75,448.2,448.54,60.45083
2020-02-16 06:20:00,1581834000.0,448.49,448.49,447.78,447.78,37.66872
2020-02-16 06:21:00,1581834060.0,447.78,448.11,447.55,447.89,46.59017
2020-02-16 06:22:00,1581834120.0,447.86,447.86,447.24,447.36,32.88929
2020-02-16 06:23:00,1581834180.0,447.28,447.58,447.28,447.37,1.42458
2020-02-16 06:24:00,1581834240.0,447.32,447.98,447.23,447.71,41.88601
2020-02-16 06:25:00,1581834300.0,447.66,447.87,447.53,447.53,34.00266
2020-02-16 06:26:00,1581834360.0,447.39,447.39,447.0,447.04,6.6543
2020-02-16 06:27:00,1581834420.0,447.0,447.0,446.0,446.24,93.88834
2020-02-16 06:28:00,1581834480.0,446.23,446.24,445.9,446.14,44.90704
2020-02-16 06:29:00,1581834540.0,446.21,447.38,446.21,447.01,158.49684
2020-02-16 06:30:00,1581834600.0,446.95,447.5,446.89,447.5,9.22974
2020-02-16 06:31:00,1581834660.0,447.5,447.68,447.39,447.52,23.60094
2020-02-16 06:32:00,1581834720.0,447.53,448.11,447.53,447.65,36.21087
2020-02-16 06:33:00,1581834780.0,447.64,447.64,447.05,447.29,8.26496
2020-02-16 06:34:00,1581834840.0,447.22,447.22,447.0,447.02,7.43258
2020-02-16 06:35:00,1581834900.0,447.02,447.02,446.56,446.71,25.53306
2020-02-16 06:36:00,1581834960.0,446.83,446.83,446.39,446.44,7.88935
2020-02-16 06:37:00,1581835020.0,446.35,447.05,446.27,446.39,14.80063
2020-02-16 06:38:00,1581835080.0,446.31,447.57,446.27,447.43,16.91943
2020-02-16 06:39:00,1581835140.0,447.42,447.88,447.17,447.59,40.98126
2020-02-16 06:40:00,1581835200.0,447.5,447.87,447.42,447.42,15.83469
2020-02-16 06:41:00,1581835260.0,447.29,447.74,447.25,447.66,32.79494
2020-02-16 06:42:00,1581835320.0,447.68,447.96,447.31,447.54,112.13315
2020-02-16 06:43:00,1581835380.0,447.52,447.53,446.56,446.59,59.50165
2020-02-16 06:44:00,1581835440.0,446.6,446.84,445.94,446.47,88.68621
2020-02-16 06:45:00,1581835500.0,446.51,446.62,445.9,446.24,85.13997
2020-02-16 06:46:00,1581835560.0,446.3,446.45,445.83,446.44,71.95253
2020-02-16 06:47:00,1581835620.0,446.42,448.2,446.42,447.52,164.73054
2020-02-16 06:48:00,1581835680.0,447.61,447.71,447.24,447.39,39.72358
2020-02-16 06:49:00,1581835740.0,447.45,447.46,447.3,447.36,13.29985
2020-02-16 06:50:00,1581835800.0,447.38,447.77,447.38,447.71,9.01456
2020-02-16 06:51:00,1581835860.0,447.89,447.89,447.71,447.72,7.51088
2020-02-16 06:52:00,1581835920.0,447.81,448.64,447.81,448.29,27.75642
2020-02-16 06:53:00,1581835980.0,448.29,448.5,448.29,448.46,31.82537
2020-02-16 06:54:00,1581836040.0,448.52,449.17,448.52,449.04,100.95828
2020-02-16 06:55:00,1581836100.0,449.02,449.44,448.97,449.38,13.91583
2020-02-16 06:56:00,1581836160.0,449.24,449.24,449.04,449.07,11.33665
2020-02-16 06:57:00,1581836220.0,449.08,449.12,448.33,448.45,23.21719
2020-02-16 06:58:00,1581836280.0,448.46,448.98,448.05,448.2,49.27767
2020-02-16 06:59:00,1581836340.0,448.2,448.54,448.02,448.38,36.04695
2020-02-16 07:00:00,1581836400.0,448.4,448.94,448.29,448.93,39.08987
2020-02-16 07:01:00,1581836460.0,448.84,449.55,448.71,449.55,57.19906
2020-02-16 07:02:00,1581836520.0,449.52,450.0,448.99,449.54,22.557
2020-02-16 07:03:00,1581836580.0,449.38,449.38,448.81,449.14,18.2306
2020-02-16 07:04:00,1581836640.0,449.11,450.37,449.11,450.17,142.76609
2020-02-16 07:05:00,1581836700.0,450.17,451.62,449.95,450.77,118.39418
2020-02-16 07:06:00,1581836760.0,450.78,450.98,450.17,450.28,123.50707
2020-02-16 07:07:00,1581836820.0,450.29,450.56,449.95,450.33,46.65339
2020-02-16 07:08:00,1581836880.0,450.21,450.26,449.8,449.8,22.05471
2020-02-16 07:09:00,1581836940.0,449.78,449.83,449.34,449.74,50.85344
2020-02-16 07:10:00,1581837000.0,449.99,450.25,449.61,450.25,22.98493
2020-02-16 07:11:00,1581837060.0,450.16,450.24,449.53,449.62,126.63283
2020-02-16 07:12:00,1581837120.0,449.62,449.79,449.42,449.56,14.90728
2020-02-16 07:13:00,1581837180.0,449.56,450.39,449.55,450.38,25.04299
2020-02-16 07:14:00,1581837240.0,450.21,450.5,449.92,450.48,23.92091
2020-02-16 07:15:00,1581837300.0,450.47,450.93,450.19,450.19,28.29335
2020-02-16 07:16:00,1581837360.0,450.32,450.36,449.95,449.95,30.43662
2020-02-16 07:17:00,1581837420.0,449.98,450.53,449.95,450.53,44.04472
2020-02-16 07:18:00,1581837480.0,450.57,450.65,450.22,450.22,32.02451
2020-02-16 07:19:00,1581837540.0,450.22,450.22,449.63,449.68,20.82339
2020-02-16 07:20:00,1581837600.0,449.83,450.49,449.6,449.69,35.28588
2020-02-16 07:21:00,1581837660.0,449.69,449.69,448.65,449.03,58.76657
2020-02-16 07:22:00,1581837720.0,449.03,449.04,448.7,448.79,22.02459
2020-02-16 07:23:00,1581837780.0,448.8,449.46,448.71,449.3,31.62401
2020-02-16 07:24:00,1581837840.0,449.26,449.38,448.6,448.8,14.21764
2020-02-16 07:25:00,1581837900.0,448.73,449.08,448.72,448.77,60.08123
2020-02-16 07:26:00,1581837960.0,448.73,448.73,447.55,448.21,146.2181
2020-02-16 07:27:00,1581838020.0,448.05,448.42,447.84,448.41,103.80326
2020-02-16 07:28:00,1581838080.0,448.54,448.54,448.1,448.42,16.56208
2020-02-16 07:29:00,1581838140.0,448.2,448.3,447.81,447.85,103.57265
2020-02-16 07:30:00,1581838200.0,447.86,447.86,447.28,447.46,18.68838
2020-02-16 07:31:00,1581838260.0,447.38,447.93,447.1,447.62,128.00011
2020-02-16 07:32:00,1581838320.0,447.63,447.63,447.45,447.45,11.36838
2020-02-16 07:33:00,1581838380.0,447.31,447.59,447.21,447.59,25.2127
2020-02-16 07:34:00,1581838440.0,447.73,448.9,447.73,448.79,107.50096
2020-02-16 07:35:00,1581838500.0,448.68,448.78,448.39,448.61,9.5186
2020-02-16 07:36:00,1581838560.0,448.68,448.97,448.62,448.72,15.4884
2020-02-16 07:37:00,1581838620.0,448.72,448.8,448.47,448.47,8.7757
2020-02-16 07:38:00,1581838680.0,448.45,448.45,447.5,447.5,38.49219
2020-02-16 07:39:00,1581838740.0,447.38,448.09,447.17,448.09,29.87137
2020-02-16 07:40:00,1581838800.0,447.91,448.38,447.91,448.37,9.40199
2020-02-16 07:41:00,1581838860.0,448.2,448.33,447.63,448.22,13.56287
2020-02-16 07:42:00,1581838920.0,448.08,448.44,448.05,448.3,110.54343
2020-02-16 07:43:00,1581838980.0,448.11,448.62,447.97,448.05,123.29253
2020-02-16 07:44:00,1581839040.0,448.05,448.88,448.05,448.31,55.2255
2020-02-16 07:45:00,1581839100.0,448.14,448.97,448.13,448.8,20.89922
2020-02-16 07:46:00,1581839160.0,448.91,449.17,448.34,448.34,19.56627
2020-02-16 07:47:00,1581839220.0,448.42,448.63,448.39,448.63,5.10859
2020-02-16 07:48:00,1581839280.0,448.61,449.15,448.31,448.5,73.47974
2020-02-16 07:49:00,1581839340.0,448.24,448.56,448.14,448.32,13.7396
2020-02-16 07:50:00,1581839400.0,448.32,448.32,447.61,448.09,98.85609
2020-02-16 07:51:00,1581839460.0,448.2,448.2,447.85,447.98,12.31608
2020-02-16 07:52:00,1581839520.0,447.97,448.42,447.95,448.25,13.9132
2020-02-16 07:53:00,1581839580.0,448.28,448.29,447.73,447.73,46.89728
2020-02-16 07:54:00,1581839640.0,447.69,447.73,447.48,447.73,18.24396
2020-02-16 07:55:00,1581839700.0,447.62,448.38,447.62,448.16,12.89449
2020-02-16 07:56:00,1581839760.0,448.24,448.28,447.7,447.7,17.79701
2020-02-16 07:57:00,1581839820.0,447.77,448.25,447.62,447.97,22.83593
2020-02-16 07:58:00,1581839880.0,447.84,447.84,447.41,447.49,26.04749
2020-02-16 07:59:00,1581839940.0,447.42,447.74,447.37,447.74,7.94149
2020-02-16 08:00:00,1581840000.0,447.78,448.32,447.78,448.2,9.42466
2020-02-16 08:01:00,1581840060.0,448.12,448.16,447.72,447.9,18.19177
2020-02-16 08:02:00,1581840120.0,447.82,447.96,447.81,447.81,9.82403
2020-02-16 08:03:00,1581840180.0,447.83,448.15,447.82,448.05,17.72645
2020-02-16 08:04:00,1581840240.0,447.94,448.07,447.74,448.07,35.66204
2020-02-16 08:05:00,1581840300.0,447.96,448.19,447.6,447.69,33.90988
2020-02-16 08:06:00,1581840360.0,447.76,447.87,447.29,447.69,91.12674
2020-02-16 08:07:00,1581840420.0,447.52,447.52,446.93,447.31,118.86097
2020-02-16 08:08:00,1581840480.0,447.34,447.69,446.96,447.22,15.89016
2020-02-16 08:09:00,1581840540.0,447.29,447.55,447.12,447.26,19.44826
2020-02-16 08:10:00,1581840600.0,447.26,447.26,446.88,447.03,13.28684
2020-02-16 08:11:00,1581840660.0,447.06,447.3,446.66,447.28,167.16737
2020-02-16 08:12:00,1581840720.0,447.22,447.59,447.06,447.59,15.80764
2020-02-16 08:13:00,1581840780.0,447.6,447.99,447.26,447.58,218.4987
2020-02-16 08:14:00,1581840840.0,447.35,447.6,446.65,446.72,25.15292
2020-02-16 08:15:00,1581840900.0,446.85,447.12,446.85,447.12,12.73905
2020-02-16 08:16:00,1581840960.0,447.11,447.12,446.69,446.73,19.16223
2020-02-16 08:17:00,1581841020.0,446.79,446.89,446.24,446.24,22.97062
2020-02-16 08:18:00,1581841080.0,446.29,446.58,445.32,445.62,90.09521
2020-02-16 08:19:00,1581841140.0,445.68,445.79,445.21,445.34,117.40835
2020-02-16 08:20:00,1581841200.0,445.45,445.61,445.25,445.47,36.96701
2020-02-16 08:21:00,1581841260.0,445.51,445.79,445.22,445.6,24.33717
2020-02-16 08:22:00,1581841320.0,445.56,445.74,445.43,445.62,10.94775
2020-02-16 08:23:00,1581841380.0,445.61,446.31,445.56,446.25,94.69026
2020-02-16 08:24:00,1581841440.0,446.17,446.46,445.94,446.37,14.41418
2020-02-16 08:25:00,1581841500.0,446.28,446.42,445.79,445.9,19.00745
2020-02-16 08:26:00,1581841560.0,445.97,446.32,445.95,446.18,12.38758
2020-02-16 08:27:00,1581841620.0,446.26,446.26,445.7,446.17,36.89295
2020-02-16 08:28:00,1581841680.0,446.17,446.3,446.06,446.2,12.06657
2020-02-16 08:29:00,1581841740.0,446.16,446.16,445.71,445.75,8.48374
2020-02-16 08:30:00,1581841800.0,445.74,445.74,444.8,444.83,67.4574
2020-02-16 08:31:00,1581841860.0,444.96,445.22,444.49,444.49,72.37939
2020-02-16 08:32:00,1581841920.0,444.67,445.77,444.22,445.68,72.09418
2020-02-16 08:33:00,1581841980.0,445.73,446.13,445.28,446.13,65.32452
2020-02-16 08:34:00,1581842040.0,446.13,446.82,446.13,446.55,50.59659
2020-02-16 08:35:00,1581842100.0,446.76,447.0,446.5,446.66,13.18533
2020-02-16 08:36:00,1581842160.0,446.76,447.07,446.76,447.0,55.35067
2020-02-16 08:37:00,1581842220.0,447.02,447.02,446.46,446.64,26.7446
2020-02-16 08:38:00,1581842280.0,446.53,446.95,446.45,446.67,34.81364
2020-02-16 08:39:00,1581842340.0,446.61,446.67,446.09,446.57,29.9472
2020-02-16 08:40:00,1581842400.0,446.35,446.53,445.75,445.75,12.86682
2020-02-16 08:41:00,1581842460.0,445.7,446.1,445.66,445.77,9.57594
2020-02-16 08:42:00,1581842520.0,445.92,445.93,445.14,445.33,31.25239
2020-02-16 08:43:00,1581842580.0,445.17,445.68,445.12,445.68,32.94837
2020-02-16 08:44:00,1581842640.0,445.68,446.89,445.53,446.55,128.85137
2020-02-16 08:45:00,1581842700.0,446.61,448.2,446.61,448.16,91.47223
2020-02-16 08:46:00,1581842760.0,448.1,448.9,448.09,448.64,95.35934
2020-02-16 08:47:00,1581842820.0,448.89,449.93,448.37,448.97,233.52787
2020-02-16 08:48:00,1581842880.0,449.1,449.37,448.82,448.82,7.00993
2020-02-16 08:49:00,1581842940.0,448.82,449.06,448.55,448.6,20.52653
2020-02-16 08:50:00,1581843000.0,448.55,449.0,448.39,448.51,151.97585
2020-02-16 08:51:00,1581843060.0,448.73,448.78,448.19,448.49,53.32961
2020-02-16 08:52:00,1581843120.0,448.49,448.68,448.41,448.42,31.78516
2020-02-16 08:53:00,1581843180.0,448.42,448.68,448.42,448.62,33.61808
2020-02-16 08:54:00,1581843240.0,448.55,448.55,447.85,447.85,33.9559
2020-02-16 08:55:00,1581843300.0,447.79,447.88,447.68,447.68,21.59807
2020-02-16 08:56:00,1581843360.0,447.62,447.62,447.14,447.14,7.14593
2020-02-16 08:57:00,1581843420.0,447.12,447.12,446.37,446.48,135.36566
2020-02-16 08:58:00,1581843480.0,446.4,446.45,445.35,445.38,82.36805
2020-02-16 08:59:00,1581843540.0,445.58,446.73,445.58,446.35,78.56821
2020-02-16 09:00:00,1581843600.0,446.35,447.43,446.35,447.21,45.06523
2020-02-16 09:01:00,1581843660.0,447.26,447.66,447.26,447.57,30.59579
2020-02-16 09:02:00,1581843720.0,447.53,447.6,447.17,447.31,51.95866
2020-02-16 09:03:00,1581843780.0,447.4,447.61,447.4,447.61,8.49466
2020-02-16 09:04:00,1581843840.0,447.51,448.32,447.51,448.32,73.1417
2020-02-16 09:05:00,1581843900.0,448.33,448.75,448.33,448.73,10.40041
2020-02-16 09:06:00,1581843960.0,448.73,449.96,448.73,449.48,71.61313
2020-02-16 09:07:00,1581844020.0,449.48,449.83,448.82,448.97,112.74014
2020-02-16 09:08:00,1581844080.0,449.0,449.0,448.31,448.46,44.09331
2020-02-16 09:09:00,1581844140.0,448.47,448.47,448.19,448.3,8.6607
2020-02-16 09:10:00,1581844200.0,448.3,448.3,447.71,448.15,30.57824
2020-02-16 09:11:00,1581844260.0,448.09,448.15,448.05,448.12,12.00493
2020-02-16 09:12:00,1581844320.0,448.1,448.1,447.73,447.8,32.44324
2020-02-16 09:13:00,1581844380.0,447.86,448.69,447.86,448.23,53.99622
2020-02-16 09:14:00,1581844440.0,448.25,448.82,448.25,448.82,33.8002
2020-02-16 09:15:00,1581844500.0,448.97,449.09,448.37,448.47,37.79081
2020-02-16 09:16:00,1581844560.0,448.31,448.31,448.0,448.0,30.3918
2020-02-16 09:17:00,1581844620.0,447.89,447.89,447.14,447.2,55.9233
2020-02-16 09:18:00,1581844680.0,447.19,447.19,446.85,447.11,32.24645
2020-02-16 09:19:00,1581844740.0,447.25,447.54,447.25,447.51,16.5177
2020-02-16 09:20:00,1581844800.0,447.7,448.14,447.68,447.75,12.78746
2020-02-16 09:21:00,1581844860.0,447.77,447.83,447.42,447.83,6.37938
2020-02-16 09:22:00,1581844920.0,447.85,448.01,447.85,447.99,8.68867
2020-02-16 09:23:00,1581844980.0,447.9,448.15,447.9,448.15,0.31426
2020-02-16 09:24:00,1581845040.0,448.19,448.59,448.19,448.34,23.85732
2020-02-16 09:25:00,1581845100.0,448.36,448.37,447.91,447.91,18.7153
2020-02-16 09:26:00,1581845160.0,447.99,447.99,447.04,447.12,91.29752
2020-02-16 09:27:00,1581845220.0,447.16,447.35,445.87,445.87,72.65819
2020-02-16 09:28:00,1581845280.0,445.95,446.4,445.89,446.28,75.84862
2020-02-16 09:29:00,1581845340.0,446.17,446.78,445.77,446.51,46.01135
2020-02-16 09:30:00,1581845400.0,446.46,446.46,445.85,446.03,24.65739
2020-02-16 09:31:00,1581845460.0,445.84,446.49,445.75,446.45,45.81358
2020-02-16 09:32:00,1581845520.0,446.6,446.76,446.39,446.63,29.84804
2020-02-16 09:33:00,1581845580.0,446.63,447.11,446.39,446.71,96.32198
2020-02-16 09:34:00,1581845640.0,446.7,446.9,446.13,446.28,81.37578
2020-02-16 09:35:00,1581845700.0,446.23,446.49,446.03,446.49,9.58942
2020-02-16 09:36:00,1581845760.0,446.38,446.38,446.14,446.28,11.17725
2020-02-16 09:37:00,1581845820.0,446.24,446.25,445.6,445.88,12.02682
2020-02-16 09:38:00,1581845880.0,445.87,445.87,445.58,445.8,10.80034
2020-02-16 09:39:00,1581845940.0,445.65,445.65,445.3,445.45,17.53942
2020-02-16 09:40:00,1581846000.0,445.43,446.08,445.43,446.08,60.83892
2020-02-16 09:41:00,1581846060.0,446.28,446.44,446.13,446.3,11.79537
2020-02-16 09:42:00,1581846120.0,446.28,446.7,446.28,446.67,27.58216
2020-02-16 09:43:00,1581846180.0,446.68,447.01,446.48,447.01,7.5727
2020-02-16 09:44:00,1581846240.0,447.0,447.05,446.69,446.87,39.79863
2020-02-16 09:45:00,1581846300.0,446.86,447.22,446.86,447.14,2.47168
2020-02-16 09:46:00,1581846360.0,447.32,447.48,446.12,446.81,73.15776
2020-02-16 09:47:00,1581846420.0,446.92,446.92,446.06,446.12,126.13113
2020-02-16 09:48:00,1581846480.0,446.14,446.14,445.57,445.58,43.66183
2020-02-16 09:49:00,1581846540.0,445.57,445.57,444.74,444.96,78.89959
2020-02-16 09:50:00,1581846600.0,444.89,444.98,442.6,442.65,534.99974
2020-02-16 09:51:00,1581846660.0,442.82,443.34,440.79,442.37,639.99331
2020-02-16 09:52:00,1581846720.0,442.34,442.55,441.15,442.02,425.14069
2020-02-16 09:53:00,1581846780.0,442.1,442.18,440.85,441.27,304.53435
2020-02-16 09:54:00,1581846840.0,441.36,441.53,438.0,439.13,1011.68798
2020-02-16 09:55:00,1581846900.0,439.29,440.89,439.29,440.4,276.67229
2020-02-16 09:56:00,1581846960.0,440.37,441.6,440.0,440.91,449.26333
2020-02-16 09:57:00,1581847020.0,441.0,441.0,440.3,440.43,59.34531
2020-02-16 09:58:00,1581847080.0,440.36,440.36,439.18,439.57,121.24594
2020-02-16 09:59:00,1581847140.0,439.62,440.82,439.24,440.82,88.27044
2020-02-16 10:00:00,1581847200.0,440.77,441.22,440.63,441.0,124.77117
2020-02-16 10:01:00,1581847260.0,441.0,442.5,440.62,442.41,133.30485
2020-02-16 10:02:00,1581847320.0,442.49,444.04,442.4,443.59,239.95748
2020-02-16 10:03:00,1581847380.0,443.65,443.73,442.89,443.41,91.30686
2020-02-16 10:04:00,1581847440.0,443.41,443.5,442.0,442.1,82.49239
2020-02-16 10:05:00,1581847500.0,442.24,442.5,442.0,442.18,12.0993
2020-02-16 10:06:00,1581847560.0,442.01,442.01,441.0,441.22,58.77364
2020-02-16 10:07:00,1581847620.0,441.22,441.84,441.22,441.47,15.54069
2020-02-16 10:08:00,1581847680.0,441.3,442.36,441.3,442.31,29.58434
2020-02-16 10:09:00,1581847740.0,442.46,442.68,441.68,441.7,106.61323
2020-02-16 10:10:00,1581847800.0,441.85,441.96,441.18,441.29,26.83807
2020-02-16 10:11:00,1581847860.0,441.28,442.0,440.74,440.74,155.99367
2020-02-16 10:12:00,1581847920.0,440.74,440.83,440.0,440.0,177.40237
2020-02-16 10:13:00,1581847980.0,439.99,440.07,439.28,439.57,136.6326
2020-02-16 10:14:00,1581848040.0,439.55,439.64,439.03,439.64,227.34323
2020-02-16 10:15:00,1581848100.0,439.63,439.74,438.47,438.47,142.00582
2020-02-16 10:16:00,1581848160.0,438.47,439.49,438.0,439.3,177.57309
2020-02-16 10:17:00,1581848220.0,439.5,441.2,439.5,440.99,186.73445
2020-02-16 10:18:00,1581848280.0,441.06,441.42,440.35,441.02,94.97131
2020-02-16 10:19:00,1581848340.0,440.99,441.83,440.99,441.52,98.41542
2020-02-16 10:20:00,1581848400.0,441.52,441.54,440.29,440.3,183.40651
2020-02-16 10:21:00,1581848460.0,440.35,440.79,440.32,440.59,86.84112
2020-02-16 10:22:00,1581848520.0,440.68,441.87,440.68,441.8,59.79335
2020-02-16 10:23:00,1581848580.0,441.67,441.78,440.91,441.2,32.97537
2020-02-16 10:24:00,1581848640.0,441.36,441.9,441.36,441.64,27.69425
2020-02-16 10:25:00,1581848700.0,441.73,441.89,441.73,441.82,40.72669
2020-02-16 10:26:00,1581848760.0,441.81,441.81,441.52,441.52,15.93726
2020-02-16 10:27:00,1581848820.0,441.46,441.46,441.08,441.33,39.19151
2020-02-16 10:28:00,1581848880.0,441.24,441.29,440.7,441.23,70.55064
2020-02-16 10:29:00,1581848940.0,441.16,441.23,440.85,441.04,9.68159
2020-02-16 10:30:00,1581849000.0,440.92,441.1,440.7,440.95,58.04401
2020-02-16 10:31:00,1581849060.0,441.07,441.07,439.99,439.99,81.7082
2020-02-16 10:32:00,1581849120.0,440.0,440.05,439.26,439.41,95.65053
2020-02-16 10:33:00,1581849180.0,439.26,439.32,438.84,438.89,31.91343
2020-02-16 10:34:00,1581849240.0,438.92,439.53,438.92,439.07,31.48541
2020-02-16 10:35:00,1581849300.0,439.1,439.62,439.0,439.21,214.43102
2020-02-16 10:36:00,1581849360.0,439.2,439.23,439.05,439.13,36.32876
2020-02-16 10:37:00,1581849420.0,439.12,439.12,438.88,438.88,27.48752
2020-02-16 10:38:00,1581849480.0,438.89,439.39,438.89,439.39,73.99597
2020-02-16 10:39:00,1581849540.0,439.46,439.65,438.63,438.72,119.708
2020-02-16 10:40:00,1581849600.0,438.72,438.75,438.46,438.61,60.56272
2020-02-16 10:41:00,1581849660.0,438.75,439.34,438.75,439.28,52.44519
2020-02-16 10:42:00,1581849720.0,439.21,439.88,439.21,439.88,12.11403
2020-02-16 10:43:00,1581849780.0,439.93,440.0,439.35,439.78,47.34883
2020-02-16 10:44:00,1581849840.0,439.73,439.84,439.16,439.26,14.83221
2020-02-16 10:45:00,1581849900.0,439.17,439.54,439.14,439.14,52.94223
2020-02-16 10:46:00,1581849960.0,439.31,439.34,438.98,439.3,238.45557
2020-02-16 10:47:00,1581850020.0,439.23,439.23,438.06,438.75,122.59208
2020-02-16 10:48:00,1581850080.0,438.96,439.34,438.0,438.01,130.64827
2020-02-16 10:49:00,1581850140.0,438.0,438.01,436.62,437.4,515.27462
2020-02-16 10:50:00,1581850200.0,437.41,437.74,436.32,436.68,253.31672
2020-02-16 10:51:00,1581850260.0,436.58,436.67,434.0,434.4,680.97858
2020-02-16 10:52:00,1581850320.0,434.29,435.48,434.0,434.0,462.43574
2020-02-16 10:53:00,1581850380.0,434.0,436.77,433.74,436.16,598.01858
2020-02-16 10:54:00,1581850440.0,436.33,437.32,435.96,437.15,208.43441
2020-02-16 10:55:00,1581850500.0,437.15,437.2,436.42,437.02,158.33946
2020-02-16 10:56:00,1581850560.0,437.12,437.18,434.49,434.55,202.26739
2020-02-16 10:57:00,1581850620.0,434.74,436.69,434.23,436.54,432.59344
2020-02-16 10:58:00,1581850680.0,436.55,436.77,436.0,436.55,78.11499
2020-02-16 10:59:00,1581850740.0,436.4,436.4,435.25,436.03,172.95805
2020-02-16 11:00:00,1581850800.0,436.02,438.56,435.74,438.51,220.15727
2020-02-16 11:01:00,1581850860.0,438.56,438.83,437.14,437.14,129.83702
2020-02-16 11:02:00,1581850920.0,436.97,437.4,436.07,437.4,140.87304
2020-02-16 11:03:00,1581850980.0,437.35,437.6,436.47,436.73,105.42538
2020-02-16 11:04:00,1581851040.0,436.76,437.97,436.71,437.83,115.31039
2020-02-16 11:05:00,1581851100.0,437.87,437.89,437.23,437.77,76.0578
2020-02-16 11:06:00,1581851160.0,437.63,437.69,436.97,436.97,40.08449
2020-02-16 11:07:00,1581851220.0,436.85,437.13,435.52,435.64,123.07488
2020-02-16 11:08:00,1581851280.0,435.61,435.95,434.32,434.63,283.31371
2020-02-16 11:09:00,1581851340.0,434.54,435.42,433.64,435.42,503.31714
2020-02-16 11:10:00,1581851400.0,435.42,436.37,435.42,435.88,93.20779
2020-02-16 11:11:00,1581851460.0,435.85,435.85,434.65,435.02,95.5802
2020-02-16 11:12:00,1581851520.0,435.13,435.41,434.55,434.96,146.53374
2020-02-16 11:13:00,1581851580.0,434.98,435.9,434.97,435.31,91.78372
2020-02-16 11:14:00,1581851640.0,435.23,436.11,435.01,435.9,63.80209
2020-02-16 11:15:00,1581851700.0,435.97,437.83,435.96,437.41,169.0337
2020-02-16 11:16:00,1581851760.0,437.43,438.41,437.37,438.41,91.59894
2020-02-16 11:17:00,1581851820.0,438.41,438.46,437.47,437.57,44.11831
2020-02-16 11:18:00,1581851880.0,437.44,437.91,437.12,437.78,46.68117
2020-02-16 11:19:00,1581851940.0,437.68,438.3,437.65,438.3,3.20872
2020-02-16 11:20:00,1581852000.0,437.97,438.3,437.41,437.41,169.8251
2020-02-16 11:21:00,1581852060.0,437.51,437.92,437.51,437.92,29.08967
2020-02-16 11:22:00,1581852120.0,437.78,437.93,437.13,437.65,132.20622
2020-02-16 11:23:00,1581852180.0,437.86,438.3,437.24,438.3,193.76865
2020-02-16 11:24:00,1581852240.0,438.27,438.27,437.71,437.9,24.99222
2020-02-16 11:25:00,1581852300.0,437.97,438.94,437.87,438.64,269.35763
2020-02-16 11:26:00,1581852360.0,438.93,440.53,438.71,440.18,88.73741
2020-02-16 11:27:00,1581852420.0,440.44,440.44,439.22,439.7,221.49397
2020-02-16 11:28:00,1581852480.0,439.64,440.09,439.38,439.46,42.85166
2020-02-16 11:29:00,1581852540.0,439.32,440.1,439.32,439.98,104.14396
2020-02-16 11:30:00,1581852600.0,439.97,440.13,439.4,439.9,59.40479
2020-02-16 11:31:00,1581852660.0,439.98,440.0,439.58,439.65,24.55259
2020-02-16 11:32:00,1581852720.0,439.82,439.97,438.8,439.68,66.89818
2020-02-16 11:33:00,1581852780.0,439.73,439.89,438.9,439.45,49.09799
2020-02-16 11:34:00,1581852840.0,439.42,439.67,439.17,439.41,24.89137
2020-02-16 11:35:00,1581852900.0,439.28,439.5,438.59,439.5,53.28416
2020-02-16 11:36:00,1581852960.0,439.5,439.5,439.21,439.21,73.5095
2020-02-16 11:37:00,1581853020.0,439.11,439.12,439.0,439.04,1.03887
2020-02-16 11:38:00,1581853080.0,439.15,439.61,439.07,439.51,76.42563
2020-02-16 11:39:00,1581853140.0,439.51,440.09,439.48,439.6,350.87022
2020-02-16 11:40:00,1581853200.0,439.55,439.6,438.88,438.95,15.9684
2020-02-16 11:41:00,1581853260.0,439.13,439.13,438.0,438.12,67.855
2020-02-16 11:42:00,1581853320.0,438.0,438.21,437.5,437.81,263.35336
2020-02-16 11:43:00,1581853380.0,437.96,438.21,437.5,438.21,89.71217
2020-02-16 11:44:00,1581853440.0,438.48,438.65,437.94,437.94,28.11316
2020-02-16 11:45:00,1581853500.0,437.94,438.5,437.57,438.5,55.03117
2020-02-16 11:46:00,1581853560.0,438.51,438.63,438.28,438.55,6.23457
2020-02-16 11:47:00,1581853620.0,438.65,438.65,438.11,438.25,18.81289
2020-02-16 11:48:00,1581853680.0,438.25,438.52,438.23,438.33,23.53271
2020-02-16 11:49:00,1581853740.0,438.27,438.27,437.5,437.5,31.29924
2020-02-16 11:50:00,1581853800.0,437.5,437.51,436.91,436.97,285.08037
2020-02-16 11:51:00,1581853860.0,436.89,437.18,436.5,437.12,31.40063
2020-02-16 11:52:00,1581853920.0,437.24,437.79,437.24,437.76,51.69775
2020-02-16 11:53:00,1581853980.0,437.78,437.89,437.04,437.23,34.44126
2020-02-16 11:54:00,1581854040.0,437.1,437.4,437.07,437.33,19.65952
2020-02-16 11:55:00,1581854100.0,437.33,437.65,437.3,437.3,28.74886
2020-02-16 11:56:00,1581854160.0,437.09,437.15,436.58,436.76,31.79729
2020-02-16 11:57:00,1581854220.0,436.77,436.79,435.23,435.45,180.63692
2020-02-16 11:58:00,1581854280.0,435.47,436.44,435.44,435.44,164.63028
2020-02-16 11:59:00,1581854340.0,435.44,435.54,435.03,435.11,85.12743
2020-02-16 12:00:00,1581854400.0,435.13,436.67,435.09,436.38,320.08654
2020-02-16 12:01:00,1581854460.0,436.43,436.91,435.98,436.35,80.00069
2020-02-16 12:02:00,1581854520.0,436.33,436.56,435.52,435.79,40.42255
2020-02-16 12:03:00,1581854580.0,435.69,436.15,435.31,435.39,39.58422
2020-02-16 12:04:00,1581854640.0,435.47,436.12,435.47,435.95,20.5873
2020-02-16 12:05:00,1581854700.0,435.87,436.15,435.21,435.58,28.12998
2020-02-16 12:06:00,1581854760.0,435.5,435.5,434.86,434.91,68.73359
2020-02-16 12:07:00,1581854820.0,434.85,435.07,434.0,434.63,262.34326
2020-02-16 12:08:00,1581854880.0,434.65,434.79,430.88,431.65,994.47288
2020-02-16 12:09:00,1581854940.0,431.63,434.27,431.09,433.82,602.45745
2020-02-16 12:10:00,1581855000.0,433.97,435.22,433.58,434.27,204.85782
2020-02-16 12:11:00,1581855060.0,434.26,434.26,432.86,433.46,141.53455
2020-02-16 12:12:00,1581855120.0,433.37,433.37,431.34,431.48,285.7746
2020-02-16 12:13:00,1581855180.0,431.32,431.73,430.14,431.24,524.78758
2020-02-16 12:14:00,1581855240.0,431.14,432.0,429.54,432.0,694.80431
2020-02-16 12:15:00,1581855300.0,431.92,434.56,431.07,434.32,405.66739
2020-02-16 12:16:00,1581855360.0,434.52,436.42,434.24,436.15,343.41561
2020-02-16 12:17:00,1581855420.0,436.28,436.64,434.93,436.02,340.23932
2020-02-16 12:18:00,1581855480.0,435.98,436.29,435.1,435.67,150.70898
2020-02-16 12:19:00,1581855540.0,435.68,436.66,435.68,436.25,54.39856
2020-02-16 12:20:00,1581855600.0,436.22,436.32,435.33,435.53,93.96995
2020-02-16 12:21:00,1581855660.0,435.6,435.6,435.24,435.28,28.48159
2020-02-16 12:22:00,1581855720.0,435.21,435.82,435.01,435.58,45.03649
2020-02-16 12:23:00,1581855780.0,435.74,436.25,435.6,436.25,152.90639
2020-02-16 12:24:00,1581855840.0,436.25,436.92,435.53,436.22,623.40521
2020-02-16 12:25:00,1581855900.0,436.29,436.5,436.0,436.27,42.76949
2020-02-16 12:26:00,1581855960.0,436.28,436.4,435.53,435.73,37.38385
2020-02-16 12:27:00,1581856020.0,435.77,435.81,435.23,435.6,37.6022
2020-02-16 12:28:00,1581856080.0,435.6,435.96,435.54,435.54,55.83631
2020-02-16 12:29:00,1581856140.0,435.59,436.0,435.59,436.0,50.45839
2020-02-16 12:30:00,1581856200.0,435.88,436.07,435.64,435.94,15.74791
2020-02-16 12:31:00,1581856260.0,435.92,436.24,434.67,434.81,105.43566
2020-02-16 12:32:00,1581856320.0,434.59,435.27,434.08,434.98,175.62566
2020-02-16 12:33:00,1581856380.0,435.05,435.13,434.23,434.59,118.36553
2020-02-16 12:34:00,1581856440.0,434.59,434.96,434.58,434.94,160.53326
2020-02-16 12:35:00,1581856500.0,435.02,435.17,434.5,434.5,23.34635
2020-02-16 12:36:00,1581856560.0,434.64,435.15,434.38,435.15,36.61036
2020-02-16 12:37:00,1581856620.0,435.15,435.27,434.88,435.19,26.82609
2020-02-16 12:38:00,1581856680.0,435.19,435.2,434.82,434.87,22.33868
2020-02-16 12:39:00,1581856740.0,434.81,434.81,433.79,433.89,80.77407
2020-02-16 12:40:00,1581856800.0,433.88,434.68,433.29,434.37,83.12844
2020-02-16 12:41:00,1581856860.0,434.58,434.58,434.04,434.04,16.18317
2020-02-16 12:42:00,1581856920.0,434.17,434.18,433.33,434.04,48.73171
2020-02-16 12:43:00,1581856980.0,434.07,434.35,433.61,433.79,75.79066
2020-02-16 12:44:00,1581857040.0,433.78,434.61,433.72,434.33,99.17636
2020-02-16 12:45:00,1581857100.0,434.29,435.27,434.23,435.26,58.05816
2020-02-16 12:46:00,1581857160.0,435.27,435.42,434.66,435.13,52.94174
2020-02-16 12:47:00,1581857220.0,435.23,435.55,434.79,434.89,38.44015
2020-02-16 12:48:00,1581857280.0,434.79,434.84,434.47,434.59,63.33408
2020-02-16 12:49:00,1581857340.0,434.62,434.68,433.78,433.87,49.17361
2020-02-16 12:50:00,1581857400.0,433.86,433.88,433.4,433.88,74.84418
2020-02-16 12:51:00,1581857460.0,433.92,434.19,433.48,433.87,86.87689
2020-02-16 12:52:00,1581857520.0,433.92,434.17,433.55,434.11,166.02917
2020-02-16 12:53:00,1581857580.0,434.14,434.14,433.73,433.86,47.36523
2020-02-16 12:54:00,1581857640.0,433.76,434.52,433.76,433.92,75.59639
2020-02-16 12:55:00,1581857700.0,433.91,434.0,433.33,433.65,124.70282
2020-02-16 12:56:00,1581857760.0,433.53,434.14,433.5,434.14,60.26429
2020-02-16 12:57:00,1581857820.0,434.06,435.01,434.06,434.37,84.74122
2020-02-16 12:58:00,1581857880.0,434.36,434.77,434.03,434.38,42.1805
2020-02-16 12:59:00,1581857940.0,434.32,434.51,434.01,434.22,57.6828
2020-02-16 13:00:00,1581858000.0,434.11,434.11,433.24,433.27,93.63448
2020-02-16 13:01:00,1581858060.0,433.23,433.24,431.8,432.15,271.583
2020-02-16 13:02:00,1581858120.0,432.16,432.81,431.51,431.63,63.35653
2020-02-16 13:03:00,1581858180.0,431.46,432.38,431.13,432.19,104.52957
2020-02-16 13:04:00,1581858240.0,432.19,432.23,431.26,431.26,55.97031
2020-02-16 13:05:00,1581858300.0,431.27,432.68,431.0,432.35,227.61947
2020-02-16 13:06:00,1581858360.0,432.4,433.75,432.4,433.12,251.8063
2020-02-16 13:07:00,1581858420.0,433.1,433.32,432.63,432.84,52.37944
2020-02-16 13:08:00,1581858480.0,432.79,433.0,432.25,432.48,71.92364
2020-02-16 13:09:00,1581858540.0,432.32,432.32,431.48,431.55,61.01029
2020-02-16 13:10:00,1581858600.0,431.48,431.48,430.26,430.28,201.8532
2020-02-16 13:11:00,1581858660.0,430.2,431.15,430.11,431.03,195.29001
2020-02-16 13:12:00,1581858720.0,431.03,431.06,429.62,429.84,277.57991
2020-02-16 13:13:00,1581858780.0,429.83,430.84,429.63,430.48,210.71845
2020-02-16 13:14:00,1581858840.0,430.36,430.38,429.77,430.05,134.09412
2020-02-16 13:15:00,1581858900.0,430.05,433.42,429.92,432.03,431.69577
2020-02-16 13:16:00,1581858960.0,432.06,432.69,431.73,432.5,234.74275
2020-02-16 13:17:00,1581859020.0,432.34,433.55,432.16,433.21,141.14093
2020-02-16 13:18:00,1581859080.0,433.12,433.44,432.54,432.54,92.95908
2020-02-16 13:19:00,1581859140.0,432.48,432.51,431.88,432.48,77.06982
2020-02-16 13:20:00,1581859200.0,432.41,432.41,431.61,431.87,53.74682
2020-02-16 13:21:00,1581859260.0,431.8,431.93,430.81,431.1,252.84404
2020-02-16 13:22:00,1581859320.0,430.92,431.78,430.39,431.5,195.068
2020-02-16 13:23:00,1581859380.0,431.5,431.81,430.62,431.14,151.09095
2020-02-16 13:24:00,1581859440.0,430.94,432.1,430.93,431.39,57.49083
2020-02-16 13:25:00,1581859500.0,431.19,432.6,431.19,432.6,109.84467
2020-02-16 13:26:00,1581859560.0,432.34,432.39,431.81,432.15,33.89297
2020-02-16 13:27:00,1581859620.0,431.99,432.0,431.06,431.06,66.41693
2020-02-16 13:28:00,1581859680.0,431.02,431.62,431.02,431.22,20.78747
2020-02-16 13:29:00,1581859740.0,431.27,431.49,431.09,431.23,31.98198
2020-02-16 13:30:00,1581859800.0,431.24,431.24,429.03,429.41,310.04572
2020-02-16 13:31:00,1581859860.0,429.5,429.61,428.41,428.41,370.10817
2020-02-16 13:32:00,1581859920.0,428.58,428.58,427.0,427.42,718.31548
2020-02-16 13:33:00,1581859980.0,427.42,428.9,426.25,428.9,720.1402
2020-02-16 13:34:00,1581860040.0,428.75,431.12,428.71,430.38,481.25285
2020-02-16 13:35:00,1581860100.0,430.25,432.33,430.22,431.73,371.58599
2020-02-16 13:36:00,1581860160.0,431.73,432.64,431.06,432.07,168.60385
2020-02-16 13:37:00,1581860220.0,432.07,432.98,432.07,432.72,146.21568
2020-02-16 13:38:00,1581860280.0,432.72,433.96,432.49,433.61,138.13374
2020-02-16 13:39:00,1581860340.0,433.79,434.47,433.49,433.49,97.74022
2020-02-16 13:40:00,1581860400.0,433.57,433.91,432.79,433.02,337.9289
2020-02-16 13:41:00,1581860460.0,432.86,433.28,432.54,432.73,82.26597
2020-02-16 13:42:00,1581860520.0,432.7,434.18,432.53,434.02,149.79778
2020-02-16 13:43:00,1581860580.0,433.98,434.7,433.87,434.55,315.48995
2020-02-16 13:44:00,1581860640.0,434.41,436.1,434.34,434.5,172.64488
2020-02-16 13:45:00,1581860700.0,434.66,435.91,434.35,435.91,91.43719
2020-02-16 13:46:00,1581860760.0,436.0,437.48,435.54,437.15,163.04642
2020-02-16 13:47:00,1581860820.0,437.16,437.64,435.87,436.82,407.41322
2020-02-16 13:48:00,1581860880.0,436.81,436.82,435.78,436.14,60.50252
2020-02-16 13:49:00,1581860940.0,436.05,436.6,435.65,436.6,42.781
2020-02-16 13:50:00,1581861000.0,436.49,437.57,436.4,436.48,187.88387
2020-02-16 13:51:00,1581861060.0,436.55,438.75,436.54,438.15,228.65091
2020-02-16 13:52:00,1581861120.0,438.39,438.9,437.71,438.34,329.14039
2020-02-16 13:53:00,1581861180.0,438.32,440.0,438.12,439.91,798.76519
2020-02-16 13:54:00,1581861240.0,439.94,439.97,438.68,439.49,324.93948
2020-02-16 13:55:00,1581861300.0,439.45,440.58,438.89,439.51,395.15333
2020-02-16 13:56:00,1581861360.0,439.56,439.56,438.31,438.48,293.59502
2020-02-16 13:57:00,1581861420.0,438.45,439.1,437.66,438.64,278.04941
2020-02-16 13:58:00,1581861480.0,438.79,439.65,438.47,439.0,153.48434
2020-02-16 13:59:00,1581861540.0,439.01,440.46,438.6,439.52,142.61202
2020-02-16 14:00:00,1581861600.0,439.53,439.97,438.88,439.35,205.60133
2020-02-16 14:01:00,1581861660.0,439.57,441.25,439.23,441.22,129.30608
2020-02-16 14:02:00,1581861720.0,441.23,441.66,440.1,441.04,160.75945
2020-02-16 14:03:00,1581861780.0,441.05,442.26,440.85,441.55,358.62259
2020-02-16 14:04:00,1581861840.0,441.41,442.0,440.86,441.33,336.73629
2020-02-16 14:05:00,1581861900.0,441.27,441.98,441.0,441.21,380.57399
2020-02-16 14:06:00,1581861960.0,441.33,441.33,440.13,440.76,161.83757
2020-02-16 14:07:00,1581862020.0,440.72,440.89,439.78,440.64,261.4275
2020-02-16 14:08:00,1581862080.0,440.84,440.99,439.75,439.75,38.79095
2020-02-16 14:09:00,1581862140.0,439.97,440.28,439.19,439.93,226.5799
2020-02-16 14:10:00,1581862200.0,439.92,439.93,438.49,438.77,156.899
2020-02-16 14:11:00,1581862260.0,438.61,438.84,438.12,438.7,136.44783
2020-02-16 14:12:00,1581862320.0,438.55,438.97,438.24,438.93,408.6985
2020-02-16 14:13:00,1581862380.0,439.0,439.81,438.79,439.56,74.29599
2020-02-16 14:14:00,1581862440.0,439.61,439.8,439.23,439.6,42.69219
2020-02-16 14:15:00,1581862500.0,439.62,439.8,438.14,438.72,157.54911
2020-02-16 14:16:00,1581862560.0,438.61,438.8,438.38,438.42,24.70836
2020-02-16 14:17:00,1581862620.0,438.21,438.21,436.87,437.92,342.44198
2020-02-16 14:18:00,1581862680.0,437.83,437.83,436.84,436.84,109.82413
2020-02-16 14:19:00,1581862740.0,436.91,437.74,436.91,437.5,206.64828
2020-02-16 14:20:00,1581862800.0,437.47,438.27,437.33,438.26,112.34841
2020-02-16 14:21:00,1581862860.0,438.37,438.4,437.51,437.99,100.07504
2020-02-16 14:22:00,1581862920.0,438.0,438.0,437.39,437.62,51.0971
2020-02-16 14:23:00,1581862980.0,437.62,438.19,437.54,437.9,31.47428
2020-02-16 14:24:00,1581863040.0,437.7,437.7,437.37,437.37,88.04918
2020-02-16 14:25:00,1581863100.0,437.34,437.78,436.98,437.69,33.71736
2020-02-16 14:26:00,1581863160.0,437.78,437.79,437.04,437.04,30.48297
2020-02-16 14:27:00,1581863220.0,437.06,437.31,436.41,436.42,83.00892
2020-02-16 14:28:00,1581863280.0,436.33,436.99,436.12,436.5,74.8814
2020-02-16 14:29:00,1581863340.0,436.66,436.95,436.33,436.4,14.4126
2020-02-16 14:30:00,1581863400.0,436.39,437.78,436.32,437.14,95.23729
2020-02-16 14:31:00,1581863460.0,437.23,437.72,437.13,437.68,20.14984
2020-02-16 14:32:00,1581863520.0,437.62,437.63,437.21,437.5,82.11418
2020-02-16 14:33:00,1581863580.0,437.5,437.5,436.51,437.11,63.88113
2020-02-16 14:34:00,1581863640.0,437.24,437.24,435.93,435.94,98.99338
2020-02-16 14:35:00,1581863700.0,435.91,435.91,433.85,433.86,153.98546
2020-02-16 14:36:00,1581863760.0,434.04,434.78,433.53,434.13,220.1255
2020-02-16 14:37:00,1581863820.0,434.1,435.24,434.06,434.56,123.00644
2020-02-16 14:38:00,1581863880.0,434.58,435.76,434.58,434.73,70.20015
2020-02-16 14:39:00,1581863940.0,434.72,434.9,434.06,434.27,12.55637
2020-02-16 14:40:00,1581864000.0,434.28,434.8,434.17,434.19,39.6662
2020-02-16 14:41:00,1581864060.0,434.29,435.07,434.29,434.9,54.36473
2020-02-16 14:42:00,1581864120.0,434.87,435.3,434.47,435.17,56.79414
2020-02-16 14:43:00,1581864180.0,435.17,435.17,434.72,434.85,88.46784
2020-02-16 14:44:00,1581864240.0,434.76,435.46,434.76,435.3,31.63624
2020-02-16 14:45:00,1581864300.0,435.48,435.87,435.31,435.44,66.75367
2020-02-16 14:46:00,1581864360.0,435.45,435.45,434.43,434.55,112.47446
2020-02-16 14:47:00,1581864420.0,434.43,434.64,433.88,434.23,201.05715
2020-02-16 14:48:00,1581864480.0,434.37,434.46,433.12,433.12,128.73926
2020-02-16 14:49:00,1581864540.0,433.14,433.31,432.06,432.14,128.58687
2020-02-16 14:50:00,1581864600.0,432.18,433.33,431.22,433.01,308.14124
2020-02-16 14:51:00,1581864660.0,432.98,433.95,432.85,433.14,127.02383
2020-02-16 14:52:00,1581864720.0,433.12,433.31,432.41,432.41,8.63431
2020-02-16 14:53:00,1581864780.0,432.64,432.69,432.18,432.44,28.7051
2020-02-16 14:54:00,1581864840.0,432.62,434.12,432.62,434.0,92.59808
2020-02-16 14:55:00,1581864900.0,434.1,434.81,433.58,433.68,65.13436
2020-02-16 14:56:00,1581864960.0,433.59,434.0,432.71,432.72,74.61942
2020-02-16 14:57:00,1581865020.0,432.71,432.72,431.26,431.27,170.84522
2020-02-16 14:58:00,1581865080.0,431.27,432.27,430.95,432.18,173.7702
2020-02-16 14:59:00,1581865140.0,432.19,432.19,430.63,431.01,137.38165
2020-02-16 15:00:00,1581865200.0,430.99,433.27,430.95,433.27,271.07565
2020-02-16 15:01:00,1581865260.0,433.26,434.17,432.99,433.45,88.29712
2020-02-16 15:02:00,1581865320.0,433.46,434.28,433.46,433.87,118.11602
2020-02-16 15:03:00,1581865380.0,433.93,433.93,432.68,432.68,70.73018
2020-02-16 15:04:00,1581865440.0,432.74,432.74,431.21,431.6,152.91349
2020-02-16 15:05:00,1581865500.0,431.53,432.71,431.45,432.71,33.40541
2020-02-16 15:06:00,1581865560.0,432.79,433.08,432.68,432.92,22.39243
2020-02-16 15:07:00,1581865620.0,432.83,433.1,432.82,433.1,6.41756
2020-02-16 15:08:00,1581865680.0,433.1,434.05,433.1,433.71,44.61759
2020-02-16 15:09:00,1581865740.0,433.74,433.76,433.47,433.7,3.63183
2020-02-16 15:10:00,1581865800.0,433.64,433.74,432.98,432.98,33.72376
2020-02-16 15:11:00,1581865860.0,432.93,433.08,432.22,432.86,68.39647
2020-02-16 15:12:00,1581865920.0,432.89,433.01,431.8,431.8,107.27614
2020-02-16 15:13:00,1581865980.0,431.89,432.06,430.8,431.14,133.55378
2020-02-16 15:14:00,1581866040.0,431.14,431.78,430.96,431.17,105.72094
2020-02-16 15:15:00,1581866100.0,431.14,431.14,429.68,429.79,287.29864
2020-02-16 15:16:00,1581866160.0,429.69,431.44,429.0,431.19,206.61495
2020-02-16 15:17:00,1581866220.0,431.19,433.06,431.19,431.48,436.03804
2020-02-16 15:18:00,1581866280.0,431.47,432.04,429.0,429.22,831.58365
2020-02-16 15:19:00,1581866340.0,429.36,430.35,428.49,428.8,1089.64519
2020-02-16 15:20:00,1581866400.0,428.96,429.99,428.72,428.93,417.65152
2020-02-16 15:21:00,1581866460.0,428.93,428.93,425.0,425.55,438.26376
2020-02-16 15:22:00,1581866520.0,425.71,426.46,425.0,425.0,2688.32045
2020-02-16 15:23:00,1581866580.0,425.0,426.63,424.69,425.83,1140.61868
2020-02-16 15:24:00,1581866640.0,425.87,426.29,422.67,422.67,757.12718
2020-02-16 15:25:00,1581866700.0,422.68,425.74,422.43,424.27,1267.5485
2020-02-16 15:26:00,1581866760.0,424.0,425.44,423.01,423.32,517.22849
2020-02-16 15:27:00,1581866820.0,423.06,423.51,421.06,421.39,430.85911
2020-02-16 15:28:00,1581866880.0,421.72,425.98,421.72,425.98,569.75199
2020-02-16 15:29:00,1581866940.0,425.82,429.0,425.69,426.77,630.97074
2020-02-16 15:30:00,1581867000.0,426.77,428.06,425.33,427.55,669.92265
2020-02-16 15:31:00,1581867060.0,427.54,429.86,427.48,429.06,183.0135
2020-02-16 15:32:00,1581867120.0,429.06,429.06,427.62,428.28,102.29598
2020-02-16 15:33:00,1581867180.0,428.12,428.2,425.23,425.98,447.61781
2020-02-16 15:34:00,1581867240.0,426.0,426.59,424.65,424.77,193.01215
2020-02-16 15:35:00,1581867300.0,424.75,425.59,423.76,425.15,193.22282
2020-02-16 15:36:00,1581867360.0,425.23,425.5,422.17,422.47,278.22673
2020-02-16 15:37:00,1581867420.0,422.48,426.42,422.31,424.82,547.66299
2020-02-16 15:38:00,1581867480.0,424.82,425.37,423.07,423.1,1017.65101
2020-02-16 15:39:00,1581867540.0,423.39,424.47,423.2,424.42,400.35321
2020-02-16 15:40:00,1581867600.0,424.5,425.36,424.13,425.04,131.26823
2020-02-16 15:41:00,1581867660.0,425.03,426.44,425.0,425.41,279.93261
2020-02-16 15:42:00,1581867720.0,425.33,425.44,424.06,424.63,374.13042
2020-02-16 15:43:00,1581867780.0,424.92,426.02,424.78,426.02,159.59238
2020-02-16 15:44:00,1581867840.0,425.84,426.45,425.45,426.29,133.51694
2020-02-16 15:45:00,1581867900.0,426.12,428.6,425.68,428.1,224.65343
2020-02-16 15:46:00,1581867960.0,428.24,428.5,426.5,428.22,727.05817
2020-02-16 15:47:00,1581868020.0,428.21,429.71,427.61,429.08,284.4212
2020-02-16 15:48:00,1581868080.0,429.12,429.79,428.2,429.65,171.68938
2020-02-16 15:49:00,1581868140.0,429.44,429.82,428.27,428.84,181.42928
2020-02-16 15:50:00,1581868200.0,428.85,429.11,428.1,428.39,231.44285
2020-02-16 15:51:00,1581868260.0,428.4,428.63,426.66,426.8,361.34835
2020-02-16 15:52:00,1581868320.0,426.78,427.55,425.68,427.25,227.77683
2020-02-16 15:53:00,1581868380.0,427.25,427.46,426.63,427.04,81.53625
2020-02-16 15:54:00,1581868440.0,427.02,427.22,426.49,426.49,83.28687
2020-02-16 15:55:00,1581868500.0,426.53,428.34,426.23,428.34,246.76818
2020-02-16 15:56:00,1581868560.0,428.15,430.06,428.15,429.07,227.75087
2020-02-16 15:57:00,1581868620.0,429.08,429.56,427.9,427.98,414.94609
2020-02-16 15:58:00,1581868680.0,428.26,428.27,427.17,428.25,132.28291
2020-02-16 15:59:00,1581868740.0,428.22,428.3,427.27,427.46,50.59855
2020-02-16 16:00:00,1581868800.0,427.43,427.43,424.27,424.55,340.16834
2020-02-16 16:01:00,1581868860.0,424.48,428.64,423.66,428.64,624.87325
2020-02-16 16:02:00,1581868920.0,428.63,433.1,428.51,433.1,614.09683
2020-02-16 16:03:00,1581868980.0,432.91,433.1,431.22,431.78,385.29933
2020-02-16 16:04:00,1581869040.0,431.93,433.52,431.48,433.52,368.62666
2020-02-16 16:05:00,1581869100.0,433.61,433.75,432.28,432.66,663.57411
2020-02-16 16:06:00,1581869160.0,432.67,432.96,431.23,431.23,346.22229
2020-02-16 16:07:00,1581869220.0,431.38,432.08,430.59,430.86,231.30444
2020-02-16 16:08:00,1581869280.0,430.9,431.26,429.04,429.39,313.27441
2020-02-16 16:09:00,1581869340.0,429.19,429.55,427.9,428.66,296.29686
2020-02-16 16:10:00,1581869400.0,428.53,430.12,427.89,429.94,206.32428
2020-02-16 16:11:00,1581869460.0,429.83,430.09,428.04,428.05,127.32305
2020-02-16 16:12:00,1581869520.0,427.96,428.16,425.27,425.51,398.61792
2020-02-16 16:13:00,1581869580.0,425.29,426.78,423.03,423.34,356.49121
2020-02-16 16:14:00,1581869640.0,423.25,424.53,421.47,421.69,502.30354
2020-02-16 16:15:00,1581869700.0,421.47,423.12,421.17,421.3,565.71448
2020-02-16 16:16:00,1581869760.0,421.17,421.2,415.0,418.67,4284.11818
2020-02-16 16:17:00,1581869820.0,418.69,419.19,410.8,411.19,2896.97292
2020-02-16 16:18:00,1581869880.0,410.81,411.08,405.0,407.32,3210.5709
2020-02-16 16:19:00,1581869940.0,407.37,410.44,407.34,409.9,1327.44355
2020-02-16 16:20:00,1581870000.0,410.0,412.7,408.78,410.0,1368.65933
2020-02-16 16:21:00,1581870060.0,410.15,412.14,409.67,411.43,842.94033
2020-02-16 16:22:00,1581870120.0,411.22,411.92,408.38,408.49,1040.76751
2020-02-16 16:23:00,1581870180.0,408.51,410.27,405.48,409.26,825.68389
2020-02-16 16:24:00,1581870240.0,409.26,412.0,408.99,409.72,597.07316
2020-02-16 16:25:00,1581870300.0,409.35,410.19,408.56,409.68,376.4381
2020-02-16 16:26:00,1581870360.0,409.76,411.49,408.78,411.41,534.48552
2020-02-16 16:27:00,1581870420.0,411.4,414.28,410.52,412.39,585.27314
2020-02-16 16:28:00,1581870480.0,412.21,412.87,410.15,411.67,566.14832
2020-02-16 16:29:00,1581870540.0,411.68,411.81,409.82,410.47,336.30299
2020-02-16 16:30:00,1581870600.0,410.46,410.73,408.1,408.1,283.92141
2020-02-16 16:31:00,1581870660.0,408.1,409.02,406.84,408.4,840.40029
2020-02-16 16:32:00,1581870720.0,408.6,412.38,408.29,411.62,488.67219
2020-02-16 16:33:00,1581870780.0,411.62,411.99,409.85,411.32,549.29864
2020-02-16 16:34:00,1581870840.0,411.13,411.64,409.22,409.76,485.28087
2020-02-16 16:35:00,1581870900.0,409.75,411.06,409.75,410.38,421.40577
2020-02-16 16:36:00,1581870960.0,410.32,411.1,409.01,409.62,319.94429
2020-02-16 16:37:00,1581871020.0,409.65,409.97,408.03,408.06,262.30834
2020-02-16 16:38:00,1581871080.0,408.08,409.31,408.0,408.96,264.36719
2020-02-16 16:39:00,1581871140.0,408.99,409.2,405.0,405.05,477.0999
2020-02-16 16:40:00,1581871200.0,405.09,406.98,405.0,405.72,2899.22652
2020-02-16 16:41:00,1581871260.0,405.72,406.02,405.0,405.5,1555.09124
2020-02-16 16:42:00,1581871320.0,405.5,407.41,405.0,406.87,565.59247
2020-02-16 16:43:00,1581871380.0,406.86,407.34,406.06,406.45,694.32671
2020-02-16 16:44:00,1581871440.0,406.49,406.52,403.0,404.35,1493.96957
2020-02-16 16:45:00,1581871500.0,404.39,407.1,404.37,406.14,500.75509
2020-02-16 16:46:00,1581871560.0,406.1,406.83,405.7,405.97,518.14561
2020-02-16 16:47:00,1581871620.0,405.83,405.83,400.96,401.28,1310.07387
2020-02-16 16:48:00,1581871680.0,401.25,404.29,400.73,400.73,1388.39562
2020-02-16 16:49:00,1581871740.0,400.73,401.45,395.0,395.32,4071.695
2020-02-16 16:50:00,1581871800.0,395.32,397.03,395.0,395.2,2251.82509
2020-02-16 16:51:00,1581871860.0,395.0,398.0,395.0,395.0,1726.46218
2020-02-16 16:52:00,1581871920.0,395.1,395.1,390.0,390.26,3538.05096
2020-02-16 16:53:00,1581871980.0,390.25,390.98,386.5,387.32,3948.93094
2020-02-16 16:54:00,1581872040.0,387.63,389.84,387.2,389.14,2148.08916
2020-02-16 16:55:00,1581872100.0,389.12,390.86,388.0,389.13,2628.65873
2020-02-16 16:56:00,1581872160.0,389.66,389.69,384.99,385.72,2010.33748
2020-02-16 16:57:00,1581872220.0,385.71,386.44,382.09,386.44,2393.14572
2020-02-16 16:58:00,1581872280.0,386.21,390.4,385.19,389.94,1775.98061
2020-02-16 16:59:00,1581872340.0,389.94,394.98,389.9,393.35,1508.22455
2020-02-16 17:00:00,1581872400.0,393.37,393.93,390.34,391.63,1266.25937
2020-02-16 17:01:00,1581872460.0,391.66,392.06,390.94,391.56,735.09393
2020-02-16 17:02:00,1581872520.0,391.32,391.44,389.32,391.36,839.36915
2020-02-16 17:03:00,1581872580.0,391.54,397.5,391.27,395.94,1040.67708
2020-02-16 17:04:00,1581872640.0,395.44,395.68,393.62,395.23,696.69197
2020-02-16 17:05:00,1581872700.0,395.29,399.22,394.69,399.15,642.80661
2020-02-16 17:06:00,1581872760.0,398.74,400.68,397.4,400.51,550.57875
2020-02-16 17:07:00,1581872820.0,400.7,401.75,398.67,398.67,632.82643
2020-02-16 17:08:00,1581872880.0,398.73,401.22,397.89,400.81,551.96924
2020-02-16 17:09:00,1581872940.0,400.81,401.49,399.41,400.79,754.24841
2020-02-16 17:10:00,1581873000.0,400.94,402.3,400.53,402.3,1012.76878
2020-02-16 17:11:00,1581873060.0,402.42,402.42,398.5,398.84,816.86523
2020-02-16 17:12:00,1581873120.0,398.62,399.06,397.81,398.98,723.96543
2020-02-16 17:13:00,1581873180.0,398.98,401.0,398.69,399.18,313.92529
2020-02-16 17:14:00,1581873240.0,399.0,399.15,396.32,396.32,324.01177
2020-02-16 17:15:00,1581873300.0,396.22,397.95,396.0,396.38,514.4854
2020-02-16 17:16:00,1581873360.0,396.39,396.63,393.69,394.89,697.57306
2020-02-16 17:17:00,1581873420.0,395.38,397.95,394.56,397.81,328.326
2020-02-16 17:18:00,1581873480.0,397.94,400.23,397.84,398.98,718.491
2020-02-16 17:19:00,1581873540.0,399.19,399.5,397.55,397.82,319.14501
2020-02-16 17:20:00,1581873600.0,398.01,400.39,397.95,400.21,172.86773
2020-02-16 17:21:00,1581873660.0,400.17,401.67,400.16,401.33,447.69347
2020-02-16 17:22:00,1581873720.0,401.34,402.03,399.44,400.11,369.00724
2020-02-16 17:23:00,1581873780.0,400.01,401.0,399.81,400.19,111.97384
2020-02-16 17:24:00,1581873840.0,400.0,400.24,399.84,400.11,94.42239
2020-02-16 17:25:00,1581873900.0,399.96,400.22,398.16,399.08,369.02968
2020-02-16 17:26:00,1581873960.0,398.95,399.2,397.61,398.06,70.20167
2020-02-16 17:27:00,1581874020.0,398.19,399.0,397.99,398.64,71.88545
2020-02-16 17:28:00,1581874080.0,398.7,399.29,398.42,399.29,134.07302
2020-02-16 17:29:00,1581874140.0,399.14,400.95,399.13,400.88,126.2738
2020-02-16 17:30:00,1581874200.0,400.72,402.0,400.72,401.67,257.87843
2020-02-16 17:31:00,1581874260.0,401.85,403.81,401.56,403.81,206.50538
2020-02-16 17:32:00,1581874320.0,403.76,404.47,402.8,403.97,638.80186
2020-02-16 17:33:00,1581874380.0,403.71,403.74,402.5,403.31,211.77435
2020-02-16 17:34:00,1581874440.0,403.47,403.47,401.66,402.47,379.94482
2020-02-16 17:35:00,1581874500.0,402.59,403.76,402.01,403.68,158.60775
2020-02-16 17:36:00,1581874560.0,403.69,404.37,403.2,403.71,140.93073
2020-02-16 17:37:00,1581874620.0,403.91,404.45,402.5,402.5,132.75307
2020-02-16 17:38:00,1581874680.0,402.72,402.86,399.86,401.36,437.22415
2020-02-16 17:39:00,1581874740.0,401.05,402.43,400.22,402.42,145.78635
2020-02-16 17:40:00,1581874800.0,402.42,403.82,400.91,401.66,266.76612
2020-02-16 17:41:00,1581874860.0,401.66,403.04,401.11,401.27,120.73383
2020-02-16 17:42:00,1581874920.0,401.4,403.12,401.4,403.1,95.50783
2020-02-16 17:43:00,1581874980.0,403.11,403.16,402.44,402.5,107.43217
2020-02-16 17:44:00,1581875040.0,402.45,403.62,402.45,403.4,19.26163
2020-02-16 17:45:00,1581875100.0,403.43,404.0,402.86,402.86,31.51097
2020-02-16 17:46:00,1581875160.0,402.86,402.88,400.5,401.88,404.12464
2020-02-16 17:47:00,1581875220.0,401.69,402.21,400.89,401.65,115.56889
2020-02-16 17:48:00,1581875280.0,401.67,401.85,400.2,400.92,439.10069
2020-02-16 17:49:00,1581875340.0,400.72,401.59,400.64,401.04,194.01314
2020-02-16 17:50:00,1581875400.0,400.91,401.01,399.4,400.34,252.88831
2020-02-16 17:51:00,1581875460.0,400.34,400.43,398.6,398.88,120.09406
2020-02-16 17:52:00,1581875520.0,398.87,399.7,398.36,399.7,377.61784
2020-02-16 17:53:00,1581875580.0,399.69,400.4,398.97,399.76,88.5842
2020-02-16 17:54:00,1581875640.0,399.89,401.77,399.72,400.3,342.54761
2020-02-16 17:55:00,1581875700.0,400.32,400.99,399.49,400.81,303.84999
2020-02-16 17:56:00,1581875760.0,400.81,400.98,400.0,400.83,82.29409
2020-02-16 17:57:00,1581875820.0,400.72,401.34,400.53,401.14,96.85949
2020-02-16 17:58:00,1581875880.0,401.17,401.34,399.81,399.81,109.39787
2020-02-16 17:59:00,1581875940.0,399.92,399.93,399.0,399.01,46.59843
2020-02-16 18:00:00,1581876000.0,399.12,400.71,399.02,400.7,123.3155
2020-02-16 18:01:00,1581876060.0,400.53,400.77,399.48,400.37,173.50548
2020-02-16 18:02:00,1581876120.0,400.57,400.99,400.24,400.24,132.24195
2020-02-16 18:03:00,1581876180.0,400.38,400.86,399.94,400.59,247.31576
2020-02-16 18:04:00,1581876240.0,400.65,400.89,399.98,400.36,868.74395
2020-02-16 18:05:00,1581876300.0,400.35,401.5,400.07,401.5,258.59082
2020-02-16 18:06:00,1581876360.0,401.5,402.05,401.03,401.53,132.43697
2020-02-16 18:07:00,1581876420.0,401.51,401.82,400.86,401.14,60.48168
2020-02-16 18:08:00,1581876480.0,401.14,402.0,400.95,401.24,86.57099
2020-02-16 18:09:00,1581876540.0,401.53,402.53,401.01,401.55,237.11265
2020-02-16 18:10:00,1581876600.0,401.73,402.48,401.46,402.23,205.34978
2020-02-16 18:11:00,1581876660.0,402.29,403.67,402.27,403.36,138.83264
2020-02-16 18:12:00,1581876720.0,403.56,405.34,403.02,404.64,177.71925
2020-02-16 18:13:00,1581876780.0,404.75,405.74,403.89,405.11,354.63726
2020-02-16 18:14:00,1581876840.0,405.11,405.38,404.64,405.15,91.42676
2020-02-16 18:15:00,1581876900.0,405.11,406.5,404.65,405.84,280.80951
2020-02-16 18:16:00,1581876960.0,405.78,407.43,405.62,407.39,233.9874
2020-02-16 18:17:00,1581877020.0,407.2,407.49,405.85,406.97,227.68614
2020-02-16 18:18:00,1581877080.0,407.07,408.43,407.0,408.03,293.61041
2020-02-16 18:19:00,1581877140.0,407.98,408.56,405.42,406.67,178.67634
2020-02-16 18:20:00,1581877200.0,406.82,407.31,405.34,405.54,260.07331
2020-02-16 18:21:00,1581877260.0,405.56,406.36,405.06,405.72,133.01414
2020-02-16 18:22:00,1581877320.0,405.8,406.13,404.61,404.78,109.18295
2020-02-16 18:23:00,1581877380.0,404.91,405.76,404.91,405.59,88.61104
2020-02-16 18:24:00,1581877440.0,405.41,405.41,404.32,404.66,193.95249
2020-02-16 18:25:00,1581877500.0,404.59,405.11,403.6,404.62,207.80051
2020-02-16 18:26:00,1581877560.0,404.77,404.81,403.51,404.33,106.77793
2020-02-16 18:27:00,1581877620.0,404.43,404.66,404.21,404.26,5.95368
2020-02-16 18:28:00,1581877680.0,404.27,404.45,403.78,404.0,120.10669
2020-02-16 18:29:00,1581877740.0,403.98,403.98,403.07,403.49,128.76685
2020-02-16 18:30:00,1581877800.0,403.46,403.87,402.27,403.6,405.34093
2020-02-16 18:31:00,1581877860.0,403.6,404.91,403.2,404.91,264.19254
2020-02-16 18:32:00,1581877920.0,404.92,405.12,404.07,404.25,275.0035
2020-02-16 18:33:00,1581877980.0,404.25,404.49,403.98,404.16,144.96702
2020-02-16 18:34:00,1581878040.0,404.19,404.55,404.0,404.13,126.43439
2020-02-16 18:35:00,1581878100.0,404.06,404.51,403.39,404.08,256.14168
2020-02-16 18:36:00,1581878160.0,404.29,404.96,404.09,404.91,100.94823
2020-02-16 18:37:00,1581878220.0,404.9,405.96,404.86,405.5,133.48367
2020-02-16 18:38:00,1581878280.0,405.87,406.27,405.41,405.5,121.85171
2020-02-16 18:39:00,1581878340.0,405.4,406.02,405.4,405.68,44.12371
2020-02-16 18:40:00,1581878400.0,405.83,406.26,405.67,405.89,67.11604
2020-02-16 18:41:00,1581878460.0,405.93,406.41,405.23,405.59,184.55126
2020-02-16 18:42:00,1581878520.0,405.5,406.23,405.48,406.07,210.42575
2020-02-16 18:43:00,1581878580.0,406.18,406.22,405.67,405.94,71.73175
2020-02-16 18:44:00,1581878640.0,406.06,406.45,406.06,406.21,192.8052
2020-02-16 18:45:00,1581878700.0,406.2,406.22,405.79,406.13,185.29008
2020-02-16 18:46:00,1581878760.0,405.96,406.53,405.96,406.09,67.69603
2020-02-16 18:47:00,1581878820.0,406.12,406.24,405.78,406.14,133.1393
2020-02-16 18:48:00,1581878880.0,406.14,406.14,404.37,405.78,237.92346
2020-02-16 18:49:00,1581878940.0,405.64,405.92,405.02,405.42,85.65143
2020-02-16 18:50:00,1581879000.0,405.55,406.3,405.55,406.04,63.13238
2020-02-16 18:51:00,1581879060.0,406.01,406.07,405.22,405.22,33.77879
2020-02-16 18:52:00,1581879120.0,405.25,405.72,404.1,405.06,173.48307
2020-02-16 18:53:00,1581879180.0,405.0,405.61,404.4,405.31,78.36493
2020-02-16 18:54:00,1581879240.0,405.48,405.52,404.8,404.94,33.75725
2020-02-16 18:55:00,1581879300.0,405.04,405.88,405.0,405.38,111.43843
2020-02-16 18:56:00,1581879360.0,405.32,405.79,405.1,405.32,146.72841
2020-02-16 18:57:00,1581879420.0,405.33,405.7,404.68,404.68,141.63867
2020-02-16 18:58:00,1581879480.0,404.74,405.15,404.74,404.96,16.48494
2020-02-16 18:59:00,1581879540.0,404.89,404.89,404.27,404.27,43.59563
2020-02-16 19:00:00,1581879600.0,404.2,404.25,402.53,403.34,160.6365
2020-02-16 19:01:00,1581879660.0,403.33,403.33,401.57,402.78,357.73445
2020-02-16 19:02:00,1581879720.0,402.78,402.78,400.86,401.15,334.29441
2020-02-16 19:03:00,1581879780.0,401.06,402.06,401.06,401.42,298.5604
2020-02-16 19:04:00,1581879840.0,401.4,402.08,401.4,401.74,262.68435
2020-02-16 19:05:00,1581879900.0,401.58,402.54,401.17,402.23,622.02937
2020-02-16 19:06:00,1581879960.0,402.03,402.19,401.22,401.42,261.91423
2020-02-16 19:07:00,1581880020.0,401.47,401.47,400.86,401.46,184.90852
2020-02-16 19:08:00,1581880080.0,401.47,402.04,401.31,401.85,114.6067
2020-02-16 19:09:00,1581880140.0,401.77,401.87,401.43,401.82,8.84272
2020-02-16 19:10:00,1581880200.0,401.84,402.11,401.48,401.64,48.05027
2020-02-16 19:11:00,1581880260.0,401.55,401.55,401.26,401.27,44.58619
2020-02-16 19:12:00,1581880320.0,401.2,403.63,400.8,402.72,281.05392
2020-02-16 19:13:00,1581880380.0,402.51,403.1,402.09,403.1,56.10602
2020-02-16 19:14:00,1581880440.0,403.07,403.12,402.02,403.12,48.28605
2020-02-16 19:15:00,1581880500.0,403.13,404.57,402.94,403.6,139.87822
2020-02-16 19:16:00,1581880560.0,403.57,403.71,402.59,402.81,170.07951
2020-02-16 19:17:00,1581880620.0,402.82,402.91,401.81,401.98,42.24932
2020-02-16 19:18:00,1581880680.0,401.7,402.17,401.03,401.98,92.49525
2020-02-16 19:19:00,1581880740.0,401.95,402.5,401.26,401.5,70.37676
2020-02-16 19:20:00,1581880800.0,401.6,402.4,401.23,401.47,40.83249
2020-02-16 19:21:00,1581880860.0,401.51,401.69,401.08,401.69,7.20009
2020-02-16 19:22:00,1581880920.0,401.65,401.69,401.14,401.5,36.08123
2020-02-16 19:23:00,1581880980.0,401.38,401.39,401.18,401.28,5.97454
2020-02-16 19:24:00,1581881040.0,401.26,401.3,401.13,401.17,6.42202
2020-02-16 19:25:00,1581881100.0,401.3,401.91,401.3,401.71,41.96291
2020-02-16 19:26:00,1581881160.0,401.68,401.7,401.4,401.49,80.53259
2020-02-16 19:27:00,1581881220.0,401.44,402.45,401.44,402.25,33.3902
2020-02-16 19:28:00,1581881280.0,402.25,402.25,401.13,401.53,130.09368
2020-02-16 19:29:00,1581881340.0,401.43,402.4,401.42,401.91,44.63057
2020-02-16 19:30:00,1581881400.0,401.69,401.93,401.69,401.79,24.04684
2020-02-16 19:31:00,1581881460.0,401.84,402.55,401.84,402.15,29.94431
2020-02-16 19:32:00,1581881520.0,402.17,402.73,402.14,402.59,15.64722
2020-02-16 19:33:00,1581881580.0,402.67,402.71,401.61,402.46,67.67574
2020-02-16 19:34:00,1581881640.0,402.43,402.43,401.55,401.64,44.0708
2020-02-16 19:35:00,1581881700.0,401.68,401.74,401.04,401.04,47.3122
2020-02-16 19:36:00,1581881760.0,401.05,401.55,401.0,401.24,114.71286
2020-02-16 19:37:00,1581881820.0,401.15,401.16,400.81,400.81,16.98624
2020-02-16 19:38:00,1581881880.0,400.84,400.87,399.95,399.95,208.10365
2020-02-16 19:39:00,1581881940.0,399.94,399.96,398.77,399.06,175.97455
2020-02-16 19:40:00,1581882000.0,399.1,399.54,398.89,399.06,341.97398
2020-02-16 19:41:00,1581882060.0,399.07,399.28,398.63,399.28,16.22066
2020-02-16 19:42:00,1581882120.0,399.33,399.34,398.0,398.0,88.00596
2020-02-16 19:43:00,1581882180.0,398.15,398.51,396.81,398.36,231.90734
2020-02-16 19:44:00,1581882240.0,398.2,398.23,396.98,397.62,142.89324
2020-02-16 19:45:00,1581882300.0,397.33,397.37,395.96,396.16,121.04808
2020-02-16 19:46:00,1581882360.0,396.15,398.79,396.11,398.32,240.75966
2020-02-16 19:47:00,1581882420.0,398.13,398.13,396.32,396.97,267.27097
2020-02-16 19:48:00,1581882480.0,397.1,397.4,396.01,396.67,176.44327
2020-02-16 19:49:00,1581882540.0,396.66,397.5,395.77,396.78,504.36397
2020-02-16 19:50:00,1581882600.0,396.92,396.92,395.81,395.94,13.02473
2020-02-16 19:51:00,1581882660.0,395.94,396.32,395.27,395.27,121.78376
2020-02-16 19:52:00,1581882720.0,395.17,396.96,395.1,396.84,191.02509
2020-02-16 19:53:00,1581882780.0,396.95,399.19,396.95,399.0,233.33039
2020-02-16 19:54:00,1581882840.0,398.95,399.06,396.88,397.09,288.74254
2020-02-16 19:55:00,1581882900.0,396.91,397.48,396.49,397.34,115.98827
2020-02-16 19:56:00,1581882960.0,397.48,397.7,396.9,397.46,122.60313
2020-02-16 19:57:00,1581883020.0,397.46,397.56,397.28,397.28,70.81031
2020-02-16 19:58:00,1581883080.0,397.14,397.88,397.1,397.88,67.90813
2020-02-16 19:59:00,1581883140.0,397.97,398.98,396.87,396.87,163.21975
2020-02-16 20:00:00,1581883200.0,396.8,396.95,395.29,395.5,102.32053
2020-02-16 20:01:00,1581883260.0,395.34,396.67,395.32,396.53,54.57831
2020-02-16 20:02:00,1581883320.0,396.53,397.25,396.38,397.25,27.50552
2020-02-16 20:03:00,1581883380.0,397.28,397.82,396.98,397.64,75.0196
2020-02-16 20:04:00,1581883440.0,397.64,397.75,396.83,396.92,146.05639
2020-02-16 20:05:00,1581883500.0,396.96,398.03,396.96,397.92,31.59525
2020-02-16 20:06:00,1581883560.0,397.92,398.12,397.11,397.79,73.82591
2020-02-16 20:07:00,1581883620.0,397.97,399.68,397.96,398.28,73.17983
2020-02-16 20:08:00,1581883680.0,398.17,398.52,397.96,398.52,48.02346
2020-02-16 20:09:00,1581883740.0,398.47,398.59,398.22,398.49,7.63358
2020-02-16 20:10:00,1581883800.0,398.5,398.5,397.41,397.89,97.32931
2020-02-16 20:11:00,1581883860.0,398.03,398.51,398.03,398.03,107.5618
2020-02-16 20:12:00,1581883920.0,397.85,397.85,397.41,397.77,97.04064
2020-02-16 20:13:00,1581883980.0,397.71,398.15,397.7,397.97,29.06907
2020-02-16 20:14:00,1581884040.0,398.02,398.02,397.41,397.87,48.54863
2020-02-16 20:15:00,1581884100.0,398.01,398.88,398.01,398.29,81.6843
2020-02-16 20:16:00,1581884160.0,398.47,398.47,397.83,398.23,26.85676
2020-02-16 20:17:00,1581884220.0,398.04,398.04,397.49,397.49,17.11861
2020-02-16 20:18:00,1581884280.0,397.67,397.68,396.75,397.19,202.09882
2020-02-16 20:19:00,1581884340.0,397.11,397.11,396.51,396.65,28.3539
2020-02-16 20:20:00,1581884400.0,396.66,397.0,396.5,396.98,14.379
2020-02-16 20:21:00,1581884460.0,396.98,397.1,396.87,397.06,10.61632
2020-02-16 20:22:00,1581884520.0,397.06,397.68,397.0,397.68,13.07935
2020-02-16 20:23:00,1581884580.0,397.69,398.2,397.16,397.77,90.08842
2020-02-16 20:24:00,1581884640.0,397.98,398.05,397.33,398.0,33.18759
2020-02-16 20:25:00,1581884700.0,398.1,398.1,397.43,397.65,9.90033
2020-02-16 20:26:00,1581884760.0,397.6,397.6,396.9,397.13,141.96947
2020-02-16 20:27:00,1581884820.0,397.13,397.38,397.01,397.01,46.45595
2020-02-16 20:28:00,1581884880.0,396.92,396.99,396.57,396.61,8.58296
2020-02-16 20:29:00,1581884940.0,396.73,397.19,396.6,397.15,40.17136
2020-02-16 20:30:00,1581885000.0,397.01,397.12,396.56,396.71,5.3837
2020-02-16 20:31:00,1581885060.0,396.7,396.71,396.32,396.4,21.37008
2020-02-16 20:32:00,1581885120.0,396.39,396.39,395.82,395.82,47.49499
2020-02-16 20:33:00,1581885180.0,395.81,395.81,395.13,395.44,32.24764
2020-02-16 20:34:00,1581885240.0,395.37,395.99,395.35,395.94,36.84267
2020-02-16 20:35:00,1581885300.0,396.0,396.11,395.6,395.77,73.14274
2020-02-16 20:36:00,1581885360.0,395.77,395.79,395.51,395.51,25.12658
2020-02-16 20:37:00,1581885420.0,395.47,395.5,395.14,395.39,21.14407
2020-02-16 20:38:00,1581885480.0,395.47,395.79,395.25,395.5,57.68386
2020-02-16 20:39:00,1581885540.0,395.5,395.64,395.14,395.64,5.4146
2020-02-16 20:40:00,1581885600.0,395.65,395.77,395.19,395.21,203.79619
2020-02-16 20:41:00,1581885660.0,395.36,395.5,395.13,395.2,204.33624
2020-02-16 20:42:00,1581885720.0,395.13,395.33,395.13,395.3,93.15819
2020-02-16 20:43:00,1581885780.0,395.3,396.66,395.3,396.0,318.49652
2020-02-16 20:44:00,1581885840.0,396.0,396.96,395.72,396.49,29.84603
2020-02-16 20:45:00,1581885900.0,396.58,396.59,395.68,395.89,114.61704
2020-02-16 20:46:00,1581885960.0,395.7,395.7,395.38,395.42,20.07918
2020-02-16 20:47:00,1581886020.0,395.26,395.42,395.13,395.3,329.03141
2020-02-16 20:48:00,1581886080.0,395.17,396.09,395.17,395.6,43.40232
2020-02-16 20:49:00,1581886140.0,395.36,397.04,395.36,397.03,61.30125
2020-02-16 20:50:00,1581886200.0,397.1,397.94,397.1,397.54,52.18277
2020-02-16 20:51:00,1581886260.0,397.4,397.8,397.39,397.68,27.98501
2020-02-16 20:52:00,1581886320.0,397.68,398.08,397.55,397.96,139.02566
2020-02-16 20:53:00,1581886380.0,397.96,397.96,397.27,397.51,10.26267
2020-02-16 20:54:00,1581886440.0,397.77,397.96,397.77,397.96,1.98324
2020-02-16 20:55:00,1581886500.0,397.86,397.88,396.94,396.99,44.49818
2020-02-16 20:56:00,1581886560.0,396.97,397.19,396.9,397.12,23.75041
2020-02-16 20:57:00,1581886620.0,397.06,397.14,396.78,397.0,53.8967
2020-02-16 20:58:00,1581886680.0,397.0,397.29,397.0,397.29,87.37618
2020-02-16 20:59:00,1581886740.0,397.29,397.78,397.29,397.78,40.12743
2020-02-16 21:00:00,1581886800.0,397.77,397.96,397.23,397.23,82.582
2020-02-16 21:01:00,1581886860.0,397.11,397.22,396.88,397.0,42.07958
2020-02-16 21:02:00,1581886920.0,396.85,397.11,396.69,397.0,41.183
2020-02-16 21:03:00,1581886980.0,396.92,396.94,396.73,396.74,23.89945
2020-02-16 21:04:00,1581887040.0,396.78,397.0,396.72,396.75,119.07436
2020-02-16 21:05:00,1581887100.0,396.75,396.87,396.54,396.62,30.22762
2020-02-16 21:06:00,1581887160.0,396.73,397.0,396.34,396.36,76.04264
2020-02-16 21:07:00,1581887220.0,396.37,396.75,395.97,396.74,21.051
2020-02-16 21:08:00,1581887280.0,396.84,396.96,396.63,396.73,26.29017
2020-02-16 21:09:00,1581887340.0,396.75,397.63,396.75,397.25,37.53396
2020-02-16 21:10:00,1581887400.0,397.08,398.36,397.07,398.22,30.89823
2020-02-16 21:11:00,1581887460.0,398.17,399.43,398.17,398.65,124.00697
2020-02-16 21:12:00,1581887520.0,398.61,399.18,398.43,398.98,73.81129
2020-02-16 21:13:00,1581887580.0,398.89,398.89,398.04,398.54,79.62071
2020-02-16 21:14:00,1581887640.0,398.56,398.61,397.99,398.4,14.77873
2020-02-16 21:15:00,1581887700.0,398.57,399.19,398.42,398.95,22.58709
2020-02-16 21:16:00,1581887760.0,398.95,399.19,398.67,398.87,163.74802
2020-02-16 21:17:00,1581887820.0,398.95,399.01,398.82,399.0,23.96784
2020-02-16 21:18:00,1581887880.0,398.88,398.88,398.09,398.74,499.16521
2020-02-16 21:19:00,1581887940.0,398.98,400.15,398.98,399.48,239.75727
2020-02-16 21:20:00,1581888000.0,399.41,399.41,398.89,399.03,78.19076
2020-02-16 21:21:00,1581888060.0,399.1,400.05,399.02,399.91,92.90644
2020-02-16 21:22:00,1581888120.0,400.02,401.38,399.94,400.68,202.94793
2020-02-16 21:23:00,1581888180.0,400.64,401.41,400.2,401.39,211.36562
2020-02-16 21:24:00,1581888240.0,401.41,401.41,400.29,400.89,512.51245
2020-02-16 21:25:00,1581888300.0,400.81,400.81,400.54,400.56,22.71637
2020-02-16 21:26:00,1581888360.0,400.67,401.2,400.67,401.2,5.844
2020-02-16 21:27:00,1581888420.0,401.37,401.37,400.51,401.02,33.4555
2020-02-16 21:28:00,1581888480.0,401.24,401.24,400.67,400.95,221.30714
2020-02-16 21:29:00,1581888540.0,400.95,401.0,400.52,400.66,149.211
2020-02-16 21:30:00,1581888600.0,400.76,401.0,400.28,401.0,180.61726
2020-02-16 21:31:00,1581888660.0,401.23,401.26,400.82,400.97,32.3038
2020-02-16 21:32:00,1581888720.0,400.95,401.25,400.34,401.22,201.45957
2020-02-16 21:33:00,1581888780.0,401.14,401.22,400.09,400.5,57.17231
2020-02-16 21:34:00,1581888840.0,400.56,401.17,400.56,401.17,25.93153
2020-02-16 21:35:00,1581888900.0,400.97,401.01,400.81,401.01,2.19086
2020-02-16 21:36:00,1581888960.0,401.08,401.15,401.08,401.15,10.13819
2020-02-16 21:37:00,1581889020.0,401.19,401.66,401.19,401.52,120.46993
2020-02-16 21:38:00,1581889080.0,401.64,402.44,401.56,402.39,100.36797
2020-02-16 21:39:00,1581889140.0,402.19,402.49,401.9,402.16,33.30668
2020-02-16 21:40:00,1581889200.0,402.17,402.67,402.13,402.67,10.12889
2020-02-16 21:41:00,1581889260.0,402.48,402.56,401.81,401.81,24.88107
2020-02-16 21:42:00,1581889320.0,401.82,402.21,401.82,401.99,28.23286
2020-02-16 21:43:00,1581889380.0,402.12,402.12,402.05,402.06,0.2972
2020-02-16 21:44:00,1581889440.0,402.05,402.05,400.29,400.29,126.08421
2020-02-16 21:45:00,1581889500.0,400.3,400.97,399.43,400.0,105.9551
2020-02-16 21:46:00,1581889560.0,400.0,400.9,400.0,400.81,32.39345
2020-02-16 21:47:00,1581889620.0,400.81,400.81,400.5,400.52,6.47393
2020-02-16 21:48:00,1581889680.0,400.5,400.5,400.37,400.37,6.15687
2020-02-16 21:49:00,1581889740.0,400.37,400.76,400.37,400.63,18.65768
2020-02-16 21:50:00,1581889800.0,400.63,400.63,399.79,400.02,21.39175
2020-02-16 21:51:00,1581889860.0,400.03,400.16,399.66,399.82,12.71809
2020-02-16 21:52:00,1581889920.0,399.79,399.8,399.3,399.3,23.84706
2020-02-16 21:53:00,1581889980.0,399.21,399.3,399.0,399.23,50.06185
2020-02-16 21:54:00,1581890040.0,399.01,399.73,398.76,399.49,69.37113
2020-02-16 21:55:00,1581890100.0,399.45,399.48,398.86,398.86,8.04919
2020-02-16 21:56:00,1581890160.0,398.7,398.82,397.97,398.42,32.39858
2020-02-16 21:57:00,1581890220.0,398.5,398.52,397.69,397.74,66.54987
2020-02-16 21:58:00,1581890280.0,397.74,398.29,397.73,398.28,25.35056
2020-02-16 21:59:00,1581890340.0,398.29,398.29,397.72,397.97,5.71051
2020-02-16 22:00:00,1581890400.0,397.96,398.03,397.7,397.84,9.86449
2020-02-16 22:01:00,1581890460.0,397.99,397.99,397.61,397.76,5.69227
2020-02-16 22:02:00,1581890520.0,397.6,397.6,396.86,397.26,33.47725
2020-02-16 22:03:00,1581890580.0,397.31,399.0,397.21,398.62,48.95355
2020-02-16 22:04:00,1581890640.0,398.48,398.97,398.48,398.49,9.57936
2020-02-16 22:05:00,1581890700.0,398.31,398.44,397.48,397.96,36.52919
2020-02-16 22:06:00,1581890760.0,398.05,398.75,397.97,398.75,14.14095
2020-02-16 22:07:00,1581890820.0,398.53,399.39,398.41,399.08,61.0522
2020-02-16 22:08:00,1581890880.0,399.14,399.73,398.84,399.3,100.21028
2020-02-16 22:09:00,1581890940.0,399.3,399.63,398.94,398.97,199.94495
2020-02-16 22:10:00,1581891000.0,398.97,399.11,398.84,399.09,105.55928
2020-02-16 22:11:00,1581891060.0,399.09,399.48,399.07,399.31,50.54
2020-02-16 22:12:00,1581891120.0,399.43,399.46,399.12,399.3,48.6878
2020-02-16 22:13:00,1581891180.0,399.18,399.18,398.69,398.71,21.58783
2020-02-16 22:14:00,1581891240.0,398.76,398.83,398.52,398.79,7.30932
2020-02-16 22:15:00,1581891300.0,398.79,399.32,398.79,399.32,221.14833
2020-02-16 22:16:00,1581891360.0,399.16,399.76,399.16,399.52,58.41409
2020-02-16 22:17:00,1581891420.0,399.52,400.22,399.5,400.18,80.82889
2020-02-16 22:18:00,1581891480.0,400.19,400.3,400.04,400.1,48.82664
2020-02-16 22:19:00,1581891540.0,400.12,400.34,399.96,400.32,23.29936
2020-02-16 22:20:00,1581891600.0,400.32,400.73,400.32,400.63,25.91554
2020-02-16 22:21:00,1581891660.0,400.62,401.13,400.6,401.1,51.87008
2020-02-16 22:22:00,1581891720.0,401.08,402.0,400.99,402.0,75.41844
2020-02-16 22:23:00,1581891780.0,401.95,402.15,401.78,402.04,13.80328
2020-02-16 22:24:00,1581891840.0,402.14,402.35,402.14,402.16,21.65106
2020-02-16 22:25:00,1581891900.0,402.16,402.5,402.16,402.5,26.87498
2020-02-16 22:26:00,1581891960.0,402.54,402.89,402.5,402.89,25.97348
2020-02-16 22:27:00,1581892020.0,402.89,403.44,402.74,403.19,116.08222
2020-02-16 22:28:00,1581892080.0,403.22,403.75,403.22,403.55,52.71601
2020-02-16 22:29:00,1581892140.0,403.55,403.73,403.3,403.46,39.81017
2020-02-16 22:30:00,1581892200.0,403.63,403.75,403.46,403.52,14.90203
2020-02-16 22:31:00,1581892260.0,403.62,403.62,403.42,403.43,82.09115
2020-02-16 22:32:00,1581892320.0,403.43,403.73,403.26,403.46,209.50474
2020-02-16 22:33:00,1581892380.0,403.45,404.79,403.28,404.73,174.9914
2020-02-16 22:34:00,1581892440.0,404.75,405.0,403.89,404.98,357.24751
2020-02-16 22:35:00,1581892500.0,404.81,405.83,404.35,405.06,582.14533
2020-02-16 22:36:00,1581892560.0,405.06,407.66,405.01,406.42,550.45213
2020-02-16 22:37:00,1581892620.0,406.34,407.48,406.32,406.87,169.24569
2020-02-16 22:38:00,1581892680.0,406.82,406.99,406.65,406.92,19.34112
2020-02-16 22:39:00,1581892740.0,406.83,407.6,406.83,407.6,16.09196
2020-02-16 22:40:00,1581892800.0,407.46,408.0,407.35,407.86,76.9903
2020-02-16 22:41:00,1581892860.0,407.86,408.09,406.2,406.23,211.54432
2020-02-16 22:42:00,1581892920.0,406.48,408.1,406.29,407.91,47.51059
2020-02-16 22:43:00,1581892980.0,407.91,407.91,406.77,406.91,40.00834
2020-02-16 22:44:00,1581893040.0,407.09,407.54,407.09,407.39,23.99873
2020-02-16 22:45:00,1581893100.0,407.41,409.07,407.1,409.07,138.25486
2020-02-16 22:46:00,1581893160.0,408.91,409.09,406.3,406.74,84.89726
2020-02-16 22:47:00,1581893220.0,406.74,407.87,406.1,407.54,369.9815
2020-02-16 22:48:00,1581893280.0,407.54,409.13,407.0,407.45,224.96939
2020-02-16 22:49:00,1581893340.0,407.45,407.51,407.24,407.25,24.00227
2020-02-16 22:50:00,1581893400.0,407.16,407.97,407.11,407.62,32.72006
2020-02-16 22:51:00,1581893460.0,407.54,407.95,407.5,407.73,14.09812
2020-02-16 22:52:00,1581893520.0,407.63,407.63,407.0,407.11,58.31635
2020-02-16 22:53:00,1581893580.0,407.01,408.25,407.0,407.91,451.34864
2020-02-16 22:54:00,1581893640.0,407.95,408.8,407.46,407.86,79.82326
2020-02-16 22:55:00,1581893700.0,407.87,408.26,407.57,408.23,30.24161
2020-02-16 22:56:00,1581893760.0,408.47,409.11,408.33,409.1,97.39972
2020-02-16 22:57:00,1581893820.0,408.85,408.85,408.32,408.32,88.91887
2020-02-16 22:58:00,1581893880.0,408.42,409.92,408.4,409.64,110.15846
2020-02-16 22:59:00,1581893940.0,409.75,410.0,408.78,410.0,81.78815
2020-02-16 23:00:00,1581894000.0,409.83,410.5,409.61,409.8,255.05502
2020-02-16 23:01:00,1581894060.0,409.8,410.1,407.44,409.67,445.83329
2020-02-16 23:02:00,1581894120.0,409.77,410.3,408.71,410.16,107.5842
2020-02-16 23:03:00,1581894180.0,410.38,410.99,409.68,410.22,151.37051
2020-02-16 23:04:00,1581894240.0,410.15,410.94,409.93,410.94,22.19197
2020-02-16 23:05:00,1581894300.0,410.78,411.82,410.64,411.82,167.37906
2020-02-16 23:06:00,1581894360.0,411.78,412.0,411.0,411.51,138.97638
2020-02-16 23:07:00,1581894420.0,411.52,412.83,411.35,412.57,529.60221
2020-02-16 23:08:00,1581894480.0,412.58,413.76,412.39,413.69,215.12541
2020-02-16 23:09:00,1581894540.0,413.53,414.17,413.11,413.29,365.8292
2020-02-16 23:10:00,1581894600.0,413.09,413.67,411.81,412.48,607.22353
2020-02-16 23:11:00,1581894660.0,412.2,414.43,411.78,413.1,874.51909
2020-02-16 23:12:00,1581894720.0,412.89,414.14,411.93,413.27,280.25469
2020-02-16 23:13:00,1581894780.0,413.37,414.24,412.36,412.68,224.41839
2020-02-16 23:14:00,1581894840.0,412.42,413.75,411.98,412.06,131.84833
2020-02-16 23:15:00,1581894900.0,412.19,413.28,412.1,413.21,1092.14064
2020-02-16 23:16:00,1581894960.0,413.36,414.0,412.8,414.0,79.15524
2020-02-16 23:17:00,1581895020.0,414.0,414.85,413.5,414.56,470.67881
2020-02-16 23:18:00,1581895080.0,414.36,414.81,413.76,413.97,267.2485
2020-02-16 23:19:00,1581895140.0,413.93,414.0,413.16,413.29,105.53168
2020-02-16 23:20:00,1581895200.0,413.2,413.53,412.43,413.14,170.21971
2020-02-16 23:21:00,1581895260.0,413.33,414.0,413.32,413.78,236.79422
2020-02-16 23:22:00,1581895320.0,413.77,413.99,413.66,413.66,67.34152
2020-02-16 23:23:00,1581895380.0,413.71,414.54,413.5,414.38,57.56503
2020-02-16 23:24:00,1581895440.0,414.28,415.52,414.28,415.52,165.47085
2020-02-16 23:25:00,1581895500.0,415.5,416.41,415.5,416.25,198.95631
2020-02-16 23:26:00,1581895560.0,416.31,416.59,415.83,416.03,277.23207
2020-02-16 23:27:00,1581895620.0,416.2,416.2,414.56,414.93,244.38731
2020-02-16 23:28:00,1581895680.0,414.93,416.44,414.29,416.09,391.57267
2020-02-16 23:29:00,1581895740.0,416.26,416.87,415.97,416.62,111.78577
2020-02-16 23:30:00,1581895800.0,416.72,416.86,416.0,416.5,121.24996
2020-02-16 23:31:00,1581895860.0,416.72,416.72,413.86,414.28,370.89745
2020-02-16 23:32:00,1581895920.0,414.07,414.33,413.22,414.17,183.48647
2020-02-16 23:33:00,1581895980.0,414.19,414.29,413.18,413.53,105.30502
2020-02-16 23:34:00,1581896040.0,413.6,414.0,413.23,413.62,49.58391
2020-02-16 23:35:00,1581896100.0,413.63,413.71,411.96,411.97,246.02839
2020-02-16 23:36:00,1581896160.0,412.17,413.57,410.86,413.0,325.34469
2020-02-16 23:37:00,1581896220.0,413.12,413.75,412.81,413.33,54.23345
2020-02-16 23:38:00,1581896280.0,413.34,414.67,413.2,414.33,232.24013
2020-02-16 23:39:00,1581896340.0,414.41,415.65,414.23,414.97,115.20797
2020-02-16 23:40:00,1581896400.0,415.13,415.19,413.85,414.03,90.58667
2020-02-16 23:41:00,1581896460.0,414.03,414.45,413.72,414.36,163.77706
2020-02-16 23:42:00,1581896520.0,414.33,415.39,414.28,415.39,96.68665
2020-02-16 23:43:00,1581896580.0,415.39,415.65,415.0,415.5,49.69577
2020-02-16 23:44:00,1581896640.0,415.52,415.95,415.15,415.95,64.70622
2020-02-16 23:45:00,1581896700.0,415.94,417.02,415.8,416.93,241.46269
2020-02-16 23:46:00,1581896760.0,416.94,417.76,416.55,417.17,219.13974
2020-02-16 23:47:00,1581896820.0,417.2,417.79,416.13,416.94,184.77376
2020-02-16 23:48:00,1581896880.0,416.82,417.96,416.51,417.46,358.53787
2020-02-16 23:49:00,1581896940.0,417.25,418.0,416.98,417.2,177.41547
2020-02-16 23:50:00,1581897000.0,417.35,417.9,416.78,416.94,160.84243
2020-02-16 23:51:00,1581897060.0,416.75,417.27,415.99,416.07,229.89624
2020-02-16 23:52:00,1581897120.0,416.2,416.5,415.66,416.46,115.59352
2020-02-16 23:53:00,1581897180.0,416.53,416.77,416.0,416.2,81.64244
2020-02-16 23:54:00,1581897240.0,416.24,416.65,416.04,416.19,56.7384
2020-02-16 23:55:00,1581897300.0,416.3,416.58,415.67,415.93,138.20962
2020-02-16 23:56:00,1581897360.0,415.74,416.24,415.1,415.22,64.84413
2020-02-16 23:57:00,1581897420.0,415.11,415.18,413.19,413.2,215.73688
2020-02-16 23:58:00,1581897480.0,413.2,414.05,413.19,413.43,259.42909
2020-02-16 23:59:00,1581897540.0,413.65,413.65,411.68,411.68,149.8419
