Universal Time,Unix Time,Open,High,Low,Close,Volume
2025-06-04 00:00:00,1748995200.0,661.6,661.6,661.02,661.02,249.919
2025-06-04 00:01:00,1748995260.0,661.02,661.3,661.02,661.25,106.521
2025-06-04 00:02:00,1748995320.0,661.24,661.58,661.24,661.53,39.312
2025-06-04 00:03:00,1748995380.0,661.54,661.59,661.32,661.32,31.668
2025-06-04 00:04:00,1748995440.0,661.33,661.44,661.3,661.38,74.461
2025-06-04 00:05:00,1748995500.0,661.39,661.48,661.28,661.47,29.689
2025-06-04 00:06:00,1748995560.0,661.47,661.48,661.3,661.31,50.119
2025-06-04 00:07:00,1748995620.0,661.31,661.48,661.3,661.48,27.58
2025-06-04 00:08:00,1748995680.0,661.48,661.6,661.48,661.59,16.711
2025-06-04 00:09:00,1748995740.0,661.6,661.84,661.5,661.5,53.437
2025-06-04 00:10:00,1748995800.0,661.51,661.6,661.26,661.6,55.114
2025-06-04 00:11:00,1748995860.0,661.59,661.7,661.59,661.67,32.82
2025-06-04 00:12:00,1748995920.0,661.67,661.77,661.43,661.44,39.076
2025-06-04 00:13:00,1748995980.0,661.43,661.44,661.26,661.26,56.639
2025-06-04 00:14:00,1748996040.0,661.26,661.37,661.19,661.37,45.127
2025-06-04 00:15:00,1748996100.0,661.37,661.76,661.37,661.72,63.751
2025-06-04 00:16:00,1748996160.0,661.72,661.8,661.7,661.77,43.093
2025-06-04 00:17:00,1748996220.0,661.77,661.98,661.76,661.98,42.428
2025-06-04 00:18:00,1748996280.0,661.98,662.09,661.98,662.09,51.39
2025-06-04 00:19:00,1748996340.0,662.08,662.3,662.08,662.3,56.474
2025-06-04 00:20:00,1748996400.0,662.3,662.51,662.29,662.36,84.319
2025-06-04 00:21:00,1748996460.0,662.37,662.37,662.09,662.16,80.887
2025-06-04 00:22:00,1748996520.0,662.17,662.52,662.17,662.5,36.225
2025-06-04 00:23:00,1748996580.0,662.5,662.5,662.3,662.37,68.662
2025-06-04 00:24:00,1748996640.0,662.38,662.62,662.38,662.62,84.049
2025-06-04 00:25:00,1748996700.0,662.62,662.62,662.5,662.55,38.491
2025-06-04 00:26:00,1748996760.0,662.56,662.6,662.55,662.6,32.108
2025-06-04 00:27:00,1748996820.0,662.6,662.61,662.55,662.56,54.173
2025-06-04 00:28:00,1748996880.0,662.55,662.82,662.55,662.7,429.581
2025-06-04 00:29:00,1748996940.0,662.69,662.69,662.04,662.04,193.352
2025-06-04 00:30:00,1748997000.0,662.05,662.05,661.4,661.4,89.441
2025-06-04 00:31:00,1748997060.0,661.41,661.5,661.29,661.35,44.895
2025-06-04 00:32:00,1748997120.0,661.35,661.85,661.35,661.85,53.537
2025-06-04 00:33:00,1748997180.0,661.85,661.9,661.6,661.62,28.187
2025-06-04 00:34:00,1748997240.0,661.61,661.9,661.61,661.74,25.654
2025-06-04 00:35:00,1748997300.0,661.75,661.75,661.5,661.56,39.832
2025-06-04 00:36:00,1748997360.0,661.56,661.56,661.22,661.22,151.809
2025-06-04 00:37:00,1748997420.0,661.23,661.3,661.1,661.11,19.796
2025-06-04 00:38:00,1748997480.0,661.11,661.37,661.1,661.27,41.297
2025-06-04 00:39:00,1748997540.0,661.26,661.27,661.0,661.0,30.681
2025-06-04 00:40:00,1748997600.0,661.01,661.08,660.84,660.85,50.532
2025-06-04 00:41:00,1748997660.0,660.85,660.99,660.84,660.99,28.767
2025-06-04 00:42:00,1748997720.0,661.0,661.1,660.93,660.94,35.034
2025-06-04 00:43:00,1748997780.0,660.95,661.27,660.95,661.27,34.359
2025-06-04 00:44:00,1748997840.0,661.27,661.55,661.27,661.54,24.807
2025-06-04 00:45:00,1748997900.0,661.55,662.2,661.54,662.19,102.872
2025-06-04 00:46:00,1748997960.0,662.2,662.2,661.92,661.92,49.678
2025-06-04 00:47:00,1748998020.0,661.93,662.14,661.7,662.13,79.942
2025-06-04 00:48:00,1748998080.0,662.13,662.14,662.13,662.14,18.319
2025-06-04 00:49:00,1748998140.0,662.13,662.6,662.13,662.59,50.405
2025-06-04 00:50:00,1748998200.0,662.6,662.71,662.6,662.71,30.383
2025-06-04 00:51:00,1748998260.0,662.7,662.8,662.66,662.67,43.391
2025-06-04 00:52:00,1748998320.0,662.67,662.89,662.66,662.88,88.469
2025-06-04 00:53:00,1748998380.0,662.89,663.0,662.88,663.0,78.939
2025-06-04 00:54:00,1748998440.0,663.0,663.12,662.99,663.12,78.519
2025-06-04 00:55:00,1748998500.0,663.12,663.3,663.12,663.2,71.072
2025-06-04 00:56:00,1748998560.0,663.21,663.28,663.2,663.27,24.969
2025-06-04 00:57:00,1748998620.0,663.28,663.28,663.25,663.26,30.973
2025-06-04 00:58:00,1748998680.0,663.26,663.4,663.25,663.4,40.985
2025-06-04 00:59:00,1748998740.0,663.39,663.4,663.25,663.26,26.711
2025-06-04 01:00:00,1748998800.0,663.26,663.42,663.24,663.39,128.091
2025-06-04 01:01:00,1748998860.0,663.39,663.79,663.39,663.76,165.581
2025-06-04 01:02:00,1748998920.0,663.76,663.96,663.74,663.89,141.739
2025-06-04 01:03:00,1748998980.0,663.9,663.97,663.89,663.97,69.74
2025-06-04 01:04:00,1748999040.0,663.97,664.1,663.96,664.1,51.107
2025-06-04 01:05:00,1748999100.0,664.09,664.54,664.09,664.49,294.126
2025-06-04 01:06:00,1748999160.0,664.49,664.64,664.49,664.63,126.736
2025-06-04 01:07:00,1748999220.0,664.63,664.74,664.47,664.73,306.267
2025-06-04 01:08:00,1748999280.0,664.74,665.26,664.73,665.25,136.866
2025-06-04 01:09:00,1748999340.0,665.26,665.4,664.62,664.92,285.002
2025-06-04 01:10:00,1748999400.0,664.92,665.0,664.77,664.77,95.292
2025-06-04 01:11:00,1748999460.0,664.77,665.07,664.77,664.91,33.356
2025-06-04 01:12:00,1748999520.0,664.9,665.03,664.9,665.01,163.572
2025-06-04 01:13:00,1748999580.0,665.0,665.0,664.51,664.51,34.73
2025-06-04 01:14:00,1748999640.0,664.5,664.51,664.5,664.5,14.776
2025-06-04 01:15:00,1748999700.0,664.51,664.6,664.45,664.47,49.098
2025-06-04 01:16:00,1748999760.0,664.47,664.65,664.38,664.65,28.42
2025-06-04 01:17:00,1748999820.0,664.65,664.65,664.5,664.53,34.737
2025-06-04 01:18:00,1748999880.0,664.52,664.52,664.1,664.17,73.238
2025-06-04 01:19:00,1748999940.0,664.17,664.44,664.16,664.29,24.299
2025-06-04 01:20:00,1749000000.0,664.3,664.35,664.0,664.08,40.752
2025-06-04 01:21:00,1749000060.0,664.07,664.15,664.07,664.14,90.456
2025-06-04 01:22:00,1749000120.0,664.14,664.39,664.14,664.29,49.3
2025-06-04 01:23:00,1749000180.0,664.29,664.34,664.24,664.24,22.412
2025-06-04 01:24:00,1749000240.0,664.25,664.65,664.24,664.65,35.608
2025-06-04 01:25:00,1749000300.0,664.67,665.16,664.67,664.96,133.999
2025-06-04 01:26:00,1749000360.0,664.95,665.37,664.93,664.93,171.929
2025-06-04 01:27:00,1749000420.0,664.93,664.96,664.76,664.77,36.716
2025-06-04 01:28:00,1749000480.0,664.76,664.77,664.61,664.71,26.543
2025-06-04 01:29:00,1749000540.0,664.71,665.0,664.7,665.0,119.826
2025-06-04 01:30:00,1749000600.0,665.0,665.1,664.95,665.01,164.063
2025-06-04 01:31:00,1749000660.0,665.0,665.17,664.8,665.16,103.266
2025-06-04 01:32:00,1749000720.0,665.17,665.28,665.13,665.27,56.414
2025-06-04 01:33:00,1749000780.0,665.27,665.27,665.12,665.13,21.138
2025-06-04 01:34:00,1749000840.0,665.12,665.13,664.95,664.96,10.762
2025-06-04 01:35:00,1749000900.0,664.96,664.98,664.43,664.64,178.91
2025-06-04 01:36:00,1749000960.0,664.65,664.65,664.48,664.59,51.011
2025-06-04 01:37:00,1749001020.0,664.6,664.79,664.6,664.79,103.087
2025-06-04 01:38:00,1749001080.0,664.79,664.9,664.78,664.9,9.401
2025-06-04 01:39:00,1749001140.0,664.9,665.19,664.86,665.19,306.347
2025-06-04 01:40:00,1749001200.0,665.18,665.3,664.93,665.01,92.319
2025-06-04 01:41:00,1749001260.0,665.01,665.16,665.0,665.15,19.342
2025-06-04 01:42:00,1749001320.0,665.16,665.16,665.13,665.16,22.185
2025-06-04 01:43:00,1749001380.0,665.15,665.5,665.15,665.5,24.624
2025-06-04 01:44:00,1749001440.0,665.49,666.21,665.49,666.2,881.94
2025-06-04 01:45:00,1749001500.0,666.2,666.4,666.16,666.4,108.405
2025-06-04 01:46:00,1749001560.0,666.41,666.59,665.97,666.07,500.939
2025-06-04 01:47:00,1749001620.0,666.07,666.07,665.7,665.85,54.652
2025-06-04 01:48:00,1749001680.0,665.85,666.01,665.73,665.87,73.318
2025-06-04 01:49:00,1749001740.0,665.87,666.07,665.87,665.99,52.903
2025-06-04 01:50:00,1749001800.0,665.99,666.52,665.99,666.51,268.303
2025-06-04 01:51:00,1749001860.0,666.51,666.66,666.44,666.65,255.954
2025-06-04 01:52:00,1749001920.0,666.65,666.87,666.6,666.61,153.282
2025-06-04 01:53:00,1749001980.0,666.61,666.71,666.33,666.65,215.508
2025-06-04 01:54:00,1749002040.0,666.65,667.1,666.65,666.8,571.288
2025-06-04 01:55:00,1749002100.0,666.81,667.2,666.57,666.87,319.563
2025-06-04 01:56:00,1749002160.0,666.91,666.99,666.8,666.93,66.175
2025-06-04 01:57:00,1749002220.0,666.92,666.98,666.8,666.84,64.836
2025-06-04 01:58:00,1749002280.0,666.85,666.99,666.84,666.92,58.111
2025-06-04 01:59:00,1749002340.0,666.92,667.06,666.88,666.95,47.832
2025-06-04 02:00:00,1749002400.0,666.95,667.18,666.9,667.12,78.814
2025-06-04 02:01:00,1749002460.0,667.12,667.32,667.12,667.31,129.859
2025-06-04 02:02:00,1749002520.0,667.31,667.62,667.31,667.41,267.815
2025-06-04 02:03:00,1749002580.0,667.41,667.78,667.4,667.7,285.361
2025-06-04 02:04:00,1749002640.0,667.71,667.86,667.52,667.53,103.157
2025-06-04 02:05:00,1749002700.0,667.52,667.78,667.36,667.77,54.441
2025-06-04 02:06:00,1749002760.0,667.78,668.11,667.77,668.06,121.436
2025-06-04 02:07:00,1749002820.0,668.07,668.52,668.06,668.26,245.25
2025-06-04 02:08:00,1749002880.0,668.27,668.4,668.24,668.38,142.107
2025-06-04 02:09:00,1749002940.0,668.37,668.38,668.1,668.27,106.598
2025-06-04 02:10:00,1749003000.0,668.28,668.28,668.1,668.11,44.363
2025-06-04 02:11:00,1749003060.0,668.11,668.11,667.81,667.82,66.859
2025-06-04 02:12:00,1749003120.0,667.82,667.82,667.45,667.55,73.068
2025-06-04 02:13:00,1749003180.0,667.56,667.6,667.46,667.58,56.085
2025-06-04 02:14:00,1749003240.0,667.59,667.59,667.28,667.28,179.801
2025-06-04 02:15:00,1749003300.0,667.28,667.36,667.26,667.29,88.948
2025-06-04 02:16:00,1749003360.0,667.29,667.8,667.29,667.77,66.668
2025-06-04 02:17:00,1749003420.0,667.78,667.78,667.56,667.56,48.479
2025-06-04 02:18:00,1749003480.0,667.56,667.66,667.56,667.62,37.996
2025-06-04 02:19:00,1749003540.0,667.63,667.88,667.62,667.76,33.206
2025-06-04 02:20:00,1749003600.0,667.77,667.78,667.71,667.78,15.36
2025-06-04 02:21:00,1749003660.0,667.78,667.88,667.72,667.8,24.78
2025-06-04 02:22:00,1749003720.0,667.79,667.87,667.72,667.86,69.411
2025-06-04 02:23:00,1749003780.0,667.87,667.87,667.76,667.79,87.51
2025-06-04 02:24:00,1749003840.0,667.79,667.8,667.62,667.67,116.644
2025-06-04 02:25:00,1749003900.0,667.67,667.67,667.4,667.49,202.583
2025-06-04 02:26:00,1749003960.0,667.5,667.77,667.5,667.73,30.439
2025-06-04 02:27:00,1749004020.0,667.72,667.73,667.6,667.61,29.921
2025-06-04 02:28:00,1749004080.0,667.61,667.65,667.59,667.65,16.83
2025-06-04 02:29:00,1749004140.0,667.65,667.8,667.65,667.79,17.202
2025-06-04 02:30:00,1749004200.0,667.8,667.86,667.79,667.8,41.753
2025-06-04 02:31:00,1749004260.0,667.79,667.79,667.75,667.76,12.314
2025-06-04 02:32:00,1749004320.0,667.76,667.9,667.76,667.9,45.751
2025-06-04 02:33:00,1749004380.0,667.89,668.0,667.89,667.99,77.727
2025-06-04 02:34:00,1749004440.0,668.0,668.01,667.76,667.91,291.429
2025-06-04 02:35:00,1749004500.0,667.91,667.94,667.8,667.93,30.807
2025-06-04 02:36:00,1749004560.0,667.93,668.0,667.93,667.95,44.2
2025-06-04 02:37:00,1749004620.0,667.94,667.95,667.48,667.48,41.237
2025-06-04 02:38:00,1749004680.0,667.48,667.59,667.2,667.2,117.03
2025-06-04 02:39:00,1749004740.0,667.2,667.21,667.04,667.11,37.867
2025-06-04 02:40:00,1749004800.0,667.1,667.11,667.0,667.1,19.324
2025-06-04 02:41:00,1749004860.0,667.11,667.13,666.93,667.13,72.068
2025-06-04 02:42:00,1749004920.0,667.12,667.15,666.98,666.98,13.028
2025-06-04 02:43:00,1749004980.0,666.98,667.15,666.98,667.12,38.733
2025-06-04 02:44:00,1749005040.0,667.12,667.12,667.0,667.08,45.734
2025-06-04 02:45:00,1749005100.0,667.07,667.3,667.01,667.3,99.707
2025-06-04 02:46:00,1749005160.0,667.3,667.37,667.11,667.34,18.67
2025-06-04 02:47:00,1749005220.0,667.34,667.34,667.31,667.31,7.42
2025-06-04 02:48:00,1749005280.0,667.32,667.37,667.16,667.16,28.408
2025-06-04 02:49:00,1749005340.0,667.15,667.16,666.74,666.8,48.556
2025-06-04 02:50:00,1749005400.0,666.81,667.1,666.75,666.75,193.734
2025-06-04 02:51:00,1749005460.0,666.76,666.87,666.72,666.73,119.193
2025-06-04 02:52:00,1749005520.0,666.73,666.73,666.5,666.5,26.044
2025-06-04 02:53:00,1749005580.0,666.5,666.51,666.36,666.37,45.931
2025-06-04 02:54:00,1749005640.0,666.36,666.49,666.36,666.49,55.951
2025-06-04 02:55:00,1749005700.0,666.49,666.69,666.49,666.55,165.906
2025-06-04 02:56:00,1749005760.0,666.56,666.56,666.5,666.5,18.491
2025-06-04 02:57:00,1749005820.0,666.51,666.59,666.5,666.5,8.169
2025-06-04 02:58:00,1749005880.0,666.51,666.51,666.33,666.36,63.921
2025-06-04 02:59:00,1749005940.0,666.35,666.36,666.27,666.28,66.499
2025-06-04 03:00:00,1749006000.0,666.28,666.62,666.28,666.6,78.13
2025-06-04 03:01:00,1749006060.0,666.6,666.82,666.59,666.79,42.193
2025-06-04 03:02:00,1749006120.0,666.78,667.49,666.78,667.49,471.561
2025-06-04 03:03:00,1749006180.0,667.5,668.15,667.49,668.14,103.731
2025-06-04 03:04:00,1749006240.0,668.14,668.74,668.14,668.7,175.512
2025-06-04 03:05:00,1749006300.0,668.7,668.96,668.67,668.83,188.649
2025-06-04 03:06:00,1749006360.0,668.84,668.97,668.8,668.97,71.996
2025-06-04 03:07:00,1749006420.0,668.97,668.97,668.84,668.94,119.275
2025-06-04 03:08:00,1749006480.0,668.94,668.99,668.93,668.94,53.189
2025-06-04 03:09:00,1749006540.0,668.95,669.09,668.94,669.08,189.254
2025-06-04 03:10:00,1749006600.0,669.09,669.65,669.02,669.25,454.406
2025-06-04 03:11:00,1749006660.0,669.25,669.32,669.2,669.32,226.837
2025-06-04 03:12:00,1749006720.0,669.31,669.31,669.15,669.25,42.228
2025-06-04 03:13:00,1749006780.0,669.24,669.3,669.2,669.3,51.237
2025-06-04 03:14:00,1749006840.0,669.29,669.46,669.29,669.45,58.081
2025-06-04 03:15:00,1749006900.0,669.46,669.94,669.46,669.71,722.983
2025-06-04 03:16:00,1749006960.0,669.71,669.82,669.7,669.71,113.475
2025-06-04 03:17:00,1749007020.0,669.71,669.81,669.71,669.74,35.206
2025-06-04 03:18:00,1749007080.0,669.75,669.75,669.45,669.46,130.009
2025-06-04 03:19:00,1749007140.0,669.46,669.8,669.46,669.8,127.416
2025-06-04 03:20:00,1749007200.0,669.79,669.81,669.61,669.62,48.23
2025-06-04 03:21:00,1749007260.0,669.62,669.69,669.47,669.57,39.263
2025-06-04 03:22:00,1749007320.0,669.58,669.58,669.51,669.55,63.553
2025-06-04 03:23:00,1749007380.0,669.56,669.58,669.55,669.55,14.259
2025-06-04 03:24:00,1749007440.0,669.55,669.58,669.55,669.57,33.611
2025-06-04 03:25:00,1749007500.0,669.56,669.57,669.48,669.48,20.483
2025-06-04 03:26:00,1749007560.0,669.49,669.56,669.48,669.54,32.705
2025-06-04 03:27:00,1749007620.0,669.54,669.9,669.53,669.84,59.419
2025-06-04 03:28:00,1749007680.0,669.84,669.98,669.83,669.98,75.281
2025-06-04 03:29:00,1749007740.0,669.98,669.98,669.85,669.88,103.725
2025-06-04 03:30:00,1749007800.0,669.88,669.99,669.86,669.87,70.022
2025-06-04 03:31:00,1749007860.0,669.87,669.87,669.67,669.68,12.276
2025-06-04 03:32:00,1749007920.0,669.68,669.8,669.56,669.56,50.931
2025-06-04 03:33:00,1749007980.0,669.57,669.71,669.57,669.63,96.149
2025-06-04 03:34:00,1749008040.0,669.63,669.65,669.6,669.6,32.837
2025-06-04 03:35:00,1749008100.0,669.61,669.61,669.5,669.51,33.86
2025-06-04 03:36:00,1749008160.0,669.5,669.57,669.49,669.57,35.762
2025-06-04 03:37:00,1749008220.0,669.57,669.57,669.43,669.44,58.694
2025-06-04 03:38:00,1749008280.0,669.44,669.44,669.43,669.43,14.902
2025-06-04 03:39:00,1749008340.0,669.44,669.55,669.43,669.54,36.013
2025-06-04 03:40:00,1749008400.0,669.55,669.73,669.54,669.62,103.825
2025-06-04 03:41:00,1749008460.0,669.62,669.62,669.55,669.56,23.77
2025-06-04 03:42:00,1749008520.0,669.56,669.7,669.55,669.7,32.724
2025-06-04 03:43:00,1749008580.0,669.7,669.73,669.53,669.53,66.199
2025-06-04 03:44:00,1749008640.0,669.52,669.54,669.4,669.41,150.657
2025-06-04 03:45:00,1749008700.0,669.4,669.51,669.4,669.41,17.505
2025-06-04 03:46:00,1749008760.0,669.41,669.6,669.4,669.59,45.959
2025-06-04 03:47:00,1749008820.0,669.59,669.62,669.5,669.5,37.176
2025-06-04 03:48:00,1749008880.0,669.51,669.51,668.94,668.95,63.57
2025-06-04 03:49:00,1749008940.0,668.94,668.94,668.42,668.68,92.778
2025-06-04 03:50:00,1749009000.0,668.69,669.01,668.68,668.94,59.079
2025-06-04 03:51:00,1749009060.0,668.95,668.95,668.69,668.7,321.018
2025-06-04 03:52:00,1749009120.0,668.69,668.7,668.5,668.56,37.831
2025-06-04 03:53:00,1749009180.0,668.56,668.66,668.56,668.58,19.503
2025-06-04 03:54:00,1749009240.0,668.57,668.58,668.57,668.58,13.64
2025-06-04 03:55:00,1749009300.0,668.58,668.58,668.47,668.47,22.036
2025-06-04 03:56:00,1749009360.0,668.46,668.47,668.42,668.43,36.082
2025-06-04 03:57:00,1749009420.0,668.42,668.47,668.42,668.46,11.607
2025-06-04 03:58:00,1749009480.0,668.46,668.74,668.46,668.73,18.421
2025-06-04 03:59:00,1749009540.0,668.73,668.74,668.4,668.41,37.006
2025-06-04 04:00:00,1749009600.0,668.41,668.88,668.41,668.85,95.392
2025-06-04 04:01:00,1749009660.0,668.85,669.3,668.84,669.29,64.183
2025-06-04 04:02:00,1749009720.0,669.29,669.57,669.14,669.37,344.761
2025-06-04 04:03:00,1749009780.0,669.36,669.91,669.36,669.91,132.739
2025-06-04 04:04:00,1749009840.0,669.9,669.91,669.83,669.89,32.365
2025-06-04 04:05:00,1749009900.0,669.88,670.0,669.84,669.84,227.948
2025-06-04 04:06:00,1749009960.0,669.84,670.0,669.77,670.0,88.137
2025-06-04 04:07:00,1749010020.0,670.0,670.0,669.95,669.95,46.126
2025-06-04 04:08:00,1749010080.0,669.96,669.99,669.95,669.99,50.179
2025-06-04 04:09:00,1749010140.0,669.98,670.0,669.98,670.0,38.412
2025-06-04 04:10:00,1749010200.0,669.99,670.0,669.67,669.67,75.536
2025-06-04 04:11:00,1749010260.0,669.67,669.67,669.6,669.61,36.612
2025-06-04 04:12:00,1749010320.0,669.61,669.7,669.54,669.54,39.513
2025-06-04 04:13:00,1749010380.0,669.53,669.54,669.4,669.41,31.95
2025-06-04 04:14:00,1749010440.0,669.41,669.48,669.4,669.4,51.771
2025-06-04 04:15:00,1749010500.0,669.4,669.41,669.33,669.36,60.902
2025-06-04 04:16:00,1749010560.0,669.37,669.55,669.36,669.55,41.74
2025-06-04 04:17:00,1749010620.0,669.56,669.8,669.56,669.77,42.153
2025-06-04 04:18:00,1749010680.0,669.76,669.77,669.66,669.67,63.264
2025-06-04 04:19:00,1749010740.0,669.67,669.73,669.5,669.5,85.865
2025-06-04 04:20:00,1749010800.0,669.51,669.51,669.06,669.17,186.489
2025-06-04 04:21:00,1749010860.0,669.16,669.41,669.16,669.4,59.902
2025-06-04 04:22:00,1749010920.0,669.41,669.44,668.99,669.0,99.343
2025-06-04 04:23:00,1749010980.0,669.0,669.19,668.99,669.18,32.496
2025-06-04 04:24:00,1749011040.0,669.18,669.5,669.1,669.5,331.969
2025-06-04 04:25:00,1749011100.0,669.49,669.79,669.49,669.54,167.459
2025-06-04 04:26:00,1749011160.0,669.54,669.55,669.51,669.52,11.694
2025-06-04 04:27:00,1749011220.0,669.52,669.52,669.42,669.52,23.511
2025-06-04 04:28:00,1749011280.0,669.52,669.63,669.51,669.62,32.388
2025-06-04 04:29:00,1749011340.0,669.63,669.75,669.62,669.75,12.861
2025-06-04 04:30:00,1749011400.0,669.75,669.75,669.05,669.08,222.917
2025-06-04 04:31:00,1749011460.0,669.09,669.09,668.8,668.85,29.67
2025-06-04 04:32:00,1749011520.0,668.86,668.86,668.64,668.65,48.352
2025-06-04 04:33:00,1749011580.0,668.65,668.71,668.5,668.7,42.127
2025-06-04 04:34:00,1749011640.0,668.71,668.8,668.6,668.61,31.989
2025-06-04 04:35:00,1749011700.0,668.61,668.61,668.5,668.51,19.207
2025-06-04 04:36:00,1749011760.0,668.51,668.68,668.5,668.58,30.178
2025-06-04 04:37:00,1749011820.0,668.58,668.7,668.5,668.7,32.631
2025-06-04 04:38:00,1749011880.0,668.7,668.7,668.42,668.43,74.117
2025-06-04 04:39:00,1749011940.0,668.44,668.44,668.28,668.41,87.443
2025-06-04 04:40:00,1749012000.0,668.41,668.43,668.32,668.38,75.846
2025-06-04 04:41:00,1749012060.0,668.38,668.47,668.37,668.44,18.147
2025-06-04 04:42:00,1749012120.0,668.44,668.44,668.38,668.39,21.905
2025-06-04 04:43:00,1749012180.0,668.39,668.47,668.28,668.47,43.045
2025-06-04 04:44:00,1749012240.0,668.47,668.55,668.46,668.54,25.195
2025-06-04 04:45:00,1749012300.0,668.55,668.64,668.5,668.5,20.626
2025-06-04 04:46:00,1749012360.0,668.5,668.51,668.43,668.51,79.815
2025-06-04 04:47:00,1749012420.0,668.5,668.51,668.5,668.5,31.032
2025-06-04 04:48:00,1749012480.0,668.5,668.56,668.32,668.55,109.574
2025-06-04 04:49:00,1749012540.0,668.56,668.56,668.55,668.56,23.47
2025-06-04 04:50:00,1749012600.0,668.56,668.56,668.35,668.48,53.666
2025-06-04 04:51:00,1749012660.0,668.48,669.33,668.3,668.56,954.18
2025-06-04 04:52:00,1749012720.0,668.56,668.93,668.55,668.91,175.439
2025-06-04 04:53:00,1749012780.0,668.9,669.07,668.83,668.83,50.987
2025-06-04 04:54:00,1749012840.0,668.84,668.84,668.04,668.3,562.312
2025-06-04 04:55:00,1749012900.0,668.3,668.3,668.29,668.29,8.668
2025-06-04 04:56:00,1749012960.0,668.3,668.57,668.3,668.57,28.828
2025-06-04 04:57:00,1749013020.0,668.58,668.7,668.57,668.7,25.875
2025-06-04 04:58:00,1749013080.0,668.7,668.7,668.31,668.31,34.396
2025-06-04 04:59:00,1749013140.0,668.32,668.32,668.11,668.22,36.906
2025-06-04 05:00:00,1749013200.0,668.23,668.4,668.17,668.29,111.388
2025-06-04 05:01:00,1749013260.0,668.3,668.73,668.22,668.73,167.997
2025-06-04 05:02:00,1749013320.0,668.72,669.0,668.71,669.0,55.563
2025-06-04 05:03:00,1749013380.0,668.99,669.19,668.99,669.18,123.601
2025-06-04 05:04:00,1749013440.0,669.19,669.19,668.9,669.13,63.533
2025-06-04 05:05:00,1749013500.0,669.14,669.55,669.13,669.52,174.717
2025-06-04 05:06:00,1749013560.0,669.52,669.8,669.52,669.72,147.279
2025-06-04 05:07:00,1749013620.0,669.73,669.73,669.31,669.31,92.982
2025-06-04 05:08:00,1749013680.0,669.3,669.43,669.27,669.43,82.558
2025-06-04 05:09:00,1749013740.0,669.43,669.65,669.39,669.64,68.515
2025-06-04 05:10:00,1749013800.0,669.65,669.78,669.51,669.51,102.151
2025-06-04 05:11:00,1749013860.0,669.51,669.51,669.3,669.4,97.412
2025-06-04 05:12:00,1749013920.0,669.4,669.4,669.0,669.09,79.451
2025-06-04 05:13:00,1749013980.0,669.09,669.09,668.77,668.77,115.872
2025-06-04 05:14:00,1749014040.0,668.77,668.84,668.61,668.62,104.363
2025-06-04 05:15:00,1749014100.0,668.62,669.1,668.61,669.09,67.456
2025-06-04 05:16:00,1749014160.0,669.1,669.38,668.8,668.91,124.511
2025-06-04 05:17:00,1749014220.0,668.91,669.06,668.87,668.87,111.863
2025-06-04 05:18:00,1749014280.0,668.86,668.86,668.57,668.61,27.03
2025-06-04 05:19:00,1749014340.0,668.61,669.0,668.57,669.0,41.371
2025-06-04 05:20:00,1749014400.0,669.0,669.1,668.74,669.0,74.041
2025-06-04 05:21:00,1749014460.0,668.99,669.0,668.84,668.9,99.582
2025-06-04 05:22:00,1749014520.0,668.89,668.98,668.43,668.66,101.105
2025-06-04 05:23:00,1749014580.0,668.66,668.73,668.13,668.2,297.667
2025-06-04 05:24:00,1749014640.0,668.2,668.47,668.19,668.34,44.992
2025-06-04 05:25:00,1749014700.0,668.35,668.47,668.34,668.46,58.884
2025-06-04 05:26:00,1749014760.0,668.47,668.93,668.46,668.92,86.637
2025-06-04 05:27:00,1749014820.0,668.93,669.0,668.92,668.99,31.611
2025-06-04 05:28:00,1749014880.0,669.0,669.0,668.41,668.48,77.449
2025-06-04 05:29:00,1749014940.0,668.47,668.62,668.47,668.61,19.658
2025-06-04 05:30:00,1749015000.0,668.6,668.91,668.45,668.91,86.96
2025-06-04 05:31:00,1749015060.0,668.9,668.91,668.53,668.56,98.235
2025-06-04 05:32:00,1749015120.0,668.57,668.72,668.52,668.7,66.67
2025-06-04 05:33:00,1749015180.0,668.7,668.96,668.52,668.96,145.029
2025-06-04 05:34:00,1749015240.0,668.96,669.2,668.96,669.19,78.892
2025-06-04 05:35:00,1749015300.0,669.2,669.21,668.96,668.97,26.785
2025-06-04 05:36:00,1749015360.0,668.97,669.2,668.91,668.91,67.026
2025-06-04 05:37:00,1749015420.0,668.91,669.0,668.72,668.73,65.188
2025-06-04 05:38:00,1749015480.0,668.73,668.9,668.7,668.9,40.3
2025-06-04 05:39:00,1749015540.0,668.9,669.03,668.89,668.99,36.66
2025-06-04 05:40:00,1749015600.0,668.99,669.49,668.99,669.29,270.234
2025-06-04 05:41:00,1749015660.0,669.28,669.39,669.24,669.31,73.797
2025-06-04 05:42:00,1749015720.0,669.31,669.31,669.21,669.21,17.32
2025-06-04 05:43:00,1749015780.0,669.22,669.22,669.05,669.14,64.282
2025-06-04 05:44:00,1749015840.0,669.14,669.21,669.14,669.2,21.485
2025-06-04 05:45:00,1749015900.0,669.21,669.21,669.15,669.21,146.493
2025-06-04 05:46:00,1749015960.0,669.21,669.31,669.2,669.31,51.096
2025-06-04 05:47:00,1749016020.0,669.3,669.31,669.3,669.31,4.222
2025-06-04 05:48:00,1749016080.0,669.31,669.32,669.3,669.3,15.085
2025-06-04 05:49:00,1749016140.0,669.3,669.3,669.17,669.18,51.326
2025-06-04 05:50:00,1749016200.0,669.17,669.26,669.17,669.26,32.648
2025-06-04 05:51:00,1749016260.0,669.26,669.29,669.25,669.28,78.632
2025-06-04 05:52:00,1749016320.0,669.28,669.29,669.1,669.1,59.975
2025-06-04 05:53:00,1749016380.0,669.11,669.11,668.85,668.85,43.078
2025-06-04 05:54:00,1749016440.0,668.85,668.86,668.6,668.69,60.405
2025-06-04 05:55:00,1749016500.0,668.7,668.74,668.6,668.74,22.906
2025-06-04 05:56:00,1749016560.0,668.74,668.84,668.73,668.73,52.856
2025-06-04 05:57:00,1749016620.0,668.73,668.79,668.57,668.67,95.885
2025-06-04 05:58:00,1749016680.0,668.66,668.67,668.65,668.66,18.539
2025-06-04 05:59:00,1749016740.0,668.66,668.83,668.65,668.82,21.269
2025-06-04 06:00:00,1749016800.0,668.83,668.98,668.83,668.92,43.081
2025-06-04 06:01:00,1749016860.0,668.92,669.19,668.84,669.18,26.926
2025-06-04 06:02:00,1749016920.0,669.19,669.38,669.19,669.37,55.058
2025-06-04 06:03:00,1749016980.0,669.38,669.64,669.38,669.64,44.992
2025-06-04 06:04:00,1749017040.0,669.63,669.77,669.63,669.77,74.827
2025-06-04 06:05:00,1749017100.0,669.77,669.77,669.61,669.62,103.618
2025-06-04 06:06:00,1749017160.0,669.61,669.61,669.15,669.15,257.633
2025-06-04 06:07:00,1749017220.0,669.15,669.2,668.8,669.18,261.169
2025-06-04 06:08:00,1749017280.0,669.19,669.5,669.18,669.43,136.68
2025-06-04 06:09:00,1749017340.0,669.43,669.48,669.23,669.24,125.437
2025-06-04 06:10:00,1749017400.0,669.24,669.46,669.23,669.26,41.336
2025-06-04 06:11:00,1749017460.0,669.26,669.26,668.9,668.91,165.984
2025-06-04 06:12:00,1749017520.0,668.9,668.91,668.86,668.89,154.272
2025-06-04 06:13:00,1749017580.0,668.9,668.91,668.89,668.91,79.325
2025-06-04 06:14:00,1749017640.0,668.9,669.1,668.9,669.1,112.314
2025-06-04 06:15:00,1749017700.0,669.09,669.19,668.77,668.77,59.926
2025-06-04 06:16:00,1749017760.0,668.78,668.78,668.45,668.51,117.168
2025-06-04 06:17:00,1749017820.0,668.51,668.66,668.28,668.35,155.771
2025-06-04 06:18:00,1749017880.0,668.35,668.4,668.34,668.38,101.805
2025-06-04 06:19:00,1749017940.0,668.38,668.6,668.38,668.51,44.175
2025-06-04 06:20:00,1749018000.0,668.51,668.87,668.48,668.86,225.095
2025-06-04 06:21:00,1749018060.0,668.86,669.0,668.86,668.94,62.892
2025-06-04 06:22:00,1749018120.0,668.94,668.94,668.62,668.63,65.319
2025-06-04 06:23:00,1749018180.0,668.63,668.63,668.44,668.53,42.358
2025-06-04 06:24:00,1749018240.0,668.53,668.6,668.53,668.6,63.895
2025-06-04 06:25:00,1749018300.0,668.59,668.88,668.59,668.71,45.443
2025-06-04 06:26:00,1749018360.0,668.72,668.76,668.61,668.76,39.082
2025-06-04 06:27:00,1749018420.0,668.75,668.8,668.68,668.75,16.359
2025-06-04 06:28:00,1749018480.0,668.75,668.75,668.63,668.65,14.037
2025-06-04 06:29:00,1749018540.0,668.66,668.8,668.66,668.79,21.953
2025-06-04 06:30:00,1749018600.0,668.8,668.8,668.65,668.65,37.123
2025-06-04 06:31:00,1749018660.0,668.64,668.65,668.53,668.65,73.104
2025-06-04 06:32:00,1749018720.0,668.65,668.8,668.45,668.49,162.119
2025-06-04 06:33:00,1749018780.0,668.5,668.67,668.48,668.67,40.912
2025-06-04 06:34:00,1749018840.0,668.67,668.73,668.52,668.52,30.732
2025-06-04 06:35:00,1749018900.0,668.53,668.59,668.44,668.44,24.093
2025-06-04 06:36:00,1749018960.0,668.44,668.46,668.29,668.36,69.295
2025-06-04 06:37:00,1749019020.0,668.36,668.36,668.17,668.34,96.203
2025-06-04 06:38:00,1749019080.0,668.34,668.34,668.22,668.22,60.979
2025-06-04 06:39:00,1749019140.0,668.23,668.34,668.22,668.33,77.759
2025-06-04 06:40:00,1749019200.0,668.34,668.7,668.34,668.64,105.805
2025-06-04 06:41:00,1749019260.0,668.64,668.82,668.58,668.82,57.113
2025-06-04 06:42:00,1749019320.0,668.81,669.09,668.81,669.08,71.366
2025-06-04 06:43:00,1749019380.0,669.09,669.09,668.95,668.96,25.095
2025-06-04 06:44:00,1749019440.0,668.96,668.96,668.91,668.91,22.097
2025-06-04 06:45:00,1749019500.0,668.92,668.92,668.79,668.8,55.323
2025-06-04 06:46:00,1749019560.0,668.8,668.88,668.6,668.6,36.299
2025-06-04 06:47:00,1749019620.0,668.61,669.48,668.45,668.98,879.885
2025-06-04 06:48:00,1749019680.0,668.97,669.11,668.97,669.05,110.492
2025-06-04 06:49:00,1749019740.0,669.05,669.38,669.0,669.38,45.869
2025-06-04 06:50:00,1749019800.0,669.38,669.51,669.22,669.24,249.728
2025-06-04 06:51:00,1749019860.0,669.25,669.45,669.24,669.3,35.37
2025-06-04 06:52:00,1749019920.0,669.3,669.3,669.2,669.29,23.712
2025-06-04 06:53:00,1749019980.0,669.3,669.31,669.2,669.31,124.776
2025-06-04 06:54:00,1749020040.0,669.3,669.31,669.2,669.2,17.757
2025-06-04 06:55:00,1749020100.0,669.2,669.2,668.96,669.03,41.742
2025-06-04 06:56:00,1749020160.0,669.03,669.05,669.02,669.04,20.38
2025-06-04 06:57:00,1749020220.0,669.05,669.05,669.04,669.05,34.333
2025-06-04 06:58:00,1749020280.0,669.05,669.09,669.04,669.08,20.798
2025-06-04 06:59:00,1749020340.0,669.09,669.1,669.09,669.1,16.39
2025-06-04 07:00:00,1749020400.0,669.1,669.44,669.1,669.23,99.711
2025-06-04 07:01:00,1749020460.0,669.23,669.23,669.1,669.1,27.657
2025-06-04 07:02:00,1749020520.0,669.11,669.11,668.95,669.1,28.431
2025-06-04 07:03:00,1749020580.0,669.09,669.47,669.09,669.25,77.066
2025-06-04 07:04:00,1749020640.0,669.25,669.26,669.23,669.25,17.647
2025-06-04 07:05:00,1749020700.0,669.26,669.4,669.21,669.4,72.83
2025-06-04 07:06:00,1749020760.0,669.39,669.48,669.32,669.33,203.639
2025-06-04 07:07:00,1749020820.0,669.33,669.4,669.32,669.4,60.026
2025-06-04 07:08:00,1749020880.0,669.39,669.4,669.35,669.35,145.764
2025-06-04 07:09:00,1749020940.0,669.36,669.4,669.35,669.4,196.962
2025-06-04 07:10:00,1749021000.0,669.39,669.4,669.22,669.24,38.382
2025-06-04 07:11:00,1749021060.0,669.24,669.4,669.23,669.39,292.402
2025-06-04 07:12:00,1749021120.0,669.39,669.4,669.39,669.39,14.623
2025-06-04 07:13:00,1749021180.0,669.39,669.4,669.39,669.4,24.356
2025-06-04 07:14:00,1749021240.0,669.4,669.4,669.21,669.23,58.182
2025-06-04 07:15:00,1749021300.0,669.23,669.39,669.22,669.29,93.843
2025-06-04 07:16:00,1749021360.0,669.29,669.3,669.29,669.29,34.18
2025-06-04 07:17:00,1749021420.0,669.29,669.4,669.29,669.39,53.769
2025-06-04 07:18:00,1749021480.0,669.4,669.8,669.39,669.79,242.387
2025-06-04 07:19:00,1749021540.0,669.8,669.8,669.6,669.62,48.736
2025-06-04 07:20:00,1749021600.0,669.62,669.63,669.24,669.4,95.523
2025-06-04 07:21:00,1749021660.0,669.4,669.64,669.4,669.58,107.97
2025-06-04 07:22:00,1749021720.0,669.57,669.6,669.54,669.55,80.665
2025-06-04 07:23:00,1749021780.0,669.55,669.55,669.43,669.44,45.914
2025-06-04 07:24:00,1749021840.0,669.43,669.44,669.33,669.33,33.366
2025-06-04 07:25:00,1749021900.0,669.34,669.34,669.13,669.13,587.338
2025-06-04 07:26:00,1749021960.0,669.13,669.13,668.95,669.09,64.547
2025-06-04 07:27:00,1749022020.0,669.09,669.3,669.09,669.3,40.979
2025-06-04 07:28:00,1749022080.0,669.3,669.34,669.29,669.33,29.76
2025-06-04 07:29:00,1749022140.0,669.33,669.55,669.33,669.46,50.033
2025-06-04 07:30:00,1749022200.0,669.45,669.51,669.3,669.51,71.442
2025-06-04 07:31:00,1749022260.0,669.5,669.51,669.28,669.29,68.01
2025-06-04 07:32:00,1749022320.0,669.29,669.3,669.16,669.28,80.09
2025-06-04 07:33:00,1749022380.0,669.27,669.55,669.21,669.51,372.951
2025-06-04 07:34:00,1749022440.0,669.51,669.57,669.13,669.14,331.85
2025-06-04 07:35:00,1749022500.0,669.14,669.14,669.0,669.09,41.514
2025-06-04 07:36:00,1749022560.0,669.1,669.28,669.05,669.27,65.241
2025-06-04 07:37:00,1749022620.0,669.27,669.66,669.27,669.66,142.645
2025-06-04 07:38:00,1749022680.0,669.65,669.8,669.65,669.79,55.94
2025-06-04 07:39:00,1749022740.0,669.79,669.87,669.63,669.72,290.667
2025-06-04 07:40:00,1749022800.0,669.72,669.86,669.71,669.8,150.541
2025-06-04 07:41:00,1749022860.0,669.8,669.94,669.74,669.75,136.74
2025-06-04 07:42:00,1749022920.0,669.74,669.74,669.58,669.59,49.622
2025-06-04 07:43:00,1749022980.0,669.59,669.65,669.57,669.64,23.928
2025-06-04 07:44:00,1749023040.0,669.64,669.84,669.62,669.84,297.115
2025-06-04 07:45:00,1749023100.0,669.85,669.85,669.65,669.71,50.557
2025-06-04 07:46:00,1749023160.0,669.71,669.72,669.5,669.5,57.259
2025-06-04 07:47:00,1749023220.0,669.51,669.51,669.35,669.42,29.916
2025-06-04 07:48:00,1749023280.0,669.43,669.51,669.42,669.5,27.275
2025-06-04 07:49:00,1749023340.0,669.5,669.93,669.5,669.85,373.231
2025-06-04 07:50:00,1749023400.0,669.85,670.2,669.84,670.06,555.838
2025-06-04 07:51:00,1749023460.0,670.05,671.01,670.05,670.74,1396.982
2025-06-04 07:52:00,1749023520.0,670.74,670.84,670.38,670.74,359.294
2025-06-04 07:53:00,1749023580.0,670.73,670.95,670.72,670.85,69.733
2025-06-04 07:54:00,1749023640.0,670.84,670.85,670.84,670.85,20.22
2025-06-04 07:55:00,1749023700.0,670.84,670.85,670.54,670.54,39.946
2025-06-04 07:56:00,1749023760.0,670.55,670.8,670.55,670.75,73.006
2025-06-04 07:57:00,1749023820.0,670.76,670.97,670.75,670.97,53.247
2025-06-04 07:58:00,1749023880.0,670.97,670.97,670.84,670.85,78.047
2025-06-04 07:59:00,1749023940.0,670.84,670.95,670.84,670.86,32.759
2025-06-04 08:00:00,1749024000.0,670.86,671.12,670.79,670.81,200.243
2025-06-04 08:01:00,1749024060.0,670.81,670.89,670.79,670.81,64.764
2025-06-04 08:02:00,1749024120.0,670.81,671.07,670.8,671.06,107.928
2025-06-04 08:03:00,1749024180.0,671.06,671.13,671.05,671.06,61.517
2025-06-04 08:04:00,1749024240.0,671.06,671.49,671.0,671.34,335.31
2025-06-04 08:05:00,1749024300.0,671.34,671.56,671.34,671.56,247.534
2025-06-04 08:06:00,1749024360.0,671.55,671.56,671.49,671.55,104.961
2025-06-04 08:07:00,1749024420.0,671.55,671.56,671.5,671.5,54.588
2025-06-04 08:08:00,1749024480.0,671.51,671.51,671.01,671.02,399.014
2025-06-04 08:09:00,1749024540.0,671.02,671.35,671.01,671.19,133.347
2025-06-04 08:10:00,1749024600.0,671.19,671.22,670.96,671.07,170.114
2025-06-04 08:11:00,1749024660.0,671.06,671.22,671.04,671.22,89.69
2025-06-04 08:12:00,1749024720.0,671.23,671.41,671.23,671.41,32.227
2025-06-04 08:13:00,1749024780.0,671.41,671.48,671.4,671.48,65.387
2025-06-04 08:14:00,1749024840.0,671.48,671.48,671.33,671.33,24.386
2025-06-04 08:15:00,1749024900.0,671.34,671.34,671.19,671.21,178.879
2025-06-04 08:16:00,1749024960.0,671.22,671.47,671.14,671.46,114.135
2025-06-04 08:17:00,1749025020.0,671.46,671.62,671.45,671.46,84.531
2025-06-04 08:18:00,1749025080.0,671.46,671.76,671.45,671.68,170.132
2025-06-04 08:19:00,1749025140.0,671.68,671.68,671.57,671.57,30.736
2025-06-04 08:20:00,1749025200.0,671.57,671.73,671.57,671.66,89.294
2025-06-04 08:21:00,1749025260.0,671.66,671.67,671.4,671.41,95.15
2025-06-04 08:22:00,1749025320.0,671.41,671.44,671.4,671.43,30.538
2025-06-04 08:23:00,1749025380.0,671.43,671.64,671.41,671.59,63.735
2025-06-04 08:24:00,1749025440.0,671.59,671.62,671.58,671.6,49.504
2025-06-04 08:25:00,1749025500.0,671.6,671.61,671.4,671.41,37.685
2025-06-04 08:26:00,1749025560.0,671.41,671.41,671.05,671.41,214.304
2025-06-04 08:27:00,1749025620.0,671.41,671.41,671.3,671.3,19.226
2025-06-04 08:28:00,1749025680.0,671.31,671.31,671.19,671.19,100.974
2025-06-04 08:29:00,1749025740.0,671.18,671.23,671.03,671.04,172.66
2025-06-04 08:30:00,1749025800.0,671.04,671.04,670.94,670.96,63.622
2025-06-04 08:31:00,1749025860.0,670.95,670.96,670.95,670.95,17.49
2025-06-04 08:32:00,1749025920.0,670.96,671.06,670.95,670.98,23.384
2025-06-04 08:33:00,1749025980.0,670.98,670.98,670.62,670.85,165.455
2025-06-04 08:34:00,1749026040.0,670.85,670.97,670.85,670.97,45.0
2025-06-04 08:35:00,1749026100.0,670.97,670.97,670.88,670.97,15.179
2025-06-04 08:36:00,1749026160.0,670.97,670.97,670.82,670.88,129.32
2025-06-04 08:37:00,1749026220.0,670.87,670.94,670.82,670.94,80.474
2025-06-04 08:38:00,1749026280.0,670.94,671.25,670.93,671.25,68.929
2025-06-04 08:39:00,1749026340.0,671.25,671.27,671.02,671.03,48.514
2025-06-04 08:40:00,1749026400.0,671.02,671.16,671.02,671.04,103.458
2025-06-04 08:41:00,1749026460.0,671.04,671.14,671.03,671.11,43.967
2025-06-04 08:42:00,1749026520.0,671.1,671.15,671.05,671.07,83.862
2025-06-04 08:43:00,1749026580.0,671.07,671.07,670.93,670.94,56.352
2025-06-04 08:44:00,1749026640.0,670.94,671.03,670.93,671.03,30.922
2025-06-04 08:45:00,1749026700.0,671.03,671.16,671.02,671.02,104.608
2025-06-04 08:46:00,1749026760.0,671.02,671.03,670.93,670.94,55.611
2025-06-04 08:47:00,1749026820.0,670.94,670.96,670.93,670.96,27.596
2025-06-04 08:48:00,1749026880.0,670.95,670.95,670.84,670.88,43.212
2025-06-04 08:49:00,1749026940.0,670.88,670.93,670.86,670.86,77.089
2025-06-04 08:50:00,1749027000.0,670.86,670.87,670.64,670.64,27.384
2025-06-04 08:51:00,1749027060.0,670.65,670.67,670.61,670.61,37.568
2025-06-04 08:52:00,1749027120.0,670.6,670.61,670.6,670.61,22.815
2025-06-04 08:53:00,1749027180.0,670.61,670.61,670.22,670.23,362.656
2025-06-04 08:54:00,1749027240.0,670.23,670.23,670.18,670.18,30.253
2025-06-04 08:55:00,1749027300.0,670.19,670.19,670.0,670.1,122.794
2025-06-04 08:56:00,1749027360.0,670.1,670.1,670.0,670.0,40.694
2025-06-04 08:57:00,1749027420.0,670.0,670.24,670.0,670.16,172.701
2025-06-04 08:58:00,1749027480.0,670.16,670.22,670.01,670.02,133.063
2025-06-04 08:59:00,1749027540.0,670.02,670.18,670.0,670.18,90.189
2025-06-04 09:00:00,1749027600.0,670.18,670.36,670.01,670.02,115.824
2025-06-04 09:01:00,1749027660.0,670.02,670.12,669.99,670.1,61.915
2025-06-04 09:02:00,1749027720.0,670.11,670.46,670.1,670.39,32.2
2025-06-04 09:03:00,1749027780.0,670.39,670.39,670.14,670.31,27.761
2025-06-04 09:04:00,1749027840.0,670.31,670.31,670.14,670.14,39.286
2025-06-04 09:05:00,1749027900.0,670.13,670.3,670.13,670.29,75.712
2025-06-04 09:06:00,1749027960.0,670.29,670.49,670.26,670.49,76.81
2025-06-04 09:07:00,1749028020.0,670.49,670.49,670.2,670.2,39.904
2025-06-04 09:08:00,1749028080.0,670.21,670.21,670.06,670.08,19.128
2025-06-04 09:09:00,1749028140.0,670.08,670.09,669.95,669.96,29.362
2025-06-04 09:10:00,1749028200.0,669.95,669.95,669.79,669.83,74.428
2025-06-04 09:11:00,1749028260.0,669.83,670.1,669.72,670.09,42.1
2025-06-04 09:12:00,1749028320.0,670.1,670.17,670.04,670.09,232.458
2025-06-04 09:13:00,1749028380.0,670.08,670.08,670.02,670.04,28.36
2025-06-04 09:14:00,1749028440.0,670.03,670.04,669.93,669.94,33.758
2025-06-04 09:15:00,1749028500.0,669.93,669.93,669.73,669.74,58.44
2025-06-04 09:16:00,1749028560.0,669.73,669.74,669.56,669.59,93.177
2025-06-04 09:17:00,1749028620.0,669.6,669.6,669.53,669.54,83.503
2025-06-04 09:18:00,1749028680.0,669.55,669.72,669.55,669.71,72.845
2025-06-04 09:19:00,1749028740.0,669.72,669.72,669.51,669.52,119.601
2025-06-04 09:20:00,1749028800.0,669.51,669.51,669.3,669.49,103.374
2025-06-04 09:21:00,1749028860.0,669.48,669.49,669.16,669.18,87.321
2025-06-04 09:22:00,1749028920.0,669.17,669.18,669.03,669.1,46.909
2025-06-04 09:23:00,1749028980.0,669.1,669.31,669.0,669.3,145.912
2025-06-04 09:24:00,1749029040.0,669.31,669.71,669.3,669.7,69.739
2025-06-04 09:25:00,1749029100.0,669.7,669.71,669.44,669.48,56.376
2025-06-04 09:26:00,1749029160.0,669.48,669.6,669.33,669.33,71.899
2025-06-04 09:27:00,1749029220.0,669.33,669.34,669.12,669.26,94.061
2025-06-04 09:28:00,1749029280.0,669.27,669.44,669.26,669.43,23.796
2025-06-04 09:29:00,1749029340.0,669.43,669.49,669.43,669.49,78.901
2025-06-04 09:30:00,1749029400.0,669.49,669.49,669.16,669.28,97.607
2025-06-04 09:31:00,1749029460.0,669.27,669.36,669.27,669.33,38.72
2025-06-04 09:32:00,1749029520.0,669.33,669.33,669.2,669.2,43.584
2025-06-04 09:33:00,1749029580.0,669.21,669.21,669.18,669.18,51.976
2025-06-04 09:34:00,1749029640.0,669.18,669.18,669.1,669.11,11.924
2025-06-04 09:35:00,1749029700.0,669.11,669.28,669.09,669.28,241.248
2025-06-04 09:36:00,1749029760.0,669.27,669.3,669.2,669.2,136.924
2025-06-04 09:37:00,1749029820.0,669.2,669.2,669.15,669.15,20.759
2025-06-04 09:38:00,1749029880.0,669.15,669.4,669.1,669.39,30.335
2025-06-04 09:39:00,1749029940.0,669.4,669.6,669.4,669.51,64.795
2025-06-04 09:40:00,1749030000.0,669.51,669.58,669.5,669.58,35.927
2025-06-04 09:41:00,1749030060.0,669.58,669.6,669.5,669.57,50.341
2025-06-04 09:42:00,1749030120.0,669.57,669.87,669.57,669.87,110.462
2025-06-04 09:43:00,1749030180.0,669.88,670.23,669.87,670.23,89.146
2025-06-04 09:44:00,1749030240.0,670.23,670.4,670.2,670.21,97.529
2025-06-04 09:45:00,1749030300.0,670.21,670.49,670.21,670.43,51.866
2025-06-04 09:46:00,1749030360.0,670.43,670.51,670.42,670.42,106.078
2025-06-04 09:47:00,1749030420.0,670.42,670.43,670.4,670.4,44.887
2025-06-04 09:48:00,1749030480.0,670.4,670.41,670.22,670.22,32.646
2025-06-04 09:49:00,1749030540.0,670.22,670.37,670.22,670.3,111.152
2025-06-04 09:50:00,1749030600.0,670.3,670.4,670.21,670.39,93.171
2025-06-04 09:51:00,1749030660.0,670.4,670.8,670.31,670.78,257.984
2025-06-04 09:52:00,1749030720.0,670.78,670.79,670.6,670.6,75.438
2025-06-04 09:53:00,1749030780.0,670.61,670.61,670.6,670.6,19.109
2025-06-04 09:54:00,1749030840.0,670.6,670.66,670.6,670.66,21.015
2025-06-04 09:55:00,1749030900.0,670.66,670.8,670.65,670.8,64.975
2025-06-04 09:56:00,1749030960.0,670.79,670.8,670.71,670.71,20.728
2025-06-04 09:57:00,1749031020.0,670.72,670.72,670.5,670.5,38.827
2025-06-04 09:58:00,1749031080.0,670.51,670.51,670.4,670.4,39.432
2025-06-04 09:59:00,1749031140.0,670.41,670.47,670.4,670.47,36.833
2025-06-04 10:00:00,1749031200.0,670.47,670.73,670.47,670.66,41.845
2025-06-04 10:01:00,1749031260.0,670.65,670.66,670.5,670.53,54.309
2025-06-04 10:02:00,1749031320.0,670.53,670.55,670.33,670.34,83.493
2025-06-04 10:03:00,1749031380.0,670.35,670.35,670.07,670.27,114.568
2025-06-04 10:04:00,1749031440.0,670.26,670.26,670.08,670.09,23.62
2025-06-04 10:05:00,1749031500.0,670.09,670.09,669.9,669.91,40.403
2025-06-04 10:06:00,1749031560.0,669.91,670.0,669.8,669.99,71.394
2025-06-04 10:07:00,1749031620.0,669.99,670.17,669.99,670.16,144.815
2025-06-04 10:08:00,1749031680.0,670.17,670.5,670.16,670.5,27.618
2025-06-04 10:09:00,1749031740.0,670.49,670.5,670.27,670.35,89.315
2025-06-04 10:10:00,1749031800.0,670.35,670.4,670.26,670.27,38.368
2025-06-04 10:11:00,1749031860.0,670.27,670.33,670.27,670.33,43.252
2025-06-04 10:12:00,1749031920.0,670.33,670.49,670.32,670.49,25.759
2025-06-04 10:13:00,1749031980.0,670.48,670.49,670.35,670.36,15.963
2025-06-04 10:14:00,1749032040.0,670.36,670.57,670.35,670.42,75.378
2025-06-04 10:15:00,1749032100.0,670.42,670.42,670.28,670.39,31.181
2025-06-04 10:16:00,1749032160.0,670.39,670.47,670.1,670.19,32.456
2025-06-04 10:17:00,1749032220.0,670.19,670.3,670.14,670.14,23.083
2025-06-04 10:18:00,1749032280.0,670.15,670.15,669.95,669.99,29.998
2025-06-04 10:19:00,1749032340.0,669.99,670.08,669.84,669.84,99.321
2025-06-04 10:20:00,1749032400.0,669.84,669.85,669.69,669.81,87.488
2025-06-04 10:21:00,1749032460.0,669.81,669.81,669.36,669.38,211.592
2025-06-04 10:22:00,1749032520.0,669.38,669.5,669.36,669.5,60.215
2025-06-04 10:23:00,1749032580.0,669.5,669.54,669.49,669.51,18.897
2025-06-04 10:24:00,1749032640.0,669.52,669.52,669.51,669.52,15.987
2025-06-04 10:25:00,1749032700.0,669.52,669.7,669.52,669.66,37.353
2025-06-04 10:26:00,1749032760.0,669.66,669.7,669.53,669.54,30.592
2025-06-04 10:27:00,1749032820.0,669.53,669.53,669.4,669.43,12.66
2025-06-04 10:28:00,1749032880.0,669.43,669.44,669.3,669.38,63.192
2025-06-04 10:29:00,1749032940.0,669.38,669.39,669.35,669.36,27.793
2025-06-04 10:30:00,1749033000.0,669.35,669.36,669.3,669.31,39.776
2025-06-04 10:31:00,1749033060.0,669.3,669.31,669.01,669.09,154.674
2025-06-04 10:32:00,1749033120.0,669.1,669.11,669.09,669.1,64.184
2025-06-04 10:33:00,1749033180.0,669.1,669.26,669.1,669.25,185.019
2025-06-04 10:34:00,1749033240.0,669.26,669.27,669.23,669.23,24.235
2025-06-04 10:35:00,1749033300.0,669.24,669.39,669.23,669.39,31.091
2025-06-04 10:36:00,1749033360.0,669.38,669.4,669.36,669.39,17.41
2025-06-04 10:37:00,1749033420.0,669.4,669.54,669.39,669.54,21.627
2025-06-04 10:38:00,1749033480.0,669.54,669.55,669.49,669.49,17.563
2025-06-04 10:39:00,1749033540.0,669.49,669.5,669.43,669.49,80.761
2025-06-04 10:40:00,1749033600.0,669.49,669.58,669.48,669.5,46.616
2025-06-04 10:41:00,1749033660.0,669.51,669.51,669.32,669.32,24.949
2025-06-04 10:42:00,1749033720.0,669.32,669.76,669.32,669.71,65.396
2025-06-04 10:43:00,1749033780.0,669.71,669.71,669.7,669.7,26.57
2025-06-04 10:44:00,1749033840.0,669.7,669.89,669.7,669.89,23.438
2025-06-04 10:45:00,1749033900.0,669.88,669.92,669.74,669.74,67.063
2025-06-04 10:46:00,1749033960.0,669.74,669.74,669.63,669.65,35.581
2025-06-04 10:47:00,1749034020.0,669.66,669.66,669.54,669.61,29.865
2025-06-04 10:48:00,1749034080.0,669.61,669.61,669.42,669.47,34.401
2025-06-04 10:49:00,1749034140.0,669.47,669.51,669.4,669.41,31.847
2025-06-04 10:50:00,1749034200.0,669.41,669.58,669.4,669.57,48.5
2025-06-04 10:51:00,1749034260.0,669.57,669.68,669.54,669.68,37.289
2025-06-04 10:52:00,1749034320.0,669.69,669.8,669.68,669.8,40.907
2025-06-04 10:53:00,1749034380.0,669.79,669.8,669.71,669.72,25.668
2025-06-04 10:54:00,1749034440.0,669.71,669.72,669.7,669.71,53.303
2025-06-04 10:55:00,1749034500.0,669.7,669.71,669.5,669.5,58.338
2025-06-04 10:56:00,1749034560.0,669.51,669.6,669.5,669.52,66.372
2025-06-04 10:57:00,1749034620.0,669.52,669.52,669.51,669.52,13.846
2025-06-04 10:58:00,1749034680.0,669.51,669.61,669.51,669.6,31.516
2025-06-04 10:59:00,1749034740.0,669.61,669.61,669.6,669.6,13.184
2025-06-04 11:00:00,1749034800.0,669.61,669.61,669.52,669.59,34.857
2025-06-04 11:01:00,1749034860.0,669.58,669.69,669.58,669.62,72.127
2025-06-04 11:02:00,1749034920.0,669.62,669.8,669.61,669.8,101.11
2025-06-04 11:03:00,1749034980.0,669.8,669.81,669.79,669.8,13.035
2025-06-04 11:04:00,1749035040.0,669.8,669.81,669.72,669.81,43.191
2025-06-04 11:05:00,1749035100.0,669.8,669.81,669.71,669.72,104.743
2025-06-04 11:06:00,1749035160.0,669.72,669.77,669.71,669.72,88.52
2025-06-04 11:07:00,1749035220.0,669.73,669.73,669.66,669.68,52.475
2025-06-04 11:08:00,1749035280.0,669.67,669.69,669.65,669.68,42.716
2025-06-04 11:09:00,1749035340.0,669.68,669.9,669.68,669.9,23.193
2025-06-04 11:10:00,1749035400.0,669.9,670.0,669.89,669.95,47.917
2025-06-04 11:11:00,1749035460.0,669.95,670.0,669.91,669.97,42.868
2025-06-04 11:12:00,1749035520.0,669.97,669.98,669.97,669.98,23.398
2025-06-04 11:13:00,1749035580.0,669.98,669.98,669.97,669.98,9.664
2025-06-04 11:14:00,1749035640.0,669.98,670.15,669.97,670.13,132.969
2025-06-04 11:15:00,1749035700.0,670.13,670.17,670.13,670.17,70.464
2025-06-04 11:16:00,1749035760.0,670.17,670.25,670.1,670.11,42.581
2025-06-04 11:17:00,1749035820.0,670.1,670.25,670.1,670.1,143.395
2025-06-04 11:18:00,1749035880.0,670.11,670.19,670.0,670.02,52.705
2025-06-04 11:19:00,1749035940.0,670.02,670.02,669.77,669.78,65.424
2025-06-04 11:20:00,1749036000.0,669.77,669.78,669.77,669.77,23.487
2025-06-04 11:21:00,1749036060.0,669.77,669.99,669.77,669.99,16.8
2025-06-04 11:22:00,1749036120.0,669.98,670.0,669.73,669.83,59.027
2025-06-04 11:23:00,1749036180.0,669.83,669.92,669.7,669.7,93.995
2025-06-04 11:24:00,1749036240.0,669.71,669.71,669.43,669.45,58.47
2025-06-04 11:25:00,1749036300.0,669.46,669.46,669.1,669.25,97.451
2025-06-04 11:26:00,1749036360.0,669.25,669.25,669.1,669.11,62.226
2025-06-04 11:27:00,1749036420.0,669.1,669.11,669.1,669.11,19.487
2025-06-04 11:28:00,1749036480.0,669.11,669.11,669.1,669.1,42.162
2025-06-04 11:29:00,1749036540.0,669.1,669.42,669.1,669.41,124.996
2025-06-04 11:30:00,1749036600.0,669.42,669.6,669.35,669.53,26.709
2025-06-04 11:31:00,1749036660.0,669.53,669.53,669.1,669.19,98.909
2025-06-04 11:32:00,1749036720.0,669.19,669.3,669.1,669.11,68.412
2025-06-04 11:33:00,1749036780.0,669.11,669.11,668.81,668.81,323.232
2025-06-04 11:34:00,1749036840.0,668.81,668.81,668.57,668.58,136.491
2025-06-04 11:35:00,1749036900.0,668.59,668.67,667.99,668.45,1180.426
2025-06-04 11:36:00,1749036960.0,668.44,668.59,668.44,668.48,41.151
2025-06-04 11:37:00,1749037020.0,668.47,668.59,668.47,668.59,35.17
2025-06-04 11:38:00,1749037080.0,668.59,668.64,668.56,668.57,126.091
2025-06-04 11:39:00,1749037140.0,668.57,668.57,668.4,668.41,38.559
2025-06-04 11:40:00,1749037200.0,668.41,668.62,668.37,668.6,75.877
2025-06-04 11:41:00,1749037260.0,668.61,668.62,668.4,668.62,32.189
2025-06-04 11:42:00,1749037320.0,668.62,668.62,668.5,668.5,60.039
2025-06-04 11:43:00,1749037380.0,668.51,668.51,668.42,668.42,18.928
2025-06-04 11:44:00,1749037440.0,668.43,668.43,668.42,668.42,8.56
2025-06-04 11:45:00,1749037500.0,668.43,668.43,668.29,668.37,112.287
2025-06-04 11:46:00,1749037560.0,668.37,668.5,668.31,668.32,74.73
2025-06-04 11:47:00,1749037620.0,668.32,668.45,667.83,668.39,172.835
2025-06-04 11:48:00,1749037680.0,668.38,668.47,668.35,668.36,22.635
2025-06-04 11:49:00,1749037740.0,668.36,668.36,668.12,668.15,54.041
2025-06-04 11:50:00,1749037800.0,668.16,668.27,668.15,668.25,34.716
2025-06-04 11:51:00,1749037860.0,668.25,668.31,668.15,668.3,27.401
2025-06-04 11:52:00,1749037920.0,668.31,668.31,668.3,668.31,20.792
2025-06-04 11:53:00,1749037980.0,668.31,668.46,668.13,668.14,95.312
2025-06-04 11:54:00,1749038040.0,668.14,668.14,667.71,667.92,394.411
2025-06-04 11:55:00,1749038100.0,667.92,667.95,667.6,667.82,139.947
2025-06-04 11:56:00,1749038160.0,667.81,667.94,667.81,667.92,64.01
2025-06-04 11:57:00,1749038220.0,667.91,667.92,667.9,667.9,83.947
2025-06-04 11:58:00,1749038280.0,667.9,667.9,667.85,667.89,46.505
2025-06-04 11:59:00,1749038340.0,667.89,667.9,667.79,667.8,29.812
2025-06-04 12:00:00,1749038400.0,667.81,667.92,667.73,667.74,110.214
2025-06-04 12:01:00,1749038460.0,667.74,667.92,667.73,667.92,50.405
2025-06-04 12:02:00,1749038520.0,667.92,667.92,667.58,667.67,193.414
2025-06-04 12:03:00,1749038580.0,667.67,668.0,667.66,668.0,79.505
2025-06-04 12:04:00,1749038640.0,668.0,668.0,667.88,667.89,78.293
2025-06-04 12:05:00,1749038700.0,667.89,668.66,667.83,668.65,334.34
2025-06-04 12:06:00,1749038760.0,668.65,668.79,668.58,668.78,73.73
2025-06-04 12:07:00,1749038820.0,668.78,669.0,668.77,668.83,43.931
2025-06-04 12:08:00,1749038880.0,668.83,668.94,668.83,668.86,30.807
2025-06-04 12:09:00,1749038940.0,668.86,668.87,668.84,668.85,22.132
2025-06-04 12:10:00,1749039000.0,668.84,669.1,668.84,668.98,47.816
2025-06-04 12:11:00,1749039060.0,668.98,668.98,668.95,668.96,32.062
2025-06-04 12:12:00,1749039120.0,668.95,669.04,668.95,669.03,24.927
2025-06-04 12:13:00,1749039180.0,669.03,669.15,669.03,669.15,43.869
2025-06-04 12:14:00,1749039240.0,669.15,669.15,669.11,669.15,108.848
2025-06-04 12:15:00,1749039300.0,669.15,669.15,668.61,668.63,89.724
2025-06-04 12:16:00,1749039360.0,668.62,668.7,668.33,668.39,44.803
2025-06-04 12:17:00,1749039420.0,668.4,668.5,668.2,668.5,61.891
2025-06-04 12:18:00,1749039480.0,668.5,668.58,668.29,668.29,83.228
2025-06-04 12:19:00,1749039540.0,668.29,668.46,668.21,668.41,33.637
2025-06-04 12:20:00,1749039600.0,668.4,668.45,668.3,668.32,33.94
2025-06-04 12:21:00,1749039660.0,668.31,668.34,668.07,668.33,104.724
2025-06-04 12:22:00,1749039720.0,668.33,668.33,667.71,667.71,150.451
2025-06-04 12:23:00,1749039780.0,667.71,667.77,667.32,667.6,192.274
2025-06-04 12:24:00,1749039840.0,667.6,667.78,667.5,667.68,79.331
2025-06-04 12:25:00,1749039900.0,667.68,667.81,667.64,667.8,93.53
2025-06-04 12:26:00,1749039960.0,667.8,667.8,667.32,667.79,145.316
2025-06-04 12:27:00,1749040020.0,667.8,667.9,667.51,667.56,89.974
2025-06-04 12:28:00,1749040080.0,667.57,667.65,667.4,667.58,120.874
2025-06-04 12:29:00,1749040140.0,667.57,667.59,667.51,667.51,28.815
2025-06-04 12:30:00,1749040200.0,667.51,667.74,667.51,667.74,28.089
2025-06-04 12:31:00,1749040260.0,667.74,667.98,667.74,667.77,56.896
2025-06-04 12:32:00,1749040320.0,667.78,667.78,667.34,667.35,102.548
2025-06-04 12:33:00,1749040380.0,667.35,667.35,666.99,667.25,197.557
2025-06-04 12:34:00,1749040440.0,667.26,667.9,667.26,667.9,77.53
2025-06-04 12:35:00,1749040500.0,667.9,667.9,667.8,667.81,38.948
2025-06-04 12:36:00,1749040560.0,667.8,667.81,667.6,667.7,61.765
2025-06-04 12:37:00,1749040620.0,667.7,668.01,667.7,668.01,53.364
2025-06-04 12:38:00,1749040680.0,668.01,668.04,668.01,668.03,14.421
2025-06-04 12:39:00,1749040740.0,668.04,668.04,667.81,667.88,22.707
2025-06-04 12:40:00,1749040800.0,667.88,667.9,667.7,667.85,104.114
2025-06-04 12:41:00,1749040860.0,667.85,667.85,667.76,667.78,32.385
2025-06-04 12:42:00,1749040920.0,667.77,667.9,667.77,667.9,68.508
2025-06-04 12:43:00,1749040980.0,667.89,667.9,667.71,667.71,50.784
2025-06-04 12:44:00,1749041040.0,667.71,667.71,667.7,667.7,39.017
2025-06-04 12:45:00,1749041100.0,667.7,667.97,667.7,667.95,49.596
2025-06-04 12:46:00,1749041160.0,667.94,667.95,667.56,667.56,87.131
2025-06-04 12:47:00,1749041220.0,667.57,667.7,667.56,667.64,56.997
2025-06-04 12:48:00,1749041280.0,667.64,667.65,667.64,667.64,26.844
2025-06-04 12:49:00,1749041340.0,667.65,667.8,667.64,667.8,16.013
2025-06-04 12:50:00,1749041400.0,667.8,667.8,667.5,667.5,57.565
2025-06-04 12:51:00,1749041460.0,667.51,667.51,667.5,667.51,11.63
2025-06-04 12:52:00,1749041520.0,667.5,667.69,667.5,667.54,38.507
2025-06-04 12:53:00,1749041580.0,667.54,667.54,667.5,667.51,41.932
2025-06-04 12:54:00,1749041640.0,667.5,667.53,667.5,667.53,22.94
2025-06-04 12:55:00,1749041700.0,667.53,667.69,667.53,667.69,33.822
2025-06-04 12:56:00,1749041760.0,667.69,667.7,667.68,667.69,32.12
2025-06-04 12:57:00,1749041820.0,667.7,667.71,667.69,667.71,10.336
2025-06-04 12:58:00,1749041880.0,667.7,667.71,667.46,667.51,103.367
2025-06-04 12:59:00,1749041940.0,667.51,667.57,667.5,667.5,55.633
2025-06-04 13:00:00,1749042000.0,667.5,667.51,667.4,667.41,94.042
2025-06-04 13:01:00,1749042060.0,667.41,667.71,667.41,667.59,94.785
2025-06-04 13:02:00,1749042120.0,667.58,667.58,667.3,667.3,37.348
2025-06-04 13:03:00,1749042180.0,667.31,667.37,667.22,667.29,76.832
2025-06-04 13:04:00,1749042240.0,667.29,667.3,666.87,666.9,48.381
2025-06-04 13:05:00,1749042300.0,666.9,667.1,666.78,667.0,189.309
2025-06-04 13:06:00,1749042360.0,666.99,667.12,666.8,666.81,110.909
2025-06-04 13:07:00,1749042420.0,666.8,666.81,666.55,666.57,97.14
2025-06-04 13:08:00,1749042480.0,666.57,666.57,666.32,666.49,90.193
2025-06-04 13:09:00,1749042540.0,666.48,666.5,666.23,666.49,44.055
2025-06-04 13:10:00,1749042600.0,666.5,666.63,666.49,666.58,45.42
2025-06-04 13:11:00,1749042660.0,666.58,666.76,666.57,666.61,66.95
2025-06-04 13:12:00,1749042720.0,666.61,666.66,666.5,666.61,20.235
2025-06-04 13:13:00,1749042780.0,666.62,666.62,666.49,666.61,218.03
2025-06-04 13:14:00,1749042840.0,666.61,666.61,666.5,666.51,36.061
2025-06-04 13:15:00,1749042900.0,666.5,666.51,666.11,666.44,555.845
2025-06-04 13:16:00,1749042960.0,666.44,667.09,666.44,667.08,99.114
2025-06-04 13:17:00,1749043020.0,667.08,667.2,667.08,667.15,32.354
2025-06-04 13:18:00,1749043080.0,667.14,667.14,666.8,666.8,124.258
2025-06-04 13:19:00,1749043140.0,666.81,666.88,666.7,666.88,57.934
2025-06-04 13:20:00,1749043200.0,666.88,667.73,666.88,667.63,147.134
2025-06-04 13:21:00,1749043260.0,667.63,667.72,667.6,667.71,41.42
2025-06-04 13:22:00,1749043320.0,667.71,667.87,667.7,667.83,31.734
2025-06-04 13:23:00,1749043380.0,667.82,668.04,667.8,667.82,60.484
2025-06-04 13:24:00,1749043440.0,667.83,667.85,667.71,667.78,66.558
2025-06-04 13:25:00,1749043500.0,667.77,667.84,667.48,667.54,241.833
2025-06-04 13:26:00,1749043560.0,667.55,667.59,667.32,667.32,20.393
2025-06-04 13:27:00,1749043620.0,667.33,667.33,667.03,667.04,36.068
2025-06-04 13:28:00,1749043680.0,667.04,667.04,666.7,666.89,51.52
2025-06-04 13:29:00,1749043740.0,666.9,666.9,666.77,666.77,32.44
2025-06-04 13:30:00,1749043800.0,666.78,667.21,666.77,667.02,109.178
2025-06-04 13:31:00,1749043860.0,667.02,667.19,667.0,667.13,33.754
2025-06-04 13:32:00,1749043920.0,667.13,667.52,667.05,667.51,74.174
2025-06-04 13:33:00,1749043980.0,667.52,667.9,667.51,667.9,26.72
2025-06-04 13:34:00,1749044040.0,667.9,668.21,667.9,668.17,143.67
2025-06-04 13:35:00,1749044100.0,668.17,668.31,668.16,668.31,32.404
2025-06-04 13:36:00,1749044160.0,668.3,668.4,668.3,668.34,55.641
2025-06-04 13:37:00,1749044220.0,668.35,668.6,668.34,668.59,79.056
2025-06-04 13:38:00,1749044280.0,668.59,668.99,668.59,668.99,126.694
2025-06-04 13:39:00,1749044340.0,668.99,668.99,668.91,668.92,63.281
2025-06-04 13:40:00,1749044400.0,668.91,668.92,668.4,668.62,165.474
2025-06-04 13:41:00,1749044460.0,668.61,668.7,668.52,668.52,42.085
2025-06-04 13:42:00,1749044520.0,668.52,668.9,668.42,668.42,374.718
2025-06-04 13:43:00,1749044580.0,668.43,668.43,668.0,668.01,49.583
2025-06-04 13:44:00,1749044640.0,668.0,668.0,667.85,667.85,22.255
2025-06-04 13:45:00,1749044700.0,667.86,668.27,667.85,668.27,78.805
2025-06-04 13:46:00,1749044760.0,668.27,668.5,668.26,668.5,17.884
2025-06-04 13:47:00,1749044820.0,668.5,668.52,668.31,668.36,94.348
2025-06-04 13:48:00,1749044880.0,668.36,668.47,668.31,668.45,25.387
2025-06-04 13:49:00,1749044940.0,668.45,668.46,668.06,668.17,70.495
2025-06-04 13:50:00,1749045000.0,668.18,668.18,667.91,667.92,21.96
2025-06-04 13:51:00,1749045060.0,667.93,667.93,667.27,667.28,68.086
2025-06-04 13:52:00,1749045120.0,667.28,667.49,667.23,667.45,122.997
2025-06-04 13:53:00,1749045180.0,667.46,667.46,667.41,667.42,32.25
2025-06-04 13:54:00,1749045240.0,667.42,667.42,667.24,667.32,86.842
2025-06-04 13:55:00,1749045300.0,667.33,667.5,667.32,667.5,46.994
2025-06-04 13:56:00,1749045360.0,667.5,667.53,667.36,667.41,115.881
2025-06-04 13:57:00,1749045420.0,667.41,667.61,667.35,667.6,31.628
2025-06-04 13:58:00,1749045480.0,667.61,667.73,667.6,667.61,54.873
2025-06-04 13:59:00,1749045540.0,667.61,667.69,667.6,667.69,74.239
2025-06-04 14:00:00,1749045600.0,667.69,667.69,666.6,666.9,536.225
2025-06-04 14:01:00,1749045660.0,666.91,667.3,666.59,667.3,109.807
2025-06-04 14:02:00,1749045720.0,667.3,667.4,667.04,667.21,234.763
2025-06-04 14:03:00,1749045780.0,667.2,667.22,666.48,666.61,170.553
2025-06-04 14:04:00,1749045840.0,666.62,666.62,666.25,666.29,115.164
2025-06-04 14:05:00,1749045900.0,666.3,666.3,665.5,665.58,475.045
2025-06-04 14:06:00,1749045960.0,665.59,665.6,665.15,665.39,265.993
2025-06-04 14:07:00,1749046020.0,665.39,665.86,665.34,665.7,89.651
2025-06-04 14:08:00,1749046080.0,665.71,665.85,665.5,665.51,161.738
2025-06-04 14:09:00,1749046140.0,665.5,665.85,665.2,665.71,141.653
2025-06-04 14:10:00,1749046200.0,665.71,666.18,665.6,666.14,185.152
2025-06-04 14:11:00,1749046260.0,666.14,666.5,665.98,665.98,60.397
2025-06-04 14:12:00,1749046320.0,665.99,666.51,665.98,666.25,162.977
2025-06-04 14:13:00,1749046380.0,666.25,666.44,666.11,666.26,103.771
2025-06-04 14:14:00,1749046440.0,666.25,666.57,666.25,666.55,66.108
2025-06-04 14:15:00,1749046500.0,666.55,666.73,666.33,666.73,96.484
2025-06-04 14:16:00,1749046560.0,666.74,667.09,666.74,666.92,136.821
2025-06-04 14:17:00,1749046620.0,666.91,667.06,666.77,666.94,47.086
2025-06-04 14:18:00,1749046680.0,666.94,667.17,666.88,667.1,164.754
2025-06-04 14:19:00,1749046740.0,667.09,667.47,667.09,667.31,218.282
2025-06-04 14:20:00,1749046800.0,667.32,667.36,667.05,667.06,83.57
2025-06-04 14:21:00,1749046860.0,667.06,667.4,667.06,667.15,53.122
2025-06-04 14:22:00,1749046920.0,667.15,667.28,667.12,667.27,230.785
2025-06-04 14:23:00,1749046980.0,667.28,667.46,667.28,667.34,70.044
2025-06-04 14:24:00,1749047040.0,667.33,667.33,667.2,667.3,50.981
2025-06-04 14:25:00,1749047100.0,667.3,667.38,667.17,667.36,28.404
2025-06-04 14:26:00,1749047160.0,667.35,667.39,667.29,667.38,39.512
2025-06-04 14:27:00,1749047220.0,667.38,667.43,667.31,667.32,59.332
2025-06-04 14:28:00,1749047280.0,667.31,667.32,666.74,666.74,95.192
2025-06-04 14:29:00,1749047340.0,666.73,666.73,666.3,666.37,188.243
2025-06-04 14:30:00,1749047400.0,666.37,666.74,666.3,666.62,143.88
2025-06-04 14:31:00,1749047460.0,666.63,666.69,666.5,666.6,55.309
2025-06-04 14:32:00,1749047520.0,666.6,666.7,666.54,666.7,43.138
2025-06-04 14:33:00,1749047580.0,666.69,667.24,666.69,667.12,59.701
2025-06-04 14:34:00,1749047640.0,667.11,667.18,666.73,666.73,76.137
2025-06-04 14:35:00,1749047700.0,666.73,666.92,666.73,666.91,50.515
2025-06-04 14:36:00,1749047760.0,666.92,666.92,666.5,666.54,51.714
2025-06-04 14:37:00,1749047820.0,666.54,666.8,666.53,666.64,41.013
2025-06-04 14:38:00,1749047880.0,666.64,666.64,666.3,666.3,78.162
2025-06-04 14:39:00,1749047940.0,666.31,666.5,666.31,666.5,44.291
2025-06-04 14:40:00,1749048000.0,666.49,667.06,666.49,666.84,254.877
2025-06-04 14:41:00,1749048060.0,666.84,666.99,666.66,666.84,67.068
2025-06-04 14:42:00,1749048120.0,666.84,666.85,666.56,666.65,73.24
2025-06-04 14:43:00,1749048180.0,666.64,666.8,666.6,666.79,20.928
2025-06-04 14:44:00,1749048240.0,666.8,667.29,666.79,667.28,90.37
2025-06-04 14:45:00,1749048300.0,667.29,667.52,667.28,667.5,189.956
2025-06-04 14:46:00,1749048360.0,667.49,667.5,666.81,667.22,109.184
2025-06-04 14:47:00,1749048420.0,667.22,667.39,667.13,667.39,53.954
2025-06-04 14:48:00,1749048480.0,667.38,667.8,667.38,667.8,41.083
2025-06-04 14:49:00,1749048540.0,667.79,667.88,667.46,667.47,43.89
2025-06-04 14:50:00,1749048600.0,667.47,667.47,667.02,667.23,88.268
2025-06-04 14:51:00,1749048660.0,667.23,667.3,667.05,667.3,34.534
2025-06-04 14:52:00,1749048720.0,667.29,667.4,667.1,667.1,101.524
2025-06-04 14:53:00,1749048780.0,667.11,667.34,667.1,667.34,61.923
2025-06-04 14:54:00,1749048840.0,667.34,667.5,667.33,667.49,21.993
2025-06-04 14:55:00,1749048900.0,667.49,668.19,667.49,667.91,260.877
2025-06-04 14:56:00,1749048960.0,667.9,668.17,667.9,668.16,64.23
2025-06-04 14:57:00,1749049020.0,668.16,668.18,668.0,668.09,223.9
2025-06-04 14:58:00,1749049080.0,668.09,668.34,668.09,668.33,84.165
2025-06-04 14:59:00,1749049140.0,668.33,668.54,668.33,668.49,82.01
2025-06-04 15:00:00,1749049200.0,668.48,668.71,668.22,668.43,200.353
2025-06-04 15:01:00,1749049260.0,668.43,668.55,668.38,668.46,84.655
2025-06-04 15:02:00,1749049320.0,668.45,668.52,668.41,668.41,66.5
2025-06-04 15:03:00,1749049380.0,668.41,668.45,668.35,668.39,46.109
2025-06-04 15:04:00,1749049440.0,668.39,668.39,668.1,668.1,108.785
2025-06-04 15:05:00,1749049500.0,668.11,668.11,667.7,667.79,91.585
2025-06-04 15:06:00,1749049560.0,667.79,668.38,667.79,668.37,55.758
2025-06-04 15:07:00,1749049620.0,668.37,668.61,668.1,668.11,158.662
2025-06-04 15:08:00,1749049680.0,668.1,668.11,667.2,667.33,80.3
2025-06-04 15:09:00,1749049740.0,667.33,667.7,667.33,667.7,64.251
2025-06-04 15:10:00,1749049800.0,667.7,667.7,667.54,667.7,43.344
2025-06-04 15:11:00,1749049860.0,667.7,668.06,667.69,668.05,89.508
2025-06-04 15:12:00,1749049920.0,668.05,668.16,667.87,668.15,244.302
2025-06-04 15:13:00,1749049980.0,668.16,668.58,668.15,668.57,123.818
2025-06-04 15:14:00,1749050040.0,668.57,668.68,668.33,668.33,127.324
2025-06-04 15:15:00,1749050100.0,668.34,668.6,668.33,668.53,92.707
2025-06-04 15:16:00,1749050160.0,668.53,668.89,668.52,668.89,93.31
2025-06-04 15:17:00,1749050220.0,668.89,669.35,668.88,669.13,509.508
2025-06-04 15:18:00,1749050280.0,669.13,669.58,669.12,669.53,209.578
2025-06-04 15:19:00,1749050340.0,669.52,669.54,669.32,669.52,80.501
2025-06-04 15:20:00,1749050400.0,669.52,669.6,669.46,669.47,77.156
2025-06-04 15:21:00,1749050460.0,669.46,669.46,669.2,669.34,82.153
2025-06-04 15:22:00,1749050520.0,669.35,669.74,669.35,669.69,203.286
2025-06-04 15:23:00,1749050580.0,669.7,669.75,669.69,669.72,95.173
2025-06-04 15:24:00,1749050640.0,669.72,669.77,669.7,669.76,59.782
2025-06-04 15:25:00,1749050700.0,669.76,669.88,669.72,669.88,141.256
2025-06-04 15:26:00,1749050760.0,669.88,669.88,669.72,669.73,53.379
2025-06-04 15:27:00,1749050820.0,669.73,669.88,669.73,669.87,90.986
2025-06-04 15:28:00,1749050880.0,669.87,669.92,669.3,669.39,97.814
2025-06-04 15:29:00,1749050940.0,669.39,669.48,669.13,669.18,311.942
2025-06-04 15:30:00,1749051000.0,669.18,669.28,669.04,669.19,60.17
2025-06-04 15:31:00,1749051060.0,669.2,669.38,669.17,669.17,62.962
2025-06-04 15:32:00,1749051120.0,669.17,669.4,669.1,669.4,35.313
2025-06-04 15:33:00,1749051180.0,669.39,669.46,669.35,669.46,97.458
2025-06-04 15:34:00,1749051240.0,669.46,669.56,669.31,669.55,57.497
2025-06-04 15:35:00,1749051300.0,669.56,669.76,669.15,669.35,161.742
2025-06-04 15:36:00,1749051360.0,669.35,669.57,669.34,669.51,27.181
2025-06-04 15:37:00,1749051420.0,669.51,669.6,669.5,669.6,15.497
2025-06-04 15:38:00,1749051480.0,669.6,670.29,669.59,670.15,689.53
2025-06-04 15:39:00,1749051540.0,670.14,670.99,669.9,670.32,1197.642
2025-06-04 15:40:00,1749051600.0,670.32,670.48,670.16,670.29,216.418
2025-06-04 15:41:00,1749051660.0,670.29,670.58,670.28,670.34,117.209
2025-06-04 15:42:00,1749051720.0,670.33,670.41,670.15,670.15,53.023
2025-06-04 15:43:00,1749051780.0,670.15,670.57,670.06,670.41,107.226
2025-06-04 15:44:00,1749051840.0,670.4,670.46,669.6,669.71,160.04
2025-06-04 15:45:00,1749051900.0,669.7,670.09,669.7,669.91,72.344
2025-06-04 15:46:00,1749051960.0,669.9,669.91,669.6,669.88,90.112
2025-06-04 15:47:00,1749052020.0,669.89,670.13,669.21,669.21,196.676
2025-06-04 15:48:00,1749052080.0,669.21,669.4,669.12,669.13,96.006
2025-06-04 15:49:00,1749052140.0,669.13,669.19,668.9,669.1,85.801
2025-06-04 15:50:00,1749052200.0,669.1,669.51,669.09,669.21,112.244
2025-06-04 15:51:00,1749052260.0,669.21,669.3,669.1,669.27,28.121
2025-06-04 15:52:00,1749052320.0,669.27,669.38,669.26,669.26,39.919
2025-06-04 15:53:00,1749052380.0,669.27,669.4,669.26,669.33,31.298
2025-06-04 15:54:00,1749052440.0,669.33,669.61,669.33,669.47,47.177
2025-06-04 15:55:00,1749052500.0,669.47,669.96,669.46,669.8,55.692
2025-06-04 15:56:00,1749052560.0,669.81,670.0,669.74,669.74,104.662
2025-06-04 15:57:00,1749052620.0,669.75,669.75,669.57,669.65,33.056
2025-06-04 15:58:00,1749052680.0,669.66,669.66,669.23,669.28,63.955
2025-06-04 15:59:00,1749052740.0,669.29,669.52,669.29,669.47,84.144
2025-06-04 16:00:00,1749052800.0,669.47,669.6,669.3,669.42,119.545
2025-06-04 16:01:00,1749052860.0,669.42,669.42,669.0,669.04,408.102
2025-06-04 16:02:00,1749052920.0,669.04,669.2,668.52,668.87,382.317
2025-06-04 16:03:00,1749052980.0,668.87,669.03,668.76,668.81,168.582
2025-06-04 16:04:00,1749053040.0,668.81,668.81,667.99,668.5,1302.694
2025-06-04 16:05:00,1749053100.0,668.5,668.64,668.24,668.24,124.975
2025-06-04 16:06:00,1749053160.0,668.24,668.84,668.1,668.83,167.223
2025-06-04 16:07:00,1749053220.0,668.84,668.84,668.6,668.61,51.974
2025-06-04 16:08:00,1749053280.0,668.61,668.65,668.17,668.24,128.337
2025-06-04 16:09:00,1749053340.0,668.24,669.06,668.24,669.06,145.968
2025-06-04 16:10:00,1749053400.0,669.05,669.36,669.05,669.28,136.735
2025-06-04 16:11:00,1749053460.0,669.28,669.55,669.2,669.55,119.233
2025-06-04 16:12:00,1749053520.0,669.55,669.6,669.43,669.44,79.757
2025-06-04 16:13:00,1749053580.0,669.44,669.5,669.32,669.39,29.728
2025-06-04 16:14:00,1749053640.0,669.39,669.65,669.38,669.57,162.204
2025-06-04 16:15:00,1749053700.0,669.57,670.01,669.4,669.93,1150.707
2025-06-04 16:16:00,1749053760.0,669.93,669.93,669.36,669.5,158.366
2025-06-04 16:17:00,1749053820.0,669.49,669.6,669.41,669.42,35.153
2025-06-04 16:18:00,1749053880.0,669.41,669.42,669.2,669.26,71.549
2025-06-04 16:19:00,1749053940.0,669.25,669.9,669.25,669.9,78.525
2025-06-04 16:20:00,1749054000.0,669.89,669.93,669.88,669.89,59.804
2025-06-04 16:21:00,1749054060.0,669.89,669.93,669.8,669.8,83.008
2025-06-04 16:22:00,1749054120.0,669.8,669.81,669.44,669.44,30.829
2025-06-04 16:23:00,1749054180.0,669.44,669.44,669.4,669.41,25.384
2025-06-04 16:24:00,1749054240.0,669.42,669.42,669.23,669.41,89.274
2025-06-04 16:25:00,1749054300.0,669.4,669.43,669.26,669.26,54.21
2025-06-04 16:26:00,1749054360.0,669.26,669.26,669.2,669.21,51.516
2025-06-04 16:27:00,1749054420.0,669.2,669.21,669.2,669.2,43.384
2025-06-04 16:28:00,1749054480.0,669.2,669.4,669.2,669.3,62.248
2025-06-04 16:29:00,1749054540.0,669.3,669.3,669.23,669.24,52.035
2025-06-04 16:30:00,1749054600.0,669.24,669.24,668.84,669.15,1154.656
2025-06-04 16:31:00,1749054660.0,669.16,669.2,669.0,669.01,59.964
2025-06-04 16:32:00,1749054720.0,669.01,669.25,669.0,669.25,106.916
2025-06-04 16:33:00,1749054780.0,669.24,669.3,669.19,669.29,31.2
2025-06-04 16:34:00,1749054840.0,669.3,669.59,669.29,669.58,113.868
2025-06-04 16:35:00,1749054900.0,669.59,669.59,669.4,669.42,33.715
2025-06-04 16:36:00,1749054960.0,669.42,669.42,669.35,669.41,19.25
2025-06-04 16:37:00,1749055020.0,669.41,669.49,669.38,669.39,81.889
2025-06-04 16:38:00,1749055080.0,669.39,669.52,669.38,669.46,46.267
2025-06-04 16:39:00,1749055140.0,669.47,669.84,669.46,669.76,121.633
2025-06-04 16:40:00,1749055200.0,669.76,669.76,669.51,669.62,138.806
2025-06-04 16:41:00,1749055260.0,669.61,669.64,669.32,669.32,123.372
2025-06-04 16:42:00,1749055320.0,669.33,669.39,669.13,669.15,77.098
2025-06-04 16:43:00,1749055380.0,669.14,669.32,669.14,669.27,60.907
2025-06-04 16:44:00,1749055440.0,669.28,669.45,669.27,669.41,63.392
2025-06-04 16:45:00,1749055500.0,669.42,669.56,669.28,669.56,79.153
2025-06-04 16:46:00,1749055560.0,669.55,669.62,669.55,669.55,40.835
2025-06-04 16:47:00,1749055620.0,669.55,669.77,669.5,669.76,39.925
2025-06-04 16:48:00,1749055680.0,669.77,669.78,669.71,669.71,30.871
2025-06-04 16:49:00,1749055740.0,669.72,669.86,669.71,669.86,45.778
2025-06-04 16:50:00,1749055800.0,669.86,670.1,669.86,670.01,135.702
2025-06-04 16:51:00,1749055860.0,670.01,670.01,669.9,669.9,37.645
2025-06-04 16:52:00,1749055920.0,669.91,669.97,669.87,669.87,61.938
2025-06-04 16:53:00,1749055980.0,669.88,669.88,669.87,669.88,36.999
2025-06-04 16:54:00,1749056040.0,669.87,669.88,669.8,669.88,22.649
2025-06-04 16:55:00,1749056100.0,669.88,669.88,669.74,669.74,50.027
2025-06-04 16:56:00,1749056160.0,669.75,669.75,669.69,669.7,19.251
2025-06-04 16:57:00,1749056220.0,669.7,669.7,669.5,669.51,10.052
2025-06-04 16:58:00,1749056280.0,669.5,669.7,669.5,669.69,22.933
2025-06-04 16:59:00,1749056340.0,669.7,670.0,669.69,670.0,154.002
2025-06-04 17:00:00,1749056400.0,670.0,670.1,669.91,669.91,37.594
2025-06-04 17:01:00,1749056460.0,669.91,669.91,669.5,669.5,25.401
2025-06-04 17:02:00,1749056520.0,669.51,669.51,669.17,669.17,66.271
2025-06-04 17:03:00,1749056580.0,669.18,669.2,668.9,668.91,21.183
2025-06-04 17:04:00,1749056640.0,668.9,669.01,668.6,668.61,148.837
2025-06-04 17:05:00,1749056700.0,668.6,668.7,668.3,668.35,347.007
2025-06-04 17:06:00,1749056760.0,668.36,668.36,668.16,668.17,268.12
2025-06-04 17:07:00,1749056820.0,668.18,668.18,667.9,667.91,106.443
2025-06-04 17:08:00,1749056880.0,667.91,668.17,667.7,668.17,725.206
2025-06-04 17:09:00,1749056940.0,668.17,668.17,667.84,667.84,82.547
2025-06-04 17:10:00,1749057000.0,667.84,668.0,667.01,668.0,1193.499
2025-06-04 17:11:00,1749057060.0,667.99,668.15,667.99,668.02,125.282
2025-06-04 17:12:00,1749057120.0,668.01,668.59,668.01,668.41,62.459
2025-06-04 17:13:00,1749057180.0,668.41,668.44,668.36,668.43,27.81
2025-06-04 17:14:00,1749057240.0,668.44,668.58,668.4,668.4,23.91
2025-06-04 17:15:00,1749057300.0,668.41,668.41,668.03,668.04,20.427
2025-06-04 17:16:00,1749057360.0,668.03,668.04,668.01,668.01,22.127
2025-06-04 17:17:00,1749057420.0,668.01,668.01,667.71,667.78,51.887
2025-06-04 17:18:00,1749057480.0,667.79,668.0,667.78,667.99,18.48
2025-06-04 17:19:00,1749057540.0,668.0,668.03,667.9,668.02,32.002
2025-06-04 17:20:00,1749057600.0,668.01,668.02,667.72,667.99,38.544
2025-06-04 17:21:00,1749057660.0,668.0,668.24,667.99,668.05,39.961
2025-06-04 17:22:00,1749057720.0,668.04,668.05,667.8,667.96,105.044
2025-06-04 17:23:00,1749057780.0,667.97,667.97,667.89,667.9,39.712
2025-06-04 17:24:00,1749057840.0,667.9,667.92,667.42,667.49,87.377
2025-06-04 17:25:00,1749057900.0,667.48,667.48,667.12,667.18,31.695
2025-06-04 17:26:00,1749057960.0,667.18,667.3,667.1,667.17,66.399
2025-06-04 17:27:00,1749058020.0,667.17,667.58,667.17,667.5,97.283
2025-06-04 17:28:00,1749058080.0,667.5,667.51,667.07,667.07,55.093
2025-06-04 17:29:00,1749058140.0,667.07,667.17,667.02,667.12,101.143
2025-06-04 17:30:00,1749058200.0,667.13,667.13,666.87,666.87,78.195
2025-06-04 17:31:00,1749058260.0,666.88,666.88,666.51,666.7,281.179
2025-06-04 17:32:00,1749058320.0,666.71,666.71,666.51,666.65,73.285
2025-06-04 17:33:00,1749058380.0,666.65,666.98,666.42,666.97,98.291
2025-06-04 17:34:00,1749058440.0,666.98,667.3,666.97,667.3,35.765
2025-06-04 17:35:00,1749058500.0,667.3,667.61,667.29,667.36,98.058
2025-06-04 17:36:00,1749058560.0,667.35,667.35,666.81,666.91,50.432
2025-06-04 17:37:00,1749058620.0,666.9,666.9,666.72,666.72,79.947
2025-06-04 17:38:00,1749058680.0,666.71,666.8,666.63,666.72,61.14
2025-06-04 17:39:00,1749058740.0,666.71,666.72,666.63,666.68,67.176
2025-06-04 17:40:00,1749058800.0,666.68,666.8,666.68,666.8,85.651
2025-06-04 17:41:00,1749058860.0,666.8,667.2,666.8,667.18,62.681
2025-06-04 17:42:00,1749058920.0,667.18,667.19,666.93,666.94,41.188
2025-06-04 17:43:00,1749058980.0,666.94,666.94,666.7,666.71,35.968
2025-06-04 17:44:00,1749059040.0,666.71,666.8,666.7,666.76,44.019
2025-06-04 17:45:00,1749059100.0,666.76,666.8,666.6,666.64,118.851
2025-06-04 17:46:00,1749059160.0,666.65,666.8,666.65,666.8,37.112
2025-06-04 17:47:00,1749059220.0,666.8,666.8,666.65,666.79,80.475
2025-06-04 17:48:00,1749059280.0,666.79,666.94,666.66,666.94,39.941
2025-06-04 17:49:00,1749059340.0,666.94,667.05,666.85,667.05,27.733
2025-06-04 17:50:00,1749059400.0,667.04,667.05,666.61,666.62,66.567
2025-06-04 17:51:00,1749059460.0,666.62,666.8,666.53,666.8,47.376
2025-06-04 17:52:00,1749059520.0,666.8,667.19,666.8,667.14,24.953
2025-06-04 17:53:00,1749059580.0,667.14,667.35,667.03,667.31,58.434
2025-06-04 17:54:00,1749059640.0,667.3,667.5,667.3,667.5,10.414
2025-06-04 17:55:00,1749059700.0,667.5,667.5,667.4,667.47,29.39
2025-06-04 17:56:00,1749059760.0,667.47,667.5,667.39,667.39,14.098
2025-06-04 17:57:00,1749059820.0,667.4,667.49,667.39,667.49,13.436
2025-06-04 17:58:00,1749059880.0,667.5,667.5,667.38,667.38,12.85
2025-06-04 17:59:00,1749059940.0,667.39,667.5,667.38,667.5,22.521
2025-06-04 18:00:00,1749060000.0,667.49,667.84,667.49,667.84,29.058
2025-06-04 18:01:00,1749060060.0,667.84,667.84,667.66,667.68,33.591
2025-06-04 18:02:00,1749060120.0,667.67,667.76,667.6,667.6,33.847
2025-06-04 18:03:00,1749060180.0,667.6,667.7,667.51,667.7,48.789
2025-06-04 18:04:00,1749060240.0,667.69,667.86,667.69,667.74,22.738
2025-06-04 18:05:00,1749060300.0,667.73,667.73,667.51,667.57,74.425
2025-06-04 18:06:00,1749060360.0,667.57,667.58,667.33,667.35,47.215
2025-06-04 18:07:00,1749060420.0,667.36,667.47,667.2,667.21,26.543
2025-06-04 18:08:00,1749060480.0,667.21,667.21,666.5,666.5,90.53
2025-06-04 18:09:00,1749060540.0,666.5,666.51,666.28,666.5,71.444
2025-06-04 18:10:00,1749060600.0,666.5,666.75,666.5,666.75,34.03
2025-06-04 18:11:00,1749060660.0,666.75,667.4,666.75,667.35,41.423
2025-06-04 18:12:00,1749060720.0,667.35,667.42,667.21,667.32,19.451
2025-06-04 18:13:00,1749060780.0,667.32,667.49,667.31,667.49,11.175
2025-06-04 18:14:00,1749060840.0,667.49,667.51,667.48,667.5,13.416
2025-06-04 18:15:00,1749060900.0,667.51,667.6,667.41,667.57,19.212
2025-06-04 18:16:00,1749060960.0,667.57,667.62,667.47,667.62,12.627
2025-06-04 18:17:00,1749061020.0,667.62,667.79,667.62,667.79,42.573
2025-06-04 18:18:00,1749061080.0,667.8,667.83,667.75,667.76,9.976
2025-06-04 18:19:00,1749061140.0,667.75,667.95,667.7,667.94,20.62
2025-06-04 18:20:00,1749061200.0,667.94,668.1,667.94,668.1,18.613
2025-06-04 18:21:00,1749061260.0,668.1,668.1,668.09,668.1,10.008
2025-06-04 18:22:00,1749061320.0,668.09,668.1,668.02,668.03,13.764
2025-06-04 18:23:00,1749061380.0,668.03,668.03,668.01,668.02,9.802
2025-06-04 18:24:00,1749061440.0,668.01,668.15,668.01,668.15,28.967
2025-06-04 18:25:00,1749061500.0,668.15,668.17,668.12,668.13,32.539
2025-06-04 18:26:00,1749061560.0,668.13,668.48,668.1,668.48,92.482
2025-06-04 18:27:00,1749061620.0,668.48,668.79,668.47,668.79,72.769
2025-06-04 18:28:00,1749061680.0,668.79,668.79,668.68,668.73,54.094
2025-06-04 18:29:00,1749061740.0,668.73,668.92,668.73,668.91,41.513
2025-06-04 18:30:00,1749061800.0,668.92,669.08,668.91,668.94,50.009
2025-06-04 18:31:00,1749061860.0,668.94,668.94,668.74,668.75,33.509
2025-06-04 18:32:00,1749061920.0,668.75,669.0,668.74,669.0,29.352
2025-06-04 18:33:00,1749061980.0,669.0,669.0,668.81,668.89,44.059
2025-06-04 18:34:00,1749062040.0,668.89,668.9,668.89,668.89,14.65
2025-06-04 18:35:00,1749062100.0,668.9,668.9,668.89,668.9,15.862
2025-06-04 18:36:00,1749062160.0,668.9,668.99,668.84,668.84,24.644
2025-06-04 18:37:00,1749062220.0,668.85,668.92,668.84,668.91,10.313
2025-06-04 18:38:00,1749062280.0,668.92,669.08,668.91,669.08,36.264
2025-06-04 18:39:00,1749062340.0,669.08,669.08,669.02,669.07,10.402
2025-06-04 18:40:00,1749062400.0,669.06,669.07,668.91,668.91,47.541
2025-06-04 18:41:00,1749062460.0,668.92,668.97,668.75,668.76,12.169
2025-06-04 18:42:00,1749062520.0,668.75,668.98,668.58,668.97,16.013
2025-06-04 18:43:00,1749062580.0,668.98,669.08,668.9,668.97,28.68
2025-06-04 18:44:00,1749062640.0,668.96,668.97,668.96,668.97,8.506
2025-06-04 18:45:00,1749062700.0,668.97,669.08,668.9,668.9,41.355
2025-06-04 18:46:00,1749062760.0,668.91,668.91,668.7,668.73,9.791
2025-06-04 18:47:00,1749062820.0,668.74,668.76,668.65,668.66,17.563
2025-06-04 18:48:00,1749062880.0,668.65,668.78,668.65,668.65,25.093
2025-06-04 18:49:00,1749062940.0,668.65,668.93,668.65,668.83,16.195
2025-06-04 18:50:00,1749063000.0,668.82,668.82,668.31,668.32,22.904
2025-06-04 18:51:00,1749063060.0,668.32,668.41,668.23,668.4,12.309
2025-06-04 18:52:00,1749063120.0,668.4,668.41,668.17,668.17,10.898
2025-06-04 18:53:00,1749063180.0,668.17,668.34,668.16,668.3,18.278
2025-06-04 18:54:00,1749063240.0,668.3,668.31,668.23,668.24,23.289
2025-06-04 18:55:00,1749063300.0,668.24,668.25,667.75,667.78,86.075
2025-06-04 18:56:00,1749063360.0,667.77,667.85,667.7,667.84,33.031
2025-06-04 18:57:00,1749063420.0,667.84,668.08,667.84,668.04,28.939
2025-06-04 18:58:00,1749063480.0,668.05,668.05,667.91,667.92,31.692
2025-06-04 18:59:00,1749063540.0,667.91,668.0,667.83,667.99,30.996
2025-06-04 19:00:00,1749063600.0,667.99,668.0,667.9,667.97,40.386
2025-06-04 19:01:00,1749063660.0,667.96,667.98,667.96,667.97,25.073
2025-06-04 19:02:00,1749063720.0,667.98,667.98,667.83,667.97,23.968
2025-06-04 19:03:00,1749063780.0,667.96,667.96,667.8,667.8,32.753
2025-06-04 19:04:00,1749063840.0,667.8,668.08,667.8,667.96,83.913
2025-06-04 19:05:00,1749063900.0,667.96,667.96,667.71,667.8,48.491
2025-06-04 19:06:00,1749063960.0,667.8,667.82,667.55,667.55,12.621
2025-06-04 19:07:00,1749064020.0,667.55,667.55,667.48,667.48,18.726
2025-06-04 19:08:00,1749064080.0,667.49,667.49,667.33,667.34,58.515
2025-06-04 19:09:00,1749064140.0,667.34,667.35,666.84,666.92,176.435
2025-06-04 19:10:00,1749064200.0,666.91,666.92,666.7,666.9,85.27
2025-06-04 19:11:00,1749064260.0,666.9,667.28,666.8,667.27,197.975
2025-06-04 19:12:00,1749064320.0,667.27,667.5,667.26,667.36,17.751
2025-06-04 19:13:00,1749064380.0,667.36,667.4,667.28,667.39,11.909
2025-06-04 19:14:00,1749064440.0,667.4,667.45,667.35,667.35,33.653
2025-06-04 19:15:00,1749064500.0,667.35,667.36,667.19,667.2,17.156
2025-06-04 19:16:00,1749064560.0,667.2,667.2,666.99,667.04,26.654
2025-06-04 19:17:00,1749064620.0,667.03,667.2,666.94,667.19,19.948
2025-06-04 19:18:00,1749064680.0,667.2,667.75,667.2,667.66,45.254
2025-06-04 19:19:00,1749064740.0,667.66,667.99,667.66,667.9,61.329
2025-06-04 19:20:00,1749064800.0,667.89,667.9,667.76,667.89,14.236
2025-06-04 19:21:00,1749064860.0,667.9,668.41,667.72,668.4,286.88
2025-06-04 19:22:00,1749064920.0,668.41,668.7,668.36,668.53,167.413
2025-06-04 19:23:00,1749064980.0,668.53,668.67,668.52,668.59,36.319
2025-06-04 19:24:00,1749065040.0,668.58,668.59,668.19,668.3,34.968
2025-06-04 19:25:00,1749065100.0,668.3,668.39,668.2,668.31,30.797
2025-06-04 19:26:00,1749065160.0,668.32,668.4,668.17,668.18,37.323
2025-06-04 19:27:00,1749065220.0,668.18,668.18,668.12,668.12,13.202
2025-06-04 19:28:00,1749065280.0,668.13,668.15,667.85,667.93,62.321
2025-06-04 19:29:00,1749065340.0,667.94,668.14,667.94,668.07,39.602
2025-06-04 19:30:00,1749065400.0,668.07,668.09,667.8,668.08,45.186
2025-06-04 19:31:00,1749065460.0,668.08,668.37,668.04,668.36,40.322
2025-06-04 19:32:00,1749065520.0,668.36,668.48,668.2,668.47,31.215
2025-06-04 19:33:00,1749065580.0,668.48,668.64,668.4,668.41,17.77
2025-06-04 19:34:00,1749065640.0,668.41,668.48,668.24,668.24,17.158
2025-06-04 19:35:00,1749065700.0,668.24,668.24,667.84,667.91,94.607
2025-06-04 19:36:00,1749065760.0,667.91,668.17,667.91,668.17,28.461
2025-06-04 19:37:00,1749065820.0,668.17,668.7,668.12,668.57,363.795
2025-06-04 19:38:00,1749065880.0,668.57,668.6,668.46,668.49,14.794
2025-06-04 19:39:00,1749065940.0,668.48,668.48,668.31,668.38,13.388
2025-06-04 19:40:00,1749066000.0,668.37,668.42,668.14,668.41,92.2
2025-06-04 19:41:00,1749066060.0,668.41,668.47,668.33,668.46,17.704
2025-06-04 19:42:00,1749066120.0,668.47,668.47,668.3,668.3,10.363
2025-06-04 19:43:00,1749066180.0,668.3,668.48,668.3,668.47,25.536
2025-06-04 19:44:00,1749066240.0,668.48,668.6,668.47,668.59,74.032
2025-06-04 19:45:00,1749066300.0,668.59,668.59,668.51,668.56,37.101
2025-06-04 19:46:00,1749066360.0,668.57,668.77,668.56,668.76,63.825
2025-06-04 19:47:00,1749066420.0,668.77,668.77,668.58,668.58,14.869
2025-06-04 19:48:00,1749066480.0,668.57,668.58,668.2,668.21,15.09
2025-06-04 19:49:00,1749066540.0,668.2,668.48,668.2,668.48,14.491
2025-06-04 19:50:00,1749066600.0,668.48,668.49,668.39,668.49,6.467
2025-06-04 19:51:00,1749066660.0,668.49,668.49,668.18,668.18,12.934
2025-06-04 19:52:00,1749066720.0,668.18,668.18,667.83,667.84,31.879
2025-06-04 19:53:00,1749066780.0,667.84,668.0,667.83,667.95,13.264
2025-06-04 19:54:00,1749066840.0,667.94,667.95,667.8,667.9,12.478
2025-06-04 19:55:00,1749066900.0,667.89,667.99,667.8,667.97,17.294
2025-06-04 19:56:00,1749066960.0,667.98,667.98,667.65,667.65,40.541
2025-06-04 19:57:00,1749067020.0,667.64,667.65,667.4,667.41,39.203
2025-06-04 19:58:00,1749067080.0,667.41,667.95,667.41,667.95,32.802
2025-06-04 19:59:00,1749067140.0,667.95,667.95,667.41,667.42,54.548
2025-06-04 20:00:00,1749067200.0,667.42,667.49,667.28,667.37,91.33
2025-06-04 20:01:00,1749067260.0,667.36,667.37,667.2,667.2,18.068
2025-06-04 20:02:00,1749067320.0,667.21,667.21,666.9,666.92,31.721
2025-06-04 20:03:00,1749067380.0,666.91,666.92,666.44,666.44,100.012
2025-06-04 20:04:00,1749067440.0,666.45,666.45,666.08,666.08,112.385
2025-06-04 20:05:00,1749067500.0,666.08,666.23,665.86,665.86,140.466
2025-06-04 20:06:00,1749067560.0,665.86,665.87,665.58,665.73,109.748
2025-06-04 20:07:00,1749067620.0,665.73,665.73,665.56,665.59,106.969
2025-06-04 20:08:00,1749067680.0,665.6,665.79,665.59,665.78,64.681
2025-06-04 20:09:00,1749067740.0,665.78,665.8,665.78,665.8,16.507
2025-06-04 20:10:00,1749067800.0,665.8,665.86,665.61,665.67,200.354
2025-06-04 20:11:00,1749067860.0,665.67,665.67,665.38,665.39,75.961
2025-06-04 20:12:00,1749067920.0,665.38,665.58,665.3,665.57,61.99
2025-06-04 20:13:00,1749067980.0,665.58,665.58,665.1,665.29,204.275
2025-06-04 20:14:00,1749068040.0,665.3,665.4,665.29,665.39,35.226
2025-06-04 20:15:00,1749068100.0,665.4,665.4,665.22,665.39,42.575
2025-06-04 20:16:00,1749068160.0,665.39,665.45,665.25,665.31,48.878
2025-06-04 20:17:00,1749068220.0,665.32,665.4,665.07,665.07,113.836
2025-06-04 20:18:00,1749068280.0,665.08,665.13,665.03,665.12,137.254
2025-06-04 20:19:00,1749068340.0,665.12,665.2,664.96,665.09,389.056
2025-06-04 20:20:00,1749068400.0,665.09,665.09,664.44,664.45,164.39
2025-06-04 20:21:00,1749068460.0,664.44,664.7,664.4,664.51,194.345
2025-06-04 20:22:00,1749068520.0,664.52,664.9,664.34,664.39,122.154
2025-06-04 20:23:00,1749068580.0,664.39,664.39,664.05,664.09,180.327
2025-06-04 20:24:00,1749068640.0,664.1,664.77,664.09,664.57,117.992
2025-06-04 20:25:00,1749068700.0,664.57,664.86,664.57,664.71,29.12
2025-06-04 20:26:00,1749068760.0,664.71,665.15,664.71,664.92,153.107
2025-06-04 20:27:00,1749068820.0,664.92,665.06,664.73,664.99,25.489
2025-06-04 20:28:00,1749068880.0,664.99,665.3,664.99,665.3,55.667
2025-06-04 20:29:00,1749068940.0,665.3,665.46,665.3,665.46,27.325
2025-06-04 20:30:00,1749069000.0,665.46,665.46,665.08,665.24,304.283
2025-06-04 20:31:00,1749069060.0,665.24,665.24,664.64,664.64,23.7
2025-06-04 20:32:00,1749069120.0,664.65,664.65,664.05,664.38,138.785
2025-06-04 20:33:00,1749069180.0,664.39,664.8,664.39,664.62,24.612
2025-06-04 20:34:00,1749069240.0,664.62,664.78,664.62,664.73,56.117
2025-06-04 20:35:00,1749069300.0,664.73,664.73,664.37,664.37,16.193
2025-06-04 20:36:00,1749069360.0,664.36,664.43,664.23,664.24,16.465
2025-06-04 20:37:00,1749069420.0,664.24,664.7,664.23,664.7,20.922
2025-06-04 20:38:00,1749069480.0,664.69,664.69,664.33,664.49,89.841
2025-06-04 20:39:00,1749069540.0,664.49,664.49,664.4,664.41,51.721
2025-06-04 20:40:00,1749069600.0,664.42,664.42,664.2,664.24,52.772
2025-06-04 20:41:00,1749069660.0,664.23,664.49,664.21,664.49,40.808
2025-06-04 20:42:00,1749069720.0,664.48,664.49,664.25,664.25,20.492
2025-06-04 20:43:00,1749069780.0,664.25,664.85,664.24,664.85,53.731
2025-06-04 20:44:00,1749069840.0,664.85,664.85,664.66,664.67,18.798
2025-06-04 20:45:00,1749069900.0,664.67,664.67,664.22,664.35,33.348
2025-06-04 20:46:00,1749069960.0,664.35,664.54,664.24,664.3,23.693
2025-06-04 20:47:00,1749070020.0,664.31,664.54,664.22,664.22,83.636
2025-06-04 20:48:00,1749070080.0,664.22,664.4,664.22,664.27,38.859
2025-06-04 20:49:00,1749070140.0,664.26,664.26,663.84,664.12,215.632
2025-06-04 20:50:00,1749070200.0,664.13,664.2,664.0,664.0,23.494
2025-06-04 20:51:00,1749070260.0,664.01,664.2,663.9,664.2,48.721
2025-06-04 20:52:00,1749070320.0,664.2,664.99,664.2,664.99,92.274
2025-06-04 20:53:00,1749070380.0,664.98,665.03,664.31,664.31,107.055
2025-06-04 20:54:00,1749070440.0,664.31,664.44,664.3,664.44,22.756
2025-06-04 20:55:00,1749070500.0,664.44,664.44,664.15,664.29,20.388
2025-06-04 20:56:00,1749070560.0,664.29,664.4,664.2,664.25,40.526
2025-06-04 20:57:00,1749070620.0,664.26,664.38,664.24,664.37,56.14
2025-06-04 20:58:00,1749070680.0,664.38,664.38,664.25,664.37,40.871
2025-06-04 20:59:00,1749070740.0,664.37,664.42,664.31,664.34,34.398
2025-06-04 21:00:00,1749070800.0,664.34,664.35,664.13,664.14,38.516
2025-06-04 21:01:00,1749070860.0,664.14,664.14,663.85,663.86,59.533
2025-06-04 21:02:00,1749070920.0,663.86,663.86,663.74,663.74,15.449
2025-06-04 21:03:00,1749070980.0,663.74,663.75,663.4,663.46,46.093
2025-06-04 21:04:00,1749071040.0,663.47,663.47,663.16,663.16,37.766
2025-06-04 21:05:00,1749071100.0,663.16,663.17,662.64,662.85,257.302
2025-06-04 21:06:00,1749071160.0,662.85,662.85,662.22,662.29,175.306
2025-06-04 21:07:00,1749071220.0,662.3,662.75,662.24,662.74,183.131
2025-06-04 21:08:00,1749071280.0,662.75,662.75,662.31,662.48,435.82
2025-06-04 21:09:00,1749071340.0,662.47,662.48,662.4,662.48,42.838
2025-06-04 21:10:00,1749071400.0,662.48,662.48,662.24,662.25,29.715
2025-06-04 21:11:00,1749071460.0,662.24,662.24,661.95,662.02,82.026
2025-06-04 21:12:00,1749071520.0,662.02,662.4,662.02,662.4,114.56
2025-06-04 21:13:00,1749071580.0,662.39,663.3,662.39,663.29,75.795
2025-06-04 21:14:00,1749071640.0,663.3,664.1,663.29,664.1,58.593
2025-06-04 21:15:00,1749071700.0,664.09,664.09,663.46,663.5,89.423
2025-06-04 21:16:00,1749071760.0,663.51,663.68,663.1,663.3,44.299
2025-06-04 21:17:00,1749071820.0,663.3,663.3,663.1,663.15,35.426
2025-06-04 21:18:00,1749071880.0,663.16,663.19,662.56,662.67,41.569
2025-06-04 21:19:00,1749071940.0,662.68,662.68,662.21,662.5,177.002
2025-06-04 21:20:00,1749072000.0,662.49,662.56,662.39,662.56,38.521
2025-06-04 21:21:00,1749072060.0,662.56,662.67,662.26,662.34,121.072
2025-06-04 21:22:00,1749072120.0,662.35,662.68,662.34,662.6,79.458
2025-06-04 21:23:00,1749072180.0,662.6,662.9,662.6,662.9,63.749
2025-06-04 21:24:00,1749072240.0,662.9,662.9,662.8,662.8,11.946
2025-06-04 21:25:00,1749072300.0,662.81,662.9,662.81,662.89,429.194
2025-06-04 21:26:00,1749072360.0,662.88,662.88,662.86,662.86,23.227
2025-06-04 21:27:00,1749072420.0,662.86,663.36,662.86,663.36,183.284
2025-06-04 21:28:00,1749072480.0,663.36,663.68,663.36,663.68,51.009
2025-06-04 21:29:00,1749072540.0,663.67,663.72,663.67,663.71,26.399
2025-06-04 21:30:00,1749072600.0,663.72,663.79,663.71,663.79,15.482
2025-06-04 21:31:00,1749072660.0,663.79,664.14,663.78,664.13,34.523
2025-06-04 21:32:00,1749072720.0,664.14,664.21,664.13,664.21,21.506
2025-06-04 21:33:00,1749072780.0,664.21,664.61,664.2,664.61,32.347
2025-06-04 21:34:00,1749072840.0,664.62,664.9,664.61,664.89,52.108
2025-06-04 21:35:00,1749072900.0,664.9,665.1,664.89,664.99,78.533
2025-06-04 21:36:00,1749072960.0,665.0,665.32,664.99,665.32,138.049
2025-06-04 21:37:00,1749073020.0,665.32,665.34,665.0,665.13,55.994
2025-06-04 21:38:00,1749073080.0,665.14,665.14,664.9,665.07,80.25
2025-06-04 21:39:00,1749073140.0,665.07,665.1,664.92,664.93,23.859
2025-06-04 21:40:00,1749073200.0,664.94,664.94,664.73,664.84,142.964
2025-06-04 21:41:00,1749073260.0,664.84,665.04,664.84,665.04,11.222
2025-06-04 21:42:00,1749073320.0,665.05,665.49,665.05,665.41,36.709
2025-06-04 21:43:00,1749073380.0,665.42,665.46,665.41,665.43,59.369
2025-06-04 21:44:00,1749073440.0,665.43,665.43,665.31,665.32,92.221
2025-06-04 21:45:00,1749073500.0,665.32,665.5,665.31,665.5,12.857
2025-06-04 21:46:00,1749073560.0,665.5,665.74,665.49,665.74,41.968
2025-06-04 21:47:00,1749073620.0,665.74,665.91,665.73,665.91,31.365
2025-06-04 21:48:00,1749073680.0,665.91,666.09,665.9,666.08,43.446
2025-06-04 21:49:00,1749073740.0,666.09,666.1,666.08,666.1,10.368
2025-06-04 21:50:00,1749073800.0,666.1,666.2,666.1,666.2,15.268
2025-06-04 21:51:00,1749073860.0,666.2,666.57,666.19,666.57,103.603
2025-06-04 21:52:00,1749073920.0,666.57,666.57,666.56,666.57,31.186
2025-06-04 21:53:00,1749073980.0,666.57,666.57,666.56,666.57,11.316
2025-06-04 21:54:00,1749074040.0,666.57,666.7,666.56,666.63,40.834
2025-06-04 21:55:00,1749074100.0,666.64,666.64,666.42,666.43,30.381
2025-06-04 21:56:00,1749074160.0,666.43,666.43,666.09,666.09,20.205
2025-06-04 21:57:00,1749074220.0,666.09,666.09,665.97,665.97,8.92
2025-06-04 21:58:00,1749074280.0,665.97,666.08,665.82,666.07,29.663
2025-06-04 21:59:00,1749074340.0,666.08,666.08,665.6,665.6,59.704
2025-06-04 22:00:00,1749074400.0,665.61,665.61,665.21,665.21,44.236
2025-06-04 22:01:00,1749074460.0,665.22,665.56,665.22,665.49,74.296
2025-06-04 22:02:00,1749074520.0,665.49,665.49,664.72,664.72,103.203
2025-06-04 22:03:00,1749074580.0,664.71,664.71,664.21,664.39,114.633
2025-06-04 22:04:00,1749074640.0,664.39,664.39,664.02,664.03,82.183
2025-06-04 22:05:00,1749074700.0,664.02,664.02,663.42,663.49,220.942
2025-06-04 22:06:00,1749074760.0,663.49,663.49,662.81,663.23,312.098
2025-06-04 22:07:00,1749074820.0,663.24,663.24,662.88,662.99,87.102
2025-06-04 22:08:00,1749074880.0,662.99,662.99,662.7,662.75,55.095
2025-06-04 22:09:00,1749074940.0,662.75,662.75,662.57,662.67,132.531
2025-06-04 22:10:00,1749075000.0,662.66,663.7,662.6,663.7,124.186
2025-06-04 22:11:00,1749075060.0,663.7,664.14,663.69,664.14,66.586
2025-06-04 22:12:00,1749075120.0,664.14,664.26,664.09,664.09,15.725
2025-06-04 22:13:00,1749075180.0,664.08,664.2,663.97,664.19,48.349
2025-06-04 22:14:00,1749075240.0,664.19,664.19,663.98,663.98,35.977
2025-06-04 22:15:00,1749075300.0,663.98,664.09,663.81,664.09,23.567
2025-06-04 22:16:00,1749075360.0,664.08,664.47,664.08,664.41,18.222
2025-06-04 22:17:00,1749075420.0,664.41,664.5,664.31,664.31,41.64
2025-06-04 22:18:00,1749075480.0,664.31,664.31,664.03,664.06,18.414
2025-06-04 22:19:00,1749075540.0,664.06,664.45,664.05,664.45,58.446
2025-06-04 22:20:00,1749075600.0,664.45,664.48,664.2,664.21,5.762
2025-06-04 22:21:00,1749075660.0,664.21,664.21,663.75,663.89,79.648
2025-06-04 22:22:00,1749075720.0,663.89,663.89,663.1,663.11,68.864
2025-06-04 22:23:00,1749075780.0,663.11,663.2,663.02,663.2,31.714
2025-06-04 22:24:00,1749075840.0,663.19,663.2,663.1,663.1,7.792
2025-06-04 22:25:00,1749075900.0,663.1,663.19,662.99,663.19,43.32
2025-06-04 22:26:00,1749075960.0,663.18,663.19,663.07,663.15,18.614
2025-06-04 22:27:00,1749076020.0,663.15,663.2,662.73,662.74,92.883
2025-06-04 22:28:00,1749076080.0,662.75,662.88,662.75,662.79,45.185
2025-06-04 22:29:00,1749076140.0,662.78,662.91,662.78,662.91,27.49
2025-06-04 22:30:00,1749076200.0,662.91,663.07,662.79,663.06,33.386
2025-06-04 22:31:00,1749076260.0,663.07,663.3,662.88,662.89,23.95
2025-06-04 22:32:00,1749076320.0,662.88,662.98,662.72,662.86,32.343
2025-06-04 22:33:00,1749076380.0,662.86,663.27,662.86,662.91,30.295
2025-06-04 22:34:00,1749076440.0,662.91,663.1,662.77,663.1,26.807
2025-06-04 22:35:00,1749076500.0,663.1,663.1,662.9,663.0,26.318
2025-06-04 22:36:00,1749076560.0,663.0,663.44,662.99,663.44,175.074
2025-06-04 22:37:00,1749076620.0,663.45,663.51,663.31,663.32,19.632
2025-06-04 22:38:00,1749076680.0,663.31,663.49,663.31,663.49,121.253
2025-06-04 22:39:00,1749076740.0,663.5,663.5,663.11,663.17,42.656
2025-06-04 22:40:00,1749076800.0,663.18,663.3,663.18,663.19,7.859
2025-06-04 22:41:00,1749076860.0,663.19,663.5,663.12,663.5,74.509
2025-06-04 22:42:00,1749076920.0,663.5,663.69,663.5,663.59,46.283
2025-06-04 22:43:00,1749076980.0,663.59,663.67,663.54,663.54,12.736
2025-06-04 22:44:00,1749077040.0,663.54,663.55,663.31,663.48,58.823
2025-06-04 22:45:00,1749077100.0,663.48,663.48,663.24,663.25,8.866
2025-06-04 22:46:00,1749077160.0,663.24,663.25,662.9,662.9,15.613
2025-06-04 22:47:00,1749077220.0,662.9,663.0,662.9,662.94,57.684
2025-06-04 22:48:00,1749077280.0,662.95,663.04,662.95,663.01,48.156
2025-06-04 22:49:00,1749077340.0,663.01,663.01,662.73,662.73,61.197
2025-06-04 22:50:00,1749077400.0,662.73,662.74,662.24,662.24,135.53
2025-06-04 22:51:00,1749077460.0,662.25,662.7,662.24,662.69,30.66
2025-06-04 22:52:00,1749077520.0,662.7,662.79,662.69,662.78,17.729
2025-06-04 22:53:00,1749077580.0,662.78,662.79,662.5,662.6,26.13
2025-06-04 22:54:00,1749077640.0,662.6,662.7,662.52,662.69,23.67
2025-06-04 22:55:00,1749077700.0,662.69,662.77,662.63,662.77,42.515
2025-06-04 22:56:00,1749077760.0,662.76,662.8,662.71,662.79,27.033
2025-06-04 22:57:00,1749077820.0,662.79,663.0,662.79,662.98,24.9
2025-06-04 22:58:00,1749077880.0,662.99,663.0,662.85,662.91,23.974
2025-06-04 22:59:00,1749077940.0,662.9,662.9,662.72,662.83,82.505
2025-06-04 23:00:00,1749078000.0,662.82,662.97,662.77,662.86,37.063
2025-06-04 23:01:00,1749078060.0,662.86,662.86,662.64,662.72,16.856
2025-06-04 23:02:00,1749078120.0,662.73,663.0,662.68,662.95,46.26
2025-06-04 23:03:00,1749078180.0,662.94,662.94,662.77,662.78,25.335
2025-06-04 23:04:00,1749078240.0,662.77,662.89,662.62,662.82,138.776
2025-06-04 23:05:00,1749078300.0,662.82,662.86,662.69,662.83,119.905
2025-06-04 23:06:00,1749078360.0,662.84,663.23,662.84,663.23,41.916
2025-06-04 23:07:00,1749078420.0,663.24,663.59,663.18,663.48,195.838
2025-06-04 23:08:00,1749078480.0,663.49,663.71,663.48,663.51,87.997
2025-06-04 23:09:00,1749078540.0,663.5,663.51,663.42,663.49,8.229
2025-06-04 23:10:00,1749078600.0,663.48,663.48,663.4,663.46,15.669
2025-06-04 23:11:00,1749078660.0,663.46,663.58,663.46,663.49,13.629
2025-06-04 23:12:00,1749078720.0,663.5,663.5,663.2,663.21,30.712
2025-06-04 23:13:00,1749078780.0,663.2,663.25,662.91,662.91,67.167
2025-06-04 23:14:00,1749078840.0,662.92,662.92,662.62,662.63,16.682
2025-06-04 23:15:00,1749078900.0,662.63,662.9,662.63,662.65,16.601
2025-06-04 23:16:00,1749078960.0,662.65,662.85,662.64,662.85,24.781
2025-06-04 23:17:00,1749079020.0,662.85,663.0,662.84,662.99,8.059
2025-06-04 23:18:00,1749079080.0,662.99,663.0,662.65,662.65,119.573
2025-06-04 23:19:00,1749079140.0,662.65,662.68,662.28,662.28,53.268
2025-06-04 23:20:00,1749079200.0,662.27,662.28,661.92,662.11,187.111
2025-06-04 23:21:00,1749079260.0,662.12,662.23,662.08,662.17,46.912
2025-06-04 23:22:00,1749079320.0,662.17,662.2,662.0,662.17,41.189
2025-06-04 23:23:00,1749079380.0,662.17,662.7,662.15,662.69,14.123
2025-06-04 23:24:00,1749079440.0,662.7,663.1,662.7,663.1,23.339
2025-06-04 23:25:00,1749079500.0,663.09,663.3,663.09,663.3,93.219
2025-06-04 23:26:00,1749079560.0,663.3,663.56,663.3,663.45,48.332
2025-06-04 23:27:00,1749079620.0,663.45,663.45,663.3,663.44,23.445
2025-06-04 23:28:00,1749079680.0,663.43,663.5,663.15,663.21,45.061
2025-06-04 23:29:00,1749079740.0,663.22,663.26,663.22,663.26,27.988
2025-06-04 23:30:00,1749079800.0,663.26,663.26,662.72,662.77,53.374
2025-06-04 23:31:00,1749079860.0,662.77,662.77,662.61,662.72,30.076
2025-06-04 23:32:00,1749079920.0,662.72,662.84,662.72,662.84,13.024
2025-06-04 23:33:00,1749079980.0,662.85,663.35,662.85,663.24,35.446
2025-06-04 23:34:00,1749080040.0,663.25,663.4,663.24,663.26,20.713
2025-06-04 23:35:00,1749080100.0,663.26,663.62,663.25,663.62,40.738
2025-06-04 23:36:00,1749080160.0,663.62,663.62,663.41,663.49,9.225
2025-06-04 23:37:00,1749080220.0,663.49,663.64,663.49,663.63,20.568
2025-06-04 23:38:00,1749080280.0,663.64,663.64,663.61,663.63,7.627
2025-06-04 23:39:00,1749080340.0,663.63,663.64,663.5,663.63,57.846
2025-06-04 23:40:00,1749080400.0,663.63,663.9,663.63,663.83,45.523
2025-06-04 23:41:00,1749080460.0,663.83,663.9,663.76,663.89,25.46
2025-06-04 23:42:00,1749080520.0,663.89,663.9,663.66,663.68,43.002
2025-06-04 23:43:00,1749080580.0,663.68,663.8,663.68,663.8,21.813
2025-06-04 23:44:00,1749080640.0,663.8,664.1,663.79,664.09,39.31
2025-06-04 23:45:00,1749080700.0,664.09,664.09,663.91,664.02,62.624
2025-06-04 23:46:00,1749080760.0,664.02,664.06,663.9,663.9,12.469
2025-06-04 23:47:00,1749080820.0,663.91,664.0,663.9,663.99,39.523
2025-06-04 23:48:00,1749080880.0,663.98,664.05,663.9,664.01,208.435
2025-06-04 23:49:00,1749080940.0,664.0,664.06,663.97,664.05,14.547
2025-06-04 23:50:00,1749081000.0,664.06,664.09,663.84,663.85,89.264
2025-06-04 23:51:00,1749081060.0,663.85,663.87,663.75,663.77,51.461
2025-06-04 23:52:00,1749081120.0,663.76,663.81,663.75,663.81,11.916
2025-06-04 23:53:00,1749081180.0,663.8,663.86,663.74,663.75,110.299
2025-06-04 23:54:00,1749081240.0,663.75,663.75,663.38,663.38,24.615
2025-06-04 23:55:00,1749081300.0,663.39,663.4,663.3,663.31,69.748
2025-06-04 23:56:00,1749081360.0,663.3,663.4,663.28,663.35,24.788
2025-06-04 23:57:00,1749081420.0,663.34,663.39,663.0,663.0,54.625
2025-06-04 23:58:00,1749081480.0,663.0,663.05,663.0,663.04,60.652
2025-06-04 23:59:00,1749081540.0,663.04,663.24,663.04,663.23,34.793
