Universal Time,Unix Time,Open,High,Low,Close,Volume
2019-03-04 00:00:00,1551657600.0,0.31115,0.31122,0.311,0.31101,8803.5
2019-03-04 00:01:00,1551657660.0,0.31107,0.31122,0.31092,0.31092,15922.8
2019-03-04 00:02:00,1551657720.0,0.31101,0.31105,0.31086,0.311,8976.6
2019-03-04 00:03:00,1551657780.0,0.31088,0.31149,0.31088,0.3114,94915.9
2019-03-04 00:04:00,1551657840.0,0.31128,0.31141,0.31128,0.31134,10406.6
2019-03-04 00:05:00,1551657900.0,0.31134,0.31145,0.31133,0.31144,18345.7
2019-03-04 00:06:00,1551657960.0,0.31145,0.31149,0.31128,0.31148,29170.7
2019-03-04 00:07:00,1551658020.0,0.31148,0.31149,0.31132,0.31148,14930.5
2019-03-04 00:08:00,1551658080.0,0.31134,0.31147,0.3113,0.31145,12714.2
2019-03-04 00:09:00,1551658140.0,0.31149,0.31149,0.31134,0.31149,6567.8
2019-03-04 00:10:00,1551658200.0,0.31133,0.31149,0.31125,0.31125,7288.2
2019-03-04 00:11:00,1551658260.0,0.31139,0.3114,0.31126,0.31139,8252.3
2019-03-04 00:12:00,1551658320.0,0.31136,0.31139,0.31081,0.31097,45044.3
2019-03-04 00:13:00,1551658380.0,0.31096,0.31108,0.31075,0.31075,177467.1
2019-03-04 00:14:00,1551658440.0,0.31075,0.3112,0.31072,0.3112,18932.8
2019-03-04 00:15:00,1551658500.0,0.3112,0.3112,0.31104,0.3112,14245.9
2019-03-04 00:16:00,1551658560.0,0.31145,0.312,0.31145,0.3118,118745.9
2019-03-04 00:17:00,1551658620.0,0.3118,0.31222,0.3118,0.31209,5830.7
2019-03-04 00:18:00,1551658680.0,0.3122,0.31222,0.31155,0.31167,89913.7
2019-03-04 00:19:00,1551658740.0,0.31181,0.31182,0.31168,0.31182,16684.3
2019-03-04 00:20:00,1551658800.0,0.31171,0.31182,0.31167,0.31182,4826.1
2019-03-04 00:21:00,1551658860.0,0.31178,0.31182,0.31167,0.31167,8477.1
2019-03-04 00:22:00,1551658920.0,0.31159,0.31171,0.31151,0.31151,36574.4
2019-03-04 00:23:00,1551658980.0,0.31151,0.312,0.31148,0.31169,181357.6
2019-03-04 00:24:00,1551659040.0,0.31173,0.31196,0.31168,0.31176,3360.4
2019-03-04 00:25:00,1551659100.0,0.31186,0.31206,0.31175,0.31176,14942.1
2019-03-04 00:26:00,1551659160.0,0.31172,0.31187,0.3117,0.31184,3344.4
2019-03-04 00:27:00,1551659220.0,0.31175,0.3119,0.31158,0.3119,53892.7
2019-03-04 00:28:00,1551659280.0,0.3119,0.3119,0.31177,0.31189,5700.1
2019-03-04 00:29:00,1551659340.0,0.31184,0.31188,0.31179,0.31179,8563.9
2019-03-04 00:30:00,1551659400.0,0.31178,0.31178,0.31128,0.31144,11951.2
2019-03-04 00:31:00,1551659460.0,0.31129,0.31145,0.31118,0.31118,1065.6
2019-03-04 00:32:00,1551659520.0,0.3111,0.31118,0.31101,0.31116,7629.6
2019-03-04 00:33:00,1551659580.0,0.31116,0.31121,0.31102,0.31109,10715.8
2019-03-04 00:34:00,1551659640.0,0.31108,0.3113,0.31096,0.31116,26867.5
2019-03-04 00:35:00,1551659700.0,0.31116,0.31153,0.31115,0.3114,32265.0
2019-03-04 00:36:00,1551659760.0,0.31153,0.31169,0.31149,0.31161,15921.9
2019-03-04 00:37:00,1551659820.0,0.31161,0.31187,0.31161,0.31185,30569.3
2019-03-04 00:38:00,1551659880.0,0.31186,0.31187,0.31184,0.31184,12633.1
2019-03-04 00:39:00,1551659940.0,0.31183,0.31187,0.31169,0.31169,22592.6
2019-03-04 00:40:00,1551660000.0,0.31166,0.31171,0.31108,0.31129,36880.8
2019-03-04 00:41:00,1551660060.0,0.31129,0.31143,0.31116,0.31126,7595.1
2019-03-04 00:42:00,1551660120.0,0.31127,0.31154,0.31126,0.31152,14003.1
2019-03-04 00:43:00,1551660180.0,0.3113,0.31148,0.3113,0.31146,3426.7
2019-03-04 00:44:00,1551660240.0,0.31141,0.31155,0.31141,0.31151,8687.8
2019-03-04 00:45:00,1551660300.0,0.31151,0.31153,0.31129,0.3114,11707.1
2019-03-04 00:46:00,1551660360.0,0.3114,0.31145,0.3111,0.31115,167952.5
2019-03-04 00:47:00,1551660420.0,0.31129,0.31129,0.3111,0.3111,38589.7
2019-03-04 00:48:00,1551660480.0,0.3111,0.31151,0.3111,0.31151,2051.8
2019-03-04 00:49:00,1551660540.0,0.31151,0.31155,0.3114,0.3114,13583.2
2019-03-04 00:50:00,1551660600.0,0.31155,0.31182,0.31142,0.31182,50320.7
2019-03-04 00:51:00,1551660660.0,0.3117,0.31184,0.31157,0.3118,10052.6
2019-03-04 00:52:00,1551660720.0,0.31186,0.31186,0.31148,0.31168,12916.1
2019-03-04 00:53:00,1551660780.0,0.31166,0.31167,0.3112,0.31155,50327.7
2019-03-04 00:54:00,1551660840.0,0.31141,0.31155,0.31131,0.31136,22889.5
2019-03-04 00:55:00,1551660900.0,0.31139,0.31155,0.31135,0.31151,38829.2
2019-03-04 00:56:00,1551660960.0,0.31152,0.3117,0.3115,0.3117,31298.1
2019-03-04 00:57:00,1551661020.0,0.31162,0.3117,0.3115,0.31166,55675.1
2019-03-04 00:58:00,1551661080.0,0.31166,0.31197,0.31159,0.31184,21814.8
2019-03-04 00:59:00,1551661140.0,0.31182,0.31197,0.31182,0.31196,16490.0
2019-03-04 01:00:00,1551661200.0,0.31196,0.31198,0.31178,0.31182,11110.6
2019-03-04 01:01:00,1551661260.0,0.31182,0.31182,0.31174,0.31182,7144.1
2019-03-04 01:02:00,1551661320.0,0.31182,0.31182,0.31172,0.31182,10190.8
2019-03-04 01:03:00,1551661380.0,0.31177,0.31182,0.31166,0.31181,12051.2
2019-03-04 01:04:00,1551661440.0,0.31181,0.31181,0.31156,0.31156,22658.6
2019-03-04 01:05:00,1551661500.0,0.31169,0.31169,0.3115,0.31154,23075.1
2019-03-04 01:06:00,1551661560.0,0.3115,0.31165,0.31138,0.3115,9728.0
2019-03-04 01:07:00,1551661620.0,0.3115,0.31163,0.31128,0.31162,18173.2
2019-03-04 01:08:00,1551661680.0,0.31155,0.31161,0.31133,0.31151,9275.0
2019-03-04 01:09:00,1551661740.0,0.31148,0.31149,0.31134,0.31134,9771.7
2019-03-04 01:10:00,1551661800.0,0.31134,0.31146,0.31128,0.3114,10686.7
2019-03-04 01:11:00,1551661860.0,0.31128,0.31133,0.3112,0.3112,24808.3
2019-03-04 01:12:00,1551661920.0,0.3112,0.31125,0.311,0.31101,35183.9
2019-03-04 01:13:00,1551661980.0,0.31103,0.31109,0.311,0.31101,9594.6
2019-03-04 01:14:00,1551662040.0,0.311,0.31101,0.31075,0.31076,45045.1
2019-03-04 01:15:00,1551662100.0,0.31089,0.31097,0.31076,0.31078,3193.5
2019-03-04 01:16:00,1551662160.0,0.31093,0.311,0.31077,0.311,11335.2
2019-03-04 01:17:00,1551662220.0,0.31088,0.31101,0.31078,0.31078,20154.1
2019-03-04 01:18:00,1551662280.0,0.31089,0.31103,0.31077,0.31101,7685.7
2019-03-04 01:19:00,1551662340.0,0.31095,0.31148,0.31089,0.31141,54635.0
2019-03-04 01:20:00,1551662400.0,0.31134,0.31134,0.31113,0.31127,11909.4
2019-03-04 01:21:00,1551662460.0,0.31132,0.31133,0.31125,0.31131,6500.8
2019-03-04 01:22:00,1551662520.0,0.31131,0.31133,0.31115,0.31124,8776.2
2019-03-04 01:23:00,1551662580.0,0.31121,0.31133,0.31111,0.31133,15559.7
2019-03-04 01:24:00,1551662640.0,0.31133,0.31133,0.31122,0.3113,10266.6
2019-03-04 01:25:00,1551662700.0,0.31127,0.31129,0.31107,0.31111,4520.0
2019-03-04 01:26:00,1551662760.0,0.31111,0.31111,0.31098,0.3111,18227.1
2019-03-04 01:27:00,1551662820.0,0.31106,0.3111,0.31101,0.3111,10194.1
2019-03-04 01:28:00,1551662880.0,0.3111,0.31122,0.31097,0.31122,31174.0
2019-03-04 01:29:00,1551662940.0,0.3111,0.3112,0.31101,0.31112,7743.2
2019-03-04 01:30:00,1551663000.0,0.31112,0.31112,0.31103,0.3111,6176.8
2019-03-04 01:31:00,1551663060.0,0.3111,0.31112,0.31099,0.31111,13942.8
2019-03-04 01:32:00,1551663120.0,0.31112,0.31112,0.311,0.31111,6785.7
2019-03-04 01:33:00,1551663180.0,0.31111,0.31111,0.31099,0.31104,41486.6
2019-03-04 01:34:00,1551663240.0,0.31109,0.31109,0.31099,0.31109,15465.9
2019-03-04 01:35:00,1551663300.0,0.31109,0.31109,0.3109,0.3109,55254.2
2019-03-04 01:36:00,1551663360.0,0.31095,0.311,0.3108,0.3108,104300.0
2019-03-04 01:37:00,1551663420.0,0.31081,0.31105,0.3108,0.31105,25567.6
2019-03-04 01:38:00,1551663480.0,0.31092,0.31102,0.31075,0.31083,44761.8
2019-03-04 01:39:00,1551663540.0,0.31077,0.31082,0.31075,0.31075,8666.9
2019-03-04 01:40:00,1551663600.0,0.31075,0.31076,0.31075,0.31075,6496.8
2019-03-04 01:41:00,1551663660.0,0.3108,0.3108,0.31075,0.31075,2917.8
2019-03-04 01:42:00,1551663720.0,0.31076,0.31086,0.3105,0.31061,122679.0
2019-03-04 01:43:00,1551663780.0,0.3105,0.31055,0.31036,0.31049,28097.1
2019-03-04 01:44:00,1551663840.0,0.31039,0.31086,0.31039,0.31062,53823.0
2019-03-04 01:45:00,1551663900.0,0.31051,0.31063,0.31043,0.3105,12954.1
2019-03-04 01:46:00,1551663960.0,0.31051,0.31051,0.3104,0.3104,7097.7
2019-03-04 01:47:00,1551664020.0,0.31055,0.31062,0.3104,0.31055,18135.9
2019-03-04 01:48:00,1551664080.0,0.3104,0.31055,0.3104,0.31047,5942.7
2019-03-04 01:49:00,1551664140.0,0.31043,0.31054,0.31036,0.3104,24204.2
2019-03-04 01:50:00,1551664200.0,0.31039,0.31067,0.31039,0.31047,19283.7
2019-03-04 01:51:00,1551664260.0,0.31048,0.31061,0.31046,0.3105,11116.8
2019-03-04 01:52:00,1551664320.0,0.31049,0.31072,0.31047,0.31056,12899.5
2019-03-04 01:53:00,1551664380.0,0.31048,0.31064,0.31048,0.31048,9475.2
2019-03-04 01:54:00,1551664440.0,0.31048,0.31056,0.31036,0.3104,11085.7
2019-03-04 01:55:00,1551664500.0,0.31041,0.31054,0.3104,0.3104,10065.7
2019-03-04 01:56:00,1551664560.0,0.31054,0.31054,0.31041,0.31044,15290.5
2019-03-04 01:57:00,1551664620.0,0.31041,0.31044,0.3104,0.3104,7027.4
2019-03-04 01:58:00,1551664680.0,0.31041,0.31059,0.3104,0.31042,28545.5
2019-03-04 01:59:00,1551664740.0,0.31053,0.31053,0.3104,0.31041,7494.6
2019-03-04 02:00:00,1551664800.0,0.3104,0.31055,0.31037,0.31039,8506.5
2019-03-04 02:01:00,1551664860.0,0.31052,0.3107,0.3104,0.31056,22675.8
2019-03-04 02:02:00,1551664920.0,0.31056,0.31056,0.31054,0.31055,4000.2
2019-03-04 02:03:00,1551664980.0,0.31055,0.31072,0.31055,0.31064,12152.5
2019-03-04 02:04:00,1551665040.0,0.31057,0.31069,0.3105,0.31065,9815.5
2019-03-04 02:05:00,1551665100.0,0.31055,0.3107,0.31055,0.31068,9001.1
2019-03-04 02:06:00,1551665160.0,0.31072,0.31089,0.31057,0.31082,26378.9
2019-03-04 02:07:00,1551665220.0,0.3109,0.31092,0.31073,0.31087,5804.2
2019-03-04 02:08:00,1551665280.0,0.31084,0.31087,0.31077,0.31087,10409.4
2019-03-04 02:09:00,1551665340.0,0.31087,0.31087,0.31055,0.31069,47290.9
2019-03-04 02:10:00,1551665400.0,0.31069,0.31069,0.31055,0.31059,13061.5
2019-03-04 02:11:00,1551665460.0,0.31057,0.31057,0.31037,0.3104,13959.2
2019-03-04 02:12:00,1551665520.0,0.3104,0.31052,0.3104,0.31052,6991.8
2019-03-04 02:13:00,1551665580.0,0.3104,0.31054,0.3104,0.31041,5941.3
2019-03-04 02:14:00,1551665640.0,0.31048,0.31049,0.31039,0.3104,13984.2
2019-03-04 02:15:00,1551665700.0,0.31039,0.31068,0.31039,0.31063,14989.1
2019-03-04 02:16:00,1551665760.0,0.31068,0.31068,0.31056,0.31057,5976.2
2019-03-04 02:17:00,1551665820.0,0.31057,0.31069,0.31057,0.31069,11108.9
2019-03-04 02:18:00,1551665880.0,0.31066,0.31066,0.3105,0.3105,10220.6
2019-03-04 02:19:00,1551665940.0,0.3105,0.31055,0.31047,0.31048,6526.9
2019-03-04 02:20:00,1551666000.0,0.31048,0.31058,0.31047,0.31058,6637.3
2019-03-04 02:21:00,1551666060.0,0.31047,0.31058,0.31039,0.31039,41509.0
2019-03-04 02:22:00,1551666120.0,0.3104,0.31056,0.31039,0.3104,7794.7
2019-03-04 02:23:00,1551666180.0,0.3104,0.31045,0.31039,0.31039,3919.0
2019-03-04 02:24:00,1551666240.0,0.31041,0.31054,0.31039,0.31039,28893.3
2019-03-04 02:25:00,1551666300.0,0.31039,0.31059,0.31039,0.31052,16832.1
2019-03-04 02:26:00,1551666360.0,0.31045,0.31053,0.31024,0.31026,38640.3
2019-03-04 02:27:00,1551666420.0,0.31039,0.31044,0.3102,0.31022,26903.8
2019-03-04 02:28:00,1551666480.0,0.31033,0.31044,0.3102,0.31028,19442.7
2019-03-04 02:29:00,1551666540.0,0.31027,0.31042,0.3102,0.31027,10980.0
2019-03-04 02:30:00,1551666600.0,0.31035,0.31041,0.3102,0.3103,30876.8
2019-03-04 02:31:00,1551666660.0,0.3104,0.31041,0.3102,0.31037,33017.7
2019-03-04 02:32:00,1551666720.0,0.31036,0.31037,0.31016,0.31016,121849.8
2019-03-04 02:33:00,1551666780.0,0.31017,0.3102,0.31009,0.31019,5533.0
2019-03-04 02:34:00,1551666840.0,0.3101,0.31024,0.3101,0.31011,7984.6
2019-03-04 02:35:00,1551666900.0,0.31019,0.31019,0.30953,0.30973,66937.8
2019-03-04 02:36:00,1551666960.0,0.30983,0.3099,0.30974,0.30975,2840.3
2019-03-04 02:37:00,1551667020.0,0.30976,0.30984,0.30963,0.30979,8810.8
2019-03-04 02:38:00,1551667080.0,0.30973,0.30981,0.30956,0.30968,25713.7
2019-03-04 02:39:00,1551667140.0,0.3098,0.3099,0.30968,0.30978,12833.3
2019-03-04 02:40:00,1551667200.0,0.30981,0.30981,0.30973,0.30975,10155.6
2019-03-04 02:41:00,1551667260.0,0.30986,0.31,0.30986,0.31,32196.8
2019-03-04 02:42:00,1551667320.0,0.30992,0.30992,0.30951,0.30959,31775.5
2019-03-04 02:43:00,1551667380.0,0.30959,0.30964,0.30947,0.3096,11534.5
2019-03-04 02:44:00,1551667440.0,0.3096,0.30961,0.30948,0.30948,17971.2
2019-03-04 02:45:00,1551667500.0,0.30948,0.30948,0.30929,0.30948,5404.9
2019-03-04 02:46:00,1551667560.0,0.30948,0.30958,0.30936,0.30947,43037.5
2019-03-04 02:47:00,1551667620.0,0.3096,0.3097,0.30918,0.30918,25797.9
2019-03-04 02:48:00,1551667680.0,0.30911,0.30967,0.30909,0.30922,32559.8
2019-03-04 02:49:00,1551667740.0,0.3091,0.30926,0.30876,0.30894,43181.7
2019-03-04 02:50:00,1551667800.0,0.30894,0.30922,0.30887,0.30892,37390.3
2019-03-04 02:51:00,1551667860.0,0.309,0.30901,0.30874,0.30889,9651.3
2019-03-04 02:52:00,1551667920.0,0.30889,0.309,0.30877,0.30896,13493.8
2019-03-04 02:53:00,1551667980.0,0.30909,0.30929,0.30903,0.30929,17967.8
2019-03-04 02:54:00,1551668040.0,0.3093,0.3093,0.309,0.30908,31367.4
2019-03-04 02:55:00,1551668100.0,0.30911,0.30911,0.309,0.30904,27813.6
2019-03-04 02:56:00,1551668160.0,0.30904,0.30925,0.30904,0.30905,8359.7
2019-03-04 02:57:00,1551668220.0,0.30907,0.30914,0.30869,0.30887,14463.0
2019-03-04 02:58:00,1551668280.0,0.30879,0.30902,0.30872,0.30875,43897.2
2019-03-04 02:59:00,1551668340.0,0.30876,0.30896,0.30875,0.3089,24601.3
2019-03-04 03:00:00,1551668400.0,0.30876,0.30894,0.30806,0.30862,90070.3
2019-03-04 03:01:00,1551668460.0,0.30846,0.30873,0.3084,0.30867,8388.0
2019-03-04 03:02:00,1551668520.0,0.30847,0.30874,0.3084,0.30874,22588.2
2019-03-04 03:03:00,1551668580.0,0.30881,0.30882,0.30852,0.30862,20427.3
2019-03-04 03:04:00,1551668640.0,0.30862,0.30868,0.3084,0.30868,23042.8
2019-03-04 03:05:00,1551668700.0,0.30856,0.3088,0.30846,0.30877,7608.7
2019-03-04 03:06:00,1551668760.0,0.30875,0.3088,0.30853,0.3088,12288.7
2019-03-04 03:07:00,1551668820.0,0.30881,0.30892,0.30878,0.30892,7073.2
2019-03-04 03:08:00,1551668880.0,0.30893,0.30923,0.30878,0.30923,23155.4
2019-03-04 03:09:00,1551668940.0,0.30911,0.30937,0.30911,0.30936,38310.3
2019-03-04 03:10:00,1551669000.0,0.30937,0.30948,0.30929,0.30934,10166.8
2019-03-04 03:11:00,1551669060.0,0.30949,0.3095,0.30933,0.3095,12099.1
2019-03-04 03:12:00,1551669120.0,0.30935,0.3095,0.30935,0.3095,7401.9
2019-03-04 03:13:00,1551669180.0,0.3095,0.3095,0.30934,0.30947,7207.7
2019-03-04 03:14:00,1551669240.0,0.30934,0.30945,0.30891,0.30909,16445.1
2019-03-04 03:15:00,1551669300.0,0.30894,0.30909,0.30892,0.30899,11178.9
2019-03-04 03:16:00,1551669360.0,0.30908,0.30908,0.30891,0.30897,34213.9
2019-03-04 03:17:00,1551669420.0,0.30897,0.30907,0.30875,0.30875,15043.2
2019-03-04 03:18:00,1551669480.0,0.30885,0.30885,0.30848,0.30856,20216.0
2019-03-04 03:19:00,1551669540.0,0.30863,0.3087,0.30833,0.30848,24464.5
2019-03-04 03:20:00,1551669600.0,0.30847,0.30847,0.30813,0.30823,20153.9
2019-03-04 03:21:00,1551669660.0,0.30824,0.30869,0.30802,0.30832,54866.2
2019-03-04 03:22:00,1551669720.0,0.30832,0.30832,0.30808,0.30812,26528.7
2019-03-04 03:23:00,1551669780.0,0.30825,0.30896,0.30811,0.30887,50726.6
2019-03-04 03:24:00,1551669840.0,0.30887,0.30887,0.30879,0.3088,14000.5
2019-03-04 03:25:00,1551669900.0,0.30879,0.30883,0.30864,0.30865,16057.9
2019-03-04 03:26:00,1551669960.0,0.30864,0.30864,0.30837,0.30838,12839.1
2019-03-04 03:27:00,1551670020.0,0.30844,0.30857,0.30839,0.30849,6899.7
2019-03-04 03:28:00,1551670080.0,0.30849,0.30863,0.30839,0.30855,8032.8
2019-03-04 03:29:00,1551670140.0,0.30854,0.30854,0.30831,0.30831,13110.1
2019-03-04 03:30:00,1551670200.0,0.30831,0.30836,0.308,0.308,52551.9
2019-03-04 03:31:00,1551670260.0,0.308,0.3081,0.30778,0.3081,104212.4
2019-03-04 03:32:00,1551670320.0,0.3081,0.3081,0.30751,0.30769,64719.8
2019-03-04 03:33:00,1551670380.0,0.30784,0.30784,0.30675,0.30705,207643.8
2019-03-04 03:34:00,1551670440.0,0.30694,0.3071,0.3067,0.3071,114286.8
2019-03-04 03:35:00,1551670500.0,0.3071,0.30802,0.30705,0.30774,291961.4
2019-03-04 03:36:00,1551670560.0,0.30773,0.30783,0.30746,0.30762,25034.8
2019-03-04 03:37:00,1551670620.0,0.30759,0.3076,0.30722,0.30737,17692.8
2019-03-04 03:38:00,1551670680.0,0.30749,0.30773,0.30744,0.30763,12155.7
2019-03-04 03:39:00,1551670740.0,0.30765,0.30786,0.30758,0.30758,120487.3
2019-03-04 03:40:00,1551670800.0,0.30764,0.3077,0.30741,0.30743,11643.1
2019-03-04 03:41:00,1551670860.0,0.3076,0.30767,0.30732,0.30767,8690.9
2019-03-04 03:42:00,1551670920.0,0.30768,0.3077,0.30752,0.30768,14811.7
2019-03-04 03:43:00,1551670980.0,0.30768,0.30787,0.30754,0.30768,29199.1
2019-03-04 03:44:00,1551671040.0,0.30768,0.30792,0.30768,0.30787,20905.5
2019-03-04 03:45:00,1551671100.0,0.3077,0.30794,0.30769,0.30771,15448.6
2019-03-04 03:46:00,1551671160.0,0.30787,0.30794,0.30775,0.30781,15783.1
2019-03-04 03:47:00,1551671220.0,0.30777,0.30853,0.30777,0.30829,98716.6
2019-03-04 03:48:00,1551671280.0,0.30828,0.30849,0.30823,0.30847,13955.7
2019-03-04 03:49:00,1551671340.0,0.30829,0.30843,0.30824,0.30826,15427.9
2019-03-04 03:50:00,1551671400.0,0.30826,0.30837,0.30806,0.30806,27708.2
2019-03-04 03:51:00,1551671460.0,0.30816,0.30822,0.30801,0.30813,17659.4
2019-03-04 03:52:00,1551671520.0,0.30805,0.30813,0.3079,0.3081,10689.9
2019-03-04 03:53:00,1551671580.0,0.30802,0.3081,0.30795,0.30809,5449.3
2019-03-04 03:54:00,1551671640.0,0.30796,0.30811,0.30796,0.30811,8355.4
2019-03-04 03:55:00,1551671700.0,0.30798,0.30815,0.30798,0.30813,10864.7
2019-03-04 03:56:00,1551671760.0,0.30813,0.30813,0.30812,0.30812,1871.6
2019-03-04 03:57:00,1551671820.0,0.30813,0.30813,0.3079,0.3081,2119.0
2019-03-04 03:58:00,1551671880.0,0.30812,0.30812,0.30786,0.30802,5836.1
2019-03-04 03:59:00,1551671940.0,0.30802,0.30815,0.308,0.30812,22845.2
2019-03-04 04:00:00,1551672000.0,0.30796,0.30809,0.30786,0.30796,6637.9
2019-03-04 04:01:00,1551672060.0,0.30796,0.30798,0.30786,0.30787,3123.7
2019-03-04 04:02:00,1551672120.0,0.30787,0.30793,0.30773,0.30778,8353.8
2019-03-04 04:03:00,1551672180.0,0.30783,0.30785,0.30766,0.30783,3039.6
2019-03-04 04:04:00,1551672240.0,0.30783,0.30783,0.30781,0.30782,223.9
2019-03-04 04:05:00,1551672300.0,0.30781,0.30781,0.30721,0.30721,32714.9
2019-03-04 04:06:00,1551672360.0,0.30742,0.30746,0.30721,0.30734,6279.4
2019-03-04 04:07:00,1551672420.0,0.30723,0.30733,0.30705,0.30733,9436.3
2019-03-04 04:08:00,1551672480.0,0.30733,0.30734,0.307,0.30704,32200.7
2019-03-04 04:09:00,1551672540.0,0.30704,0.30719,0.30674,0.30709,114202.7
2019-03-04 04:10:00,1551672600.0,0.30695,0.30747,0.30695,0.30743,20213.4
2019-03-04 04:11:00,1551672660.0,0.30741,0.30757,0.30706,0.30719,13561.3
2019-03-04 04:12:00,1551672720.0,0.30698,0.30724,0.30698,0.30724,15162.7
2019-03-04 04:13:00,1551672780.0,0.30723,0.30723,0.30707,0.30722,2925.0
2019-03-04 04:14:00,1551672840.0,0.30722,0.30722,0.3071,0.3072,67626.1
2019-03-04 04:15:00,1551672900.0,0.30716,0.3072,0.30677,0.307,24994.1
2019-03-04 04:16:00,1551672960.0,0.30694,0.30702,0.30653,0.30658,47335.1
2019-03-04 04:17:00,1551673020.0,0.3065,0.30655,0.30633,0.30633,15422.3
2019-03-04 04:18:00,1551673080.0,0.30639,0.30639,0.30628,0.30628,8435.9
2019-03-04 04:19:00,1551673140.0,0.30628,0.30633,0.3062,0.3062,54304.8
2019-03-04 04:20:00,1551673200.0,0.3062,0.30627,0.30605,0.30615,40332.8
2019-03-04 04:21:00,1551673260.0,0.30605,0.30627,0.306,0.30618,97471.9
2019-03-04 04:22:00,1551673320.0,0.30605,0.30626,0.306,0.306,53685.1
2019-03-04 04:23:00,1551673380.0,0.306,0.30607,0.30484,0.30558,797548.5
2019-03-04 04:24:00,1551673440.0,0.3056,0.3061,0.30541,0.30572,85864.7
2019-03-04 04:25:00,1551673500.0,0.30547,0.30593,0.30543,0.30587,67158.6
2019-03-04 04:26:00,1551673560.0,0.30575,0.3062,0.30559,0.30566,115577.4
2019-03-04 04:27:00,1551673620.0,0.30567,0.30578,0.30536,0.30536,181242.8
2019-03-04 04:28:00,1551673680.0,0.30536,0.30547,0.30452,0.305,167105.9
2019-03-04 04:29:00,1551673740.0,0.30497,0.30521,0.304,0.304,525781.6
2019-03-04 04:30:00,1551673800.0,0.30401,0.30409,0.30323,0.30392,233027.1
2019-03-04 04:31:00,1551673860.0,0.30408,0.30538,0.30408,0.30452,408298.8
2019-03-04 04:32:00,1551673920.0,0.30452,0.3049,0.30442,0.30455,417914.9
2019-03-04 04:33:00,1551673980.0,0.30455,0.30523,0.3041,0.30431,186631.9
2019-03-04 04:34:00,1551674040.0,0.30425,0.30453,0.30357,0.30357,114030.3
2019-03-04 04:35:00,1551674100.0,0.3035,0.3047,0.3035,0.3042,63781.6
2019-03-04 04:36:00,1551674160.0,0.30394,0.30412,0.30326,0.30332,66400.6
2019-03-04 04:37:00,1551674220.0,0.3035,0.30389,0.30303,0.30387,387418.6
2019-03-04 04:38:00,1551674280.0,0.3036,0.3039,0.30301,0.30323,197176.1
2019-03-04 04:39:00,1551674340.0,0.30321,0.3035,0.30301,0.30323,305503.6
2019-03-04 04:40:00,1551674400.0,0.3032,0.30423,0.3001,0.30293,1959532.0
2019-03-04 04:41:00,1551674460.0,0.30312,0.30341,0.30229,0.30294,91768.5
2019-03-04 04:42:00,1551674520.0,0.30321,0.30341,0.30261,0.30277,108192.1
2019-03-04 04:43:00,1551674580.0,0.30289,0.30315,0.30272,0.30294,54926.2
2019-03-04 04:44:00,1551674640.0,0.30295,0.30332,0.30295,0.30307,122748.3
2019-03-04 04:45:00,1551674700.0,0.30311,0.30349,0.30295,0.3033,118128.9
2019-03-04 04:46:00,1551674760.0,0.30338,0.30338,0.30308,0.30319,45887.7
2019-03-04 04:47:00,1551674820.0,0.30333,0.30334,0.30295,0.30311,69219.1
2019-03-04 04:48:00,1551674880.0,0.30307,0.3032,0.3021,0.30279,120933.8
2019-03-04 04:49:00,1551674940.0,0.30279,0.30285,0.30256,0.30257,139231.0
2019-03-04 04:50:00,1551675000.0,0.30267,0.3033,0.3023,0.30316,218217.3
2019-03-04 04:51:00,1551675060.0,0.30332,0.30334,0.30317,0.30332,41456.7
2019-03-04 04:52:00,1551675120.0,0.3033,0.30352,0.30323,0.30352,69351.4
2019-03-04 04:53:00,1551675180.0,0.30352,0.30359,0.30329,0.30329,68778.2
2019-03-04 04:54:00,1551675240.0,0.30328,0.30369,0.30321,0.30344,82388.8
2019-03-04 04:55:00,1551675300.0,0.30358,0.30358,0.30322,0.30337,61323.8
2019-03-04 04:56:00,1551675360.0,0.30337,0.30351,0.30324,0.30337,68563.9
2019-03-04 04:57:00,1551675420.0,0.3034,0.3037,0.30326,0.30354,85727.7
2019-03-04 04:58:00,1551675480.0,0.30365,0.3039,0.30356,0.3039,93231.2
2019-03-04 04:59:00,1551675540.0,0.3039,0.30392,0.30361,0.30363,66483.7
2019-03-04 05:00:00,1551675600.0,0.30364,0.30381,0.30334,0.30347,79961.2
2019-03-04 05:01:00,1551675660.0,0.30338,0.30368,0.30324,0.30341,80949.1
2019-03-04 05:02:00,1551675720.0,0.30345,0.30346,0.30325,0.3034,56070.1
2019-03-04 05:03:00,1551675780.0,0.30336,0.30344,0.30277,0.30311,124219.0
2019-03-04 05:04:00,1551675840.0,0.30311,0.30311,0.30253,0.30253,82558.0
2019-03-04 05:05:00,1551675900.0,0.30253,0.30287,0.302,0.30266,174903.4
2019-03-04 05:06:00,1551675960.0,0.30277,0.30293,0.30242,0.30257,23153.6
2019-03-04 05:07:00,1551676020.0,0.30251,0.30258,0.30218,0.30236,47018.3
2019-03-04 05:08:00,1551676080.0,0.30229,0.30286,0.30202,0.30258,65105.8
2019-03-04 05:09:00,1551676140.0,0.30232,0.30246,0.3019,0.30211,84766.1
2019-03-04 05:10:00,1551676200.0,0.30194,0.30194,0.3008,0.30188,149809.7
2019-03-04 05:11:00,1551676260.0,0.30185,0.3019,0.3012,0.30182,70846.0
2019-03-04 05:12:00,1551676320.0,0.30182,0.30215,0.30158,0.30178,72401.9
2019-03-04 05:13:00,1551676380.0,0.30161,0.30172,0.30129,0.30144,31814.2
2019-03-04 05:14:00,1551676440.0,0.30143,0.30165,0.30129,0.3013,30722.9
2019-03-04 05:15:00,1551676500.0,0.30146,0.30146,0.30106,0.30121,110708.3
2019-03-04 05:16:00,1551676560.0,0.30127,0.3015,0.30112,0.30113,42947.9
2019-03-04 05:17:00,1551676620.0,0.30128,0.3013,0.3009,0.301,142586.2
2019-03-04 05:18:00,1551676680.0,0.30095,0.3015,0.3001,0.30099,320376.0
2019-03-04 05:19:00,1551676740.0,0.30104,0.30115,0.3,0.30044,1108235.9
2019-03-04 05:20:00,1551676800.0,0.30075,0.3013,0.30027,0.30128,113557.6
2019-03-04 05:21:00,1551676860.0,0.30139,0.30196,0.30115,0.3015,93901.1
2019-03-04 05:22:00,1551676920.0,0.3015,0.30176,0.30107,0.30126,61465.7
2019-03-04 05:23:00,1551676980.0,0.30149,0.30169,0.30106,0.30118,144389.9
2019-03-04 05:24:00,1551677040.0,0.30118,0.30143,0.30102,0.30143,101495.5
2019-03-04 05:25:00,1551677100.0,0.30127,0.30167,0.30124,0.30164,45272.9
2019-03-04 05:26:00,1551677160.0,0.30163,0.30179,0.30113,0.30154,65767.2
2019-03-04 05:27:00,1551677220.0,0.30154,0.30214,0.30152,0.30199,61060.3
2019-03-04 05:28:00,1551677280.0,0.30195,0.30223,0.3019,0.30218,61494.3
2019-03-04 05:29:00,1551677340.0,0.30223,0.3024,0.30203,0.30228,55014.7
2019-03-04 05:30:00,1551677400.0,0.30231,0.30264,0.30217,0.30251,67829.9
2019-03-04 05:31:00,1551677460.0,0.30269,0.3033,0.30263,0.3033,93856.9
2019-03-04 05:32:00,1551677520.0,0.3033,0.3036,0.30312,0.30331,133424.0
2019-03-04 05:33:00,1551677580.0,0.30324,0.3038,0.30324,0.30362,53721.8
2019-03-04 05:34:00,1551677640.0,0.30365,0.30411,0.30361,0.30361,173583.6
2019-03-04 05:35:00,1551677700.0,0.30368,0.30387,0.30347,0.30385,70196.1
2019-03-04 05:36:00,1551677760.0,0.30385,0.30387,0.30376,0.30376,122753.3
2019-03-04 05:37:00,1551677820.0,0.30387,0.30387,0.30373,0.30387,67372.6
2019-03-04 05:38:00,1551677880.0,0.30387,0.3041,0.30375,0.30393,54886.9
2019-03-04 05:39:00,1551677940.0,0.30394,0.30408,0.3035,0.30358,76828.6
2019-03-04 05:40:00,1551678000.0,0.30371,0.30375,0.30348,0.3037,34220.5
2019-03-04 05:41:00,1551678060.0,0.30369,0.30409,0.3036,0.30409,55291.9
2019-03-04 05:42:00,1551678120.0,0.30409,0.30446,0.30403,0.30441,45505.2
2019-03-04 05:43:00,1551678180.0,0.30446,0.30476,0.30427,0.30438,72553.7
2019-03-04 05:44:00,1551678240.0,0.30444,0.30454,0.30385,0.30427,41605.5
2019-03-04 05:45:00,1551678300.0,0.30427,0.30428,0.30412,0.30427,17716.1
2019-03-04 05:46:00,1551678360.0,0.30425,0.30426,0.30404,0.30417,26554.3
2019-03-04 05:47:00,1551678420.0,0.30411,0.30472,0.30411,0.30468,109019.1
2019-03-04 05:48:00,1551678480.0,0.30468,0.30468,0.3043,0.3043,22418.7
2019-03-04 05:49:00,1551678540.0,0.30429,0.30431,0.30416,0.30416,21239.2
2019-03-04 05:50:00,1551678600.0,0.30416,0.30431,0.30416,0.30418,22736.0
2019-03-04 05:51:00,1551678660.0,0.30418,0.30418,0.30367,0.30373,35193.2
2019-03-04 05:52:00,1551678720.0,0.30376,0.30409,0.30376,0.30386,86732.2
2019-03-04 05:53:00,1551678780.0,0.30414,0.3043,0.30404,0.30423,26181.7
2019-03-04 05:54:00,1551678840.0,0.30417,0.30427,0.30388,0.30407,34898.2
2019-03-04 05:55:00,1551678900.0,0.304,0.30421,0.30396,0.30407,15122.4
2019-03-04 05:56:00,1551678960.0,0.30415,0.30419,0.30406,0.30414,17616.1
2019-03-04 05:57:00,1551679020.0,0.30413,0.30422,0.30397,0.30398,41557.5
2019-03-04 05:58:00,1551679080.0,0.30413,0.30414,0.30375,0.30388,36471.2
2019-03-04 05:59:00,1551679140.0,0.30388,0.30391,0.30361,0.30374,51982.4
2019-03-04 06:00:00,1551679200.0,0.30361,0.30376,0.30342,0.30361,23271.9
2019-03-04 06:01:00,1551679260.0,0.30352,0.30367,0.30324,0.30337,40911.6
2019-03-04 06:02:00,1551679320.0,0.30329,0.30349,0.30297,0.30328,79753.8
2019-03-04 06:03:00,1551679380.0,0.30335,0.30352,0.30325,0.30345,20090.7
2019-03-04 06:04:00,1551679440.0,0.3033,0.3033,0.30258,0.30258,81726.8
2019-03-04 06:05:00,1551679500.0,0.30255,0.30307,0.30225,0.30287,67721.1
2019-03-04 06:06:00,1551679560.0,0.30297,0.30297,0.30199,0.30235,66907.4
2019-03-04 06:07:00,1551679620.0,0.30235,0.30252,0.30215,0.30239,35239.9
2019-03-04 06:08:00,1551679680.0,0.30247,0.30285,0.30229,0.30259,142990.1
2019-03-04 06:09:00,1551679740.0,0.30265,0.3028,0.30234,0.30238,43877.9
2019-03-04 06:10:00,1551679800.0,0.30253,0.30261,0.30221,0.30243,15390.8
2019-03-04 06:11:00,1551679860.0,0.30238,0.30239,0.3021,0.30219,32918.4
2019-03-04 06:12:00,1551679920.0,0.3021,0.30327,0.3021,0.30316,45526.8
2019-03-04 06:13:00,1551679980.0,0.30317,0.30339,0.30317,0.30328,43159.5
2019-03-04 06:14:00,1551680040.0,0.30335,0.30342,0.30327,0.30342,17811.4
2019-03-04 06:15:00,1551680100.0,0.3034,0.30349,0.30322,0.30322,54376.6
2019-03-04 06:16:00,1551680160.0,0.30331,0.30356,0.30325,0.30349,66813.0
2019-03-04 06:17:00,1551680220.0,0.30364,0.30382,0.30349,0.30369,23766.7
2019-03-04 06:18:00,1551680280.0,0.30368,0.30387,0.30359,0.30366,27393.2
2019-03-04 06:19:00,1551680340.0,0.30359,0.30385,0.30315,0.30324,63127.9
2019-03-04 06:20:00,1551680400.0,0.30344,0.30383,0.3033,0.30383,13355.5
2019-03-04 06:21:00,1551680460.0,0.30377,0.30386,0.30326,0.30335,45388.5
2019-03-04 06:22:00,1551680520.0,0.30339,0.30355,0.30334,0.30354,14462.6
2019-03-04 06:23:00,1551680580.0,0.30353,0.30354,0.30347,0.30354,15299.8
2019-03-04 06:24:00,1551680640.0,0.3035,0.30375,0.30348,0.30373,24984.1
2019-03-04 06:25:00,1551680700.0,0.30375,0.30387,0.30365,0.30377,37925.5
2019-03-04 06:26:00,1551680760.0,0.30386,0.30387,0.30372,0.30386,23081.1
2019-03-04 06:27:00,1551680820.0,0.30387,0.30407,0.30385,0.30401,23343.5
2019-03-04 06:28:00,1551680880.0,0.304,0.30402,0.3037,0.3037,49244.4
2019-03-04 06:29:00,1551680940.0,0.30376,0.3039,0.30357,0.3039,18952.7
2019-03-04 06:30:00,1551681000.0,0.3037,0.30381,0.3037,0.30376,27857.9
2019-03-04 06:31:00,1551681060.0,0.3037,0.30414,0.3037,0.30414,18716.8
2019-03-04 06:32:00,1551681120.0,0.30407,0.30416,0.30382,0.30406,13908.7
2019-03-04 06:33:00,1551681180.0,0.30392,0.3041,0.30389,0.30401,9749.2
2019-03-04 06:34:00,1551681240.0,0.30398,0.30402,0.30396,0.304,16087.4
2019-03-04 06:35:00,1551681300.0,0.304,0.304,0.30382,0.304,25262.1
2019-03-04 06:36:00,1551681360.0,0.30386,0.304,0.30375,0.30377,14005.0
2019-03-04 06:37:00,1551681420.0,0.30388,0.30395,0.30382,0.30388,12518.4
2019-03-04 06:38:00,1551681480.0,0.30394,0.3041,0.30394,0.3041,63263.7
2019-03-04 06:39:00,1551681540.0,0.3041,0.30413,0.30407,0.30412,18279.4
2019-03-04 06:40:00,1551681600.0,0.30418,0.30422,0.30411,0.30421,20922.2
2019-03-04 06:41:00,1551681660.0,0.30421,0.30421,0.30405,0.30405,8725.8
2019-03-04 06:42:00,1551681720.0,0.30401,0.30416,0.304,0.30408,12397.3
2019-03-04 06:43:00,1551681780.0,0.30408,0.30409,0.30401,0.30405,18699.3
2019-03-04 06:44:00,1551681840.0,0.30412,0.30412,0.30393,0.30393,20844.0
2019-03-04 06:45:00,1551681900.0,0.30393,0.3041,0.30393,0.3041,13750.2
2019-03-04 06:46:00,1551681960.0,0.30396,0.30411,0.30395,0.30401,19107.9
2019-03-04 06:47:00,1551682020.0,0.3041,0.30428,0.30397,0.30404,45218.6
2019-03-04 06:48:00,1551682080.0,0.30405,0.30411,0.30368,0.30392,38688.8
2019-03-04 06:49:00,1551682140.0,0.30387,0.30392,0.30379,0.30387,11656.0
2019-03-04 06:50:00,1551682200.0,0.30391,0.30418,0.30379,0.30418,28090.0
2019-03-04 06:51:00,1551682260.0,0.30395,0.30414,0.30391,0.3041,15272.7
2019-03-04 06:52:00,1551682320.0,0.3041,0.30429,0.30395,0.30424,25060.6
2019-03-04 06:53:00,1551682380.0,0.30438,0.30438,0.3042,0.3043,5529.3
2019-03-04 06:54:00,1551682440.0,0.30437,0.30448,0.30416,0.30447,13622.5
2019-03-04 06:55:00,1551682500.0,0.30436,0.30448,0.30432,0.30443,17640.8
2019-03-04 06:56:00,1551682560.0,0.30444,0.30448,0.30438,0.30445,17336.6
2019-03-04 06:57:00,1551682620.0,0.30445,0.30448,0.30438,0.30448,29497.6
2019-03-04 06:58:00,1551682680.0,0.30442,0.30448,0.30437,0.30447,5262.0
2019-03-04 06:59:00,1551682740.0,0.30441,0.30448,0.3044,0.30448,9770.8
2019-03-04 07:00:00,1551682800.0,0.30443,0.30462,0.30443,0.30462,11757.6
2019-03-04 07:01:00,1551682860.0,0.30462,0.30464,0.30445,0.30454,3446.7
2019-03-04 07:02:00,1551682920.0,0.30454,0.30455,0.30448,0.30454,2690.5
2019-03-04 07:03:00,1551682980.0,0.3045,0.30455,0.30449,0.30454,17520.3
2019-03-04 07:04:00,1551683040.0,0.30462,0.30464,0.30455,0.30464,20501.8
2019-03-04 07:05:00,1551683100.0,0.30464,0.3049,0.30459,0.3049,13130.8
2019-03-04 07:06:00,1551683160.0,0.3049,0.30497,0.30484,0.30497,10129.4
2019-03-04 07:07:00,1551683220.0,0.30495,0.30505,0.30488,0.30505,10836.9
2019-03-04 07:08:00,1551683280.0,0.30509,0.3051,0.30474,0.30491,58049.8
2019-03-04 07:09:00,1551683340.0,0.30491,0.305,0.30475,0.30477,14329.4
2019-03-04 07:10:00,1551683400.0,0.30477,0.30504,0.30465,0.30504,12231.4
2019-03-04 07:11:00,1551683460.0,0.30504,0.3051,0.30489,0.30508,20162.9
2019-03-04 07:12:00,1551683520.0,0.30506,0.3051,0.30496,0.30502,11933.8
2019-03-04 07:13:00,1551683580.0,0.30502,0.30521,0.30494,0.30521,18352.6
2019-03-04 07:14:00,1551683640.0,0.30508,0.3052,0.30489,0.30519,21164.9
2019-03-04 07:15:00,1551683700.0,0.30525,0.30525,0.30504,0.30515,133058.7
2019-03-04 07:16:00,1551683760.0,0.30514,0.30516,0.30495,0.30495,21972.0
2019-03-04 07:17:00,1551683820.0,0.305,0.305,0.30475,0.30481,20064.1
2019-03-04 07:18:00,1551683880.0,0.30482,0.305,0.30482,0.305,14766.0
2019-03-04 07:19:00,1551683940.0,0.30491,0.30512,0.30484,0.30511,38218.2
2019-03-04 07:20:00,1551684000.0,0.30512,0.30515,0.30502,0.30515,4691.4
2019-03-04 07:21:00,1551684060.0,0.3051,0.30535,0.30502,0.30533,55417.8
2019-03-04 07:22:00,1551684120.0,0.30533,0.30535,0.3052,0.3052,116827.9
2019-03-04 07:23:00,1551684180.0,0.30523,0.30529,0.3052,0.30522,75934.1
2019-03-04 07:24:00,1551684240.0,0.3052,0.30537,0.3052,0.30521,9350.4
2019-03-04 07:25:00,1551684300.0,0.30521,0.30535,0.3052,0.30521,17603.3
2019-03-04 07:26:00,1551684360.0,0.30526,0.30535,0.3052,0.30533,23818.1
2019-03-04 07:27:00,1551684420.0,0.30533,0.30539,0.3052,0.30538,8075.7
2019-03-04 07:28:00,1551684480.0,0.30528,0.30538,0.30524,0.30533,4182.6
2019-03-04 07:29:00,1551684540.0,0.30535,0.30538,0.30526,0.30536,5523.6
2019-03-04 07:30:00,1551684600.0,0.30529,0.30536,0.30521,0.30526,11236.2
2019-03-04 07:31:00,1551684660.0,0.30534,0.30534,0.30515,0.30518,31135.5
2019-03-04 07:32:00,1551684720.0,0.30503,0.30516,0.30496,0.30512,18234.2
2019-03-04 07:33:00,1551684780.0,0.305,0.30509,0.3047,0.30484,31502.1
2019-03-04 07:34:00,1551684840.0,0.30493,0.30493,0.30471,0.30485,8283.8
2019-03-04 07:35:00,1551684900.0,0.30484,0.30492,0.30471,0.30482,17264.1
2019-03-04 07:36:00,1551684960.0,0.30464,0.30472,0.30464,0.30472,7349.6
2019-03-04 07:37:00,1551685020.0,0.30472,0.30472,0.30461,0.3047,13854.7
2019-03-04 07:38:00,1551685080.0,0.30466,0.30466,0.30451,0.3046,12613.4
2019-03-04 07:39:00,1551685140.0,0.30452,0.30467,0.3045,0.30467,10506.2
2019-03-04 07:40:00,1551685200.0,0.30467,0.30469,0.3045,0.3045,10158.6
2019-03-04 07:41:00,1551685260.0,0.3045,0.30453,0.30438,0.30449,44938.3
2019-03-04 07:42:00,1551685320.0,0.30449,0.30449,0.30437,0.30449,18775.2
2019-03-04 07:43:00,1551685380.0,0.30449,0.30449,0.3044,0.30449,61132.2
2019-03-04 07:44:00,1551685440.0,0.30446,0.30449,0.30437,0.30438,12761.6
2019-03-04 07:45:00,1551685500.0,0.30439,0.30439,0.30424,0.30435,9232.8
2019-03-04 07:46:00,1551685560.0,0.30427,0.30437,0.30425,0.30433,8336.8
2019-03-04 07:47:00,1551685620.0,0.30433,0.30439,0.304,0.30438,231133.3
2019-03-04 07:48:00,1551685680.0,0.30438,0.30439,0.30401,0.30401,28076.2
2019-03-04 07:49:00,1551685740.0,0.304,0.30411,0.30358,0.3038,105089.7
2019-03-04 07:50:00,1551685800.0,0.3038,0.3038,0.30362,0.30364,2578.8
2019-03-04 07:51:00,1551685860.0,0.30362,0.30366,0.30359,0.30364,5910.7
2019-03-04 07:52:00,1551685920.0,0.30365,0.30374,0.30359,0.30368,14279.8
2019-03-04 07:53:00,1551685980.0,0.3036,0.3037,0.30359,0.30359,9741.8
2019-03-04 07:54:00,1551686040.0,0.3036,0.30375,0.30359,0.30374,12704.6
2019-03-04 07:55:00,1551686100.0,0.30373,0.30376,0.30362,0.30376,17010.2
2019-03-04 07:56:00,1551686160.0,0.30376,0.30393,0.30365,0.30379,18918.6
2019-03-04 07:57:00,1551686220.0,0.3038,0.3038,0.30362,0.30363,4993.2
2019-03-04 07:58:00,1551686280.0,0.30363,0.30366,0.3036,0.3036,16432.0
2019-03-04 07:59:00,1551686340.0,0.30361,0.30363,0.30343,0.30353,14969.3
2019-03-04 08:00:00,1551686400.0,0.30353,0.30376,0.30345,0.30374,25811.8
2019-03-04 08:01:00,1551686460.0,0.30375,0.30388,0.30362,0.30388,20523.0
2019-03-04 08:02:00,1551686520.0,0.30387,0.30393,0.30375,0.30393,16205.4
2019-03-04 08:03:00,1551686580.0,0.30393,0.30406,0.30393,0.30397,17059.4
2019-03-04 08:04:00,1551686640.0,0.30392,0.30403,0.30385,0.30402,11847.6
2019-03-04 08:05:00,1551686700.0,0.30398,0.3041,0.30389,0.30408,28012.8
2019-03-04 08:06:00,1551686760.0,0.30408,0.30418,0.304,0.30401,15677.4
2019-03-04 08:07:00,1551686820.0,0.30408,0.30408,0.304,0.30407,9112.6
2019-03-04 08:08:00,1551686880.0,0.30405,0.30408,0.30401,0.30405,4847.1
2019-03-04 08:09:00,1551686940.0,0.30406,0.30408,0.30373,0.30373,29038.1
2019-03-04 08:10:00,1551687000.0,0.30367,0.30382,0.30367,0.30382,5075.1
2019-03-04 08:11:00,1551687060.0,0.30375,0.30382,0.3036,0.30364,13950.3
2019-03-04 08:12:00,1551687120.0,0.30373,0.30373,0.30345,0.30356,12243.0
2019-03-04 08:13:00,1551687180.0,0.30357,0.30365,0.30346,0.30364,11327.4
2019-03-04 08:14:00,1551687240.0,0.30376,0.30388,0.30365,0.30387,23970.8
2019-03-04 08:15:00,1551687300.0,0.30388,0.30389,0.30361,0.30361,40163.5
2019-03-04 08:16:00,1551687360.0,0.30361,0.30361,0.30317,0.30317,17307.1
2019-03-04 08:17:00,1551687420.0,0.30301,0.30301,0.30274,0.3029,11295.0
2019-03-04 08:18:00,1551687480.0,0.30279,0.30292,0.30265,0.30277,8202.8
2019-03-04 08:19:00,1551687540.0,0.30268,0.30279,0.30251,0.30251,44476.6
2019-03-04 08:20:00,1551687600.0,0.30251,0.30251,0.30234,0.30234,15899.2
2019-03-04 08:21:00,1551687660.0,0.30236,0.3024,0.30222,0.30224,42271.0
2019-03-04 08:22:00,1551687720.0,0.30224,0.30232,0.30201,0.3023,46060.1
2019-03-04 08:23:00,1551687780.0,0.30219,0.3028,0.30216,0.3028,33256.8
2019-03-04 08:24:00,1551687840.0,0.30284,0.30284,0.30229,0.3023,56736.8
2019-03-04 08:25:00,1551687900.0,0.30245,0.30252,0.30224,0.3025,17890.8
2019-03-04 08:26:00,1551687960.0,0.30251,0.30303,0.30236,0.30283,17269.8
2019-03-04 08:27:00,1551688020.0,0.30293,0.30332,0.30282,0.30316,15888.5
2019-03-04 08:28:00,1551688080.0,0.30321,0.30339,0.30304,0.30306,9531.7
2019-03-04 08:29:00,1551688140.0,0.30301,0.30306,0.30281,0.30285,5601.3
2019-03-04 08:30:00,1551688200.0,0.30297,0.30302,0.30283,0.30286,4648.9
2019-03-04 08:31:00,1551688260.0,0.3029,0.3029,0.30254,0.30265,25825.6
2019-03-04 08:32:00,1551688320.0,0.30265,0.30288,0.30264,0.30269,23845.2
2019-03-04 08:33:00,1551688380.0,0.30282,0.30282,0.30255,0.30256,12438.3
2019-03-04 08:34:00,1551688440.0,0.30255,0.30282,0.3025,0.30256,16470.9
2019-03-04 08:35:00,1551688500.0,0.30257,0.30273,0.30256,0.30273,16275.2
2019-03-04 08:36:00,1551688560.0,0.30276,0.30281,0.30259,0.3027,26745.4
2019-03-04 08:37:00,1551688620.0,0.30272,0.3028,0.30254,0.30275,7209.8
2019-03-04 08:38:00,1551688680.0,0.30268,0.30283,0.30268,0.30279,21521.0
2019-03-04 08:39:00,1551688740.0,0.30282,0.30301,0.30272,0.30285,7166.0
2019-03-04 08:40:00,1551688800.0,0.303,0.3031,0.30291,0.30309,5910.6
2019-03-04 08:41:00,1551688860.0,0.303,0.30309,0.30285,0.30298,6748.2
2019-03-04 08:42:00,1551688920.0,0.30291,0.30301,0.30281,0.30281,7668.0
2019-03-04 08:43:00,1551688980.0,0.30289,0.30292,0.30271,0.30272,5333.7
2019-03-04 08:44:00,1551689040.0,0.30272,0.3029,0.3026,0.3026,8718.0
2019-03-04 08:45:00,1551689100.0,0.3026,0.30275,0.3026,0.30272,4499.6
2019-03-04 08:46:00,1551689160.0,0.30271,0.30275,0.30251,0.30251,5049.3
2019-03-04 08:47:00,1551689220.0,0.30251,0.30265,0.30251,0.30256,9409.4
2019-03-04 08:48:00,1551689280.0,0.30256,0.30256,0.302,0.30217,74605.7
2019-03-04 08:49:00,1551689340.0,0.30218,0.30224,0.30204,0.30224,15770.2
2019-03-04 08:50:00,1551689400.0,0.30209,0.30221,0.302,0.302,34342.6
2019-03-04 08:51:00,1551689460.0,0.302,0.30208,0.30165,0.30166,54236.7
2019-03-04 08:52:00,1551689520.0,0.30165,0.30181,0.30124,0.30147,52744.9
2019-03-04 08:53:00,1551689580.0,0.30141,0.30146,0.30123,0.30132,37238.7
2019-03-04 08:54:00,1551689640.0,0.3014,0.30142,0.30125,0.30139,12144.9
2019-03-04 08:55:00,1551689700.0,0.30139,0.3014,0.30125,0.30127,12310.9
2019-03-04 08:56:00,1551689760.0,0.30127,0.30133,0.30124,0.30127,8706.2
2019-03-04 08:57:00,1551689820.0,0.30125,0.3013,0.30112,0.30124,13306.7
2019-03-04 08:58:00,1551689880.0,0.30124,0.30133,0.30118,0.3013,15983.0
2019-03-04 08:59:00,1551689940.0,0.3013,0.30186,0.30125,0.30176,36052.9
2019-03-04 09:00:00,1551690000.0,0.30193,0.30212,0.30176,0.30212,14656.9
2019-03-04 09:01:00,1551690060.0,0.30226,0.30262,0.30226,0.30258,42363.4
2019-03-04 09:02:00,1551690120.0,0.30253,0.30259,0.30189,0.30193,36392.0
2019-03-04 09:03:00,1551690180.0,0.30202,0.30202,0.3013,0.3018,56719.2
2019-03-04 09:04:00,1551690240.0,0.30182,0.30239,0.30172,0.30239,50929.4
2019-03-04 09:05:00,1551690300.0,0.30213,0.30247,0.30213,0.30229,90702.1
2019-03-04 09:06:00,1551690360.0,0.30242,0.30242,0.30222,0.30236,20207.5
2019-03-04 09:07:00,1551690420.0,0.30236,0.30242,0.30223,0.30226,16300.1
2019-03-04 09:08:00,1551690480.0,0.30229,0.30276,0.30228,0.3027,50184.6
2019-03-04 09:09:00,1551690540.0,0.30262,0.30278,0.30258,0.30275,12375.7
2019-03-04 09:10:00,1551690600.0,0.30275,0.3029,0.30266,0.30272,23200.3
2019-03-04 09:11:00,1551690660.0,0.30283,0.30283,0.30258,0.30269,16943.2
2019-03-04 09:12:00,1551690720.0,0.3026,0.30266,0.30256,0.30256,6150.0
2019-03-04 09:13:00,1551690780.0,0.30266,0.30271,0.30256,0.3027,9893.7
2019-03-04 09:14:00,1551690840.0,0.30271,0.30301,0.3027,0.3029,8566.1
2019-03-04 09:15:00,1551690900.0,0.30301,0.3032,0.3029,0.30311,19079.2
2019-03-04 09:16:00,1551690960.0,0.30311,0.30326,0.30307,0.30311,14625.0
2019-03-04 09:17:00,1551691020.0,0.30311,0.30329,0.30311,0.30329,9651.3
2019-03-04 09:18:00,1551691080.0,0.30328,0.30341,0.30316,0.30338,39434.5
2019-03-04 09:19:00,1551691140.0,0.30338,0.30343,0.3031,0.30343,32548.7
2019-03-04 09:20:00,1551691200.0,0.30341,0.30347,0.30325,0.30338,11355.1
2019-03-04 09:21:00,1551691260.0,0.30336,0.30346,0.30329,0.30343,7666.3
2019-03-04 09:22:00,1551691320.0,0.30346,0.30346,0.30333,0.3034,6762.4
2019-03-04 09:23:00,1551691380.0,0.30341,0.30345,0.30329,0.30329,9372.6
2019-03-04 09:24:00,1551691440.0,0.30329,0.3034,0.30323,0.30323,3604.0
2019-03-04 09:25:00,1551691500.0,0.30324,0.30324,0.30303,0.30303,12362.2
2019-03-04 09:26:00,1551691560.0,0.30303,0.30344,0.30301,0.30339,12936.7
2019-03-04 09:27:00,1551691620.0,0.3034,0.3034,0.30323,0.30323,8365.5
2019-03-04 09:28:00,1551691680.0,0.30337,0.30338,0.30321,0.30334,9652.9
2019-03-04 09:29:00,1551691740.0,0.30321,0.30335,0.30311,0.30328,8939.2
2019-03-04 09:30:00,1551691800.0,0.30327,0.30332,0.30305,0.30305,8454.5
2019-03-04 09:31:00,1551691860.0,0.30325,0.30329,0.30299,0.30303,15188.3
2019-03-04 09:32:00,1551691920.0,0.30314,0.30314,0.30302,0.30312,11877.1
2019-03-04 09:33:00,1551691980.0,0.303,0.30311,0.30239,0.30242,68179.6
2019-03-04 09:34:00,1551692040.0,0.30245,0.30248,0.30216,0.30222,13365.0
2019-03-04 09:35:00,1551692100.0,0.30223,0.30248,0.30205,0.30232,38055.6
2019-03-04 09:36:00,1551692160.0,0.30225,0.30257,0.30223,0.30244,10079.2
2019-03-04 09:37:00,1551692220.0,0.30224,0.30237,0.30218,0.30234,4059.8
2019-03-04 09:38:00,1551692280.0,0.30233,0.30235,0.30228,0.30235,27992.4
2019-03-04 09:39:00,1551692340.0,0.30234,0.30235,0.30209,0.30234,7377.9
2019-03-04 09:40:00,1551692400.0,0.30234,0.30252,0.30209,0.30236,29475.4
2019-03-04 09:41:00,1551692460.0,0.30241,0.30244,0.30223,0.30235,5006.2
2019-03-04 09:42:00,1551692520.0,0.30229,0.30254,0.30226,0.30245,24055.0
2019-03-04 09:43:00,1551692580.0,0.30252,0.30257,0.3025,0.30254,2658.1
2019-03-04 09:44:00,1551692640.0,0.30253,0.30253,0.30235,0.3025,4911.6
2019-03-04 09:45:00,1551692700.0,0.30251,0.30251,0.3023,0.3023,7371.2
2019-03-04 09:46:00,1551692760.0,0.30236,0.30237,0.30164,0.30178,65868.5
2019-03-04 09:47:00,1551692820.0,0.30178,0.30191,0.30167,0.30182,19672.7
2019-03-04 09:48:00,1551692880.0,0.3017,0.30196,0.30163,0.30169,30259.2
2019-03-04 09:49:00,1551692940.0,0.30168,0.30178,0.30163,0.30165,12378.4
2019-03-04 09:50:00,1551693000.0,0.30164,0.302,0.30163,0.30196,48594.4
2019-03-04 09:51:00,1551693060.0,0.30182,0.30194,0.30163,0.30187,21437.0
2019-03-04 09:52:00,1551693120.0,0.30191,0.30191,0.30162,0.30176,10542.6
2019-03-04 09:53:00,1551693180.0,0.30178,0.30192,0.30165,0.30188,15809.7
2019-03-04 09:54:00,1551693240.0,0.30181,0.30199,0.30181,0.30186,5919.6
2019-03-04 09:55:00,1551693300.0,0.30196,0.30198,0.30162,0.30174,13328.6
2019-03-04 09:56:00,1551693360.0,0.30164,0.30177,0.30134,0.30148,70374.9
2019-03-04 09:57:00,1551693420.0,0.30148,0.30149,0.30052,0.30088,304633.4
2019-03-04 09:58:00,1551693480.0,0.30107,0.30152,0.30078,0.30079,142163.6
2019-03-04 09:59:00,1551693540.0,0.30072,0.30097,0.30037,0.30085,81181.9
2019-03-04 10:00:00,1551693600.0,0.30085,0.30138,0.30077,0.30138,68409.4
2019-03-04 10:01:00,1551693660.0,0.30125,0.30193,0.30079,0.30079,43869.6
2019-03-04 10:02:00,1551693720.0,0.30092,0.30102,0.30055,0.30055,31908.4
2019-03-04 10:03:00,1551693780.0,0.30065,0.30076,0.29929,0.30022,341641.3
2019-03-04 10:04:00,1551693840.0,0.30009,0.3005,0.29879,0.30049,408445.7
2019-03-04 10:05:00,1551693900.0,0.30028,0.30044,0.2999,0.30033,92048.6
2019-03-04 10:06:00,1551693960.0,0.30022,0.3008,0.3002,0.30077,58786.6
2019-03-04 10:07:00,1551694020.0,0.30077,0.30089,0.30032,0.30042,49094.6
2019-03-04 10:08:00,1551694080.0,0.3004,0.3006,0.30015,0.30015,36569.6
2019-03-04 10:09:00,1551694140.0,0.30014,0.30021,0.29964,0.30021,53630.6
2019-03-04 10:10:00,1551694200.0,0.30019,0.30085,0.30001,0.3005,98126.5
2019-03-04 10:11:00,1551694260.0,0.30064,0.30073,0.30041,0.3006,25142.4
2019-03-04 10:12:00,1551694320.0,0.30058,0.3006,0.29983,0.30001,58884.4
2019-03-04 10:13:00,1551694380.0,0.30005,0.30005,0.29979,0.29991,36990.6
2019-03-04 10:14:00,1551694440.0,0.29992,0.30033,0.2995,0.29997,274080.0
2019-03-04 10:15:00,1551694500.0,0.29986,0.3004,0.29986,0.3,84907.7
2019-03-04 10:16:00,1551694560.0,0.3,0.30035,0.29991,0.30032,121590.8
2019-03-04 10:17:00,1551694620.0,0.30036,0.30089,0.3001,0.30084,187391.6
2019-03-04 10:18:00,1551694680.0,0.30084,0.30084,0.30038,0.30051,66462.1
2019-03-04 10:19:00,1551694740.0,0.30047,0.30095,0.30044,0.30095,85314.1
2019-03-04 10:20:00,1551694800.0,0.30081,0.30097,0.30069,0.30094,30817.5
2019-03-04 10:21:00,1551694860.0,0.30094,0.30115,0.3008,0.30112,28091.9
2019-03-04 10:22:00,1551694920.0,0.30111,0.3012,0.30088,0.3012,68342.7
2019-03-04 10:23:00,1551694980.0,0.30117,0.30117,0.30018,0.30044,91231.9
2019-03-04 10:24:00,1551695040.0,0.30041,0.30061,0.30025,0.30047,21677.2
2019-03-04 10:25:00,1551695100.0,0.30046,0.30046,0.29999,0.30015,34429.6
2019-03-04 10:26:00,1551695160.0,0.30004,0.30015,0.29978,0.29991,27756.9
2019-03-04 10:27:00,1551695220.0,0.29992,0.30013,0.29979,0.30013,33854.9
2019-03-04 10:28:00,1551695280.0,0.30011,0.30011,0.29984,0.30009,30252.8
2019-03-04 10:29:00,1551695340.0,0.30013,0.30038,0.30006,0.30027,44967.5
2019-03-04 10:30:00,1551695400.0,0.30036,0.30048,0.30019,0.30021,37460.8
2019-03-04 10:31:00,1551695460.0,0.30028,0.30033,0.30001,0.30004,22792.6
2019-03-04 10:32:00,1551695520.0,0.30003,0.30005,0.29973,0.29985,66141.6
2019-03-04 10:33:00,1551695580.0,0.29969,0.30009,0.2995,0.29983,143444.4
2019-03-04 10:34:00,1551695640.0,0.29971,0.29971,0.29833,0.29877,235577.7
2019-03-04 10:35:00,1551695700.0,0.29881,0.29902,0.29829,0.29857,148016.1
2019-03-04 10:36:00,1551695760.0,0.29879,0.2988,0.29771,0.29782,323548.6
2019-03-04 10:37:00,1551695820.0,0.29775,0.29807,0.29728,0.29773,296211.4
2019-03-04 10:38:00,1551695880.0,0.29798,0.29851,0.29728,0.29806,181217.0
2019-03-04 10:39:00,1551695940.0,0.2981,0.2984,0.29779,0.29834,83184.0
2019-03-04 10:40:00,1551696000.0,0.29844,0.29849,0.29807,0.29817,29583.0
2019-03-04 10:41:00,1551696060.0,0.29806,0.29829,0.29763,0.29804,54094.3
2019-03-04 10:42:00,1551696120.0,0.29817,0.29822,0.29754,0.29768,50461.6
2019-03-04 10:43:00,1551696180.0,0.29765,0.29854,0.29752,0.29826,131302.3
2019-03-04 10:44:00,1551696240.0,0.29814,0.29822,0.29739,0.29739,203225.8
2019-03-04 10:45:00,1551696300.0,0.29739,0.2984,0.29738,0.29801,164503.9
2019-03-04 10:46:00,1551696360.0,0.29819,0.29924,0.29819,0.29906,86667.0
2019-03-04 10:47:00,1551696420.0,0.29902,0.29971,0.29895,0.29971,104179.2
2019-03-04 10:48:00,1551696480.0,0.29983,0.30001,0.2995,0.29993,57359.6
2019-03-04 10:49:00,1551696540.0,0.29983,0.30054,0.2997,0.2999,99878.7
2019-03-04 10:50:00,1551696600.0,0.29994,0.30052,0.2999,0.30028,81630.7
2019-03-04 10:51:00,1551696660.0,0.30037,0.30135,0.3003,0.30064,175858.3
2019-03-04 10:52:00,1551696720.0,0.30079,0.30081,0.30026,0.3007,131496.1
2019-03-04 10:53:00,1551696780.0,0.30074,0.30077,0.3003,0.3003,222975.0
2019-03-04 10:54:00,1551696840.0,0.30035,0.30079,0.3002,0.30079,95714.1
2019-03-04 10:55:00,1551696900.0,0.30079,0.30119,0.30069,0.30117,62783.8
2019-03-04 10:56:00,1551696960.0,0.30118,0.3017,0.30118,0.30163,104112.1
2019-03-04 10:57:00,1551697020.0,0.30163,0.30191,0.30157,0.30171,144710.6
2019-03-04 10:58:00,1551697080.0,0.30171,0.30191,0.30166,0.30182,94553.5
2019-03-04 10:59:00,1551697140.0,0.30187,0.302,0.30135,0.30164,111189.0
2019-03-04 11:00:00,1551697200.0,0.30149,0.30179,0.30148,0.30172,39291.1
2019-03-04 11:01:00,1551697260.0,0.30164,0.30192,0.30164,0.30187,57118.6
2019-03-04 11:02:00,1551697320.0,0.30195,0.302,0.30185,0.30194,52218.0
2019-03-04 11:03:00,1551697380.0,0.30196,0.30198,0.30185,0.30197,23724.2
2019-03-04 11:04:00,1551697440.0,0.30192,0.30197,0.30162,0.30175,74879.0
2019-03-04 11:05:00,1551697500.0,0.30162,0.30173,0.301,0.301,74452.5
2019-03-04 11:06:00,1551697560.0,0.30101,0.30104,0.30051,0.301,52895.1
2019-03-04 11:07:00,1551697620.0,0.30098,0.30105,0.30077,0.30091,33716.7
2019-03-04 11:08:00,1551697680.0,0.30091,0.30093,0.3006,0.30087,28365.2
2019-03-04 11:09:00,1551697740.0,0.30085,0.3011,0.30081,0.30098,67745.5
2019-03-04 11:10:00,1551697800.0,0.30099,0.30115,0.30072,0.30076,83882.9
2019-03-04 11:11:00,1551697860.0,0.30084,0.3011,0.30081,0.3009,60062.9
2019-03-04 11:12:00,1551697920.0,0.30097,0.3012,0.30084,0.30113,32578.0
2019-03-04 11:13:00,1551697980.0,0.30101,0.30112,0.301,0.30111,53261.5
2019-03-04 11:14:00,1551698040.0,0.30112,0.3014,0.30102,0.3014,51555.5
2019-03-04 11:15:00,1551698100.0,0.30116,0.30144,0.30111,0.30141,32375.2
2019-03-04 11:16:00,1551698160.0,0.30125,0.30198,0.30125,0.30198,71670.7
2019-03-04 11:17:00,1551698220.0,0.30187,0.30311,0.30187,0.30281,63583.2
2019-03-04 11:18:00,1551698280.0,0.30284,0.30328,0.30203,0.30233,110127.9
2019-03-04 11:19:00,1551698340.0,0.30257,0.3026,0.30218,0.30244,42016.9
2019-03-04 11:20:00,1551698400.0,0.30246,0.30268,0.30234,0.30254,78559.5
2019-03-04 11:21:00,1551698460.0,0.30265,0.30266,0.30177,0.3018,29565.9
2019-03-04 11:22:00,1551698520.0,0.30184,0.3023,0.30177,0.30215,39779.8
2019-03-04 11:23:00,1551698580.0,0.30206,0.30213,0.30194,0.30202,36733.2
2019-03-04 11:24:00,1551698640.0,0.30202,0.30202,0.30178,0.3019,34904.3
2019-03-04 11:25:00,1551698700.0,0.3019,0.3019,0.3016,0.30177,16639.1
2019-03-04 11:26:00,1551698760.0,0.30182,0.30183,0.30166,0.30176,21771.0
2019-03-04 11:27:00,1551698820.0,0.3017,0.30178,0.30168,0.30177,25473.2
2019-03-04 11:28:00,1551698880.0,0.30178,0.3019,0.3017,0.30189,55814.4
2019-03-04 11:29:00,1551698940.0,0.30182,0.3019,0.30172,0.30187,59600.1
2019-03-04 11:30:00,1551699000.0,0.30187,0.30215,0.30186,0.30214,46350.3
2019-03-04 11:31:00,1551699060.0,0.30214,0.30231,0.30214,0.3023,31064.0
2019-03-04 11:32:00,1551699120.0,0.30231,0.30246,0.3022,0.30243,28597.8
2019-03-04 11:33:00,1551699180.0,0.30246,0.30246,0.3023,0.30244,24309.4
2019-03-04 11:34:00,1551699240.0,0.30243,0.3025,0.30225,0.30243,80105.4
2019-03-04 11:35:00,1551699300.0,0.30227,0.30248,0.30209,0.30248,45829.5
2019-03-04 11:36:00,1551699360.0,0.30242,0.30249,0.30224,0.30225,24335.9
2019-03-04 11:37:00,1551699420.0,0.30225,0.30238,0.30225,0.30233,20648.5
2019-03-04 11:38:00,1551699480.0,0.30231,0.30244,0.30226,0.30243,22123.2
2019-03-04 11:39:00,1551699540.0,0.30243,0.30245,0.30226,0.30241,22922.1
2019-03-04 11:40:00,1551699600.0,0.30225,0.3024,0.30225,0.30237,14117.4
2019-03-04 11:41:00,1551699660.0,0.30229,0.30248,0.30228,0.30242,24221.6
2019-03-04 11:42:00,1551699720.0,0.30249,0.30276,0.30245,0.30262,23232.5
2019-03-04 11:43:00,1551699780.0,0.30267,0.3028,0.30257,0.30279,27067.9
2019-03-04 11:44:00,1551699840.0,0.30267,0.30281,0.30266,0.30273,25194.1
2019-03-04 11:45:00,1551699900.0,0.30276,0.30276,0.30225,0.30247,54779.6
2019-03-04 11:46:00,1551699960.0,0.30241,0.30316,0.30232,0.30263,99843.8
2019-03-04 11:47:00,1551700020.0,0.30263,0.30273,0.30241,0.30256,51774.5
2019-03-04 11:48:00,1551700080.0,0.30259,0.30275,0.30246,0.30262,33905.1
2019-03-04 11:49:00,1551700140.0,0.30273,0.30274,0.30248,0.30267,23245.0
2019-03-04 11:50:00,1551700200.0,0.30268,0.30274,0.30244,0.30266,22154.5
2019-03-04 11:51:00,1551700260.0,0.30253,0.30264,0.30238,0.30243,17000.5
2019-03-04 11:52:00,1551700320.0,0.3025,0.30256,0.30239,0.30239,19992.2
2019-03-04 11:53:00,1551700380.0,0.30239,0.30249,0.30229,0.30229,7186.1
2019-03-04 11:54:00,1551700440.0,0.30236,0.30236,0.30185,0.3019,50589.1
2019-03-04 11:55:00,1551700500.0,0.30211,0.30211,0.30175,0.30181,42428.5
2019-03-04 11:56:00,1551700560.0,0.30191,0.30191,0.30148,0.30148,60563.2
2019-03-04 11:57:00,1551700620.0,0.30168,0.30186,0.30157,0.30178,22632.8
2019-03-04 11:58:00,1551700680.0,0.30179,0.30179,0.30154,0.30173,14140.7
2019-03-04 11:59:00,1551700740.0,0.30172,0.30183,0.30159,0.30163,10315.7
2019-03-04 12:00:00,1551700800.0,0.3015,0.30169,0.30145,0.30159,24103.8
2019-03-04 12:01:00,1551700860.0,0.30166,0.30186,0.30147,0.30186,16865.1
2019-03-04 12:02:00,1551700920.0,0.30199,0.3022,0.30186,0.30208,50353.5
2019-03-04 12:03:00,1551700980.0,0.30217,0.30222,0.30209,0.3022,11928.7
2019-03-04 12:04:00,1551701040.0,0.3022,0.30229,0.30199,0.30229,39946.5
2019-03-04 12:05:00,1551701100.0,0.30229,0.3023,0.30217,0.30228,11894.4
2019-03-04 12:06:00,1551701160.0,0.30229,0.30229,0.30221,0.30229,10903.9
2019-03-04 12:07:00,1551701220.0,0.30226,0.30249,0.30226,0.30238,17376.9
2019-03-04 12:08:00,1551701280.0,0.30241,0.30241,0.30226,0.30234,7366.1
2019-03-04 12:09:00,1551701340.0,0.30234,0.3025,0.30222,0.30232,16075.9
2019-03-04 12:10:00,1551701400.0,0.30244,0.30245,0.30232,0.30243,10805.3
2019-03-04 12:11:00,1551701460.0,0.30233,0.30245,0.30224,0.30226,11880.6
2019-03-04 12:12:00,1551701520.0,0.30238,0.3025,0.30222,0.3023,8038.2
2019-03-04 12:13:00,1551701580.0,0.30229,0.30229,0.30186,0.30187,9890.9
2019-03-04 12:14:00,1551701640.0,0.30183,0.30191,0.30163,0.30165,26848.0
2019-03-04 12:15:00,1551701700.0,0.30177,0.30177,0.30126,0.30143,17518.0
2019-03-04 12:16:00,1551701760.0,0.30143,0.30144,0.30129,0.3013,8220.6
2019-03-04 12:17:00,1551701820.0,0.30129,0.3013,0.30119,0.30127,28624.1
2019-03-04 12:18:00,1551701880.0,0.30127,0.30127,0.30106,0.3012,45835.2
2019-03-04 12:19:00,1551701940.0,0.3012,0.30143,0.30107,0.30143,179058.7
2019-03-04 12:20:00,1551702000.0,0.30155,0.30155,0.30154,0.30154,71818.4
2019-03-04 12:21:00,1551702060.0,0.30155,0.30155,0.3013,0.30147,52425.0
2019-03-04 12:22:00,1551702120.0,0.30135,0.30147,0.3013,0.30134,26546.9
2019-03-04 12:23:00,1551702180.0,0.30144,0.30147,0.30142,0.30147,9525.4
2019-03-04 12:24:00,1551702240.0,0.30147,0.30173,0.30147,0.30171,29358.5
2019-03-04 12:25:00,1551702300.0,0.30174,0.30182,0.30148,0.30162,3975.6
2019-03-04 12:26:00,1551702360.0,0.30158,0.30162,0.30113,0.30133,83460.1
2019-03-04 12:27:00,1551702420.0,0.30127,0.30219,0.30127,0.30192,71357.7
2019-03-04 12:28:00,1551702480.0,0.3018,0.30196,0.30175,0.3018,5525.2
2019-03-04 12:29:00,1551702540.0,0.30187,0.30189,0.30143,0.30158,10142.3
2019-03-04 12:30:00,1551702600.0,0.30148,0.30158,0.30135,0.30155,32142.9
2019-03-04 12:31:00,1551702660.0,0.30165,0.30194,0.30165,0.30194,13302.3
2019-03-04 12:32:00,1551702720.0,0.30197,0.30197,0.30174,0.3019,14874.7
2019-03-04 12:33:00,1551702780.0,0.30192,0.30196,0.3018,0.30185,12472.6
2019-03-04 12:34:00,1551702840.0,0.30195,0.30196,0.30162,0.30191,30286.1
2019-03-04 12:35:00,1551702900.0,0.3019,0.30195,0.30189,0.30193,15627.1
2019-03-04 12:36:00,1551702960.0,0.30194,0.30195,0.30172,0.30186,68261.9
2019-03-04 12:37:00,1551703020.0,0.30186,0.30186,0.30166,0.30168,10831.4
2019-03-04 12:38:00,1551703080.0,0.30181,0.30181,0.30127,0.30127,15248.5
2019-03-04 12:39:00,1551703140.0,0.30127,0.30154,0.301,0.30112,35440.5
2019-03-04 12:40:00,1551703200.0,0.30134,0.30134,0.30072,0.301,17773.9
2019-03-04 12:41:00,1551703260.0,0.30113,0.30113,0.30069,0.30091,32768.6
2019-03-04 12:42:00,1551703320.0,0.3009,0.3009,0.30008,0.30063,76635.6
2019-03-04 12:43:00,1551703380.0,0.30066,0.30077,0.30043,0.30058,16620.1
2019-03-04 12:44:00,1551703440.0,0.30044,0.30044,0.2998,0.30012,52473.0
2019-03-04 12:45:00,1551703500.0,0.30007,0.30044,0.30007,0.30044,7639.0
2019-03-04 12:46:00,1551703560.0,0.30028,0.3006,0.30028,0.30037,45960.9
2019-03-04 12:47:00,1551703620.0,0.30056,0.30085,0.30043,0.30078,16169.0
2019-03-04 12:48:00,1551703680.0,0.30088,0.3009,0.30075,0.30089,5971.0
2019-03-04 12:49:00,1551703740.0,0.30082,0.3009,0.30076,0.3009,40261.7
2019-03-04 12:50:00,1551703800.0,0.30088,0.30097,0.30051,0.30057,26375.8
2019-03-04 12:51:00,1551703860.0,0.30054,0.3007,0.3005,0.3005,13538.3
2019-03-04 12:52:00,1551703920.0,0.30044,0.30059,0.30035,0.30035,15610.8
2019-03-04 12:53:00,1551703980.0,0.30039,0.30118,0.30038,0.30117,62707.4
2019-03-04 12:54:00,1551704040.0,0.30108,0.30117,0.30014,0.30031,61721.6
2019-03-04 12:55:00,1551704100.0,0.30015,0.30053,0.30015,0.30032,12114.0
2019-03-04 12:56:00,1551704160.0,0.30051,0.30065,0.3003,0.30036,10703.1
2019-03-04 12:57:00,1551704220.0,0.3006,0.30087,0.3004,0.30063,18513.0
2019-03-04 12:58:00,1551704280.0,0.30086,0.30088,0.30066,0.30087,11832.1
2019-03-04 12:59:00,1551704340.0,0.3008,0.30087,0.3007,0.30083,5395.3
2019-03-04 13:00:00,1551704400.0,0.30083,0.30096,0.3007,0.30081,8844.4
2019-03-04 13:01:00,1551704460.0,0.30081,0.30106,0.3007,0.30076,26244.3
2019-03-04 13:02:00,1551704520.0,0.30092,0.30092,0.30053,0.30071,18066.7
2019-03-04 13:03:00,1551704580.0,0.30081,0.30099,0.30071,0.30099,10283.2
2019-03-04 13:04:00,1551704640.0,0.30099,0.30099,0.30069,0.30075,18648.3
2019-03-04 13:05:00,1551704700.0,0.30096,0.30099,0.30074,0.30094,20133.6
2019-03-04 13:06:00,1551704760.0,0.30095,0.30095,0.30079,0.30089,8181.4
2019-03-04 13:07:00,1551704820.0,0.3009,0.3009,0.30025,0.30041,17403.6
2019-03-04 13:08:00,1551704880.0,0.3004,0.3004,0.30011,0.30029,14344.4
2019-03-04 13:09:00,1551704940.0,0.3002,0.3003,0.29989,0.30007,59075.7
2019-03-04 13:10:00,1551705000.0,0.30007,0.30013,0.29988,0.29988,40285.9
2019-03-04 13:11:00,1551705060.0,0.29988,0.29998,0.29959,0.29978,33549.2
2019-03-04 13:12:00,1551705120.0,0.29978,0.30041,0.29976,0.30023,18600.0
2019-03-04 13:13:00,1551705180.0,0.30011,0.30036,0.3,0.3,7035.1
2019-03-04 13:14:00,1551705240.0,0.30007,0.30023,0.30005,0.30014,7478.4
2019-03-04 13:15:00,1551705300.0,0.30023,0.3005,0.30011,0.30041,4946.5
2019-03-04 13:16:00,1551705360.0,0.30038,0.30038,0.30013,0.30038,12403.1
2019-03-04 13:17:00,1551705420.0,0.30038,0.3005,0.3003,0.30044,15618.3
2019-03-04 13:18:00,1551705480.0,0.30046,0.30072,0.30034,0.30057,37272.6
2019-03-04 13:19:00,1551705540.0,0.3005,0.3005,0.30032,0.30047,11245.5
2019-03-04 13:20:00,1551705600.0,0.30046,0.30046,0.30014,0.30014,16324.8
2019-03-04 13:21:00,1551705660.0,0.30018,0.30028,0.30008,0.30009,25772.7
2019-03-04 13:22:00,1551705720.0,0.3001,0.30017,0.29968,0.2999,76370.1
2019-03-04 13:23:00,1551705780.0,0.29975,0.29993,0.29959,0.29976,93667.0
2019-03-04 13:24:00,1551705840.0,0.29977,0.30002,0.29974,0.29998,47598.8
2019-03-04 13:25:00,1551705900.0,0.29998,0.29998,0.29979,0.29979,10587.3
2019-03-04 13:26:00,1551705960.0,0.29979,0.29991,0.29958,0.29983,45402.3
2019-03-04 13:27:00,1551706020.0,0.29976,0.29999,0.29969,0.29989,17723.2
2019-03-04 13:28:00,1551706080.0,0.29988,0.29996,0.2997,0.29993,51302.0
2019-03-04 13:29:00,1551706140.0,0.29994,0.30006,0.29978,0.29991,31947.2
2019-03-04 13:30:00,1551706200.0,0.29992,0.30016,0.29988,0.30007,37964.6
2019-03-04 13:31:00,1551706260.0,0.30007,0.30018,0.30001,0.30018,24818.2
2019-03-04 13:32:00,1551706320.0,0.30017,0.30046,0.30005,0.30016,24023.6
2019-03-04 13:33:00,1551706380.0,0.30032,0.30065,0.30032,0.30063,32246.4
2019-03-04 13:34:00,1551706440.0,0.30064,0.30106,0.30049,0.30086,47594.5
2019-03-04 13:35:00,1551706500.0,0.30084,0.30169,0.30084,0.30169,35497.4
2019-03-04 13:36:00,1551706560.0,0.30148,0.30193,0.30147,0.30192,54290.3
2019-03-04 13:37:00,1551706620.0,0.30191,0.30191,0.30136,0.30161,63819.4
2019-03-04 13:38:00,1551706680.0,0.30168,0.30168,0.30141,0.30158,7268.4
2019-03-04 13:39:00,1551706740.0,0.30142,0.30167,0.30142,0.30166,29452.9
2019-03-04 13:40:00,1551706800.0,0.30154,0.30167,0.30148,0.30153,36487.5
2019-03-04 13:41:00,1551706860.0,0.30154,0.30154,0.30133,0.30145,10414.3
2019-03-04 13:42:00,1551706920.0,0.30146,0.30146,0.30132,0.30145,9035.7
2019-03-04 13:43:00,1551706980.0,0.30145,0.30152,0.30115,0.30134,20386.4
2019-03-04 13:44:00,1551707040.0,0.30141,0.30154,0.30126,0.30146,58127.1
2019-03-04 13:45:00,1551707100.0,0.30147,0.30193,0.30139,0.30193,85669.8
2019-03-04 13:46:00,1551707160.0,0.30192,0.302,0.30182,0.30196,39488.4
2019-03-04 13:47:00,1551707220.0,0.30198,0.302,0.3018,0.30196,15137.3
2019-03-04 13:48:00,1551707280.0,0.30192,0.30198,0.30184,0.30198,30540.5
2019-03-04 13:49:00,1551707340.0,0.30198,0.302,0.3019,0.30198,32528.0
2019-03-04 13:50:00,1551707400.0,0.30196,0.302,0.30192,0.30192,14936.9
2019-03-04 13:51:00,1551707460.0,0.30191,0.30194,0.30152,0.30187,72320.8
2019-03-04 13:52:00,1551707520.0,0.30193,0.30217,0.30178,0.30193,31337.1
2019-03-04 13:53:00,1551707580.0,0.30214,0.30226,0.30194,0.30219,17139.3
2019-03-04 13:54:00,1551707640.0,0.30214,0.30226,0.30209,0.30215,18511.2
2019-03-04 13:55:00,1551707700.0,0.30235,0.30235,0.30193,0.30203,31228.3
2019-03-04 13:56:00,1551707760.0,0.30195,0.30203,0.30165,0.3018,13373.6
2019-03-04 13:57:00,1551707820.0,0.30178,0.30181,0.30159,0.30168,32826.5
2019-03-04 13:58:00,1551707880.0,0.30168,0.30176,0.30142,0.30142,24191.9
2019-03-04 13:59:00,1551707940.0,0.30148,0.30157,0.30142,0.30142,19020.8
2019-03-04 14:00:00,1551708000.0,0.30148,0.30171,0.30136,0.3016,20183.7
2019-03-04 14:01:00,1551708060.0,0.30161,0.30168,0.30143,0.30156,52058.1
2019-03-04 14:02:00,1551708120.0,0.30155,0.30155,0.30128,0.30141,28309.5
2019-03-04 14:03:00,1551708180.0,0.30141,0.30153,0.30141,0.30147,24143.0
2019-03-04 14:04:00,1551708240.0,0.30143,0.3015,0.30129,0.30132,12791.5
2019-03-04 14:05:00,1551708300.0,0.30145,0.30151,0.30132,0.30144,14456.8
2019-03-04 14:06:00,1551708360.0,0.30138,0.30157,0.30133,0.30153,26759.7
2019-03-04 14:07:00,1551708420.0,0.30155,0.30171,0.3015,0.30167,37352.9
2019-03-04 14:08:00,1551708480.0,0.30168,0.30194,0.30159,0.30194,18088.7
2019-03-04 14:09:00,1551708540.0,0.30189,0.30196,0.30179,0.30187,18846.7
2019-03-04 14:10:00,1551708600.0,0.30189,0.30194,0.30172,0.30193,4123.9
2019-03-04 14:11:00,1551708660.0,0.30193,0.30203,0.30189,0.30203,10984.6
2019-03-04 14:12:00,1551708720.0,0.30199,0.3023,0.30195,0.30222,34088.8
2019-03-04 14:13:00,1551708780.0,0.30223,0.30223,0.30205,0.30221,41985.5
2019-03-04 14:14:00,1551708840.0,0.30234,0.30238,0.3021,0.30226,22833.2
2019-03-04 14:15:00,1551708900.0,0.30226,0.30226,0.30178,0.30194,13863.3
2019-03-04 14:16:00,1551708960.0,0.30194,0.30198,0.30185,0.30194,4521.5
2019-03-04 14:17:00,1551709020.0,0.30194,0.30215,0.30194,0.30214,17270.0
2019-03-04 14:18:00,1551709080.0,0.30213,0.3022,0.30201,0.3022,35823.9
2019-03-04 14:19:00,1551709140.0,0.30224,0.30258,0.30209,0.30245,71099.3
2019-03-04 14:20:00,1551709200.0,0.30245,0.30271,0.30243,0.30252,17833.2
2019-03-04 14:21:00,1551709260.0,0.30253,0.30253,0.30221,0.30221,32549.6
2019-03-04 14:22:00,1551709320.0,0.30226,0.30226,0.30213,0.30223,4115.6
2019-03-04 14:23:00,1551709380.0,0.30217,0.30221,0.3015,0.30165,47689.2
2019-03-04 14:24:00,1551709440.0,0.30165,0.30196,0.30165,0.30173,62147.5
2019-03-04 14:25:00,1551709500.0,0.30172,0.30231,0.30172,0.30198,101778.1
2019-03-04 14:26:00,1551709560.0,0.30198,0.3024,0.30183,0.30228,26343.2
2019-03-04 14:27:00,1551709620.0,0.30228,0.30229,0.3021,0.3021,8677.5
2019-03-04 14:28:00,1551709680.0,0.30225,0.30248,0.30222,0.30248,35061.6
2019-03-04 14:29:00,1551709740.0,0.30244,0.3025,0.30244,0.30249,16678.0
2019-03-04 14:30:00,1551709800.0,0.30249,0.30268,0.30249,0.30259,11083.0
2019-03-04 14:31:00,1551709860.0,0.30264,0.30272,0.30253,0.30272,6544.8
2019-03-04 14:32:00,1551709920.0,0.30269,0.3028,0.30258,0.30258,20901.5
2019-03-04 14:33:00,1551709980.0,0.30258,0.30258,0.30199,0.302,40527.3
2019-03-04 14:34:00,1551710040.0,0.30199,0.302,0.30181,0.30181,24881.5
2019-03-04 14:35:00,1551710100.0,0.30181,0.30219,0.30173,0.302,12805.5
2019-03-04 14:36:00,1551710160.0,0.30201,0.30201,0.30189,0.30201,7287.8
2019-03-04 14:37:00,1551710220.0,0.30203,0.30247,0.30189,0.30234,46660.5
2019-03-04 14:38:00,1551710280.0,0.30239,0.30244,0.30216,0.30232,16057.8
2019-03-04 14:39:00,1551710340.0,0.30231,0.3024,0.30216,0.30232,15173.1
2019-03-04 14:40:00,1551710400.0,0.30232,0.30233,0.3022,0.30232,6524.5
2019-03-04 14:41:00,1551710460.0,0.30233,0.3024,0.302,0.30237,19243.8
2019-03-04 14:42:00,1551710520.0,0.30234,0.30245,0.30213,0.30237,8398.2
2019-03-04 14:43:00,1551710580.0,0.3024,0.30245,0.30222,0.30244,5630.6
2019-03-04 14:44:00,1551710640.0,0.30246,0.30248,0.30206,0.30213,12536.7
2019-03-04 14:45:00,1551710700.0,0.30212,0.30231,0.30205,0.30225,23060.4
2019-03-04 14:46:00,1551710760.0,0.30219,0.30229,0.30203,0.30225,13091.9
2019-03-04 14:47:00,1551710820.0,0.30226,0.30231,0.30211,0.3023,7603.8
2019-03-04 14:48:00,1551710880.0,0.3023,0.30242,0.30219,0.30231,10149.5
2019-03-04 14:49:00,1551710940.0,0.30241,0.30243,0.30225,0.30243,30709.1
2019-03-04 14:50:00,1551711000.0,0.30234,0.30242,0.30227,0.3024,4008.1
2019-03-04 14:51:00,1551711060.0,0.30234,0.30242,0.30224,0.30241,13560.9
2019-03-04 14:52:00,1551711120.0,0.3024,0.3025,0.30224,0.3025,40859.6
2019-03-04 14:53:00,1551711180.0,0.30249,0.3026,0.30244,0.3026,21300.6
2019-03-04 14:54:00,1551711240.0,0.30254,0.30308,0.30253,0.30305,51164.2
2019-03-04 14:55:00,1551711300.0,0.30288,0.303,0.30273,0.30288,8612.9
2019-03-04 14:56:00,1551711360.0,0.30289,0.30295,0.30265,0.30283,17494.3
2019-03-04 14:57:00,1551711420.0,0.30284,0.30293,0.30269,0.30272,16595.6
2019-03-04 14:58:00,1551711480.0,0.30287,0.30299,0.30278,0.30297,8451.3
2019-03-04 14:59:00,1551711540.0,0.30296,0.30299,0.30286,0.30293,8651.2
2019-03-04 15:00:00,1551711600.0,0.30296,0.3033,0.30296,0.3033,19307.9
2019-03-04 15:01:00,1551711660.0,0.3033,0.30338,0.30307,0.30322,31115.7
2019-03-04 15:02:00,1551711720.0,0.30322,0.3033,0.30296,0.3033,33471.1
2019-03-04 15:03:00,1551711780.0,0.30329,0.30334,0.30311,0.30332,7747.9
2019-03-04 15:04:00,1551711840.0,0.30332,0.30352,0.30322,0.30339,22220.3
2019-03-04 15:05:00,1551711900.0,0.30337,0.30345,0.30333,0.30343,36820.6
2019-03-04 15:06:00,1551711960.0,0.30345,0.30352,0.3034,0.30352,41708.8
2019-03-04 15:07:00,1551712020.0,0.30341,0.30357,0.30341,0.30352,6813.7
2019-03-04 15:08:00,1551712080.0,0.30354,0.30402,0.30348,0.30392,41897.6
2019-03-04 15:09:00,1551712140.0,0.30392,0.30392,0.30343,0.30358,32040.5
2019-03-04 15:10:00,1551712200.0,0.30357,0.30362,0.30341,0.30347,9951.5
2019-03-04 15:11:00,1551712260.0,0.30359,0.30376,0.30353,0.30369,5755.7
2019-03-04 15:12:00,1551712320.0,0.30368,0.30368,0.30316,0.30339,29441.6
2019-03-04 15:13:00,1551712380.0,0.30348,0.30349,0.30316,0.30316,13932.3
2019-03-04 15:14:00,1551712440.0,0.30323,0.30337,0.3031,0.30326,6850.2
2019-03-04 15:15:00,1551712500.0,0.30337,0.30338,0.3031,0.3032,4668.9
2019-03-04 15:16:00,1551712560.0,0.30325,0.30325,0.30304,0.30304,10722.5
2019-03-04 15:17:00,1551712620.0,0.303,0.30314,0.30262,0.30262,36024.1
2019-03-04 15:18:00,1551712680.0,0.3027,0.30303,0.30252,0.30284,35620.7
2019-03-04 15:19:00,1551712740.0,0.30284,0.30287,0.30266,0.30282,8774.7
2019-03-04 15:20:00,1551712800.0,0.30281,0.30282,0.30255,0.30256,9034.0
2019-03-04 15:21:00,1551712860.0,0.3027,0.30288,0.3026,0.30288,23320.0
2019-03-04 15:22:00,1551712920.0,0.30276,0.30287,0.3026,0.30278,9155.7
2019-03-04 15:23:00,1551712980.0,0.30271,0.30281,0.30251,0.30278,13729.6
2019-03-04 15:24:00,1551713040.0,0.30272,0.30286,0.30253,0.30274,21894.1
2019-03-04 15:25:00,1551713100.0,0.30274,0.30274,0.30252,0.30268,6222.7
2019-03-04 15:26:00,1551713160.0,0.30256,0.30278,0.30237,0.30254,42154.6
2019-03-04 15:27:00,1551713220.0,0.30245,0.30253,0.3022,0.30233,8025.7
2019-03-04 15:28:00,1551713280.0,0.3023,0.30249,0.30223,0.30241,8796.4
2019-03-04 15:29:00,1551713340.0,0.30246,0.30249,0.30235,0.30249,5577.9
2019-03-04 15:30:00,1551713400.0,0.30245,0.30251,0.30245,0.30247,40802.0
2019-03-04 15:31:00,1551713460.0,0.30251,0.30274,0.30247,0.30272,9926.4
2019-03-04 15:32:00,1551713520.0,0.30271,0.3028,0.30259,0.30272,5225.8
2019-03-04 15:33:00,1551713580.0,0.30278,0.30283,0.30269,0.30282,5675.5
2019-03-04 15:34:00,1551713640.0,0.30283,0.30283,0.30271,0.30271,5910.0
2019-03-04 15:35:00,1551713700.0,0.30281,0.30283,0.30267,0.30281,8953.0
2019-03-04 15:36:00,1551713760.0,0.30281,0.30295,0.30272,0.30285,23578.2
2019-03-04 15:37:00,1551713820.0,0.30284,0.30285,0.30266,0.30279,24481.0
2019-03-04 15:38:00,1551713880.0,0.30268,0.30284,0.30225,0.30234,85782.3
2019-03-04 15:39:00,1551713940.0,0.30226,0.3024,0.30225,0.3024,7637.9
2019-03-04 15:40:00,1551714000.0,0.30226,0.30254,0.30226,0.30254,7253.6
2019-03-04 15:41:00,1551714060.0,0.30232,0.30252,0.30232,0.30238,7383.3
2019-03-04 15:42:00,1551714120.0,0.30252,0.30254,0.30236,0.30253,13459.7
2019-03-04 15:43:00,1551714180.0,0.30253,0.30262,0.30242,0.30251,9864.8
2019-03-04 15:44:00,1551714240.0,0.30251,0.30259,0.30243,0.30259,12942.8
2019-03-04 15:45:00,1551714300.0,0.30258,0.30262,0.30247,0.3026,6760.2
2019-03-04 15:46:00,1551714360.0,0.3026,0.30261,0.30246,0.30261,13886.3
2019-03-04 15:47:00,1551714420.0,0.3026,0.30261,0.30244,0.30258,18159.4
2019-03-04 15:48:00,1551714480.0,0.30259,0.3026,0.30251,0.30255,6258.6
2019-03-04 15:49:00,1551714540.0,0.30259,0.3026,0.30244,0.30256,4740.9
2019-03-04 15:50:00,1551714600.0,0.30243,0.30256,0.30242,0.30243,6953.3
2019-03-04 15:51:00,1551714660.0,0.30242,0.30248,0.30242,0.30242,4713.5
2019-03-04 15:52:00,1551714720.0,0.30246,0.30246,0.30227,0.30227,7737.1
2019-03-04 15:53:00,1551714780.0,0.30228,0.30235,0.30207,0.30209,61220.3
2019-03-04 15:54:00,1551714840.0,0.30209,0.30232,0.30205,0.30205,18753.7
2019-03-04 15:55:00,1551714900.0,0.30209,0.3023,0.30202,0.30222,12692.7
2019-03-04 15:56:00,1551714960.0,0.30221,0.30227,0.302,0.302,14301.3
2019-03-04 15:57:00,1551715020.0,0.30201,0.30216,0.30175,0.3019,170442.4
2019-03-04 15:58:00,1551715080.0,0.3019,0.30234,0.30172,0.30226,77069.1
2019-03-04 15:59:00,1551715140.0,0.30232,0.30251,0.30204,0.30223,17339.1
2019-03-04 16:00:00,1551715200.0,0.30235,0.30237,0.30215,0.30231,7427.1
2019-03-04 16:01:00,1551715260.0,0.30231,0.30249,0.30215,0.30234,36494.7
2019-03-04 16:02:00,1551715320.0,0.30246,0.3026,0.30205,0.30222,44094.9
2019-03-04 16:03:00,1551715380.0,0.30221,0.30277,0.30208,0.30272,51214.5
2019-03-04 16:04:00,1551715440.0,0.30276,0.30319,0.30265,0.30295,19162.2
2019-03-04 16:05:00,1551715500.0,0.30295,0.30319,0.30283,0.30319,20891.6
2019-03-04 16:06:00,1551715560.0,0.30301,0.30332,0.30301,0.30332,21880.3
2019-03-04 16:07:00,1551715620.0,0.30332,0.30332,0.30324,0.3033,38099.2
2019-03-04 16:08:00,1551715680.0,0.30332,0.30371,0.30324,0.30324,45681.0
2019-03-04 16:09:00,1551715740.0,0.3033,0.30339,0.3027,0.30323,90562.7
2019-03-04 16:10:00,1551715800.0,0.30322,0.30342,0.30316,0.30333,7813.6
2019-03-04 16:11:00,1551715860.0,0.30332,0.30346,0.30323,0.3034,8624.7
2019-03-04 16:12:00,1551715920.0,0.30341,0.30361,0.3033,0.30361,22645.7
2019-03-04 16:13:00,1551715980.0,0.30359,0.30373,0.30347,0.30356,8601.4
2019-03-04 16:14:00,1551716040.0,0.30363,0.30376,0.30357,0.30371,12450.7
2019-03-04 16:15:00,1551716100.0,0.30369,0.30372,0.30367,0.30372,5430.7
2019-03-04 16:16:00,1551716160.0,0.30371,0.30372,0.30359,0.30371,8613.0
2019-03-04 16:17:00,1551716220.0,0.30364,0.3038,0.30358,0.3038,10818.1
2019-03-04 16:18:00,1551716280.0,0.30364,0.30421,0.30364,0.3042,253263.8
2019-03-04 16:19:00,1551716340.0,0.3042,0.30437,0.30405,0.30415,98926.1
2019-03-04 16:20:00,1551716400.0,0.30421,0.30446,0.3041,0.30446,50572.0
2019-03-04 16:21:00,1551716460.0,0.30446,0.30446,0.30417,0.30419,26109.4
2019-03-04 16:22:00,1551716520.0,0.30433,0.30436,0.30416,0.30427,8646.0
2019-03-04 16:23:00,1551716580.0,0.3042,0.30425,0.30404,0.30421,8910.0
2019-03-04 16:24:00,1551716640.0,0.30421,0.30442,0.30416,0.30442,16111.2
2019-03-04 16:25:00,1551716700.0,0.30447,0.30455,0.30397,0.30402,50692.6
2019-03-04 16:26:00,1551716760.0,0.30402,0.30442,0.30402,0.30421,30182.7
2019-03-04 16:27:00,1551716820.0,0.30427,0.30427,0.30399,0.304,42438.3
2019-03-04 16:28:00,1551716880.0,0.30413,0.30413,0.30383,0.30383,14025.7
2019-03-04 16:29:00,1551716940.0,0.30394,0.30395,0.30383,0.30384,7661.4
2019-03-04 16:30:00,1551717000.0,0.30395,0.30396,0.30378,0.30391,30964.3
2019-03-04 16:31:00,1551717060.0,0.30391,0.30394,0.30386,0.30388,5395.2
2019-03-04 16:32:00,1551717120.0,0.30388,0.30394,0.30357,0.30357,15766.3
2019-03-04 16:33:00,1551717180.0,0.30369,0.30387,0.30355,0.30387,27158.2
2019-03-04 16:34:00,1551717240.0,0.30376,0.30388,0.30371,0.30388,18048.5
2019-03-04 16:35:00,1551717300.0,0.3038,0.30387,0.30363,0.30363,35188.4
2019-03-04 16:36:00,1551717360.0,0.30369,0.3039,0.30366,0.30368,18750.1
2019-03-04 16:37:00,1551717420.0,0.30363,0.30383,0.30355,0.30383,25381.9
2019-03-04 16:38:00,1551717480.0,0.3037,0.30383,0.30368,0.30382,15452.4
2019-03-04 16:39:00,1551717540.0,0.30378,0.30383,0.30355,0.30383,37697.8
2019-03-04 16:40:00,1551717600.0,0.30386,0.30417,0.30386,0.30416,36215.1
2019-03-04 16:41:00,1551717660.0,0.30417,0.30431,0.30407,0.30418,17975.6
2019-03-04 16:42:00,1551717720.0,0.30405,0.30424,0.30405,0.30424,8729.4
2019-03-04 16:43:00,1551717780.0,0.30422,0.30427,0.30413,0.30425,23321.0
2019-03-04 16:44:00,1551717840.0,0.30422,0.30427,0.30414,0.30414,12028.3
2019-03-04 16:45:00,1551717900.0,0.30415,0.30426,0.30415,0.30415,19488.6
2019-03-04 16:46:00,1551717960.0,0.30426,0.30426,0.30415,0.30426,12682.9
2019-03-04 16:47:00,1551718020.0,0.30425,0.30426,0.30417,0.30421,7936.4
2019-03-04 16:48:00,1551718080.0,0.30423,0.30424,0.30415,0.30422,5850.5
2019-03-04 16:49:00,1551718140.0,0.30421,0.30442,0.30417,0.30433,62080.5
2019-03-04 16:50:00,1551718200.0,0.30433,0.30456,0.30429,0.30456,10527.7
2019-03-04 16:51:00,1551718260.0,0.30456,0.30458,0.30432,0.30432,38285.7
2019-03-04 16:52:00,1551718320.0,0.30444,0.30444,0.3043,0.30437,40567.5
2019-03-04 16:53:00,1551718380.0,0.30439,0.30446,0.3043,0.30446,23157.3
2019-03-04 16:54:00,1551718440.0,0.30446,0.30452,0.30433,0.30433,13571.6
2019-03-04 16:55:00,1551718500.0,0.30439,0.30448,0.30416,0.30426,19722.8
2019-03-04 16:56:00,1551718560.0,0.30426,0.30427,0.30399,0.30424,19897.1
2019-03-04 16:57:00,1551718620.0,0.30423,0.30423,0.30401,0.30415,43666.7
2019-03-04 16:58:00,1551718680.0,0.30418,0.30428,0.30403,0.30421,12850.9
2019-03-04 16:59:00,1551718740.0,0.30427,0.30428,0.30381,0.30391,34562.1
2019-03-04 17:00:00,1551718800.0,0.30402,0.30403,0.30378,0.30378,11920.0
2019-03-04 17:01:00,1551718860.0,0.30385,0.30393,0.30375,0.30378,10620.1
2019-03-04 17:02:00,1551718920.0,0.30378,0.30391,0.30374,0.30381,7957.3
2019-03-04 17:03:00,1551718980.0,0.30381,0.30381,0.30359,0.30373,21362.2
2019-03-04 17:04:00,1551719040.0,0.30373,0.30373,0.30358,0.30359,12830.5
2019-03-04 17:05:00,1551719100.0,0.30372,0.30403,0.30361,0.30388,40926.5
2019-03-04 17:06:00,1551719160.0,0.30409,0.30409,0.3039,0.30401,9046.0
2019-03-04 17:07:00,1551719220.0,0.304,0.30424,0.304,0.3042,24844.7
2019-03-04 17:08:00,1551719280.0,0.30429,0.30464,0.30411,0.30463,35795.8
2019-03-04 17:09:00,1551719340.0,0.30462,0.30472,0.30438,0.30464,38915.6
2019-03-04 17:10:00,1551719400.0,0.3046,0.30483,0.30459,0.30467,108677.2
2019-03-04 17:11:00,1551719460.0,0.30463,0.30469,0.30453,0.30454,19315.4
2019-03-04 17:12:00,1551719520.0,0.30453,0.30466,0.30453,0.30463,23165.8
2019-03-04 17:13:00,1551719580.0,0.30464,0.3048,0.30454,0.30477,50993.7
2019-03-04 17:14:00,1551719640.0,0.30479,0.30484,0.3046,0.30483,39311.2
2019-03-04 17:15:00,1551719700.0,0.30483,0.30483,0.30423,0.30444,203594.5
2019-03-04 17:16:00,1551719760.0,0.30422,0.30457,0.30394,0.30457,54310.2
2019-03-04 17:17:00,1551719820.0,0.3046,0.30484,0.30448,0.30484,28638.4
2019-03-04 17:18:00,1551719880.0,0.30484,0.30486,0.30464,0.30479,53348.5
2019-03-04 17:19:00,1551719940.0,0.30468,0.30483,0.30421,0.30432,17048.9
2019-03-04 17:20:00,1551720000.0,0.30433,0.30445,0.30419,0.30445,17220.8
2019-03-04 17:21:00,1551720060.0,0.30434,0.30445,0.30422,0.30445,16225.4
2019-03-04 17:22:00,1551720120.0,0.30445,0.30454,0.30433,0.30446,13303.8
2019-03-04 17:23:00,1551720180.0,0.30447,0.3045,0.30433,0.30443,9542.9
2019-03-04 17:24:00,1551720240.0,0.30437,0.30443,0.30398,0.30399,19445.6
2019-03-04 17:25:00,1551720300.0,0.304,0.3041,0.30395,0.30399,14823.4
2019-03-04 17:26:00,1551720360.0,0.3041,0.30418,0.30394,0.304,18372.2
2019-03-04 17:27:00,1551720420.0,0.304,0.3042,0.30394,0.30416,30603.1
2019-03-04 17:28:00,1551720480.0,0.30416,0.30417,0.30402,0.30417,10702.9
2019-03-04 17:29:00,1551720540.0,0.30416,0.30444,0.30416,0.30444,28694.5
2019-03-04 17:30:00,1551720600.0,0.30429,0.30452,0.30399,0.30422,41220.1
2019-03-04 17:31:00,1551720660.0,0.30432,0.30436,0.30377,0.30389,47899.7
2019-03-04 17:32:00,1551720720.0,0.30377,0.30407,0.30377,0.30393,22210.7
2019-03-04 17:33:00,1551720780.0,0.30406,0.3041,0.30361,0.3041,86475.7
2019-03-04 17:34:00,1551720840.0,0.30395,0.30422,0.30395,0.30421,16200.8
2019-03-04 17:35:00,1551720900.0,0.3042,0.30421,0.30405,0.3041,21138.1
2019-03-04 17:36:00,1551720960.0,0.3041,0.3042,0.30406,0.30416,17507.9
2019-03-04 17:37:00,1551721020.0,0.30419,0.3042,0.30407,0.3042,8748.5
2019-03-04 17:38:00,1551721080.0,0.30407,0.3043,0.30407,0.30413,14611.1
2019-03-04 17:39:00,1551721140.0,0.30425,0.30434,0.30407,0.30407,24381.0
2019-03-04 17:40:00,1551721200.0,0.30427,0.30447,0.3041,0.30447,21065.6
2019-03-04 17:41:00,1551721260.0,0.30437,0.3046,0.30436,0.3046,10641.0
2019-03-04 17:42:00,1551721320.0,0.3046,0.30478,0.3045,0.30469,66421.0
2019-03-04 17:43:00,1551721380.0,0.30464,0.30486,0.30445,0.30475,23205.6
2019-03-04 17:44:00,1551721440.0,0.30464,0.30486,0.30464,0.30481,13688.2
2019-03-04 17:45:00,1551721500.0,0.30486,0.3052,0.30479,0.30513,50291.5
2019-03-04 17:46:00,1551721560.0,0.305,0.30532,0.305,0.30532,21270.7
2019-03-04 17:47:00,1551721620.0,0.30531,0.3054,0.30516,0.3053,31396.3
2019-03-04 17:48:00,1551721680.0,0.3053,0.30544,0.30524,0.30544,23404.0
2019-03-04 17:49:00,1551721740.0,0.30537,0.30545,0.3053,0.30545,13888.5
2019-03-04 17:50:00,1551721800.0,0.30545,0.3055,0.30535,0.30537,12397.2
2019-03-04 17:51:00,1551721860.0,0.30539,0.30547,0.3053,0.30544,23841.4
2019-03-04 17:52:00,1551721920.0,0.30544,0.30547,0.30539,0.30547,8504.4
2019-03-04 17:53:00,1551721980.0,0.30546,0.3055,0.30543,0.3055,19394.4
2019-03-04 17:54:00,1551722040.0,0.3055,0.3058,0.30549,0.30549,38670.3
2019-03-04 17:55:00,1551722100.0,0.30554,0.30556,0.30539,0.30539,31082.1
2019-03-04 17:56:00,1551722160.0,0.3053,0.30542,0.30513,0.30517,22879.7
2019-03-04 17:57:00,1551722220.0,0.30518,0.3054,0.30518,0.30533,30071.1
2019-03-04 17:58:00,1551722280.0,0.30532,0.30565,0.30532,0.30556,25475.9
2019-03-04 17:59:00,1551722340.0,0.30558,0.30561,0.30463,0.30464,69446.6
2019-03-04 18:00:00,1551722400.0,0.30453,0.30489,0.30435,0.30489,98799.6
2019-03-04 18:01:00,1551722460.0,0.30488,0.30488,0.30435,0.30474,47293.8
2019-03-04 18:02:00,1551722520.0,0.30482,0.30482,0.30435,0.30447,31895.7
2019-03-04 18:03:00,1551722580.0,0.30435,0.30447,0.30392,0.30415,42954.5
2019-03-04 18:04:00,1551722640.0,0.30413,0.30428,0.30399,0.3042,48309.1
2019-03-04 18:05:00,1551722700.0,0.3043,0.30432,0.30389,0.30405,28116.8
2019-03-04 18:06:00,1551722760.0,0.30405,0.30405,0.30373,0.30375,17178.3
2019-03-04 18:07:00,1551722820.0,0.30382,0.30493,0.30374,0.30478,78677.6
2019-03-04 18:08:00,1551722880.0,0.30493,0.30495,0.3043,0.3046,51017.1
2019-03-04 18:09:00,1551722940.0,0.30448,0.3046,0.30406,0.30412,31398.5
2019-03-04 18:10:00,1551723000.0,0.30408,0.3041,0.30343,0.30361,39942.0
2019-03-04 18:11:00,1551723060.0,0.30372,0.30374,0.3034,0.30359,30749.3
2019-03-04 18:12:00,1551723120.0,0.30359,0.30386,0.30355,0.30377,24516.7
2019-03-04 18:13:00,1551723180.0,0.30375,0.30375,0.30322,0.30353,45742.3
2019-03-04 18:14:00,1551723240.0,0.30341,0.3039,0.30328,0.30374,49356.8
2019-03-04 18:15:00,1551723300.0,0.30376,0.30423,0.30375,0.30398,30654.1
2019-03-04 18:16:00,1551723360.0,0.304,0.30411,0.30395,0.30395,16168.2
2019-03-04 18:17:00,1551723420.0,0.30375,0.30384,0.30355,0.30357,25880.9
2019-03-04 18:18:00,1551723480.0,0.3037,0.30396,0.30357,0.30396,14043.0
2019-03-04 18:19:00,1551723540.0,0.30395,0.30398,0.30372,0.30382,22630.1
2019-03-04 18:20:00,1551723600.0,0.3039,0.30425,0.30382,0.30425,13824.8
2019-03-04 18:21:00,1551723660.0,0.30431,0.30437,0.30423,0.3043,16779.3
2019-03-04 18:22:00,1551723720.0,0.30429,0.30454,0.30397,0.30432,53197.3
2019-03-04 18:23:00,1551723780.0,0.3041,0.30431,0.30409,0.30416,17766.1
2019-03-04 18:24:00,1551723840.0,0.3043,0.30435,0.30412,0.30435,6737.6
2019-03-04 18:25:00,1551723900.0,0.30435,0.30439,0.30421,0.30437,27760.8
2019-03-04 18:26:00,1551723960.0,0.30437,0.30445,0.30427,0.3043,51780.4
2019-03-04 18:27:00,1551724020.0,0.3043,0.3043,0.30395,0.30418,75404.4
2019-03-04 18:28:00,1551724080.0,0.30414,0.30427,0.30383,0.30407,32512.3
2019-03-04 18:29:00,1551724140.0,0.30407,0.30408,0.30363,0.30387,44013.4
2019-03-04 18:30:00,1551724200.0,0.30373,0.30428,0.30341,0.30381,154577.3
2019-03-04 18:31:00,1551724260.0,0.30393,0.30416,0.30347,0.30415,45463.8
2019-03-04 18:32:00,1551724320.0,0.30415,0.30415,0.304,0.30402,7885.4
2019-03-04 18:33:00,1551724380.0,0.30408,0.30416,0.30392,0.30394,11419.6
2019-03-04 18:34:00,1551724440.0,0.30404,0.30416,0.30393,0.30402,11338.6
2019-03-04 18:35:00,1551724500.0,0.30415,0.3043,0.3041,0.30417,22636.3
2019-03-04 18:36:00,1551724560.0,0.30429,0.3043,0.30415,0.30428,28236.1
2019-03-04 18:37:00,1551724620.0,0.30413,0.30416,0.30392,0.30412,9317.3
2019-03-04 18:38:00,1551724680.0,0.30412,0.30417,0.30387,0.30407,4311.7
2019-03-04 18:39:00,1551724740.0,0.30407,0.30417,0.30405,0.30415,1969.7
2019-03-04 18:40:00,1551724800.0,0.30417,0.30417,0.30401,0.30415,931.9
2019-03-04 18:41:00,1551724860.0,0.30415,0.30417,0.30382,0.30402,38120.1
2019-03-04 18:42:00,1551724920.0,0.30401,0.30411,0.30394,0.30409,7888.1
2019-03-04 18:43:00,1551724980.0,0.30394,0.3043,0.30394,0.30429,21637.7
2019-03-04 18:44:00,1551725040.0,0.3043,0.3043,0.30414,0.30422,28459.3
2019-03-04 18:45:00,1551725100.0,0.30422,0.30422,0.30409,0.30417,12512.7
2019-03-04 18:46:00,1551725160.0,0.30409,0.30417,0.304,0.30414,8986.2
2019-03-04 18:47:00,1551725220.0,0.30414,0.30414,0.30403,0.30403,5023.2
2019-03-04 18:48:00,1551725280.0,0.30408,0.30412,0.30393,0.30409,34511.0
2019-03-04 18:49:00,1551725340.0,0.30412,0.30429,0.30406,0.30426,19255.9
2019-03-04 18:50:00,1551725400.0,0.30425,0.30429,0.30411,0.3042,14232.1
2019-03-04 18:51:00,1551725460.0,0.30421,0.30429,0.30417,0.30428,12345.6
2019-03-04 18:52:00,1551725520.0,0.30429,0.3043,0.30414,0.30424,11390.7
2019-03-04 18:53:00,1551725580.0,0.30428,0.3043,0.30405,0.3043,22335.5
2019-03-04 18:54:00,1551725640.0,0.30432,0.30447,0.30431,0.30447,12615.6
2019-03-04 18:55:00,1551725700.0,0.3045,0.3045,0.30434,0.30445,19203.7
2019-03-04 18:56:00,1551725760.0,0.30438,0.30445,0.30437,0.30437,26775.0
2019-03-04 18:57:00,1551725820.0,0.30432,0.30439,0.30411,0.30439,12066.1
2019-03-04 18:58:00,1551725880.0,0.30436,0.30439,0.30422,0.30434,8648.5
2019-03-04 18:59:00,1551725940.0,0.30422,0.30436,0.30421,0.30435,7917.7
2019-03-04 19:00:00,1551726000.0,0.30435,0.30442,0.30421,0.30426,41623.7
2019-03-04 19:01:00,1551726060.0,0.30431,0.30444,0.30425,0.30441,11208.8
2019-03-04 19:02:00,1551726120.0,0.30441,0.30441,0.30422,0.30426,7562.6
2019-03-04 19:03:00,1551726180.0,0.3043,0.30438,0.30429,0.30438,5751.9
2019-03-04 19:04:00,1551726240.0,0.30443,0.3045,0.30432,0.3045,8618.9
2019-03-04 19:05:00,1551726300.0,0.30449,0.30449,0.30419,0.30419,7756.6
2019-03-04 19:06:00,1551726360.0,0.30419,0.3043,0.30417,0.30425,29191.1
2019-03-04 19:07:00,1551726420.0,0.30426,0.3043,0.30422,0.30422,10401.3
2019-03-04 19:08:00,1551726480.0,0.30425,0.30428,0.3042,0.30428,2878.3
2019-03-04 19:09:00,1551726540.0,0.30428,0.30428,0.30401,0.30415,19445.7
2019-03-04 19:10:00,1551726600.0,0.30416,0.3042,0.30361,0.30395,44763.8
2019-03-04 19:11:00,1551726660.0,0.30389,0.30405,0.30376,0.3039,8613.0
2019-03-04 19:12:00,1551726720.0,0.30378,0.30387,0.30366,0.30387,10238.9
2019-03-04 19:13:00,1551726780.0,0.30386,0.30386,0.30354,0.30362,40483.3
2019-03-04 19:14:00,1551726840.0,0.30362,0.30378,0.30362,0.30369,7108.9
2019-03-04 19:15:00,1551726900.0,0.30378,0.30397,0.30378,0.30387,89099.7
2019-03-04 19:16:00,1551726960.0,0.30383,0.30395,0.30361,0.30383,10468.0
2019-03-04 19:17:00,1551727020.0,0.30386,0.30395,0.30383,0.30394,7941.0
2019-03-04 19:18:00,1551727080.0,0.3038,0.3039,0.30368,0.30378,5583.4
2019-03-04 19:19:00,1551727140.0,0.30377,0.30377,0.30361,0.30372,8616.6
2019-03-04 19:20:00,1551727200.0,0.30371,0.30372,0.30354,0.30369,6624.1
2019-03-04 19:21:00,1551727260.0,0.3037,0.3037,0.30349,0.30365,5290.7
2019-03-04 19:22:00,1551727320.0,0.30365,0.30366,0.30355,0.30364,5331.2
2019-03-04 19:23:00,1551727380.0,0.30355,0.30364,0.30306,0.30331,42427.0
2019-03-04 19:24:00,1551727440.0,0.30322,0.30332,0.30262,0.30297,354061.5
2019-03-04 19:25:00,1551727500.0,0.30284,0.30314,0.30284,0.30308,19293.5
2019-03-04 19:26:00,1551727560.0,0.30314,0.30314,0.30305,0.30308,23082.5
2019-03-04 19:27:00,1551727620.0,0.3031,0.3031,0.30291,0.30301,17817.2
2019-03-04 19:28:00,1551727680.0,0.30298,0.30298,0.30266,0.30288,18675.1
2019-03-04 19:29:00,1551727740.0,0.30288,0.30331,0.30284,0.3033,117064.8
2019-03-04 19:30:00,1551727800.0,0.30342,0.30351,0.30338,0.3035,30439.1
2019-03-04 19:31:00,1551727860.0,0.30343,0.30351,0.3034,0.3035,8562.7
2019-03-04 19:32:00,1551727920.0,0.3035,0.3035,0.30327,0.30346,19472.8
2019-03-04 19:33:00,1551727980.0,0.30344,0.30345,0.30335,0.3034,10185.9
2019-03-04 19:34:00,1551728040.0,0.30339,0.30343,0.30334,0.30343,32986.9
2019-03-04 19:35:00,1551728100.0,0.30343,0.30343,0.30306,0.30319,24358.5
2019-03-04 19:36:00,1551728160.0,0.30334,0.30335,0.30313,0.30328,11328.4
2019-03-04 19:37:00,1551728220.0,0.30327,0.30327,0.30305,0.30307,15272.2
2019-03-04 19:38:00,1551728280.0,0.30318,0.30334,0.30305,0.30308,16987.9
2019-03-04 19:39:00,1551728340.0,0.30313,0.30319,0.30303,0.30312,15827.1
2019-03-04 19:40:00,1551728400.0,0.30307,0.30314,0.3029,0.30299,18950.3
2019-03-04 19:41:00,1551728460.0,0.30302,0.30302,0.30242,0.30253,59382.3
2019-03-04 19:42:00,1551728520.0,0.30252,0.30283,0.30248,0.30283,19155.6
2019-03-04 19:43:00,1551728580.0,0.30293,0.303,0.30276,0.3029,22311.4
2019-03-04 19:44:00,1551728640.0,0.30293,0.30299,0.30264,0.30276,13780.6
2019-03-04 19:45:00,1551728700.0,0.30278,0.303,0.3026,0.30299,12814.2
2019-03-04 19:46:00,1551728760.0,0.303,0.30319,0.30289,0.30318,36822.8
2019-03-04 19:47:00,1551728820.0,0.30319,0.30332,0.30308,0.30331,7756.2
2019-03-04 19:48:00,1551728880.0,0.3033,0.30331,0.30302,0.30306,25800.5
2019-03-04 19:49:00,1551728940.0,0.30315,0.30332,0.30302,0.30327,16635.6
2019-03-04 19:50:00,1551729000.0,0.3032,0.30334,0.30316,0.30332,21234.4
2019-03-04 19:51:00,1551729060.0,0.30333,0.30351,0.30326,0.30348,44738.3
2019-03-04 19:52:00,1551729120.0,0.30351,0.30363,0.30343,0.30361,9968.8
2019-03-04 19:53:00,1551729180.0,0.30348,0.30361,0.30343,0.30343,15277.7
2019-03-04 19:54:00,1551729240.0,0.30351,0.30357,0.30324,0.30336,14501.6
2019-03-04 19:55:00,1551729300.0,0.30339,0.30346,0.30322,0.30346,16369.3
2019-03-04 19:56:00,1551729360.0,0.30339,0.30346,0.30332,0.30332,7661.6
2019-03-04 19:57:00,1551729420.0,0.30339,0.30339,0.30294,0.30306,50326.7
2019-03-04 19:58:00,1551729480.0,0.30302,0.30304,0.30288,0.30303,20788.3
2019-03-04 19:59:00,1551729540.0,0.30302,0.30327,0.30301,0.30327,36435.8
2019-03-04 20:00:00,1551729600.0,0.3031,0.3034,0.3031,0.30332,12239.9
2019-03-04 20:01:00,1551729660.0,0.30332,0.3034,0.30314,0.3034,20443.5
2019-03-04 20:02:00,1551729720.0,0.30329,0.3034,0.30296,0.30311,20455.8
2019-03-04 20:03:00,1551729780.0,0.3034,0.3034,0.30294,0.30334,16137.6
2019-03-04 20:04:00,1551729840.0,0.30334,0.3034,0.30315,0.30323,15001.4
2019-03-04 20:05:00,1551729900.0,0.30325,0.30326,0.30311,0.30326,28306.9
2019-03-04 20:06:00,1551729960.0,0.30326,0.30345,0.30326,0.30345,25061.8
2019-03-04 20:07:00,1551730020.0,0.30344,0.30345,0.30335,0.30341,5275.8
2019-03-04 20:08:00,1551730080.0,0.30344,0.30345,0.30319,0.30326,8943.4
2019-03-04 20:09:00,1551730140.0,0.30327,0.30362,0.30316,0.30362,23427.4
2019-03-04 20:10:00,1551730200.0,0.30361,0.30362,0.30341,0.30357,12913.5
2019-03-04 20:11:00,1551730260.0,0.3036,0.3036,0.30341,0.3036,7276.2
2019-03-04 20:12:00,1551730320.0,0.30361,0.30362,0.30348,0.30361,33055.3
2019-03-04 20:13:00,1551730380.0,0.30361,0.30363,0.30345,0.30363,16833.4
2019-03-04 20:14:00,1551730440.0,0.30363,0.30363,0.30348,0.30361,7083.6
2019-03-04 20:15:00,1551730500.0,0.3036,0.30365,0.30347,0.30365,74855.5
2019-03-04 20:16:00,1551730560.0,0.30365,0.30365,0.30359,0.30364,14193.9
2019-03-04 20:17:00,1551730620.0,0.30365,0.3038,0.30362,0.30379,16746.7
2019-03-04 20:18:00,1551730680.0,0.30378,0.30394,0.30365,0.30394,9310.4
2019-03-04 20:19:00,1551730740.0,0.30395,0.30395,0.30381,0.30394,10201.3
2019-03-04 20:20:00,1551730800.0,0.30388,0.30404,0.30351,0.30364,54425.5
2019-03-04 20:21:00,1551730860.0,0.30369,0.30372,0.30335,0.30372,41264.3
2019-03-04 20:22:00,1551730920.0,0.30368,0.30383,0.30365,0.30377,29254.2
2019-03-04 20:23:00,1551730980.0,0.30372,0.30377,0.30365,0.30374,5900.7
2019-03-04 20:24:00,1551731040.0,0.30367,0.30377,0.30344,0.30358,18608.6
2019-03-04 20:25:00,1551731100.0,0.30351,0.30368,0.30342,0.30365,15672.4
2019-03-04 20:26:00,1551731160.0,0.30364,0.30364,0.30325,0.30339,24038.4
2019-03-04 20:27:00,1551731220.0,0.30339,0.30348,0.30325,0.30341,17731.7
2019-03-04 20:28:00,1551731280.0,0.30341,0.30348,0.30324,0.30339,24157.3
2019-03-04 20:29:00,1551731340.0,0.30347,0.3038,0.30339,0.30362,44568.6
2019-03-04 20:30:00,1551731400.0,0.30374,0.30392,0.30354,0.30362,28426.4
2019-03-04 20:31:00,1551731460.0,0.30362,0.30375,0.30351,0.30366,7347.1
2019-03-04 20:32:00,1551731520.0,0.30364,0.30383,0.30352,0.30367,27393.7
2019-03-04 20:33:00,1551731580.0,0.30382,0.30399,0.30369,0.30391,116331.2
2019-03-04 20:34:00,1551731640.0,0.30395,0.304,0.30379,0.30385,14247.9
2019-03-04 20:35:00,1551731700.0,0.3039,0.30428,0.30385,0.30423,104583.3
2019-03-04 20:36:00,1551731760.0,0.30407,0.30409,0.30365,0.30386,24114.8
2019-03-04 20:37:00,1551731820.0,0.30404,0.3042,0.30365,0.3041,83969.2
2019-03-04 20:38:00,1551731880.0,0.30402,0.30418,0.30391,0.30418,38171.2
2019-03-04 20:39:00,1551731940.0,0.30418,0.30418,0.30396,0.30407,7434.2
2019-03-04 20:40:00,1551732000.0,0.30402,0.30428,0.30402,0.30419,9785.1
2019-03-04 20:41:00,1551732060.0,0.3042,0.3042,0.30365,0.30398,43115.1
2019-03-04 20:42:00,1551732120.0,0.30393,0.30436,0.30391,0.30432,26100.0
2019-03-04 20:43:00,1551732180.0,0.30432,0.30432,0.30383,0.30394,11285.4
2019-03-04 20:44:00,1551732240.0,0.30398,0.30403,0.30363,0.30377,13482.7
2019-03-04 20:45:00,1551732300.0,0.30364,0.30447,0.30364,0.30438,46361.8
2019-03-04 20:46:00,1551732360.0,0.30437,0.30442,0.30422,0.30441,9013.4
2019-03-04 20:47:00,1551732420.0,0.30442,0.30443,0.30362,0.30375,15779.4
2019-03-04 20:48:00,1551732480.0,0.30376,0.30402,0.30376,0.30401,3168.0
2019-03-04 20:49:00,1551732540.0,0.30403,0.30423,0.30395,0.30409,7651.1
2019-03-04 20:50:00,1551732600.0,0.3041,0.3041,0.30324,0.30337,27943.1
2019-03-04 20:51:00,1551732660.0,0.30337,0.30342,0.30304,0.30311,78086.2
2019-03-04 20:52:00,1551732720.0,0.30324,0.30326,0.30307,0.30324,36052.7
2019-03-04 20:53:00,1551732780.0,0.30311,0.30366,0.30311,0.30335,42938.2
2019-03-04 20:54:00,1551732840.0,0.30326,0.30353,0.30322,0.30339,39571.4
2019-03-04 20:55:00,1551732900.0,0.30339,0.30349,0.30312,0.30324,33434.1
2019-03-04 20:56:00,1551732960.0,0.30341,0.30341,0.30309,0.3032,29559.8
2019-03-04 20:57:00,1551733020.0,0.30324,0.30324,0.30273,0.30289,79662.1
2019-03-04 20:58:00,1551733080.0,0.30297,0.30334,0.30288,0.30302,39391.4
2019-03-04 20:59:00,1551733140.0,0.30312,0.30321,0.30296,0.30305,38143.1
2019-03-04 21:00:00,1551733200.0,0.30304,0.30324,0.30263,0.30277,64673.4
2019-03-04 21:01:00,1551733260.0,0.30272,0.30272,0.30256,0.30267,43263.6
2019-03-04 21:02:00,1551733320.0,0.30272,0.30282,0.30241,0.30279,42664.1
2019-03-04 21:03:00,1551733380.0,0.30269,0.30318,0.30269,0.30298,73677.1
2019-03-04 21:04:00,1551733440.0,0.30297,0.30311,0.30282,0.30302,27753.6
2019-03-04 21:05:00,1551733500.0,0.30303,0.30308,0.30285,0.30301,27545.2
2019-03-04 21:06:00,1551733560.0,0.30301,0.30322,0.30292,0.30306,16886.6
2019-03-04 21:07:00,1551733620.0,0.30304,0.30324,0.30294,0.30299,24106.4
2019-03-04 21:08:00,1551733680.0,0.30299,0.30309,0.30293,0.30309,22339.2
2019-03-04 21:09:00,1551733740.0,0.30301,0.30307,0.30292,0.30299,21145.7
2019-03-04 21:10:00,1551733800.0,0.30295,0.30306,0.30288,0.30292,21459.7
2019-03-04 21:11:00,1551733860.0,0.3029,0.30293,0.30259,0.30278,31996.9
2019-03-04 21:12:00,1551733920.0,0.30297,0.30297,0.30262,0.30281,5861.2
2019-03-04 21:13:00,1551733980.0,0.3026,0.30274,0.3025,0.30268,17725.2
2019-03-04 21:14:00,1551734040.0,0.3027,0.3027,0.3025,0.30267,6514.2
2019-03-04 21:15:00,1551734100.0,0.30263,0.30263,0.30242,0.30258,22468.7
2019-03-04 21:16:00,1551734160.0,0.30258,0.30262,0.30248,0.3026,20961.4
2019-03-04 21:17:00,1551734220.0,0.30251,0.30269,0.30248,0.30259,7034.7
2019-03-04 21:18:00,1551734280.0,0.30269,0.3027,0.30229,0.3023,61586.2
2019-03-04 21:19:00,1551734340.0,0.30252,0.30252,0.3023,0.30241,11992.6
2019-03-04 21:20:00,1551734400.0,0.3025,0.3025,0.30221,0.30243,24761.2
2019-03-04 21:21:00,1551734460.0,0.30243,0.30243,0.30215,0.30236,15923.4
2019-03-04 21:22:00,1551734520.0,0.30237,0.30237,0.3023,0.30236,719.2
2019-03-04 21:23:00,1551734580.0,0.30224,0.30243,0.30224,0.30243,773.1
2019-03-04 21:24:00,1551734640.0,0.30236,0.30242,0.30227,0.30235,20981.2
2019-03-04 21:25:00,1551734700.0,0.30235,0.30243,0.302,0.30219,21252.5
2019-03-04 21:26:00,1551734760.0,0.3022,0.3022,0.30206,0.30219,5438.6
2019-03-04 21:27:00,1551734820.0,0.30219,0.30222,0.30203,0.30222,11649.4
2019-03-04 21:28:00,1551734880.0,0.30222,0.30222,0.30205,0.30212,13407.7
2019-03-04 21:29:00,1551734940.0,0.30214,0.30214,0.30196,0.30213,23843.4
2019-03-04 21:30:00,1551735000.0,0.30201,0.30213,0.30187,0.30195,15075.2
2019-03-04 21:31:00,1551735060.0,0.30202,0.30214,0.30189,0.30213,8028.6
2019-03-04 21:32:00,1551735120.0,0.30201,0.30222,0.30201,0.30222,13371.5
2019-03-04 21:33:00,1551735180.0,0.30222,0.30222,0.30195,0.302,32246.2
2019-03-04 21:34:00,1551735240.0,0.30208,0.30211,0.30197,0.30199,15328.2
2019-03-04 21:35:00,1551735300.0,0.30211,0.30211,0.30194,0.30209,7561.2
2019-03-04 21:36:00,1551735360.0,0.30211,0.3022,0.302,0.30217,16474.4
2019-03-04 21:37:00,1551735420.0,0.30212,0.3022,0.30195,0.30217,17771.6
2019-03-04 21:38:00,1551735480.0,0.30204,0.30221,0.30204,0.30219,10080.5
2019-03-04 21:39:00,1551735540.0,0.30214,0.30229,0.30201,0.30215,16262.2
2019-03-04 21:40:00,1551735600.0,0.30202,0.30228,0.30202,0.30212,4813.3
2019-03-04 21:41:00,1551735660.0,0.30218,0.30218,0.30182,0.30193,24662.4
2019-03-04 21:42:00,1551735720.0,0.30191,0.30199,0.30172,0.3018,27667.3
2019-03-04 21:43:00,1551735780.0,0.30177,0.30204,0.30177,0.30199,18741.8
2019-03-04 21:44:00,1551735840.0,0.30191,0.30208,0.30177,0.30207,6676.9
2019-03-04 21:45:00,1551735900.0,0.30207,0.30208,0.30191,0.30206,6894.5
2019-03-04 21:46:00,1551735960.0,0.30207,0.30207,0.30192,0.30196,17758.9
2019-03-04 21:47:00,1551736020.0,0.30192,0.302,0.3018,0.30196,12219.4
2019-03-04 21:48:00,1551736080.0,0.30187,0.30203,0.30185,0.30201,5477.3
2019-03-04 21:49:00,1551736140.0,0.302,0.3021,0.302,0.30203,43774.9
2019-03-04 21:50:00,1551736200.0,0.30201,0.3023,0.302,0.3023,17639.1
2019-03-04 21:51:00,1551736260.0,0.30234,0.3026,0.30224,0.3026,32542.7
2019-03-04 21:52:00,1551736320.0,0.30269,0.30269,0.30246,0.3025,12123.0
2019-03-04 21:53:00,1551736380.0,0.3025,0.3026,0.3025,0.3025,44730.8
2019-03-04 21:54:00,1551736440.0,0.30257,0.30263,0.30238,0.30253,21992.9
2019-03-04 21:55:00,1551736500.0,0.30248,0.30257,0.30248,0.30251,3295.3
2019-03-04 21:56:00,1551736560.0,0.30257,0.30263,0.30251,0.30251,9255.3
2019-03-04 21:57:00,1551736620.0,0.30257,0.30257,0.30228,0.30244,8176.9
2019-03-04 21:58:00,1551736680.0,0.30244,0.30265,0.30242,0.30258,6094.6
2019-03-04 21:59:00,1551736740.0,0.3026,0.3026,0.30234,0.30237,9164.6
2019-03-04 22:00:00,1551736800.0,0.30235,0.30263,0.30221,0.30236,21405.6
2019-03-04 22:01:00,1551736860.0,0.30235,0.30248,0.30224,0.3024,4627.5
2019-03-04 22:02:00,1551736920.0,0.3024,0.30254,0.30231,0.30244,3562.6
2019-03-04 22:03:00,1551736980.0,0.30234,0.30255,0.3023,0.30236,5460.2
2019-03-04 22:04:00,1551737040.0,0.30257,0.30257,0.30201,0.30235,63651.6
2019-03-04 22:05:00,1551737100.0,0.30234,0.30237,0.30218,0.30224,7180.9
2019-03-04 22:06:00,1551737160.0,0.30224,0.30234,0.30208,0.30232,10689.6
2019-03-04 22:07:00,1551737220.0,0.30219,0.30237,0.30195,0.30205,38736.0
2019-03-04 22:08:00,1551737280.0,0.30208,0.30221,0.30158,0.30158,45635.7
2019-03-04 22:09:00,1551737340.0,0.3018,0.30198,0.30174,0.30197,25317.1
2019-03-04 22:10:00,1551737400.0,0.30196,0.30197,0.3019,0.30194,8918.8
2019-03-04 22:11:00,1551737460.0,0.30195,0.30198,0.30191,0.30197,5973.2
2019-03-04 22:12:00,1551737520.0,0.30186,0.3022,0.30186,0.30217,16164.8
2019-03-04 22:13:00,1551737580.0,0.30214,0.30226,0.30202,0.30226,10066.1
2019-03-04 22:14:00,1551737640.0,0.30219,0.30232,0.30195,0.30228,30233.5
2019-03-04 22:15:00,1551737700.0,0.30213,0.30245,0.30206,0.30236,10158.5
2019-03-04 22:16:00,1551737760.0,0.30222,0.30248,0.3021,0.30248,10180.7
2019-03-04 22:17:00,1551737820.0,0.30248,0.30248,0.30211,0.30243,20657.0
2019-03-04 22:18:00,1551737880.0,0.30234,0.30248,0.30234,0.30243,16021.7
2019-03-04 22:19:00,1551737940.0,0.30244,0.30246,0.3024,0.30246,41536.9
2019-03-04 22:20:00,1551738000.0,0.30245,0.30246,0.30231,0.30238,11035.6
2019-03-04 22:21:00,1551738060.0,0.30244,0.30246,0.30234,0.30243,22953.6
2019-03-04 22:22:00,1551738120.0,0.30242,0.30246,0.3023,0.30237,16556.6
2019-03-04 22:23:00,1551738180.0,0.30243,0.30246,0.30231,0.3024,29618.8
2019-03-04 22:24:00,1551738240.0,0.30246,0.30246,0.30231,0.30246,16432.0
2019-03-04 22:25:00,1551738300.0,0.3024,0.30246,0.30239,0.30246,27387.2
2019-03-04 22:26:00,1551738360.0,0.30242,0.30246,0.30221,0.30242,18919.6
2019-03-04 22:27:00,1551738420.0,0.30237,0.30245,0.30227,0.30245,15154.5
2019-03-04 22:28:00,1551738480.0,0.30245,0.30245,0.30229,0.30245,11193.0
2019-03-04 22:29:00,1551738540.0,0.3023,0.30253,0.30222,0.30252,45264.6
2019-03-04 22:30:00,1551738600.0,0.30252,0.30253,0.30242,0.30248,7964.9
2019-03-04 22:31:00,1551738660.0,0.30252,0.30253,0.30238,0.3025,7378.2
2019-03-04 22:32:00,1551738720.0,0.3025,0.3025,0.30228,0.30228,9266.4
2019-03-04 22:33:00,1551738780.0,0.30243,0.30243,0.30233,0.30241,5665.1
2019-03-04 22:34:00,1551738840.0,0.30241,0.30241,0.30216,0.30228,46932.0
2019-03-04 22:35:00,1551738900.0,0.30229,0.30229,0.30191,0.30192,14654.3
2019-03-04 22:36:00,1551738960.0,0.30191,0.30201,0.3016,0.30184,89401.5
2019-03-04 22:37:00,1551739020.0,0.30178,0.30188,0.30157,0.30179,8663.7
2019-03-04 22:38:00,1551739080.0,0.30173,0.30183,0.30161,0.30174,10425.7
2019-03-04 22:39:00,1551739140.0,0.30175,0.30182,0.30163,0.30163,5134.7
2019-03-04 22:40:00,1551739200.0,0.30176,0.30176,0.30163,0.30176,8293.4
2019-03-04 22:41:00,1551739260.0,0.30165,0.30182,0.30163,0.30182,20661.7
2019-03-04 22:42:00,1551739320.0,0.3019,0.30191,0.30176,0.30185,3460.7
2019-03-04 22:43:00,1551739380.0,0.3017,0.30191,0.30168,0.30175,6653.1
2019-03-04 22:44:00,1551739440.0,0.30183,0.30183,0.30168,0.30168,10217.7
2019-03-04 22:45:00,1551739500.0,0.30178,0.30211,0.30168,0.30211,22869.4
2019-03-04 22:46:00,1551739560.0,0.30197,0.3021,0.30181,0.30197,11900.4
2019-03-04 22:47:00,1551739620.0,0.30197,0.30199,0.30184,0.30191,11552.4
2019-03-04 22:48:00,1551739680.0,0.30197,0.30197,0.30168,0.30174,115833.5
2019-03-04 22:49:00,1551739740.0,0.30169,0.30187,0.30168,0.30177,10037.9
2019-03-04 22:50:00,1551739800.0,0.30179,0.30201,0.30172,0.30201,12253.3
2019-03-04 22:51:00,1551739860.0,0.30202,0.30202,0.30185,0.30196,9054.5
2019-03-04 22:52:00,1551739920.0,0.302,0.30206,0.30197,0.30203,16622.0
2019-03-04 22:53:00,1551739980.0,0.30202,0.30203,0.30174,0.30174,15231.6
2019-03-04 22:54:00,1551740040.0,0.30174,0.30177,0.30151,0.30153,31949.0
2019-03-04 22:55:00,1551740100.0,0.30152,0.30167,0.30142,0.30143,26626.2
2019-03-04 22:56:00,1551740160.0,0.30143,0.30188,0.30142,0.30176,45549.6
2019-03-04 22:57:00,1551740220.0,0.30169,0.3018,0.3016,0.30164,6452.8
2019-03-04 22:58:00,1551740280.0,0.30167,0.30179,0.30161,0.30167,19596.5
2019-03-04 22:59:00,1551740340.0,0.30163,0.30167,0.30157,0.30166,14421.6
2019-03-04 23:00:00,1551740400.0,0.30157,0.30166,0.30146,0.30156,12105.5
2019-03-04 23:01:00,1551740460.0,0.30156,0.30159,0.30144,0.30157,10360.4
2019-03-04 23:02:00,1551740520.0,0.30157,0.30157,0.30026,0.30091,358007.1
2019-03-04 23:03:00,1551740580.0,0.30082,0.30088,0.3008,0.30085,6960.0
2019-03-04 23:04:00,1551740640.0,0.3008,0.30085,0.30069,0.30069,18412.9
2019-03-04 23:05:00,1551740700.0,0.30069,0.30127,0.30069,0.30111,35345.4
2019-03-04 23:06:00,1551740760.0,0.30121,0.30155,0.30112,0.30155,21056.6
2019-03-04 23:07:00,1551740820.0,0.30143,0.30165,0.30143,0.30159,23467.6
2019-03-04 23:08:00,1551740880.0,0.30161,0.30192,0.30161,0.30181,14089.2
2019-03-04 23:09:00,1551740940.0,0.30175,0.30185,0.30171,0.30184,28904.6
2019-03-04 23:10:00,1551741000.0,0.30176,0.30201,0.30166,0.30166,31665.2
2019-03-04 23:11:00,1551741060.0,0.30153,0.30167,0.30148,0.30158,22026.0
2019-03-04 23:12:00,1551741120.0,0.30165,0.30175,0.30153,0.30161,8215.6
2019-03-04 23:13:00,1551741180.0,0.30175,0.302,0.30175,0.30196,54557.2
2019-03-04 23:14:00,1551741240.0,0.30196,0.30199,0.30165,0.3018,33638.4
2019-03-04 23:15:00,1551741300.0,0.30166,0.30173,0.30155,0.30155,8414.6
2019-03-04 23:16:00,1551741360.0,0.30153,0.30178,0.30153,0.30175,2198.1
2019-03-04 23:17:00,1551741420.0,0.30173,0.30192,0.30167,0.30167,13674.8
2019-03-04 23:18:00,1551741480.0,0.3016,0.30175,0.30159,0.30173,6696.9
2019-03-04 23:19:00,1551741540.0,0.30173,0.30183,0.30158,0.30174,53078.5
2019-03-04 23:20:00,1551741600.0,0.30178,0.30187,0.30178,0.30187,1125.0
2019-03-04 23:21:00,1551741660.0,0.30186,0.30186,0.30168,0.30185,499.2
2019-03-04 23:22:00,1551741720.0,0.30185,0.302,0.30169,0.30186,26504.9
2019-03-04 23:23:00,1551741780.0,0.30186,0.30199,0.30186,0.30199,6633.1
2019-03-04 23:24:00,1551741840.0,0.30199,0.30237,0.30189,0.30237,19908.1
2019-03-04 23:25:00,1551741900.0,0.30237,0.30237,0.3023,0.30237,12439.7
2019-03-04 23:26:00,1551741960.0,0.30245,0.30268,0.30239,0.30256,31638.7
2019-03-04 23:27:00,1551742020.0,0.30247,0.30275,0.30241,0.3026,20795.9
2019-03-04 23:28:00,1551742080.0,0.30266,0.30283,0.30259,0.30272,10368.0
2019-03-04 23:29:00,1551742140.0,0.30272,0.30272,0.30255,0.30261,13329.1
2019-03-04 23:30:00,1551742200.0,0.30271,0.30289,0.30261,0.30288,23917.3
2019-03-04 23:31:00,1551742260.0,0.30273,0.30289,0.3027,0.30279,34506.6
2019-03-04 23:32:00,1551742320.0,0.30285,0.30289,0.30246,0.30246,18962.7
2019-03-04 23:33:00,1551742380.0,0.3025,0.3025,0.30181,0.30181,43170.6
2019-03-04 23:34:00,1551742440.0,0.30191,0.30203,0.30186,0.30193,12990.3
2019-03-04 23:35:00,1551742500.0,0.30205,0.30209,0.30183,0.30209,15877.2
2019-03-04 23:36:00,1551742560.0,0.30208,0.30216,0.30197,0.30216,6383.0
2019-03-04 23:37:00,1551742620.0,0.30204,0.30221,0.30204,0.30215,26390.5
2019-03-04 23:38:00,1551742680.0,0.30219,0.30226,0.30205,0.30217,9212.2
2019-03-04 23:39:00,1551742740.0,0.30217,0.30237,0.30207,0.30226,17591.5
2019-03-04 23:40:00,1551742800.0,0.30225,0.30239,0.3022,0.30233,9318.0
2019-03-04 23:41:00,1551742860.0,0.30225,0.3024,0.30225,0.30232,19693.3
2019-03-04 23:42:00,1551742920.0,0.30239,0.30242,0.30232,0.30235,13913.0
2019-03-04 23:43:00,1551742980.0,0.30235,0.30245,0.30233,0.30234,16652.1
2019-03-04 23:44:00,1551743040.0,0.30242,0.30251,0.30234,0.30248,20011.7
2019-03-04 23:45:00,1551743100.0,0.30249,0.30263,0.30246,0.30261,11981.8
2019-03-04 23:46:00,1551743160.0,0.30254,0.3027,0.30248,0.30266,17606.8
2019-03-04 23:47:00,1551743220.0,0.3027,0.3027,0.3025,0.30259,13028.6
2019-03-04 23:48:00,1551743280.0,0.30264,0.3027,0.30237,0.3027,13673.4
2019-03-04 23:49:00,1551743340.0,0.30273,0.3029,0.3026,0.3029,28222.9
2019-03-04 23:50:00,1551743400.0,0.30292,0.30292,0.30255,0.30281,26719.6
2019-03-04 23:51:00,1551743460.0,0.30281,0.30291,0.30241,0.30242,28528.4
2019-03-04 23:52:00,1551743520.0,0.30242,0.30247,0.3022,0.30221,12059.3
2019-03-04 23:53:00,1551743580.0,0.30226,0.30235,0.3022,0.30221,14901.7
2019-03-04 23:54:00,1551743640.0,0.30234,0.30238,0.30221,0.30233,11598.2
2019-03-04 23:55:00,1551743700.0,0.30238,0.30238,0.30221,0.30221,9315.2
2019-03-04 23:56:00,1551743760.0,0.30236,0.30247,0.30222,0.3024,12568.4
2019-03-04 23:57:00,1551743820.0,0.30247,0.3025,0.30228,0.30239,15301.3
2019-03-04 23:58:00,1551743880.0,0.30224,0.3025,0.30224,0.30246,15524.6
2019-03-04 23:59:00,1551743940.0,0.30245,0.30245,0.30196,0.30207,39595.7
